table,holder,field,value,as_of,source_file,sheet
peer_company_statistics,Grupo Bimbo (BMV:BIMBO A),Stock Price (Mex$),55.41,2026-10-06,"filings/capitaliq/OwnerShip/OwnerShip CrossHoldings/SPGlobal_GrupoBimbo,S.A.B.deC.V._OwnershipCrossholdings_06-Oct-2026.xlsx",Ownership Crossholdings
peer_company_statistics,Grupo Bimbo (BMV:BIMBO A),Market Capitalization (Mex$M),238057.108353,2026-10-06,"filings/capitaliq/OwnerShip/OwnerShip CrossHoldings/SPGlobal_GrupoBimbo,S.A.B.deC.V._OwnershipCrossholdings_06-Oct-2026.xlsx",Ownership Crossholdings
peer_company_statistics,Grupo Bimbo (BMV:BIMBO A),Shares Outstanding,4296284215,2026-10-06,"filings/capitaliq/OwnerShip/OwnerShip CrossHoldings/SPGlobal_GrupoBimbo,S.A.B.deC.V._OwnershipCrossholdings_06-Oct-2026.xlsx",Ownership Crossholdings
peer_company_statistics,Grupo Bimbo (BMV:BIMBO A),Total Float,NA,2026-10-06,"filings/capitaliq/OwnerShip/OwnerShip CrossHoldings/SPGlobal_GrupoBimbo,S.A.B.deC.V._OwnershipCrossholdings_06-Oct-2026.xlsx",Ownership Crossholdings
peer_company_statistics,Grupo Bimbo (BMV:BIMBO A),Float (%),NA,2026-10-06,"filings/capitaliq/OwnerShip/OwnerShip CrossHoldings/SPGlobal_GrupoBimbo,S.A.B.deC.V._OwnershipCrossholdings_06-Oct-2026.xlsx",Ownership Crossholdings
peer_company_statistics,Grupo Bimbo (BMV:BIMBO A),Inst Ownership  (%),5.49,2026-10-06,"filings/capitaliq/OwnerShip/OwnerShip CrossHoldings/SPGlobal_GrupoBimbo,S.A.B.deC.V._OwnershipCrossholdings_06-Oct-2026.xlsx",Ownership Crossholdings
peer_company_statistics,Grupo Bimbo (BMV:BIMBO A),Total Positions (Holders),96,2026-10-06,"filings/capitaliq/OwnerShip/OwnerShip CrossHoldings/SPGlobal_GrupoBimbo,S.A.B.deC.V._OwnershipCrossholdings_06-Oct-2026.xlsx",Ownership Crossholdings
peer_company_statistics,Grupo Bimbo (BMV:BIMBO A),Total Positions (Shares),234500224,2026-10-06,"filings/capitaliq/OwnerShip/OwnerShip CrossHoldings/SPGlobal_GrupoBimbo,S.A.B.deC.V._OwnershipCrossholdings_06-Oct-2026.xlsx",Ownership Crossholdings
holders,BlackRock Inc. (BLK-US),MI Key,4048287,2026-10-06,"filings/capitaliq/OwnerShip/OwnerShip CrossHoldings/SPGlobal_GrupoBimbo,S.A.B.deC.V._OwnershipCrossholdings_06-Oct-2026.xlsx",Ownership Crossholdings
holders,BlackRock Inc. (BLK-US),Total,104120971,2026-10-06,"filings/capitaliq/OwnerShip/OwnerShip CrossHoldings/SPGlobal_GrupoBimbo,S.A.B.deC.V._OwnershipCrossholdings_06-Oct-2026.xlsx",Ownership Crossholdings
holders,BlackRock Inc. (BLK-US),"Grupo Bimbo, S.A.B. de C.V. (BMV:BIMBO A)",104120971,2026-10-06,"filings/capitaliq/OwnerShip/OwnerShip CrossHoldings/SPGlobal_GrupoBimbo,S.A.B.deC.V._OwnershipCrossholdings_06-Oct-2026.xlsx",Ownership Crossholdings
holders,BlackRock Inc. (BLK-US),Owner Type,Traditional Investment Managers,2026-10-06,"filings/capitaliq/OwnerShip/OwnerShip CrossHoldings/SPGlobal_GrupoBimbo,S.A.B.deC.V._OwnershipCrossholdings_06-Oct-2026.xlsx",Ownership Crossholdings
holders,BlackRock Inc. (BLK-US),Investment Orientation,Passive,2026-10-06,"filings/capitaliq/OwnerShip/OwnerShip CrossHoldings/SPGlobal_GrupoBimbo,S.A.B.deC.V._OwnershipCrossholdings_06-Oct-2026.xlsx",Ownership Crossholdings
holders,BlackRock Inc. (BLK-US),Calculated Investment Style,Growth,2026-10-06,"filings/capitaliq/OwnerShip/OwnerShip CrossHoldings/SPGlobal_GrupoBimbo,S.A.B.deC.V._OwnershipCrossholdings_06-Oct-2026.xlsx",Ownership Crossholdings
holders,BlackRock Inc. (BLK-US),"City, State","New York, NY",2026-10-06,"filings/capitaliq/OwnerShip/OwnerShip CrossHoldings/SPGlobal_GrupoBimbo,S.A.B.deC.V._OwnershipCrossholdings_06-Oct-2026.xlsx",Ownership Crossholdings
holders,BlackRock Inc. (BLK-US),Country,USA,2026-10-06,"filings/capitaliq/OwnerShip/OwnerShip CrossHoldings/SPGlobal_GrupoBimbo,S.A.B.deC.V._OwnershipCrossholdings_06-Oct-2026.xlsx",Ownership Crossholdings
holders,BlackRock Inc. (BLK-US),Portfolio Turnover Category,Very Low,2026-10-06,"filings/capitaliq/OwnerShip/OwnerShip CrossHoldings/SPGlobal_GrupoBimbo,S.A.B.deC.V._OwnershipCrossholdings_06-Oct-2026.xlsx",Ownership Crossholdings
holders,BlackRock Inc. (BLK-US),Portfolio Turnover (%),6.4683,2026-10-06,"filings/capitaliq/OwnerShip/OwnerShip CrossHoldings/SPGlobal_GrupoBimbo,S.A.B.deC.V._OwnershipCrossholdings_06-Oct-2026.xlsx",Ownership Crossholdings
holders,BlackRock Inc. (BLK-US),Equity Assets  (Mex$M),147445386.221574,2026-10-06,"filings/capitaliq/OwnerShip/OwnerShip CrossHoldings/SPGlobal_GrupoBimbo,S.A.B.deC.V._OwnershipCrossholdings_06-Oct-2026.xlsx",Ownership Crossholdings
holders,BlackRock Inc. (BLK-US),Equity Assets in Primary Industry (CIQ/GICS) (Mex$M),829214.764308,2026-10-06,"filings/capitaliq/OwnerShip/OwnerShip CrossHoldings/SPGlobal_GrupoBimbo,S.A.B.deC.V._OwnershipCrossholdings_06-Oct-2026.xlsx",Ownership Crossholdings
holders,BlackRock Inc. (BLK-US),Institution is an Activist?,No,2026-10-06,"filings/capitaliq/OwnerShip/OwnerShip CrossHoldings/SPGlobal_GrupoBimbo,S.A.B.deC.V._OwnershipCrossholdings_06-Oct-2026.xlsx",Ownership Crossholdings
holders,Vanguard Capital Management LLC,MI Key,137764443,2026-10-06,"filings/capitaliq/OwnerShip/OwnerShip CrossHoldings/SPGlobal_GrupoBimbo,S.A.B.deC.V._OwnershipCrossholdings_06-Oct-2026.xlsx",Ownership Crossholdings
holders,Vanguard Capital Management LLC,Total,50654024,2026-10-06,"filings/capitaliq/OwnerShip/OwnerShip CrossHoldings/SPGlobal_GrupoBimbo,S.A.B.deC.V._OwnershipCrossholdings_06-Oct-2026.xlsx",Ownership Crossholdings
holders,Vanguard Capital Management LLC,"Grupo Bimbo, S.A.B. de C.V. (BMV:BIMBO A)",50654024,2026-10-06,"filings/capitaliq/OwnerShip/OwnerShip CrossHoldings/SPGlobal_GrupoBimbo,S.A.B.deC.V._OwnershipCrossholdings_06-Oct-2026.xlsx",Ownership Crossholdings
holders,Vanguard Capital Management LLC,Owner Type,Traditional Investment Managers,2026-10-06,"filings/capitaliq/OwnerShip/OwnerShip CrossHoldings/SPGlobal_GrupoBimbo,S.A.B.deC.V._OwnershipCrossholdings_06-Oct-2026.xlsx",Ownership Crossholdings
holders,Vanguard Capital Management LLC,Calculated Investment Style,Growth,2026-10-06,"filings/capitaliq/OwnerShip/OwnerShip CrossHoldings/SPGlobal_GrupoBimbo,S.A.B.deC.V._OwnershipCrossholdings_06-Oct-2026.xlsx",Ownership Crossholdings
holders,Vanguard Capital Management LLC,"City, State","Malvern, PA",2026-10-06,"filings/capitaliq/OwnerShip/OwnerShip CrossHoldings/SPGlobal_GrupoBimbo,S.A.B.deC.V._OwnershipCrossholdings_06-Oct-2026.xlsx",Ownership Crossholdings
holders,Vanguard Capital Management LLC,Country,USA,2026-10-06,"filings/capitaliq/OwnerShip/OwnerShip CrossHoldings/SPGlobal_GrupoBimbo,S.A.B.deC.V._OwnershipCrossholdings_06-Oct-2026.xlsx",Ownership Crossholdings
holders,Vanguard Capital Management LLC,Equity Assets  (Mex$M),115394779.861277,2026-10-06,"filings/capitaliq/OwnerShip/OwnerShip CrossHoldings/SPGlobal_GrupoBimbo,S.A.B.deC.V._OwnershipCrossholdings_06-Oct-2026.xlsx",Ownership Crossholdings
holders,Vanguard Capital Management LLC,Equity Assets in Primary Industry (CIQ/GICS) (Mex$M),644769.985125,2026-10-06,"filings/capitaliq/OwnerShip/OwnerShip CrossHoldings/SPGlobal_GrupoBimbo,S.A.B.deC.V._OwnershipCrossholdings_06-Oct-2026.xlsx",Ownership Crossholdings
holders,Vanguard Capital Management LLC,Institution is an Activist?,No,2026-10-06,"filings/capitaliq/OwnerShip/OwnerShip CrossHoldings/SPGlobal_GrupoBimbo,S.A.B.deC.V._OwnershipCrossholdings_06-Oct-2026.xlsx",Ownership Crossholdings
holders,Dimensional Fund Advisors LP,MI Key,111289,2026-10-06,"filings/capitaliq/OwnerShip/OwnerShip CrossHoldings/SPGlobal_GrupoBimbo,S.A.B.deC.V._OwnershipCrossholdings_06-Oct-2026.xlsx",Ownership Crossholdings
holders,Dimensional Fund Advisors LP,Total,11755209,2026-10-06,"filings/capitaliq/OwnerShip/OwnerShip CrossHoldings/SPGlobal_GrupoBimbo,S.A.B.deC.V._OwnershipCrossholdings_06-Oct-2026.xlsx",Ownership Crossholdings
holders,Dimensional Fund Advisors LP,"Grupo Bimbo, S.A.B. de C.V. (BMV:BIMBO A)",11755209,2026-10-06,"filings/capitaliq/OwnerShip/OwnerShip CrossHoldings/SPGlobal_GrupoBimbo,S.A.B.deC.V._OwnershipCrossholdings_06-Oct-2026.xlsx",Ownership Crossholdings
holders,Dimensional Fund Advisors LP,Owner Type,Traditional Investment Managers,2026-10-06,"filings/capitaliq/OwnerShip/OwnerShip CrossHoldings/SPGlobal_GrupoBimbo,S.A.B.deC.V._OwnershipCrossholdings_06-Oct-2026.xlsx",Ownership Crossholdings
holders,Dimensional Fund Advisors LP,Investment Orientation,Active,2026-10-06,"filings/capitaliq/OwnerShip/OwnerShip CrossHoldings/SPGlobal_GrupoBimbo,S.A.B.deC.V._OwnershipCrossholdings_06-Oct-2026.xlsx",Ownership Crossholdings
holders,Dimensional Fund Advisors LP,Calculated Investment Style,Growth,2026-10-06,"filings/capitaliq/OwnerShip/OwnerShip CrossHoldings/SPGlobal_GrupoBimbo,S.A.B.deC.V._OwnershipCrossholdings_06-Oct-2026.xlsx",Ownership Crossholdings
holders,Dimensional Fund Advisors LP,"City, State","Austin, TX",2026-10-06,"filings/capitaliq/OwnerShip/OwnerShip CrossHoldings/SPGlobal_GrupoBimbo,S.A.B.deC.V._OwnershipCrossholdings_06-Oct-2026.xlsx",Ownership Crossholdings
holders,Dimensional Fund Advisors LP,Country,USA,2026-10-06,"filings/capitaliq/OwnerShip/OwnerShip CrossHoldings/SPGlobal_GrupoBimbo,S.A.B.deC.V._OwnershipCrossholdings_06-Oct-2026.xlsx",Ownership Crossholdings
holders,Dimensional Fund Advisors LP,Portfolio Turnover Category,Very Low,2026-10-06,"filings/capitaliq/OwnerShip/OwnerShip CrossHoldings/SPGlobal_GrupoBimbo,S.A.B.deC.V._OwnershipCrossholdings_06-Oct-2026.xlsx",Ownership Crossholdings
holders,Dimensional Fund Advisors LP,Portfolio Turnover (%),9.7395,2026-10-06,"filings/capitaliq/OwnerShip/OwnerShip CrossHoldings/SPGlobal_GrupoBimbo,S.A.B.deC.V._OwnershipCrossholdings_06-Oct-2026.xlsx",Ownership Crossholdings
holders,Dimensional Fund Advisors LP,Equity Assets  (Mex$M),14161762.36258,2026-10-06,"filings/capitaliq/OwnerShip/OwnerShip CrossHoldings/SPGlobal_GrupoBimbo,S.A.B.deC.V._OwnershipCrossholdings_06-Oct-2026.xlsx",Ownership Crossholdings
holders,Dimensional Fund Advisors LP,Equity Assets in Primary Industry (CIQ/GICS) (Mex$M),146862.28290299998,2026-10-06,"filings/capitaliq/OwnerShip/OwnerShip CrossHoldings/SPGlobal_GrupoBimbo,S.A.B.deC.V._OwnershipCrossholdings_06-Oct-2026.xlsx",Ownership Crossholdings
holders,Dimensional Fund Advisors LP,Institution is an Activist?,No,2026-10-06,"filings/capitaliq/OwnerShip/OwnerShip CrossHoldings/SPGlobal_GrupoBimbo,S.A.B.deC.V._OwnershipCrossholdings_06-Oct-2026.xlsx",Ownership Crossholdings
holders,Geode Capital Management LLC,MI Key,4119759,2026-10-06,"filings/capitaliq/OwnerShip/OwnerShip CrossHoldings/SPGlobal_GrupoBimbo,S.A.B.deC.V._OwnershipCrossholdings_06-Oct-2026.xlsx",Ownership Crossholdings
holders,Geode Capital Management LLC,Total,6721307,2026-10-06,"filings/capitaliq/OwnerShip/OwnerShip CrossHoldings/SPGlobal_GrupoBimbo,S.A.B.deC.V._OwnershipCrossholdings_06-Oct-2026.xlsx",Ownership Crossholdings
holders,Geode Capital Management LLC,"Grupo Bimbo, S.A.B. de C.V. (BMV:BIMBO A)",6721307,2026-10-06,"filings/capitaliq/OwnerShip/OwnerShip CrossHoldings/SPGlobal_GrupoBimbo,S.A.B.deC.V._OwnershipCrossholdings_06-Oct-2026.xlsx",Ownership Crossholdings
holders,Geode Capital Management LLC,Owner Type,Traditional Investment Managers,2026-10-06,"filings/capitaliq/OwnerShip/OwnerShip CrossHoldings/SPGlobal_GrupoBimbo,S.A.B.deC.V._OwnershipCrossholdings_06-Oct-2026.xlsx",Ownership Crossholdings
holders,Geode Capital Management LLC,Investment Orientation,Passive,2026-10-06,"filings/capitaliq/OwnerShip/OwnerShip CrossHoldings/SPGlobal_GrupoBimbo,S.A.B.deC.V._OwnershipCrossholdings_06-Oct-2026.xlsx",Ownership Crossholdings
holders,Geode Capital Management LLC,Calculated Investment Style,Growth,2026-10-06,"filings/capitaliq/OwnerShip/OwnerShip CrossHoldings/SPGlobal_GrupoBimbo,S.A.B.deC.V._OwnershipCrossholdings_06-Oct-2026.xlsx",Ownership Crossholdings
holders,Geode Capital Management LLC,"City, State","Boston, MA",2026-10-06,"filings/capitaliq/OwnerShip/OwnerShip CrossHoldings/SPGlobal_GrupoBimbo,S.A.B.deC.V._OwnershipCrossholdings_06-Oct-2026.xlsx",Ownership Crossholdings
holders,Geode Capital Management LLC,Country,USA,2026-10-06,"filings/capitaliq/OwnerShip/OwnerShip CrossHoldings/SPGlobal_GrupoBimbo,S.A.B.deC.V._OwnershipCrossholdings_06-Oct-2026.xlsx",Ownership Crossholdings
holders,Geode Capital Management LLC,Portfolio Turnover Category,Very Low,2026-10-06,"filings/capitaliq/OwnerShip/OwnerShip CrossHoldings/SPGlobal_GrupoBimbo,S.A.B.deC.V._OwnershipCrossholdings_06-Oct-2026.xlsx",Ownership Crossholdings
holders,Geode Capital Management LLC,Portfolio Turnover (%),4.5831,2026-10-06,"filings/capitaliq/OwnerShip/OwnerShip CrossHoldings/SPGlobal_GrupoBimbo,S.A.B.deC.V._OwnershipCrossholdings_06-Oct-2026.xlsx",Ownership Crossholdings
holders,Geode Capital Management LLC,Equity Assets  (Mex$M),38370179.115687996,2026-10-06,"filings/capitaliq/OwnerShip/OwnerShip CrossHoldings/SPGlobal_GrupoBimbo,S.A.B.deC.V._OwnershipCrossholdings_06-Oct-2026.xlsx",Ownership Crossholdings
holders,Geode Capital Management LLC,Equity Assets in Primary Industry (CIQ/GICS) (Mex$M),180934.671778,2026-10-06,"filings/capitaliq/OwnerShip/OwnerShip CrossHoldings/SPGlobal_GrupoBimbo,S.A.B.deC.V._OwnershipCrossholdings_06-Oct-2026.xlsx",Ownership Crossholdings
holders,Geode Capital Management LLC,Institution is an Activist?,No,2026-10-06,"filings/capitaliq/OwnerShip/OwnerShip CrossHoldings/SPGlobal_GrupoBimbo,S.A.B.deC.V._OwnershipCrossholdings_06-Oct-2026.xlsx",Ownership Crossholdings
holders,Charles Schwab Investment Management Inc.,MI Key,4048695,2026-10-06,"filings/capitaliq/OwnerShip/OwnerShip CrossHoldings/SPGlobal_GrupoBimbo,S.A.B.deC.V._OwnershipCrossholdings_06-Oct-2026.xlsx",Ownership Crossholdings
holders,Charles Schwab Investment Management Inc.,Total,5233843,2026-10-06,"filings/capitaliq/OwnerShip/OwnerShip CrossHoldings/SPGlobal_GrupoBimbo,S.A.B.deC.V._OwnershipCrossholdings_06-Oct-2026.xlsx",Ownership Crossholdings
holders,Charles Schwab Investment Management Inc.,"Grupo Bimbo, S.A.B. de C.V. (BMV:BIMBO A)",5233843,2026-10-06,"filings/capitaliq/OwnerShip/OwnerShip CrossHoldings/SPGlobal_GrupoBimbo,S.A.B.deC.V._OwnershipCrossholdings_06-Oct-2026.xlsx",Ownership Crossholdings
holders,Charles Schwab Investment Management Inc.,Owner Type,Traditional Investment Managers,2026-10-06,"filings/capitaliq/OwnerShip/OwnerShip CrossHoldings/SPGlobal_GrupoBimbo,S.A.B.deC.V._OwnershipCrossholdings_06-Oct-2026.xlsx",Ownership Crossholdings
holders,Charles Schwab Investment Management Inc.,Investment Orientation,Passive,2026-10-06,"filings/capitaliq/OwnerShip/OwnerShip CrossHoldings/SPGlobal_GrupoBimbo,S.A.B.deC.V._OwnershipCrossholdings_06-Oct-2026.xlsx",Ownership Crossholdings
holders,Charles Schwab Investment Management Inc.,Calculated Investment Style,Growth,2026-10-06,"filings/capitaliq/OwnerShip/OwnerShip CrossHoldings/SPGlobal_GrupoBimbo,S.A.B.deC.V._OwnershipCrossholdings_06-Oct-2026.xlsx",Ownership Crossholdings
holders,Charles Schwab Investment Management Inc.,"City, State","San Francisco, CA",2026-10-06,"filings/capitaliq/OwnerShip/OwnerShip CrossHoldings/SPGlobal_GrupoBimbo,S.A.B.deC.V._OwnershipCrossholdings_06-Oct-2026.xlsx",Ownership Crossholdings
holders,Charles Schwab Investment Management Inc.,Country,USA,2026-10-06,"filings/capitaliq/OwnerShip/OwnerShip CrossHoldings/SPGlobal_GrupoBimbo,S.A.B.deC.V._OwnershipCrossholdings_06-Oct-2026.xlsx",Ownership Crossholdings
holders,Charles Schwab Investment Management Inc.,Portfolio Turnover Category,Very Low,2026-10-06,"filings/capitaliq/OwnerShip/OwnerShip CrossHoldings/SPGlobal_GrupoBimbo,S.A.B.deC.V._OwnershipCrossholdings_06-Oct-2026.xlsx",Ownership Crossholdings
holders,Charles Schwab Investment Management Inc.,Portfolio Turnover (%),9.1199,2026-10-06,"filings/capitaliq/OwnerShip/OwnerShip CrossHoldings/SPGlobal_GrupoBimbo,S.A.B.deC.V._OwnershipCrossholdings_06-Oct-2026.xlsx",Ownership Crossholdings
holders,Charles Schwab Investment Management Inc.,Equity Assets  (Mex$M),14087929.000733,2026-10-06,"filings/capitaliq/OwnerShip/OwnerShip CrossHoldings/SPGlobal_GrupoBimbo,S.A.B.deC.V._OwnershipCrossholdings_06-Oct-2026.xlsx",Ownership Crossholdings
holders,Charles Schwab Investment Management Inc.,Equity Assets in Primary Industry (CIQ/GICS) (Mex$M),87727.170139,2026-10-06,"filings/capitaliq/OwnerShip/OwnerShip CrossHoldings/SPGlobal_GrupoBimbo,S.A.B.deC.V._OwnershipCrossholdings_06-Oct-2026.xlsx",Ownership Crossholdings
holders,Charles Schwab Investment Management Inc.,Institution is an Activist?,No,2026-10-06,"filings/capitaliq/OwnerShip/OwnerShip CrossHoldings/SPGlobal_GrupoBimbo,S.A.B.deC.V._OwnershipCrossholdings_06-Oct-2026.xlsx",Ownership Crossholdings
holders,Deutsche Asset & Wealth Management,MI Key,111219,2026-10-06,"filings/capitaliq/OwnerShip/OwnerShip CrossHoldings/SPGlobal_GrupoBimbo,S.A.B.deC.V._OwnershipCrossholdings_06-Oct-2026.xlsx",Ownership Crossholdings
holders,Deutsche Asset & Wealth Management,Total,5018549,2026-10-06,"filings/capitaliq/OwnerShip/OwnerShip CrossHoldings/SPGlobal_GrupoBimbo,S.A.B.deC.V._OwnershipCrossholdings_06-Oct-2026.xlsx",Ownership Crossholdings
holders,Deutsche Asset & Wealth Management,"Grupo Bimbo, S.A.B. de C.V. (BMV:BIMBO A)",5018549,2026-10-06,"filings/capitaliq/OwnerShip/OwnerShip CrossHoldings/SPGlobal_GrupoBimbo,S.A.B.deC.V._OwnershipCrossholdings_06-Oct-2026.xlsx",Ownership Crossholdings
holders,Deutsche Asset & Wealth Management,Owner Type,Traditional Investment Managers,2026-10-06,"filings/capitaliq/OwnerShip/OwnerShip CrossHoldings/SPGlobal_GrupoBimbo,S.A.B.deC.V._OwnershipCrossholdings_06-Oct-2026.xlsx",Ownership Crossholdings
holders,Deutsche Asset & Wealth Management,Investment Orientation,Active,2026-10-06,"filings/capitaliq/OwnerShip/OwnerShip CrossHoldings/SPGlobal_GrupoBimbo,S.A.B.deC.V._OwnershipCrossholdings_06-Oct-2026.xlsx",Ownership Crossholdings
holders,Deutsche Asset & Wealth Management,Calculated Investment Style,Growth,2026-10-06,"filings/capitaliq/OwnerShip/OwnerShip CrossHoldings/SPGlobal_GrupoBimbo,S.A.B.deC.V._OwnershipCrossholdings_06-Oct-2026.xlsx",Ownership Crossholdings
holders,Deutsche Asset & Wealth Management,"City, State","New York, NY",2026-10-06,"filings/capitaliq/OwnerShip/OwnerShip CrossHoldings/SPGlobal_GrupoBimbo,S.A.B.deC.V._OwnershipCrossholdings_06-Oct-2026.xlsx",Ownership Crossholdings
holders,Deutsche Asset & Wealth Management,Country,USA,2026-10-06,"filings/capitaliq/OwnerShip/OwnerShip CrossHoldings/SPGlobal_GrupoBimbo,S.A.B.deC.V._OwnershipCrossholdings_06-Oct-2026.xlsx",Ownership Crossholdings
holders,Deutsche Asset & Wealth Management,Portfolio Turnover Category,Very Low,2026-10-06,"filings/capitaliq/OwnerShip/OwnerShip CrossHoldings/SPGlobal_GrupoBimbo,S.A.B.deC.V._OwnershipCrossholdings_06-Oct-2026.xlsx",Ownership Crossholdings
holders,Deutsche Asset & Wealth Management,Portfolio Turnover (%),18.5436,2026-10-06,"filings/capitaliq/OwnerShip/OwnerShip CrossHoldings/SPGlobal_GrupoBimbo,S.A.B.deC.V._OwnershipCrossholdings_06-Oct-2026.xlsx",Ownership Crossholdings
holders,Deutsche Asset & Wealth Management,Equity Assets  (Mex$M),7594195.442981,2026-10-06,"filings/capitaliq/OwnerShip/OwnerShip CrossHoldings/SPGlobal_GrupoBimbo,S.A.B.deC.V._OwnershipCrossholdings_06-Oct-2026.xlsx",Ownership Crossholdings
holders,Deutsche Asset & Wealth Management,Equity Assets in Primary Industry (CIQ/GICS) (Mex$M),79994.332551,2026-10-06,"filings/capitaliq/OwnerShip/OwnerShip CrossHoldings/SPGlobal_GrupoBimbo,S.A.B.deC.V._OwnershipCrossholdings_06-Oct-2026.xlsx",Ownership Crossholdings
holders,Deutsche Asset & Wealth Management,Institution is an Activist?,No,2026-10-06,"filings/capitaliq/OwnerShip/OwnerShip CrossHoldings/SPGlobal_GrupoBimbo,S.A.B.deC.V._OwnershipCrossholdings_06-Oct-2026.xlsx",Ownership Crossholdings
holders,State Street Investment Management,MI Key,110652,2026-10-06,"filings/capitaliq/OwnerShip/OwnerShip CrossHoldings/SPGlobal_GrupoBimbo,S.A.B.deC.V._OwnershipCrossholdings_06-Oct-2026.xlsx",Ownership Crossholdings
holders,State Street Investment Management,Total,4424954,2026-10-06,"filings/capitaliq/OwnerShip/OwnerShip CrossHoldings/SPGlobal_GrupoBimbo,S.A.B.deC.V._OwnershipCrossholdings_06-Oct-2026.xlsx",Ownership Crossholdings
holders,State Street Investment Management,"Grupo Bimbo, S.A.B. de C.V. (BMV:BIMBO A)",4424954,2026-10-06,"filings/capitaliq/OwnerShip/OwnerShip CrossHoldings/SPGlobal_GrupoBimbo,S.A.B.deC.V._OwnershipCrossholdings_06-Oct-2026.xlsx",Ownership Crossholdings
holders,State Street Investment Management,Owner Type,Traditional Investment Managers,2026-10-06,"filings/capitaliq/OwnerShip/OwnerShip CrossHoldings/SPGlobal_GrupoBimbo,S.A.B.deC.V._OwnershipCrossholdings_06-Oct-2026.xlsx",Ownership Crossholdings
holders,State Street Investment Management,Investment Orientation,Passive,2026-10-06,"filings/capitaliq/OwnerShip/OwnerShip CrossHoldings/SPGlobal_GrupoBimbo,S.A.B.deC.V._OwnershipCrossholdings_06-Oct-2026.xlsx",Ownership Crossholdings
holders,State Street Investment Management,Calculated Investment Style,Growth,2026-10-06,"filings/capitaliq/OwnerShip/OwnerShip CrossHoldings/SPGlobal_GrupoBimbo,S.A.B.deC.V._OwnershipCrossholdings_06-Oct-2026.xlsx",Ownership Crossholdings
holders,State Street Investment Management,"City, State","Boston, MA",2026-10-06,"filings/capitaliq/OwnerShip/OwnerShip CrossHoldings/SPGlobal_GrupoBimbo,S.A.B.deC.V._OwnershipCrossholdings_06-Oct-2026.xlsx",Ownership Crossholdings
holders,State Street Investment Management,Country,USA,2026-10-06,"filings/capitaliq/OwnerShip/OwnerShip CrossHoldings/SPGlobal_GrupoBimbo,S.A.B.deC.V._OwnershipCrossholdings_06-Oct-2026.xlsx",Ownership Crossholdings
holders,State Street Investment Management,Portfolio Turnover Category,Very Low,2026-10-06,"filings/capitaliq/OwnerShip/OwnerShip CrossHoldings/SPGlobal_GrupoBimbo,S.A.B.deC.V._OwnershipCrossholdings_06-Oct-2026.xlsx",Ownership Crossholdings
holders,State Street Investment Management,Portfolio Turnover (%),3.7016,2026-10-06,"filings/capitaliq/OwnerShip/OwnerShip CrossHoldings/SPGlobal_GrupoBimbo,S.A.B.deC.V._OwnershipCrossholdings_06-Oct-2026.xlsx",Ownership Crossholdings
holders,State Street Investment Management,Equity Assets  (Mex$M),66776476.791310996,2026-10-06,"filings/capitaliq/OwnerShip/OwnerShip CrossHoldings/SPGlobal_GrupoBimbo,S.A.B.deC.V._OwnershipCrossholdings_06-Oct-2026.xlsx",Ownership Crossholdings
holders,State Street Investment Management,Equity Assets in Primary Industry (CIQ/GICS) (Mex$M),255015.996165,2026-10-06,"filings/capitaliq/OwnerShip/OwnerShip CrossHoldings/SPGlobal_GrupoBimbo,S.A.B.deC.V._OwnershipCrossholdings_06-Oct-2026.xlsx",Ownership Crossholdings
holders,State Street Investment Management,Institution is an Activist?,No,2026-10-06,"filings/capitaliq/OwnerShip/OwnerShip CrossHoldings/SPGlobal_GrupoBimbo,S.A.B.deC.V._OwnershipCrossholdings_06-Oct-2026.xlsx",Ownership Crossholdings
holders,GAMCO Investors Inc. (GAMI-US),MI Key,4018163,2026-10-06,"filings/capitaliq/OwnerShip/OwnerShip CrossHoldings/SPGlobal_GrupoBimbo,S.A.B.deC.V._OwnershipCrossholdings_06-Oct-2026.xlsx",Ownership Crossholdings
holders,GAMCO Investors Inc. (GAMI-US),Total,4190000,2026-10-06,"filings/capitaliq/OwnerShip/OwnerShip CrossHoldings/SPGlobal_GrupoBimbo,S.A.B.deC.V._OwnershipCrossholdings_06-Oct-2026.xlsx",Ownership Crossholdings
holders,GAMCO Investors Inc. (GAMI-US),"Grupo Bimbo, S.A.B. de C.V. (BMV:BIMBO A)",4190000,2026-10-06,"filings/capitaliq/OwnerShip/OwnerShip CrossHoldings/SPGlobal_GrupoBimbo,S.A.B.deC.V._OwnershipCrossholdings_06-Oct-2026.xlsx",Ownership Crossholdings
holders,GAMCO Investors Inc. (GAMI-US),Owner Type,Traditional Investment Managers,2026-10-06,"filings/capitaliq/OwnerShip/OwnerShip CrossHoldings/SPGlobal_GrupoBimbo,S.A.B.deC.V._OwnershipCrossholdings_06-Oct-2026.xlsx",Ownership Crossholdings
holders,GAMCO Investors Inc. (GAMI-US),Investment Orientation,Active,2026-10-06,"filings/capitaliq/OwnerShip/OwnerShip CrossHoldings/SPGlobal_GrupoBimbo,S.A.B.deC.V._OwnershipCrossholdings_06-Oct-2026.xlsx",Ownership Crossholdings
holders,GAMCO Investors Inc. (GAMI-US),Calculated Investment Style,Growth,2026-10-06,"filings/capitaliq/OwnerShip/OwnerShip CrossHoldings/SPGlobal_GrupoBimbo,S.A.B.deC.V._OwnershipCrossholdings_06-Oct-2026.xlsx",Ownership Crossholdings
holders,GAMCO Investors Inc. (GAMI-US),"City, State","Palm Beach, FL",2026-10-06,"filings/capitaliq/OwnerShip/OwnerShip CrossHoldings/SPGlobal_GrupoBimbo,S.A.B.deC.V._OwnershipCrossholdings_06-Oct-2026.xlsx",Ownership Crossholdings
holders,GAMCO Investors Inc. (GAMI-US),Country,USA,2026-10-06,"filings/capitaliq/OwnerShip/OwnerShip CrossHoldings/SPGlobal_GrupoBimbo,S.A.B.deC.V._OwnershipCrossholdings_06-Oct-2026.xlsx",Ownership Crossholdings
holders,GAMCO Investors Inc. (GAMI-US),Portfolio Turnover Category,Very Low,2026-10-06,"filings/capitaliq/OwnerShip/OwnerShip CrossHoldings/SPGlobal_GrupoBimbo,S.A.B.deC.V._OwnershipCrossholdings_06-Oct-2026.xlsx",Ownership Crossholdings
holders,GAMCO Investors Inc. (GAMI-US),Portfolio Turnover (%),10.9006,2026-10-06,"filings/capitaliq/OwnerShip/OwnerShip CrossHoldings/SPGlobal_GrupoBimbo,S.A.B.deC.V._OwnershipCrossholdings_06-Oct-2026.xlsx",Ownership Crossholdings
holders,GAMCO Investors Inc. (GAMI-US),Equity Assets  (Mex$M),474653.84709399997,2026-10-06,"filings/capitaliq/OwnerShip/OwnerShip CrossHoldings/SPGlobal_GrupoBimbo,S.A.B.deC.V._OwnershipCrossholdings_06-Oct-2026.xlsx",Ownership Crossholdings
holders,GAMCO Investors Inc. (GAMI-US),Equity Assets in Primary Industry (CIQ/GICS) (Mex$M),6128.627764,2026-10-06,"filings/capitaliq/OwnerShip/OwnerShip CrossHoldings/SPGlobal_GrupoBimbo,S.A.B.deC.V._OwnershipCrossholdings_06-Oct-2026.xlsx",Ownership Crossholdings
holders,GAMCO Investors Inc. (GAMI-US),Institution is an Activist?,Yes,2026-10-06,"filings/capitaliq/OwnerShip/OwnerShip CrossHoldings/SPGlobal_GrupoBimbo,S.A.B.deC.V._OwnershipCrossholdings_06-Oct-2026.xlsx",Ownership Crossholdings
holders,UBS Asset Management AG,MI Key,4674815,2026-10-06,"filings/capitaliq/OwnerShip/OwnerShip CrossHoldings/SPGlobal_GrupoBimbo,S.A.B.deC.V._OwnershipCrossholdings_06-Oct-2026.xlsx",Ownership Crossholdings
holders,UBS Asset Management AG,Total,4118618,2026-10-06,"filings/capitaliq/OwnerShip/OwnerShip CrossHoldings/SPGlobal_GrupoBimbo,S.A.B.deC.V._OwnershipCrossholdings_06-Oct-2026.xlsx",Ownership Crossholdings
holders,UBS Asset Management AG,"Grupo Bimbo, S.A.B. de C.V. (BMV:BIMBO A)",4118618,2026-10-06,"filings/capitaliq/OwnerShip/OwnerShip CrossHoldings/SPGlobal_GrupoBimbo,S.A.B.deC.V._OwnershipCrossholdings_06-Oct-2026.xlsx",Ownership Crossholdings
holders,UBS Asset Management AG,Owner Type,Traditional Investment Managers,2026-10-06,"filings/capitaliq/OwnerShip/OwnerShip CrossHoldings/SPGlobal_GrupoBimbo,S.A.B.deC.V._OwnershipCrossholdings_06-Oct-2026.xlsx",Ownership Crossholdings
holders,UBS Asset Management AG,Investment Orientation,Active,2026-10-06,"filings/capitaliq/OwnerShip/OwnerShip CrossHoldings/SPGlobal_GrupoBimbo,S.A.B.deC.V._OwnershipCrossholdings_06-Oct-2026.xlsx",Ownership Crossholdings
holders,UBS Asset Management AG,Calculated Investment Style,Growth,2026-10-06,"filings/capitaliq/OwnerShip/OwnerShip CrossHoldings/SPGlobal_GrupoBimbo,S.A.B.deC.V._OwnershipCrossholdings_06-Oct-2026.xlsx",Ownership Crossholdings
holders,UBS Asset Management AG,"City, State",Zurich,2026-10-06,"filings/capitaliq/OwnerShip/OwnerShip CrossHoldings/SPGlobal_GrupoBimbo,S.A.B.deC.V._OwnershipCrossholdings_06-Oct-2026.xlsx",Ownership Crossholdings
holders,UBS Asset Management AG,Country,Switzerland,2026-10-06,"filings/capitaliq/OwnerShip/OwnerShip CrossHoldings/SPGlobal_GrupoBimbo,S.A.B.deC.V._OwnershipCrossholdings_06-Oct-2026.xlsx",Ownership Crossholdings
holders,UBS Asset Management AG,Portfolio Turnover Category,Low,2026-10-06,"filings/capitaliq/OwnerShip/OwnerShip CrossHoldings/SPGlobal_GrupoBimbo,S.A.B.deC.V._OwnershipCrossholdings_06-Oct-2026.xlsx",Ownership Crossholdings
holders,UBS Asset Management AG,Portfolio Turnover (%),20.225,2026-10-06,"filings/capitaliq/OwnerShip/OwnerShip CrossHoldings/SPGlobal_GrupoBimbo,S.A.B.deC.V._OwnershipCrossholdings_06-Oct-2026.xlsx",Ownership Crossholdings
holders,UBS Asset Management AG,Equity Assets  (Mex$M),24035969.228152,2026-10-06,"filings/capitaliq/OwnerShip/OwnerShip CrossHoldings/SPGlobal_GrupoBimbo,S.A.B.deC.V._OwnershipCrossholdings_06-Oct-2026.xlsx",Ownership Crossholdings
holders,UBS Asset Management AG,Equity Assets in Primary Industry (CIQ/GICS) (Mex$M),348117.12546799995,2026-10-06,"filings/capitaliq/OwnerShip/OwnerShip CrossHoldings/SPGlobal_GrupoBimbo,S.A.B.deC.V._OwnershipCrossholdings_06-Oct-2026.xlsx",Ownership Crossholdings
holders,UBS Asset Management AG,Institution is an Activist?,No,2026-10-06,"filings/capitaliq/OwnerShip/OwnerShip CrossHoldings/SPGlobal_GrupoBimbo,S.A.B.deC.V._OwnershipCrossholdings_06-Oct-2026.xlsx",Ownership Crossholdings
holders,Amundi Asset Management SAS,MI Key,4026948,2026-10-06,"filings/capitaliq/OwnerShip/OwnerShip CrossHoldings/SPGlobal_GrupoBimbo,S.A.B.deC.V._OwnershipCrossholdings_06-Oct-2026.xlsx",Ownership Crossholdings
holders,Amundi Asset Management SAS,Total,3825490,2026-10-06,"filings/capitaliq/OwnerShip/OwnerShip CrossHoldings/SPGlobal_GrupoBimbo,S.A.B.deC.V._OwnershipCrossholdings_06-Oct-2026.xlsx",Ownership Crossholdings
holders,Amundi Asset Management SAS,"Grupo Bimbo, S.A.B. de C.V. (BMV:BIMBO A)",3825490,2026-10-06,"filings/capitaliq/OwnerShip/OwnerShip CrossHoldings/SPGlobal_GrupoBimbo,S.A.B.deC.V._OwnershipCrossholdings_06-Oct-2026.xlsx",Ownership Crossholdings
holders,Amundi Asset Management SAS,Owner Type,Traditional Investment Managers,2026-10-06,"filings/capitaliq/OwnerShip/OwnerShip CrossHoldings/SPGlobal_GrupoBimbo,S.A.B.deC.V._OwnershipCrossholdings_06-Oct-2026.xlsx",Ownership Crossholdings
holders,Amundi Asset Management SAS,Investment Orientation,Active,2026-10-06,"filings/capitaliq/OwnerShip/OwnerShip CrossHoldings/SPGlobal_GrupoBimbo,S.A.B.deC.V._OwnershipCrossholdings_06-Oct-2026.xlsx",Ownership Crossholdings
holders,Amundi Asset Management SAS,Calculated Investment Style,Growth,2026-10-06,"filings/capitaliq/OwnerShip/OwnerShip CrossHoldings/SPGlobal_GrupoBimbo,S.A.B.deC.V._OwnershipCrossholdings_06-Oct-2026.xlsx",Ownership Crossholdings
holders,Amundi Asset Management SAS,"City, State",Paris,2026-10-06,"filings/capitaliq/OwnerShip/OwnerShip CrossHoldings/SPGlobal_GrupoBimbo,S.A.B.deC.V._OwnershipCrossholdings_06-Oct-2026.xlsx",Ownership Crossholdings
holders,Amundi Asset Management SAS,Country,France,2026-10-06,"filings/capitaliq/OwnerShip/OwnerShip CrossHoldings/SPGlobal_GrupoBimbo,S.A.B.deC.V._OwnershipCrossholdings_06-Oct-2026.xlsx",Ownership Crossholdings
holders,Amundi Asset Management SAS,Portfolio Turnover Category,Low,2026-10-06,"filings/capitaliq/OwnerShip/OwnerShip CrossHoldings/SPGlobal_GrupoBimbo,S.A.B.deC.V._OwnershipCrossholdings_06-Oct-2026.xlsx",Ownership Crossholdings
holders,Amundi Asset Management SAS,Portfolio Turnover (%),21.034,2026-10-06,"filings/capitaliq/OwnerShip/OwnerShip CrossHoldings/SPGlobal_GrupoBimbo,S.A.B.deC.V._OwnershipCrossholdings_06-Oct-2026.xlsx",Ownership Crossholdings
holders,Amundi Asset Management SAS,Equity Assets  (Mex$M),12140323.581455998,2026-10-06,"filings/capitaliq/OwnerShip/OwnerShip CrossHoldings/SPGlobal_GrupoBimbo,S.A.B.deC.V._OwnershipCrossholdings_06-Oct-2026.xlsx",Ownership Crossholdings
holders,Amundi Asset Management SAS,Equity Assets in Primary Industry (CIQ/GICS) (Mex$M),75640.613461,2026-10-06,"filings/capitaliq/OwnerShip/OwnerShip CrossHoldings/SPGlobal_GrupoBimbo,S.A.B.deC.V._OwnershipCrossholdings_06-Oct-2026.xlsx",Ownership Crossholdings
holders,Amundi Asset Management SAS,Institution is an Activist?,No,2026-10-06,"filings/capitaliq/OwnerShip/OwnerShip CrossHoldings/SPGlobal_GrupoBimbo,S.A.B.deC.V._OwnershipCrossholdings_06-Oct-2026.xlsx",Ownership Crossholdings
holders,Sjunde AP-fonden,MI Key,4140101,2026-10-06,"filings/capitaliq/OwnerShip/OwnerShip CrossHoldings/SPGlobal_GrupoBimbo,S.A.B.deC.V._OwnershipCrossholdings_06-Oct-2026.xlsx",Ownership Crossholdings
holders,Sjunde AP-fonden,Total,2965481,2026-10-06,"filings/capitaliq/OwnerShip/OwnerShip CrossHoldings/SPGlobal_GrupoBimbo,S.A.B.deC.V._OwnershipCrossholdings_06-Oct-2026.xlsx",Ownership Crossholdings
holders,Sjunde AP-fonden,"Grupo Bimbo, S.A.B. de C.V. (BMV:BIMBO A)",2965481,2026-10-06,"filings/capitaliq/OwnerShip/OwnerShip CrossHoldings/SPGlobal_GrupoBimbo,S.A.B.deC.V._OwnershipCrossholdings_06-Oct-2026.xlsx",Ownership Crossholdings
holders,Sjunde AP-fonden,Owner Type,Government Pension Sponsors,2026-10-06,"filings/capitaliq/OwnerShip/OwnerShip CrossHoldings/SPGlobal_GrupoBimbo,S.A.B.deC.V._OwnershipCrossholdings_06-Oct-2026.xlsx",Ownership Crossholdings
holders,Sjunde AP-fonden,Investment Orientation,Active,2026-10-06,"filings/capitaliq/OwnerShip/OwnerShip CrossHoldings/SPGlobal_GrupoBimbo,S.A.B.deC.V._OwnershipCrossholdings_06-Oct-2026.xlsx",Ownership Crossholdings
holders,Sjunde AP-fonden,Calculated Investment Style,Growth,2026-10-06,"filings/capitaliq/OwnerShip/OwnerShip CrossHoldings/SPGlobal_GrupoBimbo,S.A.B.deC.V._OwnershipCrossholdings_06-Oct-2026.xlsx",Ownership Crossholdings
holders,Sjunde AP-fonden,"City, State",Stockholm,2026-10-06,"filings/capitaliq/OwnerShip/OwnerShip CrossHoldings/SPGlobal_GrupoBimbo,S.A.B.deC.V._OwnershipCrossholdings_06-Oct-2026.xlsx",Ownership Crossholdings
holders,Sjunde AP-fonden,Country,Sweden,2026-10-06,"filings/capitaliq/OwnerShip/OwnerShip CrossHoldings/SPGlobal_GrupoBimbo,S.A.B.deC.V._OwnershipCrossholdings_06-Oct-2026.xlsx",Ownership Crossholdings
holders,Sjunde AP-fonden,Portfolio Turnover Category,Very Low,2026-10-06,"filings/capitaliq/OwnerShip/OwnerShip CrossHoldings/SPGlobal_GrupoBimbo,S.A.B.deC.V._OwnershipCrossholdings_06-Oct-2026.xlsx",Ownership Crossholdings
holders,Sjunde AP-fonden,Portfolio Turnover (%),5.4729,2026-10-06,"filings/capitaliq/OwnerShip/OwnerShip CrossHoldings/SPGlobal_GrupoBimbo,S.A.B.deC.V._OwnershipCrossholdings_06-Oct-2026.xlsx",Ownership Crossholdings
holders,Sjunde AP-fonden,Equity Assets  (Mex$M),2487933.582554,2026-10-06,"filings/capitaliq/OwnerShip/OwnerShip CrossHoldings/SPGlobal_GrupoBimbo,S.A.B.deC.V._OwnershipCrossholdings_06-Oct-2026.xlsx",Ownership Crossholdings
holders,Sjunde AP-fonden,Equity Assets in Primary Industry (CIQ/GICS) (Mex$M),17051.197968,2026-10-06,"filings/capitaliq/OwnerShip/OwnerShip CrossHoldings/SPGlobal_GrupoBimbo,S.A.B.deC.V._OwnershipCrossholdings_06-Oct-2026.xlsx",Ownership Crossholdings
holders,Sjunde AP-fonden,Institution is an Activist?,No,2026-10-06,"filings/capitaliq/OwnerShip/OwnerShip CrossHoldings/SPGlobal_GrupoBimbo,S.A.B.deC.V._OwnershipCrossholdings_06-Oct-2026.xlsx",Ownership Crossholdings
holders,Vanguard Asset Management Ltd.,MI Key,4723508,2026-10-06,"filings/capitaliq/OwnerShip/OwnerShip CrossHoldings/SPGlobal_GrupoBimbo,S.A.B.deC.V._OwnershipCrossholdings_06-Oct-2026.xlsx",Ownership Crossholdings
holders,Vanguard Asset Management Ltd.,Total,2469107,2026-10-06,"filings/capitaliq/OwnerShip/OwnerShip CrossHoldings/SPGlobal_GrupoBimbo,S.A.B.deC.V._OwnershipCrossholdings_06-Oct-2026.xlsx",Ownership Crossholdings
holders,Vanguard Asset Management Ltd.,"Grupo Bimbo, S.A.B. de C.V. (BMV:BIMBO A)",2469107,2026-10-06,"filings/capitaliq/OwnerShip/OwnerShip CrossHoldings/SPGlobal_GrupoBimbo,S.A.B.deC.V._OwnershipCrossholdings_06-Oct-2026.xlsx",Ownership Crossholdings
holders,Vanguard Asset Management Ltd.,Owner Type,Traditional Investment Managers,2026-10-06,"filings/capitaliq/OwnerShip/OwnerShip CrossHoldings/SPGlobal_GrupoBimbo,S.A.B.deC.V._OwnershipCrossholdings_06-Oct-2026.xlsx",Ownership Crossholdings
holders,Vanguard Asset Management Ltd.,Investment Orientation,Active,2026-10-06,"filings/capitaliq/OwnerShip/OwnerShip CrossHoldings/SPGlobal_GrupoBimbo,S.A.B.deC.V._OwnershipCrossholdings_06-Oct-2026.xlsx",Ownership Crossholdings
holders,Vanguard Asset Management Ltd.,Calculated Investment Style,Growth,2026-10-06,"filings/capitaliq/OwnerShip/OwnerShip CrossHoldings/SPGlobal_GrupoBimbo,S.A.B.deC.V._OwnershipCrossholdings_06-Oct-2026.xlsx",Ownership Crossholdings
holders,Vanguard Asset Management Ltd.,"City, State",London,2026-10-06,"filings/capitaliq/OwnerShip/OwnerShip CrossHoldings/SPGlobal_GrupoBimbo,S.A.B.deC.V._OwnershipCrossholdings_06-Oct-2026.xlsx",Ownership Crossholdings
holders,Vanguard Asset Management Ltd.,Country,United Kingdom,2026-10-06,"filings/capitaliq/OwnerShip/OwnerShip CrossHoldings/SPGlobal_GrupoBimbo,S.A.B.deC.V._OwnershipCrossholdings_06-Oct-2026.xlsx",Ownership Crossholdings
holders,Vanguard Asset Management Ltd.,Portfolio Turnover Category,Very Low,2026-10-06,"filings/capitaliq/OwnerShip/OwnerShip CrossHoldings/SPGlobal_GrupoBimbo,S.A.B.deC.V._OwnershipCrossholdings_06-Oct-2026.xlsx",Ownership Crossholdings
holders,Vanguard Asset Management Ltd.,Portfolio Turnover (%),3.8409,2026-10-06,"filings/capitaliq/OwnerShip/OwnerShip CrossHoldings/SPGlobal_GrupoBimbo,S.A.B.deC.V._OwnershipCrossholdings_06-Oct-2026.xlsx",Ownership Crossholdings
holders,Vanguard Asset Management Ltd.,Equity Assets  (Mex$M),4988409.577556999,2026-10-06,"filings/capitaliq/OwnerShip/OwnerShip CrossHoldings/SPGlobal_GrupoBimbo,S.A.B.deC.V._OwnershipCrossholdings_06-Oct-2026.xlsx",Ownership Crossholdings
holders,Vanguard Asset Management Ltd.,Equity Assets in Primary Industry (CIQ/GICS) (Mex$M),46609.410834,2026-10-06,"filings/capitaliq/OwnerShip/OwnerShip CrossHoldings/SPGlobal_GrupoBimbo,S.A.B.deC.V._OwnershipCrossholdings_06-Oct-2026.xlsx",Ownership Crossholdings
holders,Vanguard Asset Management Ltd.,Institution is an Activist?,No,2026-10-06,"filings/capitaliq/OwnerShip/OwnerShip CrossHoldings/SPGlobal_GrupoBimbo,S.A.B.deC.V._OwnershipCrossholdings_06-Oct-2026.xlsx",Ownership Crossholdings
holders,Canada Pension Plan Investment Board,MI Key,4153483,2026-10-06,"filings/capitaliq/OwnerShip/OwnerShip CrossHoldings/SPGlobal_GrupoBimbo,S.A.B.deC.V._OwnershipCrossholdings_06-Oct-2026.xlsx",Ownership Crossholdings
holders,Canada Pension Plan Investment Board,Total,2244000,2026-10-06,"filings/capitaliq/OwnerShip/OwnerShip CrossHoldings/SPGlobal_GrupoBimbo,S.A.B.deC.V._OwnershipCrossholdings_06-Oct-2026.xlsx",Ownership Crossholdings
holders,Canada Pension Plan Investment Board,"Grupo Bimbo, S.A.B. de C.V. (BMV:BIMBO A)",2244000,2026-10-06,"filings/capitaliq/OwnerShip/OwnerShip CrossHoldings/SPGlobal_GrupoBimbo,S.A.B.deC.V._OwnershipCrossholdings_06-Oct-2026.xlsx",Ownership Crossholdings
holders,Canada Pension Plan Investment Board,Owner Type,Government Pension Sponsors,2026-10-06,"filings/capitaliq/OwnerShip/OwnerShip CrossHoldings/SPGlobal_GrupoBimbo,S.A.B.deC.V._OwnershipCrossholdings_06-Oct-2026.xlsx",Ownership Crossholdings
holders,Canada Pension Plan Investment Board,Investment Orientation,Active,2026-10-06,"filings/capitaliq/OwnerShip/OwnerShip CrossHoldings/SPGlobal_GrupoBimbo,S.A.B.deC.V._OwnershipCrossholdings_06-Oct-2026.xlsx",Ownership Crossholdings
holders,Canada Pension Plan Investment Board,Calculated Investment Style,Growth,2026-10-06,"filings/capitaliq/OwnerShip/OwnerShip CrossHoldings/SPGlobal_GrupoBimbo,S.A.B.deC.V._OwnershipCrossholdings_06-Oct-2026.xlsx",Ownership Crossholdings
holders,Canada Pension Plan Investment Board,"City, State","Toronto, ON",2026-10-06,"filings/capitaliq/OwnerShip/OwnerShip CrossHoldings/SPGlobal_GrupoBimbo,S.A.B.deC.V._OwnershipCrossholdings_06-Oct-2026.xlsx",Ownership Crossholdings
holders,Canada Pension Plan Investment Board,Country,Canada,2026-10-06,"filings/capitaliq/OwnerShip/OwnerShip CrossHoldings/SPGlobal_GrupoBimbo,S.A.B.deC.V._OwnershipCrossholdings_06-Oct-2026.xlsx",Ownership Crossholdings
holders,Canada Pension Plan Investment Board,Portfolio Turnover Category,Low,2026-10-06,"filings/capitaliq/OwnerShip/OwnerShip CrossHoldings/SPGlobal_GrupoBimbo,S.A.B.deC.V._OwnershipCrossholdings_06-Oct-2026.xlsx",Ownership Crossholdings
holders,Canada Pension Plan Investment Board,Portfolio Turnover (%),36.1368,2026-10-06,"filings/capitaliq/OwnerShip/OwnerShip CrossHoldings/SPGlobal_GrupoBimbo,S.A.B.deC.V._OwnershipCrossholdings_06-Oct-2026.xlsx",Ownership Crossholdings
holders,Canada Pension Plan Investment Board,Equity Assets  (Mex$M),4321496.53761,2026-10-06,"filings/capitaliq/OwnerShip/OwnerShip CrossHoldings/SPGlobal_GrupoBimbo,S.A.B.deC.V._OwnershipCrossholdings_06-Oct-2026.xlsx",Ownership Crossholdings
holders,Canada Pension Plan Investment Board,Equity Assets in Primary Industry (CIQ/GICS) (Mex$M),25029.123168,2026-10-06,"filings/capitaliq/OwnerShip/OwnerShip CrossHoldings/SPGlobal_GrupoBimbo,S.A.B.deC.V._OwnershipCrossholdings_06-Oct-2026.xlsx",Ownership Crossholdings
holders,Canada Pension Plan Investment Board,Institution is an Activist?,No,2026-10-06,"filings/capitaliq/OwnerShip/OwnerShip CrossHoldings/SPGlobal_GrupoBimbo,S.A.B.deC.V._OwnershipCrossholdings_06-Oct-2026.xlsx",Ownership Crossholdings
holders,Northern Trust Global Investments,MI Key,4272373,2026-10-06,"filings/capitaliq/OwnerShip/OwnerShip CrossHoldings/SPGlobal_GrupoBimbo,S.A.B.deC.V._OwnershipCrossholdings_06-Oct-2026.xlsx",Ownership Crossholdings
holders,Northern Trust Global Investments,Total,2196471,2026-10-06,"filings/capitaliq/OwnerShip/OwnerShip CrossHoldings/SPGlobal_GrupoBimbo,S.A.B.deC.V._OwnershipCrossholdings_06-Oct-2026.xlsx",Ownership Crossholdings
holders,Northern Trust Global Investments,"Grupo Bimbo, S.A.B. de C.V. (BMV:BIMBO A)",2196471,2026-10-06,"filings/capitaliq/OwnerShip/OwnerShip CrossHoldings/SPGlobal_GrupoBimbo,S.A.B.deC.V._OwnershipCrossholdings_06-Oct-2026.xlsx",Ownership Crossholdings
holders,Northern Trust Global Investments,Owner Type,Traditional Investment Managers,2026-10-06,"filings/capitaliq/OwnerShip/OwnerShip CrossHoldings/SPGlobal_GrupoBimbo,S.A.B.deC.V._OwnershipCrossholdings_06-Oct-2026.xlsx",Ownership Crossholdings
holders,Northern Trust Global Investments,Investment Orientation,Active,2026-10-06,"filings/capitaliq/OwnerShip/OwnerShip CrossHoldings/SPGlobal_GrupoBimbo,S.A.B.deC.V._OwnershipCrossholdings_06-Oct-2026.xlsx",Ownership Crossholdings
holders,Northern Trust Global Investments,Calculated Investment Style,Growth,2026-10-06,"filings/capitaliq/OwnerShip/OwnerShip CrossHoldings/SPGlobal_GrupoBimbo,S.A.B.deC.V._OwnershipCrossholdings_06-Oct-2026.xlsx",Ownership Crossholdings
holders,Northern Trust Global Investments,Country,United Kingdom,2026-10-06,"filings/capitaliq/OwnerShip/OwnerShip CrossHoldings/SPGlobal_GrupoBimbo,S.A.B.deC.V._OwnershipCrossholdings_06-Oct-2026.xlsx",Ownership Crossholdings
holders,Northern Trust Global Investments,Portfolio Turnover Category,Very Low,2026-10-06,"filings/capitaliq/OwnerShip/OwnerShip CrossHoldings/SPGlobal_GrupoBimbo,S.A.B.deC.V._OwnershipCrossholdings_06-Oct-2026.xlsx",Ownership Crossholdings
holders,Northern Trust Global Investments,Portfolio Turnover (%),4.6433,2026-10-06,"filings/capitaliq/OwnerShip/OwnerShip CrossHoldings/SPGlobal_GrupoBimbo,S.A.B.deC.V._OwnershipCrossholdings_06-Oct-2026.xlsx",Ownership Crossholdings
holders,Northern Trust Global Investments,Equity Assets  (Mex$M),15128740.801719999,2026-10-06,"filings/capitaliq/OwnerShip/OwnerShip CrossHoldings/SPGlobal_GrupoBimbo,S.A.B.deC.V._OwnershipCrossholdings_06-Oct-2026.xlsx",Ownership Crossholdings
holders,Northern Trust Global Investments,Equity Assets in Primary Industry (CIQ/GICS) (Mex$M),60910.380804,2026-10-06,"filings/capitaliq/OwnerShip/OwnerShip CrossHoldings/SPGlobal_GrupoBimbo,S.A.B.deC.V._OwnershipCrossholdings_06-Oct-2026.xlsx",Ownership Crossholdings
holders,Northern Trust Global Investments,Institution is an Activist?,No,2026-10-06,"filings/capitaliq/OwnerShip/OwnerShip CrossHoldings/SPGlobal_GrupoBimbo,S.A.B.deC.V._OwnershipCrossholdings_06-Oct-2026.xlsx",Ownership Crossholdings
holders,VIGM S.A. De C.V. Asesor En Inversiones Independiente,MI Key,15139885,2026-10-06,"filings/capitaliq/OwnerShip/OwnerShip CrossHoldings/SPGlobal_GrupoBimbo,S.A.B.deC.V._OwnershipCrossholdings_06-Oct-2026.xlsx",Ownership Crossholdings
holders,VIGM S.A. De C.V. Asesor En Inversiones Independiente,Total,2085760,2026-10-06,"filings/capitaliq/OwnerShip/OwnerShip CrossHoldings/SPGlobal_GrupoBimbo,S.A.B.deC.V._OwnershipCrossholdings_06-Oct-2026.xlsx",Ownership Crossholdings
holders,VIGM S.A. De C.V. Asesor En Inversiones Independiente,"Grupo Bimbo, S.A.B. de C.V. (BMV:BIMBO A)",2085760,2026-10-06,"filings/capitaliq/OwnerShip/OwnerShip CrossHoldings/SPGlobal_GrupoBimbo,S.A.B.deC.V._OwnershipCrossholdings_06-Oct-2026.xlsx",Ownership Crossholdings
holders,VIGM S.A. De C.V. Asesor En Inversiones Independiente,Owner Type,Traditional Investment Managers,2026-10-06,"filings/capitaliq/OwnerShip/OwnerShip CrossHoldings/SPGlobal_GrupoBimbo,S.A.B.deC.V._OwnershipCrossholdings_06-Oct-2026.xlsx",Ownership Crossholdings
holders,VIGM S.A. De C.V. Asesor En Inversiones Independiente,Investment Orientation,Active,2026-10-06,"filings/capitaliq/OwnerShip/OwnerShip CrossHoldings/SPGlobal_GrupoBimbo,S.A.B.deC.V._OwnershipCrossholdings_06-Oct-2026.xlsx",Ownership Crossholdings
holders,VIGM S.A. De C.V. Asesor En Inversiones Independiente,Calculated Investment Style,Growth,2026-10-06,"filings/capitaliq/OwnerShip/OwnerShip CrossHoldings/SPGlobal_GrupoBimbo,S.A.B.deC.V._OwnershipCrossholdings_06-Oct-2026.xlsx",Ownership Crossholdings
holders,VIGM S.A. De C.V. Asesor En Inversiones Independiente,"City, State","Ciudad De Mexico, DF",2026-10-06,"filings/capitaliq/OwnerShip/OwnerShip CrossHoldings/SPGlobal_GrupoBimbo,S.A.B.deC.V._OwnershipCrossholdings_06-Oct-2026.xlsx",Ownership Crossholdings
holders,VIGM S.A. De C.V. Asesor En Inversiones Independiente,Country,Mexico,2026-10-06,"filings/capitaliq/OwnerShip/OwnerShip CrossHoldings/SPGlobal_GrupoBimbo,S.A.B.deC.V._OwnershipCrossholdings_06-Oct-2026.xlsx",Ownership Crossholdings
holders,VIGM S.A. De C.V. Asesor En Inversiones Independiente,Portfolio Turnover Category,Very Low,2026-10-06,"filings/capitaliq/OwnerShip/OwnerShip CrossHoldings/SPGlobal_GrupoBimbo,S.A.B.deC.V._OwnershipCrossholdings_06-Oct-2026.xlsx",Ownership Crossholdings
holders,VIGM S.A. De C.V. Asesor En Inversiones Independiente,Portfolio Turnover (%),4.6721,2026-10-06,"filings/capitaliq/OwnerShip/OwnerShip CrossHoldings/SPGlobal_GrupoBimbo,S.A.B.deC.V._OwnershipCrossholdings_06-Oct-2026.xlsx",Ownership Crossholdings
holders,VIGM S.A. De C.V. Asesor En Inversiones Independiente,Equity Assets  (Mex$M),7027.042764,2026-10-06,"filings/capitaliq/OwnerShip/OwnerShip CrossHoldings/SPGlobal_GrupoBimbo,S.A.B.deC.V._OwnershipCrossholdings_06-Oct-2026.xlsx",Ownership Crossholdings
holders,VIGM S.A. De C.V. Asesor En Inversiones Independiente,Equity Assets in Primary Industry (CIQ/GICS) (Mex$M),254.251445,2026-10-06,"filings/capitaliq/OwnerShip/OwnerShip CrossHoldings/SPGlobal_GrupoBimbo,S.A.B.deC.V._OwnershipCrossholdings_06-Oct-2026.xlsx",Ownership Crossholdings
holders,VIGM S.A. De C.V. Asesor En Inversiones Independiente,Institution is an Activist?,No,2026-10-06,"filings/capitaliq/OwnerShip/OwnerShip CrossHoldings/SPGlobal_GrupoBimbo,S.A.B.deC.V._OwnershipCrossholdings_06-Oct-2026.xlsx",Ownership Crossholdings
holders,Impulsora Del Fondo Mexico SC,MI Key,4118867,2026-10-06,"filings/capitaliq/OwnerShip/OwnerShip CrossHoldings/SPGlobal_GrupoBimbo,S.A.B.deC.V._OwnershipCrossholdings_06-Oct-2026.xlsx",Ownership Crossholdings
holders,Impulsora Del Fondo Mexico SC,Total,1800000,2026-10-06,"filings/capitaliq/OwnerShip/OwnerShip CrossHoldings/SPGlobal_GrupoBimbo,S.A.B.deC.V._OwnershipCrossholdings_06-Oct-2026.xlsx",Ownership Crossholdings
holders,Impulsora Del Fondo Mexico SC,"Grupo Bimbo, S.A.B. de C.V. (BMV:BIMBO A)",1800000,2026-10-06,"filings/capitaliq/OwnerShip/OwnerShip CrossHoldings/SPGlobal_GrupoBimbo,S.A.B.deC.V._OwnershipCrossholdings_06-Oct-2026.xlsx",Ownership Crossholdings
holders,Impulsora Del Fondo Mexico SC,Owner Type,Traditional Investment Managers,2026-10-06,"filings/capitaliq/OwnerShip/OwnerShip CrossHoldings/SPGlobal_GrupoBimbo,S.A.B.deC.V._OwnershipCrossholdings_06-Oct-2026.xlsx",Ownership Crossholdings
holders,Impulsora Del Fondo Mexico SC,Investment Orientation,Active,2026-10-06,"filings/capitaliq/OwnerShip/OwnerShip CrossHoldings/SPGlobal_GrupoBimbo,S.A.B.deC.V._OwnershipCrossholdings_06-Oct-2026.xlsx",Ownership Crossholdings
holders,Impulsora Del Fondo Mexico SC,Calculated Investment Style,Growth,2026-10-06,"filings/capitaliq/OwnerShip/OwnerShip CrossHoldings/SPGlobal_GrupoBimbo,S.A.B.deC.V._OwnershipCrossholdings_06-Oct-2026.xlsx",Ownership Crossholdings
holders,Impulsora Del Fondo Mexico SC,"City, State","Mexico City, DF",2026-10-06,"filings/capitaliq/OwnerShip/OwnerShip CrossHoldings/SPGlobal_GrupoBimbo,S.A.B.deC.V._OwnershipCrossholdings_06-Oct-2026.xlsx",Ownership Crossholdings
holders,Impulsora Del Fondo Mexico SC,Country,Mexico,2026-10-06,"filings/capitaliq/OwnerShip/OwnerShip CrossHoldings/SPGlobal_GrupoBimbo,S.A.B.deC.V._OwnershipCrossholdings_06-Oct-2026.xlsx",Ownership Crossholdings
holders,Impulsora Del Fondo Mexico SC,Portfolio Turnover Category,Very Low,2026-10-06,"filings/capitaliq/OwnerShip/OwnerShip CrossHoldings/SPGlobal_GrupoBimbo,S.A.B.deC.V._OwnershipCrossholdings_06-Oct-2026.xlsx",Ownership Crossholdings
holders,Impulsora Del Fondo Mexico SC,Portfolio Turnover (%),10.253,2026-10-06,"filings/capitaliq/OwnerShip/OwnerShip CrossHoldings/SPGlobal_GrupoBimbo,S.A.B.deC.V._OwnershipCrossholdings_06-Oct-2026.xlsx",Ownership Crossholdings
holders,Impulsora Del Fondo Mexico SC,Equity Assets  (Mex$M),5811.307586,2026-10-06,"filings/capitaliq/OwnerShip/OwnerShip CrossHoldings/SPGlobal_GrupoBimbo,S.A.B.deC.V._OwnershipCrossholdings_06-Oct-2026.xlsx",Ownership Crossholdings
holders,Impulsora Del Fondo Mexico SC,Equity Assets in Primary Industry (CIQ/GICS) (Mex$M),368.70951599999995,2026-10-06,"filings/capitaliq/OwnerShip/OwnerShip CrossHoldings/SPGlobal_GrupoBimbo,S.A.B.deC.V._OwnershipCrossholdings_06-Oct-2026.xlsx",Ownership Crossholdings
holders,Impulsora Del Fondo Mexico SC,Institution is an Activist?,No,2026-10-06,"filings/capitaliq/OwnerShip/OwnerShip CrossHoldings/SPGlobal_GrupoBimbo,S.A.B.deC.V._OwnershipCrossholdings_06-Oct-2026.xlsx",Ownership Crossholdings
holders,Mitsubishi UFJ Asset Management Co. Ltd.,MI Key,4607441,2026-10-06,"filings/capitaliq/OwnerShip/OwnerShip CrossHoldings/SPGlobal_GrupoBimbo,S.A.B.deC.V._OwnershipCrossholdings_06-Oct-2026.xlsx",Ownership Crossholdings
holders,Mitsubishi UFJ Asset Management Co. Ltd.,Total,1463100,2026-10-06,"filings/capitaliq/OwnerShip/OwnerShip CrossHoldings/SPGlobal_GrupoBimbo,S.A.B.deC.V._OwnershipCrossholdings_06-Oct-2026.xlsx",Ownership Crossholdings
holders,Mitsubishi UFJ Asset Management Co. Ltd.,"Grupo Bimbo, S.A.B. de C.V. (BMV:BIMBO A)",1463100,2026-10-06,"filings/capitaliq/OwnerShip/OwnerShip CrossHoldings/SPGlobal_GrupoBimbo,S.A.B.deC.V._OwnershipCrossholdings_06-Oct-2026.xlsx",Ownership Crossholdings
holders,Mitsubishi UFJ Asset Management Co. Ltd.,Owner Type,Traditional Investment Managers,2026-10-06,"filings/capitaliq/OwnerShip/OwnerShip CrossHoldings/SPGlobal_GrupoBimbo,S.A.B.deC.V._OwnershipCrossholdings_06-Oct-2026.xlsx",Ownership Crossholdings
holders,Mitsubishi UFJ Asset Management Co. Ltd.,Investment Orientation,Active,2026-10-06,"filings/capitaliq/OwnerShip/OwnerShip CrossHoldings/SPGlobal_GrupoBimbo,S.A.B.deC.V._OwnershipCrossholdings_06-Oct-2026.xlsx",Ownership Crossholdings
holders,Mitsubishi UFJ Asset Management Co. Ltd.,Calculated Investment Style,Growth,2026-10-06,"filings/capitaliq/OwnerShip/OwnerShip CrossHoldings/SPGlobal_GrupoBimbo,S.A.B.deC.V._OwnershipCrossholdings_06-Oct-2026.xlsx",Ownership Crossholdings
holders,Mitsubishi UFJ Asset Management Co. Ltd.,"City, State",Tokyo,2026-10-06,"filings/capitaliq/OwnerShip/OwnerShip CrossHoldings/SPGlobal_GrupoBimbo,S.A.B.deC.V._OwnershipCrossholdings_06-Oct-2026.xlsx",Ownership Crossholdings
holders,Mitsubishi UFJ Asset Management Co. Ltd.,Country,Japan,2026-10-06,"filings/capitaliq/OwnerShip/OwnerShip CrossHoldings/SPGlobal_GrupoBimbo,S.A.B.deC.V._OwnershipCrossholdings_06-Oct-2026.xlsx",Ownership Crossholdings
holders,Mitsubishi UFJ Asset Management Co. Ltd.,Portfolio Turnover Category,Very Low,2026-10-06,"filings/capitaliq/OwnerShip/OwnerShip CrossHoldings/SPGlobal_GrupoBimbo,S.A.B.deC.V._OwnershipCrossholdings_06-Oct-2026.xlsx",Ownership Crossholdings
holders,Mitsubishi UFJ Asset Management Co. Ltd.,Portfolio Turnover (%),7.4293,2026-10-06,"filings/capitaliq/OwnerShip/OwnerShip CrossHoldings/SPGlobal_GrupoBimbo,S.A.B.deC.V._OwnershipCrossholdings_06-Oct-2026.xlsx",Ownership Crossholdings
holders,Mitsubishi UFJ Asset Management Co. Ltd.,Equity Assets  (Mex$M),4023607.27923,2026-10-06,"filings/capitaliq/OwnerShip/OwnerShip CrossHoldings/SPGlobal_GrupoBimbo,S.A.B.deC.V._OwnershipCrossholdings_06-Oct-2026.xlsx",Ownership Crossholdings
holders,Mitsubishi UFJ Asset Management Co. Ltd.,Equity Assets in Primary Industry (CIQ/GICS) (Mex$M),17445.961518999997,2026-10-06,"filings/capitaliq/OwnerShip/OwnerShip CrossHoldings/SPGlobal_GrupoBimbo,S.A.B.deC.V._OwnershipCrossholdings_06-Oct-2026.xlsx",Ownership Crossholdings
holders,Mitsubishi UFJ Asset Management Co. Ltd.,Institution is an Activist?,No,2026-10-06,"filings/capitaliq/OwnerShip/OwnerShip CrossHoldings/SPGlobal_GrupoBimbo,S.A.B.deC.V._OwnershipCrossholdings_06-Oct-2026.xlsx",Ownership Crossholdings
holders,Royal London Asset Management Ltd.,MI Key,4138770,2026-10-06,"filings/capitaliq/OwnerShip/OwnerShip CrossHoldings/SPGlobal_GrupoBimbo,S.A.B.deC.V._OwnershipCrossholdings_06-Oct-2026.xlsx",Ownership Crossholdings
holders,Royal London Asset Management Ltd.,Total,1380241,2026-10-06,"filings/capitaliq/OwnerShip/OwnerShip CrossHoldings/SPGlobal_GrupoBimbo,S.A.B.deC.V._OwnershipCrossholdings_06-Oct-2026.xlsx",Ownership Crossholdings
holders,Royal London Asset Management Ltd.,"Grupo Bimbo, S.A.B. de C.V. (BMV:BIMBO A)",1380241,2026-10-06,"filings/capitaliq/OwnerShip/OwnerShip CrossHoldings/SPGlobal_GrupoBimbo,S.A.B.deC.V._OwnershipCrossholdings_06-Oct-2026.xlsx",Ownership Crossholdings
holders,Royal London Asset Management Ltd.,Owner Type,Traditional Investment Managers,2026-10-06,"filings/capitaliq/OwnerShip/OwnerShip CrossHoldings/SPGlobal_GrupoBimbo,S.A.B.deC.V._OwnershipCrossholdings_06-Oct-2026.xlsx",Ownership Crossholdings
holders,Royal London Asset Management Ltd.,Investment Orientation,Active,2026-10-06,"filings/capitaliq/OwnerShip/OwnerShip CrossHoldings/SPGlobal_GrupoBimbo,S.A.B.deC.V._OwnershipCrossholdings_06-Oct-2026.xlsx",Ownership Crossholdings
holders,Royal London Asset Management Ltd.,Calculated Investment Style,Growth,2026-10-06,"filings/capitaliq/OwnerShip/OwnerShip CrossHoldings/SPGlobal_GrupoBimbo,S.A.B.deC.V._OwnershipCrossholdings_06-Oct-2026.xlsx",Ownership Crossholdings
holders,Royal London Asset Management Ltd.,"City, State",London,2026-10-06,"filings/capitaliq/OwnerShip/OwnerShip CrossHoldings/SPGlobal_GrupoBimbo,S.A.B.deC.V._OwnershipCrossholdings_06-Oct-2026.xlsx",Ownership Crossholdings
holders,Royal London Asset Management Ltd.,Country,United Kingdom,2026-10-06,"filings/capitaliq/OwnerShip/OwnerShip CrossHoldings/SPGlobal_GrupoBimbo,S.A.B.deC.V._OwnershipCrossholdings_06-Oct-2026.xlsx",Ownership Crossholdings
holders,Royal London Asset Management Ltd.,Portfolio Turnover Category,Very Low,2026-10-06,"filings/capitaliq/OwnerShip/OwnerShip CrossHoldings/SPGlobal_GrupoBimbo,S.A.B.deC.V._OwnershipCrossholdings_06-Oct-2026.xlsx",Ownership Crossholdings
holders,Royal London Asset Management Ltd.,Portfolio Turnover (%),15.1255,2026-10-06,"filings/capitaliq/OwnerShip/OwnerShip CrossHoldings/SPGlobal_GrupoBimbo,S.A.B.deC.V._OwnershipCrossholdings_06-Oct-2026.xlsx",Ownership Crossholdings
holders,Royal London Asset Management Ltd.,Equity Assets  (Mex$M),1739703.743176,2026-10-06,"filings/capitaliq/OwnerShip/OwnerShip CrossHoldings/SPGlobal_GrupoBimbo,S.A.B.deC.V._OwnershipCrossholdings_06-Oct-2026.xlsx",Ownership Crossholdings
holders,Royal London Asset Management Ltd.,Equity Assets in Primary Industry (CIQ/GICS) (Mex$M),8731.515701999999,2026-10-06,"filings/capitaliq/OwnerShip/OwnerShip CrossHoldings/SPGlobal_GrupoBimbo,S.A.B.deC.V._OwnershipCrossholdings_06-Oct-2026.xlsx",Ownership Crossholdings
holders,Royal London Asset Management Ltd.,Institution is an Activist?,Yes,2026-10-06,"filings/capitaliq/OwnerShip/OwnerShip CrossHoldings/SPGlobal_GrupoBimbo,S.A.B.deC.V._OwnershipCrossholdings_06-Oct-2026.xlsx",Ownership Crossholdings
holders,Goldman Sachs Asset Management LP,MI Key,110587,2026-10-06,"filings/capitaliq/OwnerShip/OwnerShip CrossHoldings/SPGlobal_GrupoBimbo,S.A.B.deC.V._OwnershipCrossholdings_06-Oct-2026.xlsx",Ownership Crossholdings
holders,Goldman Sachs Asset Management LP,Total,1170937,2026-10-06,"filings/capitaliq/OwnerShip/OwnerShip CrossHoldings/SPGlobal_GrupoBimbo,S.A.B.deC.V._OwnershipCrossholdings_06-Oct-2026.xlsx",Ownership Crossholdings
holders,Goldman Sachs Asset Management LP,"Grupo Bimbo, S.A.B. de C.V. (BMV:BIMBO A)",1170937,2026-10-06,"filings/capitaliq/OwnerShip/OwnerShip CrossHoldings/SPGlobal_GrupoBimbo,S.A.B.deC.V._OwnershipCrossholdings_06-Oct-2026.xlsx",Ownership Crossholdings
holders,Goldman Sachs Asset Management LP,Owner Type,Traditional Investment Managers,2026-10-06,"filings/capitaliq/OwnerShip/OwnerShip CrossHoldings/SPGlobal_GrupoBimbo,S.A.B.deC.V._OwnershipCrossholdings_06-Oct-2026.xlsx",Ownership Crossholdings
holders,Goldman Sachs Asset Management LP,Investment Orientation,Active,2026-10-06,"filings/capitaliq/OwnerShip/OwnerShip CrossHoldings/SPGlobal_GrupoBimbo,S.A.B.deC.V._OwnershipCrossholdings_06-Oct-2026.xlsx",Ownership Crossholdings
holders,Goldman Sachs Asset Management LP,Calculated Investment Style,Growth,2026-10-06,"filings/capitaliq/OwnerShip/OwnerShip CrossHoldings/SPGlobal_GrupoBimbo,S.A.B.deC.V._OwnershipCrossholdings_06-Oct-2026.xlsx",Ownership Crossholdings
holders,Goldman Sachs Asset Management LP,"City, State","New York, NY",2026-10-06,"filings/capitaliq/OwnerShip/OwnerShip CrossHoldings/SPGlobal_GrupoBimbo,S.A.B.deC.V._OwnershipCrossholdings_06-Oct-2026.xlsx",Ownership Crossholdings
holders,Goldman Sachs Asset Management LP,Country,USA,2026-10-06,"filings/capitaliq/OwnerShip/OwnerShip CrossHoldings/SPGlobal_GrupoBimbo,S.A.B.deC.V._OwnershipCrossholdings_06-Oct-2026.xlsx",Ownership Crossholdings
holders,Goldman Sachs Asset Management LP,Portfolio Turnover Category,Low,2026-10-06,"filings/capitaliq/OwnerShip/OwnerShip CrossHoldings/SPGlobal_GrupoBimbo,S.A.B.deC.V._OwnershipCrossholdings_06-Oct-2026.xlsx",Ownership Crossholdings
holders,Goldman Sachs Asset Management LP,Portfolio Turnover (%),20.0035,2026-10-06,"filings/capitaliq/OwnerShip/OwnerShip CrossHoldings/SPGlobal_GrupoBimbo,S.A.B.deC.V._OwnershipCrossholdings_06-Oct-2026.xlsx",Ownership Crossholdings
holders,Goldman Sachs Asset Management LP,Equity Assets  (Mex$M),9902301.38072,2026-10-06,"filings/capitaliq/OwnerShip/OwnerShip CrossHoldings/SPGlobal_GrupoBimbo,S.A.B.deC.V._OwnershipCrossholdings_06-Oct-2026.xlsx",Ownership Crossholdings
holders,Goldman Sachs Asset Management LP,Equity Assets in Primary Industry (CIQ/GICS) (Mex$M),42001.979348,2026-10-06,"filings/capitaliq/OwnerShip/OwnerShip CrossHoldings/SPGlobal_GrupoBimbo,S.A.B.deC.V._OwnershipCrossholdings_06-Oct-2026.xlsx",Ownership Crossholdings
holders,Goldman Sachs Asset Management LP,Institution is an Activist?,No,2026-10-06,"filings/capitaliq/OwnerShip/OwnerShip CrossHoldings/SPGlobal_GrupoBimbo,S.A.B.deC.V._OwnershipCrossholdings_06-Oct-2026.xlsx",Ownership Crossholdings
holders,Teachers Insurance and Annuity Association-College Retirement Equities Fund,MI Key,4270330,2026-10-06,"filings/capitaliq/OwnerShip/OwnerShip CrossHoldings/SPGlobal_GrupoBimbo,S.A.B.deC.V._OwnershipCrossholdings_06-Oct-2026.xlsx",Ownership Crossholdings
holders,Teachers Insurance and Annuity Association-College Retirement Equities Fund,Total,1080641,2026-10-06,"filings/capitaliq/OwnerShip/OwnerShip CrossHoldings/SPGlobal_GrupoBimbo,S.A.B.deC.V._OwnershipCrossholdings_06-Oct-2026.xlsx",Ownership Crossholdings
holders,Teachers Insurance and Annuity Association-College Retirement Equities Fund,"Grupo Bimbo, S.A.B. de C.V. (BMV:BIMBO A)",1080641,2026-10-06,"filings/capitaliq/OwnerShip/OwnerShip CrossHoldings/SPGlobal_GrupoBimbo,S.A.B.deC.V._OwnershipCrossholdings_06-Oct-2026.xlsx",Ownership Crossholdings
holders,Teachers Insurance and Annuity Association-College Retirement Equities Fund,Owner Type,Traditional Investment Managers,2026-10-06,"filings/capitaliq/OwnerShip/OwnerShip CrossHoldings/SPGlobal_GrupoBimbo,S.A.B.deC.V._OwnershipCrossholdings_06-Oct-2026.xlsx",Ownership Crossholdings
holders,Teachers Insurance and Annuity Association-College Retirement Equities Fund,Investment Orientation,Active,2026-10-06,"filings/capitaliq/OwnerShip/OwnerShip CrossHoldings/SPGlobal_GrupoBimbo,S.A.B.deC.V._OwnershipCrossholdings_06-Oct-2026.xlsx",Ownership Crossholdings
holders,Teachers Insurance and Annuity Association-College Retirement Equities Fund,Calculated Investment Style,Growth,2026-10-06,"filings/capitaliq/OwnerShip/OwnerShip CrossHoldings/SPGlobal_GrupoBimbo,S.A.B.deC.V._OwnershipCrossholdings_06-Oct-2026.xlsx",Ownership Crossholdings
holders,Teachers Insurance and Annuity Association-College Retirement Equities Fund,"City, State","New York, NY",2026-10-06,"filings/capitaliq/OwnerShip/OwnerShip CrossHoldings/SPGlobal_GrupoBimbo,S.A.B.deC.V._OwnershipCrossholdings_06-Oct-2026.xlsx",Ownership Crossholdings
holders,Teachers Insurance and Annuity Association-College Retirement Equities Fund,Country,USA,2026-10-06,"filings/capitaliq/OwnerShip/OwnerShip CrossHoldings/SPGlobal_GrupoBimbo,S.A.B.deC.V._OwnershipCrossholdings_06-Oct-2026.xlsx",Ownership Crossholdings
holders,Teachers Insurance and Annuity Association-College Retirement Equities Fund,Portfolio Turnover Category,Very Low,2026-10-06,"filings/capitaliq/OwnerShip/OwnerShip CrossHoldings/SPGlobal_GrupoBimbo,S.A.B.deC.V._OwnershipCrossholdings_06-Oct-2026.xlsx",Ownership Crossholdings
holders,Teachers Insurance and Annuity Association-College Retirement Equities Fund,Portfolio Turnover (%),17.478,2026-10-06,"filings/capitaliq/OwnerShip/OwnerShip CrossHoldings/SPGlobal_GrupoBimbo,S.A.B.deC.V._OwnershipCrossholdings_06-Oct-2026.xlsx",Ownership Crossholdings
holders,Teachers Insurance and Annuity Association-College Retirement Equities Fund,Equity Assets  (Mex$M),7633496.2477899995,2026-10-06,"filings/capitaliq/OwnerShip/OwnerShip CrossHoldings/SPGlobal_GrupoBimbo,S.A.B.deC.V._OwnershipCrossholdings_06-Oct-2026.xlsx",Ownership Crossholdings
holders,Teachers Insurance and Annuity Association-College Retirement Equities Fund,Equity Assets in Primary Industry (CIQ/GICS) (Mex$M),29580.673240999997,2026-10-06,"filings/capitaliq/OwnerShip/OwnerShip CrossHoldings/SPGlobal_GrupoBimbo,S.A.B.deC.V._OwnershipCrossholdings_06-Oct-2026.xlsx",Ownership Crossholdings
holders,Teachers Insurance and Annuity Association-College Retirement Equities Fund,Institution is an Activist?,No,2026-10-06,"filings/capitaliq/OwnerShip/OwnerShip CrossHoldings/SPGlobal_GrupoBimbo,S.A.B.deC.V._OwnershipCrossholdings_06-Oct-2026.xlsx",Ownership Crossholdings
holders,Nuveen Asset Management,MI Key,110895,2026-10-06,"filings/capitaliq/OwnerShip/OwnerShip CrossHoldings/SPGlobal_GrupoBimbo,S.A.B.deC.V._OwnershipCrossholdings_06-Oct-2026.xlsx",Ownership Crossholdings
holders,Nuveen Asset Management,Total,1056189,2026-10-06,"filings/capitaliq/OwnerShip/OwnerShip CrossHoldings/SPGlobal_GrupoBimbo,S.A.B.deC.V._OwnershipCrossholdings_06-Oct-2026.xlsx",Ownership Crossholdings
holders,Nuveen Asset Management,"Grupo Bimbo, S.A.B. de C.V. (BMV:BIMBO A)",1056189,2026-10-06,"filings/capitaliq/OwnerShip/OwnerShip CrossHoldings/SPGlobal_GrupoBimbo,S.A.B.deC.V._OwnershipCrossholdings_06-Oct-2026.xlsx",Ownership Crossholdings
holders,Nuveen Asset Management,Owner Type,Insurance Companies,2026-10-06,"filings/capitaliq/OwnerShip/OwnerShip CrossHoldings/SPGlobal_GrupoBimbo,S.A.B.deC.V._OwnershipCrossholdings_06-Oct-2026.xlsx",Ownership Crossholdings
holders,Nuveen Asset Management,Investment Orientation,Active,2026-10-06,"filings/capitaliq/OwnerShip/OwnerShip CrossHoldings/SPGlobal_GrupoBimbo,S.A.B.deC.V._OwnershipCrossholdings_06-Oct-2026.xlsx",Ownership Crossholdings
holders,Nuveen Asset Management,Calculated Investment Style,Growth,2026-10-06,"filings/capitaliq/OwnerShip/OwnerShip CrossHoldings/SPGlobal_GrupoBimbo,S.A.B.deC.V._OwnershipCrossholdings_06-Oct-2026.xlsx",Ownership Crossholdings
holders,Nuveen Asset Management,"City, State","Chicago, IL",2026-10-06,"filings/capitaliq/OwnerShip/OwnerShip CrossHoldings/SPGlobal_GrupoBimbo,S.A.B.deC.V._OwnershipCrossholdings_06-Oct-2026.xlsx",Ownership Crossholdings
holders,Nuveen Asset Management,Country,USA,2026-10-06,"filings/capitaliq/OwnerShip/OwnerShip CrossHoldings/SPGlobal_GrupoBimbo,S.A.B.deC.V._OwnershipCrossholdings_06-Oct-2026.xlsx",Ownership Crossholdings
holders,Nuveen Asset Management,Portfolio Turnover Category,Low,2026-10-06,"filings/capitaliq/OwnerShip/OwnerShip CrossHoldings/SPGlobal_GrupoBimbo,S.A.B.deC.V._OwnershipCrossholdings_06-Oct-2026.xlsx",Ownership Crossholdings
holders,Nuveen Asset Management,Portfolio Turnover (%),31.28,2026-10-06,"filings/capitaliq/OwnerShip/OwnerShip CrossHoldings/SPGlobal_GrupoBimbo,S.A.B.deC.V._OwnershipCrossholdings_06-Oct-2026.xlsx",Ownership Crossholdings
holders,Nuveen Asset Management,Equity Assets  (Mex$M),3545964.5851139994,2026-10-06,"filings/capitaliq/OwnerShip/OwnerShip CrossHoldings/SPGlobal_GrupoBimbo,S.A.B.deC.V._OwnershipCrossholdings_06-Oct-2026.xlsx",Ownership Crossholdings
holders,Nuveen Asset Management,Equity Assets in Primary Industry (CIQ/GICS) (Mex$M),21181.571088999997,2026-10-06,"filings/capitaliq/OwnerShip/OwnerShip CrossHoldings/SPGlobal_GrupoBimbo,S.A.B.deC.V._OwnershipCrossholdings_06-Oct-2026.xlsx",Ownership Crossholdings
holders,Nuveen Asset Management,Institution is an Activist?,No,2026-10-06,"filings/capitaliq/OwnerShip/OwnerShip CrossHoldings/SPGlobal_GrupoBimbo,S.A.B.deC.V._OwnershipCrossholdings_06-Oct-2026.xlsx",Ownership Crossholdings
holders,HSBC Global Asset Management (UK) Ltd.,MI Key,4115698,2026-10-06,"filings/capitaliq/OwnerShip/OwnerShip CrossHoldings/SPGlobal_GrupoBimbo,S.A.B.deC.V._OwnershipCrossholdings_06-Oct-2026.xlsx",Ownership Crossholdings
holders,HSBC Global Asset Management (UK) Ltd.,Total,950928,2026-10-06,"filings/capitaliq/OwnerShip/OwnerShip CrossHoldings/SPGlobal_GrupoBimbo,S.A.B.deC.V._OwnershipCrossholdings_06-Oct-2026.xlsx",Ownership Crossholdings
holders,HSBC Global Asset Management (UK) Ltd.,"Grupo Bimbo, S.A.B. de C.V. (BMV:BIMBO A)",950928,2026-10-06,"filings/capitaliq/OwnerShip/OwnerShip CrossHoldings/SPGlobal_GrupoBimbo,S.A.B.deC.V._OwnershipCrossholdings_06-Oct-2026.xlsx",Ownership Crossholdings
holders,HSBC Global Asset Management (UK) Ltd.,Owner Type,Traditional Investment Managers,2026-10-06,"filings/capitaliq/OwnerShip/OwnerShip CrossHoldings/SPGlobal_GrupoBimbo,S.A.B.deC.V._OwnershipCrossholdings_06-Oct-2026.xlsx",Ownership Crossholdings
holders,HSBC Global Asset Management (UK) Ltd.,Investment Orientation,Active,2026-10-06,"filings/capitaliq/OwnerShip/OwnerShip CrossHoldings/SPGlobal_GrupoBimbo,S.A.B.deC.V._OwnershipCrossholdings_06-Oct-2026.xlsx",Ownership Crossholdings
holders,HSBC Global Asset Management (UK) Ltd.,Calculated Investment Style,Growth,2026-10-06,"filings/capitaliq/OwnerShip/OwnerShip CrossHoldings/SPGlobal_GrupoBimbo,S.A.B.deC.V._OwnershipCrossholdings_06-Oct-2026.xlsx",Ownership Crossholdings
holders,HSBC Global Asset Management (UK) Ltd.,"City, State",London,2026-10-06,"filings/capitaliq/OwnerShip/OwnerShip CrossHoldings/SPGlobal_GrupoBimbo,S.A.B.deC.V._OwnershipCrossholdings_06-Oct-2026.xlsx",Ownership Crossholdings
holders,HSBC Global Asset Management (UK) Ltd.,Country,United Kingdom,2026-10-06,"filings/capitaliq/OwnerShip/OwnerShip CrossHoldings/SPGlobal_GrupoBimbo,S.A.B.deC.V._OwnershipCrossholdings_06-Oct-2026.xlsx",Ownership Crossholdings
holders,HSBC Global Asset Management (UK) Ltd.,Portfolio Turnover Category,Low,2026-10-06,"filings/capitaliq/OwnerShip/OwnerShip CrossHoldings/SPGlobal_GrupoBimbo,S.A.B.deC.V._OwnershipCrossholdings_06-Oct-2026.xlsx",Ownership Crossholdings
holders,HSBC Global Asset Management (UK) Ltd.,Portfolio Turnover (%),24.9148,2026-10-06,"filings/capitaliq/OwnerShip/OwnerShip CrossHoldings/SPGlobal_GrupoBimbo,S.A.B.deC.V._OwnershipCrossholdings_06-Oct-2026.xlsx",Ownership Crossholdings
holders,HSBC Global Asset Management (UK) Ltd.,Equity Assets  (Mex$M),5817313.849641,2026-10-06,"filings/capitaliq/OwnerShip/OwnerShip CrossHoldings/SPGlobal_GrupoBimbo,S.A.B.deC.V._OwnershipCrossholdings_06-Oct-2026.xlsx",Ownership Crossholdings
holders,HSBC Global Asset Management (UK) Ltd.,Equity Assets in Primary Industry (CIQ/GICS) (Mex$M),26818.945530999998,2026-10-06,"filings/capitaliq/OwnerShip/OwnerShip CrossHoldings/SPGlobal_GrupoBimbo,S.A.B.deC.V._OwnershipCrossholdings_06-Oct-2026.xlsx",Ownership Crossholdings
holders,HSBC Global Asset Management (UK) Ltd.,Institution is an Activist?,No,2026-10-06,"filings/capitaliq/OwnerShip/OwnerShip CrossHoldings/SPGlobal_GrupoBimbo,S.A.B.deC.V._OwnershipCrossholdings_06-Oct-2026.xlsx",Ownership Crossholdings
holders,Inspire Investing LLC,MI Key,4904663,2026-10-06,"filings/capitaliq/OwnerShip/OwnerShip CrossHoldings/SPGlobal_GrupoBimbo,S.A.B.deC.V._OwnershipCrossholdings_06-Oct-2026.xlsx",Ownership Crossholdings
holders,Inspire Investing LLC,Total,931132,2026-10-06,"filings/capitaliq/OwnerShip/OwnerShip CrossHoldings/SPGlobal_GrupoBimbo,S.A.B.deC.V._OwnershipCrossholdings_06-Oct-2026.xlsx",Ownership Crossholdings
holders,Inspire Investing LLC,"Grupo Bimbo, S.A.B. de C.V. (BMV:BIMBO A)",931132,2026-10-06,"filings/capitaliq/OwnerShip/OwnerShip CrossHoldings/SPGlobal_GrupoBimbo,S.A.B.deC.V._OwnershipCrossholdings_06-Oct-2026.xlsx",Ownership Crossholdings
holders,Inspire Investing LLC,Owner Type,Traditional Investment Managers,2026-10-06,"filings/capitaliq/OwnerShip/OwnerShip CrossHoldings/SPGlobal_GrupoBimbo,S.A.B.deC.V._OwnershipCrossholdings_06-Oct-2026.xlsx",Ownership Crossholdings
holders,Inspire Investing LLC,Investment Orientation,Active,2026-10-06,"filings/capitaliq/OwnerShip/OwnerShip CrossHoldings/SPGlobal_GrupoBimbo,S.A.B.deC.V._OwnershipCrossholdings_06-Oct-2026.xlsx",Ownership Crossholdings
holders,Inspire Investing LLC,Calculated Investment Style,Growth,2026-10-06,"filings/capitaliq/OwnerShip/OwnerShip CrossHoldings/SPGlobal_GrupoBimbo,S.A.B.deC.V._OwnershipCrossholdings_06-Oct-2026.xlsx",Ownership Crossholdings
holders,Inspire Investing LLC,"City, State","Meridian, ID",2026-10-06,"filings/capitaliq/OwnerShip/OwnerShip CrossHoldings/SPGlobal_GrupoBimbo,S.A.B.deC.V._OwnershipCrossholdings_06-Oct-2026.xlsx",Ownership Crossholdings
holders,Inspire Investing LLC,Country,USA,2026-10-06,"filings/capitaliq/OwnerShip/OwnerShip CrossHoldings/SPGlobal_GrupoBimbo,S.A.B.deC.V._OwnershipCrossholdings_06-Oct-2026.xlsx",Ownership Crossholdings
holders,Inspire Investing LLC,Portfolio Turnover Category,Low,2026-10-06,"filings/capitaliq/OwnerShip/OwnerShip CrossHoldings/SPGlobal_GrupoBimbo,S.A.B.deC.V._OwnershipCrossholdings_06-Oct-2026.xlsx",Ownership Crossholdings
holders,Inspire Investing LLC,Portfolio Turnover (%),39.4443,2026-10-06,"filings/capitaliq/OwnerShip/OwnerShip CrossHoldings/SPGlobal_GrupoBimbo,S.A.B.deC.V._OwnershipCrossholdings_06-Oct-2026.xlsx",Ownership Crossholdings
holders,Inspire Investing LLC,Equity Assets  (Mex$M),56694.29889199999,2026-10-06,"filings/capitaliq/OwnerShip/OwnerShip CrossHoldings/SPGlobal_GrupoBimbo,S.A.B.deC.V._OwnershipCrossholdings_06-Oct-2026.xlsx",Ownership Crossholdings
holders,Inspire Investing LLC,Equity Assets in Primary Industry (CIQ/GICS) (Mex$M),649.1946790000001,2026-10-06,"filings/capitaliq/OwnerShip/OwnerShip CrossHoldings/SPGlobal_GrupoBimbo,S.A.B.deC.V._OwnershipCrossholdings_06-Oct-2026.xlsx",Ownership Crossholdings
holders,Inspire Investing LLC,Institution is an Activist?,No,2026-10-06,"filings/capitaliq/OwnerShip/OwnerShip CrossHoldings/SPGlobal_GrupoBimbo,S.A.B.deC.V._OwnershipCrossholdings_06-Oct-2026.xlsx",Ownership Crossholdings
holders,Aviva Investors Global Services Ltd.,MI Key,4376121,2026-10-06,"filings/capitaliq/OwnerShip/OwnerShip CrossHoldings/SPGlobal_GrupoBimbo,S.A.B.deC.V._OwnershipCrossholdings_06-Oct-2026.xlsx",Ownership Crossholdings
holders,Aviva Investors Global Services Ltd.,Total,912988,2026-10-06,"filings/capitaliq/OwnerShip/OwnerShip CrossHoldings/SPGlobal_GrupoBimbo,S.A.B.deC.V._OwnershipCrossholdings_06-Oct-2026.xlsx",Ownership Crossholdings
holders,Aviva Investors Global Services Ltd.,"Grupo Bimbo, S.A.B. de C.V. (BMV:BIMBO A)",912988,2026-10-06,"filings/capitaliq/OwnerShip/OwnerShip CrossHoldings/SPGlobal_GrupoBimbo,S.A.B.deC.V._OwnershipCrossholdings_06-Oct-2026.xlsx",Ownership Crossholdings
holders,Aviva Investors Global Services Ltd.,Owner Type,Traditional Investment Managers,2026-10-06,"filings/capitaliq/OwnerShip/OwnerShip CrossHoldings/SPGlobal_GrupoBimbo,S.A.B.deC.V._OwnershipCrossholdings_06-Oct-2026.xlsx",Ownership Crossholdings
holders,Aviva Investors Global Services Ltd.,Investment Orientation,Active,2026-10-06,"filings/capitaliq/OwnerShip/OwnerShip CrossHoldings/SPGlobal_GrupoBimbo,S.A.B.deC.V._OwnershipCrossholdings_06-Oct-2026.xlsx",Ownership Crossholdings
holders,Aviva Investors Global Services Ltd.,Calculated Investment Style,Growth,2026-10-06,"filings/capitaliq/OwnerShip/OwnerShip CrossHoldings/SPGlobal_GrupoBimbo,S.A.B.deC.V._OwnershipCrossholdings_06-Oct-2026.xlsx",Ownership Crossholdings
holders,Aviva Investors Global Services Ltd.,"City, State",London,2026-10-06,"filings/capitaliq/OwnerShip/OwnerShip CrossHoldings/SPGlobal_GrupoBimbo,S.A.B.deC.V._OwnershipCrossholdings_06-Oct-2026.xlsx",Ownership Crossholdings
holders,Aviva Investors Global Services Ltd.,Country,United Kingdom,2026-10-06,"filings/capitaliq/OwnerShip/OwnerShip CrossHoldings/SPGlobal_GrupoBimbo,S.A.B.deC.V._OwnershipCrossholdings_06-Oct-2026.xlsx",Ownership Crossholdings
holders,Aviva Investors Global Services Ltd.,Portfolio Turnover Category,Very Low,2026-10-06,"filings/capitaliq/OwnerShip/OwnerShip CrossHoldings/SPGlobal_GrupoBimbo,S.A.B.deC.V._OwnershipCrossholdings_06-Oct-2026.xlsx",Ownership Crossholdings
holders,Aviva Investors Global Services Ltd.,Portfolio Turnover (%),16.4355,2026-10-06,"filings/capitaliq/OwnerShip/OwnerShip CrossHoldings/SPGlobal_GrupoBimbo,S.A.B.deC.V._OwnershipCrossholdings_06-Oct-2026.xlsx",Ownership Crossholdings
holders,Aviva Investors Global Services Ltd.,Equity Assets  (Mex$M),1798532.855791,2026-10-06,"filings/capitaliq/OwnerShip/OwnerShip CrossHoldings/SPGlobal_GrupoBimbo,S.A.B.deC.V._OwnershipCrossholdings_06-Oct-2026.xlsx",Ownership Crossholdings
holders,Aviva Investors Global Services Ltd.,Equity Assets in Primary Industry (CIQ/GICS) (Mex$M),8320.041632,2026-10-06,"filings/capitaliq/OwnerShip/OwnerShip CrossHoldings/SPGlobal_GrupoBimbo,S.A.B.deC.V._OwnershipCrossholdings_06-Oct-2026.xlsx",Ownership Crossholdings
holders,Aviva Investors Global Services Ltd.,Institution is an Activist?,No,2026-10-06,"filings/capitaliq/OwnerShip/OwnerShip CrossHoldings/SPGlobal_GrupoBimbo,S.A.B.deC.V._OwnershipCrossholdings_06-Oct-2026.xlsx",Ownership Crossholdings
holders,Phoenix Unit Trust Managers Ltd.,MI Key,7834181,2026-10-06,"filings/capitaliq/OwnerShip/OwnerShip CrossHoldings/SPGlobal_GrupoBimbo,S.A.B.deC.V._OwnershipCrossholdings_06-Oct-2026.xlsx",Ownership Crossholdings
holders,Phoenix Unit Trust Managers Ltd.,Total,797233,2026-10-06,"filings/capitaliq/OwnerShip/OwnerShip CrossHoldings/SPGlobal_GrupoBimbo,S.A.B.deC.V._OwnershipCrossholdings_06-Oct-2026.xlsx",Ownership Crossholdings
holders,Phoenix Unit Trust Managers Ltd.,"Grupo Bimbo, S.A.B. de C.V. (BMV:BIMBO A)",797233,2026-10-06,"filings/capitaliq/OwnerShip/OwnerShip CrossHoldings/SPGlobal_GrupoBimbo,S.A.B.deC.V._OwnershipCrossholdings_06-Oct-2026.xlsx",Ownership Crossholdings
holders,Phoenix Unit Trust Managers Ltd.,Owner Type,Traditional Investment Managers,2026-10-06,"filings/capitaliq/OwnerShip/OwnerShip CrossHoldings/SPGlobal_GrupoBimbo,S.A.B.deC.V._OwnershipCrossholdings_06-Oct-2026.xlsx",Ownership Crossholdings
holders,Phoenix Unit Trust Managers Ltd.,Calculated Investment Style,Growth,2026-10-06,"filings/capitaliq/OwnerShip/OwnerShip CrossHoldings/SPGlobal_GrupoBimbo,S.A.B.deC.V._OwnershipCrossholdings_06-Oct-2026.xlsx",Ownership Crossholdings
holders,Phoenix Unit Trust Managers Ltd.,"City, State",Birmingham,2026-10-06,"filings/capitaliq/OwnerShip/OwnerShip CrossHoldings/SPGlobal_GrupoBimbo,S.A.B.deC.V._OwnershipCrossholdings_06-Oct-2026.xlsx",Ownership Crossholdings
holders,Phoenix Unit Trust Managers Ltd.,Country,United Kingdom,2026-10-06,"filings/capitaliq/OwnerShip/OwnerShip CrossHoldings/SPGlobal_GrupoBimbo,S.A.B.deC.V._OwnershipCrossholdings_06-Oct-2026.xlsx",Ownership Crossholdings
holders,Phoenix Unit Trust Managers Ltd.,Portfolio Turnover Category,Very Low,2026-10-06,"filings/capitaliq/OwnerShip/OwnerShip CrossHoldings/SPGlobal_GrupoBimbo,S.A.B.deC.V._OwnershipCrossholdings_06-Oct-2026.xlsx",Ownership Crossholdings
holders,Phoenix Unit Trust Managers Ltd.,Portfolio Turnover (%),19.374,2026-10-06,"filings/capitaliq/OwnerShip/OwnerShip CrossHoldings/SPGlobal_GrupoBimbo,S.A.B.deC.V._OwnershipCrossholdings_06-Oct-2026.xlsx",Ownership Crossholdings
holders,Phoenix Unit Trust Managers Ltd.,Equity Assets  (Mex$M),829112.8840469999,2026-10-06,"filings/capitaliq/OwnerShip/OwnerShip CrossHoldings/SPGlobal_GrupoBimbo,S.A.B.deC.V._OwnershipCrossholdings_06-Oct-2026.xlsx",Ownership Crossholdings
holders,Phoenix Unit Trust Managers Ltd.,Equity Assets in Primary Industry (CIQ/GICS) (Mex$M),9202.824211,2026-10-06,"filings/capitaliq/OwnerShip/OwnerShip CrossHoldings/SPGlobal_GrupoBimbo,S.A.B.deC.V._OwnershipCrossholdings_06-Oct-2026.xlsx",Ownership Crossholdings
holders,Phoenix Unit Trust Managers Ltd.,Institution is an Activist?,No,2026-10-06,"filings/capitaliq/OwnerShip/OwnerShip CrossHoldings/SPGlobal_GrupoBimbo,S.A.B.deC.V._OwnershipCrossholdings_06-Oct-2026.xlsx",Ownership Crossholdings
holders,KBC Asset Management NV,MI Key,4111901,2026-10-06,"filings/capitaliq/OwnerShip/OwnerShip CrossHoldings/SPGlobal_GrupoBimbo,S.A.B.deC.V._OwnershipCrossholdings_06-Oct-2026.xlsx",Ownership Crossholdings
holders,KBC Asset Management NV,Total,742537,2026-10-06,"filings/capitaliq/OwnerShip/OwnerShip CrossHoldings/SPGlobal_GrupoBimbo,S.A.B.deC.V._OwnershipCrossholdings_06-Oct-2026.xlsx",Ownership Crossholdings
holders,KBC Asset Management NV,"Grupo Bimbo, S.A.B. de C.V. (BMV:BIMBO A)",742537,2026-10-06,"filings/capitaliq/OwnerShip/OwnerShip CrossHoldings/SPGlobal_GrupoBimbo,S.A.B.deC.V._OwnershipCrossholdings_06-Oct-2026.xlsx",Ownership Crossholdings
holders,KBC Asset Management NV,Owner Type,Traditional Investment Managers,2026-10-06,"filings/capitaliq/OwnerShip/OwnerShip CrossHoldings/SPGlobal_GrupoBimbo,S.A.B.deC.V._OwnershipCrossholdings_06-Oct-2026.xlsx",Ownership Crossholdings
holders,KBC Asset Management NV,Investment Orientation,Active,2026-10-06,"filings/capitaliq/OwnerShip/OwnerShip CrossHoldings/SPGlobal_GrupoBimbo,S.A.B.deC.V._OwnershipCrossholdings_06-Oct-2026.xlsx",Ownership Crossholdings
holders,KBC Asset Management NV,Calculated Investment Style,Growth,2026-10-06,"filings/capitaliq/OwnerShip/OwnerShip CrossHoldings/SPGlobal_GrupoBimbo,S.A.B.deC.V._OwnershipCrossholdings_06-Oct-2026.xlsx",Ownership Crossholdings
holders,KBC Asset Management NV,"City, State",Brussels,2026-10-06,"filings/capitaliq/OwnerShip/OwnerShip CrossHoldings/SPGlobal_GrupoBimbo,S.A.B.deC.V._OwnershipCrossholdings_06-Oct-2026.xlsx",Ownership Crossholdings
holders,KBC Asset Management NV,Country,Belgium,2026-10-06,"filings/capitaliq/OwnerShip/OwnerShip CrossHoldings/SPGlobal_GrupoBimbo,S.A.B.deC.V._OwnershipCrossholdings_06-Oct-2026.xlsx",Ownership Crossholdings
holders,KBC Asset Management NV,Portfolio Turnover Category,Low,2026-10-06,"filings/capitaliq/OwnerShip/OwnerShip CrossHoldings/SPGlobal_GrupoBimbo,S.A.B.deC.V._OwnershipCrossholdings_06-Oct-2026.xlsx",Ownership Crossholdings
holders,KBC Asset Management NV,Portfolio Turnover (%),32.4159,2026-10-06,"filings/capitaliq/OwnerShip/OwnerShip CrossHoldings/SPGlobal_GrupoBimbo,S.A.B.deC.V._OwnershipCrossholdings_06-Oct-2026.xlsx",Ownership Crossholdings
holders,KBC Asset Management NV,Equity Assets  (Mex$M),1212228.843938,2026-10-06,"filings/capitaliq/OwnerShip/OwnerShip CrossHoldings/SPGlobal_GrupoBimbo,S.A.B.deC.V._OwnershipCrossholdings_06-Oct-2026.xlsx",Ownership Crossholdings
holders,KBC Asset Management NV,Equity Assets in Primary Industry (CIQ/GICS) (Mex$M),9008.586888,2026-10-06,"filings/capitaliq/OwnerShip/OwnerShip CrossHoldings/SPGlobal_GrupoBimbo,S.A.B.deC.V._OwnershipCrossholdings_06-Oct-2026.xlsx",Ownership Crossholdings
holders,KBC Asset Management NV,Institution is an Activist?,No,2026-10-06,"filings/capitaliq/OwnerShip/OwnerShip CrossHoldings/SPGlobal_GrupoBimbo,S.A.B.deC.V._OwnershipCrossholdings_06-Oct-2026.xlsx",Ownership Crossholdings
holders,American Century Investment Management Inc,MI Key,111074,2026-10-06,"filings/capitaliq/OwnerShip/OwnerShip CrossHoldings/SPGlobal_GrupoBimbo,S.A.B.deC.V._OwnershipCrossholdings_06-Oct-2026.xlsx",Ownership Crossholdings
holders,American Century Investment Management Inc,Total,727757,2026-10-06,"filings/capitaliq/OwnerShip/OwnerShip CrossHoldings/SPGlobal_GrupoBimbo,S.A.B.deC.V._OwnershipCrossholdings_06-Oct-2026.xlsx",Ownership Crossholdings
holders,American Century Investment Management Inc,"Grupo Bimbo, S.A.B. de C.V. (BMV:BIMBO A)",727757,2026-10-06,"filings/capitaliq/OwnerShip/OwnerShip CrossHoldings/SPGlobal_GrupoBimbo,S.A.B.deC.V._OwnershipCrossholdings_06-Oct-2026.xlsx",Ownership Crossholdings
holders,American Century Investment Management Inc,Owner Type,Traditional Investment Managers,2026-10-06,"filings/capitaliq/OwnerShip/OwnerShip CrossHoldings/SPGlobal_GrupoBimbo,S.A.B.deC.V._OwnershipCrossholdings_06-Oct-2026.xlsx",Ownership Crossholdings
holders,American Century Investment Management Inc,Investment Orientation,Active,2026-10-06,"filings/capitaliq/OwnerShip/OwnerShip CrossHoldings/SPGlobal_GrupoBimbo,S.A.B.deC.V._OwnershipCrossholdings_06-Oct-2026.xlsx",Ownership Crossholdings
holders,American Century Investment Management Inc,Calculated Investment Style,Growth,2026-10-06,"filings/capitaliq/OwnerShip/OwnerShip CrossHoldings/SPGlobal_GrupoBimbo,S.A.B.deC.V._OwnershipCrossholdings_06-Oct-2026.xlsx",Ownership Crossholdings
holders,American Century Investment Management Inc,"City, State","Kansas City, MO",2026-10-06,"filings/capitaliq/OwnerShip/OwnerShip CrossHoldings/SPGlobal_GrupoBimbo,S.A.B.deC.V._OwnershipCrossholdings_06-Oct-2026.xlsx",Ownership Crossholdings
holders,American Century Investment Management Inc,Country,USA,2026-10-06,"filings/capitaliq/OwnerShip/OwnerShip CrossHoldings/SPGlobal_GrupoBimbo,S.A.B.deC.V._OwnershipCrossholdings_06-Oct-2026.xlsx",Ownership Crossholdings
holders,American Century Investment Management Inc,Portfolio Turnover Category,Low,2026-10-06,"filings/capitaliq/OwnerShip/OwnerShip CrossHoldings/SPGlobal_GrupoBimbo,S.A.B.deC.V._OwnershipCrossholdings_06-Oct-2026.xlsx",Ownership Crossholdings
holders,American Century Investment Management Inc,Portfolio Turnover (%),27.8568,2026-10-06,"filings/capitaliq/OwnerShip/OwnerShip CrossHoldings/SPGlobal_GrupoBimbo,S.A.B.deC.V._OwnershipCrossholdings_06-Oct-2026.xlsx",Ownership Crossholdings
holders,American Century Investment Management Inc,Equity Assets  (Mex$M),5020942.622171,2026-10-06,"filings/capitaliq/OwnerShip/OwnerShip CrossHoldings/SPGlobal_GrupoBimbo,S.A.B.deC.V._OwnershipCrossholdings_06-Oct-2026.xlsx",Ownership Crossholdings
holders,American Century Investment Management Inc,Equity Assets in Primary Industry (CIQ/GICS) (Mex$M),28310.134747999997,2026-10-06,"filings/capitaliq/OwnerShip/OwnerShip CrossHoldings/SPGlobal_GrupoBimbo,S.A.B.deC.V._OwnershipCrossholdings_06-Oct-2026.xlsx",Ownership Crossholdings
holders,American Century Investment Management Inc,Institution is an Activist?,No,2026-10-06,"filings/capitaliq/OwnerShip/OwnerShip CrossHoldings/SPGlobal_GrupoBimbo,S.A.B.deC.V._OwnershipCrossholdings_06-Oct-2026.xlsx",Ownership Crossholdings
holders,La Caisse de dépôt et placement du Québec,MI Key,110573,2026-10-06,"filings/capitaliq/OwnerShip/OwnerShip CrossHoldings/SPGlobal_GrupoBimbo,S.A.B.deC.V._OwnershipCrossholdings_06-Oct-2026.xlsx",Ownership Crossholdings
holders,La Caisse de dépôt et placement du Québec,Total,723708,2026-10-06,"filings/capitaliq/OwnerShip/OwnerShip CrossHoldings/SPGlobal_GrupoBimbo,S.A.B.deC.V._OwnershipCrossholdings_06-Oct-2026.xlsx",Ownership Crossholdings
holders,La Caisse de dépôt et placement du Québec,"Grupo Bimbo, S.A.B. de C.V. (BMV:BIMBO A)",723708,2026-10-06,"filings/capitaliq/OwnerShip/OwnerShip CrossHoldings/SPGlobal_GrupoBimbo,S.A.B.deC.V._OwnershipCrossholdings_06-Oct-2026.xlsx",Ownership Crossholdings
holders,La Caisse de dépôt et placement du Québec,Owner Type,Government Pension Sponsors,2026-10-06,"filings/capitaliq/OwnerShip/OwnerShip CrossHoldings/SPGlobal_GrupoBimbo,S.A.B.deC.V._OwnershipCrossholdings_06-Oct-2026.xlsx",Ownership Crossholdings
holders,La Caisse de dépôt et placement du Québec,Investment Orientation,Active,2026-10-06,"filings/capitaliq/OwnerShip/OwnerShip CrossHoldings/SPGlobal_GrupoBimbo,S.A.B.deC.V._OwnershipCrossholdings_06-Oct-2026.xlsx",Ownership Crossholdings
holders,La Caisse de dépôt et placement du Québec,Calculated Investment Style,Growth,2026-10-06,"filings/capitaliq/OwnerShip/OwnerShip CrossHoldings/SPGlobal_GrupoBimbo,S.A.B.deC.V._OwnershipCrossholdings_06-Oct-2026.xlsx",Ownership Crossholdings
holders,La Caisse de dépôt et placement du Québec,"City, State","Quebec, QC",2026-10-06,"filings/capitaliq/OwnerShip/OwnerShip CrossHoldings/SPGlobal_GrupoBimbo,S.A.B.deC.V._OwnershipCrossholdings_06-Oct-2026.xlsx",Ownership Crossholdings
holders,La Caisse de dépôt et placement du Québec,Country,Canada,2026-10-06,"filings/capitaliq/OwnerShip/OwnerShip CrossHoldings/SPGlobal_GrupoBimbo,S.A.B.deC.V._OwnershipCrossholdings_06-Oct-2026.xlsx",Ownership Crossholdings
holders,La Caisse de dépôt et placement du Québec,Portfolio Turnover Category,Low,2026-10-06,"filings/capitaliq/OwnerShip/OwnerShip CrossHoldings/SPGlobal_GrupoBimbo,S.A.B.deC.V._OwnershipCrossholdings_06-Oct-2026.xlsx",Ownership Crossholdings
holders,La Caisse de dépôt et placement du Québec,Portfolio Turnover (%),37.822,2026-10-06,"filings/capitaliq/OwnerShip/OwnerShip CrossHoldings/SPGlobal_GrupoBimbo,S.A.B.deC.V._OwnershipCrossholdings_06-Oct-2026.xlsx",Ownership Crossholdings
holders,La Caisse de dépôt et placement du Québec,Equity Assets  (Mex$M),1993865.166993,2026-10-06,"filings/capitaliq/OwnerShip/OwnerShip CrossHoldings/SPGlobal_GrupoBimbo,S.A.B.deC.V._OwnershipCrossholdings_06-Oct-2026.xlsx",Ownership Crossholdings
holders,La Caisse de dépôt et placement du Québec,Equity Assets in Primary Industry (CIQ/GICS) (Mex$M),18850.902895999996,2026-10-06,"filings/capitaliq/OwnerShip/OwnerShip CrossHoldings/SPGlobal_GrupoBimbo,S.A.B.deC.V._OwnershipCrossholdings_06-Oct-2026.xlsx",Ownership Crossholdings
holders,La Caisse de dépôt et placement du Québec,Institution is an Activist?,No,2026-10-06,"filings/capitaliq/OwnerShip/OwnerShip CrossHoldings/SPGlobal_GrupoBimbo,S.A.B.deC.V._OwnershipCrossholdings_06-Oct-2026.xlsx",Ownership Crossholdings
holders,Franklin Templeton Inc. (BEN-US),MI Key,102719,2026-10-06,"filings/capitaliq/OwnerShip/OwnerShip CrossHoldings/SPGlobal_GrupoBimbo,S.A.B.deC.V._OwnershipCrossholdings_06-Oct-2026.xlsx",Ownership Crossholdings
holders,Franklin Templeton Inc. (BEN-US),Total,711144,2026-10-06,"filings/capitaliq/OwnerShip/OwnerShip CrossHoldings/SPGlobal_GrupoBimbo,S.A.B.deC.V._OwnershipCrossholdings_06-Oct-2026.xlsx",Ownership Crossholdings
holders,Franklin Templeton Inc. (BEN-US),"Grupo Bimbo, S.A.B. de C.V. (BMV:BIMBO A)",711144,2026-10-06,"filings/capitaliq/OwnerShip/OwnerShip CrossHoldings/SPGlobal_GrupoBimbo,S.A.B.deC.V._OwnershipCrossholdings_06-Oct-2026.xlsx",Ownership Crossholdings
holders,Franklin Templeton Inc. (BEN-US),Owner Type,Traditional Investment Managers,2026-10-06,"filings/capitaliq/OwnerShip/OwnerShip CrossHoldings/SPGlobal_GrupoBimbo,S.A.B.deC.V._OwnershipCrossholdings_06-Oct-2026.xlsx",Ownership Crossholdings
holders,Franklin Templeton Inc. (BEN-US),Investment Orientation,Active,2026-10-06,"filings/capitaliq/OwnerShip/OwnerShip CrossHoldings/SPGlobal_GrupoBimbo,S.A.B.deC.V._OwnershipCrossholdings_06-Oct-2026.xlsx",Ownership Crossholdings
holders,Franklin Templeton Inc. (BEN-US),Calculated Investment Style,Growth,2026-10-06,"filings/capitaliq/OwnerShip/OwnerShip CrossHoldings/SPGlobal_GrupoBimbo,S.A.B.deC.V._OwnershipCrossholdings_06-Oct-2026.xlsx",Ownership Crossholdings
holders,Franklin Templeton Inc. (BEN-US),"City, State","San Mateo, CA",2026-10-06,"filings/capitaliq/OwnerShip/OwnerShip CrossHoldings/SPGlobal_GrupoBimbo,S.A.B.deC.V._OwnershipCrossholdings_06-Oct-2026.xlsx",Ownership Crossholdings
holders,Franklin Templeton Inc. (BEN-US),Country,USA,2026-10-06,"filings/capitaliq/OwnerShip/OwnerShip CrossHoldings/SPGlobal_GrupoBimbo,S.A.B.deC.V._OwnershipCrossholdings_06-Oct-2026.xlsx",Ownership Crossholdings
holders,Franklin Templeton Inc. (BEN-US),Portfolio Turnover Category,Low,2026-10-06,"filings/capitaliq/OwnerShip/OwnerShip CrossHoldings/SPGlobal_GrupoBimbo,S.A.B.deC.V._OwnershipCrossholdings_06-Oct-2026.xlsx",Ownership Crossholdings
holders,Franklin Templeton Inc. (BEN-US),Portfolio Turnover (%),28.1726,2026-10-06,"filings/capitaliq/OwnerShip/OwnerShip CrossHoldings/SPGlobal_GrupoBimbo,S.A.B.deC.V._OwnershipCrossholdings_06-Oct-2026.xlsx",Ownership Crossholdings
holders,Franklin Templeton Inc. (BEN-US),Equity Assets  (Mex$M),6009147.732833,2026-10-06,"filings/capitaliq/OwnerShip/OwnerShip CrossHoldings/SPGlobal_GrupoBimbo,S.A.B.deC.V._OwnershipCrossholdings_06-Oct-2026.xlsx",Ownership Crossholdings
holders,Franklin Templeton Inc. (BEN-US),Equity Assets in Primary Industry (CIQ/GICS) (Mex$M),38598.783328,2026-10-06,"filings/capitaliq/OwnerShip/OwnerShip CrossHoldings/SPGlobal_GrupoBimbo,S.A.B.deC.V._OwnershipCrossholdings_06-Oct-2026.xlsx",Ownership Crossholdings
holders,Franklin Templeton Inc. (BEN-US),Institution is an Activist?,No,2026-10-06,"filings/capitaliq/OwnerShip/OwnerShip CrossHoldings/SPGlobal_GrupoBimbo,S.A.B.deC.V._OwnershipCrossholdings_06-Oct-2026.xlsx",Ownership Crossholdings
holders,Empowered Funds LLC,MI Key,4556191,2026-10-06,"filings/capitaliq/OwnerShip/OwnerShip CrossHoldings/SPGlobal_GrupoBimbo,S.A.B.deC.V._OwnershipCrossholdings_06-Oct-2026.xlsx",Ownership Crossholdings
holders,Empowered Funds LLC,Total,637446,2026-10-06,"filings/capitaliq/OwnerShip/OwnerShip CrossHoldings/SPGlobal_GrupoBimbo,S.A.B.deC.V._OwnershipCrossholdings_06-Oct-2026.xlsx",Ownership Crossholdings
holders,Empowered Funds LLC,"Grupo Bimbo, S.A.B. de C.V. (BMV:BIMBO A)",637446,2026-10-06,"filings/capitaliq/OwnerShip/OwnerShip CrossHoldings/SPGlobal_GrupoBimbo,S.A.B.deC.V._OwnershipCrossholdings_06-Oct-2026.xlsx",Ownership Crossholdings
holders,Empowered Funds LLC,Owner Type,Traditional Investment Managers,2026-10-06,"filings/capitaliq/OwnerShip/OwnerShip CrossHoldings/SPGlobal_GrupoBimbo,S.A.B.deC.V._OwnershipCrossholdings_06-Oct-2026.xlsx",Ownership Crossholdings
holders,Empowered Funds LLC,Investment Orientation,Passive,2026-10-06,"filings/capitaliq/OwnerShip/OwnerShip CrossHoldings/SPGlobal_GrupoBimbo,S.A.B.deC.V._OwnershipCrossholdings_06-Oct-2026.xlsx",Ownership Crossholdings
holders,Empowered Funds LLC,Calculated Investment Style,Growth,2026-10-06,"filings/capitaliq/OwnerShip/OwnerShip CrossHoldings/SPGlobal_GrupoBimbo,S.A.B.deC.V._OwnershipCrossholdings_06-Oct-2026.xlsx",Ownership Crossholdings
holders,Empowered Funds LLC,"City, State","Newtown Square, PA",2026-10-06,"filings/capitaliq/OwnerShip/OwnerShip CrossHoldings/SPGlobal_GrupoBimbo,S.A.B.deC.V._OwnershipCrossholdings_06-Oct-2026.xlsx",Ownership Crossholdings
holders,Empowered Funds LLC,Country,USA,2026-10-06,"filings/capitaliq/OwnerShip/OwnerShip CrossHoldings/SPGlobal_GrupoBimbo,S.A.B.deC.V._OwnershipCrossholdings_06-Oct-2026.xlsx",Ownership Crossholdings
holders,Empowered Funds LLC,Portfolio Turnover Category,Moderate,2026-10-06,"filings/capitaliq/OwnerShip/OwnerShip CrossHoldings/SPGlobal_GrupoBimbo,S.A.B.deC.V._OwnershipCrossholdings_06-Oct-2026.xlsx",Ownership Crossholdings
holders,Empowered Funds LLC,Portfolio Turnover (%),59.1872,2026-10-06,"filings/capitaliq/OwnerShip/OwnerShip CrossHoldings/SPGlobal_GrupoBimbo,S.A.B.deC.V._OwnershipCrossholdings_06-Oct-2026.xlsx",Ownership Crossholdings
holders,Empowered Funds LLC,Equity Assets  (Mex$M),173532.091544,2026-10-06,"filings/capitaliq/OwnerShip/OwnerShip CrossHoldings/SPGlobal_GrupoBimbo,S.A.B.deC.V._OwnershipCrossholdings_06-Oct-2026.xlsx",Ownership Crossholdings
holders,Empowered Funds LLC,Equity Assets in Primary Industry (CIQ/GICS) (Mex$M),587.024361,2026-10-06,"filings/capitaliq/OwnerShip/OwnerShip CrossHoldings/SPGlobal_GrupoBimbo,S.A.B.deC.V._OwnershipCrossholdings_06-Oct-2026.xlsx",Ownership Crossholdings
holders,Empowered Funds LLC,Institution is an Activist?,No,2026-10-06,"filings/capitaliq/OwnerShip/OwnerShip CrossHoldings/SPGlobal_GrupoBimbo,S.A.B.deC.V._OwnershipCrossholdings_06-Oct-2026.xlsx",Ownership Crossholdings
holders,Mercer Global Investments Europe Limited,MI Key,5759394,2026-10-06,"filings/capitaliq/OwnerShip/OwnerShip CrossHoldings/SPGlobal_GrupoBimbo,S.A.B.deC.V._OwnershipCrossholdings_06-Oct-2026.xlsx",Ownership Crossholdings
holders,Mercer Global Investments Europe Limited,Total,626263,2026-10-06,"filings/capitaliq/OwnerShip/OwnerShip CrossHoldings/SPGlobal_GrupoBimbo,S.A.B.deC.V._OwnershipCrossholdings_06-Oct-2026.xlsx",Ownership Crossholdings
holders,Mercer Global Investments Europe Limited,"Grupo Bimbo, S.A.B. de C.V. (BMV:BIMBO A)",626263,2026-10-06,"filings/capitaliq/OwnerShip/OwnerShip CrossHoldings/SPGlobal_GrupoBimbo,S.A.B.deC.V._OwnershipCrossholdings_06-Oct-2026.xlsx",Ownership Crossholdings
holders,Mercer Global Investments Europe Limited,Owner Type,Traditional Investment Managers,2026-10-06,"filings/capitaliq/OwnerShip/OwnerShip CrossHoldings/SPGlobal_GrupoBimbo,S.A.B.deC.V._OwnershipCrossholdings_06-Oct-2026.xlsx",Ownership Crossholdings
holders,Mercer Global Investments Europe Limited,Investment Orientation,Active,2026-10-06,"filings/capitaliq/OwnerShip/OwnerShip CrossHoldings/SPGlobal_GrupoBimbo,S.A.B.deC.V._OwnershipCrossholdings_06-Oct-2026.xlsx",Ownership Crossholdings
holders,Mercer Global Investments Europe Limited,Calculated Investment Style,Growth,2026-10-06,"filings/capitaliq/OwnerShip/OwnerShip CrossHoldings/SPGlobal_GrupoBimbo,S.A.B.deC.V._OwnershipCrossholdings_06-Oct-2026.xlsx",Ownership Crossholdings
holders,Mercer Global Investments Europe Limited,"City, State",Dublin,2026-10-06,"filings/capitaliq/OwnerShip/OwnerShip CrossHoldings/SPGlobal_GrupoBimbo,S.A.B.deC.V._OwnershipCrossholdings_06-Oct-2026.xlsx",Ownership Crossholdings
holders,Mercer Global Investments Europe Limited,Country,Ireland,2026-10-06,"filings/capitaliq/OwnerShip/OwnerShip CrossHoldings/SPGlobal_GrupoBimbo,S.A.B.deC.V._OwnershipCrossholdings_06-Oct-2026.xlsx",Ownership Crossholdings
holders,Mercer Global Investments Europe Limited,Portfolio Turnover Category,Very Low,2026-10-06,"filings/capitaliq/OwnerShip/OwnerShip CrossHoldings/SPGlobal_GrupoBimbo,S.A.B.deC.V._OwnershipCrossholdings_06-Oct-2026.xlsx",Ownership Crossholdings
holders,Mercer Global Investments Europe Limited,Portfolio Turnover (%),14.1263,2026-10-06,"filings/capitaliq/OwnerShip/OwnerShip CrossHoldings/SPGlobal_GrupoBimbo,S.A.B.deC.V._OwnershipCrossholdings_06-Oct-2026.xlsx",Ownership Crossholdings
holders,Mercer Global Investments Europe Limited,Equity Assets  (Mex$M),797034.25774,2026-10-06,"filings/capitaliq/OwnerShip/OwnerShip CrossHoldings/SPGlobal_GrupoBimbo,S.A.B.deC.V._OwnershipCrossholdings_06-Oct-2026.xlsx",Ownership Crossholdings
holders,Mercer Global Investments Europe Limited,Equity Assets in Primary Industry (CIQ/GICS) (Mex$M),3748.18738,2026-10-06,"filings/capitaliq/OwnerShip/OwnerShip CrossHoldings/SPGlobal_GrupoBimbo,S.A.B.deC.V._OwnershipCrossholdings_06-Oct-2026.xlsx",Ownership Crossholdings
holders,Mercer Global Investments Europe Limited,Institution is an Activist?,No,2026-10-06,"filings/capitaliq/OwnerShip/OwnerShip CrossHoldings/SPGlobal_GrupoBimbo,S.A.B.deC.V._OwnershipCrossholdings_06-Oct-2026.xlsx",Ownership Crossholdings
holders,Fideuram Asset Management (Ireland) DAC,MI Key,4140503,2026-10-06,"filings/capitaliq/OwnerShip/OwnerShip CrossHoldings/SPGlobal_GrupoBimbo,S.A.B.deC.V._OwnershipCrossholdings_06-Oct-2026.xlsx",Ownership Crossholdings
holders,Fideuram Asset Management (Ireland) DAC,Total,455821,2026-10-06,"filings/capitaliq/OwnerShip/OwnerShip CrossHoldings/SPGlobal_GrupoBimbo,S.A.B.deC.V._OwnershipCrossholdings_06-Oct-2026.xlsx",Ownership Crossholdings
holders,Fideuram Asset Management (Ireland) DAC,"Grupo Bimbo, S.A.B. de C.V. (BMV:BIMBO A)",455821,2026-10-06,"filings/capitaliq/OwnerShip/OwnerShip CrossHoldings/SPGlobal_GrupoBimbo,S.A.B.deC.V._OwnershipCrossholdings_06-Oct-2026.xlsx",Ownership Crossholdings
holders,Fideuram Asset Management (Ireland) DAC,Owner Type,Traditional Investment Managers,2026-10-06,"filings/capitaliq/OwnerShip/OwnerShip CrossHoldings/SPGlobal_GrupoBimbo,S.A.B.deC.V._OwnershipCrossholdings_06-Oct-2026.xlsx",Ownership Crossholdings
holders,Fideuram Asset Management (Ireland) DAC,Investment Orientation,Active,2026-10-06,"filings/capitaliq/OwnerShip/OwnerShip CrossHoldings/SPGlobal_GrupoBimbo,S.A.B.deC.V._OwnershipCrossholdings_06-Oct-2026.xlsx",Ownership Crossholdings
holders,Fideuram Asset Management (Ireland) DAC,Calculated Investment Style,Growth,2026-10-06,"filings/capitaliq/OwnerShip/OwnerShip CrossHoldings/SPGlobal_GrupoBimbo,S.A.B.deC.V._OwnershipCrossholdings_06-Oct-2026.xlsx",Ownership Crossholdings
holders,Fideuram Asset Management (Ireland) DAC,"City, State",Dublin,2026-10-06,"filings/capitaliq/OwnerShip/OwnerShip CrossHoldings/SPGlobal_GrupoBimbo,S.A.B.deC.V._OwnershipCrossholdings_06-Oct-2026.xlsx",Ownership Crossholdings
holders,Fideuram Asset Management (Ireland) DAC,Country,Ireland,2026-10-06,"filings/capitaliq/OwnerShip/OwnerShip CrossHoldings/SPGlobal_GrupoBimbo,S.A.B.deC.V._OwnershipCrossholdings_06-Oct-2026.xlsx",Ownership Crossholdings
holders,Fideuram Asset Management (Ireland) DAC,Portfolio Turnover Category,Low,2026-10-06,"filings/capitaliq/OwnerShip/OwnerShip CrossHoldings/SPGlobal_GrupoBimbo,S.A.B.deC.V._OwnershipCrossholdings_06-Oct-2026.xlsx",Ownership Crossholdings
holders,Fideuram Asset Management (Ireland) DAC,Portfolio Turnover (%),29.8106,2026-10-06,"filings/capitaliq/OwnerShip/OwnerShip CrossHoldings/SPGlobal_GrupoBimbo,S.A.B.deC.V._OwnershipCrossholdings_06-Oct-2026.xlsx",Ownership Crossholdings
holders,Fideuram Asset Management (Ireland) DAC,Equity Assets  (Mex$M),208399.218328,2026-10-06,"filings/capitaliq/OwnerShip/OwnerShip CrossHoldings/SPGlobal_GrupoBimbo,S.A.B.deC.V._OwnershipCrossholdings_06-Oct-2026.xlsx",Ownership Crossholdings
holders,Fideuram Asset Management (Ireland) DAC,Equity Assets in Primary Industry (CIQ/GICS) (Mex$M),2107.322224,2026-10-06,"filings/capitaliq/OwnerShip/OwnerShip CrossHoldings/SPGlobal_GrupoBimbo,S.A.B.deC.V._OwnershipCrossholdings_06-Oct-2026.xlsx",Ownership Crossholdings
holders,Fideuram Asset Management (Ireland) DAC,Institution is an Activist?,No,2026-10-06,"filings/capitaliq/OwnerShip/OwnerShip CrossHoldings/SPGlobal_GrupoBimbo,S.A.B.deC.V._OwnershipCrossholdings_06-Oct-2026.xlsx",Ownership Crossholdings
holders,Swiss Rock Asset Management AG,MI Key,4251516,2026-10-06,"filings/capitaliq/OwnerShip/OwnerShip CrossHoldings/SPGlobal_GrupoBimbo,S.A.B.deC.V._OwnershipCrossholdings_06-Oct-2026.xlsx",Ownership Crossholdings
holders,Swiss Rock Asset Management AG,Total,448300,2026-10-06,"filings/capitaliq/OwnerShip/OwnerShip CrossHoldings/SPGlobal_GrupoBimbo,S.A.B.deC.V._OwnershipCrossholdings_06-Oct-2026.xlsx",Ownership Crossholdings
holders,Swiss Rock Asset Management AG,"Grupo Bimbo, S.A.B. de C.V. (BMV:BIMBO A)",448300,2026-10-06,"filings/capitaliq/OwnerShip/OwnerShip CrossHoldings/SPGlobal_GrupoBimbo,S.A.B.deC.V._OwnershipCrossholdings_06-Oct-2026.xlsx",Ownership Crossholdings
holders,Swiss Rock Asset Management AG,Owner Type,Traditional Investment Managers,2026-10-06,"filings/capitaliq/OwnerShip/OwnerShip CrossHoldings/SPGlobal_GrupoBimbo,S.A.B.deC.V._OwnershipCrossholdings_06-Oct-2026.xlsx",Ownership Crossholdings
holders,Swiss Rock Asset Management AG,Investment Orientation,Active,2026-10-06,"filings/capitaliq/OwnerShip/OwnerShip CrossHoldings/SPGlobal_GrupoBimbo,S.A.B.deC.V._OwnershipCrossholdings_06-Oct-2026.xlsx",Ownership Crossholdings
holders,Swiss Rock Asset Management AG,Calculated Investment Style,Growth,2026-10-06,"filings/capitaliq/OwnerShip/OwnerShip CrossHoldings/SPGlobal_GrupoBimbo,S.A.B.deC.V._OwnershipCrossholdings_06-Oct-2026.xlsx",Ownership Crossholdings
holders,Swiss Rock Asset Management AG,"City, State",Zurich,2026-10-06,"filings/capitaliq/OwnerShip/OwnerShip CrossHoldings/SPGlobal_GrupoBimbo,S.A.B.deC.V._OwnershipCrossholdings_06-Oct-2026.xlsx",Ownership Crossholdings
holders,Swiss Rock Asset Management AG,Country,Switzerland,2026-10-06,"filings/capitaliq/OwnerShip/OwnerShip CrossHoldings/SPGlobal_GrupoBimbo,S.A.B.deC.V._OwnershipCrossholdings_06-Oct-2026.xlsx",Ownership Crossholdings
holders,Swiss Rock Asset Management AG,Portfolio Turnover Category,Low,2026-10-06,"filings/capitaliq/OwnerShip/OwnerShip CrossHoldings/SPGlobal_GrupoBimbo,S.A.B.deC.V._OwnershipCrossholdings_06-Oct-2026.xlsx",Ownership Crossholdings
holders,Swiss Rock Asset Management AG,Portfolio Turnover (%),29.1994,2026-10-06,"filings/capitaliq/OwnerShip/OwnerShip CrossHoldings/SPGlobal_GrupoBimbo,S.A.B.deC.V._OwnershipCrossholdings_06-Oct-2026.xlsx",Ownership Crossholdings
holders,Swiss Rock Asset Management AG,Equity Assets  (Mex$M),20959.842267,2026-10-06,"filings/capitaliq/OwnerShip/OwnerShip CrossHoldings/SPGlobal_GrupoBimbo,S.A.B.deC.V._OwnershipCrossholdings_06-Oct-2026.xlsx",Ownership Crossholdings
holders,Swiss Rock Asset Management AG,Equity Assets in Primary Industry (CIQ/GICS) (Mex$M),180.22204899999997,2026-10-06,"filings/capitaliq/OwnerShip/OwnerShip CrossHoldings/SPGlobal_GrupoBimbo,S.A.B.deC.V._OwnershipCrossholdings_06-Oct-2026.xlsx",Ownership Crossholdings
holders,Swiss Rock Asset Management AG,Institution is an Activist?,No,2026-10-06,"filings/capitaliq/OwnerShip/OwnerShip CrossHoldings/SPGlobal_GrupoBimbo,S.A.B.deC.V._OwnershipCrossholdings_06-Oct-2026.xlsx",Ownership Crossholdings
holders,Legal & General Investment Management Ltd.,MI Key,4139862,2026-10-06,"filings/capitaliq/OwnerShip/OwnerShip CrossHoldings/SPGlobal_GrupoBimbo,S.A.B.deC.V._OwnershipCrossholdings_06-Oct-2026.xlsx",Ownership Crossholdings
holders,Legal & General Investment Management Ltd.,Total,436791,2026-10-06,"filings/capitaliq/OwnerShip/OwnerShip CrossHoldings/SPGlobal_GrupoBimbo,S.A.B.deC.V._OwnershipCrossholdings_06-Oct-2026.xlsx",Ownership Crossholdings
holders,Legal & General Investment Management Ltd.,"Grupo Bimbo, S.A.B. de C.V. (BMV:BIMBO A)",436791,2026-10-06,"filings/capitaliq/OwnerShip/OwnerShip CrossHoldings/SPGlobal_GrupoBimbo,S.A.B.deC.V._OwnershipCrossholdings_06-Oct-2026.xlsx",Ownership Crossholdings
holders,Legal & General Investment Management Ltd.,Owner Type,Traditional Investment Managers,2026-10-06,"filings/capitaliq/OwnerShip/OwnerShip CrossHoldings/SPGlobal_GrupoBimbo,S.A.B.deC.V._OwnershipCrossholdings_06-Oct-2026.xlsx",Ownership Crossholdings
holders,Legal & General Investment Management Ltd.,Investment Orientation,Active,2026-10-06,"filings/capitaliq/OwnerShip/OwnerShip CrossHoldings/SPGlobal_GrupoBimbo,S.A.B.deC.V._OwnershipCrossholdings_06-Oct-2026.xlsx",Ownership Crossholdings
holders,Legal & General Investment Management Ltd.,Calculated Investment Style,Growth,2026-10-06,"filings/capitaliq/OwnerShip/OwnerShip CrossHoldings/SPGlobal_GrupoBimbo,S.A.B.deC.V._OwnershipCrossholdings_06-Oct-2026.xlsx",Ownership Crossholdings
holders,Legal & General Investment Management Ltd.,"City, State",London,2026-10-06,"filings/capitaliq/OwnerShip/OwnerShip CrossHoldings/SPGlobal_GrupoBimbo,S.A.B.deC.V._OwnershipCrossholdings_06-Oct-2026.xlsx",Ownership Crossholdings
holders,Legal & General Investment Management Ltd.,Country,United Kingdom,2026-10-06,"filings/capitaliq/OwnerShip/OwnerShip CrossHoldings/SPGlobal_GrupoBimbo,S.A.B.deC.V._OwnershipCrossholdings_06-Oct-2026.xlsx",Ownership Crossholdings
holders,Legal & General Investment Management Ltd.,Portfolio Turnover Category,Very Low,2026-10-06,"filings/capitaliq/OwnerShip/OwnerShip CrossHoldings/SPGlobal_GrupoBimbo,S.A.B.deC.V._OwnershipCrossholdings_06-Oct-2026.xlsx",Ownership Crossholdings
holders,Legal & General Investment Management Ltd.,Portfolio Turnover (%),5.101,2026-10-06,"filings/capitaliq/OwnerShip/OwnerShip CrossHoldings/SPGlobal_GrupoBimbo,S.A.B.deC.V._OwnershipCrossholdings_06-Oct-2026.xlsx",Ownership Crossholdings
holders,Legal & General Investment Management Ltd.,Equity Assets  (Mex$M),9944951.656332001,2026-10-06,"filings/capitaliq/OwnerShip/OwnerShip CrossHoldings/SPGlobal_GrupoBimbo,S.A.B.deC.V._OwnershipCrossholdings_06-Oct-2026.xlsx",Ownership Crossholdings
holders,Legal & General Investment Management Ltd.,Equity Assets in Primary Industry (CIQ/GICS) (Mex$M),32102.524145999996,2026-10-06,"filings/capitaliq/OwnerShip/OwnerShip CrossHoldings/SPGlobal_GrupoBimbo,S.A.B.deC.V._OwnershipCrossholdings_06-Oct-2026.xlsx",Ownership Crossholdings
holders,Legal & General Investment Management Ltd.,Institution is an Activist?,No,2026-10-06,"filings/capitaliq/OwnerShip/OwnerShip CrossHoldings/SPGlobal_GrupoBimbo,S.A.B.deC.V._OwnershipCrossholdings_06-Oct-2026.xlsx",Ownership Crossholdings
holders,Pichardo Asset Management S.A. DE C.V.,MI Key,4117496,2026-10-06,"filings/capitaliq/OwnerShip/OwnerShip CrossHoldings/SPGlobal_GrupoBimbo,S.A.B.deC.V._OwnershipCrossholdings_06-Oct-2026.xlsx",Ownership Crossholdings
holders,Pichardo Asset Management S.A. DE C.V.,Total,424118,2026-10-06,"filings/capitaliq/OwnerShip/OwnerShip CrossHoldings/SPGlobal_GrupoBimbo,S.A.B.deC.V._OwnershipCrossholdings_06-Oct-2026.xlsx",Ownership Crossholdings
holders,Pichardo Asset Management S.A. DE C.V.,"Grupo Bimbo, S.A.B. de C.V. (BMV:BIMBO A)",424118,2026-10-06,"filings/capitaliq/OwnerShip/OwnerShip CrossHoldings/SPGlobal_GrupoBimbo,S.A.B.deC.V._OwnershipCrossholdings_06-Oct-2026.xlsx",Ownership Crossholdings
holders,Pichardo Asset Management S.A. DE C.V.,Owner Type,Traditional Investment Managers,2026-10-06,"filings/capitaliq/OwnerShip/OwnerShip CrossHoldings/SPGlobal_GrupoBimbo,S.A.B.deC.V._OwnershipCrossholdings_06-Oct-2026.xlsx",Ownership Crossholdings
holders,Pichardo Asset Management S.A. DE C.V.,Investment Orientation,Active,2026-10-06,"filings/capitaliq/OwnerShip/OwnerShip CrossHoldings/SPGlobal_GrupoBimbo,S.A.B.deC.V._OwnershipCrossholdings_06-Oct-2026.xlsx",Ownership Crossholdings
holders,Pichardo Asset Management S.A. DE C.V.,Calculated Investment Style,Growth,2026-10-06,"filings/capitaliq/OwnerShip/OwnerShip CrossHoldings/SPGlobal_GrupoBimbo,S.A.B.deC.V._OwnershipCrossholdings_06-Oct-2026.xlsx",Ownership Crossholdings
holders,Pichardo Asset Management S.A. DE C.V.,"City, State","Mexico City, DF",2026-10-06,"filings/capitaliq/OwnerShip/OwnerShip CrossHoldings/SPGlobal_GrupoBimbo,S.A.B.deC.V._OwnershipCrossholdings_06-Oct-2026.xlsx",Ownership Crossholdings
holders,Pichardo Asset Management S.A. DE C.V.,Country,Mexico,2026-10-06,"filings/capitaliq/OwnerShip/OwnerShip CrossHoldings/SPGlobal_GrupoBimbo,S.A.B.deC.V._OwnershipCrossholdings_06-Oct-2026.xlsx",Ownership Crossholdings
holders,Pichardo Asset Management S.A. DE C.V.,Portfolio Turnover Category,Moderate,2026-10-06,"filings/capitaliq/OwnerShip/OwnerShip CrossHoldings/SPGlobal_GrupoBimbo,S.A.B.deC.V._OwnershipCrossholdings_06-Oct-2026.xlsx",Ownership Crossholdings
holders,Pichardo Asset Management S.A. DE C.V.,Portfolio Turnover (%),75.6928,2026-10-06,"filings/capitaliq/OwnerShip/OwnerShip CrossHoldings/SPGlobal_GrupoBimbo,S.A.B.deC.V._OwnershipCrossholdings_06-Oct-2026.xlsx",Ownership Crossholdings
holders,Pichardo Asset Management S.A. DE C.V.,Equity Assets  (Mex$M),1176.564284,2026-10-06,"filings/capitaliq/OwnerShip/OwnerShip CrossHoldings/SPGlobal_GrupoBimbo,S.A.B.deC.V._OwnershipCrossholdings_06-Oct-2026.xlsx",Ownership Crossholdings
holders,Pichardo Asset Management S.A. DE C.V.,Equity Assets in Primary Industry (CIQ/GICS) (Mex$M),23.179107,2026-10-06,"filings/capitaliq/OwnerShip/OwnerShip CrossHoldings/SPGlobal_GrupoBimbo,S.A.B.deC.V._OwnershipCrossholdings_06-Oct-2026.xlsx",Ownership Crossholdings
holders,Pichardo Asset Management S.A. DE C.V.,Institution is an Activist?,No,2026-10-06,"filings/capitaliq/OwnerShip/OwnerShip CrossHoldings/SPGlobal_GrupoBimbo,S.A.B.deC.V._OwnershipCrossholdings_06-Oct-2026.xlsx",Ownership Crossholdings
holders,BNP Paribas Asset Management Europe,MI Key,4784107,2026-10-06,"filings/capitaliq/OwnerShip/OwnerShip CrossHoldings/SPGlobal_GrupoBimbo,S.A.B.deC.V._OwnershipCrossholdings_06-Oct-2026.xlsx",Ownership Crossholdings
holders,BNP Paribas Asset Management Europe,Total,415384,2026-10-06,"filings/capitaliq/OwnerShip/OwnerShip CrossHoldings/SPGlobal_GrupoBimbo,S.A.B.deC.V._OwnershipCrossholdings_06-Oct-2026.xlsx",Ownership Crossholdings
holders,BNP Paribas Asset Management Europe,"Grupo Bimbo, S.A.B. de C.V. (BMV:BIMBO A)",415384,2026-10-06,"filings/capitaliq/OwnerShip/OwnerShip CrossHoldings/SPGlobal_GrupoBimbo,S.A.B.deC.V._OwnershipCrossholdings_06-Oct-2026.xlsx",Ownership Crossholdings
holders,BNP Paribas Asset Management Europe,Owner Type,Traditional Investment Managers,2026-10-06,"filings/capitaliq/OwnerShip/OwnerShip CrossHoldings/SPGlobal_GrupoBimbo,S.A.B.deC.V._OwnershipCrossholdings_06-Oct-2026.xlsx",Ownership Crossholdings
holders,BNP Paribas Asset Management Europe,Investment Orientation,Active,2026-10-06,"filings/capitaliq/OwnerShip/OwnerShip CrossHoldings/SPGlobal_GrupoBimbo,S.A.B.deC.V._OwnershipCrossholdings_06-Oct-2026.xlsx",Ownership Crossholdings
holders,BNP Paribas Asset Management Europe,Calculated Investment Style,Growth,2026-10-06,"filings/capitaliq/OwnerShip/OwnerShip CrossHoldings/SPGlobal_GrupoBimbo,S.A.B.deC.V._OwnershipCrossholdings_06-Oct-2026.xlsx",Ownership Crossholdings
holders,BNP Paribas Asset Management Europe,"City, State",Paris,2026-10-06,"filings/capitaliq/OwnerShip/OwnerShip CrossHoldings/SPGlobal_GrupoBimbo,S.A.B.deC.V._OwnershipCrossholdings_06-Oct-2026.xlsx",Ownership Crossholdings
holders,BNP Paribas Asset Management Europe,Country,France,2026-10-06,"filings/capitaliq/OwnerShip/OwnerShip CrossHoldings/SPGlobal_GrupoBimbo,S.A.B.deC.V._OwnershipCrossholdings_06-Oct-2026.xlsx",Ownership Crossholdings
holders,BNP Paribas Asset Management Europe,Portfolio Turnover Category,Low,2026-10-06,"filings/capitaliq/OwnerShip/OwnerShip CrossHoldings/SPGlobal_GrupoBimbo,S.A.B.deC.V._OwnershipCrossholdings_06-Oct-2026.xlsx",Ownership Crossholdings
holders,BNP Paribas Asset Management Europe,Portfolio Turnover (%),24.3066,2026-10-06,"filings/capitaliq/OwnerShip/OwnerShip CrossHoldings/SPGlobal_GrupoBimbo,S.A.B.deC.V._OwnershipCrossholdings_06-Oct-2026.xlsx",Ownership Crossholdings
holders,BNP Paribas Asset Management Europe,Equity Assets  (Mex$M),977728.6933469999,2026-10-06,"filings/capitaliq/OwnerShip/OwnerShip CrossHoldings/SPGlobal_GrupoBimbo,S.A.B.deC.V._OwnershipCrossholdings_06-Oct-2026.xlsx",Ownership Crossholdings
holders,BNP Paribas Asset Management Europe,Equity Assets in Primary Industry (CIQ/GICS) (Mex$M),11601.053211999999,2026-10-06,"filings/capitaliq/OwnerShip/OwnerShip CrossHoldings/SPGlobal_GrupoBimbo,S.A.B.deC.V._OwnershipCrossholdings_06-Oct-2026.xlsx",Ownership Crossholdings
holders,BNP Paribas Asset Management Europe,Institution is an Activist?,No,2026-10-06,"filings/capitaliq/OwnerShip/OwnerShip CrossHoldings/SPGlobal_GrupoBimbo,S.A.B.deC.V._OwnershipCrossholdings_06-Oct-2026.xlsx",Ownership Crossholdings
holders,Invesco Capital Management LLC,MI Key,4117611,2026-10-06,"filings/capitaliq/OwnerShip/OwnerShip CrossHoldings/SPGlobal_GrupoBimbo,S.A.B.deC.V._OwnershipCrossholdings_06-Oct-2026.xlsx",Ownership Crossholdings
holders,Invesco Capital Management LLC,Total,367516,2026-10-06,"filings/capitaliq/OwnerShip/OwnerShip CrossHoldings/SPGlobal_GrupoBimbo,S.A.B.deC.V._OwnershipCrossholdings_06-Oct-2026.xlsx",Ownership Crossholdings
holders,Invesco Capital Management LLC,"Grupo Bimbo, S.A.B. de C.V. (BMV:BIMBO A)",367516,2026-10-06,"filings/capitaliq/OwnerShip/OwnerShip CrossHoldings/SPGlobal_GrupoBimbo,S.A.B.deC.V._OwnershipCrossholdings_06-Oct-2026.xlsx",Ownership Crossholdings
holders,Invesco Capital Management LLC,Owner Type,Traditional Investment Managers,2026-10-06,"filings/capitaliq/OwnerShip/OwnerShip CrossHoldings/SPGlobal_GrupoBimbo,S.A.B.deC.V._OwnershipCrossholdings_06-Oct-2026.xlsx",Ownership Crossholdings
holders,Invesco Capital Management LLC,Investment Orientation,Passive,2026-10-06,"filings/capitaliq/OwnerShip/OwnerShip CrossHoldings/SPGlobal_GrupoBimbo,S.A.B.deC.V._OwnershipCrossholdings_06-Oct-2026.xlsx",Ownership Crossholdings
holders,Invesco Capital Management LLC,Calculated Investment Style,Aggressive Growth,2026-10-06,"filings/capitaliq/OwnerShip/OwnerShip CrossHoldings/SPGlobal_GrupoBimbo,S.A.B.deC.V._OwnershipCrossholdings_06-Oct-2026.xlsx",Ownership Crossholdings
holders,Invesco Capital Management LLC,"City, State","Downers Grove, IL",2026-10-06,"filings/capitaliq/OwnerShip/OwnerShip CrossHoldings/SPGlobal_GrupoBimbo,S.A.B.deC.V._OwnershipCrossholdings_06-Oct-2026.xlsx",Ownership Crossholdings
holders,Invesco Capital Management LLC,Country,USA,2026-10-06,"filings/capitaliq/OwnerShip/OwnerShip CrossHoldings/SPGlobal_GrupoBimbo,S.A.B.deC.V._OwnershipCrossholdings_06-Oct-2026.xlsx",Ownership Crossholdings
holders,Invesco Capital Management LLC,Portfolio Turnover Category,Very Low,2026-10-06,"filings/capitaliq/OwnerShip/OwnerShip CrossHoldings/SPGlobal_GrupoBimbo,S.A.B.deC.V._OwnershipCrossholdings_06-Oct-2026.xlsx",Ownership Crossholdings
holders,Invesco Capital Management LLC,Portfolio Turnover (%),14.1543,2026-10-06,"filings/capitaliq/OwnerShip/OwnerShip CrossHoldings/SPGlobal_GrupoBimbo,S.A.B.deC.V._OwnershipCrossholdings_06-Oct-2026.xlsx",Ownership Crossholdings
holders,Invesco Capital Management LLC,Equity Assets  (Mex$M),16905249.552835,2026-10-06,"filings/capitaliq/OwnerShip/OwnerShip CrossHoldings/SPGlobal_GrupoBimbo,S.A.B.deC.V._OwnershipCrossholdings_06-Oct-2026.xlsx",Ownership Crossholdings
holders,Invesco Capital Management LLC,Equity Assets in Primary Industry (CIQ/GICS) (Mex$M),95481.74936999999,2026-10-06,"filings/capitaliq/OwnerShip/OwnerShip CrossHoldings/SPGlobal_GrupoBimbo,S.A.B.deC.V._OwnershipCrossholdings_06-Oct-2026.xlsx",Ownership Crossholdings
holders,Invesco Capital Management LLC,Institution is an Activist?,No,2026-10-06,"filings/capitaliq/OwnerShip/OwnerShip CrossHoldings/SPGlobal_GrupoBimbo,S.A.B.deC.V._OwnershipCrossholdings_06-Oct-2026.xlsx",Ownership Crossholdings
holders,KLP Kapitalforvaltning AS,MI Key,4138888,2026-10-06,"filings/capitaliq/OwnerShip/OwnerShip CrossHoldings/SPGlobal_GrupoBimbo,S.A.B.deC.V._OwnershipCrossholdings_06-Oct-2026.xlsx",Ownership Crossholdings
holders,KLP Kapitalforvaltning AS,Total,336328,2026-10-06,"filings/capitaliq/OwnerShip/OwnerShip CrossHoldings/SPGlobal_GrupoBimbo,S.A.B.deC.V._OwnershipCrossholdings_06-Oct-2026.xlsx",Ownership Crossholdings
holders,KLP Kapitalforvaltning AS,"Grupo Bimbo, S.A.B. de C.V. (BMV:BIMBO A)",336328,2026-10-06,"filings/capitaliq/OwnerShip/OwnerShip CrossHoldings/SPGlobal_GrupoBimbo,S.A.B.deC.V._OwnershipCrossholdings_06-Oct-2026.xlsx",Ownership Crossholdings
holders,KLP Kapitalforvaltning AS,Owner Type,Traditional Investment Managers,2026-10-06,"filings/capitaliq/OwnerShip/OwnerShip CrossHoldings/SPGlobal_GrupoBimbo,S.A.B.deC.V._OwnershipCrossholdings_06-Oct-2026.xlsx",Ownership Crossholdings
holders,KLP Kapitalforvaltning AS,Investment Orientation,Passive,2026-10-06,"filings/capitaliq/OwnerShip/OwnerShip CrossHoldings/SPGlobal_GrupoBimbo,S.A.B.deC.V._OwnershipCrossholdings_06-Oct-2026.xlsx",Ownership Crossholdings
holders,KLP Kapitalforvaltning AS,Calculated Investment Style,Growth,2026-10-06,"filings/capitaliq/OwnerShip/OwnerShip CrossHoldings/SPGlobal_GrupoBimbo,S.A.B.deC.V._OwnershipCrossholdings_06-Oct-2026.xlsx",Ownership Crossholdings
holders,KLP Kapitalforvaltning AS,"City, State",Oslo,2026-10-06,"filings/capitaliq/OwnerShip/OwnerShip CrossHoldings/SPGlobal_GrupoBimbo,S.A.B.deC.V._OwnershipCrossholdings_06-Oct-2026.xlsx",Ownership Crossholdings
holders,KLP Kapitalforvaltning AS,Country,Norway,2026-10-06,"filings/capitaliq/OwnerShip/OwnerShip CrossHoldings/SPGlobal_GrupoBimbo,S.A.B.deC.V._OwnershipCrossholdings_06-Oct-2026.xlsx",Ownership Crossholdings
holders,KLP Kapitalforvaltning AS,Portfolio Turnover Category,Very Low,2026-10-06,"filings/capitaliq/OwnerShip/OwnerShip CrossHoldings/SPGlobal_GrupoBimbo,S.A.B.deC.V._OwnershipCrossholdings_06-Oct-2026.xlsx",Ownership Crossholdings
holders,KLP Kapitalforvaltning AS,Portfolio Turnover (%),9.8162,2026-10-06,"filings/capitaliq/OwnerShip/OwnerShip CrossHoldings/SPGlobal_GrupoBimbo,S.A.B.deC.V._OwnershipCrossholdings_06-Oct-2026.xlsx",Ownership Crossholdings
holders,KLP Kapitalforvaltning AS,Equity Assets  (Mex$M),857409.003521,2026-10-06,"filings/capitaliq/OwnerShip/OwnerShip CrossHoldings/SPGlobal_GrupoBimbo,S.A.B.deC.V._OwnershipCrossholdings_06-Oct-2026.xlsx",Ownership Crossholdings
holders,KLP Kapitalforvaltning AS,Equity Assets in Primary Industry (CIQ/GICS) (Mex$M),14754.310179,2026-10-06,"filings/capitaliq/OwnerShip/OwnerShip CrossHoldings/SPGlobal_GrupoBimbo,S.A.B.deC.V._OwnershipCrossholdings_06-Oct-2026.xlsx",Ownership Crossholdings
holders,KLP Kapitalforvaltning AS,Institution is an Activist?,No,2026-10-06,"filings/capitaliq/OwnerShip/OwnerShip CrossHoldings/SPGlobal_GrupoBimbo,S.A.B.deC.V._OwnershipCrossholdings_06-Oct-2026.xlsx",Ownership Crossholdings
holders,BNY Asset Management,MI Key,4057506,2026-10-06,"filings/capitaliq/OwnerShip/OwnerShip CrossHoldings/SPGlobal_GrupoBimbo,S.A.B.deC.V._OwnershipCrossholdings_06-Oct-2026.xlsx",Ownership Crossholdings
holders,BNY Asset Management,Total,331559,2026-10-06,"filings/capitaliq/OwnerShip/OwnerShip CrossHoldings/SPGlobal_GrupoBimbo,S.A.B.deC.V._OwnershipCrossholdings_06-Oct-2026.xlsx",Ownership Crossholdings
holders,BNY Asset Management,"Grupo Bimbo, S.A.B. de C.V. (BMV:BIMBO A)",331559,2026-10-06,"filings/capitaliq/OwnerShip/OwnerShip CrossHoldings/SPGlobal_GrupoBimbo,S.A.B.deC.V._OwnershipCrossholdings_06-Oct-2026.xlsx",Ownership Crossholdings
holders,BNY Asset Management,Owner Type,Traditional Investment Managers,2026-10-06,"filings/capitaliq/OwnerShip/OwnerShip CrossHoldings/SPGlobal_GrupoBimbo,S.A.B.deC.V._OwnershipCrossholdings_06-Oct-2026.xlsx",Ownership Crossholdings
holders,BNY Asset Management,Investment Orientation,Active,2026-10-06,"filings/capitaliq/OwnerShip/OwnerShip CrossHoldings/SPGlobal_GrupoBimbo,S.A.B.deC.V._OwnershipCrossholdings_06-Oct-2026.xlsx",Ownership Crossholdings
holders,BNY Asset Management,Calculated Investment Style,Growth,2026-10-06,"filings/capitaliq/OwnerShip/OwnerShip CrossHoldings/SPGlobal_GrupoBimbo,S.A.B.deC.V._OwnershipCrossholdings_06-Oct-2026.xlsx",Ownership Crossholdings
holders,BNY Asset Management,"City, State","Boston, MA",2026-10-06,"filings/capitaliq/OwnerShip/OwnerShip CrossHoldings/SPGlobal_GrupoBimbo,S.A.B.deC.V._OwnershipCrossholdings_06-Oct-2026.xlsx",Ownership Crossholdings
holders,BNY Asset Management,Country,USA,2026-10-06,"filings/capitaliq/OwnerShip/OwnerShip CrossHoldings/SPGlobal_GrupoBimbo,S.A.B.deC.V._OwnershipCrossholdings_06-Oct-2026.xlsx",Ownership Crossholdings
holders,BNY Asset Management,Portfolio Turnover Category,Very Low,2026-10-06,"filings/capitaliq/OwnerShip/OwnerShip CrossHoldings/SPGlobal_GrupoBimbo,S.A.B.deC.V._OwnershipCrossholdings_06-Oct-2026.xlsx",Ownership Crossholdings
holders,BNY Asset Management,Portfolio Turnover (%),13.2453,2026-10-06,"filings/capitaliq/OwnerShip/OwnerShip CrossHoldings/SPGlobal_GrupoBimbo,S.A.B.deC.V._OwnershipCrossholdings_06-Oct-2026.xlsx",Ownership Crossholdings
holders,BNY Asset Management,Equity Assets  (Mex$M),10483256.768711999,2026-10-06,"filings/capitaliq/OwnerShip/OwnerShip CrossHoldings/SPGlobal_GrupoBimbo,S.A.B.deC.V._OwnershipCrossholdings_06-Oct-2026.xlsx",Ownership Crossholdings
holders,BNY Asset Management,Equity Assets in Primary Industry (CIQ/GICS) (Mex$M),41665.792454999995,2026-10-06,"filings/capitaliq/OwnerShip/OwnerShip CrossHoldings/SPGlobal_GrupoBimbo,S.A.B.deC.V._OwnershipCrossholdings_06-Oct-2026.xlsx",Ownership Crossholdings
holders,BNY Asset Management,Institution is an Activist?,No,2026-10-06,"filings/capitaliq/OwnerShip/OwnerShip CrossHoldings/SPGlobal_GrupoBimbo,S.A.B.deC.V._OwnershipCrossholdings_06-Oct-2026.xlsx",Ownership Crossholdings
holders,BMO Asset Management Corp.,MI Key,109988,2026-10-06,"filings/capitaliq/OwnerShip/OwnerShip CrossHoldings/SPGlobal_GrupoBimbo,S.A.B.deC.V._OwnershipCrossholdings_06-Oct-2026.xlsx",Ownership Crossholdings
holders,BMO Asset Management Corp.,Total,331500,2026-10-06,"filings/capitaliq/OwnerShip/OwnerShip CrossHoldings/SPGlobal_GrupoBimbo,S.A.B.deC.V._OwnershipCrossholdings_06-Oct-2026.xlsx",Ownership Crossholdings
holders,BMO Asset Management Corp.,"Grupo Bimbo, S.A.B. de C.V. (BMV:BIMBO A)",331500,2026-10-06,"filings/capitaliq/OwnerShip/OwnerShip CrossHoldings/SPGlobal_GrupoBimbo,S.A.B.deC.V._OwnershipCrossholdings_06-Oct-2026.xlsx",Ownership Crossholdings
holders,BMO Asset Management Corp.,Owner Type,Traditional Investment Managers,2026-10-06,"filings/capitaliq/OwnerShip/OwnerShip CrossHoldings/SPGlobal_GrupoBimbo,S.A.B.deC.V._OwnershipCrossholdings_06-Oct-2026.xlsx",Ownership Crossholdings
holders,BMO Asset Management Corp.,Investment Orientation,Active,2026-10-06,"filings/capitaliq/OwnerShip/OwnerShip CrossHoldings/SPGlobal_GrupoBimbo,S.A.B.deC.V._OwnershipCrossholdings_06-Oct-2026.xlsx",Ownership Crossholdings
holders,BMO Asset Management Corp.,Calculated Investment Style,Growth,2026-10-06,"filings/capitaliq/OwnerShip/OwnerShip CrossHoldings/SPGlobal_GrupoBimbo,S.A.B.deC.V._OwnershipCrossholdings_06-Oct-2026.xlsx",Ownership Crossholdings
holders,BMO Asset Management Corp.,"City, State","Chicago, IL",2026-10-06,"filings/capitaliq/OwnerShip/OwnerShip CrossHoldings/SPGlobal_GrupoBimbo,S.A.B.deC.V._OwnershipCrossholdings_06-Oct-2026.xlsx",Ownership Crossholdings
holders,BMO Asset Management Corp.,Country,USA,2026-10-06,"filings/capitaliq/OwnerShip/OwnerShip CrossHoldings/SPGlobal_GrupoBimbo,S.A.B.deC.V._OwnershipCrossholdings_06-Oct-2026.xlsx",Ownership Crossholdings
holders,BMO Asset Management Corp.,Portfolio Turnover Category,Very Low,2026-10-06,"filings/capitaliq/OwnerShip/OwnerShip CrossHoldings/SPGlobal_GrupoBimbo,S.A.B.deC.V._OwnershipCrossholdings_06-Oct-2026.xlsx",Ownership Crossholdings
holders,BMO Asset Management Corp.,Portfolio Turnover (%),19.6685,2026-10-06,"filings/capitaliq/OwnerShip/OwnerShip CrossHoldings/SPGlobal_GrupoBimbo,S.A.B.deC.V._OwnershipCrossholdings_06-Oct-2026.xlsx",Ownership Crossholdings
holders,BMO Asset Management Corp.,Equity Assets  (Mex$M),4557097.605942,2026-10-06,"filings/capitaliq/OwnerShip/OwnerShip CrossHoldings/SPGlobal_GrupoBimbo,S.A.B.deC.V._OwnershipCrossholdings_06-Oct-2026.xlsx",Ownership Crossholdings
holders,BMO Asset Management Corp.,Equity Assets in Primary Industry (CIQ/GICS) (Mex$M),13881.949214,2026-10-06,"filings/capitaliq/OwnerShip/OwnerShip CrossHoldings/SPGlobal_GrupoBimbo,S.A.B.deC.V._OwnershipCrossholdings_06-Oct-2026.xlsx",Ownership Crossholdings
holders,BMO Asset Management Corp.,Institution is an Activist?,No,2026-10-06,"filings/capitaliq/OwnerShip/OwnerShip CrossHoldings/SPGlobal_GrupoBimbo,S.A.B.deC.V._OwnershipCrossholdings_06-Oct-2026.xlsx",Ownership Crossholdings
holders,Fidelity International Ltd.,MI Key,4020980,2026-10-06,"filings/capitaliq/OwnerShip/OwnerShip CrossHoldings/SPGlobal_GrupoBimbo,S.A.B.deC.V._OwnershipCrossholdings_06-Oct-2026.xlsx",Ownership Crossholdings
holders,Fidelity International Ltd.,Total,315300,2026-10-06,"filings/capitaliq/OwnerShip/OwnerShip CrossHoldings/SPGlobal_GrupoBimbo,S.A.B.deC.V._OwnershipCrossholdings_06-Oct-2026.xlsx",Ownership Crossholdings
holders,Fidelity International Ltd.,"Grupo Bimbo, S.A.B. de C.V. (BMV:BIMBO A)",315300,2026-10-06,"filings/capitaliq/OwnerShip/OwnerShip CrossHoldings/SPGlobal_GrupoBimbo,S.A.B.deC.V._OwnershipCrossholdings_06-Oct-2026.xlsx",Ownership Crossholdings
holders,Fidelity International Ltd.,Owner Type,Traditional Investment Managers,2026-10-06,"filings/capitaliq/OwnerShip/OwnerShip CrossHoldings/SPGlobal_GrupoBimbo,S.A.B.deC.V._OwnershipCrossholdings_06-Oct-2026.xlsx",Ownership Crossholdings
holders,Fidelity International Ltd.,Investment Orientation,Active,2026-10-06,"filings/capitaliq/OwnerShip/OwnerShip CrossHoldings/SPGlobal_GrupoBimbo,S.A.B.deC.V._OwnershipCrossholdings_06-Oct-2026.xlsx",Ownership Crossholdings
holders,Fidelity International Ltd.,Calculated Investment Style,Growth,2026-10-06,"filings/capitaliq/OwnerShip/OwnerShip CrossHoldings/SPGlobal_GrupoBimbo,S.A.B.deC.V._OwnershipCrossholdings_06-Oct-2026.xlsx",Ownership Crossholdings
holders,Fidelity International Ltd.,"City, State",Pembroke,2026-10-06,"filings/capitaliq/OwnerShip/OwnerShip CrossHoldings/SPGlobal_GrupoBimbo,S.A.B.deC.V._OwnershipCrossholdings_06-Oct-2026.xlsx",Ownership Crossholdings
holders,Fidelity International Ltd.,Country,Bermuda,2026-10-06,"filings/capitaliq/OwnerShip/OwnerShip CrossHoldings/SPGlobal_GrupoBimbo,S.A.B.deC.V._OwnershipCrossholdings_06-Oct-2026.xlsx",Ownership Crossholdings
holders,Fidelity International Ltd.,Portfolio Turnover Category,Low,2026-10-06,"filings/capitaliq/OwnerShip/OwnerShip CrossHoldings/SPGlobal_GrupoBimbo,S.A.B.deC.V._OwnershipCrossholdings_06-Oct-2026.xlsx",Ownership Crossholdings
holders,Fidelity International Ltd.,Portfolio Turnover (%),33.876,2026-10-06,"filings/capitaliq/OwnerShip/OwnerShip CrossHoldings/SPGlobal_GrupoBimbo,S.A.B.deC.V._OwnershipCrossholdings_06-Oct-2026.xlsx",Ownership Crossholdings
holders,Fidelity International Ltd.,Equity Assets  (Mex$M),4854950.208989999,2026-10-06,"filings/capitaliq/OwnerShip/OwnerShip CrossHoldings/SPGlobal_GrupoBimbo,S.A.B.deC.V._OwnershipCrossholdings_06-Oct-2026.xlsx",Ownership Crossholdings
holders,Fidelity International Ltd.,Equity Assets in Primary Industry (CIQ/GICS) (Mex$M),33952.180948,2026-10-06,"filings/capitaliq/OwnerShip/OwnerShip CrossHoldings/SPGlobal_GrupoBimbo,S.A.B.deC.V._OwnershipCrossholdings_06-Oct-2026.xlsx",Ownership Crossholdings
holders,Fidelity International Ltd.,Institution is an Activist?,No,2026-10-06,"filings/capitaliq/OwnerShip/OwnerShip CrossHoldings/SPGlobal_GrupoBimbo,S.A.B.deC.V._OwnershipCrossholdings_06-Oct-2026.xlsx",Ownership Crossholdings
holders,SEB Funds AB,MI Key,4256960,2026-10-06,"filings/capitaliq/OwnerShip/OwnerShip CrossHoldings/SPGlobal_GrupoBimbo,S.A.B.deC.V._OwnershipCrossholdings_06-Oct-2026.xlsx",Ownership Crossholdings
holders,SEB Funds AB,Total,288177,2026-10-06,"filings/capitaliq/OwnerShip/OwnerShip CrossHoldings/SPGlobal_GrupoBimbo,S.A.B.deC.V._OwnershipCrossholdings_06-Oct-2026.xlsx",Ownership Crossholdings
holders,SEB Funds AB,"Grupo Bimbo, S.A.B. de C.V. (BMV:BIMBO A)",288177,2026-10-06,"filings/capitaliq/OwnerShip/OwnerShip CrossHoldings/SPGlobal_GrupoBimbo,S.A.B.deC.V._OwnershipCrossholdings_06-Oct-2026.xlsx",Ownership Crossholdings
holders,SEB Funds AB,Owner Type,Traditional Investment Managers,2026-10-06,"filings/capitaliq/OwnerShip/OwnerShip CrossHoldings/SPGlobal_GrupoBimbo,S.A.B.deC.V._OwnershipCrossholdings_06-Oct-2026.xlsx",Ownership Crossholdings
holders,SEB Funds AB,Investment Orientation,Active,2026-10-06,"filings/capitaliq/OwnerShip/OwnerShip CrossHoldings/SPGlobal_GrupoBimbo,S.A.B.deC.V._OwnershipCrossholdings_06-Oct-2026.xlsx",Ownership Crossholdings
holders,SEB Funds AB,Calculated Investment Style,Growth,2026-10-06,"filings/capitaliq/OwnerShip/OwnerShip CrossHoldings/SPGlobal_GrupoBimbo,S.A.B.deC.V._OwnershipCrossholdings_06-Oct-2026.xlsx",Ownership Crossholdings
holders,SEB Funds AB,"City, State",Riga,2026-10-06,"filings/capitaliq/OwnerShip/OwnerShip CrossHoldings/SPGlobal_GrupoBimbo,S.A.B.deC.V._OwnershipCrossholdings_06-Oct-2026.xlsx",Ownership Crossholdings
holders,SEB Funds AB,Country,Latvia,2026-10-06,"filings/capitaliq/OwnerShip/OwnerShip CrossHoldings/SPGlobal_GrupoBimbo,S.A.B.deC.V._OwnershipCrossholdings_06-Oct-2026.xlsx",Ownership Crossholdings
holders,SEB Funds AB,Portfolio Turnover Category,Low,2026-10-06,"filings/capitaliq/OwnerShip/OwnerShip CrossHoldings/SPGlobal_GrupoBimbo,S.A.B.deC.V._OwnershipCrossholdings_06-Oct-2026.xlsx",Ownership Crossholdings
holders,SEB Funds AB,Portfolio Turnover (%),25.1974,2026-10-06,"filings/capitaliq/OwnerShip/OwnerShip CrossHoldings/SPGlobal_GrupoBimbo,S.A.B.deC.V._OwnershipCrossholdings_06-Oct-2026.xlsx",Ownership Crossholdings
holders,SEB Funds AB,Equity Assets  (Mex$M),924311.6326919999,2026-10-06,"filings/capitaliq/OwnerShip/OwnerShip CrossHoldings/SPGlobal_GrupoBimbo,S.A.B.deC.V._OwnershipCrossholdings_06-Oct-2026.xlsx",Ownership Crossholdings
holders,SEB Funds AB,Equity Assets in Primary Industry (CIQ/GICS) (Mex$M),8065.610503999999,2026-10-06,"filings/capitaliq/OwnerShip/OwnerShip CrossHoldings/SPGlobal_GrupoBimbo,S.A.B.deC.V._OwnershipCrossholdings_06-Oct-2026.xlsx",Ownership Crossholdings
holders,SEB Funds AB,Institution is an Activist?,No,2026-10-06,"filings/capitaliq/OwnerShip/OwnerShip CrossHoldings/SPGlobal_GrupoBimbo,S.A.B.deC.V._OwnershipCrossholdings_06-Oct-2026.xlsx",Ownership Crossholdings
holders,Sumitomo Mitsui Trust Asset Management Co. Ltd.,MI Key,4318240,2026-10-06,"filings/capitaliq/OwnerShip/OwnerShip CrossHoldings/SPGlobal_GrupoBimbo,S.A.B.deC.V._OwnershipCrossholdings_06-Oct-2026.xlsx",Ownership Crossholdings
holders,Sumitomo Mitsui Trust Asset Management Co. Ltd.,Total,279600,2026-10-06,"filings/capitaliq/OwnerShip/OwnerShip CrossHoldings/SPGlobal_GrupoBimbo,S.A.B.deC.V._OwnershipCrossholdings_06-Oct-2026.xlsx",Ownership Crossholdings
holders,Sumitomo Mitsui Trust Asset Management Co. Ltd.,"Grupo Bimbo, S.A.B. de C.V. (BMV:BIMBO A)",279600,2026-10-06,"filings/capitaliq/OwnerShip/OwnerShip CrossHoldings/SPGlobal_GrupoBimbo,S.A.B.deC.V._OwnershipCrossholdings_06-Oct-2026.xlsx",Ownership Crossholdings
holders,Sumitomo Mitsui Trust Asset Management Co. Ltd.,Owner Type,Traditional Investment Managers,2026-10-06,"filings/capitaliq/OwnerShip/OwnerShip CrossHoldings/SPGlobal_GrupoBimbo,S.A.B.deC.V._OwnershipCrossholdings_06-Oct-2026.xlsx",Ownership Crossholdings
holders,Sumitomo Mitsui Trust Asset Management Co. Ltd.,Investment Orientation,Active,2026-10-06,"filings/capitaliq/OwnerShip/OwnerShip CrossHoldings/SPGlobal_GrupoBimbo,S.A.B.deC.V._OwnershipCrossholdings_06-Oct-2026.xlsx",Ownership Crossholdings
holders,Sumitomo Mitsui Trust Asset Management Co. Ltd.,Calculated Investment Style,Growth,2026-10-06,"filings/capitaliq/OwnerShip/OwnerShip CrossHoldings/SPGlobal_GrupoBimbo,S.A.B.deC.V._OwnershipCrossholdings_06-Oct-2026.xlsx",Ownership Crossholdings
holders,Sumitomo Mitsui Trust Asset Management Co. Ltd.,"City, State",Tokyo,2026-10-06,"filings/capitaliq/OwnerShip/OwnerShip CrossHoldings/SPGlobal_GrupoBimbo,S.A.B.deC.V._OwnershipCrossholdings_06-Oct-2026.xlsx",Ownership Crossholdings
holders,Sumitomo Mitsui Trust Asset Management Co. Ltd.,Country,Japan,2026-10-06,"filings/capitaliq/OwnerShip/OwnerShip CrossHoldings/SPGlobal_GrupoBimbo,S.A.B.deC.V._OwnershipCrossholdings_06-Oct-2026.xlsx",Ownership Crossholdings
holders,Sumitomo Mitsui Trust Asset Management Co. Ltd.,Portfolio Turnover Category,Very Low,2026-10-06,"filings/capitaliq/OwnerShip/OwnerShip CrossHoldings/SPGlobal_GrupoBimbo,S.A.B.deC.V._OwnershipCrossholdings_06-Oct-2026.xlsx",Ownership Crossholdings
holders,Sumitomo Mitsui Trust Asset Management Co. Ltd.,Portfolio Turnover (%),5.8909,2026-10-06,"filings/capitaliq/OwnerShip/OwnerShip CrossHoldings/SPGlobal_GrupoBimbo,S.A.B.deC.V._OwnershipCrossholdings_06-Oct-2026.xlsx",Ownership Crossholdings
holders,Sumitomo Mitsui Trust Asset Management Co. Ltd.,Equity Assets  (Mex$M),338166.280928,2026-10-06,"filings/capitaliq/OwnerShip/OwnerShip CrossHoldings/SPGlobal_GrupoBimbo,S.A.B.deC.V._OwnershipCrossholdings_06-Oct-2026.xlsx",Ownership Crossholdings
holders,Sumitomo Mitsui Trust Asset Management Co. Ltd.,Equity Assets in Primary Industry (CIQ/GICS) (Mex$M),2079.830725,2026-10-06,"filings/capitaliq/OwnerShip/OwnerShip CrossHoldings/SPGlobal_GrupoBimbo,S.A.B.deC.V._OwnershipCrossholdings_06-Oct-2026.xlsx",Ownership Crossholdings
holders,Sumitomo Mitsui Trust Asset Management Co. Ltd.,Institution is an Activist?,No,2026-10-06,"filings/capitaliq/OwnerShip/OwnerShip CrossHoldings/SPGlobal_GrupoBimbo,S.A.B.deC.V._OwnershipCrossholdings_06-Oct-2026.xlsx",Ownership Crossholdings
holders,Aberdeen Group PLC (ABDN-LSE),MI Key,4145085,2026-10-06,"filings/capitaliq/OwnerShip/OwnerShip CrossHoldings/SPGlobal_GrupoBimbo,S.A.B.deC.V._OwnershipCrossholdings_06-Oct-2026.xlsx",Ownership Crossholdings
holders,Aberdeen Group PLC (ABDN-LSE),Total,252284,2026-10-06,"filings/capitaliq/OwnerShip/OwnerShip CrossHoldings/SPGlobal_GrupoBimbo,S.A.B.deC.V._OwnershipCrossholdings_06-Oct-2026.xlsx",Ownership Crossholdings
holders,Aberdeen Group PLC (ABDN-LSE),"Grupo Bimbo, S.A.B. de C.V. (BMV:BIMBO A)",252284,2026-10-06,"filings/capitaliq/OwnerShip/OwnerShip CrossHoldings/SPGlobal_GrupoBimbo,S.A.B.deC.V._OwnershipCrossholdings_06-Oct-2026.xlsx",Ownership Crossholdings
holders,Aberdeen Group PLC (ABDN-LSE),Owner Type,Traditional Investment Managers,2026-10-06,"filings/capitaliq/OwnerShip/OwnerShip CrossHoldings/SPGlobal_GrupoBimbo,S.A.B.deC.V._OwnershipCrossholdings_06-Oct-2026.xlsx",Ownership Crossholdings
holders,Aberdeen Group PLC (ABDN-LSE),Investment Orientation,Active,2026-10-06,"filings/capitaliq/OwnerShip/OwnerShip CrossHoldings/SPGlobal_GrupoBimbo,S.A.B.deC.V._OwnershipCrossholdings_06-Oct-2026.xlsx",Ownership Crossholdings
holders,Aberdeen Group PLC (ABDN-LSE),Calculated Investment Style,Growth,2026-10-06,"filings/capitaliq/OwnerShip/OwnerShip CrossHoldings/SPGlobal_GrupoBimbo,S.A.B.deC.V._OwnershipCrossholdings_06-Oct-2026.xlsx",Ownership Crossholdings
holders,Aberdeen Group PLC (ABDN-LSE),"City, State",Edinburgh,2026-10-06,"filings/capitaliq/OwnerShip/OwnerShip CrossHoldings/SPGlobal_GrupoBimbo,S.A.B.deC.V._OwnershipCrossholdings_06-Oct-2026.xlsx",Ownership Crossholdings
holders,Aberdeen Group PLC (ABDN-LSE),Country,United Kingdom,2026-10-06,"filings/capitaliq/OwnerShip/OwnerShip CrossHoldings/SPGlobal_GrupoBimbo,S.A.B.deC.V._OwnershipCrossholdings_06-Oct-2026.xlsx",Ownership Crossholdings
holders,Aberdeen Group PLC (ABDN-LSE),Portfolio Turnover Category,Very Low,2026-10-06,"filings/capitaliq/OwnerShip/OwnerShip CrossHoldings/SPGlobal_GrupoBimbo,S.A.B.deC.V._OwnershipCrossholdings_06-Oct-2026.xlsx",Ownership Crossholdings
holders,Aberdeen Group PLC (ABDN-LSE),Portfolio Turnover (%),17.2009,2026-10-06,"filings/capitaliq/OwnerShip/OwnerShip CrossHoldings/SPGlobal_GrupoBimbo,S.A.B.deC.V._OwnershipCrossholdings_06-Oct-2026.xlsx",Ownership Crossholdings
holders,Aberdeen Group PLC (ABDN-LSE),Equity Assets  (Mex$M),2471331.0530370004,2026-10-06,"filings/capitaliq/OwnerShip/OwnerShip CrossHoldings/SPGlobal_GrupoBimbo,S.A.B.deC.V._OwnershipCrossholdings_06-Oct-2026.xlsx",Ownership Crossholdings
holders,Aberdeen Group PLC (ABDN-LSE),Equity Assets in Primary Industry (CIQ/GICS) (Mex$M),18674.813555999997,2026-10-06,"filings/capitaliq/OwnerShip/OwnerShip CrossHoldings/SPGlobal_GrupoBimbo,S.A.B.deC.V._OwnershipCrossholdings_06-Oct-2026.xlsx",Ownership Crossholdings
holders,Aberdeen Group PLC (ABDN-LSE),Institution is an Activist?,No,2026-10-06,"filings/capitaliq/OwnerShip/OwnerShip CrossHoldings/SPGlobal_GrupoBimbo,S.A.B.deC.V._OwnershipCrossholdings_06-Oct-2026.xlsx",Ownership Crossholdings
holders,Degroof Petercam Asset Management,MI Key,4377155,2026-10-06,"filings/capitaliq/OwnerShip/OwnerShip CrossHoldings/SPGlobal_GrupoBimbo,S.A.B.deC.V._OwnershipCrossholdings_06-Oct-2026.xlsx",Ownership Crossholdings
holders,Degroof Petercam Asset Management,Total,244502,2026-10-06,"filings/capitaliq/OwnerShip/OwnerShip CrossHoldings/SPGlobal_GrupoBimbo,S.A.B.deC.V._OwnershipCrossholdings_06-Oct-2026.xlsx",Ownership Crossholdings
holders,Degroof Petercam Asset Management,"Grupo Bimbo, S.A.B. de C.V. (BMV:BIMBO A)",244502,2026-10-06,"filings/capitaliq/OwnerShip/OwnerShip CrossHoldings/SPGlobal_GrupoBimbo,S.A.B.deC.V._OwnershipCrossholdings_06-Oct-2026.xlsx",Ownership Crossholdings
holders,Degroof Petercam Asset Management,Owner Type,Traditional Investment Managers,2026-10-06,"filings/capitaliq/OwnerShip/OwnerShip CrossHoldings/SPGlobal_GrupoBimbo,S.A.B.deC.V._OwnershipCrossholdings_06-Oct-2026.xlsx",Ownership Crossholdings
holders,Degroof Petercam Asset Management,Investment Orientation,Active,2026-10-06,"filings/capitaliq/OwnerShip/OwnerShip CrossHoldings/SPGlobal_GrupoBimbo,S.A.B.deC.V._OwnershipCrossholdings_06-Oct-2026.xlsx",Ownership Crossholdings
holders,Degroof Petercam Asset Management,Calculated Investment Style,Growth,2026-10-06,"filings/capitaliq/OwnerShip/OwnerShip CrossHoldings/SPGlobal_GrupoBimbo,S.A.B.deC.V._OwnershipCrossholdings_06-Oct-2026.xlsx",Ownership Crossholdings
holders,Degroof Petercam Asset Management,"City, State",Brussels,2026-10-06,"filings/capitaliq/OwnerShip/OwnerShip CrossHoldings/SPGlobal_GrupoBimbo,S.A.B.deC.V._OwnershipCrossholdings_06-Oct-2026.xlsx",Ownership Crossholdings
holders,Degroof Petercam Asset Management,Country,Belgium,2026-10-06,"filings/capitaliq/OwnerShip/OwnerShip CrossHoldings/SPGlobal_GrupoBimbo,S.A.B.deC.V._OwnershipCrossholdings_06-Oct-2026.xlsx",Ownership Crossholdings
holders,Degroof Petercam Asset Management,Portfolio Turnover Category,Low,2026-10-06,"filings/capitaliq/OwnerShip/OwnerShip CrossHoldings/SPGlobal_GrupoBimbo,S.A.B.deC.V._OwnershipCrossholdings_06-Oct-2026.xlsx",Ownership Crossholdings
holders,Degroof Petercam Asset Management,Portfolio Turnover (%),25.6849,2026-10-06,"filings/capitaliq/OwnerShip/OwnerShip CrossHoldings/SPGlobal_GrupoBimbo,S.A.B.deC.V._OwnershipCrossholdings_06-Oct-2026.xlsx",Ownership Crossholdings
holders,Degroof Petercam Asset Management,Equity Assets  (Mex$M),466785.348841,2026-10-06,"filings/capitaliq/OwnerShip/OwnerShip CrossHoldings/SPGlobal_GrupoBimbo,S.A.B.deC.V._OwnershipCrossholdings_06-Oct-2026.xlsx",Ownership Crossholdings
holders,Degroof Petercam Asset Management,Equity Assets in Primary Industry (CIQ/GICS) (Mex$M),3699.133921,2026-10-06,"filings/capitaliq/OwnerShip/OwnerShip CrossHoldings/SPGlobal_GrupoBimbo,S.A.B.deC.V._OwnershipCrossholdings_06-Oct-2026.xlsx",Ownership Crossholdings
holders,Degroof Petercam Asset Management,Institution is an Activist?,No,2026-10-06,"filings/capitaliq/OwnerShip/OwnerShip CrossHoldings/SPGlobal_GrupoBimbo,S.A.B.deC.V._OwnershipCrossholdings_06-Oct-2026.xlsx",Ownership Crossholdings
holders,WisdomTree Asset Management Inc.,MI Key,4145691,2026-10-06,"filings/capitaliq/OwnerShip/OwnerShip CrossHoldings/SPGlobal_GrupoBimbo,S.A.B.deC.V._OwnershipCrossholdings_06-Oct-2026.xlsx",Ownership Crossholdings
holders,WisdomTree Asset Management Inc.,Total,242193,2026-10-06,"filings/capitaliq/OwnerShip/OwnerShip CrossHoldings/SPGlobal_GrupoBimbo,S.A.B.deC.V._OwnershipCrossholdings_06-Oct-2026.xlsx",Ownership Crossholdings
holders,WisdomTree Asset Management Inc.,"Grupo Bimbo, S.A.B. de C.V. (BMV:BIMBO A)",242193,2026-10-06,"filings/capitaliq/OwnerShip/OwnerShip CrossHoldings/SPGlobal_GrupoBimbo,S.A.B.deC.V._OwnershipCrossholdings_06-Oct-2026.xlsx",Ownership Crossholdings
holders,WisdomTree Asset Management Inc.,Owner Type,Traditional Investment Managers,2026-10-06,"filings/capitaliq/OwnerShip/OwnerShip CrossHoldings/SPGlobal_GrupoBimbo,S.A.B.deC.V._OwnershipCrossholdings_06-Oct-2026.xlsx",Ownership Crossholdings
holders,WisdomTree Asset Management Inc.,Investment Orientation,Passive,2026-10-06,"filings/capitaliq/OwnerShip/OwnerShip CrossHoldings/SPGlobal_GrupoBimbo,S.A.B.deC.V._OwnershipCrossholdings_06-Oct-2026.xlsx",Ownership Crossholdings
holders,WisdomTree Asset Management Inc.,Calculated Investment Style,Growth,2026-10-06,"filings/capitaliq/OwnerShip/OwnerShip CrossHoldings/SPGlobal_GrupoBimbo,S.A.B.deC.V._OwnershipCrossholdings_06-Oct-2026.xlsx",Ownership Crossholdings
holders,WisdomTree Asset Management Inc.,"City, State","New York, NY",2026-10-06,"filings/capitaliq/OwnerShip/OwnerShip CrossHoldings/SPGlobal_GrupoBimbo,S.A.B.deC.V._OwnershipCrossholdings_06-Oct-2026.xlsx",Ownership Crossholdings
holders,WisdomTree Asset Management Inc.,Country,USA,2026-10-06,"filings/capitaliq/OwnerShip/OwnerShip CrossHoldings/SPGlobal_GrupoBimbo,S.A.B.deC.V._OwnershipCrossholdings_06-Oct-2026.xlsx",Ownership Crossholdings
holders,WisdomTree Asset Management Inc.,Portfolio Turnover Category,Low,2026-10-06,"filings/capitaliq/OwnerShip/OwnerShip CrossHoldings/SPGlobal_GrupoBimbo,S.A.B.deC.V._OwnershipCrossholdings_06-Oct-2026.xlsx",Ownership Crossholdings
holders,WisdomTree Asset Management Inc.,Portfolio Turnover (%),39.4505,2026-10-06,"filings/capitaliq/OwnerShip/OwnerShip CrossHoldings/SPGlobal_GrupoBimbo,S.A.B.deC.V._OwnershipCrossholdings_06-Oct-2026.xlsx",Ownership Crossholdings
holders,WisdomTree Asset Management Inc.,Equity Assets  (Mex$M),369138.23963799997,2026-10-06,"filings/capitaliq/OwnerShip/OwnerShip CrossHoldings/SPGlobal_GrupoBimbo,S.A.B.deC.V._OwnershipCrossholdings_06-Oct-2026.xlsx",Ownership Crossholdings
holders,WisdomTree Asset Management Inc.,Equity Assets in Primary Industry (CIQ/GICS) (Mex$M),1717.2304309999997,2026-10-06,"filings/capitaliq/OwnerShip/OwnerShip CrossHoldings/SPGlobal_GrupoBimbo,S.A.B.deC.V._OwnershipCrossholdings_06-Oct-2026.xlsx",Ownership Crossholdings
holders,WisdomTree Asset Management Inc.,Institution is an Activist?,No,2026-10-06,"filings/capitaliq/OwnerShip/OwnerShip CrossHoldings/SPGlobal_GrupoBimbo,S.A.B.deC.V._OwnershipCrossholdings_06-Oct-2026.xlsx",Ownership Crossholdings
holders,Storebrand Asset Management AS,MI Key,4336776,2026-10-06,"filings/capitaliq/OwnerShip/OwnerShip CrossHoldings/SPGlobal_GrupoBimbo,S.A.B.deC.V._OwnershipCrossholdings_06-Oct-2026.xlsx",Ownership Crossholdings
holders,Storebrand Asset Management AS,Total,237508,2026-10-06,"filings/capitaliq/OwnerShip/OwnerShip CrossHoldings/SPGlobal_GrupoBimbo,S.A.B.deC.V._OwnershipCrossholdings_06-Oct-2026.xlsx",Ownership Crossholdings
holders,Storebrand Asset Management AS,"Grupo Bimbo, S.A.B. de C.V. (BMV:BIMBO A)",237508,2026-10-06,"filings/capitaliq/OwnerShip/OwnerShip CrossHoldings/SPGlobal_GrupoBimbo,S.A.B.deC.V._OwnershipCrossholdings_06-Oct-2026.xlsx",Ownership Crossholdings
holders,Storebrand Asset Management AS,Owner Type,Traditional Investment Managers,2026-10-06,"filings/capitaliq/OwnerShip/OwnerShip CrossHoldings/SPGlobal_GrupoBimbo,S.A.B.deC.V._OwnershipCrossholdings_06-Oct-2026.xlsx",Ownership Crossholdings
holders,Storebrand Asset Management AS,Investment Orientation,Active,2026-10-06,"filings/capitaliq/OwnerShip/OwnerShip CrossHoldings/SPGlobal_GrupoBimbo,S.A.B.deC.V._OwnershipCrossholdings_06-Oct-2026.xlsx",Ownership Crossholdings
holders,Storebrand Asset Management AS,Calculated Investment Style,Growth,2026-10-06,"filings/capitaliq/OwnerShip/OwnerShip CrossHoldings/SPGlobal_GrupoBimbo,S.A.B.deC.V._OwnershipCrossholdings_06-Oct-2026.xlsx",Ownership Crossholdings
holders,Storebrand Asset Management AS,"City, State",Lysaker,2026-10-06,"filings/capitaliq/OwnerShip/OwnerShip CrossHoldings/SPGlobal_GrupoBimbo,S.A.B.deC.V._OwnershipCrossholdings_06-Oct-2026.xlsx",Ownership Crossholdings
holders,Storebrand Asset Management AS,Country,Norway,2026-10-06,"filings/capitaliq/OwnerShip/OwnerShip CrossHoldings/SPGlobal_GrupoBimbo,S.A.B.deC.V._OwnershipCrossholdings_06-Oct-2026.xlsx",Ownership Crossholdings
holders,Storebrand Asset Management AS,Portfolio Turnover Category,Very Low,2026-10-06,"filings/capitaliq/OwnerShip/OwnerShip CrossHoldings/SPGlobal_GrupoBimbo,S.A.B.deC.V._OwnershipCrossholdings_06-Oct-2026.xlsx",Ownership Crossholdings
holders,Storebrand Asset Management AS,Portfolio Turnover (%),15.0376,2026-10-06,"filings/capitaliq/OwnerShip/OwnerShip CrossHoldings/SPGlobal_GrupoBimbo,S.A.B.deC.V._OwnershipCrossholdings_06-Oct-2026.xlsx",Ownership Crossholdings
holders,Storebrand Asset Management AS,Equity Assets  (Mex$M),816097.905308,2026-10-06,"filings/capitaliq/OwnerShip/OwnerShip CrossHoldings/SPGlobal_GrupoBimbo,S.A.B.deC.V._OwnershipCrossholdings_06-Oct-2026.xlsx",Ownership Crossholdings
holders,Storebrand Asset Management AS,Equity Assets in Primary Industry (CIQ/GICS) (Mex$M),7842.084852,2026-10-06,"filings/capitaliq/OwnerShip/OwnerShip CrossHoldings/SPGlobal_GrupoBimbo,S.A.B.deC.V._OwnershipCrossholdings_06-Oct-2026.xlsx",Ownership Crossholdings
holders,Storebrand Asset Management AS,Institution is an Activist?,No,2026-10-06,"filings/capitaliq/OwnerShip/OwnerShip CrossHoldings/SPGlobal_GrupoBimbo,S.A.B.deC.V._OwnershipCrossholdings_06-Oct-2026.xlsx",Ownership Crossholdings
holders,Nomura Asset Management Co. Ltd.,MI Key,4048507,2026-10-06,"filings/capitaliq/OwnerShip/OwnerShip CrossHoldings/SPGlobal_GrupoBimbo,S.A.B.deC.V._OwnershipCrossholdings_06-Oct-2026.xlsx",Ownership Crossholdings
holders,Nomura Asset Management Co. Ltd.,Total,224600,2026-10-06,"filings/capitaliq/OwnerShip/OwnerShip CrossHoldings/SPGlobal_GrupoBimbo,S.A.B.deC.V._OwnershipCrossholdings_06-Oct-2026.xlsx",Ownership Crossholdings
holders,Nomura Asset Management Co. Ltd.,"Grupo Bimbo, S.A.B. de C.V. (BMV:BIMBO A)",224600,2026-10-06,"filings/capitaliq/OwnerShip/OwnerShip CrossHoldings/SPGlobal_GrupoBimbo,S.A.B.deC.V._OwnershipCrossholdings_06-Oct-2026.xlsx",Ownership Crossholdings
holders,Nomura Asset Management Co. Ltd.,Owner Type,Traditional Investment Managers,2026-10-06,"filings/capitaliq/OwnerShip/OwnerShip CrossHoldings/SPGlobal_GrupoBimbo,S.A.B.deC.V._OwnershipCrossholdings_06-Oct-2026.xlsx",Ownership Crossholdings
holders,Nomura Asset Management Co. Ltd.,Investment Orientation,Active,2026-10-06,"filings/capitaliq/OwnerShip/OwnerShip CrossHoldings/SPGlobal_GrupoBimbo,S.A.B.deC.V._OwnershipCrossholdings_06-Oct-2026.xlsx",Ownership Crossholdings
holders,Nomura Asset Management Co. Ltd.,Calculated Investment Style,Growth,2026-10-06,"filings/capitaliq/OwnerShip/OwnerShip CrossHoldings/SPGlobal_GrupoBimbo,S.A.B.deC.V._OwnershipCrossholdings_06-Oct-2026.xlsx",Ownership Crossholdings
holders,Nomura Asset Management Co. Ltd.,"City, State",Tokyo,2026-10-06,"filings/capitaliq/OwnerShip/OwnerShip CrossHoldings/SPGlobal_GrupoBimbo,S.A.B.deC.V._OwnershipCrossholdings_06-Oct-2026.xlsx",Ownership Crossholdings
holders,Nomura Asset Management Co. Ltd.,Country,Japan,2026-10-06,"filings/capitaliq/OwnerShip/OwnerShip CrossHoldings/SPGlobal_GrupoBimbo,S.A.B.deC.V._OwnershipCrossholdings_06-Oct-2026.xlsx",Ownership Crossholdings
holders,Nomura Asset Management Co. Ltd.,Portfolio Turnover Category,Very Low,2026-10-06,"filings/capitaliq/OwnerShip/OwnerShip CrossHoldings/SPGlobal_GrupoBimbo,S.A.B.deC.V._OwnershipCrossholdings_06-Oct-2026.xlsx",Ownership Crossholdings
holders,Nomura Asset Management Co. Ltd.,Portfolio Turnover (%),7.0962,2026-10-06,"filings/capitaliq/OwnerShip/OwnerShip CrossHoldings/SPGlobal_GrupoBimbo,S.A.B.deC.V._OwnershipCrossholdings_06-Oct-2026.xlsx",Ownership Crossholdings
holders,Nomura Asset Management Co. Ltd.,Equity Assets  (Mex$M),1100115.9954539998,2026-10-06,"filings/capitaliq/OwnerShip/OwnerShip CrossHoldings/SPGlobal_GrupoBimbo,S.A.B.deC.V._OwnershipCrossholdings_06-Oct-2026.xlsx",Ownership Crossholdings
holders,Nomura Asset Management Co. Ltd.,Equity Assets in Primary Industry (CIQ/GICS) (Mex$M),6355.926759,2026-10-06,"filings/capitaliq/OwnerShip/OwnerShip CrossHoldings/SPGlobal_GrupoBimbo,S.A.B.deC.V._OwnershipCrossholdings_06-Oct-2026.xlsx",Ownership Crossholdings
holders,Nomura Asset Management Co. Ltd.,Institution is an Activist?,No,2026-10-06,"filings/capitaliq/OwnerShip/OwnerShip CrossHoldings/SPGlobal_GrupoBimbo,S.A.B.deC.V._OwnershipCrossholdings_06-Oct-2026.xlsx",Ownership Crossholdings
holders,Eurizon Capital SGR SpA,MI Key,4324456,2026-10-06,"filings/capitaliq/OwnerShip/OwnerShip CrossHoldings/SPGlobal_GrupoBimbo,S.A.B.deC.V._OwnershipCrossholdings_06-Oct-2026.xlsx",Ownership Crossholdings
holders,Eurizon Capital SGR SpA,Total,210910,2026-10-06,"filings/capitaliq/OwnerShip/OwnerShip CrossHoldings/SPGlobal_GrupoBimbo,S.A.B.deC.V._OwnershipCrossholdings_06-Oct-2026.xlsx",Ownership Crossholdings
holders,Eurizon Capital SGR SpA,"Grupo Bimbo, S.A.B. de C.V. (BMV:BIMBO A)",210910,2026-10-06,"filings/capitaliq/OwnerShip/OwnerShip CrossHoldings/SPGlobal_GrupoBimbo,S.A.B.deC.V._OwnershipCrossholdings_06-Oct-2026.xlsx",Ownership Crossholdings
holders,Eurizon Capital SGR SpA,Owner Type,Traditional Investment Managers,2026-10-06,"filings/capitaliq/OwnerShip/OwnerShip CrossHoldings/SPGlobal_GrupoBimbo,S.A.B.deC.V._OwnershipCrossholdings_06-Oct-2026.xlsx",Ownership Crossholdings
holders,Eurizon Capital SGR SpA,Investment Orientation,Active,2026-10-06,"filings/capitaliq/OwnerShip/OwnerShip CrossHoldings/SPGlobal_GrupoBimbo,S.A.B.deC.V._OwnershipCrossholdings_06-Oct-2026.xlsx",Ownership Crossholdings
holders,Eurizon Capital SGR SpA,Calculated Investment Style,Growth,2026-10-06,"filings/capitaliq/OwnerShip/OwnerShip CrossHoldings/SPGlobal_GrupoBimbo,S.A.B.deC.V._OwnershipCrossholdings_06-Oct-2026.xlsx",Ownership Crossholdings
holders,Eurizon Capital SGR SpA,"City, State",Milan,2026-10-06,"filings/capitaliq/OwnerShip/OwnerShip CrossHoldings/SPGlobal_GrupoBimbo,S.A.B.deC.V._OwnershipCrossholdings_06-Oct-2026.xlsx",Ownership Crossholdings
holders,Eurizon Capital SGR SpA,Country,Italy,2026-10-06,"filings/capitaliq/OwnerShip/OwnerShip CrossHoldings/SPGlobal_GrupoBimbo,S.A.B.deC.V._OwnershipCrossholdings_06-Oct-2026.xlsx",Ownership Crossholdings
holders,Eurizon Capital SGR SpA,Portfolio Turnover Category,Low,2026-10-06,"filings/capitaliq/OwnerShip/OwnerShip CrossHoldings/SPGlobal_GrupoBimbo,S.A.B.deC.V._OwnershipCrossholdings_06-Oct-2026.xlsx",Ownership Crossholdings
holders,Eurizon Capital SGR SpA,Portfolio Turnover (%),41.518,2026-10-06,"filings/capitaliq/OwnerShip/OwnerShip CrossHoldings/SPGlobal_GrupoBimbo,S.A.B.deC.V._OwnershipCrossholdings_06-Oct-2026.xlsx",Ownership Crossholdings
holders,Eurizon Capital SGR SpA,Equity Assets  (Mex$M),1070600.547142,2026-10-06,"filings/capitaliq/OwnerShip/OwnerShip CrossHoldings/SPGlobal_GrupoBimbo,S.A.B.deC.V._OwnershipCrossholdings_06-Oct-2026.xlsx",Ownership Crossholdings
holders,Eurizon Capital SGR SpA,Equity Assets in Primary Industry (CIQ/GICS) (Mex$M),7506.616690999999,2026-10-06,"filings/capitaliq/OwnerShip/OwnerShip CrossHoldings/SPGlobal_GrupoBimbo,S.A.B.deC.V._OwnershipCrossholdings_06-Oct-2026.xlsx",Ownership Crossholdings
holders,Eurizon Capital SGR SpA,Institution is an Activist?,No,2026-10-06,"filings/capitaliq/OwnerShip/OwnerShip CrossHoldings/SPGlobal_GrupoBimbo,S.A.B.deC.V._OwnershipCrossholdings_06-Oct-2026.xlsx",Ownership Crossholdings
holders,Danske Bank A/S (DANSKE-CPSE),MI Key,4080954,2026-10-06,"filings/capitaliq/OwnerShip/OwnerShip CrossHoldings/SPGlobal_GrupoBimbo,S.A.B.deC.V._OwnershipCrossholdings_06-Oct-2026.xlsx",Ownership Crossholdings
holders,Danske Bank A/S (DANSKE-CPSE),Total,191494,2026-10-06,"filings/capitaliq/OwnerShip/OwnerShip CrossHoldings/SPGlobal_GrupoBimbo,S.A.B.deC.V._OwnershipCrossholdings_06-Oct-2026.xlsx",Ownership Crossholdings
holders,Danske Bank A/S (DANSKE-CPSE),"Grupo Bimbo, S.A.B. de C.V. (BMV:BIMBO A)",191494,2026-10-06,"filings/capitaliq/OwnerShip/OwnerShip CrossHoldings/SPGlobal_GrupoBimbo,S.A.B.deC.V._OwnershipCrossholdings_06-Oct-2026.xlsx",Ownership Crossholdings
holders,Danske Bank A/S (DANSKE-CPSE),Owner Type,Traditional Investment Managers,2026-10-06,"filings/capitaliq/OwnerShip/OwnerShip CrossHoldings/SPGlobal_GrupoBimbo,S.A.B.deC.V._OwnershipCrossholdings_06-Oct-2026.xlsx",Ownership Crossholdings
holders,Danske Bank A/S (DANSKE-CPSE),Investment Orientation,Active,2026-10-06,"filings/capitaliq/OwnerShip/OwnerShip CrossHoldings/SPGlobal_GrupoBimbo,S.A.B.deC.V._OwnershipCrossholdings_06-Oct-2026.xlsx",Ownership Crossholdings
holders,Danske Bank A/S (DANSKE-CPSE),Calculated Investment Style,Growth,2026-10-06,"filings/capitaliq/OwnerShip/OwnerShip CrossHoldings/SPGlobal_GrupoBimbo,S.A.B.deC.V._OwnershipCrossholdings_06-Oct-2026.xlsx",Ownership Crossholdings
holders,Danske Bank A/S (DANSKE-CPSE),"City, State",Copenhagen,2026-10-06,"filings/capitaliq/OwnerShip/OwnerShip CrossHoldings/SPGlobal_GrupoBimbo,S.A.B.deC.V._OwnershipCrossholdings_06-Oct-2026.xlsx",Ownership Crossholdings
holders,Danske Bank A/S (DANSKE-CPSE),Country,Denmark,2026-10-06,"filings/capitaliq/OwnerShip/OwnerShip CrossHoldings/SPGlobal_GrupoBimbo,S.A.B.deC.V._OwnershipCrossholdings_06-Oct-2026.xlsx",Ownership Crossholdings
holders,Danske Bank A/S (DANSKE-CPSE),Portfolio Turnover Category,Low,2026-10-06,"filings/capitaliq/OwnerShip/OwnerShip CrossHoldings/SPGlobal_GrupoBimbo,S.A.B.deC.V._OwnershipCrossholdings_06-Oct-2026.xlsx",Ownership Crossholdings
holders,Danske Bank A/S (DANSKE-CPSE),Portfolio Turnover (%),31.0814,2026-10-06,"filings/capitaliq/OwnerShip/OwnerShip CrossHoldings/SPGlobal_GrupoBimbo,S.A.B.deC.V._OwnershipCrossholdings_06-Oct-2026.xlsx",Ownership Crossholdings
holders,Danske Bank A/S (DANSKE-CPSE),Equity Assets  (Mex$M),484820.31123399996,2026-10-06,"filings/capitaliq/OwnerShip/OwnerShip CrossHoldings/SPGlobal_GrupoBimbo,S.A.B.deC.V._OwnershipCrossholdings_06-Oct-2026.xlsx",Ownership Crossholdings
holders,Danske Bank A/S (DANSKE-CPSE),Equity Assets in Primary Industry (CIQ/GICS) (Mex$M),3740.1016449999997,2026-10-06,"filings/capitaliq/OwnerShip/OwnerShip CrossHoldings/SPGlobal_GrupoBimbo,S.A.B.deC.V._OwnershipCrossholdings_06-Oct-2026.xlsx",Ownership Crossholdings
holders,Danske Bank A/S (DANSKE-CPSE),Institution is an Activist?,No,2026-10-06,"filings/capitaliq/OwnerShip/OwnerShip CrossHoldings/SPGlobal_GrupoBimbo,S.A.B.deC.V._OwnershipCrossholdings_06-Oct-2026.xlsx",Ownership Crossholdings
holders,Manulife Asset Management,MI Key,5747632,2026-10-06,"filings/capitaliq/OwnerShip/OwnerShip CrossHoldings/SPGlobal_GrupoBimbo,S.A.B.deC.V._OwnershipCrossholdings_06-Oct-2026.xlsx",Ownership Crossholdings
holders,Manulife Asset Management,Total,191357,2026-10-06,"filings/capitaliq/OwnerShip/OwnerShip CrossHoldings/SPGlobal_GrupoBimbo,S.A.B.deC.V._OwnershipCrossholdings_06-Oct-2026.xlsx",Ownership Crossholdings
holders,Manulife Asset Management,"Grupo Bimbo, S.A.B. de C.V. (BMV:BIMBO A)",191357,2026-10-06,"filings/capitaliq/OwnerShip/OwnerShip CrossHoldings/SPGlobal_GrupoBimbo,S.A.B.deC.V._OwnershipCrossholdings_06-Oct-2026.xlsx",Ownership Crossholdings
holders,Manulife Asset Management,Owner Type,Traditional Investment Managers,2026-10-06,"filings/capitaliq/OwnerShip/OwnerShip CrossHoldings/SPGlobal_GrupoBimbo,S.A.B.deC.V._OwnershipCrossholdings_06-Oct-2026.xlsx",Ownership Crossholdings
holders,Manulife Asset Management,Investment Orientation,Active,2026-10-06,"filings/capitaliq/OwnerShip/OwnerShip CrossHoldings/SPGlobal_GrupoBimbo,S.A.B.deC.V._OwnershipCrossholdings_06-Oct-2026.xlsx",Ownership Crossholdings
holders,Manulife Asset Management,Calculated Investment Style,Growth,2026-10-06,"filings/capitaliq/OwnerShip/OwnerShip CrossHoldings/SPGlobal_GrupoBimbo,S.A.B.deC.V._OwnershipCrossholdings_06-Oct-2026.xlsx",Ownership Crossholdings
holders,Manulife Asset Management,"City, State","Toronto, ON",2026-10-06,"filings/capitaliq/OwnerShip/OwnerShip CrossHoldings/SPGlobal_GrupoBimbo,S.A.B.deC.V._OwnershipCrossholdings_06-Oct-2026.xlsx",Ownership Crossholdings
holders,Manulife Asset Management,Country,Canada,2026-10-06,"filings/capitaliq/OwnerShip/OwnerShip CrossHoldings/SPGlobal_GrupoBimbo,S.A.B.deC.V._OwnershipCrossholdings_06-Oct-2026.xlsx",Ownership Crossholdings
holders,Manulife Asset Management,Portfolio Turnover Category,Low,2026-10-06,"filings/capitaliq/OwnerShip/OwnerShip CrossHoldings/SPGlobal_GrupoBimbo,S.A.B.deC.V._OwnershipCrossholdings_06-Oct-2026.xlsx",Ownership Crossholdings
holders,Manulife Asset Management,Portfolio Turnover (%),27.9897,2026-10-06,"filings/capitaliq/OwnerShip/OwnerShip CrossHoldings/SPGlobal_GrupoBimbo,S.A.B.deC.V._OwnershipCrossholdings_06-Oct-2026.xlsx",Ownership Crossholdings
holders,Manulife Asset Management,Equity Assets  (Mex$M),2434655.776224,2026-10-06,"filings/capitaliq/OwnerShip/OwnerShip CrossHoldings/SPGlobal_GrupoBimbo,S.A.B.deC.V._OwnershipCrossholdings_06-Oct-2026.xlsx",Ownership Crossholdings
holders,Manulife Asset Management,Equity Assets in Primary Industry (CIQ/GICS) (Mex$M),13180.466782,2026-10-06,"filings/capitaliq/OwnerShip/OwnerShip CrossHoldings/SPGlobal_GrupoBimbo,S.A.B.deC.V._OwnershipCrossholdings_06-Oct-2026.xlsx",Ownership Crossholdings
holders,Manulife Asset Management,Institution is an Activist?,No,2026-10-06,"filings/capitaliq/OwnerShip/OwnerShip CrossHoldings/SPGlobal_GrupoBimbo,S.A.B.deC.V._OwnershipCrossholdings_06-Oct-2026.xlsx",Ownership Crossholdings
holders,Eaton Vance Management,MI Key,109754,2026-10-06,"filings/capitaliq/OwnerShip/OwnerShip CrossHoldings/SPGlobal_GrupoBimbo,S.A.B.deC.V._OwnershipCrossholdings_06-Oct-2026.xlsx",Ownership Crossholdings
holders,Eaton Vance Management,Total,189553,2026-10-06,"filings/capitaliq/OwnerShip/OwnerShip CrossHoldings/SPGlobal_GrupoBimbo,S.A.B.deC.V._OwnershipCrossholdings_06-Oct-2026.xlsx",Ownership Crossholdings
holders,Eaton Vance Management,"Grupo Bimbo, S.A.B. de C.V. (BMV:BIMBO A)",189553,2026-10-06,"filings/capitaliq/OwnerShip/OwnerShip CrossHoldings/SPGlobal_GrupoBimbo,S.A.B.deC.V._OwnershipCrossholdings_06-Oct-2026.xlsx",Ownership Crossholdings
holders,Eaton Vance Management,Owner Type,Traditional Investment Managers,2026-10-06,"filings/capitaliq/OwnerShip/OwnerShip CrossHoldings/SPGlobal_GrupoBimbo,S.A.B.deC.V._OwnershipCrossholdings_06-Oct-2026.xlsx",Ownership Crossholdings
holders,Eaton Vance Management,Investment Orientation,Active,2026-10-06,"filings/capitaliq/OwnerShip/OwnerShip CrossHoldings/SPGlobal_GrupoBimbo,S.A.B.deC.V._OwnershipCrossholdings_06-Oct-2026.xlsx",Ownership Crossholdings
holders,Eaton Vance Management,Calculated Investment Style,Growth,2026-10-06,"filings/capitaliq/OwnerShip/OwnerShip CrossHoldings/SPGlobal_GrupoBimbo,S.A.B.deC.V._OwnershipCrossholdings_06-Oct-2026.xlsx",Ownership Crossholdings
holders,Eaton Vance Management,"City, State","Boston, MA",2026-10-06,"filings/capitaliq/OwnerShip/OwnerShip CrossHoldings/SPGlobal_GrupoBimbo,S.A.B.deC.V._OwnershipCrossholdings_06-Oct-2026.xlsx",Ownership Crossholdings
holders,Eaton Vance Management,Country,USA,2026-10-06,"filings/capitaliq/OwnerShip/OwnerShip CrossHoldings/SPGlobal_GrupoBimbo,S.A.B.deC.V._OwnershipCrossholdings_06-Oct-2026.xlsx",Ownership Crossholdings
holders,Eaton Vance Management,Portfolio Turnover Category,Very Low,2026-10-06,"filings/capitaliq/OwnerShip/OwnerShip CrossHoldings/SPGlobal_GrupoBimbo,S.A.B.deC.V._OwnershipCrossholdings_06-Oct-2026.xlsx",Ownership Crossholdings
holders,Eaton Vance Management,Portfolio Turnover (%),8.8411,2026-10-06,"filings/capitaliq/OwnerShip/OwnerShip CrossHoldings/SPGlobal_GrupoBimbo,S.A.B.deC.V._OwnershipCrossholdings_06-Oct-2026.xlsx",Ownership Crossholdings
holders,Eaton Vance Management,Equity Assets  (Mex$M),10422372.26226,2026-10-06,"filings/capitaliq/OwnerShip/OwnerShip CrossHoldings/SPGlobal_GrupoBimbo,S.A.B.deC.V._OwnershipCrossholdings_06-Oct-2026.xlsx",Ownership Crossholdings
holders,Eaton Vance Management,Equity Assets in Primary Industry (CIQ/GICS) (Mex$M),39410.231756,2026-10-06,"filings/capitaliq/OwnerShip/OwnerShip CrossHoldings/SPGlobal_GrupoBimbo,S.A.B.deC.V._OwnershipCrossholdings_06-Oct-2026.xlsx",Ownership Crossholdings
holders,Eaton Vance Management,Institution is an Activist?,No,2026-10-06,"filings/capitaliq/OwnerShip/OwnerShip CrossHoldings/SPGlobal_GrupoBimbo,S.A.B.deC.V._OwnershipCrossholdings_06-Oct-2026.xlsx",Ownership Crossholdings
holders,Norges Bank Investment Management,MI Key,4138467,2026-10-06,"filings/capitaliq/OwnerShip/OwnerShip CrossHoldings/SPGlobal_GrupoBimbo,S.A.B.deC.V._OwnershipCrossholdings_06-Oct-2026.xlsx",Ownership Crossholdings
holders,Norges Bank Investment Management,Total,167294,2026-10-06,"filings/capitaliq/OwnerShip/OwnerShip CrossHoldings/SPGlobal_GrupoBimbo,S.A.B.deC.V._OwnershipCrossholdings_06-Oct-2026.xlsx",Ownership Crossholdings
holders,Norges Bank Investment Management,"Grupo Bimbo, S.A.B. de C.V. (BMV:BIMBO A)",167294,2026-10-06,"filings/capitaliq/OwnerShip/OwnerShip CrossHoldings/SPGlobal_GrupoBimbo,S.A.B.deC.V._OwnershipCrossholdings_06-Oct-2026.xlsx",Ownership Crossholdings
holders,Norges Bank Investment Management,Owner Type,Sovereign Wealth Funds (<5% stake),2026-10-06,"filings/capitaliq/OwnerShip/OwnerShip CrossHoldings/SPGlobal_GrupoBimbo,S.A.B.deC.V._OwnershipCrossholdings_06-Oct-2026.xlsx",Ownership Crossholdings
holders,Norges Bank Investment Management,Investment Orientation,Active,2026-10-06,"filings/capitaliq/OwnerShip/OwnerShip CrossHoldings/SPGlobal_GrupoBimbo,S.A.B.deC.V._OwnershipCrossholdings_06-Oct-2026.xlsx",Ownership Crossholdings
holders,Norges Bank Investment Management,Calculated Investment Style,Growth,2026-10-06,"filings/capitaliq/OwnerShip/OwnerShip CrossHoldings/SPGlobal_GrupoBimbo,S.A.B.deC.V._OwnershipCrossholdings_06-Oct-2026.xlsx",Ownership Crossholdings
holders,Norges Bank Investment Management,"City, State",Oslo,2026-10-06,"filings/capitaliq/OwnerShip/OwnerShip CrossHoldings/SPGlobal_GrupoBimbo,S.A.B.deC.V._OwnershipCrossholdings_06-Oct-2026.xlsx",Ownership Crossholdings
holders,Norges Bank Investment Management,Country,Norway,2026-10-06,"filings/capitaliq/OwnerShip/OwnerShip CrossHoldings/SPGlobal_GrupoBimbo,S.A.B.deC.V._OwnershipCrossholdings_06-Oct-2026.xlsx",Ownership Crossholdings
holders,Norges Bank Investment Management,Portfolio Turnover Category,Very Low,2026-10-06,"filings/capitaliq/OwnerShip/OwnerShip CrossHoldings/SPGlobal_GrupoBimbo,S.A.B.deC.V._OwnershipCrossholdings_06-Oct-2026.xlsx",Ownership Crossholdings
holders,Norges Bank Investment Management,Portfolio Turnover (%),10.9567,2026-10-06,"filings/capitaliq/OwnerShip/OwnerShip CrossHoldings/SPGlobal_GrupoBimbo,S.A.B.deC.V._OwnershipCrossholdings_06-Oct-2026.xlsx",Ownership Crossholdings
holders,Norges Bank Investment Management,Equity Assets  (Mex$M),27710374.995008998,2026-10-06,"filings/capitaliq/OwnerShip/OwnerShip CrossHoldings/SPGlobal_GrupoBimbo,S.A.B.deC.V._OwnershipCrossholdings_06-Oct-2026.xlsx",Ownership Crossholdings
holders,Norges Bank Investment Management,Equity Assets in Primary Industry (CIQ/GICS) (Mex$M),225210.359808,2026-10-06,"filings/capitaliq/OwnerShip/OwnerShip CrossHoldings/SPGlobal_GrupoBimbo,S.A.B.deC.V._OwnershipCrossholdings_06-Oct-2026.xlsx",Ownership Crossholdings
holders,Norges Bank Investment Management,Institution is an Activist?,No,2026-10-06,"filings/capitaliq/OwnerShip/OwnerShip CrossHoldings/SPGlobal_GrupoBimbo,S.A.B.deC.V._OwnershipCrossholdings_06-Oct-2026.xlsx",Ownership Crossholdings
holders,Pictet Asset Management Ltd.,MI Key,111267,2026-10-06,"filings/capitaliq/OwnerShip/OwnerShip CrossHoldings/SPGlobal_GrupoBimbo,S.A.B.deC.V._OwnershipCrossholdings_06-Oct-2026.xlsx",Ownership Crossholdings
holders,Pictet Asset Management Ltd.,Total,137200,2026-10-06,"filings/capitaliq/OwnerShip/OwnerShip CrossHoldings/SPGlobal_GrupoBimbo,S.A.B.deC.V._OwnershipCrossholdings_06-Oct-2026.xlsx",Ownership Crossholdings
holders,Pictet Asset Management Ltd.,"Grupo Bimbo, S.A.B. de C.V. (BMV:BIMBO A)",137200,2026-10-06,"filings/capitaliq/OwnerShip/OwnerShip CrossHoldings/SPGlobal_GrupoBimbo,S.A.B.deC.V._OwnershipCrossholdings_06-Oct-2026.xlsx",Ownership Crossholdings
holders,Pictet Asset Management Ltd.,Owner Type,Traditional Investment Managers,2026-10-06,"filings/capitaliq/OwnerShip/OwnerShip CrossHoldings/SPGlobal_GrupoBimbo,S.A.B.deC.V._OwnershipCrossholdings_06-Oct-2026.xlsx",Ownership Crossholdings
holders,Pictet Asset Management Ltd.,Investment Orientation,Active,2026-10-06,"filings/capitaliq/OwnerShip/OwnerShip CrossHoldings/SPGlobal_GrupoBimbo,S.A.B.deC.V._OwnershipCrossholdings_06-Oct-2026.xlsx",Ownership Crossholdings
holders,Pictet Asset Management Ltd.,Calculated Investment Style,Growth,2026-10-06,"filings/capitaliq/OwnerShip/OwnerShip CrossHoldings/SPGlobal_GrupoBimbo,S.A.B.deC.V._OwnershipCrossholdings_06-Oct-2026.xlsx",Ownership Crossholdings
holders,Pictet Asset Management Ltd.,"City, State",London,2026-10-06,"filings/capitaliq/OwnerShip/OwnerShip CrossHoldings/SPGlobal_GrupoBimbo,S.A.B.deC.V._OwnershipCrossholdings_06-Oct-2026.xlsx",Ownership Crossholdings
holders,Pictet Asset Management Ltd.,Country,United Kingdom,2026-10-06,"filings/capitaliq/OwnerShip/OwnerShip CrossHoldings/SPGlobal_GrupoBimbo,S.A.B.deC.V._OwnershipCrossholdings_06-Oct-2026.xlsx",Ownership Crossholdings
holders,Pictet Asset Management Ltd.,Portfolio Turnover Category,Low,2026-10-06,"filings/capitaliq/OwnerShip/OwnerShip CrossHoldings/SPGlobal_GrupoBimbo,S.A.B.deC.V._OwnershipCrossholdings_06-Oct-2026.xlsx",Ownership Crossholdings
holders,Pictet Asset Management Ltd.,Portfolio Turnover (%),26.067,2026-10-06,"filings/capitaliq/OwnerShip/OwnerShip CrossHoldings/SPGlobal_GrupoBimbo,S.A.B.deC.V._OwnershipCrossholdings_06-Oct-2026.xlsx",Ownership Crossholdings
holders,Pictet Asset Management Ltd.,Equity Assets  (Mex$M),2474755.6313340003,2026-10-06,"filings/capitaliq/OwnerShip/OwnerShip CrossHoldings/SPGlobal_GrupoBimbo,S.A.B.deC.V._OwnershipCrossholdings_06-Oct-2026.xlsx",Ownership Crossholdings
holders,Pictet Asset Management Ltd.,Equity Assets in Primary Industry (CIQ/GICS) (Mex$M),9911.134597,2026-10-06,"filings/capitaliq/OwnerShip/OwnerShip CrossHoldings/SPGlobal_GrupoBimbo,S.A.B.deC.V._OwnershipCrossholdings_06-Oct-2026.xlsx",Ownership Crossholdings
holders,Pictet Asset Management Ltd.,Institution is an Activist?,No,2026-10-06,"filings/capitaliq/OwnerShip/OwnerShip CrossHoldings/SPGlobal_GrupoBimbo,S.A.B.deC.V._OwnershipCrossholdings_06-Oct-2026.xlsx",Ownership Crossholdings
holders,Amova Asset Management Co. Ltd.,MI Key,4107954,2026-10-06,"filings/capitaliq/OwnerShip/OwnerShip CrossHoldings/SPGlobal_GrupoBimbo,S.A.B.deC.V._OwnershipCrossholdings_06-Oct-2026.xlsx",Ownership Crossholdings
holders,Amova Asset Management Co. Ltd.,Total,126000,2026-10-06,"filings/capitaliq/OwnerShip/OwnerShip CrossHoldings/SPGlobal_GrupoBimbo,S.A.B.deC.V._OwnershipCrossholdings_06-Oct-2026.xlsx",Ownership Crossholdings
holders,Amova Asset Management Co. Ltd.,"Grupo Bimbo, S.A.B. de C.V. (BMV:BIMBO A)",126000,2026-10-06,"filings/capitaliq/OwnerShip/OwnerShip CrossHoldings/SPGlobal_GrupoBimbo,S.A.B.deC.V._OwnershipCrossholdings_06-Oct-2026.xlsx",Ownership Crossholdings
holders,Amova Asset Management Co. Ltd.,Owner Type,Traditional Investment Managers,2026-10-06,"filings/capitaliq/OwnerShip/OwnerShip CrossHoldings/SPGlobal_GrupoBimbo,S.A.B.deC.V._OwnershipCrossholdings_06-Oct-2026.xlsx",Ownership Crossholdings
holders,Amova Asset Management Co. Ltd.,Investment Orientation,Active,2026-10-06,"filings/capitaliq/OwnerShip/OwnerShip CrossHoldings/SPGlobal_GrupoBimbo,S.A.B.deC.V._OwnershipCrossholdings_06-Oct-2026.xlsx",Ownership Crossholdings
holders,Amova Asset Management Co. Ltd.,Calculated Investment Style,Growth,2026-10-06,"filings/capitaliq/OwnerShip/OwnerShip CrossHoldings/SPGlobal_GrupoBimbo,S.A.B.deC.V._OwnershipCrossholdings_06-Oct-2026.xlsx",Ownership Crossholdings
holders,Amova Asset Management Co. Ltd.,"City, State",Tokyo,2026-10-06,"filings/capitaliq/OwnerShip/OwnerShip CrossHoldings/SPGlobal_GrupoBimbo,S.A.B.deC.V._OwnershipCrossholdings_06-Oct-2026.xlsx",Ownership Crossholdings
holders,Amova Asset Management Co. Ltd.,Country,Japan,2026-10-06,"filings/capitaliq/OwnerShip/OwnerShip CrossHoldings/SPGlobal_GrupoBimbo,S.A.B.deC.V._OwnershipCrossholdings_06-Oct-2026.xlsx",Ownership Crossholdings
holders,Amova Asset Management Co. Ltd.,Portfolio Turnover Category,Very Low,2026-10-06,"filings/capitaliq/OwnerShip/OwnerShip CrossHoldings/SPGlobal_GrupoBimbo,S.A.B.deC.V._OwnershipCrossholdings_06-Oct-2026.xlsx",Ownership Crossholdings
holders,Amova Asset Management Co. Ltd.,Portfolio Turnover (%),7.4264,2026-10-06,"filings/capitaliq/OwnerShip/OwnerShip CrossHoldings/SPGlobal_GrupoBimbo,S.A.B.deC.V._OwnershipCrossholdings_06-Oct-2026.xlsx",Ownership Crossholdings
holders,Amova Asset Management Co. Ltd.,Equity Assets  (Mex$M),3291870.722105,2026-10-06,"filings/capitaliq/OwnerShip/OwnerShip CrossHoldings/SPGlobal_GrupoBimbo,S.A.B.deC.V._OwnershipCrossholdings_06-Oct-2026.xlsx",Ownership Crossholdings
holders,Amova Asset Management Co. Ltd.,Equity Assets in Primary Industry (CIQ/GICS) (Mex$M),7732.478221999999,2026-10-06,"filings/capitaliq/OwnerShip/OwnerShip CrossHoldings/SPGlobal_GrupoBimbo,S.A.B.deC.V._OwnershipCrossholdings_06-Oct-2026.xlsx",Ownership Crossholdings
holders,Amova Asset Management Co. Ltd.,Institution is an Activist?,No,2026-10-06,"filings/capitaliq/OwnerShip/OwnerShip CrossHoldings/SPGlobal_GrupoBimbo,S.A.B.deC.V._OwnershipCrossholdings_06-Oct-2026.xlsx",Ownership Crossholdings
holders,Asset Management One Co. Ltd.,MI Key,4120033,2026-10-06,"filings/capitaliq/OwnerShip/OwnerShip CrossHoldings/SPGlobal_GrupoBimbo,S.A.B.deC.V._OwnershipCrossholdings_06-Oct-2026.xlsx",Ownership Crossholdings
holders,Asset Management One Co. Ltd.,Total,123400,2026-10-06,"filings/capitaliq/OwnerShip/OwnerShip CrossHoldings/SPGlobal_GrupoBimbo,S.A.B.deC.V._OwnershipCrossholdings_06-Oct-2026.xlsx",Ownership Crossholdings
holders,Asset Management One Co. Ltd.,"Grupo Bimbo, S.A.B. de C.V. (BMV:BIMBO A)",123400,2026-10-06,"filings/capitaliq/OwnerShip/OwnerShip CrossHoldings/SPGlobal_GrupoBimbo,S.A.B.deC.V._OwnershipCrossholdings_06-Oct-2026.xlsx",Ownership Crossholdings
holders,Asset Management One Co. Ltd.,Owner Type,Traditional Investment Managers,2026-10-06,"filings/capitaliq/OwnerShip/OwnerShip CrossHoldings/SPGlobal_GrupoBimbo,S.A.B.deC.V._OwnershipCrossholdings_06-Oct-2026.xlsx",Ownership Crossholdings
holders,Asset Management One Co. Ltd.,Investment Orientation,Active,2026-10-06,"filings/capitaliq/OwnerShip/OwnerShip CrossHoldings/SPGlobal_GrupoBimbo,S.A.B.deC.V._OwnershipCrossholdings_06-Oct-2026.xlsx",Ownership Crossholdings
holders,Asset Management One Co. Ltd.,Calculated Investment Style,Growth,2026-10-06,"filings/capitaliq/OwnerShip/OwnerShip CrossHoldings/SPGlobal_GrupoBimbo,S.A.B.deC.V._OwnershipCrossholdings_06-Oct-2026.xlsx",Ownership Crossholdings
holders,Asset Management One Co. Ltd.,"City, State",Tokyo,2026-10-06,"filings/capitaliq/OwnerShip/OwnerShip CrossHoldings/SPGlobal_GrupoBimbo,S.A.B.deC.V._OwnershipCrossholdings_06-Oct-2026.xlsx",Ownership Crossholdings
holders,Asset Management One Co. Ltd.,Country,Japan,2026-10-06,"filings/capitaliq/OwnerShip/OwnerShip CrossHoldings/SPGlobal_GrupoBimbo,S.A.B.deC.V._OwnershipCrossholdings_06-Oct-2026.xlsx",Ownership Crossholdings
holders,Asset Management One Co. Ltd.,Portfolio Turnover Category,Very Low,2026-10-06,"filings/capitaliq/OwnerShip/OwnerShip CrossHoldings/SPGlobal_GrupoBimbo,S.A.B.deC.V._OwnershipCrossholdings_06-Oct-2026.xlsx",Ownership Crossholdings
holders,Asset Management One Co. Ltd.,Portfolio Turnover (%),9.3515,2026-10-06,"filings/capitaliq/OwnerShip/OwnerShip CrossHoldings/SPGlobal_GrupoBimbo,S.A.B.deC.V._OwnershipCrossholdings_06-Oct-2026.xlsx",Ownership Crossholdings
holders,Asset Management One Co. Ltd.,Equity Assets  (Mex$M),776889.8169270001,2026-10-06,"filings/capitaliq/OwnerShip/OwnerShip CrossHoldings/SPGlobal_GrupoBimbo,S.A.B.deC.V._OwnershipCrossholdings_06-Oct-2026.xlsx",Ownership Crossholdings
holders,Asset Management One Co. Ltd.,Equity Assets in Primary Industry (CIQ/GICS) (Mex$M),3489.982909,2026-10-06,"filings/capitaliq/OwnerShip/OwnerShip CrossHoldings/SPGlobal_GrupoBimbo,S.A.B.deC.V._OwnershipCrossholdings_06-Oct-2026.xlsx",Ownership Crossholdings
holders,Asset Management One Co. Ltd.,Institution is an Activist?,No,2026-10-06,"filings/capitaliq/OwnerShip/OwnerShip CrossHoldings/SPGlobal_GrupoBimbo,S.A.B.deC.V._OwnershipCrossholdings_06-Oct-2026.xlsx",Ownership Crossholdings
holders,Voya Investment Management LLC,MI Key,4048215,2026-10-06,"filings/capitaliq/OwnerShip/OwnerShip CrossHoldings/SPGlobal_GrupoBimbo,S.A.B.deC.V._OwnershipCrossholdings_06-Oct-2026.xlsx",Ownership Crossholdings
holders,Voya Investment Management LLC,Total,123329,2026-10-06,"filings/capitaliq/OwnerShip/OwnerShip CrossHoldings/SPGlobal_GrupoBimbo,S.A.B.deC.V._OwnershipCrossholdings_06-Oct-2026.xlsx",Ownership Crossholdings
holders,Voya Investment Management LLC,"Grupo Bimbo, S.A.B. de C.V. (BMV:BIMBO A)",123329,2026-10-06,"filings/capitaliq/OwnerShip/OwnerShip CrossHoldings/SPGlobal_GrupoBimbo,S.A.B.deC.V._OwnershipCrossholdings_06-Oct-2026.xlsx",Ownership Crossholdings
holders,Voya Investment Management LLC,Owner Type,Traditional Investment Managers,2026-10-06,"filings/capitaliq/OwnerShip/OwnerShip CrossHoldings/SPGlobal_GrupoBimbo,S.A.B.deC.V._OwnershipCrossholdings_06-Oct-2026.xlsx",Ownership Crossholdings
holders,Voya Investment Management LLC,Investment Orientation,Active,2026-10-06,"filings/capitaliq/OwnerShip/OwnerShip CrossHoldings/SPGlobal_GrupoBimbo,S.A.B.deC.V._OwnershipCrossholdings_06-Oct-2026.xlsx",Ownership Crossholdings
holders,Voya Investment Management LLC,Calculated Investment Style,Growth,2026-10-06,"filings/capitaliq/OwnerShip/OwnerShip CrossHoldings/SPGlobal_GrupoBimbo,S.A.B.deC.V._OwnershipCrossholdings_06-Oct-2026.xlsx",Ownership Crossholdings
holders,Voya Investment Management LLC,"City, State","Atlanta, GA",2026-10-06,"filings/capitaliq/OwnerShip/OwnerShip CrossHoldings/SPGlobal_GrupoBimbo,S.A.B.deC.V._OwnershipCrossholdings_06-Oct-2026.xlsx",Ownership Crossholdings
holders,Voya Investment Management LLC,Country,USA,2026-10-06,"filings/capitaliq/OwnerShip/OwnerShip CrossHoldings/SPGlobal_GrupoBimbo,S.A.B.deC.V._OwnershipCrossholdings_06-Oct-2026.xlsx",Ownership Crossholdings
holders,Voya Investment Management LLC,Portfolio Turnover Category,Low,2026-10-06,"filings/capitaliq/OwnerShip/OwnerShip CrossHoldings/SPGlobal_GrupoBimbo,S.A.B.deC.V._OwnershipCrossholdings_06-Oct-2026.xlsx",Ownership Crossholdings
holders,Voya Investment Management LLC,Portfolio Turnover (%),38.9255,2026-10-06,"filings/capitaliq/OwnerShip/OwnerShip CrossHoldings/SPGlobal_GrupoBimbo,S.A.B.deC.V._OwnershipCrossholdings_06-Oct-2026.xlsx",Ownership Crossholdings
holders,Voya Investment Management LLC,Equity Assets  (Mex$M),1811465.899082,2026-10-06,"filings/capitaliq/OwnerShip/OwnerShip CrossHoldings/SPGlobal_GrupoBimbo,S.A.B.deC.V._OwnershipCrossholdings_06-Oct-2026.xlsx",Ownership Crossholdings
holders,Voya Investment Management LLC,Equity Assets in Primary Industry (CIQ/GICS) (Mex$M),2321.144994,2026-10-06,"filings/capitaliq/OwnerShip/OwnerShip CrossHoldings/SPGlobal_GrupoBimbo,S.A.B.deC.V._OwnershipCrossholdings_06-Oct-2026.xlsx",Ownership Crossholdings
holders,Voya Investment Management LLC,Institution is an Activist?,No,2026-10-06,"filings/capitaliq/OwnerShip/OwnerShip CrossHoldings/SPGlobal_GrupoBimbo,S.A.B.deC.V._OwnershipCrossholdings_06-Oct-2026.xlsx",Ownership Crossholdings
holders,Operadora de Fondos GBM S.A. de C.V,MI Key,5762490,2026-10-06,"filings/capitaliq/OwnerShip/OwnerShip CrossHoldings/SPGlobal_GrupoBimbo,S.A.B.deC.V._OwnershipCrossholdings_06-Oct-2026.xlsx",Ownership Crossholdings
holders,Operadora de Fondos GBM S.A. de C.V,Total,100000,2026-10-06,"filings/capitaliq/OwnerShip/OwnerShip CrossHoldings/SPGlobal_GrupoBimbo,S.A.B.deC.V._OwnershipCrossholdings_06-Oct-2026.xlsx",Ownership Crossholdings
holders,Operadora de Fondos GBM S.A. de C.V,"Grupo Bimbo, S.A.B. de C.V. (BMV:BIMBO A)",100000,2026-10-06,"filings/capitaliq/OwnerShip/OwnerShip CrossHoldings/SPGlobal_GrupoBimbo,S.A.B.deC.V._OwnershipCrossholdings_06-Oct-2026.xlsx",Ownership Crossholdings
holders,Operadora de Fondos GBM S.A. de C.V,Owner Type,Traditional Investment Managers,2026-10-06,"filings/capitaliq/OwnerShip/OwnerShip CrossHoldings/SPGlobal_GrupoBimbo,S.A.B.deC.V._OwnershipCrossholdings_06-Oct-2026.xlsx",Ownership Crossholdings
holders,Operadora de Fondos GBM S.A. de C.V,Investment Orientation,Active,2026-10-06,"filings/capitaliq/OwnerShip/OwnerShip CrossHoldings/SPGlobal_GrupoBimbo,S.A.B.deC.V._OwnershipCrossholdings_06-Oct-2026.xlsx",Ownership Crossholdings
holders,Operadora de Fondos GBM S.A. de C.V,Calculated Investment Style,GARP,2026-10-06,"filings/capitaliq/OwnerShip/OwnerShip CrossHoldings/SPGlobal_GrupoBimbo,S.A.B.deC.V._OwnershipCrossholdings_06-Oct-2026.xlsx",Ownership Crossholdings
holders,Operadora de Fondos GBM S.A. de C.V,"City, State","Mexico City, EM",2026-10-06,"filings/capitaliq/OwnerShip/OwnerShip CrossHoldings/SPGlobal_GrupoBimbo,S.A.B.deC.V._OwnershipCrossholdings_06-Oct-2026.xlsx",Ownership Crossholdings
holders,Operadora de Fondos GBM S.A. de C.V,Country,Mexico,2026-10-06,"filings/capitaliq/OwnerShip/OwnerShip CrossHoldings/SPGlobal_GrupoBimbo,S.A.B.deC.V._OwnershipCrossholdings_06-Oct-2026.xlsx",Ownership Crossholdings
holders,Operadora de Fondos GBM S.A. de C.V,Portfolio Turnover Category,Very Low,2026-10-06,"filings/capitaliq/OwnerShip/OwnerShip CrossHoldings/SPGlobal_GrupoBimbo,S.A.B.deC.V._OwnershipCrossholdings_06-Oct-2026.xlsx",Ownership Crossholdings
holders,Operadora de Fondos GBM S.A. de C.V,Portfolio Turnover (%),6.8241,2026-10-06,"filings/capitaliq/OwnerShip/OwnerShip CrossHoldings/SPGlobal_GrupoBimbo,S.A.B.deC.V._OwnershipCrossholdings_06-Oct-2026.xlsx",Ownership Crossholdings
holders,Operadora de Fondos GBM S.A. de C.V,Equity Assets  (Mex$M),367.09236899999996,2026-10-06,"filings/capitaliq/OwnerShip/OwnerShip CrossHoldings/SPGlobal_GrupoBimbo,S.A.B.deC.V._OwnershipCrossholdings_06-Oct-2026.xlsx",Ownership Crossholdings
holders,Operadora de Fondos GBM S.A. de C.V,Equity Assets in Primary Industry (CIQ/GICS) (Mex$M),13.476225,2026-10-06,"filings/capitaliq/OwnerShip/OwnerShip CrossHoldings/SPGlobal_GrupoBimbo,S.A.B.deC.V._OwnershipCrossholdings_06-Oct-2026.xlsx",Ownership Crossholdings
holders,Operadora de Fondos GBM S.A. de C.V,Institution is an Activist?,No,2026-10-06,"filings/capitaliq/OwnerShip/OwnerShip CrossHoldings/SPGlobal_GrupoBimbo,S.A.B.deC.V._OwnershipCrossholdings_06-Oct-2026.xlsx",Ownership Crossholdings
holders,Sierra Capital LLC,MI Key,4118941,2026-10-06,"filings/capitaliq/OwnerShip/OwnerShip CrossHoldings/SPGlobal_GrupoBimbo,S.A.B.deC.V._OwnershipCrossholdings_06-Oct-2026.xlsx",Ownership Crossholdings
holders,Sierra Capital LLC,Total,89686,2026-10-06,"filings/capitaliq/OwnerShip/OwnerShip CrossHoldings/SPGlobal_GrupoBimbo,S.A.B.deC.V._OwnershipCrossholdings_06-Oct-2026.xlsx",Ownership Crossholdings
holders,Sierra Capital LLC,"Grupo Bimbo, S.A.B. de C.V. (BMV:BIMBO A)",89686,2026-10-06,"filings/capitaliq/OwnerShip/OwnerShip CrossHoldings/SPGlobal_GrupoBimbo,S.A.B.deC.V._OwnershipCrossholdings_06-Oct-2026.xlsx",Ownership Crossholdings
holders,Sierra Capital LLC,Owner Type,Family Offices/Trusts,2026-10-06,"filings/capitaliq/OwnerShip/OwnerShip CrossHoldings/SPGlobal_GrupoBimbo,S.A.B.deC.V._OwnershipCrossholdings_06-Oct-2026.xlsx",Ownership Crossholdings
holders,Sierra Capital LLC,Investment Orientation,Active,2026-10-06,"filings/capitaliq/OwnerShip/OwnerShip CrossHoldings/SPGlobal_GrupoBimbo,S.A.B.deC.V._OwnershipCrossholdings_06-Oct-2026.xlsx",Ownership Crossholdings
holders,Sierra Capital LLC,Calculated Investment Style,Aggressive Growth,2026-10-06,"filings/capitaliq/OwnerShip/OwnerShip CrossHoldings/SPGlobal_GrupoBimbo,S.A.B.deC.V._OwnershipCrossholdings_06-Oct-2026.xlsx",Ownership Crossholdings
holders,Sierra Capital LLC,"City, State","Miami, FL",2026-10-06,"filings/capitaliq/OwnerShip/OwnerShip CrossHoldings/SPGlobal_GrupoBimbo,S.A.B.deC.V._OwnershipCrossholdings_06-Oct-2026.xlsx",Ownership Crossholdings
holders,Sierra Capital LLC,Country,USA,2026-10-06,"filings/capitaliq/OwnerShip/OwnerShip CrossHoldings/SPGlobal_GrupoBimbo,S.A.B.deC.V._OwnershipCrossholdings_06-Oct-2026.xlsx",Ownership Crossholdings
holders,Sierra Capital LLC,Portfolio Turnover Category,Very Low,2026-10-06,"filings/capitaliq/OwnerShip/OwnerShip CrossHoldings/SPGlobal_GrupoBimbo,S.A.B.deC.V._OwnershipCrossholdings_06-Oct-2026.xlsx",Ownership Crossholdings
holders,Sierra Capital LLC,Portfolio Turnover (%),16.5655,2026-10-06,"filings/capitaliq/OwnerShip/OwnerShip CrossHoldings/SPGlobal_GrupoBimbo,S.A.B.deC.V._OwnershipCrossholdings_06-Oct-2026.xlsx",Ownership Crossholdings
holders,Sierra Capital LLC,Equity Assets  (Mex$M),3311.378007,2026-10-06,"filings/capitaliq/OwnerShip/OwnerShip CrossHoldings/SPGlobal_GrupoBimbo,S.A.B.deC.V._OwnershipCrossholdings_06-Oct-2026.xlsx",Ownership Crossholdings
holders,Sierra Capital LLC,Equity Assets in Primary Industry (CIQ/GICS) (Mex$M),4.851441,2026-10-06,"filings/capitaliq/OwnerShip/OwnerShip CrossHoldings/SPGlobal_GrupoBimbo,S.A.B.deC.V._OwnershipCrossholdings_06-Oct-2026.xlsx",Ownership Crossholdings
holders,Sierra Capital LLC,Institution is an Activist?,No,2026-10-06,"filings/capitaliq/OwnerShip/OwnerShip CrossHoldings/SPGlobal_GrupoBimbo,S.A.B.deC.V._OwnershipCrossholdings_06-Oct-2026.xlsx",Ownership Crossholdings
holders,JP Morgan Asset Management,MI Key,110092,2026-10-06,"filings/capitaliq/OwnerShip/OwnerShip CrossHoldings/SPGlobal_GrupoBimbo,S.A.B.deC.V._OwnershipCrossholdings_06-Oct-2026.xlsx",Ownership Crossholdings
holders,JP Morgan Asset Management,Total,83485,2026-10-06,"filings/capitaliq/OwnerShip/OwnerShip CrossHoldings/SPGlobal_GrupoBimbo,S.A.B.deC.V._OwnershipCrossholdings_06-Oct-2026.xlsx",Ownership Crossholdings
holders,JP Morgan Asset Management,"Grupo Bimbo, S.A.B. de C.V. (BMV:BIMBO A)",83485,2026-10-06,"filings/capitaliq/OwnerShip/OwnerShip CrossHoldings/SPGlobal_GrupoBimbo,S.A.B.deC.V._OwnershipCrossholdings_06-Oct-2026.xlsx",Ownership Crossholdings
holders,JP Morgan Asset Management,Owner Type,Traditional Investment Managers,2026-10-06,"filings/capitaliq/OwnerShip/OwnerShip CrossHoldings/SPGlobal_GrupoBimbo,S.A.B.deC.V._OwnershipCrossholdings_06-Oct-2026.xlsx",Ownership Crossholdings
holders,JP Morgan Asset Management,Investment Orientation,Active,2026-10-06,"filings/capitaliq/OwnerShip/OwnerShip CrossHoldings/SPGlobal_GrupoBimbo,S.A.B.deC.V._OwnershipCrossholdings_06-Oct-2026.xlsx",Ownership Crossholdings
holders,JP Morgan Asset Management,Calculated Investment Style,Growth,2026-10-06,"filings/capitaliq/OwnerShip/OwnerShip CrossHoldings/SPGlobal_GrupoBimbo,S.A.B.deC.V._OwnershipCrossholdings_06-Oct-2026.xlsx",Ownership Crossholdings
holders,JP Morgan Asset Management,"City, State","New York, NY",2026-10-06,"filings/capitaliq/OwnerShip/OwnerShip CrossHoldings/SPGlobal_GrupoBimbo,S.A.B.deC.V._OwnershipCrossholdings_06-Oct-2026.xlsx",Ownership Crossholdings
holders,JP Morgan Asset Management,Country,USA,2026-10-06,"filings/capitaliq/OwnerShip/OwnerShip CrossHoldings/SPGlobal_GrupoBimbo,S.A.B.deC.V._OwnershipCrossholdings_06-Oct-2026.xlsx",Ownership Crossholdings
holders,JP Morgan Asset Management,Portfolio Turnover Category,Low,2026-10-06,"filings/capitaliq/OwnerShip/OwnerShip CrossHoldings/SPGlobal_GrupoBimbo,S.A.B.deC.V._OwnershipCrossholdings_06-Oct-2026.xlsx",Ownership Crossholdings
holders,JP Morgan Asset Management,Portfolio Turnover (%),25.1614,2026-10-06,"filings/capitaliq/OwnerShip/OwnerShip CrossHoldings/SPGlobal_GrupoBimbo,S.A.B.deC.V._OwnershipCrossholdings_06-Oct-2026.xlsx",Ownership Crossholdings
holders,JP Morgan Asset Management,Equity Assets  (Mex$M),20234111.61415,2026-10-06,"filings/capitaliq/OwnerShip/OwnerShip CrossHoldings/SPGlobal_GrupoBimbo,S.A.B.deC.V._OwnershipCrossholdings_06-Oct-2026.xlsx",Ownership Crossholdings
holders,JP Morgan Asset Management,Equity Assets in Primary Industry (CIQ/GICS) (Mex$M),112312.83566299999,2026-10-06,"filings/capitaliq/OwnerShip/OwnerShip CrossHoldings/SPGlobal_GrupoBimbo,S.A.B.deC.V._OwnershipCrossholdings_06-Oct-2026.xlsx",Ownership Crossholdings
holders,JP Morgan Asset Management,Institution is an Activist?,No,2026-10-06,"filings/capitaliq/OwnerShip/OwnerShip CrossHoldings/SPGlobal_GrupoBimbo,S.A.B.deC.V._OwnershipCrossholdings_06-Oct-2026.xlsx",Ownership Crossholdings
holders,Desjardins Global Asset Management Inc.,MI Key,4226520,2026-10-06,"filings/capitaliq/OwnerShip/OwnerShip CrossHoldings/SPGlobal_GrupoBimbo,S.A.B.deC.V._OwnershipCrossholdings_06-Oct-2026.xlsx",Ownership Crossholdings
holders,Desjardins Global Asset Management Inc.,Total,80498,2026-10-06,"filings/capitaliq/OwnerShip/OwnerShip CrossHoldings/SPGlobal_GrupoBimbo,S.A.B.deC.V._OwnershipCrossholdings_06-Oct-2026.xlsx",Ownership Crossholdings
holders,Desjardins Global Asset Management Inc.,"Grupo Bimbo, S.A.B. de C.V. (BMV:BIMBO A)",80498,2026-10-06,"filings/capitaliq/OwnerShip/OwnerShip CrossHoldings/SPGlobal_GrupoBimbo,S.A.B.deC.V._OwnershipCrossholdings_06-Oct-2026.xlsx",Ownership Crossholdings
holders,Desjardins Global Asset Management Inc.,Owner Type,Traditional Investment Managers,2026-10-06,"filings/capitaliq/OwnerShip/OwnerShip CrossHoldings/SPGlobal_GrupoBimbo,S.A.B.deC.V._OwnershipCrossholdings_06-Oct-2026.xlsx",Ownership Crossholdings
holders,Desjardins Global Asset Management Inc.,Investment Orientation,Active,2026-10-06,"filings/capitaliq/OwnerShip/OwnerShip CrossHoldings/SPGlobal_GrupoBimbo,S.A.B.deC.V._OwnershipCrossholdings_06-Oct-2026.xlsx",Ownership Crossholdings
holders,Desjardins Global Asset Management Inc.,Calculated Investment Style,Growth,2026-10-06,"filings/capitaliq/OwnerShip/OwnerShip CrossHoldings/SPGlobal_GrupoBimbo,S.A.B.deC.V._OwnershipCrossholdings_06-Oct-2026.xlsx",Ownership Crossholdings
holders,Desjardins Global Asset Management Inc.,"City, State","Montreal, QC",2026-10-06,"filings/capitaliq/OwnerShip/OwnerShip CrossHoldings/SPGlobal_GrupoBimbo,S.A.B.deC.V._OwnershipCrossholdings_06-Oct-2026.xlsx",Ownership Crossholdings
holders,Desjardins Global Asset Management Inc.,Country,Canada,2026-10-06,"filings/capitaliq/OwnerShip/OwnerShip CrossHoldings/SPGlobal_GrupoBimbo,S.A.B.deC.V._OwnershipCrossholdings_06-Oct-2026.xlsx",Ownership Crossholdings
holders,Desjardins Global Asset Management Inc.,Portfolio Turnover Category,Low,2026-10-06,"filings/capitaliq/OwnerShip/OwnerShip CrossHoldings/SPGlobal_GrupoBimbo,S.A.B.deC.V._OwnershipCrossholdings_06-Oct-2026.xlsx",Ownership Crossholdings
holders,Desjardins Global Asset Management Inc.,Portfolio Turnover (%),37.053,2026-10-06,"filings/capitaliq/OwnerShip/OwnerShip CrossHoldings/SPGlobal_GrupoBimbo,S.A.B.deC.V._OwnershipCrossholdings_06-Oct-2026.xlsx",Ownership Crossholdings
holders,Desjardins Global Asset Management Inc.,Equity Assets  (Mex$M),293183.36061,2026-10-06,"filings/capitaliq/OwnerShip/OwnerShip CrossHoldings/SPGlobal_GrupoBimbo,S.A.B.deC.V._OwnershipCrossholdings_06-Oct-2026.xlsx",Ownership Crossholdings
holders,Desjardins Global Asset Management Inc.,Equity Assets in Primary Industry (CIQ/GICS) (Mex$M),3380.3762789999996,2026-10-06,"filings/capitaliq/OwnerShip/OwnerShip CrossHoldings/SPGlobal_GrupoBimbo,S.A.B.deC.V._OwnershipCrossholdings_06-Oct-2026.xlsx",Ownership Crossholdings
holders,Desjardins Global Asset Management Inc.,Institution is an Activist?,No,2026-10-06,"filings/capitaliq/OwnerShip/OwnerShip CrossHoldings/SPGlobal_GrupoBimbo,S.A.B.deC.V._OwnershipCrossholdings_06-Oct-2026.xlsx",Ownership Crossholdings
holders,Russell Investment Management LLC,MI Key,111359,2026-10-06,"filings/capitaliq/OwnerShip/OwnerShip CrossHoldings/SPGlobal_GrupoBimbo,S.A.B.deC.V._OwnershipCrossholdings_06-Oct-2026.xlsx",Ownership Crossholdings
holders,Russell Investment Management LLC,Total,71000,2026-10-06,"filings/capitaliq/OwnerShip/OwnerShip CrossHoldings/SPGlobal_GrupoBimbo,S.A.B.deC.V._OwnershipCrossholdings_06-Oct-2026.xlsx",Ownership Crossholdings
holders,Russell Investment Management LLC,"Grupo Bimbo, S.A.B. de C.V. (BMV:BIMBO A)",71000,2026-10-06,"filings/capitaliq/OwnerShip/OwnerShip CrossHoldings/SPGlobal_GrupoBimbo,S.A.B.deC.V._OwnershipCrossholdings_06-Oct-2026.xlsx",Ownership Crossholdings
holders,Russell Investment Management LLC,Owner Type,Traditional Investment Managers,2026-10-06,"filings/capitaliq/OwnerShip/OwnerShip CrossHoldings/SPGlobal_GrupoBimbo,S.A.B.deC.V._OwnershipCrossholdings_06-Oct-2026.xlsx",Ownership Crossholdings
holders,Russell Investment Management LLC,Investment Orientation,Active,2026-10-06,"filings/capitaliq/OwnerShip/OwnerShip CrossHoldings/SPGlobal_GrupoBimbo,S.A.B.deC.V._OwnershipCrossholdings_06-Oct-2026.xlsx",Ownership Crossholdings
holders,Russell Investment Management LLC,Calculated Investment Style,Growth,2026-10-06,"filings/capitaliq/OwnerShip/OwnerShip CrossHoldings/SPGlobal_GrupoBimbo,S.A.B.deC.V._OwnershipCrossholdings_06-Oct-2026.xlsx",Ownership Crossholdings
holders,Russell Investment Management LLC,"City, State","Seattle, WA",2026-10-06,"filings/capitaliq/OwnerShip/OwnerShip CrossHoldings/SPGlobal_GrupoBimbo,S.A.B.deC.V._OwnershipCrossholdings_06-Oct-2026.xlsx",Ownership Crossholdings
holders,Russell Investment Management LLC,Country,USA,2026-10-06,"filings/capitaliq/OwnerShip/OwnerShip CrossHoldings/SPGlobal_GrupoBimbo,S.A.B.deC.V._OwnershipCrossholdings_06-Oct-2026.xlsx",Ownership Crossholdings
holders,Russell Investment Management LLC,Portfolio Turnover Category,Very Low,2026-10-06,"filings/capitaliq/OwnerShip/OwnerShip CrossHoldings/SPGlobal_GrupoBimbo,S.A.B.deC.V._OwnershipCrossholdings_06-Oct-2026.xlsx",Ownership Crossholdings
holders,Russell Investment Management LLC,Portfolio Turnover (%),19.6348,2026-10-06,"filings/capitaliq/OwnerShip/OwnerShip CrossHoldings/SPGlobal_GrupoBimbo,S.A.B.deC.V._OwnershipCrossholdings_06-Oct-2026.xlsx",Ownership Crossholdings
holders,Russell Investment Management LLC,Equity Assets  (Mex$M),2270385.6245979997,2026-10-06,"filings/capitaliq/OwnerShip/OwnerShip CrossHoldings/SPGlobal_GrupoBimbo,S.A.B.deC.V._OwnershipCrossholdings_06-Oct-2026.xlsx",Ownership Crossholdings
holders,Russell Investment Management LLC,Equity Assets in Primary Industry (CIQ/GICS) (Mex$M),10210.666158,2026-10-06,"filings/capitaliq/OwnerShip/OwnerShip CrossHoldings/SPGlobal_GrupoBimbo,S.A.B.deC.V._OwnershipCrossholdings_06-Oct-2026.xlsx",Ownership Crossholdings
holders,Russell Investment Management LLC,Institution is an Activist?,No,2026-10-06,"filings/capitaliq/OwnerShip/OwnerShip CrossHoldings/SPGlobal_GrupoBimbo,S.A.B.deC.V._OwnershipCrossholdings_06-Oct-2026.xlsx",Ownership Crossholdings
holders,Sumitomo Mitsui DS Asset Management Co. Ltd.,MI Key,4140078,2026-10-06,"filings/capitaliq/OwnerShip/OwnerShip CrossHoldings/SPGlobal_GrupoBimbo,S.A.B.deC.V._OwnershipCrossholdings_06-Oct-2026.xlsx",Ownership Crossholdings
holders,Sumitomo Mitsui DS Asset Management Co. Ltd.,Total,70900,2026-10-06,"filings/capitaliq/OwnerShip/OwnerShip CrossHoldings/SPGlobal_GrupoBimbo,S.A.B.deC.V._OwnershipCrossholdings_06-Oct-2026.xlsx",Ownership Crossholdings
holders,Sumitomo Mitsui DS Asset Management Co. Ltd.,"Grupo Bimbo, S.A.B. de C.V. (BMV:BIMBO A)",70900,2026-10-06,"filings/capitaliq/OwnerShip/OwnerShip CrossHoldings/SPGlobal_GrupoBimbo,S.A.B.deC.V._OwnershipCrossholdings_06-Oct-2026.xlsx",Ownership Crossholdings
holders,Sumitomo Mitsui DS Asset Management Co. Ltd.,Owner Type,Traditional Investment Managers,2026-10-06,"filings/capitaliq/OwnerShip/OwnerShip CrossHoldings/SPGlobal_GrupoBimbo,S.A.B.deC.V._OwnershipCrossholdings_06-Oct-2026.xlsx",Ownership Crossholdings
holders,Sumitomo Mitsui DS Asset Management Co. Ltd.,Investment Orientation,Active,2026-10-06,"filings/capitaliq/OwnerShip/OwnerShip CrossHoldings/SPGlobal_GrupoBimbo,S.A.B.deC.V._OwnershipCrossholdings_06-Oct-2026.xlsx",Ownership Crossholdings
holders,Sumitomo Mitsui DS Asset Management Co. Ltd.,Calculated Investment Style,Growth,2026-10-06,"filings/capitaliq/OwnerShip/OwnerShip CrossHoldings/SPGlobal_GrupoBimbo,S.A.B.deC.V._OwnershipCrossholdings_06-Oct-2026.xlsx",Ownership Crossholdings
holders,Sumitomo Mitsui DS Asset Management Co. Ltd.,"City, State",Tokyo,2026-10-06,"filings/capitaliq/OwnerShip/OwnerShip CrossHoldings/SPGlobal_GrupoBimbo,S.A.B.deC.V._OwnershipCrossholdings_06-Oct-2026.xlsx",Ownership Crossholdings
holders,Sumitomo Mitsui DS Asset Management Co. Ltd.,Country,Japan,2026-10-06,"filings/capitaliq/OwnerShip/OwnerShip CrossHoldings/SPGlobal_GrupoBimbo,S.A.B.deC.V._OwnershipCrossholdings_06-Oct-2026.xlsx",Ownership Crossholdings
holders,Sumitomo Mitsui DS Asset Management Co. Ltd.,Portfolio Turnover Category,Very Low,2026-10-06,"filings/capitaliq/OwnerShip/OwnerShip CrossHoldings/SPGlobal_GrupoBimbo,S.A.B.deC.V._OwnershipCrossholdings_06-Oct-2026.xlsx",Ownership Crossholdings
holders,Sumitomo Mitsui DS Asset Management Co. Ltd.,Portfolio Turnover (%),17.5954,2026-10-06,"filings/capitaliq/OwnerShip/OwnerShip CrossHoldings/SPGlobal_GrupoBimbo,S.A.B.deC.V._OwnershipCrossholdings_06-Oct-2026.xlsx",Ownership Crossholdings
holders,Sumitomo Mitsui DS Asset Management Co. Ltd.,Equity Assets  (Mex$M),398924.829597,2026-10-06,"filings/capitaliq/OwnerShip/OwnerShip CrossHoldings/SPGlobal_GrupoBimbo,S.A.B.deC.V._OwnershipCrossholdings_06-Oct-2026.xlsx",Ownership Crossholdings
holders,Sumitomo Mitsui DS Asset Management Co. Ltd.,Equity Assets in Primary Industry (CIQ/GICS) (Mex$M),1440.159245,2026-10-06,"filings/capitaliq/OwnerShip/OwnerShip CrossHoldings/SPGlobal_GrupoBimbo,S.A.B.deC.V._OwnershipCrossholdings_06-Oct-2026.xlsx",Ownership Crossholdings
holders,Sumitomo Mitsui DS Asset Management Co. Ltd.,Institution is an Activist?,No,2026-10-06,"filings/capitaliq/OwnerShip/OwnerShip CrossHoldings/SPGlobal_GrupoBimbo,S.A.B.deC.V._OwnershipCrossholdings_06-Oct-2026.xlsx",Ownership Crossholdings
holders,Sparinvest SA (Luxembourg),MI Key,4232927,2026-10-06,"filings/capitaliq/OwnerShip/OwnerShip CrossHoldings/SPGlobal_GrupoBimbo,S.A.B.deC.V._OwnershipCrossholdings_06-Oct-2026.xlsx",Ownership Crossholdings
holders,Sparinvest SA (Luxembourg),Total,69616,2026-10-06,"filings/capitaliq/OwnerShip/OwnerShip CrossHoldings/SPGlobal_GrupoBimbo,S.A.B.deC.V._OwnershipCrossholdings_06-Oct-2026.xlsx",Ownership Crossholdings
holders,Sparinvest SA (Luxembourg),"Grupo Bimbo, S.A.B. de C.V. (BMV:BIMBO A)",69616,2026-10-06,"filings/capitaliq/OwnerShip/OwnerShip CrossHoldings/SPGlobal_GrupoBimbo,S.A.B.deC.V._OwnershipCrossholdings_06-Oct-2026.xlsx",Ownership Crossholdings
holders,Sparinvest SA (Luxembourg),Owner Type,Traditional Investment Managers,2026-10-06,"filings/capitaliq/OwnerShip/OwnerShip CrossHoldings/SPGlobal_GrupoBimbo,S.A.B.deC.V._OwnershipCrossholdings_06-Oct-2026.xlsx",Ownership Crossholdings
holders,Sparinvest SA (Luxembourg),Investment Orientation,Active,2026-10-06,"filings/capitaliq/OwnerShip/OwnerShip CrossHoldings/SPGlobal_GrupoBimbo,S.A.B.deC.V._OwnershipCrossholdings_06-Oct-2026.xlsx",Ownership Crossholdings
holders,Sparinvest SA (Luxembourg),Calculated Investment Style,Growth,2026-10-06,"filings/capitaliq/OwnerShip/OwnerShip CrossHoldings/SPGlobal_GrupoBimbo,S.A.B.deC.V._OwnershipCrossholdings_06-Oct-2026.xlsx",Ownership Crossholdings
holders,Sparinvest SA (Luxembourg),"City, State",Luxembourg City,2026-10-06,"filings/capitaliq/OwnerShip/OwnerShip CrossHoldings/SPGlobal_GrupoBimbo,S.A.B.deC.V._OwnershipCrossholdings_06-Oct-2026.xlsx",Ownership Crossholdings
holders,Sparinvest SA (Luxembourg),Country,Luxembourg,2026-10-06,"filings/capitaliq/OwnerShip/OwnerShip CrossHoldings/SPGlobal_GrupoBimbo,S.A.B.deC.V._OwnershipCrossholdings_06-Oct-2026.xlsx",Ownership Crossholdings
holders,Sparinvest SA (Luxembourg),Portfolio Turnover Category,Very Low,2026-10-06,"filings/capitaliq/OwnerShip/OwnerShip CrossHoldings/SPGlobal_GrupoBimbo,S.A.B.deC.V._OwnershipCrossholdings_06-Oct-2026.xlsx",Ownership Crossholdings
holders,Sparinvest SA (Luxembourg),Portfolio Turnover (%),14.2022,2026-10-06,"filings/capitaliq/OwnerShip/OwnerShip CrossHoldings/SPGlobal_GrupoBimbo,S.A.B.deC.V._OwnershipCrossholdings_06-Oct-2026.xlsx",Ownership Crossholdings
holders,Sparinvest SA (Luxembourg),Equity Assets  (Mex$M),551691.316197,2026-10-06,"filings/capitaliq/OwnerShip/OwnerShip CrossHoldings/SPGlobal_GrupoBimbo,S.A.B.deC.V._OwnershipCrossholdings_06-Oct-2026.xlsx",Ownership Crossholdings
holders,Sparinvest SA (Luxembourg),Equity Assets in Primary Industry (CIQ/GICS) (Mex$M),4360.90641,2026-10-06,"filings/capitaliq/OwnerShip/OwnerShip CrossHoldings/SPGlobal_GrupoBimbo,S.A.B.deC.V._OwnershipCrossholdings_06-Oct-2026.xlsx",Ownership Crossholdings
holders,Sparinvest SA (Luxembourg),Institution is an Activist?,No,2026-10-06,"filings/capitaliq/OwnerShip/OwnerShip CrossHoldings/SPGlobal_GrupoBimbo,S.A.B.deC.V._OwnershipCrossholdings_06-Oct-2026.xlsx",Ownership Crossholdings
holders,CIBC Asset Management Inc. (CAUV-TSX),MI Key,4048742,2026-10-06,"filings/capitaliq/OwnerShip/OwnerShip CrossHoldings/SPGlobal_GrupoBimbo,S.A.B.deC.V._OwnershipCrossholdings_06-Oct-2026.xlsx",Ownership Crossholdings
holders,CIBC Asset Management Inc. (CAUV-TSX),Total,48603,2026-10-06,"filings/capitaliq/OwnerShip/OwnerShip CrossHoldings/SPGlobal_GrupoBimbo,S.A.B.deC.V._OwnershipCrossholdings_06-Oct-2026.xlsx",Ownership Crossholdings
holders,CIBC Asset Management Inc. (CAUV-TSX),"Grupo Bimbo, S.A.B. de C.V. (BMV:BIMBO A)",48603,2026-10-06,"filings/capitaliq/OwnerShip/OwnerShip CrossHoldings/SPGlobal_GrupoBimbo,S.A.B.deC.V._OwnershipCrossholdings_06-Oct-2026.xlsx",Ownership Crossholdings
holders,CIBC Asset Management Inc. (CAUV-TSX),Owner Type,Traditional Investment Managers,2026-10-06,"filings/capitaliq/OwnerShip/OwnerShip CrossHoldings/SPGlobal_GrupoBimbo,S.A.B.deC.V._OwnershipCrossholdings_06-Oct-2026.xlsx",Ownership Crossholdings
holders,CIBC Asset Management Inc. (CAUV-TSX),Investment Orientation,Active,2026-10-06,"filings/capitaliq/OwnerShip/OwnerShip CrossHoldings/SPGlobal_GrupoBimbo,S.A.B.deC.V._OwnershipCrossholdings_06-Oct-2026.xlsx",Ownership Crossholdings
holders,CIBC Asset Management Inc. (CAUV-TSX),Calculated Investment Style,Growth,2026-10-06,"filings/capitaliq/OwnerShip/OwnerShip CrossHoldings/SPGlobal_GrupoBimbo,S.A.B.deC.V._OwnershipCrossholdings_06-Oct-2026.xlsx",Ownership Crossholdings
holders,CIBC Asset Management Inc. (CAUV-TSX),"City, State","Toronto, ON",2026-10-06,"filings/capitaliq/OwnerShip/OwnerShip CrossHoldings/SPGlobal_GrupoBimbo,S.A.B.deC.V._OwnershipCrossholdings_06-Oct-2026.xlsx",Ownership Crossholdings
holders,CIBC Asset Management Inc. (CAUV-TSX),Country,Canada,2026-10-06,"filings/capitaliq/OwnerShip/OwnerShip CrossHoldings/SPGlobal_GrupoBimbo,S.A.B.deC.V._OwnershipCrossholdings_06-Oct-2026.xlsx",Ownership Crossholdings
holders,CIBC Asset Management Inc. (CAUV-TSX),Portfolio Turnover Category,Low,2026-10-06,"filings/capitaliq/OwnerShip/OwnerShip CrossHoldings/SPGlobal_GrupoBimbo,S.A.B.deC.V._OwnershipCrossholdings_06-Oct-2026.xlsx",Ownership Crossholdings
holders,CIBC Asset Management Inc. (CAUV-TSX),Portfolio Turnover (%),26.2021,2026-10-06,"filings/capitaliq/OwnerShip/OwnerShip CrossHoldings/SPGlobal_GrupoBimbo,S.A.B.deC.V._OwnershipCrossholdings_06-Oct-2026.xlsx",Ownership Crossholdings
holders,CIBC Asset Management Inc. (CAUV-TSX),Equity Assets  (Mex$M),1258151.686029,2026-10-06,"filings/capitaliq/OwnerShip/OwnerShip CrossHoldings/SPGlobal_GrupoBimbo,S.A.B.deC.V._OwnershipCrossholdings_06-Oct-2026.xlsx",Ownership Crossholdings
holders,CIBC Asset Management Inc. (CAUV-TSX),Equity Assets in Primary Industry (CIQ/GICS) (Mex$M),7606.340756,2026-10-06,"filings/capitaliq/OwnerShip/OwnerShip CrossHoldings/SPGlobal_GrupoBimbo,S.A.B.deC.V._OwnershipCrossholdings_06-Oct-2026.xlsx",Ownership Crossholdings
holders,CIBC Asset Management Inc. (CAUV-TSX),Institution is an Activist?,No,2026-10-06,"filings/capitaliq/OwnerShip/OwnerShip CrossHoldings/SPGlobal_GrupoBimbo,S.A.B.deC.V._OwnershipCrossholdings_06-Oct-2026.xlsx",Ownership Crossholdings
holders,Columbia Management Investment Advisers LLC,MI Key,109789,2026-10-06,"filings/capitaliq/OwnerShip/OwnerShip CrossHoldings/SPGlobal_GrupoBimbo,S.A.B.deC.V._OwnershipCrossholdings_06-Oct-2026.xlsx",Ownership Crossholdings
holders,Columbia Management Investment Advisers LLC,Total,44819,2026-10-06,"filings/capitaliq/OwnerShip/OwnerShip CrossHoldings/SPGlobal_GrupoBimbo,S.A.B.deC.V._OwnershipCrossholdings_06-Oct-2026.xlsx",Ownership Crossholdings
holders,Columbia Management Investment Advisers LLC,"Grupo Bimbo, S.A.B. de C.V. (BMV:BIMBO A)",44819,2026-10-06,"filings/capitaliq/OwnerShip/OwnerShip CrossHoldings/SPGlobal_GrupoBimbo,S.A.B.deC.V._OwnershipCrossholdings_06-Oct-2026.xlsx",Ownership Crossholdings
holders,Columbia Management Investment Advisers LLC,Owner Type,Traditional Investment Managers,2026-10-06,"filings/capitaliq/OwnerShip/OwnerShip CrossHoldings/SPGlobal_GrupoBimbo,S.A.B.deC.V._OwnershipCrossholdings_06-Oct-2026.xlsx",Ownership Crossholdings
holders,Columbia Management Investment Advisers LLC,Investment Orientation,Active,2026-10-06,"filings/capitaliq/OwnerShip/OwnerShip CrossHoldings/SPGlobal_GrupoBimbo,S.A.B.deC.V._OwnershipCrossholdings_06-Oct-2026.xlsx",Ownership Crossholdings
holders,Columbia Management Investment Advisers LLC,Calculated Investment Style,Growth,2026-10-06,"filings/capitaliq/OwnerShip/OwnerShip CrossHoldings/SPGlobal_GrupoBimbo,S.A.B.deC.V._OwnershipCrossholdings_06-Oct-2026.xlsx",Ownership Crossholdings
holders,Columbia Management Investment Advisers LLC,"City, State","Boston, MA",2026-10-06,"filings/capitaliq/OwnerShip/OwnerShip CrossHoldings/SPGlobal_GrupoBimbo,S.A.B.deC.V._OwnershipCrossholdings_06-Oct-2026.xlsx",Ownership Crossholdings
holders,Columbia Management Investment Advisers LLC,Country,USA,2026-10-06,"filings/capitaliq/OwnerShip/OwnerShip CrossHoldings/SPGlobal_GrupoBimbo,S.A.B.deC.V._OwnershipCrossholdings_06-Oct-2026.xlsx",Ownership Crossholdings
holders,Columbia Management Investment Advisers LLC,Portfolio Turnover Category,Low,2026-10-06,"filings/capitaliq/OwnerShip/OwnerShip CrossHoldings/SPGlobal_GrupoBimbo,S.A.B.deC.V._OwnershipCrossholdings_06-Oct-2026.xlsx",Ownership Crossholdings
holders,Columbia Management Investment Advisers LLC,Portfolio Turnover (%),22.2061,2026-10-06,"filings/capitaliq/OwnerShip/OwnerShip CrossHoldings/SPGlobal_GrupoBimbo,S.A.B.deC.V._OwnershipCrossholdings_06-Oct-2026.xlsx",Ownership Crossholdings
holders,Columbia Management Investment Advisers LLC,Equity Assets  (Mex$M),7900830.951068999,2026-10-06,"filings/capitaliq/OwnerShip/OwnerShip CrossHoldings/SPGlobal_GrupoBimbo,S.A.B.deC.V._OwnershipCrossholdings_06-Oct-2026.xlsx",Ownership Crossholdings
holders,Columbia Management Investment Advisers LLC,Equity Assets in Primary Industry (CIQ/GICS) (Mex$M),26714.549708,2026-10-06,"filings/capitaliq/OwnerShip/OwnerShip CrossHoldings/SPGlobal_GrupoBimbo,S.A.B.deC.V._OwnershipCrossholdings_06-Oct-2026.xlsx",Ownership Crossholdings
holders,Columbia Management Investment Advisers LLC,Institution is an Activist?,No,2026-10-06,"filings/capitaliq/OwnerShip/OwnerShip CrossHoldings/SPGlobal_GrupoBimbo,S.A.B.deC.V._OwnershipCrossholdings_06-Oct-2026.xlsx",Ownership Crossholdings
holders,Lazard Asset Management LLC,MI Key,110386,2026-10-06,"filings/capitaliq/OwnerShip/OwnerShip CrossHoldings/SPGlobal_GrupoBimbo,S.A.B.deC.V._OwnershipCrossholdings_06-Oct-2026.xlsx",Ownership Crossholdings
holders,Lazard Asset Management LLC,Total,44684,2026-10-06,"filings/capitaliq/OwnerShip/OwnerShip CrossHoldings/SPGlobal_GrupoBimbo,S.A.B.deC.V._OwnershipCrossholdings_06-Oct-2026.xlsx",Ownership Crossholdings
holders,Lazard Asset Management LLC,"Grupo Bimbo, S.A.B. de C.V. (BMV:BIMBO A)",44684,2026-10-06,"filings/capitaliq/OwnerShip/OwnerShip CrossHoldings/SPGlobal_GrupoBimbo,S.A.B.deC.V._OwnershipCrossholdings_06-Oct-2026.xlsx",Ownership Crossholdings
holders,Lazard Asset Management LLC,Owner Type,Traditional Investment Managers,2026-10-06,"filings/capitaliq/OwnerShip/OwnerShip CrossHoldings/SPGlobal_GrupoBimbo,S.A.B.deC.V._OwnershipCrossholdings_06-Oct-2026.xlsx",Ownership Crossholdings
holders,Lazard Asset Management LLC,Investment Orientation,Active,2026-10-06,"filings/capitaliq/OwnerShip/OwnerShip CrossHoldings/SPGlobal_GrupoBimbo,S.A.B.deC.V._OwnershipCrossholdings_06-Oct-2026.xlsx",Ownership Crossholdings
holders,Lazard Asset Management LLC,Calculated Investment Style,Growth,2026-10-06,"filings/capitaliq/OwnerShip/OwnerShip CrossHoldings/SPGlobal_GrupoBimbo,S.A.B.deC.V._OwnershipCrossholdings_06-Oct-2026.xlsx",Ownership Crossholdings
holders,Lazard Asset Management LLC,"City, State","New York, NY",2026-10-06,"filings/capitaliq/OwnerShip/OwnerShip CrossHoldings/SPGlobal_GrupoBimbo,S.A.B.deC.V._OwnershipCrossholdings_06-Oct-2026.xlsx",Ownership Crossholdings
holders,Lazard Asset Management LLC,Country,USA,2026-10-06,"filings/capitaliq/OwnerShip/OwnerShip CrossHoldings/SPGlobal_GrupoBimbo,S.A.B.deC.V._OwnershipCrossholdings_06-Oct-2026.xlsx",Ownership Crossholdings
holders,Lazard Asset Management LLC,Portfolio Turnover Category,Low,2026-10-06,"filings/capitaliq/OwnerShip/OwnerShip CrossHoldings/SPGlobal_GrupoBimbo,S.A.B.deC.V._OwnershipCrossholdings_06-Oct-2026.xlsx",Ownership Crossholdings
holders,Lazard Asset Management LLC,Portfolio Turnover (%),32.3077,2026-10-06,"filings/capitaliq/OwnerShip/OwnerShip CrossHoldings/SPGlobal_GrupoBimbo,S.A.B.deC.V._OwnershipCrossholdings_06-Oct-2026.xlsx",Ownership Crossholdings
holders,Lazard Asset Management LLC,Equity Assets  (Mex$M),1833910.2822949998,2026-10-06,"filings/capitaliq/OwnerShip/OwnerShip CrossHoldings/SPGlobal_GrupoBimbo,S.A.B.deC.V._OwnershipCrossholdings_06-Oct-2026.xlsx",Ownership Crossholdings
holders,Lazard Asset Management LLC,Equity Assets in Primary Industry (CIQ/GICS) (Mex$M),5068.85743,2026-10-06,"filings/capitaliq/OwnerShip/OwnerShip CrossHoldings/SPGlobal_GrupoBimbo,S.A.B.deC.V._OwnershipCrossholdings_06-Oct-2026.xlsx",Ownership Crossholdings
holders,Lazard Asset Management LLC,Institution is an Activist?,No,2026-10-06,"filings/capitaliq/OwnerShip/OwnerShip CrossHoldings/SPGlobal_GrupoBimbo,S.A.B.deC.V._OwnershipCrossholdings_06-Oct-2026.xlsx",Ownership Crossholdings
holders,Sustainable Growth Advisers LP,MI Key,4119489,2026-10-06,"filings/capitaliq/OwnerShip/OwnerShip CrossHoldings/SPGlobal_GrupoBimbo,S.A.B.deC.V._OwnershipCrossholdings_06-Oct-2026.xlsx",Ownership Crossholdings
holders,Sustainable Growth Advisers LP,Total,43928,2026-10-06,"filings/capitaliq/OwnerShip/OwnerShip CrossHoldings/SPGlobal_GrupoBimbo,S.A.B.deC.V._OwnershipCrossholdings_06-Oct-2026.xlsx",Ownership Crossholdings
holders,Sustainable Growth Advisers LP,"Grupo Bimbo, S.A.B. de C.V. (BMV:BIMBO A)",43928,2026-10-06,"filings/capitaliq/OwnerShip/OwnerShip CrossHoldings/SPGlobal_GrupoBimbo,S.A.B.deC.V._OwnershipCrossholdings_06-Oct-2026.xlsx",Ownership Crossholdings
holders,Sustainable Growth Advisers LP,Owner Type,Traditional Investment Managers,2026-10-06,"filings/capitaliq/OwnerShip/OwnerShip CrossHoldings/SPGlobal_GrupoBimbo,S.A.B.deC.V._OwnershipCrossholdings_06-Oct-2026.xlsx",Ownership Crossholdings
holders,Sustainable Growth Advisers LP,Investment Orientation,Active,2026-10-06,"filings/capitaliq/OwnerShip/OwnerShip CrossHoldings/SPGlobal_GrupoBimbo,S.A.B.deC.V._OwnershipCrossholdings_06-Oct-2026.xlsx",Ownership Crossholdings
holders,Sustainable Growth Advisers LP,Calculated Investment Style,Aggressive Growth,2026-10-06,"filings/capitaliq/OwnerShip/OwnerShip CrossHoldings/SPGlobal_GrupoBimbo,S.A.B.deC.V._OwnershipCrossholdings_06-Oct-2026.xlsx",Ownership Crossholdings
holders,Sustainable Growth Advisers LP,"City, State","Stamford, CT",2026-10-06,"filings/capitaliq/OwnerShip/OwnerShip CrossHoldings/SPGlobal_GrupoBimbo,S.A.B.deC.V._OwnershipCrossholdings_06-Oct-2026.xlsx",Ownership Crossholdings
holders,Sustainable Growth Advisers LP,Country,USA,2026-10-06,"filings/capitaliq/OwnerShip/OwnerShip CrossHoldings/SPGlobal_GrupoBimbo,S.A.B.deC.V._OwnershipCrossholdings_06-Oct-2026.xlsx",Ownership Crossholdings
holders,Sustainable Growth Advisers LP,Portfolio Turnover Category,Low,2026-10-06,"filings/capitaliq/OwnerShip/OwnerShip CrossHoldings/SPGlobal_GrupoBimbo,S.A.B.deC.V._OwnershipCrossholdings_06-Oct-2026.xlsx",Ownership Crossholdings
holders,Sustainable Growth Advisers LP,Portfolio Turnover (%),23.2628,2026-10-06,"filings/capitaliq/OwnerShip/OwnerShip CrossHoldings/SPGlobal_GrupoBimbo,S.A.B.deC.V._OwnershipCrossholdings_06-Oct-2026.xlsx",Ownership Crossholdings
holders,Sustainable Growth Advisers LP,Equity Assets  (Mex$M),218373.96070700002,2026-10-06,"filings/capitaliq/OwnerShip/OwnerShip CrossHoldings/SPGlobal_GrupoBimbo,S.A.B.deC.V._OwnershipCrossholdings_06-Oct-2026.xlsx",Ownership Crossholdings
holders,Sustainable Growth Advisers LP,Equity Assets in Primary Industry (CIQ/GICS) (Mex$M),33.600721,2026-10-06,"filings/capitaliq/OwnerShip/OwnerShip CrossHoldings/SPGlobal_GrupoBimbo,S.A.B.deC.V._OwnershipCrossholdings_06-Oct-2026.xlsx",Ownership Crossholdings
holders,Sustainable Growth Advisers LP,Institution is an Activist?,No,2026-10-06,"filings/capitaliq/OwnerShip/OwnerShip CrossHoldings/SPGlobal_GrupoBimbo,S.A.B.deC.V._OwnershipCrossholdings_06-Oct-2026.xlsx",Ownership Crossholdings
holders,Resona Asset Management Co. Ltd.,MI Key,4629378,2026-10-06,"filings/capitaliq/OwnerShip/OwnerShip CrossHoldings/SPGlobal_GrupoBimbo,S.A.B.deC.V._OwnershipCrossholdings_06-Oct-2026.xlsx",Ownership Crossholdings
holders,Resona Asset Management Co. Ltd.,Total,42500,2026-10-06,"filings/capitaliq/OwnerShip/OwnerShip CrossHoldings/SPGlobal_GrupoBimbo,S.A.B.deC.V._OwnershipCrossholdings_06-Oct-2026.xlsx",Ownership Crossholdings
holders,Resona Asset Management Co. Ltd.,"Grupo Bimbo, S.A.B. de C.V. (BMV:BIMBO A)",42500,2026-10-06,"filings/capitaliq/OwnerShip/OwnerShip CrossHoldings/SPGlobal_GrupoBimbo,S.A.B.deC.V._OwnershipCrossholdings_06-Oct-2026.xlsx",Ownership Crossholdings
holders,Resona Asset Management Co. Ltd.,Owner Type,Traditional Investment Managers,2026-10-06,"filings/capitaliq/OwnerShip/OwnerShip CrossHoldings/SPGlobal_GrupoBimbo,S.A.B.deC.V._OwnershipCrossholdings_06-Oct-2026.xlsx",Ownership Crossholdings
holders,Resona Asset Management Co. Ltd.,Investment Orientation,Active,2026-10-06,"filings/capitaliq/OwnerShip/OwnerShip CrossHoldings/SPGlobal_GrupoBimbo,S.A.B.deC.V._OwnershipCrossholdings_06-Oct-2026.xlsx",Ownership Crossholdings
holders,Resona Asset Management Co. Ltd.,Calculated Investment Style,Growth,2026-10-06,"filings/capitaliq/OwnerShip/OwnerShip CrossHoldings/SPGlobal_GrupoBimbo,S.A.B.deC.V._OwnershipCrossholdings_06-Oct-2026.xlsx",Ownership Crossholdings
holders,Resona Asset Management Co. Ltd.,"City, State",Tokyo,2026-10-06,"filings/capitaliq/OwnerShip/OwnerShip CrossHoldings/SPGlobal_GrupoBimbo,S.A.B.deC.V._OwnershipCrossholdings_06-Oct-2026.xlsx",Ownership Crossholdings
holders,Resona Asset Management Co. Ltd.,Country,Japan,2026-10-06,"filings/capitaliq/OwnerShip/OwnerShip CrossHoldings/SPGlobal_GrupoBimbo,S.A.B.deC.V._OwnershipCrossholdings_06-Oct-2026.xlsx",Ownership Crossholdings
holders,Resona Asset Management Co. Ltd.,Portfolio Turnover Category,Very Low,2026-10-06,"filings/capitaliq/OwnerShip/OwnerShip CrossHoldings/SPGlobal_GrupoBimbo,S.A.B.deC.V._OwnershipCrossholdings_06-Oct-2026.xlsx",Ownership Crossholdings
holders,Resona Asset Management Co. Ltd.,Portfolio Turnover (%),4.3967,2026-10-06,"filings/capitaliq/OwnerShip/OwnerShip CrossHoldings/SPGlobal_GrupoBimbo,S.A.B.deC.V._OwnershipCrossholdings_06-Oct-2026.xlsx",Ownership Crossholdings
holders,Resona Asset Management Co. Ltd.,Equity Assets  (Mex$M),411652.31553599995,2026-10-06,"filings/capitaliq/OwnerShip/OwnerShip CrossHoldings/SPGlobal_GrupoBimbo,S.A.B.deC.V._OwnershipCrossholdings_06-Oct-2026.xlsx",Ownership Crossholdings
holders,Resona Asset Management Co. Ltd.,Equity Assets in Primary Industry (CIQ/GICS) (Mex$M),1641.583888,2026-10-06,"filings/capitaliq/OwnerShip/OwnerShip CrossHoldings/SPGlobal_GrupoBimbo,S.A.B.deC.V._OwnershipCrossholdings_06-Oct-2026.xlsx",Ownership Crossholdings
holders,Resona Asset Management Co. Ltd.,Institution is an Activist?,No,2026-10-06,"filings/capitaliq/OwnerShip/OwnerShip CrossHoldings/SPGlobal_GrupoBimbo,S.A.B.deC.V._OwnershipCrossholdings_06-Oct-2026.xlsx",Ownership Crossholdings
holders,GWL Investment Management Ltd.,MI Key,4048184,2026-10-06,"filings/capitaliq/OwnerShip/OwnerShip CrossHoldings/SPGlobal_GrupoBimbo,S.A.B.deC.V._OwnershipCrossholdings_06-Oct-2026.xlsx",Ownership Crossholdings
holders,GWL Investment Management Ltd.,Total,39888,2026-10-06,"filings/capitaliq/OwnerShip/OwnerShip CrossHoldings/SPGlobal_GrupoBimbo,S.A.B.deC.V._OwnershipCrossholdings_06-Oct-2026.xlsx",Ownership Crossholdings
holders,GWL Investment Management Ltd.,"Grupo Bimbo, S.A.B. de C.V. (BMV:BIMBO A)",39888,2026-10-06,"filings/capitaliq/OwnerShip/OwnerShip CrossHoldings/SPGlobal_GrupoBimbo,S.A.B.deC.V._OwnershipCrossholdings_06-Oct-2026.xlsx",Ownership Crossholdings
holders,GWL Investment Management Ltd.,Owner Type,Traditional Investment Managers,2026-10-06,"filings/capitaliq/OwnerShip/OwnerShip CrossHoldings/SPGlobal_GrupoBimbo,S.A.B.deC.V._OwnershipCrossholdings_06-Oct-2026.xlsx",Ownership Crossholdings
holders,GWL Investment Management Ltd.,Investment Orientation,Active,2026-10-06,"filings/capitaliq/OwnerShip/OwnerShip CrossHoldings/SPGlobal_GrupoBimbo,S.A.B.deC.V._OwnershipCrossholdings_06-Oct-2026.xlsx",Ownership Crossholdings
holders,GWL Investment Management Ltd.,Calculated Investment Style,Growth,2026-10-06,"filings/capitaliq/OwnerShip/OwnerShip CrossHoldings/SPGlobal_GrupoBimbo,S.A.B.deC.V._OwnershipCrossholdings_06-Oct-2026.xlsx",Ownership Crossholdings
holders,GWL Investment Management Ltd.,"City, State","Winnipeg, MB",2026-10-06,"filings/capitaliq/OwnerShip/OwnerShip CrossHoldings/SPGlobal_GrupoBimbo,S.A.B.deC.V._OwnershipCrossholdings_06-Oct-2026.xlsx",Ownership Crossholdings
holders,GWL Investment Management Ltd.,Country,Canada,2026-10-06,"filings/capitaliq/OwnerShip/OwnerShip CrossHoldings/SPGlobal_GrupoBimbo,S.A.B.deC.V._OwnershipCrossholdings_06-Oct-2026.xlsx",Ownership Crossholdings
holders,GWL Investment Management Ltd.,Portfolio Turnover Category,Very Low,2026-10-06,"filings/capitaliq/OwnerShip/OwnerShip CrossHoldings/SPGlobal_GrupoBimbo,S.A.B.deC.V._OwnershipCrossholdings_06-Oct-2026.xlsx",Ownership Crossholdings
holders,GWL Investment Management Ltd.,Portfolio Turnover (%),10.8052,2026-10-06,"filings/capitaliq/OwnerShip/OwnerShip CrossHoldings/SPGlobal_GrupoBimbo,S.A.B.deC.V._OwnershipCrossholdings_06-Oct-2026.xlsx",Ownership Crossholdings
holders,GWL Investment Management Ltd.,Equity Assets  (Mex$M),1438926.6196199998,2026-10-06,"filings/capitaliq/OwnerShip/OwnerShip CrossHoldings/SPGlobal_GrupoBimbo,S.A.B.deC.V._OwnershipCrossholdings_06-Oct-2026.xlsx",Ownership Crossholdings
holders,GWL Investment Management Ltd.,Equity Assets in Primary Industry (CIQ/GICS) (Mex$M),7424.321876999999,2026-10-06,"filings/capitaliq/OwnerShip/OwnerShip CrossHoldings/SPGlobal_GrupoBimbo,S.A.B.deC.V._OwnershipCrossholdings_06-Oct-2026.xlsx",Ownership Crossholdings
holders,GWL Investment Management Ltd.,Institution is an Activist?,No,2026-10-06,"filings/capitaliq/OwnerShip/OwnerShip CrossHoldings/SPGlobal_GrupoBimbo,S.A.B.deC.V._OwnershipCrossholdings_06-Oct-2026.xlsx",Ownership Crossholdings
holders,Sanlam Investment Management (Pty.) Ltd.,MI Key,4672091,2026-10-06,"filings/capitaliq/OwnerShip/OwnerShip CrossHoldings/SPGlobal_GrupoBimbo,S.A.B.deC.V._OwnershipCrossholdings_06-Oct-2026.xlsx",Ownership Crossholdings
holders,Sanlam Investment Management (Pty.) Ltd.,Total,33050,2026-10-06,"filings/capitaliq/OwnerShip/OwnerShip CrossHoldings/SPGlobal_GrupoBimbo,S.A.B.deC.V._OwnershipCrossholdings_06-Oct-2026.xlsx",Ownership Crossholdings
holders,Sanlam Investment Management (Pty.) Ltd.,"Grupo Bimbo, S.A.B. de C.V. (BMV:BIMBO A)",33050,2026-10-06,"filings/capitaliq/OwnerShip/OwnerShip CrossHoldings/SPGlobal_GrupoBimbo,S.A.B.deC.V._OwnershipCrossholdings_06-Oct-2026.xlsx",Ownership Crossholdings
holders,Sanlam Investment Management (Pty.) Ltd.,Owner Type,Traditional Investment Managers,2026-10-06,"filings/capitaliq/OwnerShip/OwnerShip CrossHoldings/SPGlobal_GrupoBimbo,S.A.B.deC.V._OwnershipCrossholdings_06-Oct-2026.xlsx",Ownership Crossholdings
holders,Sanlam Investment Management (Pty.) Ltd.,Investment Orientation,Active,2026-10-06,"filings/capitaliq/OwnerShip/OwnerShip CrossHoldings/SPGlobal_GrupoBimbo,S.A.B.deC.V._OwnershipCrossholdings_06-Oct-2026.xlsx",Ownership Crossholdings
holders,Sanlam Investment Management (Pty.) Ltd.,Calculated Investment Style,Growth,2026-10-06,"filings/capitaliq/OwnerShip/OwnerShip CrossHoldings/SPGlobal_GrupoBimbo,S.A.B.deC.V._OwnershipCrossholdings_06-Oct-2026.xlsx",Ownership Crossholdings
holders,Sanlam Investment Management (Pty.) Ltd.,"City, State",Cape Town,2026-10-06,"filings/capitaliq/OwnerShip/OwnerShip CrossHoldings/SPGlobal_GrupoBimbo,S.A.B.deC.V._OwnershipCrossholdings_06-Oct-2026.xlsx",Ownership Crossholdings
holders,Sanlam Investment Management (Pty.) Ltd.,Country,South Africa,2026-10-06,"filings/capitaliq/OwnerShip/OwnerShip CrossHoldings/SPGlobal_GrupoBimbo,S.A.B.deC.V._OwnershipCrossholdings_06-Oct-2026.xlsx",Ownership Crossholdings
holders,Sanlam Investment Management (Pty.) Ltd.,Portfolio Turnover Category,Very Low,2026-10-06,"filings/capitaliq/OwnerShip/OwnerShip CrossHoldings/SPGlobal_GrupoBimbo,S.A.B.deC.V._OwnershipCrossholdings_06-Oct-2026.xlsx",Ownership Crossholdings
holders,Sanlam Investment Management (Pty.) Ltd.,Portfolio Turnover (%),12.6696,2026-10-06,"filings/capitaliq/OwnerShip/OwnerShip CrossHoldings/SPGlobal_GrupoBimbo,S.A.B.deC.V._OwnershipCrossholdings_06-Oct-2026.xlsx",Ownership Crossholdings
holders,Sanlam Investment Management (Pty.) Ltd.,Equity Assets  (Mex$M),168485.335123,2026-10-06,"filings/capitaliq/OwnerShip/OwnerShip CrossHoldings/SPGlobal_GrupoBimbo,S.A.B.deC.V._OwnershipCrossholdings_06-Oct-2026.xlsx",Ownership Crossholdings
holders,Sanlam Investment Management (Pty.) Ltd.,Equity Assets in Primary Industry (CIQ/GICS) (Mex$M),2324.019922,2026-10-06,"filings/capitaliq/OwnerShip/OwnerShip CrossHoldings/SPGlobal_GrupoBimbo,S.A.B.deC.V._OwnershipCrossholdings_06-Oct-2026.xlsx",Ownership Crossholdings
holders,Sanlam Investment Management (Pty.) Ltd.,Institution is an Activist?,No,2026-10-06,"filings/capitaliq/OwnerShip/OwnerShip CrossHoldings/SPGlobal_GrupoBimbo,S.A.B.deC.V._OwnershipCrossholdings_06-Oct-2026.xlsx",Ownership Crossholdings
holders,DBX Advisors LLC,MI Key,4318598,2026-10-06,"filings/capitaliq/OwnerShip/OwnerShip CrossHoldings/SPGlobal_GrupoBimbo,S.A.B.deC.V._OwnershipCrossholdings_06-Oct-2026.xlsx",Ownership Crossholdings
holders,DBX Advisors LLC,Total,32452,2026-10-06,"filings/capitaliq/OwnerShip/OwnerShip CrossHoldings/SPGlobal_GrupoBimbo,S.A.B.deC.V._OwnershipCrossholdings_06-Oct-2026.xlsx",Ownership Crossholdings
holders,DBX Advisors LLC,"Grupo Bimbo, S.A.B. de C.V. (BMV:BIMBO A)",32452,2026-10-06,"filings/capitaliq/OwnerShip/OwnerShip CrossHoldings/SPGlobal_GrupoBimbo,S.A.B.deC.V._OwnershipCrossholdings_06-Oct-2026.xlsx",Ownership Crossholdings
holders,DBX Advisors LLC,Owner Type,Traditional Investment Managers,2026-10-06,"filings/capitaliq/OwnerShip/OwnerShip CrossHoldings/SPGlobal_GrupoBimbo,S.A.B.deC.V._OwnershipCrossholdings_06-Oct-2026.xlsx",Ownership Crossholdings
holders,DBX Advisors LLC,Investment Orientation,Passive,2026-10-06,"filings/capitaliq/OwnerShip/OwnerShip CrossHoldings/SPGlobal_GrupoBimbo,S.A.B.deC.V._OwnershipCrossholdings_06-Oct-2026.xlsx",Ownership Crossholdings
holders,DBX Advisors LLC,Calculated Investment Style,Growth,2026-10-06,"filings/capitaliq/OwnerShip/OwnerShip CrossHoldings/SPGlobal_GrupoBimbo,S.A.B.deC.V._OwnershipCrossholdings_06-Oct-2026.xlsx",Ownership Crossholdings
holders,DBX Advisors LLC,"City, State","New York, NY",2026-10-06,"filings/capitaliq/OwnerShip/OwnerShip CrossHoldings/SPGlobal_GrupoBimbo,S.A.B.deC.V._OwnershipCrossholdings_06-Oct-2026.xlsx",Ownership Crossholdings
holders,DBX Advisors LLC,Country,USA,2026-10-06,"filings/capitaliq/OwnerShip/OwnerShip CrossHoldings/SPGlobal_GrupoBimbo,S.A.B.deC.V._OwnershipCrossholdings_06-Oct-2026.xlsx",Ownership Crossholdings
holders,DBX Advisors LLC,Portfolio Turnover Category,Very Low,2026-10-06,"filings/capitaliq/OwnerShip/OwnerShip CrossHoldings/SPGlobal_GrupoBimbo,S.A.B.deC.V._OwnershipCrossholdings_06-Oct-2026.xlsx",Ownership Crossholdings
holders,DBX Advisors LLC,Portfolio Turnover (%),14.9419,2026-10-06,"filings/capitaliq/OwnerShip/OwnerShip CrossHoldings/SPGlobal_GrupoBimbo,S.A.B.deC.V._OwnershipCrossholdings_06-Oct-2026.xlsx",Ownership Crossholdings
holders,DBX Advisors LLC,Equity Assets  (Mex$M),388895.10422000004,2026-10-06,"filings/capitaliq/OwnerShip/OwnerShip CrossHoldings/SPGlobal_GrupoBimbo,S.A.B.deC.V._OwnershipCrossholdings_06-Oct-2026.xlsx",Ownership Crossholdings
holders,DBX Advisors LLC,Equity Assets in Primary Industry (CIQ/GICS) (Mex$M),6653.841173,2026-10-06,"filings/capitaliq/OwnerShip/OwnerShip CrossHoldings/SPGlobal_GrupoBimbo,S.A.B.deC.V._OwnershipCrossholdings_06-Oct-2026.xlsx",Ownership Crossholdings
holders,DBX Advisors LLC,Institution is an Activist?,No,2026-10-06,"filings/capitaliq/OwnerShip/OwnerShip CrossHoldings/SPGlobal_GrupoBimbo,S.A.B.deC.V._OwnershipCrossholdings_06-Oct-2026.xlsx",Ownership Crossholdings
holders,Renta 4 Gestora S.G.I.I.C. SA,MI Key,4139861,2026-10-06,"filings/capitaliq/OwnerShip/OwnerShip CrossHoldings/SPGlobal_GrupoBimbo,S.A.B.deC.V._OwnershipCrossholdings_06-Oct-2026.xlsx",Ownership Crossholdings
holders,Renta 4 Gestora S.G.I.I.C. SA,Total,31463,2026-10-06,"filings/capitaliq/OwnerShip/OwnerShip CrossHoldings/SPGlobal_GrupoBimbo,S.A.B.deC.V._OwnershipCrossholdings_06-Oct-2026.xlsx",Ownership Crossholdings
holders,Renta 4 Gestora S.G.I.I.C. SA,"Grupo Bimbo, S.A.B. de C.V. (BMV:BIMBO A)",31463,2026-10-06,"filings/capitaliq/OwnerShip/OwnerShip CrossHoldings/SPGlobal_GrupoBimbo,S.A.B.deC.V._OwnershipCrossholdings_06-Oct-2026.xlsx",Ownership Crossholdings
holders,Renta 4 Gestora S.G.I.I.C. SA,Owner Type,Traditional Investment Managers,2026-10-06,"filings/capitaliq/OwnerShip/OwnerShip CrossHoldings/SPGlobal_GrupoBimbo,S.A.B.deC.V._OwnershipCrossholdings_06-Oct-2026.xlsx",Ownership Crossholdings
holders,Renta 4 Gestora S.G.I.I.C. SA,Investment Orientation,Active,2026-10-06,"filings/capitaliq/OwnerShip/OwnerShip CrossHoldings/SPGlobal_GrupoBimbo,S.A.B.deC.V._OwnershipCrossholdings_06-Oct-2026.xlsx",Ownership Crossholdings
holders,Renta 4 Gestora S.G.I.I.C. SA,Calculated Investment Style,Growth,2026-10-06,"filings/capitaliq/OwnerShip/OwnerShip CrossHoldings/SPGlobal_GrupoBimbo,S.A.B.deC.V._OwnershipCrossholdings_06-Oct-2026.xlsx",Ownership Crossholdings
holders,Renta 4 Gestora S.G.I.I.C. SA,"City, State",Madrid,2026-10-06,"filings/capitaliq/OwnerShip/OwnerShip CrossHoldings/SPGlobal_GrupoBimbo,S.A.B.deC.V._OwnershipCrossholdings_06-Oct-2026.xlsx",Ownership Crossholdings
holders,Renta 4 Gestora S.G.I.I.C. SA,Country,Spain,2026-10-06,"filings/capitaliq/OwnerShip/OwnerShip CrossHoldings/SPGlobal_GrupoBimbo,S.A.B.deC.V._OwnershipCrossholdings_06-Oct-2026.xlsx",Ownership Crossholdings
holders,Renta 4 Gestora S.G.I.I.C. SA,Portfolio Turnover Category,Low,2026-10-06,"filings/capitaliq/OwnerShip/OwnerShip CrossHoldings/SPGlobal_GrupoBimbo,S.A.B.deC.V._OwnershipCrossholdings_06-Oct-2026.xlsx",Ownership Crossholdings
holders,Renta 4 Gestora S.G.I.I.C. SA,Portfolio Turnover (%),24.2905,2026-10-06,"filings/capitaliq/OwnerShip/OwnerShip CrossHoldings/SPGlobal_GrupoBimbo,S.A.B.deC.V._OwnershipCrossholdings_06-Oct-2026.xlsx",Ownership Crossholdings
holders,Renta 4 Gestora S.G.I.I.C. SA,Equity Assets  (Mex$M),28823.309395999997,2026-10-06,"filings/capitaliq/OwnerShip/OwnerShip CrossHoldings/SPGlobal_GrupoBimbo,S.A.B.deC.V._OwnershipCrossholdings_06-Oct-2026.xlsx",Ownership Crossholdings
holders,Renta 4 Gestora S.G.I.I.C. SA,Equity Assets in Primary Industry (CIQ/GICS) (Mex$M),1065.340507,2026-10-06,"filings/capitaliq/OwnerShip/OwnerShip CrossHoldings/SPGlobal_GrupoBimbo,S.A.B.deC.V._OwnershipCrossholdings_06-Oct-2026.xlsx",Ownership Crossholdings
holders,Renta 4 Gestora S.G.I.I.C. SA,Institution is an Activist?,No,2026-10-06,"filings/capitaliq/OwnerShip/OwnerShip CrossHoldings/SPGlobal_GrupoBimbo,S.A.B.deC.V._OwnershipCrossholdings_06-Oct-2026.xlsx",Ownership Crossholdings
holders,Security Kapitalanlage AG,MI Key,4140057,2026-10-06,"filings/capitaliq/OwnerShip/OwnerShip CrossHoldings/SPGlobal_GrupoBimbo,S.A.B.deC.V._OwnershipCrossholdings_06-Oct-2026.xlsx",Ownership Crossholdings
holders,Security Kapitalanlage AG,Total,29230,2026-10-06,"filings/capitaliq/OwnerShip/OwnerShip CrossHoldings/SPGlobal_GrupoBimbo,S.A.B.deC.V._OwnershipCrossholdings_06-Oct-2026.xlsx",Ownership Crossholdings
holders,Security Kapitalanlage AG,"Grupo Bimbo, S.A.B. de C.V. (BMV:BIMBO A)",29230,2026-10-06,"filings/capitaliq/OwnerShip/OwnerShip CrossHoldings/SPGlobal_GrupoBimbo,S.A.B.deC.V._OwnershipCrossholdings_06-Oct-2026.xlsx",Ownership Crossholdings
holders,Security Kapitalanlage AG,Owner Type,Traditional Investment Managers,2026-10-06,"filings/capitaliq/OwnerShip/OwnerShip CrossHoldings/SPGlobal_GrupoBimbo,S.A.B.deC.V._OwnershipCrossholdings_06-Oct-2026.xlsx",Ownership Crossholdings
holders,Security Kapitalanlage AG,Investment Orientation,Active,2026-10-06,"filings/capitaliq/OwnerShip/OwnerShip CrossHoldings/SPGlobal_GrupoBimbo,S.A.B.deC.V._OwnershipCrossholdings_06-Oct-2026.xlsx",Ownership Crossholdings
holders,Security Kapitalanlage AG,Calculated Investment Style,Growth,2026-10-06,"filings/capitaliq/OwnerShip/OwnerShip CrossHoldings/SPGlobal_GrupoBimbo,S.A.B.deC.V._OwnershipCrossholdings_06-Oct-2026.xlsx",Ownership Crossholdings
holders,Security Kapitalanlage AG,"City, State",Graz,2026-10-06,"filings/capitaliq/OwnerShip/OwnerShip CrossHoldings/SPGlobal_GrupoBimbo,S.A.B.deC.V._OwnershipCrossholdings_06-Oct-2026.xlsx",Ownership Crossholdings
holders,Security Kapitalanlage AG,Country,Austria,2026-10-06,"filings/capitaliq/OwnerShip/OwnerShip CrossHoldings/SPGlobal_GrupoBimbo,S.A.B.deC.V._OwnershipCrossholdings_06-Oct-2026.xlsx",Ownership Crossholdings
holders,Security Kapitalanlage AG,Portfolio Turnover Category,Very Low,2026-10-06,"filings/capitaliq/OwnerShip/OwnerShip CrossHoldings/SPGlobal_GrupoBimbo,S.A.B.deC.V._OwnershipCrossholdings_06-Oct-2026.xlsx",Ownership Crossholdings
holders,Security Kapitalanlage AG,Portfolio Turnover (%),7.9788,2026-10-06,"filings/capitaliq/OwnerShip/OwnerShip CrossHoldings/SPGlobal_GrupoBimbo,S.A.B.deC.V._OwnershipCrossholdings_06-Oct-2026.xlsx",Ownership Crossholdings
holders,Security Kapitalanlage AG,Equity Assets  (Mex$M),36526.139922999995,2026-10-06,"filings/capitaliq/OwnerShip/OwnerShip CrossHoldings/SPGlobal_GrupoBimbo,S.A.B.deC.V._OwnershipCrossholdings_06-Oct-2026.xlsx",Ownership Crossholdings
holders,Security Kapitalanlage AG,Equity Assets in Primary Industry (CIQ/GICS) (Mex$M),324.148132,2026-10-06,"filings/capitaliq/OwnerShip/OwnerShip CrossHoldings/SPGlobal_GrupoBimbo,S.A.B.deC.V._OwnershipCrossholdings_06-Oct-2026.xlsx",Ownership Crossholdings
holders,Security Kapitalanlage AG,Institution is an Activist?,No,2026-10-06,"filings/capitaliq/OwnerShip/OwnerShip CrossHoldings/SPGlobal_GrupoBimbo,S.A.B.deC.V._OwnershipCrossholdings_06-Oct-2026.xlsx",Ownership Crossholdings
holders,Lincoln Financial Investments Corp.,MI Key,4119651,2026-10-06,"filings/capitaliq/OwnerShip/OwnerShip CrossHoldings/SPGlobal_GrupoBimbo,S.A.B.deC.V._OwnershipCrossholdings_06-Oct-2026.xlsx",Ownership Crossholdings
holders,Lincoln Financial Investments Corp.,Total,28900,2026-10-06,"filings/capitaliq/OwnerShip/OwnerShip CrossHoldings/SPGlobal_GrupoBimbo,S.A.B.deC.V._OwnershipCrossholdings_06-Oct-2026.xlsx",Ownership Crossholdings
holders,Lincoln Financial Investments Corp.,"Grupo Bimbo, S.A.B. de C.V. (BMV:BIMBO A)",28900,2026-10-06,"filings/capitaliq/OwnerShip/OwnerShip CrossHoldings/SPGlobal_GrupoBimbo,S.A.B.deC.V._OwnershipCrossholdings_06-Oct-2026.xlsx",Ownership Crossholdings
holders,Lincoln Financial Investments Corp.,Owner Type,Traditional Investment Managers,2026-10-06,"filings/capitaliq/OwnerShip/OwnerShip CrossHoldings/SPGlobal_GrupoBimbo,S.A.B.deC.V._OwnershipCrossholdings_06-Oct-2026.xlsx",Ownership Crossholdings
holders,Lincoln Financial Investments Corp.,Investment Orientation,Active,2026-10-06,"filings/capitaliq/OwnerShip/OwnerShip CrossHoldings/SPGlobal_GrupoBimbo,S.A.B.deC.V._OwnershipCrossholdings_06-Oct-2026.xlsx",Ownership Crossholdings
holders,Lincoln Financial Investments Corp.,Calculated Investment Style,Growth,2026-10-06,"filings/capitaliq/OwnerShip/OwnerShip CrossHoldings/SPGlobal_GrupoBimbo,S.A.B.deC.V._OwnershipCrossholdings_06-Oct-2026.xlsx",Ownership Crossholdings
holders,Lincoln Financial Investments Corp.,"City, State","Radnor, PA",2026-10-06,"filings/capitaliq/OwnerShip/OwnerShip CrossHoldings/SPGlobal_GrupoBimbo,S.A.B.deC.V._OwnershipCrossholdings_06-Oct-2026.xlsx",Ownership Crossholdings
holders,Lincoln Financial Investments Corp.,Country,USA,2026-10-06,"filings/capitaliq/OwnerShip/OwnerShip CrossHoldings/SPGlobal_GrupoBimbo,S.A.B.deC.V._OwnershipCrossholdings_06-Oct-2026.xlsx",Ownership Crossholdings
holders,Lincoln Financial Investments Corp.,Portfolio Turnover Category,Very Low,2026-10-06,"filings/capitaliq/OwnerShip/OwnerShip CrossHoldings/SPGlobal_GrupoBimbo,S.A.B.deC.V._OwnershipCrossholdings_06-Oct-2026.xlsx",Ownership Crossholdings
holders,Lincoln Financial Investments Corp.,Portfolio Turnover (%),19.1588,2026-10-06,"filings/capitaliq/OwnerShip/OwnerShip CrossHoldings/SPGlobal_GrupoBimbo,S.A.B.deC.V._OwnershipCrossholdings_06-Oct-2026.xlsx",Ownership Crossholdings
holders,Lincoln Financial Investments Corp.,Equity Assets  (Mex$M),624746.830337,2026-10-06,"filings/capitaliq/OwnerShip/OwnerShip CrossHoldings/SPGlobal_GrupoBimbo,S.A.B.deC.V._OwnershipCrossholdings_06-Oct-2026.xlsx",Ownership Crossholdings
holders,Lincoln Financial Investments Corp.,Equity Assets in Primary Industry (CIQ/GICS) (Mex$M),3025.5023539999997,2026-10-06,"filings/capitaliq/OwnerShip/OwnerShip CrossHoldings/SPGlobal_GrupoBimbo,S.A.B.deC.V._OwnershipCrossholdings_06-Oct-2026.xlsx",Ownership Crossholdings
holders,Lincoln Financial Investments Corp.,Institution is an Activist?,No,2026-10-06,"filings/capitaliq/OwnerShip/OwnerShip CrossHoldings/SPGlobal_GrupoBimbo,S.A.B.deC.V._OwnershipCrossholdings_06-Oct-2026.xlsx",Ownership Crossholdings
holders,Krane Funds Advisors LLC,MI Key,4383779,2026-10-06,"filings/capitaliq/OwnerShip/OwnerShip CrossHoldings/SPGlobal_GrupoBimbo,S.A.B.deC.V._OwnershipCrossholdings_06-Oct-2026.xlsx",Ownership Crossholdings
holders,Krane Funds Advisors LLC,Total,28300,2026-10-06,"filings/capitaliq/OwnerShip/OwnerShip CrossHoldings/SPGlobal_GrupoBimbo,S.A.B.deC.V._OwnershipCrossholdings_06-Oct-2026.xlsx",Ownership Crossholdings
holders,Krane Funds Advisors LLC,"Grupo Bimbo, S.A.B. de C.V. (BMV:BIMBO A)",28300,2026-10-06,"filings/capitaliq/OwnerShip/OwnerShip CrossHoldings/SPGlobal_GrupoBimbo,S.A.B.deC.V._OwnershipCrossholdings_06-Oct-2026.xlsx",Ownership Crossholdings
holders,Krane Funds Advisors LLC,Owner Type,Traditional Investment Managers,2026-10-06,"filings/capitaliq/OwnerShip/OwnerShip CrossHoldings/SPGlobal_GrupoBimbo,S.A.B.deC.V._OwnershipCrossholdings_06-Oct-2026.xlsx",Ownership Crossholdings
holders,Krane Funds Advisors LLC,Investment Orientation,Active,2026-10-06,"filings/capitaliq/OwnerShip/OwnerShip CrossHoldings/SPGlobal_GrupoBimbo,S.A.B.deC.V._OwnershipCrossholdings_06-Oct-2026.xlsx",Ownership Crossholdings
holders,Krane Funds Advisors LLC,Calculated Investment Style,GARP,2026-10-06,"filings/capitaliq/OwnerShip/OwnerShip CrossHoldings/SPGlobal_GrupoBimbo,S.A.B.deC.V._OwnershipCrossholdings_06-Oct-2026.xlsx",Ownership Crossholdings
holders,Krane Funds Advisors LLC,"City, State","New York, NY",2026-10-06,"filings/capitaliq/OwnerShip/OwnerShip CrossHoldings/SPGlobal_GrupoBimbo,S.A.B.deC.V._OwnershipCrossholdings_06-Oct-2026.xlsx",Ownership Crossholdings
holders,Krane Funds Advisors LLC,Country,USA,2026-10-06,"filings/capitaliq/OwnerShip/OwnerShip CrossHoldings/SPGlobal_GrupoBimbo,S.A.B.deC.V._OwnershipCrossholdings_06-Oct-2026.xlsx",Ownership Crossholdings
holders,Krane Funds Advisors LLC,Portfolio Turnover Category,Low,2026-10-06,"filings/capitaliq/OwnerShip/OwnerShip CrossHoldings/SPGlobal_GrupoBimbo,S.A.B.deC.V._OwnershipCrossholdings_06-Oct-2026.xlsx",Ownership Crossholdings
holders,Krane Funds Advisors LLC,Portfolio Turnover (%),21.5749,2026-10-06,"filings/capitaliq/OwnerShip/OwnerShip CrossHoldings/SPGlobal_GrupoBimbo,S.A.B.deC.V._OwnershipCrossholdings_06-Oct-2026.xlsx",Ownership Crossholdings
holders,Krane Funds Advisors LLC,Equity Assets  (Mex$M),134841.130837,2026-10-06,"filings/capitaliq/OwnerShip/OwnerShip CrossHoldings/SPGlobal_GrupoBimbo,S.A.B.deC.V._OwnershipCrossholdings_06-Oct-2026.xlsx",Ownership Crossholdings
holders,Krane Funds Advisors LLC,Equity Assets in Primary Industry (CIQ/GICS) (Mex$M),56.600145,2026-10-06,"filings/capitaliq/OwnerShip/OwnerShip CrossHoldings/SPGlobal_GrupoBimbo,S.A.B.deC.V._OwnershipCrossholdings_06-Oct-2026.xlsx",Ownership Crossholdings
holders,Krane Funds Advisors LLC,Institution is an Activist?,No,2026-10-06,"filings/capitaliq/OwnerShip/OwnerShip CrossHoldings/SPGlobal_GrupoBimbo,S.A.B.deC.V._OwnershipCrossholdings_06-Oct-2026.xlsx",Ownership Crossholdings
holders,AustralianSuper Advice Pty. Ltd.,MI Key,4757367,2026-10-06,"filings/capitaliq/OwnerShip/OwnerShip CrossHoldings/SPGlobal_GrupoBimbo,S.A.B.deC.V._OwnershipCrossholdings_06-Oct-2026.xlsx",Ownership Crossholdings
holders,AustralianSuper Advice Pty. Ltd.,Total,25000,2026-10-06,"filings/capitaliq/OwnerShip/OwnerShip CrossHoldings/SPGlobal_GrupoBimbo,S.A.B.deC.V._OwnershipCrossholdings_06-Oct-2026.xlsx",Ownership Crossholdings
holders,AustralianSuper Advice Pty. Ltd.,"Grupo Bimbo, S.A.B. de C.V. (BMV:BIMBO A)",25000,2026-10-06,"filings/capitaliq/OwnerShip/OwnerShip CrossHoldings/SPGlobal_GrupoBimbo,S.A.B.deC.V._OwnershipCrossholdings_06-Oct-2026.xlsx",Ownership Crossholdings
holders,AustralianSuper Advice Pty. Ltd.,Owner Type,Government Pension Sponsors,2026-10-06,"filings/capitaliq/OwnerShip/OwnerShip CrossHoldings/SPGlobal_GrupoBimbo,S.A.B.deC.V._OwnershipCrossholdings_06-Oct-2026.xlsx",Ownership Crossholdings
holders,AustralianSuper Advice Pty. Ltd.,Investment Orientation,Active,2026-10-06,"filings/capitaliq/OwnerShip/OwnerShip CrossHoldings/SPGlobal_GrupoBimbo,S.A.B.deC.V._OwnershipCrossholdings_06-Oct-2026.xlsx",Ownership Crossholdings
holders,AustralianSuper Advice Pty. Ltd.,Calculated Investment Style,Growth,2026-10-06,"filings/capitaliq/OwnerShip/OwnerShip CrossHoldings/SPGlobal_GrupoBimbo,S.A.B.deC.V._OwnershipCrossholdings_06-Oct-2026.xlsx",Ownership Crossholdings
holders,AustralianSuper Advice Pty. Ltd.,"City, State",Melbourne,2026-10-06,"filings/capitaliq/OwnerShip/OwnerShip CrossHoldings/SPGlobal_GrupoBimbo,S.A.B.deC.V._OwnershipCrossholdings_06-Oct-2026.xlsx",Ownership Crossholdings
holders,AustralianSuper Advice Pty. Ltd.,Country,Australia,2026-10-06,"filings/capitaliq/OwnerShip/OwnerShip CrossHoldings/SPGlobal_GrupoBimbo,S.A.B.deC.V._OwnershipCrossholdings_06-Oct-2026.xlsx",Ownership Crossholdings
holders,AustralianSuper Advice Pty. Ltd.,Portfolio Turnover Category,Low,2026-10-06,"filings/capitaliq/OwnerShip/OwnerShip CrossHoldings/SPGlobal_GrupoBimbo,S.A.B.deC.V._OwnershipCrossholdings_06-Oct-2026.xlsx",Ownership Crossholdings
holders,AustralianSuper Advice Pty. Ltd.,Portfolio Turnover (%),26.2778,2026-10-06,"filings/capitaliq/OwnerShip/OwnerShip CrossHoldings/SPGlobal_GrupoBimbo,S.A.B.deC.V._OwnershipCrossholdings_06-Oct-2026.xlsx",Ownership Crossholdings
holders,AustralianSuper Advice Pty. Ltd.,Equity Assets  (Mex$M),2298673.478654,2026-10-06,"filings/capitaliq/OwnerShip/OwnerShip CrossHoldings/SPGlobal_GrupoBimbo,S.A.B.deC.V._OwnershipCrossholdings_06-Oct-2026.xlsx",Ownership Crossholdings
holders,AustralianSuper Advice Pty. Ltd.,Equity Assets in Primary Industry (CIQ/GICS) (Mex$M),6105.62834,2026-10-06,"filings/capitaliq/OwnerShip/OwnerShip CrossHoldings/SPGlobal_GrupoBimbo,S.A.B.deC.V._OwnershipCrossholdings_06-Oct-2026.xlsx",Ownership Crossholdings
holders,AustralianSuper Advice Pty. Ltd.,Institution is an Activist?,No,2026-10-06,"filings/capitaliq/OwnerShip/OwnerShip CrossHoldings/SPGlobal_GrupoBimbo,S.A.B.deC.V._OwnershipCrossholdings_06-Oct-2026.xlsx",Ownership Crossholdings
holders,Mackenzie Financial Corp.,MI Key,106960,2026-10-06,"filings/capitaliq/OwnerShip/OwnerShip CrossHoldings/SPGlobal_GrupoBimbo,S.A.B.deC.V._OwnershipCrossholdings_06-Oct-2026.xlsx",Ownership Crossholdings
holders,Mackenzie Financial Corp.,Total,23792,2026-10-06,"filings/capitaliq/OwnerShip/OwnerShip CrossHoldings/SPGlobal_GrupoBimbo,S.A.B.deC.V._OwnershipCrossholdings_06-Oct-2026.xlsx",Ownership Crossholdings
holders,Mackenzie Financial Corp.,"Grupo Bimbo, S.A.B. de C.V. (BMV:BIMBO A)",23792,2026-10-06,"filings/capitaliq/OwnerShip/OwnerShip CrossHoldings/SPGlobal_GrupoBimbo,S.A.B.deC.V._OwnershipCrossholdings_06-Oct-2026.xlsx",Ownership Crossholdings
holders,Mackenzie Financial Corp.,Owner Type,Traditional Investment Managers,2026-10-06,"filings/capitaliq/OwnerShip/OwnerShip CrossHoldings/SPGlobal_GrupoBimbo,S.A.B.deC.V._OwnershipCrossholdings_06-Oct-2026.xlsx",Ownership Crossholdings
holders,Mackenzie Financial Corp.,Investment Orientation,Active,2026-10-06,"filings/capitaliq/OwnerShip/OwnerShip CrossHoldings/SPGlobal_GrupoBimbo,S.A.B.deC.V._OwnershipCrossholdings_06-Oct-2026.xlsx",Ownership Crossholdings
holders,Mackenzie Financial Corp.,Calculated Investment Style,Growth,2026-10-06,"filings/capitaliq/OwnerShip/OwnerShip CrossHoldings/SPGlobal_GrupoBimbo,S.A.B.deC.V._OwnershipCrossholdings_06-Oct-2026.xlsx",Ownership Crossholdings
holders,Mackenzie Financial Corp.,"City, State","Toronto, ON",2026-10-06,"filings/capitaliq/OwnerShip/OwnerShip CrossHoldings/SPGlobal_GrupoBimbo,S.A.B.deC.V._OwnershipCrossholdings_06-Oct-2026.xlsx",Ownership Crossholdings
holders,Mackenzie Financial Corp.,Country,Canada,2026-10-06,"filings/capitaliq/OwnerShip/OwnerShip CrossHoldings/SPGlobal_GrupoBimbo,S.A.B.deC.V._OwnershipCrossholdings_06-Oct-2026.xlsx",Ownership Crossholdings
holders,Mackenzie Financial Corp.,Portfolio Turnover Category,Low,2026-10-06,"filings/capitaliq/OwnerShip/OwnerShip CrossHoldings/SPGlobal_GrupoBimbo,S.A.B.deC.V._OwnershipCrossholdings_06-Oct-2026.xlsx",Ownership Crossholdings
holders,Mackenzie Financial Corp.,Portfolio Turnover (%),27.654,2026-10-06,"filings/capitaliq/OwnerShip/OwnerShip CrossHoldings/SPGlobal_GrupoBimbo,S.A.B.deC.V._OwnershipCrossholdings_06-Oct-2026.xlsx",Ownership Crossholdings
holders,Mackenzie Financial Corp.,Equity Assets  (Mex$M),1915835.128998,2026-10-06,"filings/capitaliq/OwnerShip/OwnerShip CrossHoldings/SPGlobal_GrupoBimbo,S.A.B.deC.V._OwnershipCrossholdings_06-Oct-2026.xlsx",Ownership Crossholdings
holders,Mackenzie Financial Corp.,Equity Assets in Primary Industry (CIQ/GICS) (Mex$M),10153.347281,2026-10-06,"filings/capitaliq/OwnerShip/OwnerShip CrossHoldings/SPGlobal_GrupoBimbo,S.A.B.deC.V._OwnershipCrossholdings_06-Oct-2026.xlsx",Ownership Crossholdings
holders,Mackenzie Financial Corp.,Institution is an Activist?,No,2026-10-06,"filings/capitaliq/OwnerShip/OwnerShip CrossHoldings/SPGlobal_GrupoBimbo,S.A.B.deC.V._OwnershipCrossholdings_06-Oct-2026.xlsx",Ownership Crossholdings
holders,Symmetry Partners LLC,MI Key,4119608,2026-10-06,"filings/capitaliq/OwnerShip/OwnerShip CrossHoldings/SPGlobal_GrupoBimbo,S.A.B.deC.V._OwnershipCrossholdings_06-Oct-2026.xlsx",Ownership Crossholdings
holders,Symmetry Partners LLC,Total,22600,2026-10-06,"filings/capitaliq/OwnerShip/OwnerShip CrossHoldings/SPGlobal_GrupoBimbo,S.A.B.deC.V._OwnershipCrossholdings_06-Oct-2026.xlsx",Ownership Crossholdings
holders,Symmetry Partners LLC,"Grupo Bimbo, S.A.B. de C.V. (BMV:BIMBO A)",22600,2026-10-06,"filings/capitaliq/OwnerShip/OwnerShip CrossHoldings/SPGlobal_GrupoBimbo,S.A.B.deC.V._OwnershipCrossholdings_06-Oct-2026.xlsx",Ownership Crossholdings
holders,Symmetry Partners LLC,Owner Type,Traditional Investment Managers,2026-10-06,"filings/capitaliq/OwnerShip/OwnerShip CrossHoldings/SPGlobal_GrupoBimbo,S.A.B.deC.V._OwnershipCrossholdings_06-Oct-2026.xlsx",Ownership Crossholdings
holders,Symmetry Partners LLC,Investment Orientation,Active,2026-10-06,"filings/capitaliq/OwnerShip/OwnerShip CrossHoldings/SPGlobal_GrupoBimbo,S.A.B.deC.V._OwnershipCrossholdings_06-Oct-2026.xlsx",Ownership Crossholdings
holders,Symmetry Partners LLC,Calculated Investment Style,Growth,2026-10-06,"filings/capitaliq/OwnerShip/OwnerShip CrossHoldings/SPGlobal_GrupoBimbo,S.A.B.deC.V._OwnershipCrossholdings_06-Oct-2026.xlsx",Ownership Crossholdings
holders,Symmetry Partners LLC,"City, State","Glastonbury, CT",2026-10-06,"filings/capitaliq/OwnerShip/OwnerShip CrossHoldings/SPGlobal_GrupoBimbo,S.A.B.deC.V._OwnershipCrossholdings_06-Oct-2026.xlsx",Ownership Crossholdings
holders,Symmetry Partners LLC,Country,USA,2026-10-06,"filings/capitaliq/OwnerShip/OwnerShip CrossHoldings/SPGlobal_GrupoBimbo,S.A.B.deC.V._OwnershipCrossholdings_06-Oct-2026.xlsx",Ownership Crossholdings
holders,Symmetry Partners LLC,Portfolio Turnover Category,Low,2026-10-06,"filings/capitaliq/OwnerShip/OwnerShip CrossHoldings/SPGlobal_GrupoBimbo,S.A.B.deC.V._OwnershipCrossholdings_06-Oct-2026.xlsx",Ownership Crossholdings
holders,Symmetry Partners LLC,Portfolio Turnover (%),22.6733,2026-10-06,"filings/capitaliq/OwnerShip/OwnerShip CrossHoldings/SPGlobal_GrupoBimbo,S.A.B.deC.V._OwnershipCrossholdings_06-Oct-2026.xlsx",Ownership Crossholdings
holders,Symmetry Partners LLC,Equity Assets  (Mex$M),8042.251713999999,2026-10-06,"filings/capitaliq/OwnerShip/OwnerShip CrossHoldings/SPGlobal_GrupoBimbo,S.A.B.deC.V._OwnershipCrossholdings_06-Oct-2026.xlsx",Ownership Crossholdings
holders,Symmetry Partners LLC,Equity Assets in Primary Industry (CIQ/GICS) (Mex$M),19.76513,2026-10-06,"filings/capitaliq/OwnerShip/OwnerShip CrossHoldings/SPGlobal_GrupoBimbo,S.A.B.deC.V._OwnershipCrossholdings_06-Oct-2026.xlsx",Ownership Crossholdings
holders,Symmetry Partners LLC,Institution is an Activist?,No,2026-10-06,"filings/capitaliq/OwnerShip/OwnerShip CrossHoldings/SPGlobal_GrupoBimbo,S.A.B.deC.V._OwnershipCrossholdings_06-Oct-2026.xlsx",Ownership Crossholdings
holders,Impulsora de Fondos Banamex S.A. de C.V. Sociedad Operadora de Sociedades de Inv,MI Key,5762363,2026-10-06,"filings/capitaliq/OwnerShip/OwnerShip CrossHoldings/SPGlobal_GrupoBimbo,S.A.B.deC.V._OwnershipCrossholdings_06-Oct-2026.xlsx",Ownership Crossholdings
holders,Impulsora de Fondos Banamex S.A. de C.V. Sociedad Operadora de Sociedades de Inv,Total,19626,2026-10-06,"filings/capitaliq/OwnerShip/OwnerShip CrossHoldings/SPGlobal_GrupoBimbo,S.A.B.deC.V._OwnershipCrossholdings_06-Oct-2026.xlsx",Ownership Crossholdings
holders,Impulsora de Fondos Banamex S.A. de C.V. Sociedad Operadora de Sociedades de Inv,"Grupo Bimbo, S.A.B. de C.V. (BMV:BIMBO A)",19626,2026-10-06,"filings/capitaliq/OwnerShip/OwnerShip CrossHoldings/SPGlobal_GrupoBimbo,S.A.B.deC.V._OwnershipCrossholdings_06-Oct-2026.xlsx",Ownership Crossholdings
holders,Impulsora de Fondos Banamex S.A. de C.V. Sociedad Operadora de Sociedades de Inv,Owner Type,Traditional Investment Managers,2026-10-06,"filings/capitaliq/OwnerShip/OwnerShip CrossHoldings/SPGlobal_GrupoBimbo,S.A.B.deC.V._OwnershipCrossholdings_06-Oct-2026.xlsx",Ownership Crossholdings
holders,Impulsora de Fondos Banamex S.A. de C.V. Sociedad Operadora de Sociedades de Inv,Investment Orientation,Active,2026-10-06,"filings/capitaliq/OwnerShip/OwnerShip CrossHoldings/SPGlobal_GrupoBimbo,S.A.B.deC.V._OwnershipCrossholdings_06-Oct-2026.xlsx",Ownership Crossholdings
holders,Impulsora de Fondos Banamex S.A. de C.V. Sociedad Operadora de Sociedades de Inv,Calculated Investment Style,GARP,2026-10-06,"filings/capitaliq/OwnerShip/OwnerShip CrossHoldings/SPGlobal_GrupoBimbo,S.A.B.deC.V._OwnershipCrossholdings_06-Oct-2026.xlsx",Ownership Crossholdings
holders,Impulsora de Fondos Banamex S.A. de C.V. Sociedad Operadora de Sociedades de Inv,"City, State","Mexico City, DF",2026-10-06,"filings/capitaliq/OwnerShip/OwnerShip CrossHoldings/SPGlobal_GrupoBimbo,S.A.B.deC.V._OwnershipCrossholdings_06-Oct-2026.xlsx",Ownership Crossholdings
holders,Impulsora de Fondos Banamex S.A. de C.V. Sociedad Operadora de Sociedades de Inv,Country,Mexico,2026-10-06,"filings/capitaliq/OwnerShip/OwnerShip CrossHoldings/SPGlobal_GrupoBimbo,S.A.B.deC.V._OwnershipCrossholdings_06-Oct-2026.xlsx",Ownership Crossholdings
holders,Impulsora de Fondos Banamex S.A. de C.V. Sociedad Operadora de Sociedades de Inv,Portfolio Turnover Category,Very Low,2026-10-06,"filings/capitaliq/OwnerShip/OwnerShip CrossHoldings/SPGlobal_GrupoBimbo,S.A.B.deC.V._OwnershipCrossholdings_06-Oct-2026.xlsx",Ownership Crossholdings
holders,Impulsora de Fondos Banamex S.A. de C.V. Sociedad Operadora de Sociedades de Inv,Portfolio Turnover (%),1.4966,2026-10-06,"filings/capitaliq/OwnerShip/OwnerShip CrossHoldings/SPGlobal_GrupoBimbo,S.A.B.deC.V._OwnershipCrossholdings_06-Oct-2026.xlsx",Ownership Crossholdings
holders,Impulsora de Fondos Banamex S.A. de C.V. Sociedad Operadora de Sociedades de Inv,Equity Assets  (Mex$M),269.344817,2026-10-06,"filings/capitaliq/OwnerShip/OwnerShip CrossHoldings/SPGlobal_GrupoBimbo,S.A.B.deC.V._OwnershipCrossholdings_06-Oct-2026.xlsx",Ownership Crossholdings
holders,Impulsora de Fondos Banamex S.A. de C.V. Sociedad Operadora de Sociedades de Inv,Equity Assets in Primary Industry (CIQ/GICS) (Mex$M),1.976513,2026-10-06,"filings/capitaliq/OwnerShip/OwnerShip CrossHoldings/SPGlobal_GrupoBimbo,S.A.B.deC.V._OwnershipCrossholdings_06-Oct-2026.xlsx",Ownership Crossholdings
holders,Impulsora de Fondos Banamex S.A. de C.V. Sociedad Operadora de Sociedades de Inv,Institution is an Activist?,No,2026-10-06,"filings/capitaliq/OwnerShip/OwnerShip CrossHoldings/SPGlobal_GrupoBimbo,S.A.B.deC.V._OwnershipCrossholdings_06-Oct-2026.xlsx",Ownership Crossholdings
holders,Nissay Asset Management Corp.,MI Key,4116134,2026-10-06,"filings/capitaliq/OwnerShip/OwnerShip CrossHoldings/SPGlobal_GrupoBimbo,S.A.B.deC.V._OwnershipCrossholdings_06-Oct-2026.xlsx",Ownership Crossholdings
holders,Nissay Asset Management Corp.,Total,16400,2026-10-06,"filings/capitaliq/OwnerShip/OwnerShip CrossHoldings/SPGlobal_GrupoBimbo,S.A.B.deC.V._OwnershipCrossholdings_06-Oct-2026.xlsx",Ownership Crossholdings
holders,Nissay Asset Management Corp.,"Grupo Bimbo, S.A.B. de C.V. (BMV:BIMBO A)",16400,2026-10-06,"filings/capitaliq/OwnerShip/OwnerShip CrossHoldings/SPGlobal_GrupoBimbo,S.A.B.deC.V._OwnershipCrossholdings_06-Oct-2026.xlsx",Ownership Crossholdings
holders,Nissay Asset Management Corp.,Owner Type,Traditional Investment Managers,2026-10-06,"filings/capitaliq/OwnerShip/OwnerShip CrossHoldings/SPGlobal_GrupoBimbo,S.A.B.deC.V._OwnershipCrossholdings_06-Oct-2026.xlsx",Ownership Crossholdings
holders,Nissay Asset Management Corp.,Investment Orientation,Active,2026-10-06,"filings/capitaliq/OwnerShip/OwnerShip CrossHoldings/SPGlobal_GrupoBimbo,S.A.B.deC.V._OwnershipCrossholdings_06-Oct-2026.xlsx",Ownership Crossholdings
holders,Nissay Asset Management Corp.,Calculated Investment Style,Growth,2026-10-06,"filings/capitaliq/OwnerShip/OwnerShip CrossHoldings/SPGlobal_GrupoBimbo,S.A.B.deC.V._OwnershipCrossholdings_06-Oct-2026.xlsx",Ownership Crossholdings
holders,Nissay Asset Management Corp.,"City, State",Tokyo,2026-10-06,"filings/capitaliq/OwnerShip/OwnerShip CrossHoldings/SPGlobal_GrupoBimbo,S.A.B.deC.V._OwnershipCrossholdings_06-Oct-2026.xlsx",Ownership Crossholdings
holders,Nissay Asset Management Corp.,Country,Japan,2026-10-06,"filings/capitaliq/OwnerShip/OwnerShip CrossHoldings/SPGlobal_GrupoBimbo,S.A.B.deC.V._OwnershipCrossholdings_06-Oct-2026.xlsx",Ownership Crossholdings
holders,Nissay Asset Management Corp.,Portfolio Turnover Category,Very Low,2026-10-06,"filings/capitaliq/OwnerShip/OwnerShip CrossHoldings/SPGlobal_GrupoBimbo,S.A.B.deC.V._OwnershipCrossholdings_06-Oct-2026.xlsx",Ownership Crossholdings
holders,Nissay Asset Management Corp.,Portfolio Turnover (%),7.6303,2026-10-06,"filings/capitaliq/OwnerShip/OwnerShip CrossHoldings/SPGlobal_GrupoBimbo,S.A.B.deC.V._OwnershipCrossholdings_06-Oct-2026.xlsx",Ownership Crossholdings
holders,Nissay Asset Management Corp.,Equity Assets  (Mex$M),419103.589863,2026-10-06,"filings/capitaliq/OwnerShip/OwnerShip CrossHoldings/SPGlobal_GrupoBimbo,S.A.B.deC.V._OwnershipCrossholdings_06-Oct-2026.xlsx",Ownership Crossholdings
holders,Nissay Asset Management Corp.,Equity Assets in Primary Industry (CIQ/GICS) (Mex$M),1533.235039,2026-10-06,"filings/capitaliq/OwnerShip/OwnerShip CrossHoldings/SPGlobal_GrupoBimbo,S.A.B.deC.V._OwnershipCrossholdings_06-Oct-2026.xlsx",Ownership Crossholdings
holders,Nissay Asset Management Corp.,Institution is an Activist?,No,2026-10-06,"filings/capitaliq/OwnerShip/OwnerShip CrossHoldings/SPGlobal_GrupoBimbo,S.A.B.deC.V._OwnershipCrossholdings_06-Oct-2026.xlsx",Ownership Crossholdings
holders,1832 Asset Management LP,MI Key,4248288,2026-10-06,"filings/capitaliq/OwnerShip/OwnerShip CrossHoldings/SPGlobal_GrupoBimbo,S.A.B.deC.V._OwnershipCrossholdings_06-Oct-2026.xlsx",Ownership Crossholdings
holders,1832 Asset Management LP,Total,15500,2026-10-06,"filings/capitaliq/OwnerShip/OwnerShip CrossHoldings/SPGlobal_GrupoBimbo,S.A.B.deC.V._OwnershipCrossholdings_06-Oct-2026.xlsx",Ownership Crossholdings
holders,1832 Asset Management LP,"Grupo Bimbo, S.A.B. de C.V. (BMV:BIMBO A)",15500,2026-10-06,"filings/capitaliq/OwnerShip/OwnerShip CrossHoldings/SPGlobal_GrupoBimbo,S.A.B.deC.V._OwnershipCrossholdings_06-Oct-2026.xlsx",Ownership Crossholdings
holders,1832 Asset Management LP,Owner Type,Traditional Investment Managers,2026-10-06,"filings/capitaliq/OwnerShip/OwnerShip CrossHoldings/SPGlobal_GrupoBimbo,S.A.B.deC.V._OwnershipCrossholdings_06-Oct-2026.xlsx",Ownership Crossholdings
holders,1832 Asset Management LP,Investment Orientation,Active,2026-10-06,"filings/capitaliq/OwnerShip/OwnerShip CrossHoldings/SPGlobal_GrupoBimbo,S.A.B.deC.V._OwnershipCrossholdings_06-Oct-2026.xlsx",Ownership Crossholdings
holders,1832 Asset Management LP,Calculated Investment Style,Growth,2026-10-06,"filings/capitaliq/OwnerShip/OwnerShip CrossHoldings/SPGlobal_GrupoBimbo,S.A.B.deC.V._OwnershipCrossholdings_06-Oct-2026.xlsx",Ownership Crossholdings
holders,1832 Asset Management LP,"City, State","Toronto, ON",2026-10-06,"filings/capitaliq/OwnerShip/OwnerShip CrossHoldings/SPGlobal_GrupoBimbo,S.A.B.deC.V._OwnershipCrossholdings_06-Oct-2026.xlsx",Ownership Crossholdings
holders,1832 Asset Management LP,Country,Canada,2026-10-06,"filings/capitaliq/OwnerShip/OwnerShip CrossHoldings/SPGlobal_GrupoBimbo,S.A.B.deC.V._OwnershipCrossholdings_06-Oct-2026.xlsx",Ownership Crossholdings
holders,1832 Asset Management LP,Portfolio Turnover Category,Low,2026-10-06,"filings/capitaliq/OwnerShip/OwnerShip CrossHoldings/SPGlobal_GrupoBimbo,S.A.B.deC.V._OwnershipCrossholdings_06-Oct-2026.xlsx",Ownership Crossholdings
holders,1832 Asset Management LP,Portfolio Turnover (%),36.7304,2026-10-06,"filings/capitaliq/OwnerShip/OwnerShip CrossHoldings/SPGlobal_GrupoBimbo,S.A.B.deC.V._OwnershipCrossholdings_06-Oct-2026.xlsx",Ownership Crossholdings
holders,1832 Asset Management LP,Equity Assets  (Mex$M),1775860.275168,2026-10-06,"filings/capitaliq/OwnerShip/OwnerShip CrossHoldings/SPGlobal_GrupoBimbo,S.A.B.deC.V._OwnershipCrossholdings_06-Oct-2026.xlsx",Ownership Crossholdings
holders,1832 Asset Management LP,Equity Assets in Primary Industry (CIQ/GICS) (Mex$M),13138.600643,2026-10-06,"filings/capitaliq/OwnerShip/OwnerShip CrossHoldings/SPGlobal_GrupoBimbo,S.A.B.deC.V._OwnershipCrossholdings_06-Oct-2026.xlsx",Ownership Crossholdings
holders,1832 Asset Management LP,Institution is an Activist?,No,2026-10-06,"filings/capitaliq/OwnerShip/OwnerShip CrossHoldings/SPGlobal_GrupoBimbo,S.A.B.deC.V._OwnershipCrossholdings_06-Oct-2026.xlsx",Ownership Crossholdings
holders,Pacific Investment Management Co. LLC,MI Key,109687,2026-10-06,"filings/capitaliq/OwnerShip/OwnerShip CrossHoldings/SPGlobal_GrupoBimbo,S.A.B.deC.V._OwnershipCrossholdings_06-Oct-2026.xlsx",Ownership Crossholdings
holders,Pacific Investment Management Co. LLC,Total,15221,2026-10-06,"filings/capitaliq/OwnerShip/OwnerShip CrossHoldings/SPGlobal_GrupoBimbo,S.A.B.deC.V._OwnershipCrossholdings_06-Oct-2026.xlsx",Ownership Crossholdings
holders,Pacific Investment Management Co. LLC,"Grupo Bimbo, S.A.B. de C.V. (BMV:BIMBO A)",15221,2026-10-06,"filings/capitaliq/OwnerShip/OwnerShip CrossHoldings/SPGlobal_GrupoBimbo,S.A.B.deC.V._OwnershipCrossholdings_06-Oct-2026.xlsx",Ownership Crossholdings
holders,Pacific Investment Management Co. LLC,Owner Type,Traditional Investment Managers,2026-10-06,"filings/capitaliq/OwnerShip/OwnerShip CrossHoldings/SPGlobal_GrupoBimbo,S.A.B.deC.V._OwnershipCrossholdings_06-Oct-2026.xlsx",Ownership Crossholdings
holders,Pacific Investment Management Co. LLC,Investment Orientation,Active,2026-10-06,"filings/capitaliq/OwnerShip/OwnerShip CrossHoldings/SPGlobal_GrupoBimbo,S.A.B.deC.V._OwnershipCrossholdings_06-Oct-2026.xlsx",Ownership Crossholdings
holders,Pacific Investment Management Co. LLC,Calculated Investment Style,GARP,2026-10-06,"filings/capitaliq/OwnerShip/OwnerShip CrossHoldings/SPGlobal_GrupoBimbo,S.A.B.deC.V._OwnershipCrossholdings_06-Oct-2026.xlsx",Ownership Crossholdings
holders,Pacific Investment Management Co. LLC,"City, State","Newport Beach, CA",2026-10-06,"filings/capitaliq/OwnerShip/OwnerShip CrossHoldings/SPGlobal_GrupoBimbo,S.A.B.deC.V._OwnershipCrossholdings_06-Oct-2026.xlsx",Ownership Crossholdings
holders,Pacific Investment Management Co. LLC,Country,USA,2026-10-06,"filings/capitaliq/OwnerShip/OwnerShip CrossHoldings/SPGlobal_GrupoBimbo,S.A.B.deC.V._OwnershipCrossholdings_06-Oct-2026.xlsx",Ownership Crossholdings
holders,Pacific Investment Management Co. LLC,Portfolio Turnover Category,Low,2026-10-06,"filings/capitaliq/OwnerShip/OwnerShip CrossHoldings/SPGlobal_GrupoBimbo,S.A.B.deC.V._OwnershipCrossholdings_06-Oct-2026.xlsx",Ownership Crossholdings
holders,Pacific Investment Management Co. LLC,Portfolio Turnover (%),37.3751,2026-10-06,"filings/capitaliq/OwnerShip/OwnerShip CrossHoldings/SPGlobal_GrupoBimbo,S.A.B.deC.V._OwnershipCrossholdings_06-Oct-2026.xlsx",Ownership Crossholdings
holders,Pacific Investment Management Co. LLC,Equity Assets  (Mex$M),649558.1777090001,2026-10-06,"filings/capitaliq/OwnerShip/OwnerShip CrossHoldings/SPGlobal_GrupoBimbo,S.A.B.deC.V._OwnershipCrossholdings_06-Oct-2026.xlsx",Ownership Crossholdings
holders,Pacific Investment Management Co. LLC,Equity Assets in Primary Industry (CIQ/GICS) (Mex$M),1266.226101,2026-10-06,"filings/capitaliq/OwnerShip/OwnerShip CrossHoldings/SPGlobal_GrupoBimbo,S.A.B.deC.V._OwnershipCrossholdings_06-Oct-2026.xlsx",Ownership Crossholdings
holders,Pacific Investment Management Co. LLC,Institution is an Activist?,No,2026-10-06,"filings/capitaliq/OwnerShip/OwnerShip CrossHoldings/SPGlobal_GrupoBimbo,S.A.B.deC.V._OwnershipCrossholdings_06-Oct-2026.xlsx",Ownership Crossholdings
holders,AllianceBernstein LP,MI Key,109806,2026-10-06,"filings/capitaliq/OwnerShip/OwnerShip CrossHoldings/SPGlobal_GrupoBimbo,S.A.B.deC.V._OwnershipCrossholdings_06-Oct-2026.xlsx",Ownership Crossholdings
holders,AllianceBernstein LP,Total,12149,2026-10-06,"filings/capitaliq/OwnerShip/OwnerShip CrossHoldings/SPGlobal_GrupoBimbo,S.A.B.deC.V._OwnershipCrossholdings_06-Oct-2026.xlsx",Ownership Crossholdings
holders,AllianceBernstein LP,"Grupo Bimbo, S.A.B. de C.V. (BMV:BIMBO A)",12149,2026-10-06,"filings/capitaliq/OwnerShip/OwnerShip CrossHoldings/SPGlobal_GrupoBimbo,S.A.B.deC.V._OwnershipCrossholdings_06-Oct-2026.xlsx",Ownership Crossholdings
holders,AllianceBernstein LP,Owner Type,Traditional Investment Managers,2026-10-06,"filings/capitaliq/OwnerShip/OwnerShip CrossHoldings/SPGlobal_GrupoBimbo,S.A.B.deC.V._OwnershipCrossholdings_06-Oct-2026.xlsx",Ownership Crossholdings
holders,AllianceBernstein LP,Investment Orientation,Active,2026-10-06,"filings/capitaliq/OwnerShip/OwnerShip CrossHoldings/SPGlobal_GrupoBimbo,S.A.B.deC.V._OwnershipCrossholdings_06-Oct-2026.xlsx",Ownership Crossholdings
holders,AllianceBernstein LP,Calculated Investment Style,Aggressive Growth,2026-10-06,"filings/capitaliq/OwnerShip/OwnerShip CrossHoldings/SPGlobal_GrupoBimbo,S.A.B.deC.V._OwnershipCrossholdings_06-Oct-2026.xlsx",Ownership Crossholdings
holders,AllianceBernstein LP,"City, State","Nashville, TN",2026-10-06,"filings/capitaliq/OwnerShip/OwnerShip CrossHoldings/SPGlobal_GrupoBimbo,S.A.B.deC.V._OwnershipCrossholdings_06-Oct-2026.xlsx",Ownership Crossholdings
holders,AllianceBernstein LP,Country,USA,2026-10-06,"filings/capitaliq/OwnerShip/OwnerShip CrossHoldings/SPGlobal_GrupoBimbo,S.A.B.deC.V._OwnershipCrossholdings_06-Oct-2026.xlsx",Ownership Crossholdings
holders,AllianceBernstein LP,Portfolio Turnover Category,Low,2026-10-06,"filings/capitaliq/OwnerShip/OwnerShip CrossHoldings/SPGlobal_GrupoBimbo,S.A.B.deC.V._OwnershipCrossholdings_06-Oct-2026.xlsx",Ownership Crossholdings
holders,AllianceBernstein LP,Portfolio Turnover (%),25.2991,2026-10-06,"filings/capitaliq/OwnerShip/OwnerShip CrossHoldings/SPGlobal_GrupoBimbo,S.A.B.deC.V._OwnershipCrossholdings_06-Oct-2026.xlsx",Ownership Crossholdings
holders,AllianceBernstein LP,Equity Assets  (Mex$M),5823059.752614999,2026-10-06,"filings/capitaliq/OwnerShip/OwnerShip CrossHoldings/SPGlobal_GrupoBimbo,S.A.B.deC.V._OwnershipCrossholdings_06-Oct-2026.xlsx",Ownership Crossholdings
holders,AllianceBernstein LP,Equity Assets in Primary Industry (CIQ/GICS) (Mex$M),13108.413899,2026-10-06,"filings/capitaliq/OwnerShip/OwnerShip CrossHoldings/SPGlobal_GrupoBimbo,S.A.B.deC.V._OwnershipCrossholdings_06-Oct-2026.xlsx",Ownership Crossholdings
holders,AllianceBernstein LP,Institution is an Activist?,No,2026-10-06,"filings/capitaliq/OwnerShip/OwnerShip CrossHoldings/SPGlobal_GrupoBimbo,S.A.B.deC.V._OwnershipCrossholdings_06-Oct-2026.xlsx",Ownership Crossholdings
holders,SunAmerica Asset Management LLC,MI Key,111097,2026-10-06,"filings/capitaliq/OwnerShip/OwnerShip CrossHoldings/SPGlobal_GrupoBimbo,S.A.B.deC.V._OwnershipCrossholdings_06-Oct-2026.xlsx",Ownership Crossholdings
holders,SunAmerica Asset Management LLC,Total,12019,2026-10-06,"filings/capitaliq/OwnerShip/OwnerShip CrossHoldings/SPGlobal_GrupoBimbo,S.A.B.deC.V._OwnershipCrossholdings_06-Oct-2026.xlsx",Ownership Crossholdings
holders,SunAmerica Asset Management LLC,"Grupo Bimbo, S.A.B. de C.V. (BMV:BIMBO A)",12019,2026-10-06,"filings/capitaliq/OwnerShip/OwnerShip CrossHoldings/SPGlobal_GrupoBimbo,S.A.B.deC.V._OwnershipCrossholdings_06-Oct-2026.xlsx",Ownership Crossholdings
holders,SunAmerica Asset Management LLC,Owner Type,Traditional Investment Managers,2026-10-06,"filings/capitaliq/OwnerShip/OwnerShip CrossHoldings/SPGlobal_GrupoBimbo,S.A.B.deC.V._OwnershipCrossholdings_06-Oct-2026.xlsx",Ownership Crossholdings
holders,SunAmerica Asset Management LLC,Investment Orientation,Active,2026-10-06,"filings/capitaliq/OwnerShip/OwnerShip CrossHoldings/SPGlobal_GrupoBimbo,S.A.B.deC.V._OwnershipCrossholdings_06-Oct-2026.xlsx",Ownership Crossholdings
holders,SunAmerica Asset Management LLC,Calculated Investment Style,Growth,2026-10-06,"filings/capitaliq/OwnerShip/OwnerShip CrossHoldings/SPGlobal_GrupoBimbo,S.A.B.deC.V._OwnershipCrossholdings_06-Oct-2026.xlsx",Ownership Crossholdings
holders,SunAmerica Asset Management LLC,"City, State","Jersey City, NJ",2026-10-06,"filings/capitaliq/OwnerShip/OwnerShip CrossHoldings/SPGlobal_GrupoBimbo,S.A.B.deC.V._OwnershipCrossholdings_06-Oct-2026.xlsx",Ownership Crossholdings
holders,SunAmerica Asset Management LLC,Country,USA,2026-10-06,"filings/capitaliq/OwnerShip/OwnerShip CrossHoldings/SPGlobal_GrupoBimbo,S.A.B.deC.V._OwnershipCrossholdings_06-Oct-2026.xlsx",Ownership Crossholdings
holders,SunAmerica Asset Management LLC,Portfolio Turnover Category,Very Low,2026-10-06,"filings/capitaliq/OwnerShip/OwnerShip CrossHoldings/SPGlobal_GrupoBimbo,S.A.B.deC.V._OwnershipCrossholdings_06-Oct-2026.xlsx",Ownership Crossholdings
holders,SunAmerica Asset Management LLC,Portfolio Turnover (%),15.2223,2026-10-06,"filings/capitaliq/OwnerShip/OwnerShip CrossHoldings/SPGlobal_GrupoBimbo,S.A.B.deC.V._OwnershipCrossholdings_06-Oct-2026.xlsx",Ownership Crossholdings
holders,SunAmerica Asset Management LLC,Equity Assets  (Mex$M),193414.913909,2026-10-06,"filings/capitaliq/OwnerShip/OwnerShip CrossHoldings/SPGlobal_GrupoBimbo,S.A.B.deC.V._OwnershipCrossholdings_06-Oct-2026.xlsx",Ownership Crossholdings
holders,SunAmerica Asset Management LLC,Equity Assets in Primary Industry (CIQ/GICS) (Mex$M),583.610384,2026-10-06,"filings/capitaliq/OwnerShip/OwnerShip CrossHoldings/SPGlobal_GrupoBimbo,S.A.B.deC.V._OwnershipCrossholdings_06-Oct-2026.xlsx",Ownership Crossholdings
holders,SunAmerica Asset Management LLC,Institution is an Activist?,No,2026-10-06,"filings/capitaliq/OwnerShip/OwnerShip CrossHoldings/SPGlobal_GrupoBimbo,S.A.B.deC.V._OwnershipCrossholdings_06-Oct-2026.xlsx",Ownership Crossholdings
holders,Mirae Asset Global Investments Co. Ltd.,MI Key,4256114,2026-10-06,"filings/capitaliq/OwnerShip/OwnerShip CrossHoldings/SPGlobal_GrupoBimbo,S.A.B.deC.V._OwnershipCrossholdings_06-Oct-2026.xlsx",Ownership Crossholdings
holders,Mirae Asset Global Investments Co. Ltd.,Total,11304,2026-10-06,"filings/capitaliq/OwnerShip/OwnerShip CrossHoldings/SPGlobal_GrupoBimbo,S.A.B.deC.V._OwnershipCrossholdings_06-Oct-2026.xlsx",Ownership Crossholdings
holders,Mirae Asset Global Investments Co. Ltd.,"Grupo Bimbo, S.A.B. de C.V. (BMV:BIMBO A)",11304,2026-10-06,"filings/capitaliq/OwnerShip/OwnerShip CrossHoldings/SPGlobal_GrupoBimbo,S.A.B.deC.V._OwnershipCrossholdings_06-Oct-2026.xlsx",Ownership Crossholdings
holders,Mirae Asset Global Investments Co. Ltd.,Owner Type,Traditional Investment Managers,2026-10-06,"filings/capitaliq/OwnerShip/OwnerShip CrossHoldings/SPGlobal_GrupoBimbo,S.A.B.deC.V._OwnershipCrossholdings_06-Oct-2026.xlsx",Ownership Crossholdings
holders,Mirae Asset Global Investments Co. Ltd.,Investment Orientation,Active,2026-10-06,"filings/capitaliq/OwnerShip/OwnerShip CrossHoldings/SPGlobal_GrupoBimbo,S.A.B.deC.V._OwnershipCrossholdings_06-Oct-2026.xlsx",Ownership Crossholdings
holders,Mirae Asset Global Investments Co. Ltd.,Calculated Investment Style,Growth,2026-10-06,"filings/capitaliq/OwnerShip/OwnerShip CrossHoldings/SPGlobal_GrupoBimbo,S.A.B.deC.V._OwnershipCrossholdings_06-Oct-2026.xlsx",Ownership Crossholdings
holders,Mirae Asset Global Investments Co. Ltd.,"City, State",Seoul,2026-10-06,"filings/capitaliq/OwnerShip/OwnerShip CrossHoldings/SPGlobal_GrupoBimbo,S.A.B.deC.V._OwnershipCrossholdings_06-Oct-2026.xlsx",Ownership Crossholdings
holders,Mirae Asset Global Investments Co. Ltd.,Country,South Korea,2026-10-06,"filings/capitaliq/OwnerShip/OwnerShip CrossHoldings/SPGlobal_GrupoBimbo,S.A.B.deC.V._OwnershipCrossholdings_06-Oct-2026.xlsx",Ownership Crossholdings
holders,Mirae Asset Global Investments Co. Ltd.,Portfolio Turnover Category,Low,2026-10-06,"filings/capitaliq/OwnerShip/OwnerShip CrossHoldings/SPGlobal_GrupoBimbo,S.A.B.deC.V._OwnershipCrossholdings_06-Oct-2026.xlsx",Ownership Crossholdings
holders,Mirae Asset Global Investments Co. Ltd.,Portfolio Turnover (%),21.3521,2026-10-06,"filings/capitaliq/OwnerShip/OwnerShip CrossHoldings/SPGlobal_GrupoBimbo,S.A.B.deC.V._OwnershipCrossholdings_06-Oct-2026.xlsx",Ownership Crossholdings
holders,Mirae Asset Global Investments Co. Ltd.,Equity Assets  (Mex$M),3040993.0051129996,2026-10-06,"filings/capitaliq/OwnerShip/OwnerShip CrossHoldings/SPGlobal_GrupoBimbo,S.A.B.deC.V._OwnershipCrossholdings_06-Oct-2026.xlsx",Ownership Crossholdings
holders,Mirae Asset Global Investments Co. Ltd.,Equity Assets in Primary Industry (CIQ/GICS) (Mex$M),11614.529437,2026-10-06,"filings/capitaliq/OwnerShip/OwnerShip CrossHoldings/SPGlobal_GrupoBimbo,S.A.B.deC.V._OwnershipCrossholdings_06-Oct-2026.xlsx",Ownership Crossholdings
holders,Mirae Asset Global Investments Co. Ltd.,Institution is an Activist?,No,2026-10-06,"filings/capitaliq/OwnerShip/OwnerShip CrossHoldings/SPGlobal_GrupoBimbo,S.A.B.deC.V._OwnershipCrossholdings_06-Oct-2026.xlsx",Ownership Crossholdings
holders,AQR Capital Management LLC,MI Key,4119538,2026-10-06,"filings/capitaliq/OwnerShip/OwnerShip CrossHoldings/SPGlobal_GrupoBimbo,S.A.B.deC.V._OwnershipCrossholdings_06-Oct-2026.xlsx",Ownership Crossholdings
holders,AQR Capital Management LLC,Total,9067,2026-10-06,"filings/capitaliq/OwnerShip/OwnerShip CrossHoldings/SPGlobal_GrupoBimbo,S.A.B.deC.V._OwnershipCrossholdings_06-Oct-2026.xlsx",Ownership Crossholdings
holders,AQR Capital Management LLC,"Grupo Bimbo, S.A.B. de C.V. (BMV:BIMBO A)",9067,2026-10-06,"filings/capitaliq/OwnerShip/OwnerShip CrossHoldings/SPGlobal_GrupoBimbo,S.A.B.deC.V._OwnershipCrossholdings_06-Oct-2026.xlsx",Ownership Crossholdings
holders,AQR Capital Management LLC,Owner Type,Hedge Fund Managers (<5% stake),2026-10-06,"filings/capitaliq/OwnerShip/OwnerShip CrossHoldings/SPGlobal_GrupoBimbo,S.A.B.deC.V._OwnershipCrossholdings_06-Oct-2026.xlsx",Ownership Crossholdings
holders,AQR Capital Management LLC,Investment Orientation,Active,2026-10-06,"filings/capitaliq/OwnerShip/OwnerShip CrossHoldings/SPGlobal_GrupoBimbo,S.A.B.deC.V._OwnershipCrossholdings_06-Oct-2026.xlsx",Ownership Crossholdings
holders,AQR Capital Management LLC,Calculated Investment Style,Growth,2026-10-06,"filings/capitaliq/OwnerShip/OwnerShip CrossHoldings/SPGlobal_GrupoBimbo,S.A.B.deC.V._OwnershipCrossholdings_06-Oct-2026.xlsx",Ownership Crossholdings
holders,AQR Capital Management LLC,"City, State","Greenwich, CT",2026-10-06,"filings/capitaliq/OwnerShip/OwnerShip CrossHoldings/SPGlobal_GrupoBimbo,S.A.B.deC.V._OwnershipCrossholdings_06-Oct-2026.xlsx",Ownership Crossholdings
holders,AQR Capital Management LLC,Country,USA,2026-10-06,"filings/capitaliq/OwnerShip/OwnerShip CrossHoldings/SPGlobal_GrupoBimbo,S.A.B.deC.V._OwnershipCrossholdings_06-Oct-2026.xlsx",Ownership Crossholdings
holders,AQR Capital Management LLC,Portfolio Turnover Category,Low,2026-10-06,"filings/capitaliq/OwnerShip/OwnerShip CrossHoldings/SPGlobal_GrupoBimbo,S.A.B.deC.V._OwnershipCrossholdings_06-Oct-2026.xlsx",Ownership Crossholdings
holders,AQR Capital Management LLC,Portfolio Turnover (%),45.4149,2026-10-06,"filings/capitaliq/OwnerShip/OwnerShip CrossHoldings/SPGlobal_GrupoBimbo,S.A.B.deC.V._OwnershipCrossholdings_06-Oct-2026.xlsx",Ownership Crossholdings
holders,AQR Capital Management LLC,Equity Assets  (Mex$M),4987380.712699001,2026-10-06,"filings/capitaliq/OwnerShip/OwnerShip CrossHoldings/SPGlobal_GrupoBimbo,S.A.B.deC.V._OwnershipCrossholdings_06-Oct-2026.xlsx",Ownership Crossholdings
holders,AQR Capital Management LLC,Equity Assets in Primary Industry (CIQ/GICS) (Mex$M),41262.224437,2026-10-06,"filings/capitaliq/OwnerShip/OwnerShip CrossHoldings/SPGlobal_GrupoBimbo,S.A.B.deC.V._OwnershipCrossholdings_06-Oct-2026.xlsx",Ownership Crossholdings
holders,AQR Capital Management LLC,Institution is an Activist?,No,2026-10-06,"filings/capitaliq/OwnerShip/OwnerShip CrossHoldings/SPGlobal_GrupoBimbo,S.A.B.deC.V._OwnershipCrossholdings_06-Oct-2026.xlsx",Ownership Crossholdings
holders,First Trust Advisors LP,MI Key,4033550,2026-10-06,"filings/capitaliq/OwnerShip/OwnerShip CrossHoldings/SPGlobal_GrupoBimbo,S.A.B.deC.V._OwnershipCrossholdings_06-Oct-2026.xlsx",Ownership Crossholdings
holders,First Trust Advisors LP,Total,8137,2026-10-06,"filings/capitaliq/OwnerShip/OwnerShip CrossHoldings/SPGlobal_GrupoBimbo,S.A.B.deC.V._OwnershipCrossholdings_06-Oct-2026.xlsx",Ownership Crossholdings
holders,First Trust Advisors LP,"Grupo Bimbo, S.A.B. de C.V. (BMV:BIMBO A)",8137,2026-10-06,"filings/capitaliq/OwnerShip/OwnerShip CrossHoldings/SPGlobal_GrupoBimbo,S.A.B.deC.V._OwnershipCrossholdings_06-Oct-2026.xlsx",Ownership Crossholdings
holders,First Trust Advisors LP,Owner Type,Traditional Investment Managers,2026-10-06,"filings/capitaliq/OwnerShip/OwnerShip CrossHoldings/SPGlobal_GrupoBimbo,S.A.B.deC.V._OwnershipCrossholdings_06-Oct-2026.xlsx",Ownership Crossholdings
holders,First Trust Advisors LP,Investment Orientation,Passive,2026-10-06,"filings/capitaliq/OwnerShip/OwnerShip CrossHoldings/SPGlobal_GrupoBimbo,S.A.B.deC.V._OwnershipCrossholdings_06-Oct-2026.xlsx",Ownership Crossholdings
holders,First Trust Advisors LP,Calculated Investment Style,Growth,2026-10-06,"filings/capitaliq/OwnerShip/OwnerShip CrossHoldings/SPGlobal_GrupoBimbo,S.A.B.deC.V._OwnershipCrossholdings_06-Oct-2026.xlsx",Ownership Crossholdings
holders,First Trust Advisors LP,"City, State","Wheaton, IL",2026-10-06,"filings/capitaliq/OwnerShip/OwnerShip CrossHoldings/SPGlobal_GrupoBimbo,S.A.B.deC.V._OwnershipCrossholdings_06-Oct-2026.xlsx",Ownership Crossholdings
holders,First Trust Advisors LP,Country,USA,2026-10-06,"filings/capitaliq/OwnerShip/OwnerShip CrossHoldings/SPGlobal_GrupoBimbo,S.A.B.deC.V._OwnershipCrossholdings_06-Oct-2026.xlsx",Ownership Crossholdings
holders,First Trust Advisors LP,Portfolio Turnover Category,Low,2026-10-06,"filings/capitaliq/OwnerShip/OwnerShip CrossHoldings/SPGlobal_GrupoBimbo,S.A.B.deC.V._OwnershipCrossholdings_06-Oct-2026.xlsx",Ownership Crossholdings
holders,First Trust Advisors LP,Portfolio Turnover (%),37.548,2026-10-06,"filings/capitaliq/OwnerShip/OwnerShip CrossHoldings/SPGlobal_GrupoBimbo,S.A.B.deC.V._OwnershipCrossholdings_06-Oct-2026.xlsx",Ownership Crossholdings
holders,First Trust Advisors LP,Equity Assets  (Mex$M),3212088.595177,2026-10-06,"filings/capitaliq/OwnerShip/OwnerShip CrossHoldings/SPGlobal_GrupoBimbo,S.A.B.deC.V._OwnershipCrossholdings_06-Oct-2026.xlsx",Ownership Crossholdings
holders,First Trust Advisors LP,Equity Assets in Primary Industry (CIQ/GICS) (Mex$M),20033.037353,2026-10-06,"filings/capitaliq/OwnerShip/OwnerShip CrossHoldings/SPGlobal_GrupoBimbo,S.A.B.deC.V._OwnershipCrossholdings_06-Oct-2026.xlsx",Ownership Crossholdings
holders,First Trust Advisors LP,Institution is an Activist?,No,2026-10-06,"filings/capitaliq/OwnerShip/OwnerShip CrossHoldings/SPGlobal_GrupoBimbo,S.A.B.deC.V._OwnershipCrossholdings_06-Oct-2026.xlsx",Ownership Crossholdings
holders,CI Global Asset Management,MI Key,4114882,2026-10-06,"filings/capitaliq/OwnerShip/OwnerShip CrossHoldings/SPGlobal_GrupoBimbo,S.A.B.deC.V._OwnershipCrossholdings_06-Oct-2026.xlsx",Ownership Crossholdings
holders,CI Global Asset Management,Total,7723,2026-10-06,"filings/capitaliq/OwnerShip/OwnerShip CrossHoldings/SPGlobal_GrupoBimbo,S.A.B.deC.V._OwnershipCrossholdings_06-Oct-2026.xlsx",Ownership Crossholdings
holders,CI Global Asset Management,"Grupo Bimbo, S.A.B. de C.V. (BMV:BIMBO A)",7723,2026-10-06,"filings/capitaliq/OwnerShip/OwnerShip CrossHoldings/SPGlobal_GrupoBimbo,S.A.B.deC.V._OwnershipCrossholdings_06-Oct-2026.xlsx",Ownership Crossholdings
holders,CI Global Asset Management,Owner Type,Traditional Investment Managers,2026-10-06,"filings/capitaliq/OwnerShip/OwnerShip CrossHoldings/SPGlobal_GrupoBimbo,S.A.B.deC.V._OwnershipCrossholdings_06-Oct-2026.xlsx",Ownership Crossholdings
holders,CI Global Asset Management,Investment Orientation,Active,2026-10-06,"filings/capitaliq/OwnerShip/OwnerShip CrossHoldings/SPGlobal_GrupoBimbo,S.A.B.deC.V._OwnershipCrossholdings_06-Oct-2026.xlsx",Ownership Crossholdings
holders,CI Global Asset Management,Calculated Investment Style,Growth,2026-10-06,"filings/capitaliq/OwnerShip/OwnerShip CrossHoldings/SPGlobal_GrupoBimbo,S.A.B.deC.V._OwnershipCrossholdings_06-Oct-2026.xlsx",Ownership Crossholdings
holders,CI Global Asset Management,"City, State","Toronto, ON",2026-10-06,"filings/capitaliq/OwnerShip/OwnerShip CrossHoldings/SPGlobal_GrupoBimbo,S.A.B.deC.V._OwnershipCrossholdings_06-Oct-2026.xlsx",Ownership Crossholdings
holders,CI Global Asset Management,Country,Canada,2026-10-06,"filings/capitaliq/OwnerShip/OwnerShip CrossHoldings/SPGlobal_GrupoBimbo,S.A.B.deC.V._OwnershipCrossholdings_06-Oct-2026.xlsx",Ownership Crossholdings
holders,CI Global Asset Management,Portfolio Turnover Category,Low,2026-10-06,"filings/capitaliq/OwnerShip/OwnerShip CrossHoldings/SPGlobal_GrupoBimbo,S.A.B.deC.V._OwnershipCrossholdings_06-Oct-2026.xlsx",Ownership Crossholdings
holders,CI Global Asset Management,Portfolio Turnover (%),29.4678,2026-10-06,"filings/capitaliq/OwnerShip/OwnerShip CrossHoldings/SPGlobal_GrupoBimbo,S.A.B.deC.V._OwnershipCrossholdings_06-Oct-2026.xlsx",Ownership Crossholdings
holders,CI Global Asset Management,Equity Assets  (Mex$M),794837.453382,2026-10-06,"filings/capitaliq/OwnerShip/OwnerShip CrossHoldings/SPGlobal_GrupoBimbo,S.A.B.deC.V._OwnershipCrossholdings_06-Oct-2026.xlsx",Ownership Crossholdings
holders,CI Global Asset Management,Equity Assets in Primary Industry (CIQ/GICS) (Mex$M),3516.3963099999996,2026-10-06,"filings/capitaliq/OwnerShip/OwnerShip CrossHoldings/SPGlobal_GrupoBimbo,S.A.B.deC.V._OwnershipCrossholdings_06-Oct-2026.xlsx",Ownership Crossholdings
holders,CI Global Asset Management,Institution is an Activist?,No,2026-10-06,"filings/capitaliq/OwnerShip/OwnerShip CrossHoldings/SPGlobal_GrupoBimbo,S.A.B.deC.V._OwnershipCrossholdings_06-Oct-2026.xlsx",Ownership Crossholdings
holders,Colonial First State Investments Ltd.,MI Key,4156891,2026-10-06,"filings/capitaliq/OwnerShip/OwnerShip CrossHoldings/SPGlobal_GrupoBimbo,S.A.B.deC.V._OwnershipCrossholdings_06-Oct-2026.xlsx",Ownership Crossholdings
holders,Colonial First State Investments Ltd.,Total,4591,2026-10-06,"filings/capitaliq/OwnerShip/OwnerShip CrossHoldings/SPGlobal_GrupoBimbo,S.A.B.deC.V._OwnershipCrossholdings_06-Oct-2026.xlsx",Ownership Crossholdings
holders,Colonial First State Investments Ltd.,"Grupo Bimbo, S.A.B. de C.V. (BMV:BIMBO A)",4591,2026-10-06,"filings/capitaliq/OwnerShip/OwnerShip CrossHoldings/SPGlobal_GrupoBimbo,S.A.B.deC.V._OwnershipCrossholdings_06-Oct-2026.xlsx",Ownership Crossholdings
holders,Colonial First State Investments Ltd.,Owner Type,Traditional Investment Managers,2026-10-06,"filings/capitaliq/OwnerShip/OwnerShip CrossHoldings/SPGlobal_GrupoBimbo,S.A.B.deC.V._OwnershipCrossholdings_06-Oct-2026.xlsx",Ownership Crossholdings
holders,Colonial First State Investments Ltd.,Investment Orientation,Active,2026-10-06,"filings/capitaliq/OwnerShip/OwnerShip CrossHoldings/SPGlobal_GrupoBimbo,S.A.B.deC.V._OwnershipCrossholdings_06-Oct-2026.xlsx",Ownership Crossholdings
holders,Colonial First State Investments Ltd.,Calculated Investment Style,GARP,2026-10-06,"filings/capitaliq/OwnerShip/OwnerShip CrossHoldings/SPGlobal_GrupoBimbo,S.A.B.deC.V._OwnershipCrossholdings_06-Oct-2026.xlsx",Ownership Crossholdings
holders,Colonial First State Investments Ltd.,"City, State",Sydney,2026-10-06,"filings/capitaliq/OwnerShip/OwnerShip CrossHoldings/SPGlobal_GrupoBimbo,S.A.B.deC.V._OwnershipCrossholdings_06-Oct-2026.xlsx",Ownership Crossholdings
holders,Colonial First State Investments Ltd.,Country,Australia,2026-10-06,"filings/capitaliq/OwnerShip/OwnerShip CrossHoldings/SPGlobal_GrupoBimbo,S.A.B.deC.V._OwnershipCrossholdings_06-Oct-2026.xlsx",Ownership Crossholdings
holders,Colonial First State Investments Ltd.,Equity Assets  (Mex$M),132414.511922,2026-10-06,"filings/capitaliq/OwnerShip/OwnerShip CrossHoldings/SPGlobal_GrupoBimbo,S.A.B.deC.V._OwnershipCrossholdings_06-Oct-2026.xlsx",Ownership Crossholdings
holders,Colonial First State Investments Ltd.,Equity Assets in Primary Industry (CIQ/GICS) (Mex$M),106.55201899999999,2026-10-06,"filings/capitaliq/OwnerShip/OwnerShip CrossHoldings/SPGlobal_GrupoBimbo,S.A.B.deC.V._OwnershipCrossholdings_06-Oct-2026.xlsx",Ownership Crossholdings
holders,Colonial First State Investments Ltd.,Institution is an Activist?,No,2026-10-06,"filings/capitaliq/OwnerShip/OwnerShip CrossHoldings/SPGlobal_GrupoBimbo,S.A.B.deC.V._OwnershipCrossholdings_06-Oct-2026.xlsx",Ownership Crossholdings
holders,Nykredit Portefølje Administration A/S,MI Key,4556895,2026-10-06,"filings/capitaliq/OwnerShip/OwnerShip CrossHoldings/SPGlobal_GrupoBimbo,S.A.B.deC.V._OwnershipCrossholdings_06-Oct-2026.xlsx",Ownership Crossholdings
holders,Nykredit Portefølje Administration A/S,Total,1481,2026-10-06,"filings/capitaliq/OwnerShip/OwnerShip CrossHoldings/SPGlobal_GrupoBimbo,S.A.B.deC.V._OwnershipCrossholdings_06-Oct-2026.xlsx",Ownership Crossholdings
holders,Nykredit Portefølje Administration A/S,"Grupo Bimbo, S.A.B. de C.V. (BMV:BIMBO A)",1481,2026-10-06,"filings/capitaliq/OwnerShip/OwnerShip CrossHoldings/SPGlobal_GrupoBimbo,S.A.B.deC.V._OwnershipCrossholdings_06-Oct-2026.xlsx",Ownership Crossholdings
holders,Nykredit Portefølje Administration A/S,Owner Type,Traditional Investment Managers,2026-10-06,"filings/capitaliq/OwnerShip/OwnerShip CrossHoldings/SPGlobal_GrupoBimbo,S.A.B.deC.V._OwnershipCrossholdings_06-Oct-2026.xlsx",Ownership Crossholdings
holders,Nykredit Portefølje Administration A/S,Investment Orientation,Active,2026-10-06,"filings/capitaliq/OwnerShip/OwnerShip CrossHoldings/SPGlobal_GrupoBimbo,S.A.B.deC.V._OwnershipCrossholdings_06-Oct-2026.xlsx",Ownership Crossholdings
holders,Nykredit Portefølje Administration A/S,Calculated Investment Style,GARP,2026-10-06,"filings/capitaliq/OwnerShip/OwnerShip CrossHoldings/SPGlobal_GrupoBimbo,S.A.B.deC.V._OwnershipCrossholdings_06-Oct-2026.xlsx",Ownership Crossholdings
holders,Nykredit Portefølje Administration A/S,"City, State",Copenhagen,2026-10-06,"filings/capitaliq/OwnerShip/OwnerShip CrossHoldings/SPGlobal_GrupoBimbo,S.A.B.deC.V._OwnershipCrossholdings_06-Oct-2026.xlsx",Ownership Crossholdings
holders,Nykredit Portefølje Administration A/S,Country,Denmark,2026-10-06,"filings/capitaliq/OwnerShip/OwnerShip CrossHoldings/SPGlobal_GrupoBimbo,S.A.B.deC.V._OwnershipCrossholdings_06-Oct-2026.xlsx",Ownership Crossholdings
holders,Nykredit Portefølje Administration A/S,Portfolio Turnover Category,Low,2026-10-06,"filings/capitaliq/OwnerShip/OwnerShip CrossHoldings/SPGlobal_GrupoBimbo,S.A.B.deC.V._OwnershipCrossholdings_06-Oct-2026.xlsx",Ownership Crossholdings
holders,Nykredit Portefølje Administration A/S,Portfolio Turnover (%),29.313,2026-10-06,"filings/capitaliq/OwnerShip/OwnerShip CrossHoldings/SPGlobal_GrupoBimbo,S.A.B.deC.V._OwnershipCrossholdings_06-Oct-2026.xlsx",Ownership Crossholdings
holders,Nykredit Portefølje Administration A/S,Equity Assets  (Mex$M),22013.862745000002,2026-10-06,"filings/capitaliq/OwnerShip/OwnerShip CrossHoldings/SPGlobal_GrupoBimbo,S.A.B.deC.V._OwnershipCrossholdings_06-Oct-2026.xlsx",Ownership Crossholdings
holders,Nykredit Portefølje Administration A/S,Equity Assets in Primary Industry (CIQ/GICS) (Mex$M),179.86268299999998,2026-10-06,"filings/capitaliq/OwnerShip/OwnerShip CrossHoldings/SPGlobal_GrupoBimbo,S.A.B.deC.V._OwnershipCrossholdings_06-Oct-2026.xlsx",Ownership Crossholdings
holders,Nykredit Portefølje Administration A/S,Institution is an Activist?,No,2026-10-06,"filings/capitaliq/OwnerShip/OwnerShip CrossHoldings/SPGlobal_GrupoBimbo,S.A.B.deC.V._OwnershipCrossholdings_06-Oct-2026.xlsx",Ownership Crossholdings
holders,Domini Impact Investments LLC,MI Key,4116164,2026-10-06,"filings/capitaliq/OwnerShip/OwnerShip CrossHoldings/SPGlobal_GrupoBimbo,S.A.B.deC.V._OwnershipCrossholdings_06-Oct-2026.xlsx",Ownership Crossholdings
holders,Domini Impact Investments LLC,Total,1174,2026-10-06,"filings/capitaliq/OwnerShip/OwnerShip CrossHoldings/SPGlobal_GrupoBimbo,S.A.B.deC.V._OwnershipCrossholdings_06-Oct-2026.xlsx",Ownership Crossholdings
holders,Domini Impact Investments LLC,"Grupo Bimbo, S.A.B. de C.V. (BMV:BIMBO A)",1174,2026-10-06,"filings/capitaliq/OwnerShip/OwnerShip CrossHoldings/SPGlobal_GrupoBimbo,S.A.B.deC.V._OwnershipCrossholdings_06-Oct-2026.xlsx",Ownership Crossholdings
holders,Domini Impact Investments LLC,Owner Type,Traditional Investment Managers,2026-10-06,"filings/capitaliq/OwnerShip/OwnerShip CrossHoldings/SPGlobal_GrupoBimbo,S.A.B.deC.V._OwnershipCrossholdings_06-Oct-2026.xlsx",Ownership Crossholdings
holders,Domini Impact Investments LLC,Investment Orientation,Passive,2026-10-06,"filings/capitaliq/OwnerShip/OwnerShip CrossHoldings/SPGlobal_GrupoBimbo,S.A.B.deC.V._OwnershipCrossholdings_06-Oct-2026.xlsx",Ownership Crossholdings
holders,Domini Impact Investments LLC,Calculated Investment Style,Growth,2026-10-06,"filings/capitaliq/OwnerShip/OwnerShip CrossHoldings/SPGlobal_GrupoBimbo,S.A.B.deC.V._OwnershipCrossholdings_06-Oct-2026.xlsx",Ownership Crossholdings
holders,Domini Impact Investments LLC,"City, State","New York, NY",2026-10-06,"filings/capitaliq/OwnerShip/OwnerShip CrossHoldings/SPGlobal_GrupoBimbo,S.A.B.deC.V._OwnershipCrossholdings_06-Oct-2026.xlsx",Ownership Crossholdings
holders,Domini Impact Investments LLC,Country,USA,2026-10-06,"filings/capitaliq/OwnerShip/OwnerShip CrossHoldings/SPGlobal_GrupoBimbo,S.A.B.deC.V._OwnershipCrossholdings_06-Oct-2026.xlsx",Ownership Crossholdings
holders,Domini Impact Investments LLC,Portfolio Turnover Category,Moderate,2026-10-06,"filings/capitaliq/OwnerShip/OwnerShip CrossHoldings/SPGlobal_GrupoBimbo,S.A.B.deC.V._OwnershipCrossholdings_06-Oct-2026.xlsx",Ownership Crossholdings
holders,Domini Impact Investments LLC,Portfolio Turnover (%),50.5555,2026-10-06,"filings/capitaliq/OwnerShip/OwnerShip CrossHoldings/SPGlobal_GrupoBimbo,S.A.B.deC.V._OwnershipCrossholdings_06-Oct-2026.xlsx",Ownership Crossholdings
holders,Domini Impact Investments LLC,Equity Assets  (Mex$M),35713.972763,2026-10-06,"filings/capitaliq/OwnerShip/OwnerShip CrossHoldings/SPGlobal_GrupoBimbo,S.A.B.deC.V._OwnershipCrossholdings_06-Oct-2026.xlsx",Ownership Crossholdings
holders,Domini Impact Investments LLC,Equity Assets in Primary Industry (CIQ/GICS) (Mex$M),150.21498799999998,2026-10-06,"filings/capitaliq/OwnerShip/OwnerShip CrossHoldings/SPGlobal_GrupoBimbo,S.A.B.deC.V._OwnershipCrossholdings_06-Oct-2026.xlsx",Ownership Crossholdings
holders,Domini Impact Investments LLC,Institution is an Activist?,No,2026-10-06,"filings/capitaliq/OwnerShip/OwnerShip CrossHoldings/SPGlobal_GrupoBimbo,S.A.B.deC.V._OwnershipCrossholdings_06-Oct-2026.xlsx",Ownership Crossholdings
holders,MLC Asset Management Services Ltd.,MI Key,6452027,2026-10-06,"filings/capitaliq/OwnerShip/OwnerShip CrossHoldings/SPGlobal_GrupoBimbo,S.A.B.deC.V._OwnershipCrossholdings_06-Oct-2026.xlsx",Ownership Crossholdings
holders,MLC Asset Management Services Ltd.,Total,1118,2026-10-06,"filings/capitaliq/OwnerShip/OwnerShip CrossHoldings/SPGlobal_GrupoBimbo,S.A.B.deC.V._OwnershipCrossholdings_06-Oct-2026.xlsx",Ownership Crossholdings
holders,MLC Asset Management Services Ltd.,"Grupo Bimbo, S.A.B. de C.V. (BMV:BIMBO A)",1118,2026-10-06,"filings/capitaliq/OwnerShip/OwnerShip CrossHoldings/SPGlobal_GrupoBimbo,S.A.B.deC.V._OwnershipCrossholdings_06-Oct-2026.xlsx",Ownership Crossholdings
holders,MLC Asset Management Services Ltd.,Owner Type,Traditional Investment Managers,2026-10-06,"filings/capitaliq/OwnerShip/OwnerShip CrossHoldings/SPGlobal_GrupoBimbo,S.A.B.deC.V._OwnershipCrossholdings_06-Oct-2026.xlsx",Ownership Crossholdings
holders,MLC Asset Management Services Ltd.,Investment Orientation,Active,2026-10-06,"filings/capitaliq/OwnerShip/OwnerShip CrossHoldings/SPGlobal_GrupoBimbo,S.A.B.deC.V._OwnershipCrossholdings_06-Oct-2026.xlsx",Ownership Crossholdings
holders,MLC Asset Management Services Ltd.,Calculated Investment Style,Growth,2026-10-06,"filings/capitaliq/OwnerShip/OwnerShip CrossHoldings/SPGlobal_GrupoBimbo,S.A.B.deC.V._OwnershipCrossholdings_06-Oct-2026.xlsx",Ownership Crossholdings
holders,MLC Asset Management Services Ltd.,"City, State",North Sydney,2026-10-06,"filings/capitaliq/OwnerShip/OwnerShip CrossHoldings/SPGlobal_GrupoBimbo,S.A.B.deC.V._OwnershipCrossholdings_06-Oct-2026.xlsx",Ownership Crossholdings
holders,MLC Asset Management Services Ltd.,Country,Australia,2026-10-06,"filings/capitaliq/OwnerShip/OwnerShip CrossHoldings/SPGlobal_GrupoBimbo,S.A.B.deC.V._OwnershipCrossholdings_06-Oct-2026.xlsx",Ownership Crossholdings
holders,MLC Asset Management Services Ltd.,Equity Assets  (Mex$M),12041.995293999998,2026-10-06,"filings/capitaliq/OwnerShip/OwnerShip CrossHoldings/SPGlobal_GrupoBimbo,S.A.B.deC.V._OwnershipCrossholdings_06-Oct-2026.xlsx",Ownership Crossholdings
holders,MLC Asset Management Services Ltd.,Equity Assets in Primary Industry (CIQ/GICS) (Mex$M),82.474497,2026-10-06,"filings/capitaliq/OwnerShip/OwnerShip CrossHoldings/SPGlobal_GrupoBimbo,S.A.B.deC.V._OwnershipCrossholdings_06-Oct-2026.xlsx",Ownership Crossholdings
holders,MLC Asset Management Services Ltd.,Institution is an Activist?,No,2026-10-06,"filings/capitaliq/OwnerShip/OwnerShip CrossHoldings/SPGlobal_GrupoBimbo,S.A.B.deC.V._OwnershipCrossholdings_06-Oct-2026.xlsx",Ownership Crossholdings
holders,Mediolanum International Funds Ltd.,MI Key,4225041,2026-10-06,"filings/capitaliq/OwnerShip/OwnerShip CrossHoldings/SPGlobal_GrupoBimbo,S.A.B.deC.V._OwnershipCrossholdings_06-Oct-2026.xlsx",Ownership Crossholdings
holders,Mediolanum International Funds Ltd.,Total,608,2026-10-06,"filings/capitaliq/OwnerShip/OwnerShip CrossHoldings/SPGlobal_GrupoBimbo,S.A.B.deC.V._OwnershipCrossholdings_06-Oct-2026.xlsx",Ownership Crossholdings
holders,Mediolanum International Funds Ltd.,"Grupo Bimbo, S.A.B. de C.V. (BMV:BIMBO A)",608,2026-10-06,"filings/capitaliq/OwnerShip/OwnerShip CrossHoldings/SPGlobal_GrupoBimbo,S.A.B.deC.V._OwnershipCrossholdings_06-Oct-2026.xlsx",Ownership Crossholdings
holders,Mediolanum International Funds Ltd.,Owner Type,Traditional Investment Managers,2026-10-06,"filings/capitaliq/OwnerShip/OwnerShip CrossHoldings/SPGlobal_GrupoBimbo,S.A.B.deC.V._OwnershipCrossholdings_06-Oct-2026.xlsx",Ownership Crossholdings
holders,Mediolanum International Funds Ltd.,Investment Orientation,Active,2026-10-06,"filings/capitaliq/OwnerShip/OwnerShip CrossHoldings/SPGlobal_GrupoBimbo,S.A.B.deC.V._OwnershipCrossholdings_06-Oct-2026.xlsx",Ownership Crossholdings
holders,Mediolanum International Funds Ltd.,Calculated Investment Style,Growth,2026-10-06,"filings/capitaliq/OwnerShip/OwnerShip CrossHoldings/SPGlobal_GrupoBimbo,S.A.B.deC.V._OwnershipCrossholdings_06-Oct-2026.xlsx",Ownership Crossholdings
holders,Mediolanum International Funds Ltd.,Country,Ireland,2026-10-06,"filings/capitaliq/OwnerShip/OwnerShip CrossHoldings/SPGlobal_GrupoBimbo,S.A.B.deC.V._OwnershipCrossholdings_06-Oct-2026.xlsx",Ownership Crossholdings
holders,Mediolanum International Funds Ltd.,Portfolio Turnover Category,Low,2026-10-06,"filings/capitaliq/OwnerShip/OwnerShip CrossHoldings/SPGlobal_GrupoBimbo,S.A.B.deC.V._OwnershipCrossholdings_06-Oct-2026.xlsx",Ownership Crossholdings
holders,Mediolanum International Funds Ltd.,Portfolio Turnover (%),48.2716,2026-10-06,"filings/capitaliq/OwnerShip/OwnerShip CrossHoldings/SPGlobal_GrupoBimbo,S.A.B.deC.V._OwnershipCrossholdings_06-Oct-2026.xlsx",Ownership Crossholdings
holders,Mediolanum International Funds Ltd.,Equity Assets  (Mex$M),261576.402178,2026-10-06,"filings/capitaliq/OwnerShip/OwnerShip CrossHoldings/SPGlobal_GrupoBimbo,S.A.B.deC.V._OwnershipCrossholdings_06-Oct-2026.xlsx",Ownership Crossholdings
holders,Mediolanum International Funds Ltd.,Equity Assets in Primary Industry (CIQ/GICS) (Mex$M),1580.311985,2026-10-06,"filings/capitaliq/OwnerShip/OwnerShip CrossHoldings/SPGlobal_GrupoBimbo,S.A.B.deC.V._OwnershipCrossholdings_06-Oct-2026.xlsx",Ownership Crossholdings
holders,Mediolanum International Funds Ltd.,Institution is an Activist?,No,2026-10-06,"filings/capitaliq/OwnerShip/OwnerShip CrossHoldings/SPGlobal_GrupoBimbo,S.A.B.deC.V._OwnershipCrossholdings_06-Oct-2026.xlsx",Ownership Crossholdings
holders,MLC Investment Management Ltd,MI Key,5758523,2026-10-06,"filings/capitaliq/OwnerShip/OwnerShip CrossHoldings/SPGlobal_GrupoBimbo,S.A.B.deC.V._OwnershipCrossholdings_06-Oct-2026.xlsx",Ownership Crossholdings
holders,MLC Investment Management Ltd,Total,82,2026-10-06,"filings/capitaliq/OwnerShip/OwnerShip CrossHoldings/SPGlobal_GrupoBimbo,S.A.B.deC.V._OwnershipCrossholdings_06-Oct-2026.xlsx",Ownership Crossholdings
holders,MLC Investment Management Ltd,"Grupo Bimbo, S.A.B. de C.V. (BMV:BIMBO A)",82,2026-10-06,"filings/capitaliq/OwnerShip/OwnerShip CrossHoldings/SPGlobal_GrupoBimbo,S.A.B.deC.V._OwnershipCrossholdings_06-Oct-2026.xlsx",Ownership Crossholdings
holders,MLC Investment Management Ltd,Owner Type,Traditional Investment Managers,2026-10-06,"filings/capitaliq/OwnerShip/OwnerShip CrossHoldings/SPGlobal_GrupoBimbo,S.A.B.deC.V._OwnershipCrossholdings_06-Oct-2026.xlsx",Ownership Crossholdings
holders,MLC Investment Management Ltd,Calculated Investment Style,Growth,2026-10-06,"filings/capitaliq/OwnerShip/OwnerShip CrossHoldings/SPGlobal_GrupoBimbo,S.A.B.deC.V._OwnershipCrossholdings_06-Oct-2026.xlsx",Ownership Crossholdings
holders,MLC Investment Management Ltd,"City, State",North Sydney,2026-10-06,"filings/capitaliq/OwnerShip/OwnerShip CrossHoldings/SPGlobal_GrupoBimbo,S.A.B.deC.V._OwnershipCrossholdings_06-Oct-2026.xlsx",Ownership Crossholdings
holders,MLC Investment Management Ltd,Country,Australia,2026-10-06,"filings/capitaliq/OwnerShip/OwnerShip CrossHoldings/SPGlobal_GrupoBimbo,S.A.B.deC.V._OwnershipCrossholdings_06-Oct-2026.xlsx",Ownership Crossholdings
holders,MLC Investment Management Ltd,Equity Assets  (Mex$M),1156.7991539999998,2026-10-06,"filings/capitaliq/OwnerShip/OwnerShip CrossHoldings/SPGlobal_GrupoBimbo,S.A.B.deC.V._OwnershipCrossholdings_06-Oct-2026.xlsx",Ownership Crossholdings
holders,MLC Investment Management Ltd,Equity Assets in Primary Industry (CIQ/GICS) (Mex$M),11.859078,2026-10-06,"filings/capitaliq/OwnerShip/OwnerShip CrossHoldings/SPGlobal_GrupoBimbo,S.A.B.deC.V._OwnershipCrossholdings_06-Oct-2026.xlsx",Ownership Crossholdings
holders,MLC Investment Management Ltd,Institution is an Activist?,No,2026-10-06,"filings/capitaliq/OwnerShip/OwnerShip CrossHoldings/SPGlobal_GrupoBimbo,S.A.B.deC.V._OwnershipCrossholdings_06-Oct-2026.xlsx",Ownership Crossholdings
holders,"Administradora General de Fondos Sura, S.A.",MI Key,4283269,2026-10-06,"filings/capitaliq/OwnerShip/OwnerShip CrossHoldings/SPGlobal_GrupoBimbo,S.A.B.deC.V._OwnershipCrossholdings_06-Oct-2026.xlsx",Ownership Crossholdings
holders,"Administradora General de Fondos Sura, S.A.",Total,0,2026-10-06,"filings/capitaliq/OwnerShip/OwnerShip CrossHoldings/SPGlobal_GrupoBimbo,S.A.B.deC.V._OwnershipCrossholdings_06-Oct-2026.xlsx",Ownership Crossholdings
holders,"Administradora General de Fondos Sura, S.A.","Grupo Bimbo, S.A.B. de C.V. (BMV:BIMBO A)",0,2026-10-06,"filings/capitaliq/OwnerShip/OwnerShip CrossHoldings/SPGlobal_GrupoBimbo,S.A.B.deC.V._OwnershipCrossholdings_06-Oct-2026.xlsx",Ownership Crossholdings
holders,"Administradora General de Fondos Sura, S.A.",Owner Type,Traditional Investment Managers,2026-10-06,"filings/capitaliq/OwnerShip/OwnerShip CrossHoldings/SPGlobal_GrupoBimbo,S.A.B.deC.V._OwnershipCrossholdings_06-Oct-2026.xlsx",Ownership Crossholdings
holders,"Administradora General de Fondos Sura, S.A.",Investment Orientation,Active,2026-10-06,"filings/capitaliq/OwnerShip/OwnerShip CrossHoldings/SPGlobal_GrupoBimbo,S.A.B.deC.V._OwnershipCrossholdings_06-Oct-2026.xlsx",Ownership Crossholdings
holders,"Administradora General de Fondos Sura, S.A.",Calculated Investment Style,Growth,2026-10-06,"filings/capitaliq/OwnerShip/OwnerShip CrossHoldings/SPGlobal_GrupoBimbo,S.A.B.deC.V._OwnershipCrossholdings_06-Oct-2026.xlsx",Ownership Crossholdings
holders,"Administradora General de Fondos Sura, S.A.","City, State",Santiago de Chile,2026-10-06,"filings/capitaliq/OwnerShip/OwnerShip CrossHoldings/SPGlobal_GrupoBimbo,S.A.B.deC.V._OwnershipCrossholdings_06-Oct-2026.xlsx",Ownership Crossholdings
holders,"Administradora General de Fondos Sura, S.A.",Country,Chile,2026-10-06,"filings/capitaliq/OwnerShip/OwnerShip CrossHoldings/SPGlobal_GrupoBimbo,S.A.B.deC.V._OwnershipCrossholdings_06-Oct-2026.xlsx",Ownership Crossholdings
holders,"Administradora General de Fondos Sura, S.A.",Portfolio Turnover Category,Moderate,2026-10-06,"filings/capitaliq/OwnerShip/OwnerShip CrossHoldings/SPGlobal_GrupoBimbo,S.A.B.deC.V._OwnershipCrossholdings_06-Oct-2026.xlsx",Ownership Crossholdings
holders,"Administradora General de Fondos Sura, S.A.",Portfolio Turnover (%),56.9614,2026-10-06,"filings/capitaliq/OwnerShip/OwnerShip CrossHoldings/SPGlobal_GrupoBimbo,S.A.B.deC.V._OwnershipCrossholdings_06-Oct-2026.xlsx",Ownership Crossholdings
holders,"Administradora General de Fondos Sura, S.A.",Equity Assets  (Mex$M),308.336028,2026-10-06,"filings/capitaliq/OwnerShip/OwnerShip CrossHoldings/SPGlobal_GrupoBimbo,S.A.B.deC.V._OwnershipCrossholdings_06-Oct-2026.xlsx",Ownership Crossholdings
holders,"Administradora General de Fondos Sura, S.A.",Equity Assets in Primary Industry (CIQ/GICS) (Mex$M),3.054611,2026-10-06,"filings/capitaliq/OwnerShip/OwnerShip CrossHoldings/SPGlobal_GrupoBimbo,S.A.B.deC.V._OwnershipCrossholdings_06-Oct-2026.xlsx",Ownership Crossholdings
holders,"Administradora General de Fondos Sura, S.A.",Institution is an Activist?,No,2026-10-06,"filings/capitaliq/OwnerShip/OwnerShip CrossHoldings/SPGlobal_GrupoBimbo,S.A.B.deC.V._OwnershipCrossholdings_06-Oct-2026.xlsx",Ownership Crossholdings
holders,Administradora General de Fondos Security SA,MI Key,4279126,2026-10-06,"filings/capitaliq/OwnerShip/OwnerShip CrossHoldings/SPGlobal_GrupoBimbo,S.A.B.deC.V._OwnershipCrossholdings_06-Oct-2026.xlsx",Ownership Crossholdings
holders,Administradora General de Fondos Security SA,Total,0,2026-10-06,"filings/capitaliq/OwnerShip/OwnerShip CrossHoldings/SPGlobal_GrupoBimbo,S.A.B.deC.V._OwnershipCrossholdings_06-Oct-2026.xlsx",Ownership Crossholdings
holders,Administradora General de Fondos Security SA,"Grupo Bimbo, S.A.B. de C.V. (BMV:BIMBO A)",0,2026-10-06,"filings/capitaliq/OwnerShip/OwnerShip CrossHoldings/SPGlobal_GrupoBimbo,S.A.B.deC.V._OwnershipCrossholdings_06-Oct-2026.xlsx",Ownership Crossholdings
holders,Administradora General de Fondos Security SA,Owner Type,Traditional Investment Managers,2026-10-06,"filings/capitaliq/OwnerShip/OwnerShip CrossHoldings/SPGlobal_GrupoBimbo,S.A.B.deC.V._OwnershipCrossholdings_06-Oct-2026.xlsx",Ownership Crossholdings
holders,Administradora General de Fondos Security SA,Investment Orientation,Active,2026-10-06,"filings/capitaliq/OwnerShip/OwnerShip CrossHoldings/SPGlobal_GrupoBimbo,S.A.B.deC.V._OwnershipCrossholdings_06-Oct-2026.xlsx",Ownership Crossholdings
holders,Administradora General de Fondos Security SA,Calculated Investment Style,Blend,2026-10-06,"filings/capitaliq/OwnerShip/OwnerShip CrossHoldings/SPGlobal_GrupoBimbo,S.A.B.deC.V._OwnershipCrossholdings_06-Oct-2026.xlsx",Ownership Crossholdings
holders,Administradora General de Fondos Security SA,"City, State",Santiago,2026-10-06,"filings/capitaliq/OwnerShip/OwnerShip CrossHoldings/SPGlobal_GrupoBimbo,S.A.B.deC.V._OwnershipCrossholdings_06-Oct-2026.xlsx",Ownership Crossholdings
holders,Administradora General de Fondos Security SA,Country,Chile,2026-10-06,"filings/capitaliq/OwnerShip/OwnerShip CrossHoldings/SPGlobal_GrupoBimbo,S.A.B.deC.V._OwnershipCrossholdings_06-Oct-2026.xlsx",Ownership Crossholdings
holders,Administradora General de Fondos Security SA,Portfolio Turnover Category,Moderate,2026-10-06,"filings/capitaliq/OwnerShip/OwnerShip CrossHoldings/SPGlobal_GrupoBimbo,S.A.B.deC.V._OwnershipCrossholdings_06-Oct-2026.xlsx",Ownership Crossholdings
holders,Administradora General de Fondos Security SA,Portfolio Turnover (%),58.4605,2026-10-06,"filings/capitaliq/OwnerShip/OwnerShip CrossHoldings/SPGlobal_GrupoBimbo,S.A.B.deC.V._OwnershipCrossholdings_06-Oct-2026.xlsx",Ownership Crossholdings
holders,Administradora General de Fondos Security SA,Equity Assets  (Mex$M),521.619749,2026-10-06,"filings/capitaliq/OwnerShip/OwnerShip CrossHoldings/SPGlobal_GrupoBimbo,S.A.B.deC.V._OwnershipCrossholdings_06-Oct-2026.xlsx",Ownership Crossholdings
holders,Administradora General de Fondos Security SA,Equity Assets in Primary Industry (CIQ/GICS) (Mex$M),9.702882,2026-10-06,"filings/capitaliq/OwnerShip/OwnerShip CrossHoldings/SPGlobal_GrupoBimbo,S.A.B.deC.V._OwnershipCrossholdings_06-Oct-2026.xlsx",Ownership Crossholdings
holders,Administradora General de Fondos Security SA,Institution is an Activist?,No,2026-10-06,"filings/capitaliq/OwnerShip/OwnerShip CrossHoldings/SPGlobal_GrupoBimbo,S.A.B.deC.V._OwnershipCrossholdings_06-Oct-2026.xlsx",Ownership Crossholdings
holders,BNY Mellon ETF Investment Adviser LLC,MI Key,19342220,2026-10-06,"filings/capitaliq/OwnerShip/OwnerShip CrossHoldings/SPGlobal_GrupoBimbo,S.A.B.deC.V._OwnershipCrossholdings_06-Oct-2026.xlsx",Ownership Crossholdings
holders,BNY Mellon ETF Investment Adviser LLC,Total,0,2026-10-06,"filings/capitaliq/OwnerShip/OwnerShip CrossHoldings/SPGlobal_GrupoBimbo,S.A.B.deC.V._OwnershipCrossholdings_06-Oct-2026.xlsx",Ownership Crossholdings
holders,BNY Mellon ETF Investment Adviser LLC,"Grupo Bimbo, S.A.B. de C.V. (BMV:BIMBO A)",0,2026-10-06,"filings/capitaliq/OwnerShip/OwnerShip CrossHoldings/SPGlobal_GrupoBimbo,S.A.B.deC.V._OwnershipCrossholdings_06-Oct-2026.xlsx",Ownership Crossholdings
holders,BNY Mellon ETF Investment Adviser LLC,Owner Type,Traditional Investment Managers,2026-10-06,"filings/capitaliq/OwnerShip/OwnerShip CrossHoldings/SPGlobal_GrupoBimbo,S.A.B.deC.V._OwnershipCrossholdings_06-Oct-2026.xlsx",Ownership Crossholdings
holders,BNY Mellon ETF Investment Adviser LLC,Investment Orientation,Active,2026-10-06,"filings/capitaliq/OwnerShip/OwnerShip CrossHoldings/SPGlobal_GrupoBimbo,S.A.B.deC.V._OwnershipCrossholdings_06-Oct-2026.xlsx",Ownership Crossholdings
holders,BNY Mellon ETF Investment Adviser LLC,Calculated Investment Style,Growth,2026-10-06,"filings/capitaliq/OwnerShip/OwnerShip CrossHoldings/SPGlobal_GrupoBimbo,S.A.B.deC.V._OwnershipCrossholdings_06-Oct-2026.xlsx",Ownership Crossholdings
holders,BNY Mellon ETF Investment Adviser LLC,"City, State","Boston, MA",2026-10-06,"filings/capitaliq/OwnerShip/OwnerShip CrossHoldings/SPGlobal_GrupoBimbo,S.A.B.deC.V._OwnershipCrossholdings_06-Oct-2026.xlsx",Ownership Crossholdings
holders,BNY Mellon ETF Investment Adviser LLC,Country,USA,2026-10-06,"filings/capitaliq/OwnerShip/OwnerShip CrossHoldings/SPGlobal_GrupoBimbo,S.A.B.deC.V._OwnershipCrossholdings_06-Oct-2026.xlsx",Ownership Crossholdings
holders,BNY Mellon ETF Investment Adviser LLC,Portfolio Turnover Category,Very Low,2026-10-06,"filings/capitaliq/OwnerShip/OwnerShip CrossHoldings/SPGlobal_GrupoBimbo,S.A.B.deC.V._OwnershipCrossholdings_06-Oct-2026.xlsx",Ownership Crossholdings
holders,BNY Mellon ETF Investment Adviser LLC,Portfolio Turnover (%),11.2732,2026-10-06,"filings/capitaliq/OwnerShip/OwnerShip CrossHoldings/SPGlobal_GrupoBimbo,S.A.B.deC.V._OwnershipCrossholdings_06-Oct-2026.xlsx",Ownership Crossholdings
holders,BNY Mellon ETF Investment Adviser LLC,Equity Assets  (Mex$M),174810.17672299998,2026-10-06,"filings/capitaliq/OwnerShip/OwnerShip CrossHoldings/SPGlobal_GrupoBimbo,S.A.B.deC.V._OwnershipCrossholdings_06-Oct-2026.xlsx",Ownership Crossholdings
holders,BNY Mellon ETF Investment Adviser LLC,Equity Assets in Primary Industry (CIQ/GICS) (Mex$M),342.116432,2026-10-06,"filings/capitaliq/OwnerShip/OwnerShip CrossHoldings/SPGlobal_GrupoBimbo,S.A.B.deC.V._OwnershipCrossholdings_06-Oct-2026.xlsx",Ownership Crossholdings
holders,BNY Mellon ETF Investment Adviser LLC,Institution is an Activist?,No,2026-10-06,"filings/capitaliq/OwnerShip/OwnerShip CrossHoldings/SPGlobal_GrupoBimbo,S.A.B.deC.V._OwnershipCrossholdings_06-Oct-2026.xlsx",Ownership Crossholdings
