period,period_end,filing_date,row_order,instrument,instrument_type,amount_mxn_000,coupon_or_base_rate,floating_rate,maturity,seniority,secured,securing_collateral,convertible,exchangeable,contains_warrants,repayment_currency,source_file,sheet,reporting_basis
2002FY,2002-12-31,2003-03-10,1,Loan/Promissory Notes,Other Borrowings,730125,NA,NA,NA,Senior,No,NA,No,No,No,MXN,"filings/capitaliq/Financials/Templated/Capital Structure Details/2002FY filed Mar 10, 2003/SPGlobal_GrupoBimbo,S.A.B.deC.V._CapitalStructureDetails_20-Sep-2026.xlsx",Capital Structure Details,As Reported
2002FY,2002-12-31,2003-03-10,2,Other-Certain Subsidiaries Have Contracted Other Direct Loans,Term Loans,111301,NA,NA,2007,Senior,No,NA,No,No,No,MXN,"filings/capitaliq/Financials/Templated/Capital Structure Details/2002FY filed Mar 10, 2003/SPGlobal_GrupoBimbo,S.A.B.deC.V._CapitalStructureDetails_20-Sep-2026.xlsx",Capital Structure Details,As Reported
2002FY,2002-12-31,2003-03-10,3,Short-Term Loans From Financial Institutions,Term Loans,180111,NA,NA,Dec-31-2003,Senior,No,NA,No,No,No,MXN,"filings/capitaliq/Financials/Templated/Capital Structure Details/2002FY filed Mar 10, 2003/SPGlobal_GrupoBimbo,S.A.B.deC.V._CapitalStructureDetails_20-Sep-2026.xlsx",Capital Structure Details,As Reported
2002FY,2002-12-31,2003-03-10,4,Syndicated Loan With Manhattan Bank,Term Loans,2866875,NA,LIBOR + 95 bp,Oct 2006,Senior,No,NA,No,No,No,MXN,"filings/capitaliq/Financials/Templated/Capital Structure Details/2002FY filed Mar 10, 2003/SPGlobal_GrupoBimbo,S.A.B.deC.V._CapitalStructureDetails_20-Sep-2026.xlsx",Capital Structure Details,As Reported
2002FY,2002-12-31,2003-03-10,5,Syndicated Loan With Manhattan Bank due October 2004,Term Loans,1303125,NA,LIBOR + 85 bp,Oct 2004,Senior,No,NA,No,No,No,MXN,"filings/capitaliq/Financials/Templated/Capital Structure Details/2002FY filed Mar 10, 2003/SPGlobal_GrupoBimbo,S.A.B.deC.V._CapitalStructureDetails_20-Sep-2026.xlsx",Capital Structure Details,As Reported
2002FY,2002-12-31,2003-03-10,6,Traded Certificates Bimbo 02 due May 2007,Senior Debt,2750000,NA,New Benchmark,May 2007,Senior,No,NA,No,No,No,MXN,"filings/capitaliq/Financials/Templated/Capital Structure Details/2002FY filed Mar 10, 2003/SPGlobal_GrupoBimbo,S.A.B.deC.V._CapitalStructureDetails_20-Sep-2026.xlsx",Capital Structure Details,As Reported
2002FY,2002-12-31,2003-03-10,7,Traded Certificates Bimbo 02-2 due May 2012,Senior Debt,750000,10.1500%,NA,May 2012,Senior,No,NA,No,No,No,MXN,"filings/capitaliq/Financials/Templated/Capital Structure Details/2002FY filed Mar 10, 2003/SPGlobal_GrupoBimbo,S.A.B.deC.V._CapitalStructureDetails_20-Sep-2026.xlsx",Capital Structure Details,As Reported
2002FY,2002-12-31,2003-03-10,8,Traded Certificates Bimbo 02-3 due August 2009,Senior Debt,1150000,11.0000%,NA,Aug 2009,Senior,No,NA,No,No,No,MXN,"filings/capitaliq/Financials/Templated/Capital Structure Details/2002FY filed Mar 10, 2003/SPGlobal_GrupoBimbo,S.A.B.deC.V._CapitalStructureDetails_20-Sep-2026.xlsx",Capital Structure Details,As Reported
2002FY,2002-12-31,2003-03-10,9,Traded Certificates Bimbo 02-4 due August 2008,Senior Debt,1850000,NA,New Benchmark,Aug 2008,Senior,No,NA,No,No,No,MXN,"filings/capitaliq/Financials/Templated/Capital Structure Details/2002FY filed Mar 10, 2003/SPGlobal_GrupoBimbo,S.A.B.deC.V._CapitalStructureDetails_20-Sep-2026.xlsx",Capital Structure Details,As Reported
2003FY,2003-12-31,2004-03-08,1,Loans/Promissory Notes,Other Borrowings,663000,NA,NA,NA,Senior,No,NA,No,No,No,MXN,"filings/capitaliq/Financials/Templated/Capital Structure Details/2003FY filed Mar 08, 2004/SPGlobal_GrupoBimbo,S.A.B.deC.V._CapitalStructureDetails_20-Sep-2026.xlsx",Capital Structure Details,As Reported
2003FY,2003-12-31,2004-03-08,2,Other-Certain Subsidiaries Have Contracted Other Direct Loans,Term Loans,17000,NA,NA,2009,Senior,No,NA,No,No,No,MXN,"filings/capitaliq/Financials/Templated/Capital Structure Details/2003FY filed Mar 08, 2004/SPGlobal_GrupoBimbo,S.A.B.deC.V._CapitalStructureDetails_20-Sep-2026.xlsx",Capital Structure Details,As Reported
2003FY,2003-12-31,2004-03-08,3,Share Certificates Bimbo 02 due May 2007,Senior Debt,2750000,6.2800%,New Benchmark,May 2007,Senior,No,NA,No,No,No,MXN,"filings/capitaliq/Financials/Templated/Capital Structure Details/2003FY filed Mar 08, 2004/SPGlobal_GrupoBimbo,S.A.B.deC.V._CapitalStructureDetails_20-Sep-2026.xlsx",Capital Structure Details,As Reported
2003FY,2003-12-31,2004-03-08,4,Share Certificates Bimbo 02-2 due May 2012,Senior Debt,750000,10.1500%,NA,May 2012,Senior,No,NA,No,No,No,MXN,"filings/capitaliq/Financials/Templated/Capital Structure Details/2003FY filed Mar 08, 2004/SPGlobal_GrupoBimbo,S.A.B.deC.V._CapitalStructureDetails_20-Sep-2026.xlsx",Capital Structure Details,As Reported
2003FY,2003-12-31,2004-03-08,5,Share Certificates Bimbo 02-3 due August 2009,Senior Debt,1150000,11.0000%,NA,Aug 2009,Senior,No,NA,No,No,No,MXN,"filings/capitaliq/Financials/Templated/Capital Structure Details/2003FY filed Mar 08, 2004/SPGlobal_GrupoBimbo,S.A.B.deC.V._CapitalStructureDetails_20-Sep-2026.xlsx",Capital Structure Details,As Reported
2003FY,2003-12-31,2004-03-08,6,Share Certificates Bimbo 02-4 due August 2008,Senior Debt,1850000,6.8100%,New Benchmark,Aug 2008,Senior,No,NA,No,No,No,MXN,"filings/capitaliq/Financials/Templated/Capital Structure Details/2003FY filed Mar 08, 2004/SPGlobal_GrupoBimbo,S.A.B.deC.V._CapitalStructureDetails_20-Sep-2026.xlsx",Capital Structure Details,As Reported
2003FY,2003-12-31,2004-03-08,7,Short-Term Loans From Financial Institutions,Term Loans,239000,NA,NA,Dec-31-2004,Senior,No,NA,No,No,No,MXN,"filings/capitaliq/Financials/Templated/Capital Structure Details/2003FY filed Mar 08, 2004/SPGlobal_GrupoBimbo,S.A.B.deC.V._CapitalStructureDetails_20-Sep-2026.xlsx",Capital Structure Details,As Reported
2003FY,2003-12-31,2004-03-08,8,Syndicated Loan With Manhattan Bank due October 2004,Term Loans,1540150,2.1200%,LIBOR + 95 bp,Oct 2006,Senior,No,NA,No,No,No,MXN,"filings/capitaliq/Financials/Templated/Capital Structure Details/2003FY filed Mar 08, 2004/SPGlobal_GrupoBimbo,S.A.B.deC.V._CapitalStructureDetails_20-Sep-2026.xlsx",Capital Structure Details,As Reported
2004FY,2004-12-31,2005-03-01,1,Committed Revolving Credit Facility due May 2008,Revolving Credit,1408000,3.4700%,LIBOR + 55 bp,May 2008,Senior,No,NA,No,No,No,USD,"filings/capitaliq/Financials/Templated/Capital Structure Details/2004FY filed Mar 01, 2005/SPGlobal_GrupoBimbo,S.A.B.deC.V._CapitalStructureDetails_20-Sep-2026 (1).xlsx",Capital Structure Details,As Reported
2004FY,2004-12-31,2005-03-01,2,Loans/Promissory Notes,Other Borrowings,532000,NA,NA,NA,Senior,No,NA,No,No,No,MXN,"filings/capitaliq/Financials/Templated/Capital Structure Details/2004FY filed Mar 01, 2005/SPGlobal_GrupoBimbo,S.A.B.deC.V._CapitalStructureDetails_20-Sep-2026 (1).xlsx",Capital Structure Details,As Reported
2004FY,2004-12-31,2005-03-01,3,Other-Certain Subsidiaries Have Contracted Other Direct Loans,Term Loans,64000,NA,NA,2009,Senior,No,NA,No,No,No,MXN,"filings/capitaliq/Financials/Templated/Capital Structure Details/2004FY filed Mar 01, 2005/SPGlobal_GrupoBimbo,S.A.B.deC.V._CapitalStructureDetails_20-Sep-2026 (1).xlsx",Capital Structure Details,As Reported
2004FY,2004-12-31,2005-03-01,4,Share Certificates Bimbo 02 due May 2007,Senior Debt,2750000,9.7300%,New Benchmark,May 2007,Senior,No,NA,No,No,No,MXN,"filings/capitaliq/Financials/Templated/Capital Structure Details/2004FY filed Mar 01, 2005/SPGlobal_GrupoBimbo,S.A.B.deC.V._CapitalStructureDetails_20-Sep-2026 (1).xlsx",Capital Structure Details,As Reported
2004FY,2004-12-31,2005-03-01,5,Share Certificates Bimbo 02-2 due May 2012,Senior Debt,750000,10.1500%,NA,May 2012,Senior,No,NA,No,No,No,MXN,"filings/capitaliq/Financials/Templated/Capital Structure Details/2004FY filed Mar 01, 2005/SPGlobal_GrupoBimbo,S.A.B.deC.V._CapitalStructureDetails_20-Sep-2026 (1).xlsx",Capital Structure Details,As Reported
2004FY,2004-12-31,2005-03-01,6,Share Certificates Bimbo 02-3 due August 2009,Senior Debt,1150000,11.0000%,NA,Aug 2009,Senior,No,NA,No,No,No,MXN,"filings/capitaliq/Financials/Templated/Capital Structure Details/2004FY filed Mar 01, 2005/SPGlobal_GrupoBimbo,S.A.B.deC.V._CapitalStructureDetails_20-Sep-2026 (1).xlsx",Capital Structure Details,As Reported
2004FY,2004-12-31,2005-03-01,7,Share Certificates Bimbo 02-4 due August 2008,Senior Debt,1850000,9.1300%,New Benchmark,Aug 2008,Senior,No,NA,No,No,No,MXN,"filings/capitaliq/Financials/Templated/Capital Structure Details/2004FY filed Mar 01, 2005/SPGlobal_GrupoBimbo,S.A.B.deC.V._CapitalStructureDetails_20-Sep-2026 (1).xlsx",Capital Structure Details,As Reported
2004FY,2004-12-31,2005-03-01,8,Short-Term Loans From Financial Institutions,Term Loans,0,NA,NA,NA,Senior,No,NA,No,No,No,MXN,"filings/capitaliq/Financials/Templated/Capital Structure Details/2004FY filed Mar 01, 2005/SPGlobal_GrupoBimbo,S.A.B.deC.V._CapitalStructureDetails_20-Sep-2026 (1).xlsx",Capital Structure Details,As Reported
2004FY,2004-12-31,2005-03-01,9,Syndicated Loan With Manhattan Bank,Term Loans,0,NA,NA,NA,Senior,No,NA,No,No,No,MXN,"filings/capitaliq/Financials/Templated/Capital Structure Details/2004FY filed Mar 01, 2005/SPGlobal_GrupoBimbo,S.A.B.deC.V._CapitalStructureDetails_20-Sep-2026 (1).xlsx",Capital Structure Details,As Reported
2005FY,2005-12-31,2006-03-07,1,Debentures,Senior Debt,379000,NA,NA,NA,Senior,No,NA,No,No,No,MXN,"filings/capitaliq/Financials/Templated/Capital Structure Details/2005FY filed Mar 07, 2006/SPGlobal_GrupoBimbo,S.A.B.deC.V._CapitalStructureDetails_20-Sep-2026 (2).xlsx",Capital Structure Details,As Reported
2005FY,2005-12-31,2006-03-07,2,Line Jeopardizes Revolving Multimoneda,Revolving Credit,1339000,NA,NA,2004 - 2010,Senior,No,NA,No,No,No,MXN,"filings/capitaliq/Financials/Templated/Capital Structure Details/2005FY filed Mar 07, 2006/SPGlobal_GrupoBimbo,S.A.B.deC.V._CapitalStructureDetails_20-Sep-2026 (2).xlsx",Capital Structure Details,As Reported
2005FY,2005-12-31,2006-03-07,3,Other -Some Subsidiaries Have Contracted Other Direct Loans,Term Loans,121000,NA,NA,2007 - 2009,Senior,No,NA,No,No,No,MXN,"filings/capitaliq/Financials/Templated/Capital Structure Details/2005FY filed Mar 07, 2006/SPGlobal_GrupoBimbo,S.A.B.deC.V._CapitalStructureDetails_20-Sep-2026 (2).xlsx",Capital Structure Details,As Reported
2005FY,2005-12-31,2006-03-07,4,Stock Exchange Certificates,Senior Debt,1850000,10.6800%,New Benchmark,Aug 2008,Senior,No,NA,No,No,No,MXN,"filings/capitaliq/Financials/Templated/Capital Structure Details/2005FY filed Mar 07, 2006/SPGlobal_GrupoBimbo,S.A.B.deC.V._CapitalStructureDetails_20-Sep-2026 (2).xlsx",Capital Structure Details,As Reported
2005FY,2005-12-31,2006-03-07,5,Stock Exchange Certificates,Senior Debt,2750000,9.6800%,New Benchmark,May 2007,Senior,No,NA,No,No,No,MXN,"filings/capitaliq/Financials/Templated/Capital Structure Details/2005FY filed Mar 07, 2006/SPGlobal_GrupoBimbo,S.A.B.deC.V._CapitalStructureDetails_20-Sep-2026 (2).xlsx",Capital Structure Details,As Reported
2005FY,2005-12-31,2006-03-07,6,Stock Exchange Certificates,Senior Debt,750000,10.1500%,NA,May 2012,Senior,No,NA,No,No,No,MXN,"filings/capitaliq/Financials/Templated/Capital Structure Details/2005FY filed Mar 07, 2006/SPGlobal_GrupoBimbo,S.A.B.deC.V._CapitalStructureDetails_20-Sep-2026 (2).xlsx",Capital Structure Details,As Reported
2005FY,2005-12-31,2006-03-07,7,Stock Exchange Certificates,Senior Debt,1150000,11.0000%,NA,Aug 2009,Senior,No,NA,No,No,No,MXN,"filings/capitaliq/Financials/Templated/Capital Structure Details/2005FY filed Mar 07, 2006/SPGlobal_GrupoBimbo,S.A.B.deC.V._CapitalStructureDetails_20-Sep-2026 (2).xlsx",Capital Structure Details,As Reported
2006FY,2006-12-31,2007-03-01,1,"10.28% Bancolombia, August 4, 2011",Term Loans,14426,10.2800%,NA,Aug-04-2011,Senior,Yes,Tangible Asset,No,No,No,MXN,"filings/capitaliq/Financials/Templated/Capital Structure Details/2006FY filed Mar 01, 2007/SPGlobal_GrupoBimbo,S.A.B.deC.V._CapitalStructureDetails_20-Sep-2026 (3).xlsx",Capital Structure Details,As Reported
2006FY,2006-12-31,2007-03-01,2,"12.0% Banco Mercantil, S.A. C.A., February 12, 2007",Term Loans,10875,12.0000%,NA,Feb-12-2007,Senior,Yes,Tangible Asset,No,No,No,MXN,"filings/capitaliq/Financials/Templated/Capital Structure Details/2006FY filed Mar 01, 2007/SPGlobal_GrupoBimbo,S.A.B.deC.V._CapitalStructureDetails_20-Sep-2026 (3).xlsx",Capital Structure Details,As Reported
2006FY,2006-12-31,2007-03-01,3,"12.0% Banco Mercantil, S.A. C.A., Februay 9, 2007",Term Loans,76129,12.0000%,NA,Feb-09-2007,Senior,Yes,Tangible Asset,No,No,No,MXN,"filings/capitaliq/Financials/Templated/Capital Structure Details/2006FY filed Mar 01, 2007/SPGlobal_GrupoBimbo,S.A.B.deC.V._CapitalStructureDetails_20-Sep-2026 (3).xlsx",Capital Structure Details,As Reported
2006FY,2006-12-31,2007-03-01,4,"12.71% Leasing Del Valle S.A., January 29, 2007",Term Loans,85,12.7100%,NA,Jan-29-2007,Senior,Yes,Tangible Asset,No,No,No,MXN,"filings/capitaliq/Financials/Templated/Capital Structure Details/2006FY filed Mar 01, 2007/SPGlobal_GrupoBimbo,S.A.B.deC.V._CapitalStructureDetails_20-Sep-2026 (3).xlsx",Capital Structure Details,As Reported
2006FY,2006-12-31,2007-03-01,5,"12.71% Leasing Del Valle S.A., March 8, 2009",Term Loans,592,12.7100%,NA,Mar-08-2009,Senior,Yes,Tangible Asset,No,No,No,MXN,"filings/capitaliq/Financials/Templated/Capital Structure Details/2006FY filed Mar 01, 2007/SPGlobal_GrupoBimbo,S.A.B.deC.V._CapitalStructureDetails_20-Sep-2026 (3).xlsx",Capital Structure Details,As Reported
2006FY,2006-12-31,2007-03-01,6,"12.78% Leasing-GMAC Financiera De C, July 1, 2009",Capital Lease,1426,12.7800%,NA,Jul-01-2009,Senior,Yes,Tangible Asset,No,No,No,MXN,"filings/capitaliq/Financials/Templated/Capital Structure Details/2006FY filed Mar 01, 2007/SPGlobal_GrupoBimbo,S.A.B.deC.V._CapitalStructureDetails_20-Sep-2026 (3).xlsx",Capital Structure Details,As Reported
2006FY,2006-12-31,2007-03-01,7,"5.0% ABN Amor Bank N.V., February 21, 2007",Term Loans,6667,5.0000%,NA,Feb-21-2007,Senior,Yes,Tangible Asset,No,No,No,MXN,"filings/capitaliq/Financials/Templated/Capital Structure Details/2006FY filed Mar 01, 2007/SPGlobal_GrupoBimbo,S.A.B.deC.V._CapitalStructureDetails_20-Sep-2026 (3).xlsx",Capital Structure Details,As Reported
2006FY,2006-12-31,2007-03-01,8,"5.78% Linea Multimoneda Rev Y Comp, July 21, 2010",Term Loans,1359438,5.7800%,NA,Jul-21-2010,Senior,Yes,Tangible Asset,No,No,No,MXN,"filings/capitaliq/Financials/Templated/Capital Structure Details/2006FY filed Mar 01, 2007/SPGlobal_GrupoBimbo,S.A.B.deC.V._CapitalStructureDetails_20-Sep-2026 (3).xlsx",Capital Structure Details,As Reported
2006FY,2006-12-31,2007-03-01,9,"5.86% Bank of East Asia, June 5, 2007",Term Loans,27050,5.8600%,NA,Jun-05-2007,Senior,Yes,Tangible Asset,No,No,No,MXN,"filings/capitaliq/Financials/Templated/Capital Structure Details/2006FY filed Mar 01, 2007/SPGlobal_GrupoBimbo,S.A.B.deC.V._CapitalStructureDetails_20-Sep-2026 (3).xlsx",Capital Structure Details,As Reported
2006FY,2006-12-31,2007-03-01,10,"7.44% Banco De Galicia Y Buenos Ai, July 3, 2007",Term Loans,73,7.4400%,NA,Jul-03-2007,Senior,Yes,Tangible Asset,No,No,No,MXN,"filings/capitaliq/Financials/Templated/Capital Structure Details/2006FY filed Mar 01, 2007/SPGlobal_GrupoBimbo,S.A.B.deC.V._CapitalStructureDetails_20-Sep-2026 (3).xlsx",Capital Structure Details,As Reported
2006FY,2006-12-31,2007-03-01,11,"7.5% Credito Leasing, June 1, 2009",Term Loans,1271,7.5000%,NA,Jun-01-2009,Senior,Yes,Tangible Asset,No,No,No,MXN,"filings/capitaliq/Financials/Templated/Capital Structure Details/2006FY filed Mar 01, 2007/SPGlobal_GrupoBimbo,S.A.B.deC.V._CapitalStructureDetails_20-Sep-2026 (3).xlsx",Capital Structure Details,As Reported
2006FY,2006-12-31,2007-03-01,12,"7.5% Credito Leasing, March 1, 2007",Term Loans,855,7.5000%,NA,Mar-01-2007,Senior,Yes,Tangible Asset,No,No,No,MXN,"filings/capitaliq/Financials/Templated/Capital Structure Details/2006FY filed Mar 01, 2007/SPGlobal_GrupoBimbo,S.A.B.deC.V._CapitalStructureDetails_20-Sep-2026 (3).xlsx",Capital Structure Details,As Reported
2006FY,2006-12-31,2007-03-01,13,"8.14% National Financiera, February 28, 2007",Term Loans,112110,8.1400%,NA,Feb-28-2007,Senior,Yes,Tangible Asset,No,No,No,MXN,"filings/capitaliq/Financials/Templated/Capital Structure Details/2006FY filed Mar 01, 2007/SPGlobal_GrupoBimbo,S.A.B.deC.V._CapitalStructureDetails_20-Sep-2026 (3).xlsx",Capital Structure Details,As Reported
2006FY,2006-12-31,2007-03-01,14,"8.74% International Finance Corpor, February 15,2008",Term Loans,256662,8.7400%,NA,Feb-15-2008,Senior,Yes,Tangible Asset,No,No,No,MXN,"filings/capitaliq/Financials/Templated/Capital Structure Details/2006FY filed Mar 01, 2007/SPGlobal_GrupoBimbo,S.A.B.deC.V._CapitalStructureDetails_20-Sep-2026 (3).xlsx",Capital Structure Details,As Reported
2006FY,2006-12-31,2007-03-01,15,"9.03% Banco De Credito, May 8, 2011",Term Loans,12023,9.0300%,NA,May-08-2011,Senior,Yes,Tangible Asset,No,No,No,MXN,"filings/capitaliq/Financials/Templated/Capital Structure Details/2006FY filed Mar 01, 2007/SPGlobal_GrupoBimbo,S.A.B.deC.V._CapitalStructureDetails_20-Sep-2026 (3).xlsx",Capital Structure Details,As Reported
2006FY,2006-12-31,2007-03-01,16,Receivables of the Stock Exchange,Other Borrowings,6500000,NA,NA,NA,Senior,No,NA,No,No,No,MXN,"filings/capitaliq/Financials/Templated/Capital Structure Details/2006FY filed Mar 01, 2007/SPGlobal_GrupoBimbo,S.A.B.deC.V._CapitalStructureDetails_20-Sep-2026 (3).xlsx",Capital Structure Details,As Reported
2007FY,2007-12-31,2008-02-11,1,Direct Loans Vs Promissory Notes,Other Borrowings,128000,NA,NA,NA,Senior,No,NA,No,No,No,MXN,"filings/capitaliq/Financials/Templated/Capital Structure Details/2007FY filed Feb 11, 2008/SPGlobal_GrupoBimbo,S.A.B.deC.V._CapitalStructureDetails_20-Sep-2026 (4).xlsx",Capital Structure Details,As Reported
2007FY,2007-12-31,2008-02-11,2,Other Direct Loans,Term Loans,788000,NA,NA,2011,Senior,No,NA,No,No,No,MXN,"filings/capitaliq/Financials/Templated/Capital Structure Details/2007FY filed Feb 11, 2008/SPGlobal_GrupoBimbo,S.A.B.deC.V._CapitalStructureDetails_20-Sep-2026 (4).xlsx",Capital Structure Details,As Reported
2007FY,2007-12-31,2008-02-11,3,Revolving Line of Credit,Revolving Credit,1358000,2.0490%,Various Benchmarks,Jul 2010,Senior,No,NA,No,No,No,NA,"filings/capitaliq/Financials/Templated/Capital Structure Details/2007FY filed Feb 11, 2008/SPGlobal_GrupoBimbo,S.A.B.deC.V._CapitalStructureDetails_20-Sep-2026 (4).xlsx",Capital Structure Details,As Reported
2007FY,2007-12-31,2008-02-11,4,Share Certificates Bimbo 02-2 due May 2012,Senior Debt,750000,10.1500%,NA,May 2012,Senior,No,NA,No,No,No,MXN,"filings/capitaliq/Financials/Templated/Capital Structure Details/2007FY filed Feb 11, 2008/SPGlobal_GrupoBimbo,S.A.B.deC.V._CapitalStructureDetails_20-Sep-2026 (4).xlsx",Capital Structure Details,As Reported
2007FY,2007-12-31,2008-02-11,5,Share Certificates Bimbo 02-3 due August 2009,Senior Debt,1150000,11.0000%,NA,Aug 2009,Senior,No,NA,No,No,No,MXN,"filings/capitaliq/Financials/Templated/Capital Structure Details/2007FY filed Feb 11, 2008/SPGlobal_GrupoBimbo,S.A.B.deC.V._CapitalStructureDetails_20-Sep-2026 (4).xlsx",Capital Structure Details,As Reported
2007FY,2007-12-31,2008-02-11,6,Share Certificates Bimbo 02-4 due August 2008,Senior Debt,1850000,8.4400%,CETES rate,Aug 2008,Senior,No,NA,No,No,No,MXN,"filings/capitaliq/Financials/Templated/Capital Structure Details/2007FY filed Feb 11, 2008/SPGlobal_GrupoBimbo,S.A.B.deC.V._CapitalStructureDetails_20-Sep-2026 (4).xlsx",Capital Structure Details,As Reported
2008FY,2008-12-31,2009-04-15,1,Direct Borrowings,Other Borrowings,0,NA,NA,NA,Senior,No,NA,No,No,No,USD,"filings/capitaliq/Financials/Templated/Capital Structure Details/2008FY filed Apr 15, 2009/SPGlobal_GrupoBimbo,S.A.B.deC.V._CapitalStructureDetails_20-Sep-2026 (5).xlsx",Capital Structure Details,As Reported
2008FY,2008-12-31,2009-04-15,2,Other Direct Loans,Term Loans,1110000,NA,NA,2008 - 2012,Senior,No,NA,No,No,No,MXN,"filings/capitaliq/Financials/Templated/Capital Structure Details/2008FY filed Apr 15, 2009/SPGlobal_GrupoBimbo,S.A.B.deC.V._CapitalStructureDetails_20-Sep-2026 (5).xlsx",Capital Structure Details,As Reported
2008FY,2008-12-31,2009-04-15,3,Revolving Line of Credit,Revolving Credit,8123000,2.0490%,Various Benchmarks,Jul 2010,Senior,No,NA,No,No,No,NA,"filings/capitaliq/Financials/Templated/Capital Structure Details/2008FY filed Apr 15, 2009/SPGlobal_GrupoBimbo,S.A.B.deC.V._CapitalStructureDetails_20-Sep-2026 (5).xlsx",Capital Structure Details,As Reported
2008FY,2008-12-31,2009-04-15,4,Stock Exchange Certificates - Bond,Senior Debt,750000,10.1500%,NA,May 2012,Senior,No,NA,No,No,No,MXN,"filings/capitaliq/Financials/Templated/Capital Structure Details/2008FY filed Apr 15, 2009/SPGlobal_GrupoBimbo,S.A.B.deC.V._CapitalStructureDetails_20-Sep-2026 (5).xlsx",Capital Structure Details,As Reported
2008FY,2008-12-31,2009-04-15,5,Stock Exchange Certificates - Bond,Senior Debt,1150000,11.0000%,NA,Aug 2009,Senior,No,NA,No,No,No,MXN,"filings/capitaliq/Financials/Templated/Capital Structure Details/2008FY filed Apr 15, 2009/SPGlobal_GrupoBimbo,S.A.B.deC.V._CapitalStructureDetails_20-Sep-2026 (5).xlsx",Capital Structure Details,As Reported
2008FY,2008-12-31,2009-04-15,6,Stock Exchange Certificates - Bond,Senior Debt,0,NA,New Benchmark,Aug 2008,Senior,No,NA,No,No,No,MXN,"filings/capitaliq/Financials/Templated/Capital Structure Details/2008FY filed Apr 15, 2009/SPGlobal_GrupoBimbo,S.A.B.deC.V._CapitalStructureDetails_20-Sep-2026 (5).xlsx",Capital Structure Details,As Reported
2009FY,2009-12-31,2010-04-14,1,11% Fixed Rate Bimbo Bonds 02-3-Maturing in August 2009,Senior Debt,0,11.0000%,NA,Aug 2009,Senior,No,NA,No,No,No,MXN,"filings/capitaliq/Financials/Templated/Capital Structure Details/2009FY filed Apr 14, 2010/SPGlobal_GrupoBimbo,S.A.B.deC.V._CapitalStructureDetails_20-Sep-2026 (6).xlsx",Capital Structure Details,As Reported
2009FY,2009-12-31,2010-04-14,2,Bimbo 02-2 Bond,Senior Debt,750000,10.1500%,NA,May-03-2012,Senior,No,NA,No,No,No,MXN,"filings/capitaliq/Financials/Templated/Capital Structure Details/2009FY filed Apr 14, 2010/SPGlobal_GrupoBimbo,S.A.B.deC.V._CapitalStructureDetails_20-Sep-2026 (6).xlsx",Capital Structure Details,As Reported
2009FY,2009-12-31,2010-04-14,3,Dynamic Committed Line of Credit USD,Revolving Credit,3918000,0.7000%,LIBOR,Dec-27-2016,Senior,No,NA,No,No,No,USD,"filings/capitaliq/Financials/Templated/Capital Structure Details/2009FY filed Apr 14, 2010/SPGlobal_GrupoBimbo,S.A.B.deC.V._CapitalStructureDetails_20-Sep-2026 (6).xlsx",Capital Structure Details,As Reported
2009FY,2009-12-31,2010-04-14,4,Local Bonds,Senior Debt,2000000,10.6000%,NA,Jun-06-2016,Senior,No,NA,No,No,No,MXN,"filings/capitaliq/Financials/Templated/Capital Structure Details/2009FY filed Apr 14, 2010/SPGlobal_GrupoBimbo,S.A.B.deC.V._CapitalStructureDetails_20-Sep-2026 (6).xlsx",Capital Structure Details,As Reported
2009FY,2009-12-31,2010-04-14,5,Local Bonds,Senior Debt,3066000,6.8300%,NA,Aug-10-2018,Senior,No,NA,No,No,No,MXN,"filings/capitaliq/Financials/Templated/Capital Structure Details/2009FY filed Apr 14, 2010/SPGlobal_GrupoBimbo,S.A.B.deC.V._CapitalStructureDetails_20-Sep-2026 (6).xlsx",Capital Structure Details,As Reported
2009FY,2009-12-31,2010-04-14,6,Long-Term Bank Loan,Term Loans,21250000,NA,Various Benchmarks,Jul 2012 - Jan 2014,Senior,No,NA,No,No,No,MXN,"filings/capitaliq/Financials/Templated/Capital Structure Details/2009FY filed Apr 14, 2010/SPGlobal_GrupoBimbo,S.A.B.deC.V._CapitalStructureDetails_20-Sep-2026 (6).xlsx",Capital Structure Details,As Reported
2009FY,2009-12-31,2010-04-14,7,Other Direct Loans,Term Loans,756000,NA,NA,2011 - 2013,Senior,No,NA,No,No,No,MXN,"filings/capitaliq/Financials/Templated/Capital Structure Details/2009FY filed Apr 14, 2010/SPGlobal_GrupoBimbo,S.A.B.deC.V._CapitalStructureDetails_20-Sep-2026 (6).xlsx",Capital Structure Details,As Reported
2009FY,2009-12-31,2010-04-14,8,Security Investments in Stock-Exchange with Issue Bimbo 09,Senior Debt,5000000,6.3200%,New Benchmark,Jun-15-2014,Senior,No,NA,No,No,No,MXN,"filings/capitaliq/Financials/Templated/Capital Structure Details/2009FY filed Apr 14, 2010/SPGlobal_GrupoBimbo,S.A.B.deC.V._CapitalStructureDetails_20-Sep-2026 (6).xlsx",Capital Structure Details,As Reported
2010FQ1,2010-03-31,2010-04-30,1,11% Fixed Rate Bimbo Bonds 02-3-Maturing in August 2009,Senior Debt,0,11.0000%,NA,Aug 2009,Senior,No,NA,No,No,No,MXN,"filings/capitaliq/Financials/Templated/Capital Structure Details/2010FQ1 filed Apr 30, 2010/SPGlobal_GrupoBimbo,S.A.B.deC.V._CapitalStructureDetails_19-Sep-2026.xlsx",Capital Structure Details,As Reported
2010FQ1,2010-03-31,2010-04-30,2,5.89% Syndicated Bank Loan Section B,Term Loans,1832598,5.8450%,NA,Jan-01-2012,Senior,No,NA,No,No,No,MXN,"filings/capitaliq/Financials/Templated/Capital Structure Details/2010FQ1 filed Apr 30, 2010/SPGlobal_GrupoBimbo,S.A.B.deC.V._CapitalStructureDetails_19-Sep-2026.xlsx",Capital Structure Details,As Reported
2010FQ1,2010-03-31,2010-04-30,3,Bimbo 02-2 Bond,Senior Debt,750000,10.1500%,NA,May-03-2012,Senior,No,NA,No,No,No,MXN,"filings/capitaliq/Financials/Templated/Capital Structure Details/2010FQ1 filed Apr 30, 2010/SPGlobal_GrupoBimbo,S.A.B.deC.V._CapitalStructureDetails_19-Sep-2026.xlsx",Capital Structure Details,As Reported
2010FQ1,2010-03-31,2010-04-30,4,Credit from National Financial Bank 11/08/2010,Term Loans,4001,3.4300%,NA,Nov-08-2010,Senior,No,NA,No,No,No,NA,"filings/capitaliq/Financials/Templated/Capital Structure Details/2010FQ1 filed Apr 30, 2010/SPGlobal_GrupoBimbo,S.A.B.deC.V._CapitalStructureDetails_19-Sep-2026.xlsx",Capital Structure Details,As Reported
2010FQ1,2010-03-31,2010-04-30,5,Domestic Financial Banking Foreign Trade,Term Loans,228317,5.8200%,NA,Dec-11-2010,Senior,No,NA,No,No,No,MXN,"filings/capitaliq/Financials/Templated/Capital Structure Details/2010FQ1 filed Apr 30, 2010/SPGlobal_GrupoBimbo,S.A.B.deC.V._CapitalStructureDetails_19-Sep-2026.xlsx",Capital Structure Details,As Reported
2010FQ1,2010-03-31,2010-04-30,6,Dynamic Committed Line of Credit USD,Revolving Credit,2492800,0.7000%,LIBOR,Dec-27-2016,Senior,No,NA,No,No,No,USD,"filings/capitaliq/Financials/Templated/Capital Structure Details/2010FQ1 filed Apr 30, 2010/SPGlobal_GrupoBimbo,S.A.B.deC.V._CapitalStructureDetails_19-Sep-2026.xlsx",Capital Structure Details,As Reported
2010FQ1,2010-03-31,2010-04-30,7,Local Bonds,Senior Debt,2000000,10.6000%,NA,Jun-06-2016,Senior,No,NA,No,No,No,MXN,"filings/capitaliq/Financials/Templated/Capital Structure Details/2010FQ1 filed Apr 30, 2010/SPGlobal_GrupoBimbo,S.A.B.deC.V._CapitalStructureDetails_19-Sep-2026.xlsx",Capital Structure Details,As Reported
2010FQ1,2010-03-31,2010-04-30,8,Local Bonds,Senior Debt,3135890,6.8300%,NA,Aug-10-2018,Senior,No,NA,No,No,No,MXN,"filings/capitaliq/Financials/Templated/Capital Structure Details/2010FQ1 filed Apr 30, 2010/SPGlobal_GrupoBimbo,S.A.B.deC.V._CapitalStructureDetails_19-Sep-2026.xlsx",Capital Structure Details,As Reported
2010FQ1,2010-03-31,2010-04-30,9,OTHER Bank Credit,Term Loans,728826,0.0000%,NA,Dec-31-2011,Senior,No,NA,No,No,No,NA,"filings/capitaliq/Financials/Templated/Capital Structure Details/2010FQ1 filed Apr 30, 2010/SPGlobal_GrupoBimbo,S.A.B.deC.V._CapitalStructureDetails_19-Sep-2026.xlsx",Capital Structure Details,As Reported
2010FQ1,2010-03-31,2010-04-30,10,Security Investments in Stock-Exchange with Issue Bimbo 09,Senior Debt,5000000,6.3200%,New Benchmark,Jun-15-2014,Senior,No,NA,No,No,No,MXN,"filings/capitaliq/Financials/Templated/Capital Structure Details/2010FQ1 filed Apr 30, 2010/SPGlobal_GrupoBimbo,S.A.B.deC.V._CapitalStructureDetails_19-Sep-2026.xlsx",Capital Structure Details,As Reported
2010FQ1,2010-03-31,2010-04-30,11,Syndicated Bank Loan Section A,Term Loans,4192600,7.6700%,Various Benchmarks,Jan-01-2012,Senior,No,NA,No,No,No,MXN,"filings/capitaliq/Financials/Templated/Capital Structure Details/2010FQ1 filed Apr 30, 2010/SPGlobal_GrupoBimbo,S.A.B.deC.V._CapitalStructureDetails_19-Sep-2026.xlsx",Capital Structure Details,As Reported
2010FQ1,2010-03-31,2010-04-30,12,Syndicated Bank Loan Section A,Term Loans,5848648,3.0000%,Various Benchmarks,Jan-15-2012,Senior,No,NA,No,No,No,USD,"filings/capitaliq/Financials/Templated/Capital Structure Details/2010FQ1 filed Apr 30, 2010/SPGlobal_GrupoBimbo,S.A.B.deC.V._CapitalStructureDetails_19-Sep-2026.xlsx",Capital Structure Details,As Reported
2010FQ1,2010-03-31,2010-04-30,13,Syndicated Bank Loan Section B,Term Loans,1832598,8.1800%,Various Benchmarks,Jul-15-2013,Senior,No,NA,No,No,No,MXN,"filings/capitaliq/Financials/Templated/Capital Structure Details/2010FQ1 filed Apr 30, 2010/SPGlobal_GrupoBimbo,S.A.B.deC.V._CapitalStructureDetails_19-Sep-2026.xlsx",Capital Structure Details,As Reported
2010FQ1,2010-03-31,2010-04-30,14,Syndicated Bank Loan Section B,Term Loans,1832598,8.1800%,Various Benchmarks,Jul-15-2013,Senior,No,NA,No,No,No,MXN,"filings/capitaliq/Financials/Templated/Capital Structure Details/2010FQ1 filed Apr 30, 2010/SPGlobal_GrupoBimbo,S.A.B.deC.V._CapitalStructureDetails_19-Sep-2026.xlsx",Capital Structure Details,As Reported
2010FQ1,2010-03-31,2010-04-30,15,SYNDICATED BANK LOAN SECTION B,Term Loans,1832598,5.8450%,NA,Jul-15-2014,Senior,No,NA,No,No,No,MXN,"filings/capitaliq/Financials/Templated/Capital Structure Details/2010FQ1 filed Apr 30, 2010/SPGlobal_GrupoBimbo,S.A.B.deC.V._CapitalStructureDetails_19-Sep-2026.xlsx",Capital Structure Details,As Reported
2010FQ1,2010-03-31,2010-04-30,16,Syndicated Bank Loan Section B,Term Loans,858889,3.5000%,Various Benchmarks,Jan-15-2013,Senior,No,NA,No,No,No,USD,"filings/capitaliq/Financials/Templated/Capital Structure Details/2010FQ1 filed Apr 30, 2010/SPGlobal_GrupoBimbo,S.A.B.deC.V._CapitalStructureDetails_19-Sep-2026.xlsx",Capital Structure Details,As Reported
2010FQ1,2010-03-31,2010-04-30,17,Syndicated Bank Loan Section B,Term Loans,858889,3.5000%,Various Benchmarks,Jan-15-2013,Senior,No,NA,No,No,No,USD,"filings/capitaliq/Financials/Templated/Capital Structure Details/2010FQ1 filed Apr 30, 2010/SPGlobal_GrupoBimbo,S.A.B.deC.V._CapitalStructureDetails_19-Sep-2026.xlsx",Capital Structure Details,As Reported
2010FQ1,2010-03-31,2010-04-30,18,SYNDICATED BANK LOAN SECTION B USD,Term Loans,858889,1.5530%,NA,Jan-15-2014,Senior,No,NA,No,No,No,USD,"filings/capitaliq/Financials/Templated/Capital Structure Details/2010FQ1 filed Apr 30, 2010/SPGlobal_GrupoBimbo,S.A.B.deC.V._CapitalStructureDetails_19-Sep-2026.xlsx",Capital Structure Details,As Reported
2010FQ1,2010-03-31,2010-04-30,19,SYNDICATED BANK LOAN SECTION B USD,Term Loans,858889,1.5530%,NA,Jan-15-2012,Senior,No,NA,No,No,No,USD,"filings/capitaliq/Financials/Templated/Capital Structure Details/2010FQ1 filed Apr 30, 2010/SPGlobal_GrupoBimbo,S.A.B.deC.V._CapitalStructureDetails_19-Sep-2026.xlsx",Capital Structure Details,As Reported
2010FQ2,2010-06-30,2010-07-22,1,1.56% Syndicated Bank Loan Section B USD,Term Loans,872168,3.5000%,LIBOR,Jan-15-2013,Senior,No,NA,No,No,No,USD,"filings/capitaliq/Financials/Templated/Capital Structure Details/2010FQ2 filed Jul 22, 2010/SPGlobal_GrupoBimbo,S.A.B.deC.V._CapitalStructureDetails_19-Sep-2026.xlsx",Capital Structure Details,As Reported
2010FQ2,2010-06-30,2010-07-22,2,1.56% Syndicated Bank Loan Section B USD,Term Loans,872168,3.5000%,LIBOR,Jan-15-2013,Senior,No,NA,No,No,No,USD,"filings/capitaliq/Financials/Templated/Capital Structure Details/2010FQ2 filed Jul 22, 2010/SPGlobal_GrupoBimbo,S.A.B.deC.V._CapitalStructureDetails_19-Sep-2026.xlsx",Capital Structure Details,As Reported
2010FQ2,2010-06-30,2010-07-22,3,11% Fixed Rate Bimbo Bonds 02-3-Maturing in August 2009,Senior Debt,0,11.0000%,NA,Aug 2009,Senior,No,NA,No,No,No,MXN,"filings/capitaliq/Financials/Templated/Capital Structure Details/2010FQ2 filed Jul 22, 2010/SPGlobal_GrupoBimbo,S.A.B.deC.V._CapitalStructureDetails_19-Sep-2026.xlsx",Capital Structure Details,As Reported
2010FQ2,2010-06-30,2010-07-22,4,5.89% Syndicated Bank Loan Section B,Term Loans,1832598,8.1700%,TIIE,Jul-15-2013,Senior,No,NA,No,No,No,MXN,"filings/capitaliq/Financials/Templated/Capital Structure Details/2010FQ2 filed Jul 22, 2010/SPGlobal_GrupoBimbo,S.A.B.deC.V._CapitalStructureDetails_19-Sep-2026.xlsx",Capital Structure Details,As Reported
2010FQ2,2010-06-30,2010-07-22,5,5.89% Syndicated Bank Loan Section B,Term Loans,1832598,8.1700%,TIIE,Jul-15-2013,Senior,No,NA,No,No,No,MXN,"filings/capitaliq/Financials/Templated/Capital Structure Details/2010FQ2 filed Jul 22, 2010/SPGlobal_GrupoBimbo,S.A.B.deC.V._CapitalStructureDetails_19-Sep-2026.xlsx",Capital Structure Details,As Reported
2010FQ2,2010-06-30,2010-07-22,6,5.89% Syndicated Bank Loan Section B,Term Loans,1832598,5.8450%,NA,Jan-01-2012,Senior,No,NA,No,No,No,MXN,"filings/capitaliq/Financials/Templated/Capital Structure Details/2010FQ2 filed Jul 22, 2010/SPGlobal_GrupoBimbo,S.A.B.deC.V._CapitalStructureDetails_19-Sep-2026.xlsx",Capital Structure Details,As Reported
2010FQ2,2010-06-30,2010-07-22,7,Bimbo 02-2 Bond,Senior Debt,750000,10.1500%,NA,May-03-2012,Senior,No,NA,No,No,No,MXN,"filings/capitaliq/Financials/Templated/Capital Structure Details/2010FQ2 filed Jul 22, 2010/SPGlobal_GrupoBimbo,S.A.B.deC.V._CapitalStructureDetails_19-Sep-2026.xlsx",Capital Structure Details,As Reported
2010FQ2,2010-06-30,2010-07-22,8,Credit from National Financial Bank 11/08/2010,Term Loans,14851,3.4300%,NA,Nov-08-2010,Senior,No,NA,No,No,No,NA,"filings/capitaliq/Financials/Templated/Capital Structure Details/2010FQ2 filed Jul 22, 2010/SPGlobal_GrupoBimbo,S.A.B.deC.V._CapitalStructureDetails_19-Sep-2026.xlsx",Capital Structure Details,As Reported
2010FQ2,2010-06-30,2010-07-22,9,Domestic Financial Banking Foreign Trade,Term Loans,283307,5.8200%,NA,Dec-11-2010,Senior,No,NA,No,No,No,MXN,"filings/capitaliq/Financials/Templated/Capital Structure Details/2010FQ2 filed Jul 22, 2010/SPGlobal_GrupoBimbo,S.A.B.deC.V._CapitalStructureDetails_19-Sep-2026.xlsx",Capital Structure Details,As Reported
2010FQ2,2010-06-30,2010-07-22,10,Dynamic Committed Line of Credit USD,Revolving Credit,2531340,0.7000%,LIBOR,Dec-27-2016,Senior,No,NA,No,No,No,USD,"filings/capitaliq/Financials/Templated/Capital Structure Details/2010FQ2 filed Jul 22, 2010/SPGlobal_GrupoBimbo,S.A.B.deC.V._CapitalStructureDetails_19-Sep-2026.xlsx",Capital Structure Details,As Reported
2010FQ2,2010-06-30,2010-07-22,11,International Bonds,Senior Debt,10125360,4.8800%,NA,Jun-30-2020,Senior,No,NA,No,No,No,USD,"filings/capitaliq/Financials/Templated/Capital Structure Details/2010FQ2 filed Jul 22, 2010/SPGlobal_GrupoBimbo,S.A.B.deC.V._CapitalStructureDetails_19-Sep-2026.xlsx",Capital Structure Details,As Reported
2010FQ2,2010-06-30,2010-07-22,12,Local Bonds,Senior Debt,2000000,10.6000%,NA,Jun-06-2016,Senior,No,NA,No,No,No,MXN,"filings/capitaliq/Financials/Templated/Capital Structure Details/2010FQ2 filed Jul 22, 2010/SPGlobal_GrupoBimbo,S.A.B.deC.V._CapitalStructureDetails_19-Sep-2026.xlsx",Capital Structure Details,As Reported
2010FQ2,2010-06-30,2010-07-22,13,Local Bonds,Senior Debt,3117056,6.8300%,NA,Aug-10-2018,Senior,No,NA,No,No,No,MXN,"filings/capitaliq/Financials/Templated/Capital Structure Details/2010FQ2 filed Jul 22, 2010/SPGlobal_GrupoBimbo,S.A.B.deC.V._CapitalStructureDetails_19-Sep-2026.xlsx",Capital Structure Details,As Reported
2010FQ2,2010-06-30,2010-07-22,14,OTHER Bank Credit,Term Loans,821664,0.0000%,NA,Dec-31-2011,Senior,No,NA,No,No,No,NA,"filings/capitaliq/Financials/Templated/Capital Structure Details/2010FQ2 filed Jul 22, 2010/SPGlobal_GrupoBimbo,S.A.B.deC.V._CapitalStructureDetails_19-Sep-2026.xlsx",Capital Structure Details,As Reported
2010FQ2,2010-06-30,2010-07-22,15,Security Investments in Stock-Exchange with Issue Bimbo 09,Senior Debt,5000000,6.3200%,New Benchmark,Jun-15-2014,Senior,No,NA,No,No,No,MXN,"filings/capitaliq/Financials/Templated/Capital Structure Details/2010FQ2 filed Jul 22, 2010/SPGlobal_GrupoBimbo,S.A.B.deC.V._CapitalStructureDetails_19-Sep-2026.xlsx",Capital Structure Details,As Reported
2010FQ2,2010-06-30,2010-07-22,16,Syndicated Bank Loan Section A,Term Loans,4192600,7.6700%,Various Benchmarks,Jan-01-2012,Senior,No,NA,No,No,No,MXN,"filings/capitaliq/Financials/Templated/Capital Structure Details/2010FQ2 filed Jul 22, 2010/SPGlobal_GrupoBimbo,S.A.B.deC.V._CapitalStructureDetails_19-Sep-2026.xlsx",Capital Structure Details,As Reported
2010FQ2,2010-06-30,2010-07-22,17,Syndicated Bank Loan Section A,Term Loans,5939071,3.0000%,Various Benchmarks,Jan-15-2012,Senior,No,NA,No,No,No,USD,"filings/capitaliq/Financials/Templated/Capital Structure Details/2010FQ2 filed Jul 22, 2010/SPGlobal_GrupoBimbo,S.A.B.deC.V._CapitalStructureDetails_19-Sep-2026.xlsx",Capital Structure Details,As Reported
2010FQ2,2010-06-30,2010-07-22,18,SYNDICATED BANK LOAN SECTION B,Term Loans,1832598,5.8450%,NA,Jul-15-2014,Senior,No,NA,No,No,No,MXN,"filings/capitaliq/Financials/Templated/Capital Structure Details/2010FQ2 filed Jul 22, 2010/SPGlobal_GrupoBimbo,S.A.B.deC.V._CapitalStructureDetails_19-Sep-2026.xlsx",Capital Structure Details,As Reported
2010FQ2,2010-06-30,2010-07-22,19,SYNDICATED BANK LOAN SECTION B USD,Term Loans,872167,1.5530%,NA,Jan-15-2014,Senior,No,NA,No,No,No,USD,"filings/capitaliq/Financials/Templated/Capital Structure Details/2010FQ2 filed Jul 22, 2010/SPGlobal_GrupoBimbo,S.A.B.deC.V._CapitalStructureDetails_19-Sep-2026.xlsx",Capital Structure Details,As Reported
2010FQ2,2010-06-30,2010-07-22,20,SYNDICATED BANK LOAN SECTION B USD,Term Loans,872168,1.5530%,NA,Jan-15-2012,Senior,No,NA,No,No,No,USD,"filings/capitaliq/Financials/Templated/Capital Structure Details/2010FQ2 filed Jul 22, 2010/SPGlobal_GrupoBimbo,S.A.B.deC.V._CapitalStructureDetails_19-Sep-2026.xlsx",Capital Structure Details,As Reported
2010FQ3,2010-09-30,2010-10-21,1,5.89% Syndicated Bank Loan Section B,Term Loans,1832598,8.1700%,TIIE,Jul-15-2013,Senior,No,NA,No,No,No,MXN,"filings/capitaliq/Financials/Templated/Capital Structure Details/2010FQ3 filed Oct 21, 2010/SPGlobal_GrupoBimbo,S.A.B.deC.V._CapitalStructureDetails_19-Sep-2026.xlsx",Capital Structure Details,As Reported
2010FQ3,2010-09-30,2010-10-21,2,5.89% Syndicated Bank Loan Section B,Term Loans,1832598,8.1700%,TIIE,Jul-15-2013,Senior,No,NA,No,No,No,MXN,"filings/capitaliq/Financials/Templated/Capital Structure Details/2010FQ3 filed Oct 21, 2010/SPGlobal_GrupoBimbo,S.A.B.deC.V._CapitalStructureDetails_19-Sep-2026.xlsx",Capital Structure Details,As Reported
2010FQ3,2010-09-30,2010-10-21,3,5.89% Syndicated Bank Loan Section B,Term Loans,1832598,5.8450%,NA,Jan-01-2012,Senior,No,NA,No,No,No,MXN,"filings/capitaliq/Financials/Templated/Capital Structure Details/2010FQ3 filed Oct 21, 2010/SPGlobal_GrupoBimbo,S.A.B.deC.V._CapitalStructureDetails_19-Sep-2026.xlsx",Capital Structure Details,As Reported
2010FQ3,2010-09-30,2010-10-21,4,Bimbo 02-2 Bond,Senior Debt,750000,10.1500%,NA,May-03-2012,Senior,No,NA,No,No,No,MXN,"filings/capitaliq/Financials/Templated/Capital Structure Details/2010FQ3 filed Oct 21, 2010/SPGlobal_GrupoBimbo,S.A.B.deC.V._CapitalStructureDetails_19-Sep-2026.xlsx",Capital Structure Details,As Reported
2010FQ3,2010-09-30,2010-10-21,5,Credit from National Financial Bank 11/08/2010,Term Loans,4705,3.4300%,NA,Nov-08-2010,Senior,No,NA,No,No,No,NA,"filings/capitaliq/Financials/Templated/Capital Structure Details/2010FQ3 filed Oct 21, 2010/SPGlobal_GrupoBimbo,S.A.B.deC.V._CapitalStructureDetails_19-Sep-2026.xlsx",Capital Structure Details,As Reported
2010FQ3,2010-09-30,2010-10-21,6,Domestic Financial Banking Foreign Trade,Term Loans,228329,5.8200%,NA,Dec-11-2010,Senior,No,NA,No,No,No,MXN,"filings/capitaliq/Financials/Templated/Capital Structure Details/2010FQ3 filed Oct 21, 2010/SPGlobal_GrupoBimbo,S.A.B.deC.V._CapitalStructureDetails_19-Sep-2026.xlsx",Capital Structure Details,As Reported
2010FQ3,2010-09-30,2010-10-21,7,Dynamic Committed Line of Credit USD,Revolving Credit,0,0.7000%,LIBOR,Dec-27-2016,Senior,No,NA,No,No,No,USD,"filings/capitaliq/Financials/Templated/Capital Structure Details/2010FQ3 filed Oct 21, 2010/SPGlobal_GrupoBimbo,S.A.B.deC.V._CapitalStructureDetails_19-Sep-2026.xlsx",Capital Structure Details,As Reported
2010FQ3,2010-09-30,2010-10-21,8,International Bonds,Senior Debt,10000880,4.8800%,NA,Jun-30-2020,Senior,No,NA,No,No,No,USD,"filings/capitaliq/Financials/Templated/Capital Structure Details/2010FQ3 filed Oct 21, 2010/SPGlobal_GrupoBimbo,S.A.B.deC.V._CapitalStructureDetails_19-Sep-2026.xlsx",Capital Structure Details,As Reported
2010FQ3,2010-09-30,2010-10-21,9,Local Bonds,Senior Debt,2000000,10.6000%,NA,Jun-06-2016,Senior,No,NA,No,No,No,MXN,"filings/capitaliq/Financials/Templated/Capital Structure Details/2010FQ3 filed Oct 21, 2010/SPGlobal_GrupoBimbo,S.A.B.deC.V._CapitalStructureDetails_19-Sep-2026.xlsx",Capital Structure Details,As Reported
2010FQ3,2010-09-30,2010-10-21,10,Local Bonds,Senior Debt,3138239,6.8300%,NA,Aug-10-2018,Senior,No,NA,No,No,No,MXN,"filings/capitaliq/Financials/Templated/Capital Structure Details/2010FQ3 filed Oct 21, 2010/SPGlobal_GrupoBimbo,S.A.B.deC.V._CapitalStructureDetails_19-Sep-2026.xlsx",Capital Structure Details,As Reported
2010FQ3,2010-09-30,2010-10-21,11,OTHER Bank Credit,Term Loans,765093,0.0000%,NA,Dec-31-2011,Senior,No,NA,No,No,No,NA,"filings/capitaliq/Financials/Templated/Capital Structure Details/2010FQ3 filed Oct 21, 2010/SPGlobal_GrupoBimbo,S.A.B.deC.V._CapitalStructureDetails_19-Sep-2026.xlsx",Capital Structure Details,As Reported
2010FQ3,2010-09-30,2010-10-21,12,Security Investments in Stock-Exchange with Issue Bimbo 09,Senior Debt,5000000,6.3200%,New Benchmark,Jun-15-2014,Senior,No,NA,No,No,No,MXN,"filings/capitaliq/Financials/Templated/Capital Structure Details/2010FQ3 filed Oct 21, 2010/SPGlobal_GrupoBimbo,S.A.B.deC.V._CapitalStructureDetails_19-Sep-2026.xlsx",Capital Structure Details,As Reported
2010FQ3,2010-09-30,2010-10-21,13,SYNDICATED BANK LOAN SECTION B,Term Loans,1832598,5.8450%,NA,Jul-15-2014,Senior,No,NA,No,No,No,MXN,"filings/capitaliq/Financials/Templated/Capital Structure Details/2010FQ3 filed Oct 21, 2010/SPGlobal_GrupoBimbo,S.A.B.deC.V._CapitalStructureDetails_19-Sep-2026.xlsx",Capital Structure Details,As Reported
2010FQ3,2010-09-30,2010-10-21,14,Syndicated Bank Loan Section B,Term Loans,861446,3.5600%,Various Benchmarks,Jan-15-2013,Senior,No,NA,No,No,No,USD,"filings/capitaliq/Financials/Templated/Capital Structure Details/2010FQ3 filed Oct 21, 2010/SPGlobal_GrupoBimbo,S.A.B.deC.V._CapitalStructureDetails_19-Sep-2026.xlsx",Capital Structure Details,As Reported
2010FQ3,2010-09-30,2010-10-21,15,Syndicated Bank Loan Section B,Term Loans,861445,3.5600%,Various Benchmarks,Jan-15-2013,Senior,No,NA,No,No,No,USD,"filings/capitaliq/Financials/Templated/Capital Structure Details/2010FQ3 filed Oct 21, 2010/SPGlobal_GrupoBimbo,S.A.B.deC.V._CapitalStructureDetails_19-Sep-2026.xlsx",Capital Structure Details,As Reported
2010FQ3,2010-09-30,2010-10-21,16,SYNDICATED BANK LOAN SECTION B USD,Term Loans,861446,1.5530%,NA,Jan-15-2014,Senior,No,NA,No,No,No,USD,"filings/capitaliq/Financials/Templated/Capital Structure Details/2010FQ3 filed Oct 21, 2010/SPGlobal_GrupoBimbo,S.A.B.deC.V._CapitalStructureDetails_19-Sep-2026.xlsx",Capital Structure Details,As Reported
2010FQ3,2010-09-30,2010-10-21,17,SYNDICATED BANK LOAN SECTION B USD,Term Loans,861446,1.5530%,NA,Jan-15-2012,Senior,No,NA,No,No,No,USD,"filings/capitaliq/Financials/Templated/Capital Structure Details/2010FQ3 filed Oct 21, 2010/SPGlobal_GrupoBimbo,S.A.B.deC.V._CapitalStructureDetails_19-Sep-2026.xlsx",Capital Structure Details,As Reported
2010FY,2010-12-31,2011-03-17,1,Bimbo 02-2 Bond,Senior Debt,750000,10.1500%,NA,May-03-2012,Senior,No,NA,No,No,No,MXN,"filings/capitaliq/Financials/Templated/Capital Structure Details/2010FY filed Mar 17, 2011/SPGlobal_GrupoBimbo,S.A.B.deC.V._CapitalStructureDetails_20-Sep-2026 (7).xlsx",Capital Structure Details,As Reported
2010FY,2010-12-31,2011-03-17,2,Dynamic Committed Line of Credit USD,Revolving Credit,0,0.7000%,LIBOR,Dec-27-2016,Senior,No,NA,No,No,No,USD,"filings/capitaliq/Financials/Templated/Capital Structure Details/2010FY filed Mar 17, 2011/SPGlobal_GrupoBimbo,S.A.B.deC.V._CapitalStructureDetails_20-Sep-2026 (7).xlsx",Capital Structure Details,As Reported
2010FY,2010-12-31,2011-03-17,3,International Bonds,Senior Debt,9886000,4.8800%,NA,Jun-30-2020,Senior,No,NA,No,No,No,USD,"filings/capitaliq/Financials/Templated/Capital Structure Details/2010FY filed Mar 17, 2011/SPGlobal_GrupoBimbo,S.A.B.deC.V._CapitalStructureDetails_20-Sep-2026 (7).xlsx",Capital Structure Details,As Reported
2010FY,2010-12-31,2011-03-17,4,Local Bonds,Senior Debt,2000000,10.6000%,NA,Jun-06-2016,Senior,No,NA,No,No,No,MXN,"filings/capitaliq/Financials/Templated/Capital Structure Details/2010FY filed Mar 17, 2011/SPGlobal_GrupoBimbo,S.A.B.deC.V._CapitalStructureDetails_20-Sep-2026 (7).xlsx",Capital Structure Details,As Reported
2010FY,2010-12-31,2011-03-17,5,Local Bonds,Senior Debt,3197000,6.8300%,NA,Aug-10-2018,Senior,No,NA,No,No,No,MXN,"filings/capitaliq/Financials/Templated/Capital Structure Details/2010FY filed Mar 17, 2011/SPGlobal_GrupoBimbo,S.A.B.deC.V._CapitalStructureDetails_20-Sep-2026 (7).xlsx",Capital Structure Details,As Reported
2010FY,2010-12-31,2011-03-17,6,Long-Term Bank Loan Denominated in Mexican Pesos,Term Loans,7300000,NA,TIIE + 100 bp,Jan 2012,Senior,No,NA,No,No,No,MXN,"filings/capitaliq/Financials/Templated/Capital Structure Details/2010FY filed Mar 17, 2011/SPGlobal_GrupoBimbo,S.A.B.deC.V._CapitalStructureDetails_20-Sep-2026 (7).xlsx",Capital Structure Details,As Reported
2010FY,2010-12-31,2011-03-17,7,Long-Term Bank Loan Denominated in USD,Term Loans,3436000,NA,LIBOR + 125 bp,Jul 2012 - Jan 2014,Senior,No,NA,No,No,No,USD,"filings/capitaliq/Financials/Templated/Capital Structure Details/2010FY filed Mar 17, 2011/SPGlobal_GrupoBimbo,S.A.B.deC.V._CapitalStructureDetails_20-Sep-2026 (7).xlsx",Capital Structure Details,As Reported
2010FY,2010-12-31,2011-03-17,8,Other Direct Loans,Term Loans,1641000,NA,NA,2011 - 2013,Senior,No,NA,No,No,No,MXN,"filings/capitaliq/Financials/Templated/Capital Structure Details/2010FY filed Mar 17, 2011/SPGlobal_GrupoBimbo,S.A.B.deC.V._CapitalStructureDetails_20-Sep-2026 (7).xlsx",Capital Structure Details,As Reported
2010FY,2010-12-31,2011-03-17,9,Security Investments in Stock-Exchange with Issue Bimbo 09,Senior Debt,5000000,6.3200%,New Benchmark,Jun-15-2014,Senior,No,NA,No,No,No,MXN,"filings/capitaliq/Financials/Templated/Capital Structure Details/2010FY filed Mar 17, 2011/SPGlobal_GrupoBimbo,S.A.B.deC.V._CapitalStructureDetails_20-Sep-2026 (7).xlsx",Capital Structure Details,As Reported
2011FQ1,2011-03-31,2011-04-27,1,5.89% Syndicated Bank Loan Section B,Term Loans,1832598,5.8450%,NA,Jan-01-2012,Senior,No,NA,No,No,No,MXN,"filings/capitaliq/Financials/Templated/Capital Structure Details/2011FQ1 filed Apr 27, 2011/SPGlobal_GrupoBimbo,S.A.B.deC.V._CapitalStructureDetails_19-Sep-2026.xlsx",Capital Structure Details,As Reported
2011FQ1,2011-03-31,2011-04-27,2,Bank Credit with NATIONAL FINANCIAL - 06/12/2011 - 5.78%,Term Loans,317768,5.7800%,NA,Jun-12-2011,Senior,No,NA,No,No,No,MXN,"filings/capitaliq/Financials/Templated/Capital Structure Details/2011FQ1 filed Apr 27, 2011/SPGlobal_GrupoBimbo,S.A.B.deC.V._CapitalStructureDetails_19-Sep-2026.xlsx",Capital Structure Details,As Reported
2011FQ1,2011-03-31,2011-04-27,3,Bimbo 02-2 Bond,Senior Debt,750000,10.1500%,NA,May-03-2012,Senior,No,NA,No,No,No,MXN,"filings/capitaliq/Financials/Templated/Capital Structure Details/2011FQ1 filed Apr 27, 2011/SPGlobal_GrupoBimbo,S.A.B.deC.V._CapitalStructureDetails_19-Sep-2026.xlsx",Capital Structure Details,As Reported
2011FQ1,2011-03-31,2011-04-27,4,Credit from National Financial Bank 11/08/2010,Term Loans,4049,3.4300%,NA,Nov-08-2010,Senior,No,NA,No,No,No,NA,"filings/capitaliq/Financials/Templated/Capital Structure Details/2011FQ1 filed Apr 27, 2011/SPGlobal_GrupoBimbo,S.A.B.deC.V._CapitalStructureDetails_19-Sep-2026.xlsx",Capital Structure Details,As Reported
2011FQ1,2011-03-31,2011-04-27,5,Dynamic Committed Line of Credit USD,Revolving Credit,0,0.7000%,LIBOR,Dec-27-2016,Senior,No,NA,No,No,No,USD,"filings/capitaliq/Financials/Templated/Capital Structure Details/2011FQ1 filed Apr 27, 2011/SPGlobal_GrupoBimbo,S.A.B.deC.V._CapitalStructureDetails_19-Sep-2026.xlsx",Capital Structure Details,As Reported
2011FQ1,2011-03-31,2011-04-27,6,International Bonds,Senior Debt,9574240,4.8750%,NA,Jun-30-2020,Senior,No,NA,No,No,No,USD,"filings/capitaliq/Financials/Templated/Capital Structure Details/2011FQ1 filed Apr 27, 2011/SPGlobal_GrupoBimbo,S.A.B.deC.V._CapitalStructureDetails_19-Sep-2026.xlsx",Capital Structure Details,As Reported
2011FQ1,2011-03-31,2011-04-27,7,Local Bonds,Senior Debt,2000000,10.6000%,NA,Jun-06-2016,Senior,No,NA,No,No,No,MXN,"filings/capitaliq/Financials/Templated/Capital Structure Details/2011FQ1 filed Apr 27, 2011/SPGlobal_GrupoBimbo,S.A.B.deC.V._CapitalStructureDetails_19-Sep-2026.xlsx",Capital Structure Details,As Reported
2011FQ1,2011-03-31,2011-04-27,8,Local Bonds,Senior Debt,3241149,6.8300%,NA,Aug-10-2018,Senior,No,NA,No,No,No,MXN,"filings/capitaliq/Financials/Templated/Capital Structure Details/2011FQ1 filed Apr 27, 2011/SPGlobal_GrupoBimbo,S.A.B.deC.V._CapitalStructureDetails_19-Sep-2026.xlsx",Capital Structure Details,As Reported
2011FQ1,2011-03-31,2011-04-27,9,OTHER Bank Credit,Term Loans,1530350,0.0000%,NA,Dec-31-2011,Senior,No,NA,No,No,No,NA,"filings/capitaliq/Financials/Templated/Capital Structure Details/2011FQ1 filed Apr 27, 2011/SPGlobal_GrupoBimbo,S.A.B.deC.V._CapitalStructureDetails_19-Sep-2026.xlsx",Capital Structure Details,As Reported
2011FQ1,2011-03-31,2011-04-27,10,Security Investments in Stock-Exchange with Issue Bimbo 09,Senior Debt,5000000,6.3200%,New Benchmark,Jun-15-2014,Senior,No,NA,No,No,No,MXN,"filings/capitaliq/Financials/Templated/Capital Structure Details/2011FQ1 filed Apr 27, 2011/SPGlobal_GrupoBimbo,S.A.B.deC.V._CapitalStructureDetails_19-Sep-2026.xlsx",Capital Structure Details,As Reported
2011FQ1,2011-03-31,2011-04-27,11,SYNDICATED BANK LOAN SECTION B,Term Loans,1832599,5.8450%,NA,Jul-15-2014,Senior,No,NA,No,No,No,MXN,"filings/capitaliq/Financials/Templated/Capital Structure Details/2011FQ1 filed Apr 27, 2011/SPGlobal_GrupoBimbo,S.A.B.deC.V._CapitalStructureDetails_19-Sep-2026.xlsx",Capital Structure Details,As Reported
2011FQ1,2011-03-31,2011-04-27,12,SYNDICATED BANK LOAN SECTION B,Term Loans,1832598,5.8450%,NA,Jul-15-2013,Senior,No,NA,No,No,No,MXN,"filings/capitaliq/Financials/Templated/Capital Structure Details/2011FQ1 filed Apr 27, 2011/SPGlobal_GrupoBimbo,S.A.B.deC.V._CapitalStructureDetails_19-Sep-2026.xlsx",Capital Structure Details,As Reported
2011FQ1,2011-03-31,2011-04-27,13,SYNDICATED BANK LOAN SECTION B,Term Loans,1832598,5.8450%,NA,Jul-15-2013,Senior,No,NA,No,No,No,MXN,"filings/capitaliq/Financials/Templated/Capital Structure Details/2011FQ1 filed Apr 27, 2011/SPGlobal_GrupoBimbo,S.A.B.deC.V._CapitalStructureDetails_19-Sep-2026.xlsx",Capital Structure Details,As Reported
2011FQ1,2011-03-31,2011-04-27,14,SYNDICATED BANK LOAN SECTION B USD,Term Loans,824696,1.5530%,NA,Jan-15-2014,Senior,No,NA,No,No,No,USD,"filings/capitaliq/Financials/Templated/Capital Structure Details/2011FQ1 filed Apr 27, 2011/SPGlobal_GrupoBimbo,S.A.B.deC.V._CapitalStructureDetails_19-Sep-2026.xlsx",Capital Structure Details,As Reported
2011FQ1,2011-03-31,2011-04-27,15,SYNDICATED BANK LOAN SECTION B USD,Term Loans,824696,1.5530%,NA,Jan-15-2012,Senior,No,NA,No,No,No,USD,"filings/capitaliq/Financials/Templated/Capital Structure Details/2011FQ1 filed Apr 27, 2011/SPGlobal_GrupoBimbo,S.A.B.deC.V._CapitalStructureDetails_19-Sep-2026.xlsx",Capital Structure Details,As Reported
2011FQ1,2011-03-31,2011-04-27,16,SYNDICATED BANK LOAN SECTION B USD,Term Loans,824696,1.5530%,NA,Jan-15-2013,Senior,No,NA,No,No,No,USD,"filings/capitaliq/Financials/Templated/Capital Structure Details/2011FQ1 filed Apr 27, 2011/SPGlobal_GrupoBimbo,S.A.B.deC.V._CapitalStructureDetails_19-Sep-2026.xlsx",Capital Structure Details,As Reported
2011FQ1,2011-03-31,2011-04-27,17,SYNDICATED YIELD SECTION B USD,Term Loans,824696,1.5530%,NA,Jan-15-2013,Senior,No,NA,No,No,No,USD,"filings/capitaliq/Financials/Templated/Capital Structure Details/2011FQ1 filed Apr 27, 2011/SPGlobal_GrupoBimbo,S.A.B.deC.V._CapitalStructureDetails_19-Sep-2026.xlsx",Capital Structure Details,As Reported
2011FQ2,2011-06-30,2011-07-22,1,Bank Credit January 2014,Term Loans,0,NA,NA,Jan 2014,Senior,No,NA,No,No,No,NA,"filings/capitaliq/Financials/Templated/Capital Structure Details/2011FQ2 filed Jul 22, 2011/SPGlobal_GrupoBimbo,S.A.B.deC.V._CapitalStructureDetails_19-Sep-2026.xlsx",Capital Structure Details,As Reported
2011FQ2,2011-06-30,2011-07-22,2,"Bank Loan, 6.59%, 8/29/2011",Term Loans,299436,6.5900%,NA,Aug-29-2011,Senior,No,NA,No,No,No,MXN,"filings/capitaliq/Financials/Templated/Capital Structure Details/2011FQ2 filed Jul 22, 2011/SPGlobal_GrupoBimbo,S.A.B.deC.V._CapitalStructureDetails_19-Sep-2026.xlsx",Capital Structure Details,As Reported
2011FQ2,2011-06-30,2011-07-22,3,Bimbo 02-2 Bond,Senior Debt,750000,10.1500%,NA,May-03-2012,Senior,No,NA,No,No,No,MXN,"filings/capitaliq/Financials/Templated/Capital Structure Details/2011FQ2 filed Jul 22, 2011/SPGlobal_GrupoBimbo,S.A.B.deC.V._CapitalStructureDetails_19-Sep-2026.xlsx",Capital Structure Details,As Reported
2011FQ2,2011-06-30,2011-07-22,4,Credit from National Financial Bank 11/08/2010,Term Loans,5359,3.4300%,NA,Nov-08-2010,Senior,No,NA,No,No,No,NA,"filings/capitaliq/Financials/Templated/Capital Structure Details/2011FQ2 filed Jul 22, 2011/SPGlobal_GrupoBimbo,S.A.B.deC.V._CapitalStructureDetails_19-Sep-2026.xlsx",Capital Structure Details,As Reported
2011FQ2,2011-06-30,2011-07-22,5,Credit from Other Bank 12/31/2011,Term Loans,945217,0.0000%,NA,Dec-31-2011,Senior,No,NA,No,No,No,NA,"filings/capitaliq/Financials/Templated/Capital Structure Details/2011FQ2 filed Jul 22, 2011/SPGlobal_GrupoBimbo,S.A.B.deC.V._CapitalStructureDetails_19-Sep-2026.xlsx",Capital Structure Details,As Reported
2011FQ2,2011-06-30,2011-07-22,6,Dynamic Committed Line of Credit USD,Revolving Credit,0,0.7000%,LIBOR,Dec-27-2016,Senior,No,NA,No,No,No,USD,"filings/capitaliq/Financials/Templated/Capital Structure Details/2011FQ2 filed Jul 22, 2011/SPGlobal_GrupoBimbo,S.A.B.deC.V._CapitalStructureDetails_19-Sep-2026.xlsx",Capital Structure Details,As Reported
2011FQ2,2011-06-30,2011-07-22,7,International Bonds,Senior Debt,9471120,4.8800%,NA,Jun-30-2020,Senior,No,NA,No,No,No,USD,"filings/capitaliq/Financials/Templated/Capital Structure Details/2011FQ2 filed Jul 22, 2011/SPGlobal_GrupoBimbo,S.A.B.deC.V._CapitalStructureDetails_19-Sep-2026.xlsx",Capital Structure Details,As Reported
2011FQ2,2011-06-30,2011-07-22,8,Local Bonds,Senior Debt,3216836,10.6000%,NA,Jun-06-2016,Senior,No,NA,No,No,No,MXN,"filings/capitaliq/Financials/Templated/Capital Structure Details/2011FQ2 filed Jul 22, 2011/SPGlobal_GrupoBimbo,S.A.B.deC.V._CapitalStructureDetails_19-Sep-2026.xlsx",Capital Structure Details,As Reported
2011FQ2,2011-06-30,2011-07-22,9,Local Bonds,Senior Debt,2000000,6.8300%,NA,Aug-10-2018,Senior,No,NA,No,No,No,MXN,"filings/capitaliq/Financials/Templated/Capital Structure Details/2011FQ2 filed Jul 22, 2011/SPGlobal_GrupoBimbo,S.A.B.deC.V._CapitalStructureDetails_19-Sep-2026.xlsx",Capital Structure Details,As Reported
2011FQ2,2011-06-30,2011-07-22,10,Revolving Credit Lines,Revolving Credit,0,NA,LIBOR + 125 bp,Dec-27-2016,Senior,Yes,Tangible Asset,No,No,No,USD,"filings/capitaliq/Financials/Templated/Capital Structure Details/2011FQ2 filed Jul 22, 2011/SPGlobal_GrupoBimbo,S.A.B.deC.V._CapitalStructureDetails_19-Sep-2026.xlsx",Capital Structure Details,As Reported
2011FQ2,2011-06-30,2011-07-22,11,Security Investments in Stock-Exchange with Issue Bimbo 09,Senior Debt,5000000,6.3200%,New Benchmark,Jun-15-2014,Senior,No,NA,No,No,No,MXN,"filings/capitaliq/Financials/Templated/Capital Structure Details/2011FQ2 filed Jul 22, 2011/SPGlobal_GrupoBimbo,S.A.B.deC.V._CapitalStructureDetails_19-Sep-2026.xlsx",Capital Structure Details,As Reported
2011FQ2,2011-06-30,2011-07-22,12,Syndicated Bank Loan,Term Loans,15390570,NA,NA,Apr-15-2016,Senior,No,NA,No,No,No,USD,"filings/capitaliq/Financials/Templated/Capital Structure Details/2011FQ2 filed Jul 22, 2011/SPGlobal_GrupoBimbo,S.A.B.deC.V._CapitalStructureDetails_19-Sep-2026.xlsx",Capital Structure Details,As Reported
2011FQ3,2011-09-30,2011-10-28,1,Bank Credit January 2014,Term Loans,0,NA,NA,Jan 2014,Senior,No,NA,No,No,No,NA,"filings/capitaliq/Financials/Templated/Capital Structure Details/2011FQ3 filed Oct 28, 2011/SPGlobal_GrupoBimbo,S.A.B.deC.V._CapitalStructureDetails_19-Sep-2026.xlsx",Capital Structure Details,As Reported
2011FQ3,2011-09-30,2011-10-28,2,Bimbo 02-2 Bond,Senior Debt,750000,10.1500%,NA,May-03-2012,Senior,No,NA,No,No,No,MXN,"filings/capitaliq/Financials/Templated/Capital Structure Details/2011FQ3 filed Oct 28, 2011/SPGlobal_GrupoBimbo,S.A.B.deC.V._CapitalStructureDetails_19-Sep-2026.xlsx",Capital Structure Details,As Reported
2011FQ3,2011-09-30,2011-10-28,3,Credit from National Financial Bank 11/08/2010,Term Loans,7709,3.4300%,NA,Nov-08-2010,Senior,No,NA,No,No,No,NA,"filings/capitaliq/Financials/Templated/Capital Structure Details/2011FQ3 filed Oct 28, 2011/SPGlobal_GrupoBimbo,S.A.B.deC.V._CapitalStructureDetails_19-Sep-2026.xlsx",Capital Structure Details,As Reported
2011FQ3,2011-09-30,2011-10-28,4,Credit from Other Bank 12/31/2011,Term Loans,1117260,0.0000%,NA,Dec-31-2011,Senior,No,NA,No,No,No,NA,"filings/capitaliq/Financials/Templated/Capital Structure Details/2011FQ3 filed Oct 28, 2011/SPGlobal_GrupoBimbo,S.A.B.deC.V._CapitalStructureDetails_19-Sep-2026.xlsx",Capital Structure Details,As Reported
2011FQ3,2011-09-30,2011-10-28,5,International Bonds,Senior Debt,10737360,4.8800%,NA,Jun-30-2020,Senior,No,NA,No,No,No,USD,"filings/capitaliq/Financials/Templated/Capital Structure Details/2011FQ3 filed Oct 28, 2011/SPGlobal_GrupoBimbo,S.A.B.deC.V._CapitalStructureDetails_19-Sep-2026.xlsx",Capital Structure Details,As Reported
2011FQ3,2011-09-30,2011-10-28,6,Local Bonds,Senior Debt,2000000,10.6000%,NA,Jun-06-2016,Senior,No,NA,No,No,No,MXN,"filings/capitaliq/Financials/Templated/Capital Structure Details/2011FQ3 filed Oct 28, 2011/SPGlobal_GrupoBimbo,S.A.B.deC.V._CapitalStructureDetails_19-Sep-2026.xlsx",Capital Structure Details,As Reported
2011FQ3,2011-09-30,2011-10-28,7,Local Bonds,Senior Debt,3241618,6.8300%,NA,Aug-10-2018,Senior,No,NA,No,No,No,MXN,"filings/capitaliq/Financials/Templated/Capital Structure Details/2011FQ3 filed Oct 28, 2011/SPGlobal_GrupoBimbo,S.A.B.deC.V._CapitalStructureDetails_19-Sep-2026.xlsx",Capital Structure Details,As Reported
2011FQ3,2011-09-30,2011-10-28,8,"National Financial Loan with Bank, 6.05%",Term Loans,321316,6.0500%,NA,Oct-31-2012,Senior,No,NA,No,No,No,MXN,"filings/capitaliq/Financials/Templated/Capital Structure Details/2011FQ3 filed Oct 28, 2011/SPGlobal_GrupoBimbo,S.A.B.deC.V._CapitalStructureDetails_19-Sep-2026.xlsx",Capital Structure Details,As Reported
2011FQ3,2011-09-30,2011-10-28,9,Revolving Credit Lines,Revolving Credit,0,NA,LIBOR + 125 bp,Dec-27-2016,Senior,Yes,Tangible Asset,No,No,No,USD,"filings/capitaliq/Financials/Templated/Capital Structure Details/2011FQ3 filed Oct 28, 2011/SPGlobal_GrupoBimbo,S.A.B.deC.V._CapitalStructureDetails_19-Sep-2026.xlsx",Capital Structure Details,As Reported
2011FQ3,2011-09-30,2011-10-28,10,Security Investments in Stock-Exchange with Issue Bimbo 09,Senior Debt,5000000,6.3200%,New Benchmark,Jun-15-2014,Senior,No,NA,No,No,No,MXN,"filings/capitaliq/Financials/Templated/Capital Structure Details/2011FQ3 filed Oct 28, 2011/SPGlobal_GrupoBimbo,S.A.B.deC.V._CapitalStructureDetails_19-Sep-2026.xlsx",Capital Structure Details,As Reported
2011FQ3,2011-09-30,2011-10-28,11,Syndicated Bank Loan,Term Loans,17448210,NA,NA,Apr-15-2016,Senior,No,NA,No,No,No,USD,"filings/capitaliq/Financials/Templated/Capital Structure Details/2011FQ3 filed Oct 28, 2011/SPGlobal_GrupoBimbo,S.A.B.deC.V._CapitalStructureDetails_19-Sep-2026.xlsx",Capital Structure Details,As Reported
2011FY,2011-12-31,2012-04-27,1,Bank Credit,Term Loans,1178000,NA,EURIBOR + 100 bp,Jul-17-2014,Senior,No,NA,No,No,No,EUR,"filings/capitaliq/Financials/Templated/Capital Structure Details/2011FY filed Apr 27, 2012/SPGlobal_GrupoBimbo,S.A.B.deC.V._CapitalStructureDetails_20-Sep-2026 (8).xlsx",Capital Structure Details,As Reported
2011FY,2011-12-31,2012-04-27,2,Bimbo 02-2 Bond,Senior Debt,750000,10.1500%,NA,May-03-2012,Senior,No,NA,No,No,No,MXN,"filings/capitaliq/Financials/Templated/Capital Structure Details/2011FY filed Apr 27, 2012/SPGlobal_GrupoBimbo,S.A.B.deC.V._CapitalStructureDetails_20-Sep-2026 (8).xlsx",Capital Structure Details,As Reported
2011FY,2011-12-31,2012-04-27,3,Direct Borrowings for Working Capital,Revolving Credit,1249000,NA,NA,2011 - 2013,Senior,No,NA,No,No,No,MXN,"filings/capitaliq/Financials/Templated/Capital Structure Details/2011FY filed Apr 27, 2012/SPGlobal_GrupoBimbo,S.A.B.deC.V._CapitalStructureDetails_20-Sep-2026 (8).xlsx",Capital Structure Details,As Reported
2011FY,2011-12-31,2012-04-27,4,International Bonds,Senior Debt,11183000,4.8800%,NA,Jun-30-2020,Senior,No,NA,No,No,No,USD,"filings/capitaliq/Financials/Templated/Capital Structure Details/2011FY filed Apr 27, 2012/SPGlobal_GrupoBimbo,S.A.B.deC.V._CapitalStructureDetails_20-Sep-2026 (8).xlsx",Capital Structure Details,As Reported
2011FY,2011-12-31,2012-04-27,5,Local Bonds,Senior Debt,2000000,10.6000%,NA,Jun-06-2016,Senior,No,NA,No,No,No,MXN,"filings/capitaliq/Financials/Templated/Capital Structure Details/2011FY filed Apr 27, 2012/SPGlobal_GrupoBimbo,S.A.B.deC.V._CapitalStructureDetails_20-Sep-2026 (8).xlsx",Capital Structure Details,As Reported
2011FY,2011-12-31,2012-04-27,6,Local Bonds,Senior Debt,3313000,6.8300%,NA,Aug-10-2018,Senior,No,NA,No,No,No,MXN,"filings/capitaliq/Financials/Templated/Capital Structure Details/2011FY filed Apr 27, 2012/SPGlobal_GrupoBimbo,S.A.B.deC.V._CapitalStructureDetails_20-Sep-2026 (8).xlsx",Capital Structure Details,As Reported
2011FY,2011-12-31,2012-04-27,7,Revolving Credit,Revolving Credit,0,NA,LIBOR + 90 bp,Nov-28-2014,Senior,No,NA,No,No,No,USD,"filings/capitaliq/Financials/Templated/Capital Structure Details/2011FY filed Apr 27, 2012/SPGlobal_GrupoBimbo,S.A.B.deC.V._CapitalStructureDetails_20-Sep-2026 (8).xlsx",Capital Structure Details,As Reported
2011FY,2011-12-31,2012-04-27,8,Revolving Credit Lines,Revolving Credit,1258000,NA,LIBOR + 125 bp,Dec-27-2016,Senior,Yes,Tangible Asset,No,No,No,USD,"filings/capitaliq/Financials/Templated/Capital Structure Details/2011FY filed Apr 27, 2012/SPGlobal_GrupoBimbo,S.A.B.deC.V._CapitalStructureDetails_20-Sep-2026 (8).xlsx",Capital Structure Details,As Reported
2011FY,2011-12-31,2012-04-27,9,Revolving Line of Credit,Revolving Credit,2100000,NA,TIIE + 250 bp,Apr-27-2012,Senior,No,NA,No,No,No,MXN,"filings/capitaliq/Financials/Templated/Capital Structure Details/2011FY filed Apr 27, 2012/SPGlobal_GrupoBimbo,S.A.B.deC.V._CapitalStructureDetails_20-Sep-2026 (8).xlsx",Capital Structure Details,As Reported
2011FY,2011-12-31,2012-04-27,10,Security Investments in Stock-Exchange with Issue Bimbo 09,Senior Debt,5000000,6.3200%,New Benchmark,Jun-15-2014,Senior,No,NA,No,No,No,MXN,"filings/capitaliq/Financials/Templated/Capital Structure Details/2011FY filed Apr 27, 2012/SPGlobal_GrupoBimbo,S.A.B.deC.V._CapitalStructureDetails_20-Sep-2026 (8).xlsx",Capital Structure Details,As Reported
2011FY,2011-12-31,2012-04-27,11,Syndicated Bank Credit 2009,Term Loans,0,NA,NA,Jan 2012 - Jan 2014,Senior,Yes,Tangible Asset,No,No,No,USD,"filings/capitaliq/Financials/Templated/Capital Structure Details/2011FY filed Apr 27, 2012/SPGlobal_GrupoBimbo,S.A.B.deC.V._CapitalStructureDetails_20-Sep-2026 (8).xlsx",Capital Structure Details,As Reported
2011FY,2011-12-31,2012-04-27,12,Syndicated Bank Loan,Term Loans,18172000,NA,LIBOR + 110 bp,Apr-20-2016,Senior,No,NA,No,No,No,USD,"filings/capitaliq/Financials/Templated/Capital Structure Details/2011FY filed Apr 27, 2012/SPGlobal_GrupoBimbo,S.A.B.deC.V._CapitalStructureDetails_20-Sep-2026 (8).xlsx",Capital Structure Details,As Reported
2012FQ1,2012-03-31,2012-04-27,1,Bimbo 02-2 Bond,Senior Debt,750000,10.1500%,NA,May-03-2012,Senior,No,NA,No,No,No,MXN,"filings/capitaliq/Financials/Templated/Capital Structure Details/2012FQ1 filed Apr 27, 2012/SPGlobal_GrupoBimbo,S.A.B.deC.V._CapitalStructureDetails_19-Sep-2026.xlsx",Capital Structure Details,As Reported
2012FQ1,2012-03-31,2012-04-27,2,"Credito Euros Loan with Bank, 1.12%",Term Loans,1114380,NA,EURIBOR + 112.00 bp,Oct-27-2014,Senior,No,NA,No,No,No,EUR,"filings/capitaliq/Financials/Templated/Capital Structure Details/2012FQ1 filed Apr 27, 2012/SPGlobal_GrupoBimbo,S.A.B.deC.V._CapitalStructureDetails_19-Sep-2026.xlsx",Capital Structure Details,As Reported
2012FQ1,2012-03-31,2012-04-27,3,International Bonds,Senior Debt,10279120,4.8750%,NA,Jun-30-2020,Senior,No,NA,No,No,No,USD,"filings/capitaliq/Financials/Templated/Capital Structure Details/2012FQ1 filed Apr 27, 2012/SPGlobal_GrupoBimbo,S.A.B.deC.V._CapitalStructureDetails_19-Sep-2026.xlsx",Capital Structure Details,As Reported
2012FQ1,2012-03-31,2012-04-27,4,International Bonds,Senior Debt,10279120,4.5000%,NA,Jan-25-2022,Senior,No,NA,No,No,No,USD,"filings/capitaliq/Financials/Templated/Capital Structure Details/2012FQ1 filed Apr 27, 2012/SPGlobal_GrupoBimbo,S.A.B.deC.V._CapitalStructureDetails_19-Sep-2026.xlsx",Capital Structure Details,As Reported
2012FQ1,2012-03-31,2012-04-27,5,Local Bonds,Senior Debt,2000000,10.6000%,NA,Jun-06-2016,Senior,No,NA,No,No,No,MXN,"filings/capitaliq/Financials/Templated/Capital Structure Details/2012FQ1 filed Apr 27, 2012/SPGlobal_GrupoBimbo,S.A.B.deC.V._CapitalStructureDetails_19-Sep-2026.xlsx",Capital Structure Details,As Reported
2012FQ1,2012-03-31,2012-04-27,6,Local Bonds,Senior Debt,3361846,6.8300%,NA,Aug-10-2018,Senior,No,NA,No,No,No,MXN,"filings/capitaliq/Financials/Templated/Capital Structure Details/2012FQ1 filed Apr 27, 2012/SPGlobal_GrupoBimbo,S.A.B.deC.V._CapitalStructureDetails_19-Sep-2026.xlsx",Capital Structure Details,As Reported
2012FQ1,2012-03-31,2012-04-27,7,"National Financial Loan with Bank, 2.74%",Term Loans,9719,2.7400%,NA,Oct-08-2012,Senior,No,NA,No,No,No,NA,"filings/capitaliq/Financials/Templated/Capital Structure Details/2012FQ1 filed Apr 27, 2012/SPGlobal_GrupoBimbo,S.A.B.deC.V._CapitalStructureDetails_19-Sep-2026.xlsx",Capital Structure Details,As Reported
2012FQ1,2012-03-31,2012-04-27,8,"National Financial Loan with Bank, 6.05%",Term Loans,328721,6.0500%,NA,Oct-31-2012,Senior,No,NA,No,No,No,MXN,"filings/capitaliq/Financials/Templated/Capital Structure Details/2012FQ1 filed Apr 27, 2012/SPGlobal_GrupoBimbo,S.A.B.deC.V._CapitalStructureDetails_19-Sep-2026.xlsx",Capital Structure Details,As Reported
2012FQ1,2012-03-31,2012-04-27,9,Security Investments in Stock-Exchange with Issue Bimbo 09,Senior Debt,5000000,6.3200%,New Benchmark,Jun-15-2014,Senior,No,NA,No,No,No,MXN,"filings/capitaliq/Financials/Templated/Capital Structure Details/2012FQ1 filed Apr 27, 2012/SPGlobal_GrupoBimbo,S.A.B.deC.V._CapitalStructureDetails_19-Sep-2026.xlsx",Capital Structure Details,As Reported
2012FQ1,2012-03-31,2012-04-27,10,Security Investments in Stock-Exchange with Issue Bimbo 12,Senior Debt,5000000,6.8300%,NA,Aug-03-2018,Senior,No,NA,No,No,No,MXN,"filings/capitaliq/Financials/Templated/Capital Structure Details/2012FQ1 filed Apr 27, 2012/SPGlobal_GrupoBimbo,S.A.B.deC.V._CapitalStructureDetails_19-Sep-2026.xlsx",Capital Structure Details,As Reported
2012FQ1,2012-03-31,2012-04-27,11,Syndicated Bank Loan,Term Loans,2544082,NA,NA + 131.00 bp,Apr-15-2016,Senior,No,NA,No,No,No,USD,"filings/capitaliq/Financials/Templated/Capital Structure Details/2012FQ1 filed Apr 27, 2012/SPGlobal_GrupoBimbo,S.A.B.deC.V._CapitalStructureDetails_19-Sep-2026.xlsx",Capital Structure Details,As Reported
2012FQ1,2012-03-31,2012-04-27,12,Various Loan with Bank,Term Loans,2138533,NA,NA,Oct-30-2012,Senior,No,NA,No,No,No,NA,"filings/capitaliq/Financials/Templated/Capital Structure Details/2012FQ1 filed Apr 27, 2012/SPGlobal_GrupoBimbo,S.A.B.deC.V._CapitalStructureDetails_19-Sep-2026.xlsx",Capital Structure Details,As Reported
2012FQ2,2012-06-30,2012-07-26,1,"Credito Euros Loan with Bank, 1.12%",Term Loans,1124129,NA,EURIBOR + 112 bp,Oct-27-2014,Senior,No,NA,No,No,No,EUR,"filings/capitaliq/Financials/Templated/Capital Structure Details/2012FQ2 filed Jul 26, 2012/SPGlobal_GrupoBimbo,S.A.B.deC.V._CapitalStructureDetails_19-Sep-2026 (1).xlsx",Capital Structure Details,As Reported
2012FQ2,2012-06-30,2012-07-26,2,International Bonds,Senior Debt,10922400,4.8800%,NA,Jun-30-2020,Senior,No,NA,No,No,No,USD,"filings/capitaliq/Financials/Templated/Capital Structure Details/2012FQ2 filed Jul 26, 2012/SPGlobal_GrupoBimbo,S.A.B.deC.V._CapitalStructureDetails_19-Sep-2026 (1).xlsx",Capital Structure Details,As Reported
2012FQ2,2012-06-30,2012-07-26,3,International Bonds,Senior Debt,10922400,4.5000%,NA,Jan-25-2022,Senior,No,NA,No,No,No,USD,"filings/capitaliq/Financials/Templated/Capital Structure Details/2012FQ2 filed Jul 26, 2012/SPGlobal_GrupoBimbo,S.A.B.deC.V._CapitalStructureDetails_19-Sep-2026 (1).xlsx",Capital Structure Details,As Reported
2012FQ2,2012-06-30,2012-07-26,4,Local Bonds,Senior Debt,2000000,10.6000%,NA,Jun-06-2016,Senior,No,NA,No,No,No,MXN,"filings/capitaliq/Financials/Templated/Capital Structure Details/2012FQ2 filed Jul 26, 2012/SPGlobal_GrupoBimbo,S.A.B.deC.V._CapitalStructureDetails_19-Sep-2026 (1).xlsx",Capital Structure Details,As Reported
2012FQ2,2012-06-30,2012-07-26,5,Local Bonds,Senior Debt,3348618,6.8300%,NA,Aug-10-2018,Senior,No,NA,No,No,No,MXN,"filings/capitaliq/Financials/Templated/Capital Structure Details/2012FQ2 filed Jul 26, 2012/SPGlobal_GrupoBimbo,S.A.B.deC.V._CapitalStructureDetails_19-Sep-2026 (1).xlsx",Capital Structure Details,As Reported
2012FQ2,2012-06-30,2012-07-26,6,"National Financial Loan with Bank, 2.74%",Term Loans,11517,2.7400%,NA,Oct-08-2012,Senior,No,NA,No,No,No,NA,"filings/capitaliq/Financials/Templated/Capital Structure Details/2012FQ2 filed Jul 26, 2012/SPGlobal_GrupoBimbo,S.A.B.deC.V._CapitalStructureDetails_19-Sep-2026 (1).xlsx",Capital Structure Details,As Reported
2012FQ2,2012-06-30,2012-07-26,7,"National Financial Loan with Bank, 6.05%",Term Loans,365498,6.0500%,NA,Oct-31-2012,Senior,No,NA,No,No,No,MXN,"filings/capitaliq/Financials/Templated/Capital Structure Details/2012FQ2 filed Jul 26, 2012/SPGlobal_GrupoBimbo,S.A.B.deC.V._CapitalStructureDetails_19-Sep-2026 (1).xlsx",Capital Structure Details,As Reported
2012FQ2,2012-06-30,2012-07-26,8,Revolving Credit,Revolving Credit,0,NA,LIBOR + 90 bp,Nov-28-2014,Senior,No,NA,No,No,No,USD,"filings/capitaliq/Financials/Templated/Capital Structure Details/2012FQ2 filed Jul 26, 2012/SPGlobal_GrupoBimbo,S.A.B.deC.V._CapitalStructureDetails_19-Sep-2026 (1).xlsx",Capital Structure Details,As Reported
2012FQ2,2012-06-30,2012-07-26,9,Revolving Credit Lines,Revolving Credit,0,NA,LIBOR + 125 bp,Dec-27-2016,Senior,Yes,Tangible Asset,No,No,No,USD,"filings/capitaliq/Financials/Templated/Capital Structure Details/2012FQ2 filed Jul 26, 2012/SPGlobal_GrupoBimbo,S.A.B.deC.V._CapitalStructureDetails_19-Sep-2026 (1).xlsx",Capital Structure Details,As Reported
2012FQ2,2012-06-30,2012-07-26,10,Revolving Line of Credit,Revolving Credit,0,NA,TIIE + 250 bp,Apr-27-2012,Senior,No,NA,No,No,No,MXN,"filings/capitaliq/Financials/Templated/Capital Structure Details/2012FQ2 filed Jul 26, 2012/SPGlobal_GrupoBimbo,S.A.B.deC.V._CapitalStructureDetails_19-Sep-2026 (1).xlsx",Capital Structure Details,As Reported
2012FQ2,2012-06-30,2012-07-26,11,Security Investments in Stock-Exchange with Issue Bimbo 09,Senior Debt,5000000,6.3200%,New Benchmark,Jun-15-2014,Senior,No,NA,No,No,No,MXN,"filings/capitaliq/Financials/Templated/Capital Structure Details/2012FQ2 filed Jul 26, 2012/SPGlobal_GrupoBimbo,S.A.B.deC.V._CapitalStructureDetails_19-Sep-2026 (1).xlsx",Capital Structure Details,As Reported
2012FQ2,2012-06-30,2012-07-26,12,Security Investments in Stock-Exchange with Issue Bimbo 12,Senior Debt,5000000,6.8300%,NA,Aug-03-2018,Senior,No,NA,No,No,No,MXN,"filings/capitaliq/Financials/Templated/Capital Structure Details/2012FQ2 filed Jul 26, 2012/SPGlobal_GrupoBimbo,S.A.B.deC.V._CapitalStructureDetails_19-Sep-2026 (1).xlsx",Capital Structure Details,As Reported
2012FQ2,2012-06-30,2012-07-26,13,Syndicated Bank Loan,Term Loans,2703294,NA,NA,Apr-15-2016,Senior,No,NA,No,No,No,USD,"filings/capitaliq/Financials/Templated/Capital Structure Details/2012FQ2 filed Jul 26, 2012/SPGlobal_GrupoBimbo,S.A.B.deC.V._CapitalStructureDetails_19-Sep-2026 (1).xlsx",Capital Structure Details,As Reported
2012FQ2,2012-06-30,2012-07-26,14,Various Loan with Bank,Term Loans,2170373,NA,NA,Oct-30-2012,Senior,No,NA,No,No,No,NA,"filings/capitaliq/Financials/Templated/Capital Structure Details/2012FQ2 filed Jul 26, 2012/SPGlobal_GrupoBimbo,S.A.B.deC.V._CapitalStructureDetails_19-Sep-2026 (1).xlsx",Capital Structure Details,As Reported
2012FQ3,2012-09-30,2012-10-30,1,Bimbo 09 - Bond,Senior Debt,5000000,NA,New Benchmark + 155 bp,Jun-09-2014,Senior,No,NA,No,No,No,MXN,"filings/capitaliq/Financials/Templated/Capital Structure Details/2012FQ3 filed Oct 30, 2012/SPGlobal_GrupoBimbo,S.A.B.deC.V._CapitalStructureDetails_19-Sep-2026 (2).xlsx",Capital Structure Details,As Reported
2012FQ3,2012-09-30,2012-10-30,2,"Credito Euros Loan with Bank, 1.12%",Term Loans,1074307,NA,EURIBOR + 112 bp,Oct-27-2014,Senior,No,NA,No,No,No,EUR,"filings/capitaliq/Financials/Templated/Capital Structure Details/2012FQ3 filed Oct 30, 2012/SPGlobal_GrupoBimbo,S.A.B.deC.V._CapitalStructureDetails_19-Sep-2026 (2).xlsx",Capital Structure Details,As Reported
2012FQ3,2012-09-30,2012-10-30,3,International Bonds,Senior Debt,10281680,4.8800%,NA,Jun-30-2020,Senior,No,NA,No,No,No,USD,"filings/capitaliq/Financials/Templated/Capital Structure Details/2012FQ3 filed Oct 30, 2012/SPGlobal_GrupoBimbo,S.A.B.deC.V._CapitalStructureDetails_19-Sep-2026 (2).xlsx",Capital Structure Details,As Reported
2012FQ3,2012-09-30,2012-10-30,4,International Bonds,Senior Debt,10281680,4.5000%,NA,Jan-25-2022,Senior,No,NA,No,No,No,USD,"filings/capitaliq/Financials/Templated/Capital Structure Details/2012FQ3 filed Oct 30, 2012/SPGlobal_GrupoBimbo,S.A.B.deC.V._CapitalStructureDetails_19-Sep-2026 (2).xlsx",Capital Structure Details,As Reported
2012FQ3,2012-09-30,2012-10-30,5,Local Bonds,Senior Debt,3394079,6.0500%,NA,Jun-06-2016,Senior,No,NA,No,No,No,MXN,"filings/capitaliq/Financials/Templated/Capital Structure Details/2012FQ3 filed Oct 30, 2012/SPGlobal_GrupoBimbo,S.A.B.deC.V._CapitalStructureDetails_19-Sep-2026 (2).xlsx",Capital Structure Details,As Reported
2012FQ3,2012-09-30,2012-10-30,6,Local Bonds,Senior Debt,2000000,10.6000%,NA,Jun-06-2016,Senior,No,NA,No,No,No,MXN,"filings/capitaliq/Financials/Templated/Capital Structure Details/2012FQ3 filed Oct 30, 2012/SPGlobal_GrupoBimbo,S.A.B.deC.V._CapitalStructureDetails_19-Sep-2026 (2).xlsx",Capital Structure Details,As Reported
2012FQ3,2012-09-30,2012-10-30,7,Local Bonds,Senior Debt,5000000,6.8300%,NA,Aug-10-2018,Senior,No,NA,No,No,No,MXN,"filings/capitaliq/Financials/Templated/Capital Structure Details/2012FQ3 filed Oct 30, 2012/SPGlobal_GrupoBimbo,S.A.B.deC.V._CapitalStructureDetails_19-Sep-2026 (2).xlsx",Capital Structure Details,As Reported
2012FQ3,2012-09-30,2012-10-30,8,"National Financial Loan with Bank, 2.74%",Term Loans,12635,2.7400%,NA,Oct-08-2012,Senior,No,NA,No,No,No,NA,"filings/capitaliq/Financials/Templated/Capital Structure Details/2012FQ3 filed Oct 30, 2012/SPGlobal_GrupoBimbo,S.A.B.deC.V._CapitalStructureDetails_19-Sep-2026 (2).xlsx",Capital Structure Details,As Reported
2012FQ3,2012-09-30,2012-10-30,9,"National Financial Loan with Bank, 6.05%",Term Loans,379985,6.0500%,NA,Oct-31-2012,Senior,No,NA,No,No,No,MXN,"filings/capitaliq/Financials/Templated/Capital Structure Details/2012FQ3 filed Oct 30, 2012/SPGlobal_GrupoBimbo,S.A.B.deC.V._CapitalStructureDetails_19-Sep-2026 (2).xlsx",Capital Structure Details,As Reported
2012FQ3,2012-09-30,2012-10-30,10,Revolving Credit,Revolving Credit,0,NA,LIBOR + 90 bp,Nov-28-2014,Senior,No,NA,No,No,No,USD,"filings/capitaliq/Financials/Templated/Capital Structure Details/2012FQ3 filed Oct 30, 2012/SPGlobal_GrupoBimbo,S.A.B.deC.V._CapitalStructureDetails_19-Sep-2026 (2).xlsx",Capital Structure Details,As Reported
2012FQ3,2012-09-30,2012-10-30,11,Revolving Credit Lines,Revolving Credit,0,NA,LIBOR + 125 bp,Dec-27-2016,Senior,Yes,Tangible Asset,No,No,No,USD,"filings/capitaliq/Financials/Templated/Capital Structure Details/2012FQ3 filed Oct 30, 2012/SPGlobal_GrupoBimbo,S.A.B.deC.V._CapitalStructureDetails_19-Sep-2026 (2).xlsx",Capital Structure Details,As Reported
2012FQ3,2012-09-30,2012-10-30,12,Revolving Line of Credit,Revolving Credit,0,NA,TIIE + 250 bp,Apr-27-2012,Senior,No,NA,No,No,No,MXN,"filings/capitaliq/Financials/Templated/Capital Structure Details/2012FQ3 filed Oct 30, 2012/SPGlobal_GrupoBimbo,S.A.B.deC.V._CapitalStructureDetails_19-Sep-2026 (2).xlsx",Capital Structure Details,As Reported
2012FQ3,2012-09-30,2012-10-30,13,Syndicated Bank Loan,Term Loans,2544716,NA,NA,Apr-15-2016,Senior,No,NA,No,No,No,USD,"filings/capitaliq/Financials/Templated/Capital Structure Details/2012FQ3 filed Oct 30, 2012/SPGlobal_GrupoBimbo,S.A.B.deC.V._CapitalStructureDetails_19-Sep-2026 (2).xlsx",Capital Structure Details,As Reported
2012FQ3,2012-09-30,2012-10-30,14,Various Loan with Bank,Term Loans,1896346,NA,NA,Oct-30-2012,Senior,No,NA,No,No,No,NA,"filings/capitaliq/Financials/Templated/Capital Structure Details/2012FQ3 filed Oct 30, 2012/SPGlobal_GrupoBimbo,S.A.B.deC.V._CapitalStructureDetails_19-Sep-2026 (2).xlsx",Capital Structure Details,As Reported
2012FY,2012-12-31,2013-04-29,1,Bank Credit,Term Loans,1121000,NA,EURIBOR + 100 bp,Jul-17-2014,Senior,No,NA,No,No,No,EUR,"filings/capitaliq/Financials/Templated/Capital Structure Details/2012FY filed Apr 29, 2013/SPGlobal_GrupoBimbo,S.A.B.deC.V._CapitalStructureDetails_20-Sep-2026 (9).xlsx",Capital Structure Details,As Reported
2012FY,2012-12-31,2013-04-29,2,Bimbo 02-2 Bond,Senior Debt,0,10.1500%,NA,May-03-2012,Senior,No,NA,No,No,No,MXN,"filings/capitaliq/Financials/Templated/Capital Structure Details/2012FY filed Apr 29, 2013/SPGlobal_GrupoBimbo,S.A.B.deC.V._CapitalStructureDetails_20-Sep-2026 (9).xlsx",Capital Structure Details,As Reported
2012FY,2012-12-31,2013-04-29,3,Bimbo 09 - Bond,Senior Debt,5000000,NA,New Benchmark + 155 bp,Jun-09-2014,Senior,No,NA,No,No,No,MXN,"filings/capitaliq/Financials/Templated/Capital Structure Details/2012FY filed Apr 29, 2013/SPGlobal_GrupoBimbo,S.A.B.deC.V._CapitalStructureDetails_20-Sep-2026 (9).xlsx",Capital Structure Details,As Reported
2012FY,2012-12-31,2013-04-29,4,International Bonds,Senior Debt,10408000,4.8800%,NA,Jun-30-2020,Senior,No,NA,No,No,No,USD,"filings/capitaliq/Financials/Templated/Capital Structure Details/2012FY filed Apr 29, 2013/SPGlobal_GrupoBimbo,S.A.B.deC.V._CapitalStructureDetails_20-Sep-2026 (9).xlsx",Capital Structure Details,As Reported
2012FY,2012-12-31,2013-04-29,5,International Bonds,Senior Debt,10408000,4.5000%,NA,Jan-25-2022,Senior,No,NA,No,No,No,USD,"filings/capitaliq/Financials/Templated/Capital Structure Details/2012FY filed Apr 29, 2013/SPGlobal_GrupoBimbo,S.A.B.deC.V._CapitalStructureDetails_20-Sep-2026 (9).xlsx",Capital Structure Details,As Reported
2012FY,2012-12-31,2013-04-29,6,Local Bonds,Senior Debt,3443000,6.0500%,NA,Jun-06-2016,Senior,No,NA,No,No,No,MXN,"filings/capitaliq/Financials/Templated/Capital Structure Details/2012FY filed Apr 29, 2013/SPGlobal_GrupoBimbo,S.A.B.deC.V._CapitalStructureDetails_20-Sep-2026 (9).xlsx",Capital Structure Details,As Reported
2012FY,2012-12-31,2013-04-29,7,Local Bonds,Senior Debt,2000000,10.6000%,NA,Jun-06-2016,Senior,No,NA,No,No,No,MXN,"filings/capitaliq/Financials/Templated/Capital Structure Details/2012FY filed Apr 29, 2013/SPGlobal_GrupoBimbo,S.A.B.deC.V._CapitalStructureDetails_20-Sep-2026 (9).xlsx",Capital Structure Details,As Reported
2012FY,2012-12-31,2013-04-29,8,Local Bonds,Senior Debt,5000000,6.8300%,NA,Aug-10-2018,Senior,No,NA,No,No,No,MXN,"filings/capitaliq/Financials/Templated/Capital Structure Details/2012FY filed Apr 29, 2013/SPGlobal_GrupoBimbo,S.A.B.deC.V._CapitalStructureDetails_20-Sep-2026 (9).xlsx",Capital Structure Details,As Reported
2012FY,2012-12-31,2013-04-29,9,Other Loans for Working Capital Needs,Revolving Credit,2312000,NA,NA,2013 - 2018,Senior,No,NA,No,No,No,MXN,"filings/capitaliq/Financials/Templated/Capital Structure Details/2012FY filed Apr 29, 2013/SPGlobal_GrupoBimbo,S.A.B.deC.V._CapitalStructureDetails_20-Sep-2026 (9).xlsx",Capital Structure Details,As Reported
2012FY,2012-12-31,2013-04-29,10,Revolving Credit,Revolving Credit,0,NA,LIBOR + 90 bp,Nov-28-2014,Senior,No,NA,No,No,No,USD,"filings/capitaliq/Financials/Templated/Capital Structure Details/2012FY filed Apr 29, 2013/SPGlobal_GrupoBimbo,S.A.B.deC.V._CapitalStructureDetails_20-Sep-2026 (9).xlsx",Capital Structure Details,As Reported
2012FY,2012-12-31,2013-04-29,11,Revolving Credit Lines,Revolving Credit,0,NA,LIBOR + 125 bp,Dec-27-2016,Senior,Yes,Tangible Asset,No,No,No,USD,"filings/capitaliq/Financials/Templated/Capital Structure Details/2012FY filed Apr 29, 2013/SPGlobal_GrupoBimbo,S.A.B.deC.V._CapitalStructureDetails_20-Sep-2026 (9).xlsx",Capital Structure Details,As Reported
2012FY,2012-12-31,2013-04-29,12,Revolving Line of Credit,Revolving Credit,0,NA,TIIE + 250 bp,Apr-27-2012,Senior,No,NA,No,No,No,MXN,"filings/capitaliq/Financials/Templated/Capital Structure Details/2012FY filed Apr 29, 2013/SPGlobal_GrupoBimbo,S.A.B.deC.V._CapitalStructureDetails_20-Sep-2026 (9).xlsx",Capital Structure Details,As Reported
2012FY,2012-12-31,2013-04-29,13,Syndicated Bank Credit 2009,Term Loans,0,NA,NA,Jan 2012 - Jan 2014,Senior,Yes,Tangible Asset,No,No,No,USD,"filings/capitaliq/Financials/Templated/Capital Structure Details/2012FY filed Apr 29, 2013/SPGlobal_GrupoBimbo,S.A.B.deC.V._CapitalStructureDetails_20-Sep-2026 (9).xlsx",Capital Structure Details,As Reported
2012FY,2012-12-31,2013-04-29,14,Syndicated Bank Loan,Term Loans,2576000,NA,LIBOR + 110 bp,Apr-20-2016,Senior,No,NA,No,No,No,USD,"filings/capitaliq/Financials/Templated/Capital Structure Details/2012FY filed Apr 29, 2013/SPGlobal_GrupoBimbo,S.A.B.deC.V._CapitalStructureDetails_20-Sep-2026 (9).xlsx",Capital Structure Details,As Reported
2013FQ1,2013-03-31,2013-04-26,1,Bank Credit Acquisition Loan,Term Loans,1032161,1.1200%,EURIBOR + 100 bp,Aug-13-2014,Senior,No,NA,No,No,No,EUR,"filings/capitaliq/Financials/Templated/Capital Structure Details/2013FQ1 filed Apr 26, 2013/SPGlobal_GrupoBimbo,S.A.B.deC.V._CapitalStructureDetails_19-Sep-2026 (3).xlsx",Capital Structure Details,As Reported
2013FQ1,2013-03-31,2013-04-26,2,Bimbo 09 - Bond,Senior Debt,5000000,NA,New Benchmark + 155 bp,Jun-09-2014,Senior,No,NA,No,No,No,MXN,"filings/capitaliq/Financials/Templated/Capital Structure Details/2013FQ1 filed Apr 26, 2013/SPGlobal_GrupoBimbo,S.A.B.deC.V._CapitalStructureDetails_19-Sep-2026 (3).xlsx",Capital Structure Details,As Reported
2013FQ1,2013-03-31,2013-04-26,3,International Bonds,Senior Debt,9744243,4.8800%,NA,Jun-30-2020,Senior,No,NA,No,No,No,USD,"filings/capitaliq/Financials/Templated/Capital Structure Details/2013FQ1 filed Apr 26, 2013/SPGlobal_GrupoBimbo,S.A.B.deC.V._CapitalStructureDetails_19-Sep-2026 (3).xlsx",Capital Structure Details,As Reported
2013FQ1,2013-03-31,2013-04-26,4,International Bonds,Senior Debt,9744243,4.5000%,NA,Jan-25-2022,Senior,No,NA,No,No,No,USD,"filings/capitaliq/Financials/Templated/Capital Structure Details/2013FQ1 filed Apr 26, 2013/SPGlobal_GrupoBimbo,S.A.B.deC.V._CapitalStructureDetails_19-Sep-2026 (3).xlsx",Capital Structure Details,As Reported
2013FQ1,2013-03-31,2013-04-26,5,Local Bonds,Senior Debt,3490201,6.0500%,NA,Jun-06-2016,Senior,No,NA,No,No,No,MXN,"filings/capitaliq/Financials/Templated/Capital Structure Details/2013FQ1 filed Apr 26, 2013/SPGlobal_GrupoBimbo,S.A.B.deC.V._CapitalStructureDetails_19-Sep-2026 (3).xlsx",Capital Structure Details,As Reported
2013FQ1,2013-03-31,2013-04-26,6,Local Bonds,Senior Debt,2000000,10.6000%,NA,Jun-06-2016,Senior,No,NA,No,No,No,MXN,"filings/capitaliq/Financials/Templated/Capital Structure Details/2013FQ1 filed Apr 26, 2013/SPGlobal_GrupoBimbo,S.A.B.deC.V._CapitalStructureDetails_19-Sep-2026 (3).xlsx",Capital Structure Details,As Reported
2013FQ1,2013-03-31,2013-04-26,7,Local Bonds,Senior Debt,5000000,6.8300%,NA,Aug-10-2018,Senior,No,NA,No,No,No,MXN,"filings/capitaliq/Financials/Templated/Capital Structure Details/2013FQ1 filed Apr 26, 2013/SPGlobal_GrupoBimbo,S.A.B.deC.V._CapitalStructureDetails_19-Sep-2026 (3).xlsx",Capital Structure Details,As Reported
2013FQ1,2013-03-31,2013-04-26,8,Revolving Credit,Revolving Credit,0,NA,LIBOR + 90 bp,Nov-28-2014,Senior,No,NA,No,No,No,USD,"filings/capitaliq/Financials/Templated/Capital Structure Details/2013FQ1 filed Apr 26, 2013/SPGlobal_GrupoBimbo,S.A.B.deC.V._CapitalStructureDetails_19-Sep-2026 (3).xlsx",Capital Structure Details,As Reported
2013FQ1,2013-03-31,2013-04-26,9,Revolving Credit Lines,Revolving Credit,0,NA,LIBOR + 125 bp,Dec-27-2016,Senior,Yes,Tangible Asset,No,No,No,USD,"filings/capitaliq/Financials/Templated/Capital Structure Details/2013FQ1 filed Apr 26, 2013/SPGlobal_GrupoBimbo,S.A.B.deC.V._CapitalStructureDetails_19-Sep-2026 (3).xlsx",Capital Structure Details,As Reported
2013FQ1,2013-03-31,2013-04-26,10,Syndicated Bank Loan,Term Loans,2446211,NA,LIBOR + 110 bp,Apr-20-2016,Senior,No,NA,No,No,No,USD,"filings/capitaliq/Financials/Templated/Capital Structure Details/2013FQ1 filed Apr 26, 2013/SPGlobal_GrupoBimbo,S.A.B.deC.V._CapitalStructureDetails_19-Sep-2026 (3).xlsx",Capital Structure Details,As Reported
2013FQ1,2013-03-31,2013-04-26,11,Working Capital,Term Loans,1520479,NA,NA,Apr-30-2018,Senior,No,NA,No,No,No,NA,"filings/capitaliq/Financials/Templated/Capital Structure Details/2013FQ1 filed Apr 26, 2013/SPGlobal_GrupoBimbo,S.A.B.deC.V._CapitalStructureDetails_19-Sep-2026 (3).xlsx",Capital Structure Details,As Reported
2013FQ1,2013-03-31,2013-04-26,12,Working Capital,Term Loans,10978,2.5100%,NA,Aug-26-2013,Senior,No,NA,No,No,No,NA,"filings/capitaliq/Financials/Templated/Capital Structure Details/2013FQ1 filed Apr 26, 2013/SPGlobal_GrupoBimbo,S.A.B.deC.V._CapitalStructureDetails_19-Sep-2026 (3).xlsx",Capital Structure Details,As Reported
2013FQ1,2013-03-31,2013-04-26,13,Working Capital,Term Loans,396404,5.7500%,NA,Feb-09-2014,Senior,No,NA,No,No,No,MXN,"filings/capitaliq/Financials/Templated/Capital Structure Details/2013FQ1 filed Apr 26, 2013/SPGlobal_GrupoBimbo,S.A.B.deC.V._CapitalStructureDetails_19-Sep-2026 (3).xlsx",Capital Structure Details,As Reported
2013FQ2,2013-06-30,2013-07-24,1,Bank Credit Acquisition Loan,Term Loans,678368,1.1200%,EURIBOR + 100 bp,Aug-13-2014,Senior,No,NA,No,No,No,EUR,"filings/capitaliq/Financials/Templated/Capital Structure Details/2013FQ2 filed Jul 24, 2013/SPGlobal_GrupoBimbo,S.A.B.deC.V._CapitalStructureDetails_19-Sep-2026 (4).xlsx",Capital Structure Details,As Reported
2013FQ2,2013-06-30,2013-07-24,2,Bimbo 09 - Bond,Senior Debt,5000000,NA,New Benchmark + 155 bp,Jun-09-2014,Senior,No,NA,No,No,No,MXN,"filings/capitaliq/Financials/Templated/Capital Structure Details/2013FQ2 filed Jul 24, 2013/SPGlobal_GrupoBimbo,S.A.B.deC.V._CapitalStructureDetails_19-Sep-2026 (4).xlsx",Capital Structure Details,As Reported
2013FQ2,2013-06-30,2013-07-24,3,"Financial, National: Bank Loans",Term Loans,21571,2.5300%,NA,Aug-26-2013,Senior,No,NA,No,No,No,NA,"filings/capitaliq/Financials/Templated/Capital Structure Details/2013FQ2 filed Jul 24, 2013/SPGlobal_GrupoBimbo,S.A.B.deC.V._CapitalStructureDetails_19-Sep-2026 (4).xlsx",Capital Structure Details,As Reported
2013FQ2,2013-06-30,2013-07-24,4,"Financial, National: Bank Loans",Term Loans,390076,5.5700%,NA,Feb-09-2014,Senior,No,NA,No,No,No,MXN,"filings/capitaliq/Financials/Templated/Capital Structure Details/2013FQ2 filed Jul 24, 2013/SPGlobal_GrupoBimbo,S.A.B.deC.V._CapitalStructureDetails_19-Sep-2026 (4).xlsx",Capital Structure Details,As Reported
2013FQ2,2013-06-30,2013-07-24,5,International Bonds,Senior Debt,10284329,4.8800%,NA,Jun-30-2020,Senior,No,NA,No,No,No,USD,"filings/capitaliq/Financials/Templated/Capital Structure Details/2013FQ2 filed Jul 24, 2013/SPGlobal_GrupoBimbo,S.A.B.deC.V._CapitalStructureDetails_19-Sep-2026 (4).xlsx",Capital Structure Details,As Reported
2013FQ2,2013-06-30,2013-07-24,6,International Bonds,Senior Debt,10284329,4.5000%,NA,Jan-25-2022,Senior,No,NA,No,No,No,USD,"filings/capitaliq/Financials/Templated/Capital Structure Details/2013FQ2 filed Jul 24, 2013/SPGlobal_GrupoBimbo,S.A.B.deC.V._CapitalStructureDetails_19-Sep-2026 (4).xlsx",Capital Structure Details,As Reported
2013FQ2,2013-06-30,2013-07-24,7,Local Bonds,Senior Debt,3497435,6.0500%,NA,Jun-06-2016,Senior,No,NA,No,No,No,MXN,"filings/capitaliq/Financials/Templated/Capital Structure Details/2013FQ2 filed Jul 24, 2013/SPGlobal_GrupoBimbo,S.A.B.deC.V._CapitalStructureDetails_19-Sep-2026 (4).xlsx",Capital Structure Details,As Reported
2013FQ2,2013-06-30,2013-07-24,8,Local Bonds,Senior Debt,2000000,10.6000%,NA,Jun-06-2016,Senior,No,NA,No,No,No,MXN,"filings/capitaliq/Financials/Templated/Capital Structure Details/2013FQ2 filed Jul 24, 2013/SPGlobal_GrupoBimbo,S.A.B.deC.V._CapitalStructureDetails_19-Sep-2026 (4).xlsx",Capital Structure Details,As Reported
2013FQ2,2013-06-30,2013-07-24,9,Local Bonds,Senior Debt,5000000,6.8300%,NA,Aug-10-2018,Senior,No,NA,No,No,No,MXN,"filings/capitaliq/Financials/Templated/Capital Structure Details/2013FQ2 filed Jul 24, 2013/SPGlobal_GrupoBimbo,S.A.B.deC.V._CapitalStructureDetails_19-Sep-2026 (4).xlsx",Capital Structure Details,As Reported
2013FQ2,2013-06-30,2013-07-24,10,Long Term Bank Credit Loan,Term Loans,1667008,1.2900%,LIBOR + 110 bp,Apr-15-2016,Senior,No,NA,No,No,No,USD,"filings/capitaliq/Financials/Templated/Capital Structure Details/2013FQ2 filed Jul 24, 2013/SPGlobal_GrupoBimbo,S.A.B.deC.V._CapitalStructureDetails_19-Sep-2026 (4).xlsx",Capital Structure Details,As Reported
2013FQ2,2013-06-30,2013-07-24,11,Others Bank Loans,Term Loans,1549184,NA,NA,Apr-30-2018,Senior,No,NA,No,No,No,NA,"filings/capitaliq/Financials/Templated/Capital Structure Details/2013FQ2 filed Jul 24, 2013/SPGlobal_GrupoBimbo,S.A.B.deC.V._CapitalStructureDetails_19-Sep-2026 (4).xlsx",Capital Structure Details,As Reported
2013FQ2,2013-06-30,2013-07-24,12,Revolving Credit,Revolving Credit,0,NA,LIBOR + 90 bp,Nov-28-2014,Senior,No,NA,No,No,No,USD,"filings/capitaliq/Financials/Templated/Capital Structure Details/2013FQ2 filed Jul 24, 2013/SPGlobal_GrupoBimbo,S.A.B.deC.V._CapitalStructureDetails_19-Sep-2026 (4).xlsx",Capital Structure Details,As Reported
2013FQ2,2013-06-30,2013-07-24,13,Revolving Credit Lines,Revolving Credit,0,NA,LIBOR + 125 bp,Dec-27-2016,Senior,Yes,Tangible Asset,No,No,No,USD,"filings/capitaliq/Financials/Templated/Capital Structure Details/2013FQ2 filed Jul 24, 2013/SPGlobal_GrupoBimbo,S.A.B.deC.V._CapitalStructureDetails_19-Sep-2026 (4).xlsx",Capital Structure Details,As Reported
2013FQ3,2013-09-30,2013-10-24,1,Bank Credit Acquisition Loan,Term Loans,0,1.1200%,EURIBOR + 100 bp,Aug-13-2014,Senior,No,NA,No,No,No,EUR,"filings/capitaliq/Financials/Templated/Capital Structure Details/2013FQ3 filed Oct 24, 2013/SPGlobal_GrupoBimbo,S.A.B.deC.V._CapitalStructureDetails_19-Sep-2026 (5).xlsx",Capital Structure Details,As Reported
2013FQ3,2013-09-30,2013-10-24,2,Bimbo 09 - Bond,Senior Debt,5000000,NA,New Benchmark + 155 bp,Jun-09-2014,Senior,No,NA,No,No,No,MXN,"filings/capitaliq/Financials/Templated/Capital Structure Details/2013FQ3 filed Oct 24, 2013/SPGlobal_GrupoBimbo,S.A.B.deC.V._CapitalStructureDetails_19-Sep-2026 (5).xlsx",Capital Structure Details,As Reported
2013FQ3,2013-09-30,2013-10-24,3,"Financial, National: Bank Loans",Term Loans,13056,2.5300%,NA,Aug-26-2013,Senior,No,NA,No,No,No,NA,"filings/capitaliq/Financials/Templated/Capital Structure Details/2013FQ3 filed Oct 24, 2013/SPGlobal_GrupoBimbo,S.A.B.deC.V._CapitalStructureDetails_19-Sep-2026 (5).xlsx",Capital Structure Details,As Reported
2013FQ3,2013-09-30,2013-10-24,4,"Financial, National: Bank Loans",Term Loans,332145,5.5700%,NA,Feb-09-2014,Senior,No,NA,No,No,No,MXN,"filings/capitaliq/Financials/Templated/Capital Structure Details/2013FQ3 filed Oct 24, 2013/SPGlobal_GrupoBimbo,S.A.B.deC.V._CapitalStructureDetails_19-Sep-2026 (5).xlsx",Capital Structure Details,As Reported
2013FQ3,2013-09-30,2013-10-24,5,International Bonds,Senior Debt,10284025,4.8800%,NA,Jun-30-2020,Senior,No,NA,No,No,No,USD,"filings/capitaliq/Financials/Templated/Capital Structure Details/2013FQ3 filed Oct 24, 2013/SPGlobal_GrupoBimbo,S.A.B.deC.V._CapitalStructureDetails_19-Sep-2026 (5).xlsx",Capital Structure Details,As Reported
2013FQ3,2013-09-30,2013-10-24,6,International Bonds,Senior Debt,10284025,4.5000%,NA,Jan-25-2022,Senior,No,NA,No,No,No,USD,"filings/capitaliq/Financials/Templated/Capital Structure Details/2013FQ3 filed Oct 24, 2013/SPGlobal_GrupoBimbo,S.A.B.deC.V._CapitalStructureDetails_19-Sep-2026 (5).xlsx",Capital Structure Details,As Reported
2013FQ3,2013-09-30,2013-10-24,7,Local Bonds,Senior Debt,3509454,6.0500%,NA,Jun-06-2016,Senior,No,NA,No,No,No,MXN,"filings/capitaliq/Financials/Templated/Capital Structure Details/2013FQ3 filed Oct 24, 2013/SPGlobal_GrupoBimbo,S.A.B.deC.V._CapitalStructureDetails_19-Sep-2026 (5).xlsx",Capital Structure Details,As Reported
2013FQ3,2013-09-30,2013-10-24,8,Local Bonds,Senior Debt,2000000,10.6000%,NA,Jun-06-2016,Senior,No,NA,No,No,No,MXN,"filings/capitaliq/Financials/Templated/Capital Structure Details/2013FQ3 filed Oct 24, 2013/SPGlobal_GrupoBimbo,S.A.B.deC.V._CapitalStructureDetails_19-Sep-2026 (5).xlsx",Capital Structure Details,As Reported
2013FQ3,2013-09-30,2013-10-24,9,Local Bonds,Senior Debt,5000000,6.8300%,NA,Aug-10-2018,Senior,No,NA,No,No,No,MXN,"filings/capitaliq/Financials/Templated/Capital Structure Details/2013FQ3 filed Oct 24, 2013/SPGlobal_GrupoBimbo,S.A.B.deC.V._CapitalStructureDetails_19-Sep-2026 (5).xlsx",Capital Structure Details,As Reported
2013FQ3,2013-09-30,2013-10-24,10,Long Term Bank Credit Loan,Term Loans,1340226,1.2900%,LIBOR + 110 bp,Apr-15-2016,Senior,No,NA,No,No,No,USD,"filings/capitaliq/Financials/Templated/Capital Structure Details/2013FQ3 filed Oct 24, 2013/SPGlobal_GrupoBimbo,S.A.B.deC.V._CapitalStructureDetails_19-Sep-2026 (5).xlsx",Capital Structure Details,As Reported
2013FQ3,2013-09-30,2013-10-24,11,Others Bank Loans,Term Loans,1837119,NA,NA,Apr-30-2018,Senior,No,NA,No,No,No,NA,"filings/capitaliq/Financials/Templated/Capital Structure Details/2013FQ3 filed Oct 24, 2013/SPGlobal_GrupoBimbo,S.A.B.deC.V._CapitalStructureDetails_19-Sep-2026 (5).xlsx",Capital Structure Details,As Reported
2013FQ3,2013-09-30,2013-10-24,12,Revolving Credit,Revolving Credit,0,NA,LIBOR + 90 bp,Nov-28-2014,Senior,No,NA,No,No,No,USD,"filings/capitaliq/Financials/Templated/Capital Structure Details/2013FQ3 filed Oct 24, 2013/SPGlobal_GrupoBimbo,S.A.B.deC.V._CapitalStructureDetails_19-Sep-2026 (5).xlsx",Capital Structure Details,As Reported
2013FQ3,2013-09-30,2013-10-24,13,Revolving Credit Lines,Revolving Credit,0,NA,LIBOR + 125 bp,Dec-27-2016,Senior,Yes,Tangible Asset,No,No,No,USD,"filings/capitaliq/Financials/Templated/Capital Structure Details/2013FQ3 filed Oct 24, 2013/SPGlobal_GrupoBimbo,S.A.B.deC.V._CapitalStructureDetails_19-Sep-2026 (5).xlsx",Capital Structure Details,As Reported
2013FY,2013-12-31,2014-03-28,1,Bank Credit,Term Loans,0,NA,EURIBOR + 100 bp,Jul-17-2014,Senior,No,NA,No,No,No,EUR,"filings/capitaliq/Financials/Templated/Capital Structure Details/2013FY filed Mar 28, 2014/SPGlobal_GrupoBimbo,S.A.B.deC.V._CapitalStructureDetails_20-Sep-2026 (10).xlsx",Capital Structure Details,As Reported
2013FY,2013-12-31,2014-03-28,2,Bimbo 09 - Bond,Senior Debt,5000000,NA,New Benchmark + 155 bp,Jun-09-2014,Senior,No,NA,No,No,No,MXN,"filings/capitaliq/Financials/Templated/Capital Structure Details/2013FY filed Mar 28, 2014/SPGlobal_GrupoBimbo,S.A.B.deC.V._CapitalStructureDetails_20-Sep-2026 (10).xlsx",Capital Structure Details,As Reported
2013FY,2013-12-31,2014-03-28,3,Finance Leases,Capital Lease,75000,NA,NA,2017,Senior,Yes,Tangible Asset,No,No,No,MXN,"filings/capitaliq/Financials/Templated/Capital Structure Details/2013FY filed Mar 28, 2014/SPGlobal_GrupoBimbo,S.A.B.deC.V._CapitalStructureDetails_20-Sep-2026 (10).xlsx",Capital Structure Details,As Reported
2013FY,2013-12-31,2014-03-28,4,International Bonds,Senior Debt,10461000,4.8800%,NA,Jun-30-2020,Senior,No,NA,No,No,No,USD,"filings/capitaliq/Financials/Templated/Capital Structure Details/2013FY filed Mar 28, 2014/SPGlobal_GrupoBimbo,S.A.B.deC.V._CapitalStructureDetails_20-Sep-2026 (10).xlsx",Capital Structure Details,As Reported
2013FY,2013-12-31,2014-03-28,5,International Bonds,Senior Debt,10461000,4.5000%,NA,Jan-25-2022,Senior,No,NA,No,No,No,USD,"filings/capitaliq/Financials/Templated/Capital Structure Details/2013FY filed Mar 28, 2014/SPGlobal_GrupoBimbo,S.A.B.deC.V._CapitalStructureDetails_20-Sep-2026 (10).xlsx",Capital Structure Details,As Reported
2013FY,2013-12-31,2014-03-28,6,Local Bonds,Senior Debt,3573000,6.0500%,NA,Jun-06-2016,Senior,No,NA,No,No,No,MXN,"filings/capitaliq/Financials/Templated/Capital Structure Details/2013FY filed Mar 28, 2014/SPGlobal_GrupoBimbo,S.A.B.deC.V._CapitalStructureDetails_20-Sep-2026 (10).xlsx",Capital Structure Details,As Reported
2013FY,2013-12-31,2014-03-28,7,Local Bonds,Senior Debt,2000000,10.6000%,NA,Jun-06-2016,Senior,No,NA,No,No,No,MXN,"filings/capitaliq/Financials/Templated/Capital Structure Details/2013FY filed Mar 28, 2014/SPGlobal_GrupoBimbo,S.A.B.deC.V._CapitalStructureDetails_20-Sep-2026 (10).xlsx",Capital Structure Details,As Reported
2013FY,2013-12-31,2014-03-28,8,Local Bonds,Senior Debt,5000000,6.8300%,NA,Aug-10-2018,Senior,No,NA,No,No,No,MXN,"filings/capitaliq/Financials/Templated/Capital Structure Details/2013FY filed Mar 28, 2014/SPGlobal_GrupoBimbo,S.A.B.deC.V._CapitalStructureDetails_20-Sep-2026 (10).xlsx",Capital Structure Details,As Reported
2013FY,2013-12-31,2014-03-28,9,Other - Direct Loans for Working Capital,Revolving Credit,1501000,NA,NA,2014 - 2017,Senior,No,NA,No,No,No,MXN,"filings/capitaliq/Financials/Templated/Capital Structure Details/2013FY filed Mar 28, 2014/SPGlobal_GrupoBimbo,S.A.B.deC.V._CapitalStructureDetails_20-Sep-2026 (10).xlsx",Capital Structure Details,As Reported
2013FY,2013-12-31,2014-03-28,10,Syndicated Bank Loan,Term Loans,693000,NA,LIBOR + 110 bp,Apr-20-2016,Senior,No,NA,No,No,No,USD,"filings/capitaliq/Financials/Templated/Capital Structure Details/2013FY filed Mar 28, 2014/SPGlobal_GrupoBimbo,S.A.B.deC.V._CapitalStructureDetails_20-Sep-2026 (10).xlsx",Capital Structure Details,As Reported
2013FY,2013-12-31,2014-03-28,11,Unsecured Loans for Working Capital,Revolving Credit,NA,4.1500%,NA,NA,Senior,No,NA,No,No,No,MXN,"filings/capitaliq/Financials/Templated/Capital Structure Details/2013FY filed Mar 28, 2014/SPGlobal_GrupoBimbo,S.A.B.deC.V._CapitalStructureDetails_20-Sep-2026 (10).xlsx",Capital Structure Details,As Reported
2014FQ1,2014-03-31,2014-04-30,1,Bank Credit National Financial,Term Loans,8309,1.2700%,NA,Jun-15-2014,Senior,No,NA,No,No,No,NA,"filings/capitaliq/Financials/Templated/Capital Structure Details/2014FQ1 filed Apr 30, 2014/SPGlobal_GrupoBimbo,S.A.B.deC.V._CapitalStructureDetails_19-Sep-2026 (6).xlsx",Capital Structure Details,As Reported
2014FQ1,2014-03-31,2014-04-30,2,Bank Credit National Financial Working Capital,Term Loans,194252,5.0600%,NA,Aug-30-2014,Senior,No,NA,No,No,No,MXN,"filings/capitaliq/Financials/Templated/Capital Structure Details/2014FQ1 filed Apr 30, 2014/SPGlobal_GrupoBimbo,S.A.B.deC.V._CapitalStructureDetails_19-Sep-2026 (6).xlsx",Capital Structure Details,As Reported
2014FQ1,2014-03-31,2014-04-30,3,Bank Credits,Term Loans,1320293,NA,NA,Apr-30-2018,Senior,No,NA,No,No,No,NA,"filings/capitaliq/Financials/Templated/Capital Structure Details/2014FQ1 filed Apr 30, 2014/SPGlobal_GrupoBimbo,S.A.B.deC.V._CapitalStructureDetails_19-Sep-2026 (6).xlsx",Capital Structure Details,As Reported
2014FQ1,2014-03-31,2014-04-30,4,Bimbo 09 - Bond,Senior Debt,5000000,NA,New Benchmark + 155.00 bp,Jun-09-2014,Senior,No,NA,No,No,No,MXN,"filings/capitaliq/Financials/Templated/Capital Structure Details/2014FQ1 filed Apr 30, 2014/SPGlobal_GrupoBimbo,S.A.B.deC.V._CapitalStructureDetails_19-Sep-2026 (6).xlsx",Capital Structure Details,As Reported
2014FQ1,2014-03-31,2014-04-30,5,Committed Revolving Credit Line,Revolving Credit,0,NA,Various Benchmarks,Mar-13-2019,Senior,No,NA,No,No,No,NA,"filings/capitaliq/Financials/Templated/Capital Structure Details/2014FQ1 filed Apr 30, 2014/SPGlobal_GrupoBimbo,S.A.B.deC.V._CapitalStructureDetails_19-Sep-2026 (6).xlsx",Capital Structure Details,As Reported
2014FQ1,2014-03-31,2014-04-30,6,Finance Leases,Capital Lease,66043,NA,NA,2017,Senior,Yes,Tangible Asset,No,No,No,MXN,"filings/capitaliq/Financials/Templated/Capital Structure Details/2014FQ1 filed Apr 30, 2014/SPGlobal_GrupoBimbo,S.A.B.deC.V._CapitalStructureDetails_19-Sep-2026 (6).xlsx",Capital Structure Details,As Reported
2014FQ1,2014-03-31,2014-04-30,7,International Bonds,Senior Debt,10466960,4.8750%,NA,Jun-30-2020,Senior,No,NA,No,No,No,USD,"filings/capitaliq/Financials/Templated/Capital Structure Details/2014FQ1 filed Apr 30, 2014/SPGlobal_GrupoBimbo,S.A.B.deC.V._CapitalStructureDetails_19-Sep-2026 (6).xlsx",Capital Structure Details,As Reported
2014FQ1,2014-03-31,2014-04-30,8,International Bonds,Senior Debt,10466960,4.5000%,NA,Jan-25-2022,Senior,No,NA,No,No,No,USD,"filings/capitaliq/Financials/Templated/Capital Structure Details/2014FQ1 filed Apr 30, 2014/SPGlobal_GrupoBimbo,S.A.B.deC.V._CapitalStructureDetails_19-Sep-2026 (6).xlsx",Capital Structure Details,As Reported
2014FQ1,2014-03-31,2014-04-30,9,Local Bonds,Senior Debt,3633984,6.0500%,NA,Jun-06-2016,Senior,No,NA,No,No,No,MXN,"filings/capitaliq/Financials/Templated/Capital Structure Details/2014FQ1 filed Apr 30, 2014/SPGlobal_GrupoBimbo,S.A.B.deC.V._CapitalStructureDetails_19-Sep-2026 (6).xlsx",Capital Structure Details,As Reported
2014FQ1,2014-03-31,2014-04-30,10,Local Bonds,Senior Debt,2000000,10.6000%,NA,Jun-06-2016,Senior,No,NA,No,No,No,MXN,"filings/capitaliq/Financials/Templated/Capital Structure Details/2014FQ1 filed Apr 30, 2014/SPGlobal_GrupoBimbo,S.A.B.deC.V._CapitalStructureDetails_19-Sep-2026 (6).xlsx",Capital Structure Details,As Reported
2014FQ1,2014-03-31,2014-04-30,11,Local Bonds,Senior Debt,5000000,6.8300%,NA,Aug-10-2018,Senior,No,NA,No,No,No,MXN,"filings/capitaliq/Financials/Templated/Capital Structure Details/2014FQ1 filed Apr 30, 2014/SPGlobal_GrupoBimbo,S.A.B.deC.V._CapitalStructureDetails_19-Sep-2026 (6).xlsx",Capital Structure Details,As Reported
2014FQ1,2014-03-31,2014-04-30,12,Revolving Credit Lines USD,Revolving Credit,0,NA,LIBOR + 90.00 bp,Nov-28-2014,Senior,No,NA,No,No,No,USD,"filings/capitaliq/Financials/Templated/Capital Structure Details/2014FQ1 filed Apr 30, 2014/SPGlobal_GrupoBimbo,S.A.B.deC.V._CapitalStructureDetails_19-Sep-2026 (6).xlsx",Capital Structure Details,As Reported
2014FQ1,2014-03-31,2014-04-30,13,Syndicated Bank Loan,Term Loans,0,NA,LIBOR + 110.00 bp,Apr-20-2016,Senior,No,NA,No,No,No,USD,"filings/capitaliq/Financials/Templated/Capital Structure Details/2014FQ1 filed Apr 30, 2014/SPGlobal_GrupoBimbo,S.A.B.deC.V._CapitalStructureDetails_19-Sep-2026 (6).xlsx",Capital Structure Details,As Reported
2014FQ1,2014-03-31,2014-04-30,14,Unsecured Working Capital Loans,Revolving Credit,0,3.6500%,NA,Apr-28-2015,Senior,No,NA,No,No,No,MXN,"filings/capitaliq/Financials/Templated/Capital Structure Details/2014FQ1 filed Apr 30, 2014/SPGlobal_GrupoBimbo,S.A.B.deC.V._CapitalStructureDetails_19-Sep-2026 (6).xlsx",Capital Structure Details,As Reported
2014FQ2,2014-06-30,2014-07-23,1,Bank Credit National Financial,Term Loans,28466,1.2700%,NA,Jun-15-2014,Senior,No,NA,No,No,No,NA,"filings/capitaliq/Financials/Templated/Capital Structure Details/2014FQ2 filed Jul 23, 2014/SPGlobal_GrupoBimbo,S.A.B.deC.V._CapitalStructureDetails_19-Sep-2026 (7).xlsx",Capital Structure Details,As Reported
2014FQ2,2014-06-30,2014-07-23,2,Bank Credit National Financial Working Capital,Term Loans,290391,5.0600%,NA,Aug-30-2014,Senior,No,NA,No,No,No,MXN,"filings/capitaliq/Financials/Templated/Capital Structure Details/2014FQ2 filed Jul 23, 2014/SPGlobal_GrupoBimbo,S.A.B.deC.V._CapitalStructureDetails_19-Sep-2026 (7).xlsx",Capital Structure Details,As Reported
2014FQ2,2014-06-30,2014-07-23,3,Bank Credits,Term Loans,1719712,NA,NA,Apr-30-2018,Senior,No,NA,No,No,No,NA,"filings/capitaliq/Financials/Templated/Capital Structure Details/2014FQ2 filed Jul 23, 2014/SPGlobal_GrupoBimbo,S.A.B.deC.V._CapitalStructureDetails_19-Sep-2026 (7).xlsx",Capital Structure Details,As Reported
2014FQ2,2014-06-30,2014-07-23,4,Bimbo 09 - Bond,Senior Debt,0,NA,New Benchmark + 155 bp,Jun-09-2014,Senior,No,NA,No,No,No,MXN,"filings/capitaliq/Financials/Templated/Capital Structure Details/2014FQ2 filed Jul 23, 2014/SPGlobal_GrupoBimbo,S.A.B.deC.V._CapitalStructureDetails_19-Sep-2026 (7).xlsx",Capital Structure Details,As Reported
2014FQ2,2014-06-30,2014-07-23,5,Committed Revolving Credit Line,Revolving Credit,1523150,1.1500%,Various Benchmarks,Mar-13-2019,Senior,No,NA,No,No,No,NA,"filings/capitaliq/Financials/Templated/Capital Structure Details/2014FQ2 filed Jul 23, 2014/SPGlobal_GrupoBimbo,S.A.B.deC.V._CapitalStructureDetails_19-Sep-2026 (7).xlsx",Capital Structure Details,As Reported
2014FQ2,2014-06-30,2014-07-23,6,Committed Revolving Credit Line,Revolving Credit,945312,1.1500%,Various Benchmarks,Mar-13-2019,Senior,No,NA,No,No,No,NA,"filings/capitaliq/Financials/Templated/Capital Structure Details/2014FQ2 filed Jul 23, 2014/SPGlobal_GrupoBimbo,S.A.B.deC.V._CapitalStructureDetails_19-Sep-2026 (7).xlsx",Capital Structure Details,As Reported
2014FQ2,2014-06-30,2014-07-23,7,Committed Revolving Credit Line,Revolving Credit,8109777,2.2400%,Various Benchmarks,Mar-13-2019,Senior,No,NA,No,No,No,NA,"filings/capitaliq/Financials/Templated/Capital Structure Details/2014FQ2 filed Jul 23, 2014/SPGlobal_GrupoBimbo,S.A.B.deC.V._CapitalStructureDetails_19-Sep-2026 (7).xlsx",Capital Structure Details,As Reported
2014FQ2,2014-06-30,2014-07-23,8,Finance Leases,Capital Lease,57857,NA,NA,2017,Senior,Yes,Tangible Asset,No,No,No,MXN,"filings/capitaliq/Financials/Templated/Capital Structure Details/2014FQ2 filed Jul 23, 2014/SPGlobal_GrupoBimbo,S.A.B.deC.V._CapitalStructureDetails_19-Sep-2026 (7).xlsx",Capital Structure Details,As Reported
2014FQ2,2014-06-30,2014-07-23,9,International Bonds,Senior Debt,10273127,4.8800%,NA,Jun-30-2020,Senior,No,NA,No,No,No,USD,"filings/capitaliq/Financials/Templated/Capital Structure Details/2014FQ2 filed Jul 23, 2014/SPGlobal_GrupoBimbo,S.A.B.deC.V._CapitalStructureDetails_19-Sep-2026 (7).xlsx",Capital Structure Details,As Reported
2014FQ2,2014-06-30,2014-07-23,10,International Bonds,Senior Debt,10273127,4.5000%,NA,Jan-25-2022,Senior,No,NA,No,No,No,USD,"filings/capitaliq/Financials/Templated/Capital Structure Details/2014FQ2 filed Jul 23, 2014/SPGlobal_GrupoBimbo,S.A.B.deC.V._CapitalStructureDetails_19-Sep-2026 (7).xlsx",Capital Structure Details,As Reported
2014FQ2,2014-06-30,2014-07-23,11,International Bonds,Senior Debt,10273127,3.8750%,NA,Jun-27-2024,Senior,No,NA,No,No,No,USD,"filings/capitaliq/Financials/Templated/Capital Structure Details/2014FQ2 filed Jul 23, 2014/SPGlobal_GrupoBimbo,S.A.B.deC.V._CapitalStructureDetails_19-Sep-2026 (7).xlsx",Capital Structure Details,As Reported
2014FQ2,2014-06-30,2014-07-23,12,International Bonds,Senior Debt,6516150,4.8800%,NA,Jun-27-2044,Senior,Yes,Tangible Asset,No,No,No,USD,"filings/capitaliq/Financials/Templated/Capital Structure Details/2014FQ2 filed Jul 23, 2014/SPGlobal_GrupoBimbo,S.A.B.deC.V._CapitalStructureDetails_19-Sep-2026 (7).xlsx",Capital Structure Details,As Reported
2014FQ2,2014-06-30,2014-07-23,13,Local Bonds,Senior Debt,3624115,6.0500%,NA,Jun-06-2016,Senior,No,NA,No,No,No,MXN,"filings/capitaliq/Financials/Templated/Capital Structure Details/2014FQ2 filed Jul 23, 2014/SPGlobal_GrupoBimbo,S.A.B.deC.V._CapitalStructureDetails_19-Sep-2026 (7).xlsx",Capital Structure Details,As Reported
2014FQ2,2014-06-30,2014-07-23,14,Local Bonds,Senior Debt,2000000,10.6000%,NA,Jun-06-2016,Senior,No,NA,No,No,No,MXN,"filings/capitaliq/Financials/Templated/Capital Structure Details/2014FQ2 filed Jul 23, 2014/SPGlobal_GrupoBimbo,S.A.B.deC.V._CapitalStructureDetails_19-Sep-2026 (7).xlsx",Capital Structure Details,As Reported
2014FQ2,2014-06-30,2014-07-23,15,Local Bonds,Senior Debt,5000000,6.8300%,NA,Aug-10-2018,Senior,No,NA,No,No,No,MXN,"filings/capitaliq/Financials/Templated/Capital Structure Details/2014FQ2 filed Jul 23, 2014/SPGlobal_GrupoBimbo,S.A.B.deC.V._CapitalStructureDetails_19-Sep-2026 (7).xlsx",Capital Structure Details,As Reported
2014FQ2,2014-06-30,2014-07-23,16,Revolving Credit Lines USD,Revolving Credit,0,NA,LIBOR + 90 bp,Nov-28-2014,Senior,No,NA,No,No,No,USD,"filings/capitaliq/Financials/Templated/Capital Structure Details/2014FQ2 filed Jul 23, 2014/SPGlobal_GrupoBimbo,S.A.B.deC.V._CapitalStructureDetails_19-Sep-2026 (7).xlsx",Capital Structure Details,As Reported
2014FQ2,2014-06-30,2014-07-23,17,Syndicated Bank Loan,Term Loans,0,NA,LIBOR + 110 bp,Apr-20-2016,Senior,No,NA,No,No,No,USD,"filings/capitaliq/Financials/Templated/Capital Structure Details/2014FQ2 filed Jul 23, 2014/SPGlobal_GrupoBimbo,S.A.B.deC.V._CapitalStructureDetails_19-Sep-2026 (7).xlsx",Capital Structure Details,As Reported
2014FQ2,2014-06-30,2014-07-23,18,Unsecured Working Capital Loans,Revolving Credit,0,3.6500%,NA,Apr-28-2015,Senior,No,NA,No,No,No,MXN,"filings/capitaliq/Financials/Templated/Capital Structure Details/2014FQ2 filed Jul 23, 2014/SPGlobal_GrupoBimbo,S.A.B.deC.V._CapitalStructureDetails_19-Sep-2026 (7).xlsx",Capital Structure Details,As Reported
2014FQ3,2014-09-30,2014-10-24,1,Bank Credit National Financial,Term Loans,15418,1.2700%,NA,Jun-15-2014,Senior,No,NA,No,No,No,NA,"filings/capitaliq/Financials/Templated/Capital Structure Details/2014FQ3 filed Oct 24, 2014/SPGlobal_GrupoBimbo,S.A.B.deC.V._CapitalStructureDetails_19-Sep-2026 (8).xlsx",Capital Structure Details,As Reported
2014FQ3,2014-09-30,2014-10-24,2,Bank Credit National Financial Working Capital,Term Loans,343788,5.0600%,NA,Aug-30-2014,Senior,No,NA,No,No,No,MXN,"filings/capitaliq/Financials/Templated/Capital Structure Details/2014FQ3 filed Oct 24, 2014/SPGlobal_GrupoBimbo,S.A.B.deC.V._CapitalStructureDetails_19-Sep-2026 (8).xlsx",Capital Structure Details,As Reported
2014FQ3,2014-09-30,2014-10-24,3,Bank Credits,Term Loans,2082407,NA,NA,Apr-30-2018,Senior,No,NA,No,No,No,NA,"filings/capitaliq/Financials/Templated/Capital Structure Details/2014FQ3 filed Oct 24, 2014/SPGlobal_GrupoBimbo,S.A.B.deC.V._CapitalStructureDetails_19-Sep-2026 (8).xlsx",Capital Structure Details,As Reported
2014FQ3,2014-09-30,2014-10-24,4,Bimbo 09 - Bond,Senior Debt,0,NA,New Benchmark + 155 bp,Jun-09-2014,Senior,No,NA,No,No,No,MXN,"filings/capitaliq/Financials/Templated/Capital Structure Details/2014FQ3 filed Oct 24, 2014/SPGlobal_GrupoBimbo,S.A.B.deC.V._CapitalStructureDetails_19-Sep-2026 (8).xlsx",Capital Structure Details,As Reported
2014FQ3,2014-09-30,2014-10-24,5,Committed Revolving Credit Line,Revolving Credit,1572448,1.1500%,Various Benchmarks,Mar-13-2019,Senior,No,NA,No,No,No,NA,"filings/capitaliq/Financials/Templated/Capital Structure Details/2014FQ3 filed Oct 24, 2014/SPGlobal_GrupoBimbo,S.A.B.deC.V._CapitalStructureDetails_19-Sep-2026 (8).xlsx",Capital Structure Details,As Reported
2014FQ3,2014-09-30,2014-10-24,6,Committed Revolving Credit Line,Revolving Credit,945312,1.1500%,Various Benchmarks,Mar-13-2019,Senior,No,NA,No,No,No,NA,"filings/capitaliq/Financials/Templated/Capital Structure Details/2014FQ3 filed Oct 24, 2014/SPGlobal_GrupoBimbo,S.A.B.deC.V._CapitalStructureDetails_19-Sep-2026 (8).xlsx",Capital Structure Details,As Reported
2014FQ3,2014-09-30,2014-10-24,7,Committed Revolving Credit Line,Revolving Credit,4827306,2.2400%,Various Benchmarks,Mar-13-2019,Senior,No,NA,No,No,No,NA,"filings/capitaliq/Financials/Templated/Capital Structure Details/2014FQ3 filed Oct 24, 2014/SPGlobal_GrupoBimbo,S.A.B.deC.V._CapitalStructureDetails_19-Sep-2026 (8).xlsx",Capital Structure Details,As Reported
2014FQ3,2014-09-30,2014-10-24,8,Committed Revolving Credit Line,Revolving Credit,941787,1.1500%,Various Benchmarks,Mar-13-2019,Senior,No,NA,No,No,No,NA,"filings/capitaliq/Financials/Templated/Capital Structure Details/2014FQ3 filed Oct 24, 2014/SPGlobal_GrupoBimbo,S.A.B.deC.V._CapitalStructureDetails_19-Sep-2026 (8).xlsx",Capital Structure Details,As Reported
2014FQ3,2014-09-30,2014-10-24,9,Finance Leases,Capital Lease,51546,NA,NA,2017,Senior,Yes,Tangible Asset,No,No,No,MXN,"filings/capitaliq/Financials/Templated/Capital Structure Details/2014FQ3 filed Oct 24, 2014/SPGlobal_GrupoBimbo,S.A.B.deC.V._CapitalStructureDetails_19-Sep-2026 (8).xlsx",Capital Structure Details,As Reported
2014FQ3,2014-09-30,2014-10-24,10,International Bonds,Senior Debt,10614745,4.8800%,NA,Jun-30-2020,Senior,No,NA,No,No,No,USD,"filings/capitaliq/Financials/Templated/Capital Structure Details/2014FQ3 filed Oct 24, 2014/SPGlobal_GrupoBimbo,S.A.B.deC.V._CapitalStructureDetails_19-Sep-2026 (8).xlsx",Capital Structure Details,As Reported
2014FQ3,2014-09-30,2014-10-24,11,International Bonds,Senior Debt,10614745,4.5000%,NA,Jan-25-2022,Senior,No,NA,No,No,No,USD,"filings/capitaliq/Financials/Templated/Capital Structure Details/2014FQ3 filed Oct 24, 2014/SPGlobal_GrupoBimbo,S.A.B.deC.V._CapitalStructureDetails_19-Sep-2026 (8).xlsx",Capital Structure Details,As Reported
2014FQ3,2014-09-30,2014-10-24,12,International Bonds,Senior Debt,10614745,3.8750%,NA,Jun-27-2024,Senior,No,NA,No,No,No,USD,"filings/capitaliq/Financials/Templated/Capital Structure Details/2014FQ3 filed Oct 24, 2014/SPGlobal_GrupoBimbo,S.A.B.deC.V._CapitalStructureDetails_19-Sep-2026 (8).xlsx",Capital Structure Details,As Reported
2014FQ3,2014-09-30,2014-10-24,13,International Bonds,Senior Debt,6727050,4.8800%,NA,Jun-27-2044,Senior,Yes,Tangible Asset,No,No,No,USD,"filings/capitaliq/Financials/Templated/Capital Structure Details/2014FQ3 filed Oct 24, 2014/SPGlobal_GrupoBimbo,S.A.B.deC.V._CapitalStructureDetails_19-Sep-2026 (8).xlsx",Capital Structure Details,As Reported
2014FQ3,2014-09-30,2014-10-24,14,Local Bonds,Senior Debt,3657678,6.0500%,NA,Jun-06-2016,Senior,No,NA,No,No,No,MXN,"filings/capitaliq/Financials/Templated/Capital Structure Details/2014FQ3 filed Oct 24, 2014/SPGlobal_GrupoBimbo,S.A.B.deC.V._CapitalStructureDetails_19-Sep-2026 (8).xlsx",Capital Structure Details,As Reported
2014FQ3,2014-09-30,2014-10-24,15,Local Bonds,Senior Debt,2000000,10.6000%,NA,Jun-06-2016,Senior,No,NA,No,No,No,MXN,"filings/capitaliq/Financials/Templated/Capital Structure Details/2014FQ3 filed Oct 24, 2014/SPGlobal_GrupoBimbo,S.A.B.deC.V._CapitalStructureDetails_19-Sep-2026 (8).xlsx",Capital Structure Details,As Reported
2014FQ3,2014-09-30,2014-10-24,16,Local Bonds,Senior Debt,5000000,6.8300%,NA,Aug-10-2018,Senior,No,NA,No,No,No,MXN,"filings/capitaliq/Financials/Templated/Capital Structure Details/2014FQ3 filed Oct 24, 2014/SPGlobal_GrupoBimbo,S.A.B.deC.V._CapitalStructureDetails_19-Sep-2026 (8).xlsx",Capital Structure Details,As Reported
2014FQ3,2014-09-30,2014-10-24,17,Revolving Credit Lines USD,Revolving Credit,0,NA,LIBOR + 90 bp,Nov-28-2014,Senior,No,NA,No,No,No,USD,"filings/capitaliq/Financials/Templated/Capital Structure Details/2014FQ3 filed Oct 24, 2014/SPGlobal_GrupoBimbo,S.A.B.deC.V._CapitalStructureDetails_19-Sep-2026 (8).xlsx",Capital Structure Details,As Reported
2014FQ3,2014-09-30,2014-10-24,18,Syndicated Bank Loan,Term Loans,0,NA,LIBOR + 110 bp,Apr-20-2016,Senior,No,NA,No,No,No,USD,"filings/capitaliq/Financials/Templated/Capital Structure Details/2014FQ3 filed Oct 24, 2014/SPGlobal_GrupoBimbo,S.A.B.deC.V._CapitalStructureDetails_19-Sep-2026 (8).xlsx",Capital Structure Details,As Reported
2014FQ3,2014-09-30,2014-10-24,19,Unsecured Working Capital Loans,Revolving Credit,0,3.6500%,NA,Apr-28-2015,Senior,No,NA,No,No,No,MXN,"filings/capitaliq/Financials/Templated/Capital Structure Details/2014FQ3 filed Oct 24, 2014/SPGlobal_GrupoBimbo,S.A.B.deC.V._CapitalStructureDetails_19-Sep-2026 (8).xlsx",Capital Structure Details,As Reported
2014FY,2014-12-31,2015-04-29,1,Bimbo 09 - Bond,Senior Debt,0,NA,New Benchmark + 155.00 bp,Jun-09-2014,Senior,No,NA,No,No,No,MXN,"filings/capitaliq/Financials/Templated/Capital Structure Details/2014FY filed Apr 29, 2015/SPGlobal_GrupoBimbo,S.A.B.deC.V._CapitalStructureDetails_20-Sep-2026 (11).xlsx",Capital Structure Details,As Reported
2014FY,2014-12-31,2015-04-29,2,"Committed, Syndicated and Multi-Currency Revolving Credit Facility",Revolving Credit,6656000,NA,Various Benchmarks,Sep-14-2026 - Mar-15-2028,Senior,No,NA,No,No,No,NA,"filings/capitaliq/Financials/Templated/Capital Structure Details/2014FY filed Apr 29, 2015/SPGlobal_GrupoBimbo,S.A.B.deC.V._CapitalStructureDetails_20-Sep-2026 (11).xlsx",Capital Structure Details,As Reported
2014FY,2014-12-31,2015-04-29,3,Finance Leases,Capital Lease,50000,NA,NA,2017,Senior,Yes,Tangible Asset,No,No,No,MXN,"filings/capitaliq/Financials/Templated/Capital Structure Details/2014FY filed Apr 29, 2015/SPGlobal_GrupoBimbo,S.A.B.deC.V._CapitalStructureDetails_20-Sep-2026 (11).xlsx",Capital Structure Details,As Reported
2014FY,2014-12-31,2015-04-29,4,International Bonds,Senior Debt,11774000,4.8800%,NA,Jun-30-2020,Senior,No,NA,No,No,No,USD,"filings/capitaliq/Financials/Templated/Capital Structure Details/2014FY filed Apr 29, 2015/SPGlobal_GrupoBimbo,S.A.B.deC.V._CapitalStructureDetails_20-Sep-2026 (11).xlsx",Capital Structure Details,As Reported
2014FY,2014-12-31,2015-04-29,5,International Bonds,Senior Debt,11774000,4.5000%,NA,Jan-25-2022,Senior,No,NA,No,No,No,USD,"filings/capitaliq/Financials/Templated/Capital Structure Details/2014FY filed Apr 29, 2015/SPGlobal_GrupoBimbo,S.A.B.deC.V._CapitalStructureDetails_20-Sep-2026 (11).xlsx",Capital Structure Details,As Reported
2014FY,2014-12-31,2015-04-29,6,International Bonds,Senior Debt,11774000,3.8750%,NA,Jun-27-2024,Senior,No,NA,No,No,No,USD,"filings/capitaliq/Financials/Templated/Capital Structure Details/2014FY filed Apr 29, 2015/SPGlobal_GrupoBimbo,S.A.B.deC.V._CapitalStructureDetails_20-Sep-2026 (11).xlsx",Capital Structure Details,As Reported
2014FY,2014-12-31,2015-04-29,7,International Bonds,Senior Debt,7359000,4.8800%,NA,Jun-27-2044,Senior,Yes,Tangible Asset,No,No,No,USD,"filings/capitaliq/Financials/Templated/Capital Structure Details/2014FY filed Apr 29, 2015/SPGlobal_GrupoBimbo,S.A.B.deC.V._CapitalStructureDetails_20-Sep-2026 (11).xlsx",Capital Structure Details,As Reported
2014FY,2014-12-31,2015-04-29,8,Local Bonds,Senior Debt,3722000,6.0500%,NA,Jun-06-2016,Senior,No,NA,No,No,No,MXN,"filings/capitaliq/Financials/Templated/Capital Structure Details/2014FY filed Apr 29, 2015/SPGlobal_GrupoBimbo,S.A.B.deC.V._CapitalStructureDetails_20-Sep-2026 (11).xlsx",Capital Structure Details,As Reported
2014FY,2014-12-31,2015-04-29,9,Local Bonds,Senior Debt,2000000,10.6000%,NA,Jun-06-2016,Senior,No,NA,No,No,No,MXN,"filings/capitaliq/Financials/Templated/Capital Structure Details/2014FY filed Apr 29, 2015/SPGlobal_GrupoBimbo,S.A.B.deC.V._CapitalStructureDetails_20-Sep-2026 (11).xlsx",Capital Structure Details,As Reported
2014FY,2014-12-31,2015-04-29,10,Local Bonds,Senior Debt,5000000,6.8300%,NA,Aug-10-2018,Senior,No,NA,No,No,No,MXN,"filings/capitaliq/Financials/Templated/Capital Structure Details/2014FY filed Apr 29, 2015/SPGlobal_GrupoBimbo,S.A.B.deC.V._CapitalStructureDetails_20-Sep-2026 (11).xlsx",Capital Structure Details,As Reported
2014FY,2014-12-31,2015-04-29,11,Syndicated Bank Loan,Term Loans,0,NA,LIBOR + 110.00 bp,Apr-20-2016,Senior,No,NA,No,No,No,USD,"filings/capitaliq/Financials/Templated/Capital Structure Details/2014FY filed Apr 29, 2015/SPGlobal_GrupoBimbo,S.A.B.deC.V._CapitalStructureDetails_20-Sep-2026 (11).xlsx",Capital Structure Details,As Reported
2014FY,2014-12-31,2015-04-29,12,Unsecured Loans for Working Capital,Revolving Credit,280000,4.1500%,NA,NA,Senior,No,NA,No,No,No,MXN,"filings/capitaliq/Financials/Templated/Capital Structure Details/2014FY filed Apr 29, 2015/SPGlobal_GrupoBimbo,S.A.B.deC.V._CapitalStructureDetails_20-Sep-2026 (11).xlsx",Capital Structure Details,As Reported
2014FY,2014-12-31,2015-04-29,13,Working Capital,Revolving Credit,2295000,NA,NA,2015 - 2020,Senior,No,NA,No,No,No,MXN,"filings/capitaliq/Financials/Templated/Capital Structure Details/2014FY filed Apr 29, 2015/SPGlobal_GrupoBimbo,S.A.B.deC.V._CapitalStructureDetails_20-Sep-2026 (11).xlsx",Capital Structure Details,As Reported
2015FQ1,2015-03-31,2015-04-24,1,Bank Credit with Nacional Financiera,Term Loans,16639,2.1800%,NA,Feb-28-2016,Senior,No,NA,No,No,No,NA,"filings/capitaliq/Financials/Templated/Capital Structure Details/2015FQ1 filed Apr 24, 2015/SPGlobal_GrupoBimbo,S.A.B.deC.V._CapitalStructureDetails_19-Sep-2026 (9).xlsx",Capital Structure Details,As Reported
2015FQ1,2015-03-31,2015-04-24,2,Bank Credit with Nacional Financiera,Term Loans,243285,4.5500%,NA,Jan-29-2016,Senior,No,NA,No,No,No,MXN,"filings/capitaliq/Financials/Templated/Capital Structure Details/2015FQ1 filed Apr 24, 2015/SPGlobal_GrupoBimbo,S.A.B.deC.V._CapitalStructureDetails_19-Sep-2026 (9).xlsx",Capital Structure Details,As Reported
2015FQ1,2015-03-31,2015-04-24,3,Committed Revolving Credit Line,Revolving Credit,1288107,NA,Various Benchmarks,Mar-13-2019,Senior,No,NA,No,No,No,NA,"filings/capitaliq/Financials/Templated/Capital Structure Details/2015FQ1 filed Apr 24, 2015/SPGlobal_GrupoBimbo,S.A.B.deC.V._CapitalStructureDetails_19-Sep-2026 (9).xlsx",Capital Structure Details,As Reported
2015FQ1,2015-03-31,2015-04-24,4,Committed Revolving Credit Line,Revolving Credit,3516714,NA,Various Benchmarks,Mar-13-2019,Senior,No,NA,No,No,No,NA,"filings/capitaliq/Financials/Templated/Capital Structure Details/2015FQ1 filed Apr 24, 2015/SPGlobal_GrupoBimbo,S.A.B.deC.V._CapitalStructureDetails_19-Sep-2026 (9).xlsx",Capital Structure Details,As Reported
2015FQ1,2015-03-31,2015-04-24,5,Committed Revolving Credit Line,Revolving Credit,687500,NA,Various Benchmarks,Mar-13-2019,Senior,No,NA,No,No,No,NA,"filings/capitaliq/Financials/Templated/Capital Structure Details/2015FQ1 filed Apr 24, 2015/SPGlobal_GrupoBimbo,S.A.B.deC.V._CapitalStructureDetails_19-Sep-2026 (9).xlsx",Capital Structure Details,As Reported
2015FQ1,2015-03-31,2015-04-24,6,Exchange Traded Securities BIMBO 09 U,Senior Debt,3741839,6.0500%,NA,Jun-06-2016,Senior,No,NA,No,No,No,MXN,"filings/capitaliq/Financials/Templated/Capital Structure Details/2015FQ1 filed Apr 24, 2015/SPGlobal_GrupoBimbo,S.A.B.deC.V._CapitalStructureDetails_19-Sep-2026 (9).xlsx",Capital Structure Details,As Reported
2015FQ1,2015-03-31,2015-04-24,7,Exchange Traded Securities BIMBO 12,Senior Debt,5000000,6.8300%,NA,Aug-03-2018,Senior,No,NA,No,No,No,MXN,"filings/capitaliq/Financials/Templated/Capital Structure Details/2015FQ1 filed Apr 24, 2015/SPGlobal_GrupoBimbo,S.A.B.deC.V._CapitalStructureDetails_19-Sep-2026 (9).xlsx",Capital Structure Details,As Reported
2015FQ1,2015-03-31,2015-04-24,8,Finance Leases,Capital Lease,45273,NA,NA,2017,Senior,Yes,Tangible Asset,No,No,No,MXN,"filings/capitaliq/Financials/Templated/Capital Structure Details/2015FQ1 filed Apr 24, 2015/SPGlobal_GrupoBimbo,S.A.B.deC.V._CapitalStructureDetails_19-Sep-2026 (9).xlsx",Capital Structure Details,As Reported
2015FQ1,2015-03-31,2015-04-24,9,International Bonds,Senior Debt,11983929,4.8750%,NA,Jun-30-2020,Senior,No,NA,No,No,No,USD,"filings/capitaliq/Financials/Templated/Capital Structure Details/2015FQ1 filed Apr 24, 2015/SPGlobal_GrupoBimbo,S.A.B.deC.V._CapitalStructureDetails_19-Sep-2026 (9).xlsx",Capital Structure Details,As Reported
2015FQ1,2015-03-31,2015-04-24,10,International Bonds,Senior Debt,11983929,4.5000%,NA,Jan-25-2022,Senior,No,NA,No,No,No,USD,"filings/capitaliq/Financials/Templated/Capital Structure Details/2015FQ1 filed Apr 24, 2015/SPGlobal_GrupoBimbo,S.A.B.deC.V._CapitalStructureDetails_19-Sep-2026 (9).xlsx",Capital Structure Details,As Reported
2015FQ1,2015-03-31,2015-04-24,11,International Bonds,Senior Debt,11983929,3.8750%,NA,Jun-27-2024,Senior,No,NA,No,No,No,USD,"filings/capitaliq/Financials/Templated/Capital Structure Details/2015FQ1 filed Apr 24, 2015/SPGlobal_GrupoBimbo,S.A.B.deC.V._CapitalStructureDetails_19-Sep-2026 (9).xlsx",Capital Structure Details,As Reported
2015FQ1,2015-03-31,2015-04-24,12,International Bonds,Senior Debt,7577100,4.8750%,NA,Jun-27-2044,Senior,Yes,Tangible Asset,No,No,No,USD,"filings/capitaliq/Financials/Templated/Capital Structure Details/2015FQ1 filed Apr 24, 2015/SPGlobal_GrupoBimbo,S.A.B.deC.V._CapitalStructureDetails_19-Sep-2026 (9).xlsx",Capital Structure Details,As Reported
2015FQ1,2015-03-31,2015-04-24,13,Local Bonds,Senior Debt,2000000,10.6000%,NA,Jun-06-2016,Senior,No,NA,No,No,No,MXN,"filings/capitaliq/Financials/Templated/Capital Structure Details/2015FQ1 filed Apr 24, 2015/SPGlobal_GrupoBimbo,S.A.B.deC.V._CapitalStructureDetails_19-Sep-2026 (9).xlsx",Capital Structure Details,As Reported
2015FQ1,2015-03-31,2015-04-24,14,Revolving Credit Line 1,Revolving Credit,1060794,1.4400%,Various Benchmarks,Mar-20-2019,Senior,No,NA,No,No,No,NA,"filings/capitaliq/Financials/Templated/Capital Structure Details/2015FQ1 filed Apr 24, 2015/SPGlobal_GrupoBimbo,S.A.B.deC.V._CapitalStructureDetails_19-Sep-2026 (9).xlsx",Capital Structure Details,As Reported
2015FQ1,2015-03-31,2015-04-24,15,Unsecured Working Capital Loans,Revolving Credit,60000,3.6500%,NA,Apr-28-2015,Senior,No,NA,No,No,No,MXN,"filings/capitaliq/Financials/Templated/Capital Structure Details/2015FQ1 filed Apr 24, 2015/SPGlobal_GrupoBimbo,S.A.B.deC.V._CapitalStructureDetails_19-Sep-2026 (9).xlsx",Capital Structure Details,As Reported
2015FQ1,2015-03-31,2015-04-24,16,Working Capital Bank Credit with Subsidiaries,Revolving Credit,3669682,NA,NA,Mar-30-2019,Senior,No,NA,No,No,No,NA,"filings/capitaliq/Financials/Templated/Capital Structure Details/2015FQ1 filed Apr 24, 2015/SPGlobal_GrupoBimbo,S.A.B.deC.V._CapitalStructureDetails_19-Sep-2026 (9).xlsx",Capital Structure Details,As Reported
2015FQ2,2015-06-30,2015-07-22,1,Bank Credit with Nacional Financiera,Term Loans,37430,2.1800%,NA,Feb-28-2016,Senior,No,NA,No,No,No,NA,"filings/capitaliq/Financials/Templated/Capital Structure Details/2015FQ2 filed Jul 22, 2015/SPGlobal_GrupoBimbo,S.A.B.deC.V._CapitalStructureDetails_19-Sep-2026 (10).xlsx",Capital Structure Details,As Reported
2015FQ2,2015-06-30,2015-07-22,2,Bank Credit with Nacional Financiera,Term Loans,318325,4.5500%,NA,Jan-29-2016,Senior,No,NA,No,No,No,MXN,"filings/capitaliq/Financials/Templated/Capital Structure Details/2015FQ2 filed Jul 22, 2015/SPGlobal_GrupoBimbo,S.A.B.deC.V._CapitalStructureDetails_19-Sep-2026 (10).xlsx",Capital Structure Details,As Reported
2015FQ2,2015-06-30,2015-07-22,3,Committed Revolving Credit Line,Revolving Credit,562380,1.1500%,Various Benchmarks,Mar-13-2019,Senior,No,NA,No,No,No,NA,"filings/capitaliq/Financials/Templated/Capital Structure Details/2015FQ2 filed Jul 22, 2015/SPGlobal_GrupoBimbo,S.A.B.deC.V._CapitalStructureDetails_19-Sep-2026 (10).xlsx",Capital Structure Details,As Reported
2015FQ2,2015-06-30,2015-07-22,4,Committed Revolving Credit Line,Revolving Credit,292188,1.1500%,Various Benchmarks,Mar-13-2019,Senior,No,NA,No,No,No,NA,"filings/capitaliq/Financials/Templated/Capital Structure Details/2015FQ2 filed Jul 22, 2015/SPGlobal_GrupoBimbo,S.A.B.deC.V._CapitalStructureDetails_19-Sep-2026 (10).xlsx",Capital Structure Details,As Reported
2015FQ2,2015-06-30,2015-07-22,5,Committed Revolving Credit Line,Revolving Credit,1560103,2.2400%,Various Benchmarks,Mar-13-2019,Senior,No,NA,No,No,No,NA,"filings/capitaliq/Financials/Templated/Capital Structure Details/2015FQ2 filed Jul 22, 2015/SPGlobal_GrupoBimbo,S.A.B.deC.V._CapitalStructureDetails_19-Sep-2026 (10).xlsx",Capital Structure Details,As Reported
2015FQ2,2015-06-30,2015-07-22,6,Committed Revolving Credit Line,Revolving Credit,1089732,1.1500%,Various Benchmarks,Mar-13-2019,Senior,No,NA,No,No,No,NA,"filings/capitaliq/Financials/Templated/Capital Structure Details/2015FQ2 filed Jul 22, 2015/SPGlobal_GrupoBimbo,S.A.B.deC.V._CapitalStructureDetails_19-Sep-2026 (10).xlsx",Capital Structure Details,As Reported
2015FQ2,2015-06-30,2015-07-22,7,Exchange Traded Securities BIMBO 09 U,Senior Debt,3726996,6.0500%,NA,Jun-06-2016,Senior,No,NA,No,No,No,MXN,"filings/capitaliq/Financials/Templated/Capital Structure Details/2015FQ2 filed Jul 22, 2015/SPGlobal_GrupoBimbo,S.A.B.deC.V._CapitalStructureDetails_19-Sep-2026 (10).xlsx",Capital Structure Details,As Reported
2015FQ2,2015-06-30,2015-07-22,8,Exchange Traded Securities BIMBO 12,Senior Debt,5000000,6.8300%,NA,Aug-03-2018,Senior,No,NA,No,No,No,MXN,"filings/capitaliq/Financials/Templated/Capital Structure Details/2015FQ2 filed Jul 22, 2015/SPGlobal_GrupoBimbo,S.A.B.deC.V._CapitalStructureDetails_19-Sep-2026 (10).xlsx",Capital Structure Details,As Reported
2015FQ2,2015-06-30,2015-07-22,9,Finance Leases,Capital Lease,39184,NA,NA,2017,Senior,Yes,Tangible Asset,No,No,No,MXN,"filings/capitaliq/Financials/Templated/Capital Structure Details/2015FQ2 filed Jul 22, 2015/SPGlobal_GrupoBimbo,S.A.B.deC.V._CapitalStructureDetails_19-Sep-2026 (10).xlsx",Capital Structure Details,As Reported
2015FQ2,2015-06-30,2015-07-22,10,International Bonds,Senior Debt,12319201,4.8800%,NA,Jun-30-2020,Senior,No,NA,No,No,No,USD,"filings/capitaliq/Financials/Templated/Capital Structure Details/2015FQ2 filed Jul 22, 2015/SPGlobal_GrupoBimbo,S.A.B.deC.V._CapitalStructureDetails_19-Sep-2026 (10).xlsx",Capital Structure Details,As Reported
2015FQ2,2015-06-30,2015-07-22,11,International Bonds,Senior Debt,12319201,4.5000%,NA,Jan-25-2022,Senior,No,NA,No,No,No,USD,"filings/capitaliq/Financials/Templated/Capital Structure Details/2015FQ2 filed Jul 22, 2015/SPGlobal_GrupoBimbo,S.A.B.deC.V._CapitalStructureDetails_19-Sep-2026 (10).xlsx",Capital Structure Details,As Reported
2015FQ2,2015-06-30,2015-07-22,12,International Bonds,Senior Debt,12319202,3.8750%,NA,Jun-27-2024,Senior,No,NA,No,No,No,USD,"filings/capitaliq/Financials/Templated/Capital Structure Details/2015FQ2 filed Jul 22, 2015/SPGlobal_GrupoBimbo,S.A.B.deC.V._CapitalStructureDetails_19-Sep-2026 (10).xlsx",Capital Structure Details,As Reported
2015FQ2,2015-06-30,2015-07-22,13,International Bonds,Senior Debt,7783800,4.8800%,NA,Jun-27-2044,Senior,Yes,Tangible Asset,No,No,No,USD,"filings/capitaliq/Financials/Templated/Capital Structure Details/2015FQ2 filed Jul 22, 2015/SPGlobal_GrupoBimbo,S.A.B.deC.V._CapitalStructureDetails_19-Sep-2026 (10).xlsx",Capital Structure Details,As Reported
2015FQ2,2015-06-30,2015-07-22,14,Local Bonds,Senior Debt,2000000,10.6000%,NA,Jun-06-2016,Senior,No,NA,No,No,No,MXN,"filings/capitaliq/Financials/Templated/Capital Structure Details/2015FQ2 filed Jul 22, 2015/SPGlobal_GrupoBimbo,S.A.B.deC.V._CapitalStructureDetails_19-Sep-2026 (10).xlsx",Capital Structure Details,As Reported
2015FQ2,2015-06-30,2015-07-22,15,Unsecured Working Capital Loans,Revolving Credit,0,3.6500%,NA,Apr-28-2015,Senior,No,NA,No,No,No,MXN,"filings/capitaliq/Financials/Templated/Capital Structure Details/2015FQ2 filed Jul 22, 2015/SPGlobal_GrupoBimbo,S.A.B.deC.V._CapitalStructureDetails_19-Sep-2026 (10).xlsx",Capital Structure Details,As Reported
2015FQ2,2015-06-30,2015-07-22,16,Working Capital Bank Credit with Subsidiaries,Revolving Credit,4845947,NA,NA,Mar-30-2019,Senior,No,NA,No,No,No,NA,"filings/capitaliq/Financials/Templated/Capital Structure Details/2015FQ2 filed Jul 22, 2015/SPGlobal_GrupoBimbo,S.A.B.deC.V._CapitalStructureDetails_19-Sep-2026 (10).xlsx",Capital Structure Details,As Reported
2015FQ3,2015-09-30,2015-10-22,1,Committed Revolving Credit Line,Revolving Credit,469827,1.1500%,Various Benchmarks,Mar-13-2019,Senior,No,NA,No,No,No,NA,"filings/capitaliq/Financials/Templated/Capital Structure Details/2015FQ3 filed Oct 22, 2015/SPGlobal_GrupoBimbo,S.A.B.deC.V._CapitalStructureDetails_19-Sep-2026 (11).xlsx",Capital Structure Details,As Reported
2015FQ3,2015-09-30,2015-10-22,2,Committed Revolving Credit Line,Revolving Credit,223438,1.1500%,Various Benchmarks,Mar-13-2019,Senior,No,NA,No,No,No,NA,"filings/capitaliq/Financials/Templated/Capital Structure Details/2015FQ3 filed Oct 22, 2015/SPGlobal_GrupoBimbo,S.A.B.deC.V._CapitalStructureDetails_19-Sep-2026 (11).xlsx",Capital Structure Details,As Reported
2015FQ3,2015-09-30,2015-10-22,3,Committed Revolving Credit Line,Revolving Credit,1206690,2.2400%,Various Benchmarks,Mar-13-2019,Senior,No,NA,No,No,No,NA,"filings/capitaliq/Financials/Templated/Capital Structure Details/2015FQ3 filed Oct 22, 2015/SPGlobal_GrupoBimbo,S.A.B.deC.V._CapitalStructureDetails_19-Sep-2026 (11).xlsx",Capital Structure Details,As Reported
2015FQ3,2015-09-30,2015-10-22,4,Committed Revolving Credit Line,Revolving Credit,1190511,1.1500%,Various Benchmarks,Mar-13-2019,Senior,No,NA,No,No,No,NA,"filings/capitaliq/Financials/Templated/Capital Structure Details/2015FQ3 filed Oct 22, 2015/SPGlobal_GrupoBimbo,S.A.B.deC.V._CapitalStructureDetails_19-Sep-2026 (11).xlsx",Capital Structure Details,As Reported
2015FQ3,2015-09-30,2015-10-22,5,Exchange Traded Securities BIMBO 09 U,Senior Debt,3750264,6.0500%,NA,Jun-06-2016,Senior,No,NA,No,No,No,MXN,"filings/capitaliq/Financials/Templated/Capital Structure Details/2015FQ3 filed Oct 22, 2015/SPGlobal_GrupoBimbo,S.A.B.deC.V._CapitalStructureDetails_19-Sep-2026 (11).xlsx",Capital Structure Details,As Reported
2015FQ3,2015-09-30,2015-10-22,6,Exchange Traded Securities BIMBO 12,Senior Debt,5000000,6.8300%,NA,Aug-03-2018,Senior,No,NA,No,No,No,MXN,"filings/capitaliq/Financials/Templated/Capital Structure Details/2015FQ3 filed Oct 22, 2015/SPGlobal_GrupoBimbo,S.A.B.deC.V._CapitalStructureDetails_19-Sep-2026 (11).xlsx",Capital Structure Details,As Reported
2015FQ3,2015-09-30,2015-10-22,7,Finance Leases,Capital Lease,34805,NA,NA,2017,Senior,Yes,Tangible Asset,No,No,No,MXN,"filings/capitaliq/Financials/Templated/Capital Structure Details/2015FQ3 filed Oct 22, 2015/SPGlobal_GrupoBimbo,S.A.B.deC.V._CapitalStructureDetails_19-Sep-2026 (11).xlsx",Capital Structure Details,As Reported
2015FQ3,2015-09-30,2015-10-22,8,International Bonds,Senior Debt,13475513,4.8800%,NA,Jun-30-2020,Senior,No,NA,No,No,No,USD,"filings/capitaliq/Financials/Templated/Capital Structure Details/2015FQ3 filed Oct 22, 2015/SPGlobal_GrupoBimbo,S.A.B.deC.V._CapitalStructureDetails_19-Sep-2026 (11).xlsx",Capital Structure Details,As Reported
2015FQ3,2015-09-30,2015-10-22,9,International Bonds,Senior Debt,13475513,4.5000%,NA,Jan-25-2022,Senior,No,NA,No,No,No,USD,"filings/capitaliq/Financials/Templated/Capital Structure Details/2015FQ3 filed Oct 22, 2015/SPGlobal_GrupoBimbo,S.A.B.deC.V._CapitalStructureDetails_19-Sep-2026 (11).xlsx",Capital Structure Details,As Reported
2015FQ3,2015-09-30,2015-10-22,10,International Bonds,Senior Debt,13475513,3.8750%,NA,Jun-27-2024,Senior,No,NA,No,No,No,USD,"filings/capitaliq/Financials/Templated/Capital Structure Details/2015FQ3 filed Oct 22, 2015/SPGlobal_GrupoBimbo,S.A.B.deC.V._CapitalStructureDetails_19-Sep-2026 (11).xlsx",Capital Structure Details,As Reported
2015FQ3,2015-09-30,2015-10-22,11,International Bonds,Senior Debt,8503650,4.8800%,NA,Jun-27-2044,Senior,Yes,Tangible Asset,No,No,No,USD,"filings/capitaliq/Financials/Templated/Capital Structure Details/2015FQ3 filed Oct 22, 2015/SPGlobal_GrupoBimbo,S.A.B.deC.V._CapitalStructureDetails_19-Sep-2026 (11).xlsx",Capital Structure Details,As Reported
2015FQ3,2015-09-30,2015-10-22,12,Local Bonds,Senior Debt,2000000,10.6000%,NA,Jun-06-2016,Senior,No,NA,No,No,No,MXN,"filings/capitaliq/Financials/Templated/Capital Structure Details/2015FQ3 filed Oct 22, 2015/SPGlobal_GrupoBimbo,S.A.B.deC.V._CapitalStructureDetails_19-Sep-2026 (11).xlsx",Capital Structure Details,As Reported
2015FQ3,2015-09-30,2015-10-22,13,Revolving Credit Lines USD,Revolving Credit,0,NA,LIBOR + 90 bp,Nov-28-2014,Senior,No,NA,No,No,No,USD,"filings/capitaliq/Financials/Templated/Capital Structure Details/2015FQ3 filed Oct 22, 2015/SPGlobal_GrupoBimbo,S.A.B.deC.V._CapitalStructureDetails_19-Sep-2026 (11).xlsx",Capital Structure Details,As Reported
2015FQ3,2015-09-30,2015-10-22,14,Unsecured Loans for Working Capital,Revolving Credit,NA,4.1500%,NA,NA,Senior,No,NA,No,No,No,MXN,"filings/capitaliq/Financials/Templated/Capital Structure Details/2015FQ3 filed Oct 22, 2015/SPGlobal_GrupoBimbo,S.A.B.deC.V._CapitalStructureDetails_19-Sep-2026 (11).xlsx",Capital Structure Details,As Reported
2015FQ3,2015-09-30,2015-10-22,15,Working Capital Bank Credit with National Financiera,Revolving Credit,16442,NA,NA,Feb-28-2016,Senior,No,NA,No,No,No,NA,"filings/capitaliq/Financials/Templated/Capital Structure Details/2015FQ3 filed Oct 22, 2015/SPGlobal_GrupoBimbo,S.A.B.deC.V._CapitalStructureDetails_19-Sep-2026 (11).xlsx",Capital Structure Details,As Reported
2015FQ3,2015-09-30,2015-10-22,16,Working Capital Bank Credit with National Financiera,Revolving Credit,281340,NA,NA,Dec-09-2015,Senior,No,NA,No,No,No,MXN,"filings/capitaliq/Financials/Templated/Capital Structure Details/2015FQ3 filed Oct 22, 2015/SPGlobal_GrupoBimbo,S.A.B.deC.V._CapitalStructureDetails_19-Sep-2026 (11).xlsx",Capital Structure Details,As Reported
2015FQ3,2015-09-30,2015-10-22,17,Working Capital Bank Credit with Subsidiaries,Revolving Credit,5311032,NA,NA,Mar-30-2019,Senior,No,NA,No,No,No,NA,"filings/capitaliq/Financials/Templated/Capital Structure Details/2015FQ3 filed Oct 22, 2015/SPGlobal_GrupoBimbo,S.A.B.deC.V._CapitalStructureDetails_19-Sep-2026 (11).xlsx",Capital Structure Details,As Reported
2015FY,2015-12-31,2016-03-30,1,"Committed, Syndicated and Multi-Currency Revolving Credit Facility",Revolving Credit,1854000,NA,Various Benchmarks,Sep-14-2026 - Mar-15-2028,Senior,No,NA,No,No,No,NA,"filings/capitaliq/Financials/Templated/Capital Structure Details/2015FY filed Mar 30, 2016/SPGlobal_GrupoBimbo,S.A.B.deC.V._CapitalStructureDetails_20-Sep-2026 (12).xlsx",Capital Structure Details,As Reported
2015FY,2015-12-31,2016-03-30,2,Finance Leases,Capital Lease,941000,NA,NA,2021,Senior,Yes,Tangible Asset,No,No,No,MXN,"filings/capitaliq/Financials/Templated/Capital Structure Details/2015FY filed Mar 30, 2016/SPGlobal_GrupoBimbo,S.A.B.deC.V._CapitalStructureDetails_20-Sep-2026 (12).xlsx",Capital Structure Details,As Reported
2015FY,2015-12-31,2016-03-30,3,International Bonds,Senior Debt,13765000,4.8800%,NA,Jun-30-2020,Senior,No,NA,No,No,No,USD,"filings/capitaliq/Financials/Templated/Capital Structure Details/2015FY filed Mar 30, 2016/SPGlobal_GrupoBimbo,S.A.B.deC.V._CapitalStructureDetails_20-Sep-2026 (12).xlsx",Capital Structure Details,As Reported
2015FY,2015-12-31,2016-03-30,4,International Bonds,Senior Debt,13765000,4.5000%,NA,Jan-25-2022,Senior,No,NA,No,No,No,USD,"filings/capitaliq/Financials/Templated/Capital Structure Details/2015FY filed Mar 30, 2016/SPGlobal_GrupoBimbo,S.A.B.deC.V._CapitalStructureDetails_20-Sep-2026 (12).xlsx",Capital Structure Details,As Reported
2015FY,2015-12-31,2016-03-30,5,International Bonds,Senior Debt,13765000,3.8750%,NA,Jun-27-2024,Senior,No,NA,No,No,No,USD,"filings/capitaliq/Financials/Templated/Capital Structure Details/2015FY filed Mar 30, 2016/SPGlobal_GrupoBimbo,S.A.B.deC.V._CapitalStructureDetails_20-Sep-2026 (12).xlsx",Capital Structure Details,As Reported
2015FY,2015-12-31,2016-03-30,6,International Bonds,Senior Debt,8603000,4.8800%,NA,Jun-27-2044,Senior,Yes,Tangible Asset,No,No,No,USD,"filings/capitaliq/Financials/Templated/Capital Structure Details/2015FY filed Mar 30, 2016/SPGlobal_GrupoBimbo,S.A.B.deC.V._CapitalStructureDetails_20-Sep-2026 (12).xlsx",Capital Structure Details,As Reported
2015FY,2015-12-31,2016-03-30,7,Local Bonds,Senior Debt,3801000,6.0500%,NA,Jun-06-2016,Senior,No,NA,No,No,No,MXN,"filings/capitaliq/Financials/Templated/Capital Structure Details/2015FY filed Mar 30, 2016/SPGlobal_GrupoBimbo,S.A.B.deC.V._CapitalStructureDetails_20-Sep-2026 (12).xlsx",Capital Structure Details,As Reported
2015FY,2015-12-31,2016-03-30,8,Local Bonds,Senior Debt,2000000,10.6000%,NA,Jun-06-2016,Senior,No,NA,No,No,No,MXN,"filings/capitaliq/Financials/Templated/Capital Structure Details/2015FY filed Mar 30, 2016/SPGlobal_GrupoBimbo,S.A.B.deC.V._CapitalStructureDetails_20-Sep-2026 (12).xlsx",Capital Structure Details,As Reported
2015FY,2015-12-31,2016-03-30,9,Local Bonds,Senior Debt,5000000,6.8300%,NA,Aug-10-2018,Senior,No,NA,No,No,No,MXN,"filings/capitaliq/Financials/Templated/Capital Structure Details/2015FY filed Mar 30, 2016/SPGlobal_GrupoBimbo,S.A.B.deC.V._CapitalStructureDetails_20-Sep-2026 (12).xlsx",Capital Structure Details,As Reported
2015FY,2015-12-31,2016-03-30,10,Unsecured Loans for Working Capital,Revolving Credit,0,4.1500%,NA,NA,Senior,No,NA,No,No,No,MXN,"filings/capitaliq/Financials/Templated/Capital Structure Details/2015FY filed Mar 30, 2016/SPGlobal_GrupoBimbo,S.A.B.deC.V._CapitalStructureDetails_20-Sep-2026 (12).xlsx",Capital Structure Details,As Reported
2015FY,2015-12-31,2016-03-30,11,Working Capital Bank Credit with National Financiera,Revolving Credit,16442,NA,NA,Feb-28-2016,Senior,No,NA,No,No,No,NA,"filings/capitaliq/Financials/Templated/Capital Structure Details/2015FY filed Mar 30, 2016/SPGlobal_GrupoBimbo,S.A.B.deC.V._CapitalStructureDetails_20-Sep-2026 (12).xlsx",Capital Structure Details,As Reported
2015FY,2015-12-31,2016-03-30,12,Working Capital Bank Credit with Subsidiaries,Revolving Credit,5311032,NA,NA,Mar-30-2019,Senior,No,NA,No,No,No,NA,"filings/capitaliq/Financials/Templated/Capital Structure Details/2015FY filed Mar 30, 2016/SPGlobal_GrupoBimbo,S.A.B.deC.V._CapitalStructureDetails_20-Sep-2026 (12).xlsx",Capital Structure Details,As Reported
2016FQ1,2016-03-31,2016-04-26,1,Finance Leases,Capital Lease,1976734,NA,NA,2021,Senior,Yes,Tangible Asset,No,No,No,MXN,"filings/capitaliq/Financials/Templated/Capital Structure Details/2016FQ1 filed Apr 26, 2016/SPGlobal_GrupoBimbo,S.A.B.deC.V._CapitalStructureDetails_19-Sep-2026 (12).xlsx",Capital Structure Details,As Reported
2016FQ1,2016-03-31,2016-04-26,2,Finance Leases,Capital Lease,29704,NA,NA,2017,Senior,Yes,Tangible Asset,No,No,No,MXN,"filings/capitaliq/Financials/Templated/Capital Structure Details/2016FQ1 filed Apr 26, 2016/SPGlobal_GrupoBimbo,S.A.B.deC.V._CapitalStructureDetails_19-Sep-2026 (12).xlsx",Capital Structure Details,As Reported
2016FQ1,2016-03-31,2016-04-26,3,International Bonds,Senior Debt,13792911,4.8800%,NA,Jun-30-2020,Senior,No,NA,No,No,No,USD,"filings/capitaliq/Financials/Templated/Capital Structure Details/2016FQ1 filed Apr 26, 2016/SPGlobal_GrupoBimbo,S.A.B.deC.V._CapitalStructureDetails_19-Sep-2026 (12).xlsx",Capital Structure Details,As Reported
2016FQ1,2016-03-31,2016-04-26,4,International Bonds,Senior Debt,13792911,4.5000%,NA,Jan-25-2022,Senior,No,NA,No,No,No,USD,"filings/capitaliq/Financials/Templated/Capital Structure Details/2016FQ1 filed Apr 26, 2016/SPGlobal_GrupoBimbo,S.A.B.deC.V._CapitalStructureDetails_19-Sep-2026 (12).xlsx",Capital Structure Details,As Reported
2016FQ1,2016-03-31,2016-04-26,5,International Bonds,Senior Debt,13792912,3.8750%,NA,Jun-27-2024,Senior,No,NA,No,No,No,USD,"filings/capitaliq/Financials/Templated/Capital Structure Details/2016FQ1 filed Apr 26, 2016/SPGlobal_GrupoBimbo,S.A.B.deC.V._CapitalStructureDetails_19-Sep-2026 (12).xlsx",Capital Structure Details,As Reported
2016FQ1,2016-03-31,2016-04-26,6,International Bonds,Senior Debt,8700750,4.8800%,NA,Jun-27-2044,Senior,Yes,Tangible Asset,No,No,No,USD,"filings/capitaliq/Financials/Templated/Capital Structure Details/2016FQ1 filed Apr 26, 2016/SPGlobal_GrupoBimbo,S.A.B.deC.V._CapitalStructureDetails_19-Sep-2026 (12).xlsx",Capital Structure Details,As Reported
2016FQ1,2016-03-31,2016-04-26,7,Local Bonds,Senior Debt,3845368,6.0500%,NA,Jun-06-2016,Senior,No,NA,No,No,No,MXN,"filings/capitaliq/Financials/Templated/Capital Structure Details/2016FQ1 filed Apr 26, 2016/SPGlobal_GrupoBimbo,S.A.B.deC.V._CapitalStructureDetails_19-Sep-2026 (12).xlsx",Capital Structure Details,As Reported
2016FQ1,2016-03-31,2016-04-26,8,Local Bonds,Senior Debt,2000000,10.6000%,NA,Jun-06-2016,Senior,No,NA,No,No,No,MXN,"filings/capitaliq/Financials/Templated/Capital Structure Details/2016FQ1 filed Apr 26, 2016/SPGlobal_GrupoBimbo,S.A.B.deC.V._CapitalStructureDetails_19-Sep-2026 (12).xlsx",Capital Structure Details,As Reported
2016FQ1,2016-03-31,2016-04-26,9,Local Bonds,Senior Debt,5000000,6.8300%,NA,Aug-10-2018,Senior,No,NA,No,No,No,MXN,"filings/capitaliq/Financials/Templated/Capital Structure Details/2016FQ1 filed Apr 26, 2016/SPGlobal_GrupoBimbo,S.A.B.deC.V._CapitalStructureDetails_19-Sep-2026 (12).xlsx",Capital Structure Details,As Reported
2016FQ1,2016-03-31,2016-04-26,10,Nacional Financiera Ext Banks Facility,Revolving Credit,24507,2.6400%,NA,Jul-12-2017,Senior,No,NA,No,No,No,NA,"filings/capitaliq/Financials/Templated/Capital Structure Details/2016FQ1 filed Apr 26, 2016/SPGlobal_GrupoBimbo,S.A.B.deC.V._CapitalStructureDetails_19-Sep-2026 (12).xlsx",Capital Structure Details,As Reported
2016FQ1,2016-03-31,2016-04-26,11,Nacional Financiera Nal Banks Facility,Revolving Credit,311402,5.3300%,NA,Jul-21-2017,Senior,No,NA,No,No,No,MXN,"filings/capitaliq/Financials/Templated/Capital Structure Details/2016FQ1 filed Apr 26, 2016/SPGlobal_GrupoBimbo,S.A.B.deC.V._CapitalStructureDetails_19-Sep-2026 (12).xlsx",Capital Structure Details,As Reported
2016FQ1,2016-03-31,2016-04-26,12,Revolving Credit Line 1,Revolving Credit,166402,NA,Various Benchmarks,Mar-13-2019,Senior,No,NA,No,No,No,NA,"filings/capitaliq/Financials/Templated/Capital Structure Details/2016FQ1 filed Apr 26, 2016/SPGlobal_GrupoBimbo,S.A.B.deC.V._CapitalStructureDetails_19-Sep-2026 (12).xlsx",Capital Structure Details,As Reported
2016FQ1,2016-03-31,2016-04-26,13,Revolving Credit Line 1,Revolving Credit,1218105,1.4400%,Various Benchmarks,Mar-20-2019,Senior,No,NA,No,No,No,NA,"filings/capitaliq/Financials/Templated/Capital Structure Details/2016FQ1 filed Apr 26, 2016/SPGlobal_GrupoBimbo,S.A.B.deC.V._CapitalStructureDetails_19-Sep-2026 (12).xlsx",Capital Structure Details,As Reported
2016FQ1,2016-03-31,2016-04-26,14,Revolving Credit Line 2,Revolving Credit,436088,NA,Various Benchmarks,Mar-13-2019,Senior,No,NA,No,No,No,NA,"filings/capitaliq/Financials/Templated/Capital Structure Details/2016FQ1 filed Apr 26, 2016/SPGlobal_GrupoBimbo,S.A.B.deC.V._CapitalStructureDetails_19-Sep-2026 (12).xlsx",Capital Structure Details,As Reported
2016FQ1,2016-03-31,2016-04-26,15,Revolving Credit Line 3,Revolving Credit,77344,NA,Various Benchmarks,Mar-13-2019,Senior,No,NA,No,No,No,NA,"filings/capitaliq/Financials/Templated/Capital Structure Details/2016FQ1 filed Apr 26, 2016/SPGlobal_GrupoBimbo,S.A.B.deC.V._CapitalStructureDetails_19-Sep-2026 (12).xlsx",Capital Structure Details,As Reported
2016FQ1,2016-03-31,2016-04-26,16,Revolving Line 2,Revolving Credit,390002,1.0000%,EURIBOR,Mar-10-2021,Senior,No,NA,No,No,No,NA,"filings/capitaliq/Financials/Templated/Capital Structure Details/2016FQ1 filed Apr 26, 2016/SPGlobal_GrupoBimbo,S.A.B.deC.V._CapitalStructureDetails_19-Sep-2026 (12).xlsx",Capital Structure Details,As Reported
2016FQ1,2016-03-31,2016-04-26,17,Subsidiaries Banks Facility,Revolving Credit,5201945,NA,NA,Sep-30-2023,Senior,No,NA,No,No,No,NA,"filings/capitaliq/Financials/Templated/Capital Structure Details/2016FQ1 filed Apr 26, 2016/SPGlobal_GrupoBimbo,S.A.B.deC.V._CapitalStructureDetails_19-Sep-2026 (12).xlsx",Capital Structure Details,As Reported
2016FQ1,2016-03-31,2016-04-26,18,Unsecured Loans for Working Capital,Revolving Credit,0,4.1500%,NA,NA,Senior,No,NA,No,No,No,MXN,"filings/capitaliq/Financials/Templated/Capital Structure Details/2016FQ1 filed Apr 26, 2016/SPGlobal_GrupoBimbo,S.A.B.deC.V._CapitalStructureDetails_19-Sep-2026 (12).xlsx",Capital Structure Details,As Reported
2016FQ2,2016-06-30,2016-07-26,1,Finance Leases,Capital Lease,2135199,NA,NA,2021,Senior,Yes,Tangible Asset,No,No,No,MXN,"filings/capitaliq/Financials/Templated/Capital Structure Details/2016FQ2 filed Jul 26, 2016/SPGlobal_GrupoBimbo,S.A.B.deC.V._CapitalStructureDetails_19-Sep-2026 (13).xlsx",Capital Structure Details,As Reported
2016FQ2,2016-06-30,2016-07-26,2,Finance Leases,Capital Lease,32282,NA,NA,2017,Senior,Yes,Tangible Asset,No,No,No,MXN,"filings/capitaliq/Financials/Templated/Capital Structure Details/2016FQ2 filed Jul 26, 2016/SPGlobal_GrupoBimbo,S.A.B.deC.V._CapitalStructureDetails_19-Sep-2026 (13).xlsx",Capital Structure Details,As Reported
2016FQ2,2016-06-30,2016-07-26,3,International Bonds,Senior Debt,15005452,4.8800%,NA,Jun-30-2020,Senior,No,NA,No,No,No,USD,"filings/capitaliq/Financials/Templated/Capital Structure Details/2016FQ2 filed Jul 26, 2016/SPGlobal_GrupoBimbo,S.A.B.deC.V._CapitalStructureDetails_19-Sep-2026 (13).xlsx",Capital Structure Details,As Reported
2016FQ2,2016-06-30,2016-07-26,4,International Bonds,Senior Debt,15005452,4.5000%,NA,Jan-25-2022,Senior,No,NA,No,No,No,USD,"filings/capitaliq/Financials/Templated/Capital Structure Details/2016FQ2 filed Jul 26, 2016/SPGlobal_GrupoBimbo,S.A.B.deC.V._CapitalStructureDetails_19-Sep-2026 (13).xlsx",Capital Structure Details,As Reported
2016FQ2,2016-06-30,2016-07-26,5,International Bonds,Senior Debt,15005452,3.8750%,NA,Jun-27-2024,Senior,No,NA,No,No,No,USD,"filings/capitaliq/Financials/Templated/Capital Structure Details/2016FQ2 filed Jul 26, 2016/SPGlobal_GrupoBimbo,S.A.B.deC.V._CapitalStructureDetails_19-Sep-2026 (13).xlsx",Capital Structure Details,As Reported
2016FQ2,2016-06-30,2016-07-26,6,International Bonds,Senior Debt,9455650,4.8800%,NA,Jun-27-2044,Senior,Yes,Tangible Asset,No,No,No,USD,"filings/capitaliq/Financials/Templated/Capital Structure Details/2016FQ2 filed Jul 26, 2016/SPGlobal_GrupoBimbo,S.A.B.deC.V._CapitalStructureDetails_19-Sep-2026 (13).xlsx",Capital Structure Details,As Reported
2016FQ2,2016-06-30,2016-07-26,7,Local Bonds,Senior Debt,0,6.0500%,NA,Jun-06-2016,Senior,No,NA,No,No,No,MXN,"filings/capitaliq/Financials/Templated/Capital Structure Details/2016FQ2 filed Jul 26, 2016/SPGlobal_GrupoBimbo,S.A.B.deC.V._CapitalStructureDetails_19-Sep-2026 (13).xlsx",Capital Structure Details,As Reported
2016FQ2,2016-06-30,2016-07-26,8,Local Bonds,Senior Debt,0,10.6000%,NA,Jun-06-2016,Senior,No,NA,No,No,No,MXN,"filings/capitaliq/Financials/Templated/Capital Structure Details/2016FQ2 filed Jul 26, 2016/SPGlobal_GrupoBimbo,S.A.B.deC.V._CapitalStructureDetails_19-Sep-2026 (13).xlsx",Capital Structure Details,As Reported
2016FQ2,2016-06-30,2016-07-26,9,Local Bonds,Senior Debt,5000000,6.8300%,NA,Aug-10-2018,Senior,No,NA,No,No,No,MXN,"filings/capitaliq/Financials/Templated/Capital Structure Details/2016FQ2 filed Jul 26, 2016/SPGlobal_GrupoBimbo,S.A.B.deC.V._CapitalStructureDetails_19-Sep-2026 (13).xlsx",Capital Structure Details,As Reported
2016FQ2,2016-06-30,2016-07-26,10,Nacional Financiera Ext Banks Facility,Revolving Credit,24767,2.6400%,NA,Jul-12-2017,Senior,No,NA,No,No,No,NA,"filings/capitaliq/Financials/Templated/Capital Structure Details/2016FQ2 filed Jul 26, 2016/SPGlobal_GrupoBimbo,S.A.B.deC.V._CapitalStructureDetails_19-Sep-2026 (13).xlsx",Capital Structure Details,As Reported
2016FQ2,2016-06-30,2016-07-26,11,Nacional Financiera Nal Banks Facility,Revolving Credit,365516,5.3300%,NA,Jul-21-2017,Senior,No,NA,No,No,No,MXN,"filings/capitaliq/Financials/Templated/Capital Structure Details/2016FQ2 filed Jul 26, 2016/SPGlobal_GrupoBimbo,S.A.B.deC.V._CapitalStructureDetails_19-Sep-2026 (13).xlsx",Capital Structure Details,As Reported
2016FQ2,2016-06-30,2016-07-26,12,Revolving Credit Line 1,Revolving Credit,1323791,1.4400%,Various Benchmarks,Mar-20-2019,Senior,No,NA,No,No,No,NA,"filings/capitaliq/Financials/Templated/Capital Structure Details/2016FQ2 filed Jul 26, 2016/SPGlobal_GrupoBimbo,S.A.B.deC.V._CapitalStructureDetails_19-Sep-2026 (13).xlsx",Capital Structure Details,As Reported
2016FQ2,2016-06-30,2016-07-26,13,Revolving Line 2,Revolving Credit,419414,1.0000%,EURIBOR,Mar-10-2021,Senior,No,NA,No,No,No,NA,"filings/capitaliq/Financials/Templated/Capital Structure Details/2016FQ2 filed Jul 26, 2016/SPGlobal_GrupoBimbo,S.A.B.deC.V._CapitalStructureDetails_19-Sep-2026 (13).xlsx",Capital Structure Details,As Reported
2016FQ2,2016-06-30,2016-07-26,14,Revolving Line with Banks 2,Revolving Credit,6902625,1.4400%,NA,Mar-19-2021,Senior,No,NA,No,No,No,NA,"filings/capitaliq/Financials/Templated/Capital Structure Details/2016FQ2 filed Jul 26, 2016/SPGlobal_GrupoBimbo,S.A.B.deC.V._CapitalStructureDetails_19-Sep-2026 (13).xlsx",Capital Structure Details,As Reported
2016FQ2,2016-06-30,2016-07-26,15,Subsidiaries Banks Facility,Revolving Credit,5456144,NA,NA,Sep-30-2023,Senior,No,NA,No,No,No,NA,"filings/capitaliq/Financials/Templated/Capital Structure Details/2016FQ2 filed Jul 26, 2016/SPGlobal_GrupoBimbo,S.A.B.deC.V._CapitalStructureDetails_19-Sep-2026 (13).xlsx",Capital Structure Details,As Reported
2016FQ2,2016-06-30,2016-07-26,16,Unsecured Loans for Working Capital,Revolving Credit,0,4.1500%,NA,NA,Senior,No,NA,No,No,No,MXN,"filings/capitaliq/Financials/Templated/Capital Structure Details/2016FQ2 filed Jul 26, 2016/SPGlobal_GrupoBimbo,S.A.B.deC.V._CapitalStructureDetails_19-Sep-2026 (13).xlsx",Capital Structure Details,As Reported
2016FQ3,2016-09-30,2016-10-27,1,Bonds,Senior Debt,8000000,7.5600%,NA,Sep-03-2026,Senior,No,NA,No,No,No,MXN,"filings/capitaliq/Financials/Templated/Capital Structure Details/2016FQ3 filed Oct 27, 2016/SPGlobal_GrupoBimbo,S.A.B.deC.V._CapitalStructureDetails_19-Sep-2026 (14).xlsx",Capital Structure Details,As Reported
2016FQ3,2016-09-30,2016-10-27,2,"Committed, Syndicated and Multi-Currency Revolving Credit Facility",Revolving Credit,0,NA,Various Benchmarks,Sep-14-2026 - Mar-15-2028,Senior,No,NA,No,No,No,NA,"filings/capitaliq/Financials/Templated/Capital Structure Details/2016FQ3 filed Oct 27, 2016/SPGlobal_GrupoBimbo,S.A.B.deC.V._CapitalStructureDetails_19-Sep-2026 (14).xlsx",Capital Structure Details,As Reported
2016FQ3,2016-09-30,2016-10-27,3,Finance Leases,Capital Lease,1641955,NA,NA,2021,Senior,Yes,Tangible Asset,No,No,No,MXN,"filings/capitaliq/Financials/Templated/Capital Structure Details/2016FQ3 filed Oct 27, 2016/SPGlobal_GrupoBimbo,S.A.B.deC.V._CapitalStructureDetails_19-Sep-2026 (14).xlsx",Capital Structure Details,As Reported
2016FQ3,2016-09-30,2016-10-27,4,Finance Leases,Capital Lease,11934,NA,NA,2017,Senior,Yes,Tangible Asset,No,No,No,MXN,"filings/capitaliq/Financials/Templated/Capital Structure Details/2016FQ3 filed Oct 27, 2016/SPGlobal_GrupoBimbo,S.A.B.deC.V._CapitalStructureDetails_19-Sep-2026 (14).xlsx",Capital Structure Details,As Reported
2016FQ3,2016-09-30,2016-10-27,5,International Bonds,Senior Debt,15471559,4.8800%,NA,Jun-30-2020,Senior,No,NA,No,No,No,USD,"filings/capitaliq/Financials/Templated/Capital Structure Details/2016FQ3 filed Oct 27, 2016/SPGlobal_GrupoBimbo,S.A.B.deC.V._CapitalStructureDetails_19-Sep-2026 (14).xlsx",Capital Structure Details,As Reported
2016FQ3,2016-09-30,2016-10-27,6,International Bonds,Senior Debt,15471559,4.5000%,NA,Jan-25-2022,Senior,No,NA,No,No,No,USD,"filings/capitaliq/Financials/Templated/Capital Structure Details/2016FQ3 filed Oct 27, 2016/SPGlobal_GrupoBimbo,S.A.B.deC.V._CapitalStructureDetails_19-Sep-2026 (14).xlsx",Capital Structure Details,As Reported
2016FQ3,2016-09-30,2016-10-27,7,International Bonds,Senior Debt,15471558,3.8750%,NA,Jun-27-2024,Senior,No,NA,No,No,No,USD,"filings/capitaliq/Financials/Templated/Capital Structure Details/2016FQ3 filed Oct 27, 2016/SPGlobal_GrupoBimbo,S.A.B.deC.V._CapitalStructureDetails_19-Sep-2026 (14).xlsx",Capital Structure Details,As Reported
2016FQ3,2016-09-30,2016-10-27,8,International Bonds,Senior Debt,9750100,4.8800%,NA,Jun-27-2044,Senior,Yes,Tangible Asset,No,No,No,USD,"filings/capitaliq/Financials/Templated/Capital Structure Details/2016FQ3 filed Oct 27, 2016/SPGlobal_GrupoBimbo,S.A.B.deC.V._CapitalStructureDetails_19-Sep-2026 (14).xlsx",Capital Structure Details,As Reported
2016FQ3,2016-09-30,2016-10-27,9,Local Bonds,Senior Debt,5000000,6.8300%,NA,Aug-10-2018,Senior,No,NA,No,No,No,MXN,"filings/capitaliq/Financials/Templated/Capital Structure Details/2016FQ3 filed Oct 27, 2016/SPGlobal_GrupoBimbo,S.A.B.deC.V._CapitalStructureDetails_19-Sep-2026 (14).xlsx",Capital Structure Details,As Reported
2016FQ3,2016-09-30,2016-10-27,10,Nacional Financiera Ext Banks Facility,Revolving Credit,108187,2.6400%,NA,Jul-12-2017,Senior,No,NA,No,No,No,NA,"filings/capitaliq/Financials/Templated/Capital Structure Details/2016FQ3 filed Oct 27, 2016/SPGlobal_GrupoBimbo,S.A.B.deC.V._CapitalStructureDetails_19-Sep-2026 (14).xlsx",Capital Structure Details,As Reported
2016FQ3,2016-09-30,2016-10-27,11,Nacional Financiera Nal Banks Facility,Revolving Credit,424377,5.3300%,NA,Jul-21-2017,Senior,No,NA,No,No,No,MXN,"filings/capitaliq/Financials/Templated/Capital Structure Details/2016FQ3 filed Oct 27, 2016/SPGlobal_GrupoBimbo,S.A.B.deC.V._CapitalStructureDetails_19-Sep-2026 (14).xlsx",Capital Structure Details,As Reported
2016FQ3,2016-09-30,2016-10-27,12,Revolving Line 2,Revolving Credit,437468,1.0000%,EURIBOR,Mar-10-2021,Senior,No,NA,No,No,No,NA,"filings/capitaliq/Financials/Templated/Capital Structure Details/2016FQ3 filed Oct 27, 2016/SPGlobal_GrupoBimbo,S.A.B.deC.V._CapitalStructureDetails_19-Sep-2026 (14).xlsx",Capital Structure Details,As Reported
2016FQ3,2016-09-30,2016-10-27,13,Revolving Line with Banks 2,Revolving Credit,5249616,1.4400%,NA,Mar-19-2021,Senior,No,NA,No,No,No,NA,"filings/capitaliq/Financials/Templated/Capital Structure Details/2016FQ3 filed Oct 27, 2016/SPGlobal_GrupoBimbo,S.A.B.deC.V._CapitalStructureDetails_19-Sep-2026 (14).xlsx",Capital Structure Details,As Reported
2016FQ3,2016-09-30,2016-10-27,14,Subsidiaries Banks Facility,Revolving Credit,6072766,NA,NA,Sep-30-2023,Senior,No,NA,No,No,No,NA,"filings/capitaliq/Financials/Templated/Capital Structure Details/2016FQ3 filed Oct 27, 2016/SPGlobal_GrupoBimbo,S.A.B.deC.V._CapitalStructureDetails_19-Sep-2026 (14).xlsx",Capital Structure Details,As Reported
2016FQ3,2016-09-30,2016-10-27,15,Unsecured Loans for Working Capital,Revolving Credit,0,4.1500%,NA,NA,Senior,No,NA,No,No,No,MXN,"filings/capitaliq/Financials/Templated/Capital Structure Details/2016FQ3 filed Oct 27, 2016/SPGlobal_GrupoBimbo,S.A.B.deC.V._CapitalStructureDetails_19-Sep-2026 (14).xlsx",Capital Structure Details,As Reported
2016FY,2016-12-31,2017-05-09,1,"Committed, Syndicated and Multi-Currency Revolving Credit Facility",Revolving Credit,0,NA,Various Benchmarks,Sep-14-2026 - Mar-15-2028,Senior,No,NA,No,No,No,NA,"filings/capitaliq/Financials/Templated/Capital Structure Details/2016FY filed May 09, 2017/SPGlobal_GrupoBimbo,S.A.B.deC.V._CapitalStructureDetails_20-Sep-2026 (13).xlsx",Capital Structure Details,As Reported
2016FY,2016-12-31,2017-05-09,2,Finance Leases,Capital Lease,2441000,NA,NA,2021,Senior,Yes,Tangible Asset,No,No,No,MXN,"filings/capitaliq/Financials/Templated/Capital Structure Details/2016FY filed May 09, 2017/SPGlobal_GrupoBimbo,S.A.B.deC.V._CapitalStructureDetails_20-Sep-2026 (13).xlsx",Capital Structure Details,As Reported
2016FY,2016-12-31,2017-05-09,3,International Bonds,Senior Debt,16531000,4.8800%,NA,Jun-30-2020,Senior,No,NA,No,No,No,USD,"filings/capitaliq/Financials/Templated/Capital Structure Details/2016FY filed May 09, 2017/SPGlobal_GrupoBimbo,S.A.B.deC.V._CapitalStructureDetails_20-Sep-2026 (13).xlsx",Capital Structure Details,As Reported
2016FY,2016-12-31,2017-05-09,4,International Bonds,Senior Debt,16531000,4.5000%,NA,Jan-25-2022,Senior,No,NA,No,No,No,USD,"filings/capitaliq/Financials/Templated/Capital Structure Details/2016FY filed May 09, 2017/SPGlobal_GrupoBimbo,S.A.B.deC.V._CapitalStructureDetails_20-Sep-2026 (13).xlsx",Capital Structure Details,As Reported
2016FY,2016-12-31,2017-05-09,5,International Bonds,Senior Debt,16531000,3.8750%,NA,Jun-27-2024,Senior,No,NA,No,No,No,USD,"filings/capitaliq/Financials/Templated/Capital Structure Details/2016FY filed May 09, 2017/SPGlobal_GrupoBimbo,S.A.B.deC.V._CapitalStructureDetails_20-Sep-2026 (13).xlsx",Capital Structure Details,As Reported
2016FY,2016-12-31,2017-05-09,6,International Bonds,Senior Debt,10332000,4.8800%,NA,Jun-27-2044,Senior,Yes,Tangible Asset,No,No,No,USD,"filings/capitaliq/Financials/Templated/Capital Structure Details/2016FY filed May 09, 2017/SPGlobal_GrupoBimbo,S.A.B.deC.V._CapitalStructureDetails_20-Sep-2026 (13).xlsx",Capital Structure Details,As Reported
2016FY,2016-12-31,2017-05-09,7,Local Bonds,Senior Debt,8000000,7.5600%,NA,Sep 2026,Senior,No,NA,No,No,No,MXN,"filings/capitaliq/Financials/Templated/Capital Structure Details/2016FY filed May 09, 2017/SPGlobal_GrupoBimbo,S.A.B.deC.V._CapitalStructureDetails_20-Sep-2026 (13).xlsx",Capital Structure Details,As Reported
2016FY,2016-12-31,2017-05-09,8,Local Bonds,Senior Debt,0,6.0500%,NA,Jun-06-2016,Senior,No,NA,No,No,No,MXN,"filings/capitaliq/Financials/Templated/Capital Structure Details/2016FY filed May 09, 2017/SPGlobal_GrupoBimbo,S.A.B.deC.V._CapitalStructureDetails_20-Sep-2026 (13).xlsx",Capital Structure Details,As Reported
2016FY,2016-12-31,2017-05-09,9,Local Bonds,Senior Debt,0,10.6000%,NA,Jun-06-2016,Senior,No,NA,No,No,No,MXN,"filings/capitaliq/Financials/Templated/Capital Structure Details/2016FY filed May 09, 2017/SPGlobal_GrupoBimbo,S.A.B.deC.V._CapitalStructureDetails_20-Sep-2026 (13).xlsx",Capital Structure Details,As Reported
2016FY,2016-12-31,2017-05-09,10,Local Bonds,Senior Debt,5000000,6.8300%,NA,Aug-10-2018,Senior,No,NA,No,No,No,MXN,"filings/capitaliq/Financials/Templated/Capital Structure Details/2016FY filed May 09, 2017/SPGlobal_GrupoBimbo,S.A.B.deC.V._CapitalStructureDetails_20-Sep-2026 (13).xlsx",Capital Structure Details,As Reported
2016FY,2016-12-31,2017-05-09,11,Nacional Financiera Ext Banks Facility,Revolving Credit,108187,2.6400%,NA,Jul-12-2017,Senior,No,NA,No,No,No,NA,"filings/capitaliq/Financials/Templated/Capital Structure Details/2016FY filed May 09, 2017/SPGlobal_GrupoBimbo,S.A.B.deC.V._CapitalStructureDetails_20-Sep-2026 (13).xlsx",Capital Structure Details,As Reported
2016FY,2016-12-31,2017-05-09,12,Nacional Financiera Nal Banks Facility,Revolving Credit,424377,5.3300%,NA,Jul-21-2017,Senior,No,NA,No,No,No,MXN,"filings/capitaliq/Financials/Templated/Capital Structure Details/2016FY filed May 09, 2017/SPGlobal_GrupoBimbo,S.A.B.deC.V._CapitalStructureDetails_20-Sep-2026 (13).xlsx",Capital Structure Details,As Reported
2016FY,2016-12-31,2017-05-09,13,Revolving Compromised Credit Line,Revolving Credit,3457000,NA,EURIBOR + 100.00 bp,Mar-02-2018,Senior,No,NA,No,No,No,EUR,"filings/capitaliq/Financials/Templated/Capital Structure Details/2016FY filed May 09, 2017/SPGlobal_GrupoBimbo,S.A.B.deC.V._CapitalStructureDetails_20-Sep-2026 (13).xlsx",Capital Structure Details,As Reported
2016FY,2016-12-31,2017-05-09,14,Subsidiaries Banks Facility,Revolving Credit,6072766,NA,NA,Sep-30-2023,Senior,No,NA,No,No,No,NA,"filings/capitaliq/Financials/Templated/Capital Structure Details/2016FY filed May 09, 2017/SPGlobal_GrupoBimbo,S.A.B.deC.V._CapitalStructureDetails_20-Sep-2026 (13).xlsx",Capital Structure Details,As Reported
2016FY,2016-12-31,2017-05-09,15,Unsecured Loans for Working Capital,Revolving Credit,0,4.1500%,NA,NA,Senior,No,NA,No,No,No,MXN,"filings/capitaliq/Financials/Templated/Capital Structure Details/2016FY filed May 09, 2017/SPGlobal_GrupoBimbo,S.A.B.deC.V._CapitalStructureDetails_20-Sep-2026 (13).xlsx",Capital Structure Details,As Reported
2017FQ1,2017-03-31,2017-04-26,1,Bonds,Senior Debt,8000000,7.5600%,NA,Sep-03-2026,Senior,No,NA,No,No,No,MXN,"filings/capitaliq/Financials/Templated/Capital Structure Details/2017FQ1 filed Apr 26, 2017/SPGlobal_GrupoBimbo,S.A.B.deC.V._CapitalStructureDetails_19-Sep-2026 (15).xlsx",Capital Structure Details,As Reported
2017FQ1,2017-03-31,2017-04-26,2,"Committed, Syndicated and Multi-Currency Revolving Credit Facility",Revolving Credit,0,NA,Various Benchmarks,Sep-14-2026 - Mar-15-2028,Senior,No,NA,No,No,No,NA,"filings/capitaliq/Financials/Templated/Capital Structure Details/2017FQ1 filed Apr 26, 2017/SPGlobal_GrupoBimbo,S.A.B.deC.V._CapitalStructureDetails_19-Sep-2026 (15).xlsx",Capital Structure Details,As Reported
2017FQ1,2017-03-31,2017-04-26,3,International Bonds,Senior Debt,14919767,4.8800%,NA,Jun-30-2020,Senior,No,NA,No,No,No,USD,"filings/capitaliq/Financials/Templated/Capital Structure Details/2017FQ1 filed Apr 26, 2017/SPGlobal_GrupoBimbo,S.A.B.deC.V._CapitalStructureDetails_19-Sep-2026 (15).xlsx",Capital Structure Details,As Reported
2017FQ1,2017-03-31,2017-04-26,4,International Bonds,Senior Debt,14919768,4.5000%,NA,Jan-25-2022,Senior,No,NA,No,No,No,USD,"filings/capitaliq/Financials/Templated/Capital Structure Details/2017FQ1 filed Apr 26, 2017/SPGlobal_GrupoBimbo,S.A.B.deC.V._CapitalStructureDetails_19-Sep-2026 (15).xlsx",Capital Structure Details,As Reported
2017FQ1,2017-03-31,2017-04-26,5,International Bonds,Senior Debt,14919767,3.8750%,NA,Jun-27-2024,Senior,No,NA,No,No,No,USD,"filings/capitaliq/Financials/Templated/Capital Structure Details/2017FQ1 filed Apr 26, 2017/SPGlobal_GrupoBimbo,S.A.B.deC.V._CapitalStructureDetails_19-Sep-2026 (15).xlsx",Capital Structure Details,As Reported
2017FQ1,2017-03-31,2017-04-26,6,International Bonds,Senior Debt,9404600,4.8800%,NA,Jun-27-2044,Senior,Yes,Tangible Asset,No,No,No,USD,"filings/capitaliq/Financials/Templated/Capital Structure Details/2017FQ1 filed Apr 26, 2017/SPGlobal_GrupoBimbo,S.A.B.deC.V._CapitalStructureDetails_19-Sep-2026 (15).xlsx",Capital Structure Details,As Reported
2017FQ1,2017-03-31,2017-04-26,7,Local Bonds,Senior Debt,5000000,6.8300%,NA,Aug-10-2018,Senior,No,NA,No,No,No,MXN,"filings/capitaliq/Financials/Templated/Capital Structure Details/2017FQ1 filed Apr 26, 2017/SPGlobal_GrupoBimbo,S.A.B.deC.V._CapitalStructureDetails_19-Sep-2026 (15).xlsx",Capital Structure Details,As Reported
2017FQ1,2017-03-31,2017-04-26,8,Nacional Financiera Ext Banks Facility,Revolving Credit,71319,2.6400%,NA,Jul-12-2017,Senior,No,NA,No,No,No,NA,"filings/capitaliq/Financials/Templated/Capital Structure Details/2017FQ1 filed Apr 26, 2017/SPGlobal_GrupoBimbo,S.A.B.deC.V._CapitalStructureDetails_19-Sep-2026 (15).xlsx",Capital Structure Details,As Reported
2017FQ1,2017-03-31,2017-04-26,9,Nacional Financiera Nal Banks Facility,Revolving Credit,542854,5.3300%,NA,Jul-21-2017,Senior,No,NA,No,No,No,MXN,"filings/capitaliq/Financials/Templated/Capital Structure Details/2017FQ1 filed Apr 26, 2017/SPGlobal_GrupoBimbo,S.A.B.deC.V._CapitalStructureDetails_19-Sep-2026 (15).xlsx",Capital Structure Details,As Reported
2017FQ1,2017-03-31,2017-04-26,10,Revolving Line 2,Revolving Credit,405828,1.0000%,EURIBOR,Mar-10-2021,Senior,No,NA,No,No,No,NA,"filings/capitaliq/Financials/Templated/Capital Structure Details/2017FQ1 filed Apr 26, 2017/SPGlobal_GrupoBimbo,S.A.B.deC.V._CapitalStructureDetails_19-Sep-2026 (15).xlsx",Capital Structure Details,As Reported
2017FQ1,2017-03-31,2017-04-26,11,Revolving Line with Banks 2,Revolving Credit,2840796,1.4400%,NA,Mar-19-2021,Senior,No,NA,No,No,No,NA,"filings/capitaliq/Financials/Templated/Capital Structure Details/2017FQ1 filed Apr 26, 2017/SPGlobal_GrupoBimbo,S.A.B.deC.V._CapitalStructureDetails_19-Sep-2026 (15).xlsx",Capital Structure Details,As Reported
2017FQ1,2017-03-31,2017-04-26,12,Subsidiaries Banks Facility,Revolving Credit,6409676,NA,NA,Sep-30-2023,Senior,No,NA,No,No,No,NA,"filings/capitaliq/Financials/Templated/Capital Structure Details/2017FQ1 filed Apr 26, 2017/SPGlobal_GrupoBimbo,S.A.B.deC.V._CapitalStructureDetails_19-Sep-2026 (15).xlsx",Capital Structure Details,As Reported
2017FQ1,2017-03-31,2017-04-26,13,Unsecured Loans for Working Capital,Revolving Credit,0,4.1500%,NA,NA,Senior,No,NA,No,No,No,MXN,"filings/capitaliq/Financials/Templated/Capital Structure Details/2017FQ1 filed Apr 26, 2017/SPGlobal_GrupoBimbo,S.A.B.deC.V._CapitalStructureDetails_19-Sep-2026 (15).xlsx",Capital Structure Details,As Reported
2017FQ2,2017-06-30,2017-07-25,1,Bonds,Senior Debt,8000000,7.5600%,NA,Sep-03-2026,Senior,No,NA,No,No,No,MXN,"filings/capitaliq/Financials/Templated/Capital Structure Details/2017FQ2 filed Jul 25, 2017/SPGlobal_GrupoBimbo,S.A.B.deC.V._CapitalStructureDetails_19-Sep-2026 (16).xlsx",Capital Structure Details,As Reported
2017FQ2,2017-06-30,2017-07-25,2,"Committed, Syndicated and Multi-Currency Revolving Credit Facility",Revolving Credit,0,NA,8 Year FHLB,Sep-14-2026,Senior,No,NA,No,No,No,NA,"filings/capitaliq/Financials/Templated/Capital Structure Details/2017FQ2 filed Jul 25, 2017/SPGlobal_GrupoBimbo,S.A.B.deC.V._CapitalStructureDetails_19-Sep-2026 (16).xlsx",Capital Structure Details,As Reported
2017FQ2,2017-06-30,2017-07-25,3,Finance Leases,Capital Lease,2187981,NA,NA,2021,Senior,Yes,Tangible Asset,No,No,No,MXN,"filings/capitaliq/Financials/Templated/Capital Structure Details/2017FQ2 filed Jul 25, 2017/SPGlobal_GrupoBimbo,S.A.B.deC.V._CapitalStructureDetails_19-Sep-2026 (16).xlsx",Capital Structure Details,As Reported
2017FQ2,2017-06-30,2017-07-25,4,Finance Leases,Capital Lease,33844,NA,NA,2017,Senior,Yes,Tangible Asset,No,No,No,MXN,"filings/capitaliq/Financials/Templated/Capital Structure Details/2017FQ2 filed Jul 25, 2017/SPGlobal_GrupoBimbo,S.A.B.deC.V._CapitalStructureDetails_19-Sep-2026 (16).xlsx",Capital Structure Details,As Reported
2017FQ2,2017-06-30,2017-07-25,5,International Bonds,Senior Debt,14194839,4.8800%,NA,Jun-30-2020,Senior,No,NA,No,No,No,USD,"filings/capitaliq/Financials/Templated/Capital Structure Details/2017FQ2 filed Jul 25, 2017/SPGlobal_GrupoBimbo,S.A.B.deC.V._CapitalStructureDetails_19-Sep-2026 (16).xlsx",Capital Structure Details,As Reported
2017FQ2,2017-06-30,2017-07-25,6,International Bonds,Senior Debt,14194839,4.5000%,NA,Jan-25-2022,Senior,No,NA,No,No,No,USD,"filings/capitaliq/Financials/Templated/Capital Structure Details/2017FQ2 filed Jul 25, 2017/SPGlobal_GrupoBimbo,S.A.B.deC.V._CapitalStructureDetails_19-Sep-2026 (16).xlsx",Capital Structure Details,As Reported
2017FQ2,2017-06-30,2017-07-25,7,International Bonds,Senior Debt,14194840,3.8750%,NA,Jun-27-2024,Senior,No,NA,No,No,No,USD,"filings/capitaliq/Financials/Templated/Capital Structure Details/2017FQ2 filed Jul 25, 2017/SPGlobal_GrupoBimbo,S.A.B.deC.V._CapitalStructureDetails_19-Sep-2026 (16).xlsx",Capital Structure Details,As Reported
2017FQ2,2017-06-30,2017-07-25,8,International Bonds,Senior Debt,8948650,4.8800%,NA,Jun-27-2044,Senior,Yes,Tangible Asset,No,No,No,USD,"filings/capitaliq/Financials/Templated/Capital Structure Details/2017FQ2 filed Jul 25, 2017/SPGlobal_GrupoBimbo,S.A.B.deC.V._CapitalStructureDetails_19-Sep-2026 (16).xlsx",Capital Structure Details,As Reported
2017FQ2,2017-06-30,2017-07-25,9,Loan Facility from Nacional Financiera Ext Bank,Revolving Credit,92036,3.4000%,NA,Aug-17-2017,Senior,No,NA,No,No,No,NA,"filings/capitaliq/Financials/Templated/Capital Structure Details/2017FQ2 filed Jul 25, 2017/SPGlobal_GrupoBimbo,S.A.B.deC.V._CapitalStructureDetails_19-Sep-2026 (16).xlsx",Capital Structure Details,As Reported
2017FQ2,2017-06-30,2017-07-25,10,Loan Facility from Nacional Financiera Nal Bank,Revolving Credit,483244,8.6000%,NA,Aug-22-2017,Senior,No,NA,No,No,No,MXN,"filings/capitaliq/Financials/Templated/Capital Structure Details/2017FQ2 filed Jul 25, 2017/SPGlobal_GrupoBimbo,S.A.B.deC.V._CapitalStructureDetails_19-Sep-2026 (16).xlsx",Capital Structure Details,As Reported
2017FQ2,2017-06-30,2017-07-25,11,Loan Facility from Subsidiaries Banks,Revolving Credit,5800347,NA,NA,Sep-30-2023,Senior,No,NA,No,No,No,NA,"filings/capitaliq/Financials/Templated/Capital Structure Details/2017FQ2 filed Jul 25, 2017/SPGlobal_GrupoBimbo,S.A.B.deC.V._CapitalStructureDetails_19-Sep-2026 (16).xlsx",Capital Structure Details,As Reported
2017FQ2,2017-06-30,2017-07-25,12,Local Bonds,Senior Debt,5000000,6.8300%,NA,Aug-10-2018,Senior,No,NA,No,No,No,MXN,"filings/capitaliq/Financials/Templated/Capital Structure Details/2017FQ2 filed Jul 25, 2017/SPGlobal_GrupoBimbo,S.A.B.deC.V._CapitalStructureDetails_19-Sep-2026 (16).xlsx",Capital Structure Details,As Reported
2017FQ2,2017-06-30,2017-07-25,13,Revolving Line 2,Revolving Credit,2032690,1.0000%,2y US T-Note,Feb-06-2021,Senior,No,NA,No,No,No,NA,"filings/capitaliq/Financials/Templated/Capital Structure Details/2017FQ2 filed Jul 25, 2017/SPGlobal_GrupoBimbo,S.A.B.deC.V._CapitalStructureDetails_19-Sep-2026 (16).xlsx",Capital Structure Details,As Reported
2017FQ2,2017-06-30,2017-07-25,14,Unsecured Loans for Working Capital,Revolving Credit,0,4.1500%,NA,NA,Senior,No,NA,No,No,No,MXN,"filings/capitaliq/Financials/Templated/Capital Structure Details/2017FQ2 filed Jul 25, 2017/SPGlobal_GrupoBimbo,S.A.B.deC.V._CapitalStructureDetails_19-Sep-2026 (16).xlsx",Capital Structure Details,As Reported
2017FQ3,2017-09-30,2017-10-26,1,Bonds,Senior Debt,7977439,7.5600%,NA,Sep-03-2026,Senior,No,NA,No,No,No,MXN,"filings/capitaliq/Financials/Templated/Capital Structure Details/2017FQ3 filed Oct 26, 2017/SPGlobal_GrupoBimbo,S.A.B.deC.V._CapitalStructureDetails_19-Sep-2026 (17).xlsx",Capital Structure Details,As Reported
2017FQ3,2017-09-30,2017-10-26,2,Finance Lease,Capital Lease,2058674,NA,NA,NA,Senior,Yes,Tangible Asset,No,No,No,MXN,"filings/capitaliq/Financials/Templated/Capital Structure Details/2017FQ3 filed Oct 26, 2017/SPGlobal_GrupoBimbo,S.A.B.deC.V._CapitalStructureDetails_19-Sep-2026 (17).xlsx",Capital Structure Details,As Reported
2017FQ3,2017-09-30,2017-10-26,3,International Bonds,Senior Debt,14538771,4.8800%,NA,Jun-30-2020,Senior,No,NA,No,No,No,USD,"filings/capitaliq/Financials/Templated/Capital Structure Details/2017FQ3 filed Oct 26, 2017/SPGlobal_GrupoBimbo,S.A.B.deC.V._CapitalStructureDetails_19-Sep-2026 (17).xlsx",Capital Structure Details,As Reported
2017FQ3,2017-09-30,2017-10-26,4,International Bonds,Senior Debt,14496019,4.5000%,NA,Jan-25-2022,Senior,No,NA,No,No,No,USD,"filings/capitaliq/Financials/Templated/Capital Structure Details/2017FQ3 filed Oct 26, 2017/SPGlobal_GrupoBimbo,S.A.B.deC.V._CapitalStructureDetails_19-Sep-2026 (17).xlsx",Capital Structure Details,As Reported
2017FQ3,2017-09-30,2017-10-26,5,International Bonds,Senior Debt,14500696,3.8750%,NA,Jun-27-2024,Senior,No,NA,No,No,No,USD,"filings/capitaliq/Financials/Templated/Capital Structure Details/2017FQ3 filed Oct 26, 2017/SPGlobal_GrupoBimbo,S.A.B.deC.V._CapitalStructureDetails_19-Sep-2026 (17).xlsx",Capital Structure Details,As Reported
2017FQ3,2017-09-30,2017-10-26,6,International Bonds,Senior Debt,8970801,4.8800%,NA,Jun-27-2044,Senior,Yes,Tangible Asset,No,No,No,USD,"filings/capitaliq/Financials/Templated/Capital Structure Details/2017FQ3 filed Oct 26, 2017/SPGlobal_GrupoBimbo,S.A.B.deC.V._CapitalStructureDetails_19-Sep-2026 (17).xlsx",Capital Structure Details,As Reported
2017FQ3,2017-09-30,2017-10-26,7,Line Revolving MXP,Revolving Credit,568121,8.0975%,NA,Oct-07-2021,Senior,No,NA,No,No,No,NA,"filings/capitaliq/Financials/Templated/Capital Structure Details/2017FQ3 filed Oct 26, 2017/SPGlobal_GrupoBimbo,S.A.B.deC.V._CapitalStructureDetails_19-Sep-2026 (17).xlsx",Capital Structure Details,As Reported
2017FQ3,2017-09-30,2017-10-26,8,Line Revolving USD,Revolving Credit,692954,2.1822%,NA,Oct-07-2021,Senior,No,NA,No,No,No,USD,"filings/capitaliq/Financials/Templated/Capital Structure Details/2017FQ3 filed Oct 26, 2017/SPGlobal_GrupoBimbo,S.A.B.deC.V._CapitalStructureDetails_19-Sep-2026 (17).xlsx",Capital Structure Details,As Reported
2017FQ3,2017-09-30,2017-10-26,9,Local Bonds,Senior Debt,5000000,6.8300%,NA,Aug-10-2018,Senior,No,NA,No,No,No,MXN,"filings/capitaliq/Financials/Templated/Capital Structure Details/2017FQ3 filed Oct 26, 2017/SPGlobal_GrupoBimbo,S.A.B.deC.V._CapitalStructureDetails_19-Sep-2026 (17).xlsx",Capital Structure Details,As Reported
2017FQ3,2017-09-30,2017-10-26,10,Nacional Financiera Ext Bank Credits,Term Loans,83469,3.4322%,NA,Dec-12-2017,Senior,No,NA,No,No,No,MXN,"filings/capitaliq/Financials/Templated/Capital Structure Details/2017FQ3 filed Oct 26, 2017/SPGlobal_GrupoBimbo,S.A.B.deC.V._CapitalStructureDetails_19-Sep-2026 (17).xlsx",Capital Structure Details,As Reported
2017FQ3,2017-09-30,2017-10-26,11,Nacional Financiera Nal. Bank Credits,Term Loans,523428,8.6225%,NA,Dec-22-2017,Senior,No,NA,No,No,No,MXN,"filings/capitaliq/Financials/Templated/Capital Structure Details/2017FQ3 filed Oct 26, 2017/SPGlobal_GrupoBimbo,S.A.B.deC.V._CapitalStructureDetails_19-Sep-2026 (17).xlsx",Capital Structure Details,As Reported
2017FQ3,2017-09-30,2017-10-26,12,Revolving Line 2,Revolving Credit,2127645,NA,2y US T-Note + 100 bp,Feb-06-2021,Senior,No,NA,No,No,No,NA,"filings/capitaliq/Financials/Templated/Capital Structure Details/2017FQ3 filed Oct 26, 2017/SPGlobal_GrupoBimbo,S.A.B.deC.V._CapitalStructureDetails_19-Sep-2026 (17).xlsx",Capital Structure Details,As Reported
2017FQ3,2017-09-30,2017-10-26,13,Subsidiaries Bank Credits,Term Loans,6076362,NA,NA,Sep-29-2023,Senior,No,NA,No,No,No,MXN,"filings/capitaliq/Financials/Templated/Capital Structure Details/2017FQ3 filed Oct 26, 2017/SPGlobal_GrupoBimbo,S.A.B.deC.V._CapitalStructureDetails_19-Sep-2026 (17).xlsx",Capital Structure Details,As Reported
2017FY,2017-12-31,2018-05-02,1,BIMBO 17 Stock Certificates - Bond,Senior Debt,10000000,8.1800%,NA,Sep-24-2027,Senior,No,NA,No,No,No,MXN,"filings/capitaliq/Financials/Templated/Capital Structure Details/2017FY filed May 02, 2018/SPGlobal_GrupoBimbo,S.A.B.deC.V._CapitalStructureDetails_20-Sep-2026 (14).xlsx",Capital Structure Details,As Reported
2017FY,2017-12-31,2018-05-02,2,Bonds,Senior Debt,8000000,7.5600%,NA,Sep-03-2026,Senior,No,NA,No,No,No,MXN,"filings/capitaliq/Financials/Templated/Capital Structure Details/2017FY filed May 02, 2018/SPGlobal_GrupoBimbo,S.A.B.deC.V._CapitalStructureDetails_20-Sep-2026 (14).xlsx",Capital Structure Details,As Reported
2017FY,2017-12-31,2018-05-02,3,"Committed, Syndicated and Multi-Currency Revolving Credit Facility",Revolving Credit,0,NA,8 Year FHLB,Sep-14-2026,Senior,No,NA,No,No,No,NA,"filings/capitaliq/Financials/Templated/Capital Structure Details/2017FY filed May 02, 2018/SPGlobal_GrupoBimbo,S.A.B.deC.V._CapitalStructureDetails_20-Sep-2026 (14).xlsx",Capital Structure Details,As Reported
2017FY,2017-12-31,2018-05-02,4,Finance Leases,Capital Lease,2491000,NA,NA,2021,Senior,Yes,Tangible Asset,No,No,No,MXN,"filings/capitaliq/Financials/Templated/Capital Structure Details/2017FY filed May 02, 2018/SPGlobal_GrupoBimbo,S.A.B.deC.V._CapitalStructureDetails_20-Sep-2026 (14).xlsx",Capital Structure Details,As Reported
2017FY,2017-12-31,2018-05-02,5,International Bonds,Senior Debt,15788000,4.8800%,NA,Jun-30-2020,Senior,No,NA,No,No,No,USD,"filings/capitaliq/Financials/Templated/Capital Structure Details/2017FY filed May 02, 2018/SPGlobal_GrupoBimbo,S.A.B.deC.V._CapitalStructureDetails_20-Sep-2026 (14).xlsx",Capital Structure Details,As Reported
2017FY,2017-12-31,2018-05-02,6,International Bonds,Senior Debt,15788000,4.5000%,NA,Jan-25-2022,Senior,No,NA,No,No,No,USD,"filings/capitaliq/Financials/Templated/Capital Structure Details/2017FY filed May 02, 2018/SPGlobal_GrupoBimbo,S.A.B.deC.V._CapitalStructureDetails_20-Sep-2026 (14).xlsx",Capital Structure Details,As Reported
2017FY,2017-12-31,2018-05-02,7,International Bonds,Senior Debt,15788000,3.8750%,NA,Jun-27-2024,Senior,No,NA,No,No,No,USD,"filings/capitaliq/Financials/Templated/Capital Structure Details/2017FY filed May 02, 2018/SPGlobal_GrupoBimbo,S.A.B.deC.V._CapitalStructureDetails_20-Sep-2026 (14).xlsx",Capital Structure Details,As Reported
2017FY,2017-12-31,2018-05-02,8,International Bonds,Senior Debt,12828000,4.7000%,NA,Nov-10-2047,Senior,Yes,Tangible Asset,No,No,No,USD,"filings/capitaliq/Financials/Templated/Capital Structure Details/2017FY filed May 02, 2018/SPGlobal_GrupoBimbo,S.A.B.deC.V._CapitalStructureDetails_20-Sep-2026 (14).xlsx",Capital Structure Details,As Reported
2017FY,2017-12-31,2018-05-02,9,International Bonds,Senior Debt,9868000,4.8800%,NA,Jun-27-2044,Senior,Yes,Tangible Asset,No,No,No,USD,"filings/capitaliq/Financials/Templated/Capital Structure Details/2017FY filed May 02, 2018/SPGlobal_GrupoBimbo,S.A.B.deC.V._CapitalStructureDetails_20-Sep-2026 (14).xlsx",Capital Structure Details,As Reported
2017FY,2017-12-31,2018-05-02,10,Local Bonds,Senior Debt,0,6.0500%,NA,Jun-06-2016,Senior,No,NA,No,No,No,MXN,"filings/capitaliq/Financials/Templated/Capital Structure Details/2017FY filed May 02, 2018/SPGlobal_GrupoBimbo,S.A.B.deC.V._CapitalStructureDetails_20-Sep-2026 (14).xlsx",Capital Structure Details,As Reported
2017FY,2017-12-31,2018-05-02,11,Local Bonds,Senior Debt,0,10.6000%,NA,Jun-06-2016,Senior,No,NA,No,No,No,MXN,"filings/capitaliq/Financials/Templated/Capital Structure Details/2017FY filed May 02, 2018/SPGlobal_GrupoBimbo,S.A.B.deC.V._CapitalStructureDetails_20-Sep-2026 (14).xlsx",Capital Structure Details,As Reported
2017FY,2017-12-31,2018-05-02,12,Local Bonds,Senior Debt,0,6.8300%,NA,Aug-10-2018,Senior,No,NA,No,No,No,MXN,"filings/capitaliq/Financials/Templated/Capital Structure Details/2017FY filed May 02, 2018/SPGlobal_GrupoBimbo,S.A.B.deC.V._CapitalStructureDetails_20-Sep-2026 (14).xlsx",Capital Structure Details,As Reported
2017FY,2017-12-31,2018-05-02,13,Revolving Compromised Credit Line,Revolving Credit,2356000,NA,2y US T-Note + 100 bp,Mar-02-2018,Senior,No,NA,No,No,No,EUR,"filings/capitaliq/Financials/Templated/Capital Structure Details/2017FY filed May 02, 2018/SPGlobal_GrupoBimbo,S.A.B.deC.V._CapitalStructureDetails_20-Sep-2026 (14).xlsx",Capital Structure Details,As Reported
2017FY,2017-12-31,2018-05-02,14,Unsecured Loans for Working Capital,Revolving Credit,0,4.1500%,NA,NA,Senior,No,NA,No,No,No,MXN,"filings/capitaliq/Financials/Templated/Capital Structure Details/2017FY filed May 02, 2018/SPGlobal_GrupoBimbo,S.A.B.deC.V._CapitalStructureDetails_20-Sep-2026 (14).xlsx",Capital Structure Details,As Reported
2017FY,2017-12-31,2018-05-02,15,Working Capital Loan,Revolving Credit,4331000,NA,NA,2018 - 2025,Senior,No,NA,No,No,No,MXN,"filings/capitaliq/Financials/Templated/Capital Structure Details/2017FY filed May 02, 2018/SPGlobal_GrupoBimbo,S.A.B.deC.V._CapitalStructureDetails_20-Sep-2026 (14).xlsx",Capital Structure Details,As Reported
2018FQ1,2018-03-31,2018-04-26,1,BIMBO 17 Stock Certificates - Bond,Senior Debt,9976042,8.1800%,NA,Sep-24-2027,Senior,No,NA,No,No,No,MXN,"filings/capitaliq/Financials/Templated/Capital Structure Details/2018FQ1 filed Apr 26, 2018/SPGlobal_GrupoBimbo,S.A.B.deC.V._CapitalStructureDetails_19-Sep-2026 (18).xlsx",Capital Structure Details,As Reported
2018FQ1,2018-03-31,2018-04-26,2,Bonds,Senior Debt,7979600,7.5600%,NA,Sep-03-2026,Senior,No,NA,No,No,No,MXN,"filings/capitaliq/Financials/Templated/Capital Structure Details/2018FQ1 filed Apr 26, 2018/SPGlobal_GrupoBimbo,S.A.B.deC.V._CapitalStructureDetails_19-Sep-2026 (18).xlsx",Capital Structure Details,As Reported
2018FQ1,2018-03-31,2018-04-26,3,"Committed, Syndicated and Multi-Currency Revolving Credit Facility",Revolving Credit,2234421,NA,Various Benchmarks,Sep-14-2026 - Mar-15-2028,Senior,No,NA,No,No,No,NA,"filings/capitaliq/Financials/Templated/Capital Structure Details/2018FQ1 filed Apr 26, 2018/SPGlobal_GrupoBimbo,S.A.B.deC.V._CapitalStructureDetails_19-Sep-2026 (18).xlsx",Capital Structure Details,As Reported
2018FQ1,2018-03-31,2018-04-26,4,Finance Leases,Capital Lease,2318763,NA,NA,2021,Senior,Yes,Tangible Asset,No,No,No,MXN,"filings/capitaliq/Financials/Templated/Capital Structure Details/2018FQ1 filed Apr 26, 2018/SPGlobal_GrupoBimbo,S.A.B.deC.V._CapitalStructureDetails_19-Sep-2026 (18).xlsx",Capital Structure Details,As Reported
2018FQ1,2018-03-31,2018-04-26,5,International Bonds,Senior Debt,14659717,4.8800%,NA,Jun-30-2020,Senior,No,NA,No,No,No,USD,"filings/capitaliq/Financials/Templated/Capital Structure Details/2018FQ1 filed Apr 26, 2018/SPGlobal_GrupoBimbo,S.A.B.deC.V._CapitalStructureDetails_19-Sep-2026 (18).xlsx",Capital Structure Details,As Reported
2018FQ1,2018-03-31,2018-04-26,6,International Bonds,Senior Debt,14620487,4.5000%,NA,Jan-25-2022,Senior,No,NA,No,No,No,USD,"filings/capitaliq/Financials/Templated/Capital Structure Details/2018FQ1 filed Apr 26, 2018/SPGlobal_GrupoBimbo,S.A.B.deC.V._CapitalStructureDetails_19-Sep-2026 (18).xlsx",Capital Structure Details,As Reported
2018FQ1,2018-03-31,2018-04-26,7,International Bonds,Senior Debt,14621165,3.8750%,NA,Jun-27-2024,Senior,No,NA,No,No,No,USD,"filings/capitaliq/Financials/Templated/Capital Structure Details/2018FQ1 filed Apr 26, 2018/SPGlobal_GrupoBimbo,S.A.B.deC.V._CapitalStructureDetails_19-Sep-2026 (18).xlsx",Capital Structure Details,As Reported
2018FQ1,2018-03-31,2018-04-26,8,International Bonds,Senior Debt,11853559,4.7000%,NA,Nov-10-2047,Senior,Yes,Tangible Asset,No,No,No,USD,"filings/capitaliq/Financials/Templated/Capital Structure Details/2018FQ1 filed Apr 26, 2018/SPGlobal_GrupoBimbo,S.A.B.deC.V._CapitalStructureDetails_19-Sep-2026 (18).xlsx",Capital Structure Details,As Reported
2018FQ1,2018-03-31,2018-04-26,9,International Bonds,Senior Debt,9047637,4.8800%,NA,Jun-27-2044,Senior,Yes,Tangible Asset,No,No,No,USD,"filings/capitaliq/Financials/Templated/Capital Structure Details/2018FQ1 filed Apr 26, 2018/SPGlobal_GrupoBimbo,S.A.B.deC.V._CapitalStructureDetails_19-Sep-2026 (18).xlsx",Capital Structure Details,As Reported
2018FQ1,2018-03-31,2018-04-26,10,Subsidiaries Facility,Revolving Credit,3916143,NA,NA,Nov-20-2025,Senior,No,NA,No,No,No,MXN,"filings/capitaliq/Financials/Templated/Capital Structure Details/2018FQ1 filed Apr 26, 2018/SPGlobal_GrupoBimbo,S.A.B.deC.V._CapitalStructureDetails_19-Sep-2026 (18).xlsx",Capital Structure Details,As Reported
2018FQ1,2018-03-31,2018-04-26,11,Unsecured Loans for Working Capital,Revolving Credit,0,4.1500%,NA,NA,Senior,No,NA,No,No,No,MXN,"filings/capitaliq/Financials/Templated/Capital Structure Details/2018FQ1 filed Apr 26, 2018/SPGlobal_GrupoBimbo,S.A.B.deC.V._CapitalStructureDetails_19-Sep-2026 (18).xlsx",Capital Structure Details,As Reported
2018FQ1,2018-03-31,2018-04-26,12,Working Capital from Nacional Financier - Foreign,Revolving Credit,78970,3.8572%,NA,Nov-28-2018,Senior,No,NA,No,No,No,NA,"filings/capitaliq/Financials/Templated/Capital Structure Details/2018FQ1 filed Apr 26, 2018/SPGlobal_GrupoBimbo,S.A.B.deC.V._CapitalStructureDetails_19-Sep-2026 (18).xlsx",Capital Structure Details,As Reported
2018FQ1,2018-03-31,2018-04-26,13,Working Capital from Nacional Financiera - Domestic,Revolving Credit,552854,9.0614%,NA,Dec-21-2018,Senior,No,NA,No,No,No,MXN,"filings/capitaliq/Financials/Templated/Capital Structure Details/2018FQ1 filed Apr 26, 2018/SPGlobal_GrupoBimbo,S.A.B.deC.V._CapitalStructureDetails_19-Sep-2026 (18).xlsx",Capital Structure Details,As Reported
2018FQ2,2018-06-30,2018-07-25,1,BIMBO 17 Stock Certificates - Bond,Senior Debt,9976667,8.1800%,NA,Sep-24-2027,Senior,No,NA,No,No,No,MXN,"filings/capitaliq/Financials/Templated/Capital Structure Details/2018FQ2 filed Jul 25, 2018/SPGlobal_GrupoBimbo,S.A.B.deC.V._CapitalStructureDetails_19-Sep-2026 (19).xlsx",Capital Structure Details,As Reported
2018FQ2,2018-06-30,2018-07-25,2,Bonds,Senior Debt,7980200,7.5600%,NA,Sep-03-2026,Senior,No,NA,No,No,No,MXN,"filings/capitaliq/Financials/Templated/Capital Structure Details/2018FQ2 filed Jul 25, 2018/SPGlobal_GrupoBimbo,S.A.B.deC.V._CapitalStructureDetails_19-Sep-2026 (19).xlsx",Capital Structure Details,As Reported
2018FQ2,2018-06-30,2018-07-25,3,"Committed, Syndicated and Multi-Currency Revolving Credit Facility",Revolving Credit,0,NA,8 Year FHLB,Sep-14-2026,Senior,No,NA,No,No,No,NA,"filings/capitaliq/Financials/Templated/Capital Structure Details/2018FQ2 filed Jul 25, 2018/SPGlobal_GrupoBimbo,S.A.B.deC.V._CapitalStructureDetails_19-Sep-2026 (19).xlsx",Capital Structure Details,As Reported
2018FQ2,2018-06-30,2018-07-25,4,Finance Leases,Capital Lease,2479297,NA,NA,2021,Senior,Yes,Tangible Asset,No,No,No,MXN,"filings/capitaliq/Financials/Templated/Capital Structure Details/2018FQ2 filed Jul 25, 2018/SPGlobal_GrupoBimbo,S.A.B.deC.V._CapitalStructureDetails_19-Sep-2026 (19).xlsx",Capital Structure Details,As Reported
2018FQ2,2018-06-30,2018-07-25,5,International Bonds,Senior Debt,15876589,4.8800%,NA,Jun-30-2020,Senior,No,NA,No,No,No,USD,"filings/capitaliq/Financials/Templated/Capital Structure Details/2018FQ2 filed Jul 25, 2018/SPGlobal_GrupoBimbo,S.A.B.deC.V._CapitalStructureDetails_19-Sep-2026 (19).xlsx",Capital Structure Details,As Reported
2018FQ2,2018-06-30,2018-07-25,6,International Bonds,Senior Debt,15839122,4.5000%,NA,Jan-25-2022,Senior,No,NA,No,No,No,USD,"filings/capitaliq/Financials/Templated/Capital Structure Details/2018FQ2 filed Jul 25, 2018/SPGlobal_GrupoBimbo,S.A.B.deC.V._CapitalStructureDetails_19-Sep-2026 (19).xlsx",Capital Structure Details,As Reported
2018FQ2,2018-06-30,2018-07-25,7,International Bonds,Senior Debt,15839499,3.8750%,NA,Jun-27-2024,Senior,No,NA,No,No,No,USD,"filings/capitaliq/Financials/Templated/Capital Structure Details/2018FQ2 filed Jul 25, 2018/SPGlobal_GrupoBimbo,S.A.B.deC.V._CapitalStructureDetails_19-Sep-2026 (19).xlsx",Capital Structure Details,As Reported
2018FQ2,2018-06-30,2018-07-25,8,International Bonds,Senior Debt,12805545,4.7000%,NA,Nov-10-2047,Senior,Yes,Tangible Asset,No,No,No,USD,"filings/capitaliq/Financials/Templated/Capital Structure Details/2018FQ2 filed Jul 25, 2018/SPGlobal_GrupoBimbo,S.A.B.deC.V._CapitalStructureDetails_19-Sep-2026 (19).xlsx",Capital Structure Details,As Reported
2018FQ2,2018-06-30,2018-07-25,9,International Bonds,Senior Debt,9807105,4.8800%,NA,Jun-27-2044,Senior,Yes,Tangible Asset,No,No,No,USD,"filings/capitaliq/Financials/Templated/Capital Structure Details/2018FQ2 filed Jul 25, 2018/SPGlobal_GrupoBimbo,S.A.B.deC.V._CapitalStructureDetails_19-Sep-2026 (19).xlsx",Capital Structure Details,As Reported
2018FQ2,2018-06-30,2018-07-25,10,Subsidiaries Facility,Revolving Credit,3817557,NA,NA,Nov-20-2025,Senior,No,NA,No,No,No,MXN,"filings/capitaliq/Financials/Templated/Capital Structure Details/2018FQ2 filed Jul 25, 2018/SPGlobal_GrupoBimbo,S.A.B.deC.V._CapitalStructureDetails_19-Sep-2026 (19).xlsx",Capital Structure Details,As Reported
2018FQ2,2018-06-30,2018-07-25,11,Working Capital from Nacional Financier - Foreign,Revolving Credit,107226,3.8572%,NA,Nov-28-2018,Senior,No,NA,No,No,No,NA,"filings/capitaliq/Financials/Templated/Capital Structure Details/2018FQ2 filed Jul 25, 2018/SPGlobal_GrupoBimbo,S.A.B.deC.V._CapitalStructureDetails_19-Sep-2026 (19).xlsx",Capital Structure Details,As Reported
2018FQ2,2018-06-30,2018-07-25,12,Working Capital from Nacional Financiera - Domestic,Revolving Credit,681982,9.0614%,NA,Dec-21-2018,Senior,No,NA,No,No,No,MXN,"filings/capitaliq/Financials/Templated/Capital Structure Details/2018FQ2 filed Jul 25, 2018/SPGlobal_GrupoBimbo,S.A.B.deC.V._CapitalStructureDetails_19-Sep-2026 (19).xlsx",Capital Structure Details,As Reported
2018FQ3,2018-09-30,2018-10-24,1,BIMBO 17 Stock Certificates - Bond,Senior Debt,9977292,8.1800%,NA,Sep-24-2027,Senior,No,NA,No,No,No,MXN,"filings/capitaliq/Financials/Templated/Capital Structure Details/2018FQ3 filed Oct 24, 2018/SPGlobal_GrupoBimbo,S.A.B.deC.V._CapitalStructureDetails_19-Sep-2026 (20).xlsx",Capital Structure Details,As Reported
2018FQ3,2018-09-30,2018-10-24,2,Bonds,Senior Debt,7980800,7.5600%,NA,Sep-03-2026,Senior,No,NA,No,No,No,MXN,"filings/capitaliq/Financials/Templated/Capital Structure Details/2018FQ3 filed Oct 24, 2018/SPGlobal_GrupoBimbo,S.A.B.deC.V._CapitalStructureDetails_19-Sep-2026 (20).xlsx",Capital Structure Details,As Reported
2018FQ3,2018-09-30,2018-10-24,3,"Committed, Syndicated and Multi-Currency Revolving Credit Facility",Revolving Credit,0,NA,8 Year FHLB,Sep-14-2026,Senior,No,NA,No,No,No,NA,"filings/capitaliq/Financials/Templated/Capital Structure Details/2018FQ3 filed Oct 24, 2018/SPGlobal_GrupoBimbo,S.A.B.deC.V._CapitalStructureDetails_19-Sep-2026 (20).xlsx",Capital Structure Details,As Reported
2018FQ3,2018-09-30,2018-10-24,4,International Bonds,Senior Debt,15037382,4.8800%,NA,Jun-30-2020,Senior,No,NA,No,No,No,USD,"filings/capitaliq/Financials/Templated/Capital Structure Details/2018FQ3 filed Oct 24, 2018/SPGlobal_GrupoBimbo,S.A.B.deC.V._CapitalStructureDetails_19-Sep-2026 (20).xlsx",Capital Structure Details,As Reported
2018FQ3,2018-09-30,2018-10-24,5,International Bonds,Senior Debt,15001676,4.5000%,NA,Jan-25-2022,Senior,No,NA,No,No,No,USD,"filings/capitaliq/Financials/Templated/Capital Structure Details/2018FQ3 filed Oct 24, 2018/SPGlobal_GrupoBimbo,S.A.B.deC.V._CapitalStructureDetails_19-Sep-2026 (20).xlsx",Capital Structure Details,As Reported
2018FQ3,2018-09-30,2018-10-24,6,International Bonds,Senior Debt,15000620,3.8750%,NA,Jun-27-2024,Senior,No,NA,No,No,No,USD,"filings/capitaliq/Financials/Templated/Capital Structure Details/2018FQ3 filed Oct 24, 2018/SPGlobal_GrupoBimbo,S.A.B.deC.V._CapitalStructureDetails_19-Sep-2026 (20).xlsx",Capital Structure Details,As Reported
2018FQ3,2018-09-30,2018-10-24,7,International Bonds,Senior Debt,12124695,4.7000%,NA,Nov-10-2047,Senior,Yes,Tangible Asset,No,No,No,USD,"filings/capitaliq/Financials/Templated/Capital Structure Details/2018FQ3 filed Oct 24, 2018/SPGlobal_GrupoBimbo,S.A.B.deC.V._CapitalStructureDetails_19-Sep-2026 (20).xlsx",Capital Structure Details,As Reported
2018FQ3,2018-09-30,2018-10-24,8,International Bonds,Senior Debt,9282656,4.8800%,NA,Jun-27-2044,Senior,Yes,Tangible Asset,No,No,No,USD,"filings/capitaliq/Financials/Templated/Capital Structure Details/2018FQ3 filed Oct 24, 2018/SPGlobal_GrupoBimbo,S.A.B.deC.V._CapitalStructureDetails_19-Sep-2026 (20).xlsx",Capital Structure Details,As Reported
2018FQ3,2018-09-30,2018-10-24,9,Subsidiaries Facility,Revolving Credit,2833497,NA,NA,Nov-20-2025,Senior,No,NA,No,No,No,MXN,"filings/capitaliq/Financials/Templated/Capital Structure Details/2018FQ3 filed Oct 24, 2018/SPGlobal_GrupoBimbo,S.A.B.deC.V._CapitalStructureDetails_19-Sep-2026 (20).xlsx",Capital Structure Details,As Reported
2018FQ3,2018-09-30,2018-10-24,10,Working Capital from Nacional Financier - Foreign,Revolving Credit,110813,3.8572%,NA,Nov-28-2018,Senior,No,NA,No,No,No,NA,"filings/capitaliq/Financials/Templated/Capital Structure Details/2018FQ3 filed Oct 24, 2018/SPGlobal_GrupoBimbo,S.A.B.deC.V._CapitalStructureDetails_19-Sep-2026 (20).xlsx",Capital Structure Details,As Reported
2018FQ3,2018-09-30,2018-10-24,11,Working Capital from Nacional Financiera - Domestic,Revolving Credit,585680,9.0614%,NA,Dec-21-2018,Senior,No,NA,No,No,No,MXN,"filings/capitaliq/Financials/Templated/Capital Structure Details/2018FQ3 filed Oct 24, 2018/SPGlobal_GrupoBimbo,S.A.B.deC.V._CapitalStructureDetails_19-Sep-2026 (20).xlsx",Capital Structure Details,As Reported
2018FY,2018-12-31,2019-05-31,1,BIMBO 16 Stock Certificates - Bond,Senior Debt,7830000,7.5600%,NA,Sep-02-2026,Senior,No,NA,No,No,No,MXN,"filings/capitaliq/Financials/Templated/Capital Structure Details/2018FY filed May 31, 2019/SPGlobal_GrupoBimbo,S.A.B.deC.V._CapitalStructureDetails_20-Sep-2026 (15).xlsx",Capital Structure Details,As Reported
2018FY,2018-12-31,2019-05-31,2,BIMBO 17 Stock Certificates - Bond,Senior Debt,9723000,8.1800%,NA,Sep-24-2027,Senior,No,NA,No,No,No,MXN,"filings/capitaliq/Financials/Templated/Capital Structure Details/2018FY filed May 31, 2019/SPGlobal_GrupoBimbo,S.A.B.deC.V._CapitalStructureDetails_20-Sep-2026 (15).xlsx",Capital Structure Details,As Reported
2018FY,2018-12-31,2019-05-31,3,"Committed, Syndicated and Multi-Currency Revolving Credit Facility",Revolving Credit,0,NA,8 Year FHLB,Sep-14-2026,Senior,No,NA,No,No,No,NA,"filings/capitaliq/Financials/Templated/Capital Structure Details/2018FY filed May 31, 2019/SPGlobal_GrupoBimbo,S.A.B.deC.V._CapitalStructureDetails_20-Sep-2026 (15).xlsx",Capital Structure Details,As Reported
2018FY,2018-12-31,2019-05-31,4,Finance Leases,Capital Lease,2453000,NA,NA,2021,Senior,Yes,Tangible Asset,No,No,No,MXN,"filings/capitaliq/Financials/Templated/Capital Structure Details/2018FY filed May 31, 2019/SPGlobal_GrupoBimbo,S.A.B.deC.V._CapitalStructureDetails_20-Sep-2026 (15).xlsx",Capital Structure Details,As Reported
2018FY,2018-12-31,2019-05-31,5,International Bonds,Senior Debt,15746000,4.8800%,NA,Jun-30-2020,Senior,No,NA,No,No,No,USD,"filings/capitaliq/Financials/Templated/Capital Structure Details/2018FY filed May 31, 2019/SPGlobal_GrupoBimbo,S.A.B.deC.V._CapitalStructureDetails_20-Sep-2026 (15).xlsx",Capital Structure Details,As Reported
2018FY,2018-12-31,2019-05-31,6,International Bonds,Senior Debt,15746000,4.5000%,NA,Jan-25-2022,Senior,No,NA,No,No,No,USD,"filings/capitaliq/Financials/Templated/Capital Structure Details/2018FY filed May 31, 2019/SPGlobal_GrupoBimbo,S.A.B.deC.V._CapitalStructureDetails_20-Sep-2026 (15).xlsx",Capital Structure Details,As Reported
2018FY,2018-12-31,2019-05-31,7,International Bonds,Senior Debt,15746000,3.8750%,NA,Jun-27-2024,Senior,No,NA,No,No,No,USD,"filings/capitaliq/Financials/Templated/Capital Structure Details/2018FY filed May 31, 2019/SPGlobal_GrupoBimbo,S.A.B.deC.V._CapitalStructureDetails_20-Sep-2026 (15).xlsx",Capital Structure Details,As Reported
2018FY,2018-12-31,2019-05-31,8,International Bonds,Senior Debt,12794000,4.7000%,NA,Nov-10-2047,Senior,Yes,Tangible Asset,No,No,No,USD,"filings/capitaliq/Financials/Templated/Capital Structure Details/2018FY filed May 31, 2019/SPGlobal_GrupoBimbo,S.A.B.deC.V._CapitalStructureDetails_20-Sep-2026 (15).xlsx",Capital Structure Details,As Reported
2018FY,2018-12-31,2019-05-31,9,International Bonds,Senior Debt,9841000,4.8800%,NA,Jun-27-2044,Senior,Yes,Tangible Asset,No,No,No,USD,"filings/capitaliq/Financials/Templated/Capital Structure Details/2018FY filed May 31, 2019/SPGlobal_GrupoBimbo,S.A.B.deC.V._CapitalStructureDetails_20-Sep-2026 (15).xlsx",Capital Structure Details,As Reported
2018FY,2018-12-31,2019-05-31,10,Local Bonds,Senior Debt,0,6.8300%,NA,Aug-10-2018,Senior,No,NA,No,No,No,MXN,"filings/capitaliq/Financials/Templated/Capital Structure Details/2018FY filed May 31, 2019/SPGlobal_GrupoBimbo,S.A.B.deC.V._CapitalStructureDetails_20-Sep-2026 (15).xlsx",Capital Structure Details,As Reported
2018FY,2018-12-31,2019-05-31,11,Working Capital - Facility,Revolving Credit,2783000,NA,NA,2022 - 2030,Senior,No,NA,No,No,No,MXN,"filings/capitaliq/Financials/Templated/Capital Structure Details/2018FY filed May 31, 2019/SPGlobal_GrupoBimbo,S.A.B.deC.V._CapitalStructureDetails_20-Sep-2026 (15).xlsx",Capital Structure Details,As Reported
2019FQ1,2019-03-31,2019-04-30,1,Bimbo 16 Issuance - Bond,Senior Debt,7812073,7.5600%,NA,Sep-02-2026,Senior,No,NA,No,No,No,MXN,"filings/capitaliq/Financials/Templated/Capital Structure Details/2019FQ1 filed Apr 30, 2019/SPGlobal_GrupoBimbo,S.A.B.deC.V._CapitalStructureDetails_19-Sep-2026 (21).xlsx",Capital Structure Details,As Reported
2019FQ1,2019-03-31,2019-04-30,2,Bimbo 17 Issuance - Bond,Senior Debt,9702020,8.1800%,NA,Sep-24-2027,Senior,No,NA,No,No,No,MXN,"filings/capitaliq/Financials/Templated/Capital Structure Details/2019FQ1 filed Apr 30, 2019/SPGlobal_GrupoBimbo,S.A.B.deC.V._CapitalStructureDetails_19-Sep-2026 (21).xlsx",Capital Structure Details,As Reported
2019FQ1,2019-03-31,2019-04-30,3,"Committed, Syndicated and Multi-Currency Revolving Credit Facility",Revolving Credit,0,NA,8 Year FHLB,Sep-14-2026,Senior,No,NA,No,No,No,NA,"filings/capitaliq/Financials/Templated/Capital Structure Details/2019FQ1 filed Apr 30, 2019/SPGlobal_GrupoBimbo,S.A.B.deC.V._CapitalStructureDetails_19-Sep-2026 (21).xlsx",Capital Structure Details,As Reported
2019FQ1,2019-03-31,2019-04-30,4,International Bonds,Senior Debt,15494887,4.8800%,NA,Jun-30-2020,Senior,No,NA,No,No,No,USD,"filings/capitaliq/Financials/Templated/Capital Structure Details/2019FQ1 filed Apr 30, 2019/SPGlobal_GrupoBimbo,S.A.B.deC.V._CapitalStructureDetails_19-Sep-2026 (21).xlsx",Capital Structure Details,As Reported
2019FQ1,2019-03-31,2019-04-30,5,International Bonds,Senior Debt,15456590,4.5000%,NA,Jan-25-2022,Senior,No,NA,No,No,No,USD,"filings/capitaliq/Financials/Templated/Capital Structure Details/2019FQ1 filed Apr 30, 2019/SPGlobal_GrupoBimbo,S.A.B.deC.V._CapitalStructureDetails_19-Sep-2026 (21).xlsx",Capital Structure Details,As Reported
2019FQ1,2019-03-31,2019-04-30,6,International Bonds,Senior Debt,15434774,3.8750%,NA,Jun-27-2024,Senior,No,NA,No,No,No,USD,"filings/capitaliq/Financials/Templated/Capital Structure Details/2019FQ1 filed Apr 30, 2019/SPGlobal_GrupoBimbo,S.A.B.deC.V._CapitalStructureDetails_19-Sep-2026 (21).xlsx",Capital Structure Details,As Reported
2019FQ1,2019-03-31,2019-04-30,7,International Bonds,Senior Debt,12528552,4.7000%,NA,Nov-10-2047,Senior,Yes,Tangible Asset,No,No,No,USD,"filings/capitaliq/Financials/Templated/Capital Structure Details/2019FQ1 filed Apr 30, 2019/SPGlobal_GrupoBimbo,S.A.B.deC.V._CapitalStructureDetails_19-Sep-2026 (21).xlsx",Capital Structure Details,As Reported
2019FQ1,2019-03-31,2019-04-30,8,International Bonds,Senior Debt,9568709,4.8800%,NA,Jun-27-2044,Senior,Yes,Tangible Asset,No,No,No,USD,"filings/capitaliq/Financials/Templated/Capital Structure Details/2019FQ1 filed Apr 30, 2019/SPGlobal_GrupoBimbo,S.A.B.deC.V._CapitalStructureDetails_19-Sep-2026 (21).xlsx",Capital Structure Details,As Reported
2019FQ1,2019-03-31,2019-04-30,9,Lease Liabilities,Capital Lease,21928170,NA,NA,NA,Senior,Yes,Tangible Asset,No,No,No,MXN,"filings/capitaliq/Financials/Templated/Capital Structure Details/2019FQ1 filed Apr 30, 2019/SPGlobal_GrupoBimbo,S.A.B.deC.V._CapitalStructureDetails_19-Sep-2026 (21).xlsx",Capital Structure Details,As Reported
2019FQ1,2019-03-31,2019-04-30,10,Reserve Independent Operator Loans,Term Loans,51130,NA,NA,Sep-30-2020,Senior,No,NA,No,No,No,MXN,"filings/capitaliq/Financials/Templated/Capital Structure Details/2019FQ1 filed Apr 30, 2019/SPGlobal_GrupoBimbo,S.A.B.deC.V._CapitalStructureDetails_19-Sep-2026 (21).xlsx",Capital Structure Details,As Reported
2019FQ1,2019-03-31,2019-04-30,11,Working Capital - Facility,Revolving Credit,4009565,NA,NA,2022 - 2030,Senior,No,NA,No,No,No,MXN,"filings/capitaliq/Financials/Templated/Capital Structure Details/2019FQ1 filed Apr 30, 2019/SPGlobal_GrupoBimbo,S.A.B.deC.V._CapitalStructureDetails_19-Sep-2026 (21).xlsx",Capital Structure Details,As Reported
2019FQ2,2019-06-30,2019-07-23,1,Bimbo 16 Issuance - Bond,Senior Debt,7689587,7.5600%,NA,Sep-02-2026,Senior,No,NA,No,No,No,MXN,"filings/capitaliq/Financials/Templated/Capital Structure Details/2019FQ2 filed Jul 23, 2019/SPGlobal_GrupoBimbo,S.A.B.deC.V._CapitalStructureDetails_19-Sep-2026 (22).xlsx",Capital Structure Details,As Reported
2019FQ2,2019-06-30,2019-07-23,2,Bimbo 17 Issuance - Bond,Senior Debt,9612733,8.1800%,NA,Sep-24-2027,Senior,No,NA,No,No,No,MXN,"filings/capitaliq/Financials/Templated/Capital Structure Details/2019FQ2 filed Jul 23, 2019/SPGlobal_GrupoBimbo,S.A.B.deC.V._CapitalStructureDetails_19-Sep-2026 (22).xlsx",Capital Structure Details,As Reported
2019FQ2,2019-06-30,2019-07-23,3,"Committed, Syndicated and Multi-Currency Revolving Credit Facility",Revolving Credit,0,NA,8 Year FHLB,Sep-14-2026,Senior,No,NA,No,No,No,NA,"filings/capitaliq/Financials/Templated/Capital Structure Details/2019FQ2 filed Jul 23, 2019/SPGlobal_GrupoBimbo,S.A.B.deC.V._CapitalStructureDetails_19-Sep-2026 (22).xlsx",Capital Structure Details,As Reported
2019FQ2,2019-06-30,2019-07-23,4,International Bonds,Senior Debt,15328080,4.8800%,NA,Jun-30-2020,Senior,No,NA,No,No,No,USD,"filings/capitaliq/Financials/Templated/Capital Structure Details/2019FQ2 filed Jul 23, 2019/SPGlobal_GrupoBimbo,S.A.B.deC.V._CapitalStructureDetails_19-Sep-2026 (22).xlsx",Capital Structure Details,As Reported
2019FQ2,2019-06-30,2019-07-23,5,International Bonds,Senior Debt,15292136,4.5000%,NA,Jan-25-2022,Senior,No,NA,No,No,No,USD,"filings/capitaliq/Financials/Templated/Capital Structure Details/2019FQ2 filed Jul 23, 2019/SPGlobal_GrupoBimbo,S.A.B.deC.V._CapitalStructureDetails_19-Sep-2026 (22).xlsx",Capital Structure Details,As Reported
2019FQ2,2019-06-30,2019-07-23,6,International Bonds,Senior Debt,15269604,3.8750%,NA,Jun-27-2024,Senior,No,NA,No,No,No,USD,"filings/capitaliq/Financials/Templated/Capital Structure Details/2019FQ2 filed Jul 23, 2019/SPGlobal_GrupoBimbo,S.A.B.deC.V._CapitalStructureDetails_19-Sep-2026 (22).xlsx",Capital Structure Details,As Reported
2019FQ2,2019-06-30,2019-07-23,7,International Bonds,Senior Debt,12392124,4.7000%,NA,Nov-10-2047,Senior,Yes,Tangible Asset,No,No,No,USD,"filings/capitaliq/Financials/Templated/Capital Structure Details/2019FQ2 filed Jul 23, 2019/SPGlobal_GrupoBimbo,S.A.B.deC.V._CapitalStructureDetails_19-Sep-2026 (22).xlsx",Capital Structure Details,As Reported
2019FQ2,2019-06-30,2019-07-23,8,International Bonds,Senior Debt,9464511,4.8800%,NA,Jun-27-2044,Senior,Yes,Tangible Asset,No,No,No,USD,"filings/capitaliq/Financials/Templated/Capital Structure Details/2019FQ2 filed Jul 23, 2019/SPGlobal_GrupoBimbo,S.A.B.deC.V._CapitalStructureDetails_19-Sep-2026 (22).xlsx",Capital Structure Details,As Reported
2019FQ2,2019-06-30,2019-07-23,9,Lease Liabilities,Capital Lease,21708300,NA,NA,NA,Senior,Yes,Tangible Asset,No,No,No,MXN,"filings/capitaliq/Financials/Templated/Capital Structure Details/2019FQ2 filed Jul 23, 2019/SPGlobal_GrupoBimbo,S.A.B.deC.V._CapitalStructureDetails_19-Sep-2026 (22).xlsx",Capital Structure Details,As Reported
2019FQ2,2019-06-30,2019-07-23,10,Reserve Independent Operator Loans,Term Loans,54147,NA,NA,Sep-30-2020,Senior,No,NA,No,No,No,MXN,"filings/capitaliq/Financials/Templated/Capital Structure Details/2019FQ2 filed Jul 23, 2019/SPGlobal_GrupoBimbo,S.A.B.deC.V._CapitalStructureDetails_19-Sep-2026 (22).xlsx",Capital Structure Details,As Reported
2019FQ2,2019-06-30,2019-07-23,11,Working Capital - Facility,Revolving Credit,4065873,NA,NA,2022 - 2030,Senior,No,NA,No,No,No,MXN,"filings/capitaliq/Financials/Templated/Capital Structure Details/2019FQ2 filed Jul 23, 2019/SPGlobal_GrupoBimbo,S.A.B.deC.V._CapitalStructureDetails_19-Sep-2026 (22).xlsx",Capital Structure Details,As Reported
2019FQ3,2019-09-30,2019-10-24,1,Bimbo 16 Issuance - Bond,Senior Debt,7706339,7.5600%,NA,Sep-02-2026,Senior,No,NA,No,No,No,MXN,"filings/capitaliq/Financials/Templated/Capital Structure Details/2019FQ3 filed Oct 24, 2019/SPGlobal_GrupoBimbo,S.A.B.deC.V._CapitalStructureDetails_19-Sep-2026 (23).xlsx",Capital Structure Details,As Reported
2019FQ3,2019-09-30,2019-10-24,2,Bimbo 17 Issuance - Bond,Senior Debt,9633102,8.1800%,NA,Sep-24-2027,Senior,No,NA,No,No,No,MXN,"filings/capitaliq/Financials/Templated/Capital Structure Details/2019FQ3 filed Oct 24, 2019/SPGlobal_GrupoBimbo,S.A.B.deC.V._CapitalStructureDetails_19-Sep-2026 (23).xlsx",Capital Structure Details,As Reported
2019FQ3,2019-09-30,2019-10-24,3,"Committed, Syndicated and Multi-Currency Revolving Credit Facility",Revolving Credit,0,NA,8 Year FHLB,Sep-14-2026,Senior,No,NA,No,No,No,NA,"filings/capitaliq/Financials/Templated/Capital Structure Details/2019FQ3 filed Oct 24, 2019/SPGlobal_GrupoBimbo,S.A.B.deC.V._CapitalStructureDetails_19-Sep-2026 (23).xlsx",Capital Structure Details,As Reported
2019FQ3,2019-09-30,2019-10-24,4,International Bond,Senior Debt,11781780,4.0000%,NA,Sep-06-2049,Senior,No,NA,No,No,No,USD,"filings/capitaliq/Financials/Templated/Capital Structure Details/2019FQ3 filed Oct 24, 2019/SPGlobal_GrupoBimbo,S.A.B.deC.V._CapitalStructureDetails_19-Sep-2026 (23).xlsx",Capital Structure Details,As Reported
2019FQ3,2019-09-30,2019-10-24,5,International Bonds,Senior Debt,15709040,4.8800%,NA,Jun-30-2020,Senior,No,NA,No,No,No,USD,"filings/capitaliq/Financials/Templated/Capital Structure Details/2019FQ3 filed Oct 24, 2019/SPGlobal_GrupoBimbo,S.A.B.deC.V._CapitalStructureDetails_19-Sep-2026 (23).xlsx",Capital Structure Details,As Reported
2019FQ3,2019-09-30,2019-10-24,6,International Bonds,Senior Debt,15709040,4.5000%,NA,Jan-25-2022,Senior,No,NA,No,No,No,USD,"filings/capitaliq/Financials/Templated/Capital Structure Details/2019FQ3 filed Oct 24, 2019/SPGlobal_GrupoBimbo,S.A.B.deC.V._CapitalStructureDetails_19-Sep-2026 (23).xlsx",Capital Structure Details,As Reported
2019FQ3,2019-09-30,2019-10-24,7,International Bonds,Senior Debt,15709040,3.8750%,NA,Jun-27-2024,Senior,No,NA,No,No,No,USD,"filings/capitaliq/Financials/Templated/Capital Structure Details/2019FQ3 filed Oct 24, 2019/SPGlobal_GrupoBimbo,S.A.B.deC.V._CapitalStructureDetails_19-Sep-2026 (23).xlsx",Capital Structure Details,As Reported
2019FQ3,2019-09-30,2019-10-24,8,International Bonds,Senior Debt,12763595,4.7000%,NA,Nov-10-2047,Senior,Yes,Tangible Asset,No,No,No,USD,"filings/capitaliq/Financials/Templated/Capital Structure Details/2019FQ3 filed Oct 24, 2019/SPGlobal_GrupoBimbo,S.A.B.deC.V._CapitalStructureDetails_19-Sep-2026 (23).xlsx",Capital Structure Details,As Reported
2019FQ3,2019-09-30,2019-10-24,9,International Bonds,Senior Debt,9818150,4.8800%,NA,Jun-27-2044,Senior,Yes,Tangible Asset,No,No,No,USD,"filings/capitaliq/Financials/Templated/Capital Structure Details/2019FQ3 filed Oct 24, 2019/SPGlobal_GrupoBimbo,S.A.B.deC.V._CapitalStructureDetails_19-Sep-2026 (23).xlsx",Capital Structure Details,As Reported
2019FQ3,2019-09-30,2019-10-24,10,Lease Liabilities,Capital Lease,22639865,NA,NA,NA,Senior,Yes,Tangible Asset,No,No,No,MXN,"filings/capitaliq/Financials/Templated/Capital Structure Details/2019FQ3 filed Oct 24, 2019/SPGlobal_GrupoBimbo,S.A.B.deC.V._CapitalStructureDetails_19-Sep-2026 (23).xlsx",Capital Structure Details,As Reported
2019FQ3,2019-09-30,2019-10-24,11,Reserve Independent Operator Loans,Term Loans,73795,NA,NA,Sep-30-2020,Senior,No,NA,No,No,No,MXN,"filings/capitaliq/Financials/Templated/Capital Structure Details/2019FQ3 filed Oct 24, 2019/SPGlobal_GrupoBimbo,S.A.B.deC.V._CapitalStructureDetails_19-Sep-2026 (23).xlsx",Capital Structure Details,As Reported
2019FQ3,2019-09-30,2019-10-24,12,Working Capital - Facility,Revolving Credit,3722093,NA,NA,2022 - 2030,Senior,No,NA,No,No,No,MXN,"filings/capitaliq/Financials/Templated/Capital Structure Details/2019FQ3 filed Oct 24, 2019/SPGlobal_GrupoBimbo,S.A.B.deC.V._CapitalStructureDetails_19-Sep-2026 (23).xlsx",Capital Structure Details,As Reported
2019FY,2019-12-31,2020-04-29,1,BIMBO 16 Stock Certificates - Bond,Senior Debt,7706000,7.5600%,NA,Sep-02-2026,Senior,No,NA,No,No,No,MXN,"filings/capitaliq/Financials/Templated/Capital Structure Details/2019FY filed Apr 29, 2020/SPGlobal_GrupoBimbo,S.A.B.deC.V._CapitalStructureDetails_20-Sep-2026 (16).xlsx",Capital Structure Details,As Reported
2019FY,2019-12-31,2020-04-29,2,BIMBO 17 Stock Certificates - Bond,Senior Debt,9633000,8.1800%,NA,Sep-24-2027,Senior,No,NA,No,No,No,MXN,"filings/capitaliq/Financials/Templated/Capital Structure Details/2019FY filed Apr 29, 2020/SPGlobal_GrupoBimbo,S.A.B.deC.V._CapitalStructureDetails_20-Sep-2026 (16).xlsx",Capital Structure Details,As Reported
2019FY,2019-12-31,2020-04-29,3,"Committed, Syndicated and Multi-Currency Revolving Credit Facility",Revolving Credit,95000,NA,Various Benchmarks,Sep-14-2026 - Mar-15-2028,Senior,No,NA,No,No,No,NA,"filings/capitaliq/Financials/Templated/Capital Structure Details/2019FY filed Apr 29, 2020/SPGlobal_GrupoBimbo,S.A.B.deC.V._CapitalStructureDetails_20-Sep-2026 (16).xlsx",Capital Structure Details,As Reported
2019FY,2019-12-31,2020-04-29,4,Finance Leases,Capital Lease,0,NA,NA,2021,Senior,Yes,Tangible Asset,No,No,No,MXN,"filings/capitaliq/Financials/Templated/Capital Structure Details/2019FY filed Apr 29, 2020/SPGlobal_GrupoBimbo,S.A.B.deC.V._CapitalStructureDetails_20-Sep-2026 (16).xlsx",Capital Structure Details,As Reported
2019FY,2019-12-31,2020-04-29,5,International Bonds,Senior Debt,3769000,4.8800%,NA,Jun-30-2020,Senior,No,NA,No,No,No,USD,"filings/capitaliq/Financials/Templated/Capital Structure Details/2019FY filed Apr 29, 2020/SPGlobal_GrupoBimbo,S.A.B.deC.V._CapitalStructureDetails_20-Sep-2026 (16).xlsx",Capital Structure Details,As Reported
2019FY,2019-12-31,2020-04-29,6,International Bonds,Senior Debt,15076000,4.5000%,NA,Jan-25-2022,Senior,No,NA,No,No,No,USD,"filings/capitaliq/Financials/Templated/Capital Structure Details/2019FY filed Apr 29, 2020/SPGlobal_GrupoBimbo,S.A.B.deC.V._CapitalStructureDetails_20-Sep-2026 (16).xlsx",Capital Structure Details,As Reported
2019FY,2019-12-31,2020-04-29,7,International Bonds,Senior Debt,15076000,3.8750%,NA,Jun-27-2024,Senior,No,NA,No,No,No,USD,"filings/capitaliq/Financials/Templated/Capital Structure Details/2019FY filed Apr 29, 2020/SPGlobal_GrupoBimbo,S.A.B.deC.V._CapitalStructureDetails_20-Sep-2026 (16).xlsx",Capital Structure Details,As Reported
2019FY,2019-12-31,2020-04-29,8,International Bonds,Senior Debt,11307000,4.0000%,NA,Sep-06-2049,Senior,Yes,Tangible Asset,No,No,No,USD,"filings/capitaliq/Financials/Templated/Capital Structure Details/2019FY filed Apr 29, 2020/SPGlobal_GrupoBimbo,S.A.B.deC.V._CapitalStructureDetails_20-Sep-2026 (16).xlsx",Capital Structure Details,As Reported
2019FY,2019-12-31,2020-04-29,9,International Bonds,Senior Debt,12249000,4.7000%,NA,Nov-10-2047,Senior,Yes,Tangible Asset,No,No,No,USD,"filings/capitaliq/Financials/Templated/Capital Structure Details/2019FY filed Apr 29, 2020/SPGlobal_GrupoBimbo,S.A.B.deC.V._CapitalStructureDetails_20-Sep-2026 (16).xlsx",Capital Structure Details,As Reported
2019FY,2019-12-31,2020-04-29,10,International Bonds,Senior Debt,9423000,4.8800%,NA,Jun-27-2044,Senior,Yes,Tangible Asset,No,No,No,USD,"filings/capitaliq/Financials/Templated/Capital Structure Details/2019FY filed Apr 29, 2020/SPGlobal_GrupoBimbo,S.A.B.deC.V._CapitalStructureDetails_20-Sep-2026 (16).xlsx",Capital Structure Details,As Reported
2019FY,2019-12-31,2020-04-29,11,Lease Liabilities,Capital Lease,25340000,NA,NA,NA,Senior,Yes,Tangible Asset,No,No,No,MXN,"filings/capitaliq/Financials/Templated/Capital Structure Details/2019FY filed Apr 29, 2020/SPGlobal_GrupoBimbo,S.A.B.deC.V._CapitalStructureDetails_20-Sep-2026 (16).xlsx",Capital Structure Details,As Reported
2019FY,2019-12-31,2020-04-29,12,Unsecured Loans for Working Capital - Facility,Revolving Credit,770000,NA,NA,NA,Senior,No,NA,No,No,No,MXN,"filings/capitaliq/Financials/Templated/Capital Structure Details/2019FY filed Apr 29, 2020/SPGlobal_GrupoBimbo,S.A.B.deC.V._CapitalStructureDetails_20-Sep-2026 (16).xlsx",Capital Structure Details,As Reported
2019FY,2019-12-31,2020-04-29,13,Working Capital - Facility,Revolving Credit,2152000,NA,NA,2022 - 2030,Senior,No,NA,No,No,No,MXN,"filings/capitaliq/Financials/Templated/Capital Structure Details/2019FY filed Apr 29, 2020/SPGlobal_GrupoBimbo,S.A.B.deC.V._CapitalStructureDetails_20-Sep-2026 (16).xlsx",Capital Structure Details,As Reported
2020FQ1,2020-03-31,2020-04-27,1,BIMBO 16 Stock Certificates - Bond,Senior Debt,7706339,7.5600%,NA,Sep-02-2026,Senior,No,NA,No,No,No,MXN,"filings/capitaliq/Financials/Templated/Capital Structure Details/2020FQ1 filed Apr 27, 2020/SPGlobal_GrupoBimbo,S.A.B.deC.V._CapitalStructureDetails_19-Sep-2026 (24).xlsx",Capital Structure Details,As Reported
2020FQ1,2020-03-31,2020-04-27,2,BIMBO 17 Stock Certificates - Bond,Senior Debt,9633101,8.1800%,NA,Sep-24-2027,Senior,No,NA,No,No,No,MXN,"filings/capitaliq/Financials/Templated/Capital Structure Details/2020FQ1 filed Apr 27, 2020/SPGlobal_GrupoBimbo,S.A.B.deC.V._CapitalStructureDetails_19-Sep-2026 (24).xlsx",Capital Structure Details,As Reported
2020FQ1,2020-03-31,2020-04-27,3,"Committed, Syndicated and Multi-Currency Revolving Credit Facility",Revolving Credit,16437428,NA,Various Benchmarks,Sep-14-2026 - Mar-15-2028,Senior,No,NA,No,No,No,NA,"filings/capitaliq/Financials/Templated/Capital Structure Details/2020FQ1 filed Apr 27, 2020/SPGlobal_GrupoBimbo,S.A.B.deC.V._CapitalStructureDetails_19-Sep-2026 (24).xlsx",Capital Structure Details,As Reported
2020FQ1,2020-03-31,2020-04-27,4,International Bonds,Senior Debt,4702440,4.8800%,NA,Jun-30-2020,Senior,No,NA,No,No,No,USD,"filings/capitaliq/Financials/Templated/Capital Structure Details/2020FQ1 filed Apr 27, 2020/SPGlobal_GrupoBimbo,S.A.B.deC.V._CapitalStructureDetails_19-Sep-2026 (24).xlsx",Capital Structure Details,As Reported
2020FQ1,2020-03-31,2020-04-27,5,International Bonds,Senior Debt,18809760,4.5000%,NA,Jan-25-2022,Senior,No,NA,No,No,No,USD,"filings/capitaliq/Financials/Templated/Capital Structure Details/2020FQ1 filed Apr 27, 2020/SPGlobal_GrupoBimbo,S.A.B.deC.V._CapitalStructureDetails_19-Sep-2026 (24).xlsx",Capital Structure Details,As Reported
2020FQ1,2020-03-31,2020-04-27,6,International Bonds,Senior Debt,18809760,3.8750%,NA,Jun-27-2024,Senior,No,NA,No,No,No,USD,"filings/capitaliq/Financials/Templated/Capital Structure Details/2020FQ1 filed Apr 27, 2020/SPGlobal_GrupoBimbo,S.A.B.deC.V._CapitalStructureDetails_19-Sep-2026 (24).xlsx",Capital Structure Details,As Reported
2020FQ1,2020-03-31,2020-04-27,7,International Bonds,Senior Debt,14107320,4.0000%,NA,Sep-06-2049,Senior,Yes,Tangible Asset,No,No,No,USD,"filings/capitaliq/Financials/Templated/Capital Structure Details/2020FQ1 filed Apr 27, 2020/SPGlobal_GrupoBimbo,S.A.B.deC.V._CapitalStructureDetails_19-Sep-2026 (24).xlsx",Capital Structure Details,As Reported
2020FQ1,2020-03-31,2020-04-27,8,International Bonds,Senior Debt,15282930,4.7000%,NA,Nov-10-2047,Senior,Yes,Tangible Asset,No,No,No,USD,"filings/capitaliq/Financials/Templated/Capital Structure Details/2020FQ1 filed Apr 27, 2020/SPGlobal_GrupoBimbo,S.A.B.deC.V._CapitalStructureDetails_19-Sep-2026 (24).xlsx",Capital Structure Details,As Reported
2020FQ1,2020-03-31,2020-04-27,9,International Bonds,Senior Debt,11756100,4.8800%,NA,Jun-27-2044,Senior,Yes,Tangible Asset,No,No,No,USD,"filings/capitaliq/Financials/Templated/Capital Structure Details/2020FQ1 filed Apr 27, 2020/SPGlobal_GrupoBimbo,S.A.B.deC.V._CapitalStructureDetails_19-Sep-2026 (24).xlsx",Capital Structure Details,As Reported
2020FQ1,2020-03-31,2020-04-27,10,Lease Liabilities,Capital Lease,30019653,NA,NA,NA,Senior,Yes,Tangible Asset,No,No,No,MXN,"filings/capitaliq/Financials/Templated/Capital Structure Details/2020FQ1 filed Apr 27, 2020/SPGlobal_GrupoBimbo,S.A.B.deC.V._CapitalStructureDetails_19-Sep-2026 (24).xlsx",Capital Structure Details,As Reported
2020FQ1,2020-03-31,2020-04-27,11,Unsecured Loans for Working Capital - Facility,Revolving Credit,120000,NA,NA,NA,Senior,No,NA,No,No,No,MXN,"filings/capitaliq/Financials/Templated/Capital Structure Details/2020FQ1 filed Apr 27, 2020/SPGlobal_GrupoBimbo,S.A.B.deC.V._CapitalStructureDetails_19-Sep-2026 (24).xlsx",Capital Structure Details,As Reported
2020FQ1,2020-03-31,2020-04-27,12,Working Capital - Facility,Revolving Credit,3343489,NA,NA,2022 - 2030,Senior,No,NA,No,No,No,MXN,"filings/capitaliq/Financials/Templated/Capital Structure Details/2020FQ1 filed Apr 27, 2020/SPGlobal_GrupoBimbo,S.A.B.deC.V._CapitalStructureDetails_19-Sep-2026 (24).xlsx",Capital Structure Details,As Reported
2020FQ2,2020-06-30,2020-07-27,1,BIMBO 16 Stock Certificates - Bond,Senior Debt,7706339,7.5600%,NA,Sep-02-2026,Senior,No,NA,No,No,No,MXN,"filings/capitaliq/Financials/Templated/Capital Structure Details/2020FQ2 filed Jul 27, 2020/SPGlobal_GrupoBimbo,S.A.B.deC.V._CapitalStructureDetails_19-Sep-2026 (25).xlsx",Capital Structure Details,As Reported
2020FQ2,2020-06-30,2020-07-27,2,BIMBO 17 Stock Certificates - Bond,Senior Debt,9633102,8.1800%,NA,Sep-24-2027,Senior,No,NA,No,No,No,MXN,"filings/capitaliq/Financials/Templated/Capital Structure Details/2020FQ2 filed Jul 27, 2020/SPGlobal_GrupoBimbo,S.A.B.deC.V._CapitalStructureDetails_19-Sep-2026 (25).xlsx",Capital Structure Details,As Reported
2020FQ2,2020-06-30,2020-07-27,3,"Committed, Syndicated and Multi-Currency Revolving Credit Facility",Revolving Credit,6945986,NA,Various Benchmarks,Sep-14-2026 - Mar-15-2028,Senior,No,NA,No,No,No,NA,"filings/capitaliq/Financials/Templated/Capital Structure Details/2020FQ2 filed Jul 27, 2020/SPGlobal_GrupoBimbo,S.A.B.deC.V._CapitalStructureDetails_19-Sep-2026 (25).xlsx",Capital Structure Details,As Reported
2020FQ2,2020-06-30,2020-07-27,4,International Bonds,Senior Debt,0,4.8800%,NA,Jun-30-2020,Senior,No,NA,No,No,No,USD,"filings/capitaliq/Financials/Templated/Capital Structure Details/2020FQ2 filed Jul 27, 2020/SPGlobal_GrupoBimbo,S.A.B.deC.V._CapitalStructureDetails_19-Sep-2026 (25).xlsx",Capital Structure Details,As Reported
2020FQ2,2020-06-30,2020-07-27,5,International Bonds,Senior Debt,18326937,4.5000%,NA,Jan-25-2022,Senior,No,NA,No,No,No,USD,"filings/capitaliq/Financials/Templated/Capital Structure Details/2020FQ2 filed Jul 27, 2020/SPGlobal_GrupoBimbo,S.A.B.deC.V._CapitalStructureDetails_19-Sep-2026 (25).xlsx",Capital Structure Details,As Reported
2020FQ2,2020-06-30,2020-07-27,6,International Bonds,Senior Debt,18377200,3.8750%,NA,Jun-27-2024,Senior,No,NA,No,No,No,USD,"filings/capitaliq/Financials/Templated/Capital Structure Details/2020FQ2 filed Jul 27, 2020/SPGlobal_GrupoBimbo,S.A.B.deC.V._CapitalStructureDetails_19-Sep-2026 (25).xlsx",Capital Structure Details,As Reported
2020FQ2,2020-06-30,2020-07-27,7,International Bonds,Senior Debt,13700203,4.0000%,NA,Sep-06-2049,Senior,Yes,Tangible Asset,No,No,No,USD,"filings/capitaliq/Financials/Templated/Capital Structure Details/2020FQ2 filed Jul 27, 2020/SPGlobal_GrupoBimbo,S.A.B.deC.V._CapitalStructureDetails_19-Sep-2026 (25).xlsx",Capital Structure Details,As Reported
2020FQ2,2020-06-30,2020-07-27,8,International Bonds,Senior Debt,14931475,4.7000%,NA,Nov-10-2047,Senior,Yes,Tangible Asset,No,No,No,USD,"filings/capitaliq/Financials/Templated/Capital Structure Details/2020FQ2 filed Jul 27, 2020/SPGlobal_GrupoBimbo,S.A.B.deC.V._CapitalStructureDetails_19-Sep-2026 (25).xlsx",Capital Structure Details,As Reported
2020FQ2,2020-06-30,2020-07-27,9,International Bonds,Senior Debt,11485750,4.8800%,NA,Jun-27-2044,Senior,Yes,Tangible Asset,No,No,No,USD,"filings/capitaliq/Financials/Templated/Capital Structure Details/2020FQ2 filed Jul 27, 2020/SPGlobal_GrupoBimbo,S.A.B.deC.V._CapitalStructureDetails_19-Sep-2026 (25).xlsx",Capital Structure Details,As Reported
2020FQ2,2020-06-30,2020-07-27,10,Lease Liabilities,Capital Lease,29490674,NA,NA,NA,Senior,Yes,Tangible Asset,No,No,No,MXN,"filings/capitaliq/Financials/Templated/Capital Structure Details/2020FQ2 filed Jul 27, 2020/SPGlobal_GrupoBimbo,S.A.B.deC.V._CapitalStructureDetails_19-Sep-2026 (25).xlsx",Capital Structure Details,As Reported
2020FQ2,2020-06-30,2020-07-27,11,Reserve Loans from Independent Operators,Term Loans,52920,NA,NA,Sep-30-2021,Senior,No,NA,No,No,No,MXN,"filings/capitaliq/Financials/Templated/Capital Structure Details/2020FQ2 filed Jul 27, 2020/SPGlobal_GrupoBimbo,S.A.B.deC.V._CapitalStructureDetails_19-Sep-2026 (25).xlsx",Capital Structure Details,As Reported
2020FQ2,2020-06-30,2020-07-27,12,Unsecured Loans for Working Capital - Facility,Revolving Credit,0,NA,NA,NA,Senior,No,NA,No,No,No,MXN,"filings/capitaliq/Financials/Templated/Capital Structure Details/2020FQ2 filed Jul 27, 2020/SPGlobal_GrupoBimbo,S.A.B.deC.V._CapitalStructureDetails_19-Sep-2026 (25).xlsx",Capital Structure Details,As Reported
2020FQ2,2020-06-30,2020-07-27,13,Working Capital - Facility,Revolving Credit,2642921,NA,NA,2022 - 2030,Senior,No,NA,No,No,No,MXN,"filings/capitaliq/Financials/Templated/Capital Structure Details/2020FQ2 filed Jul 27, 2020/SPGlobal_GrupoBimbo,S.A.B.deC.V._CapitalStructureDetails_19-Sep-2026 (25).xlsx",Capital Structure Details,As Reported
2020FQ3,2020-09-30,2020-10-22,1,BIMBO 16 Stock Certificates - Bond,Senior Debt,7706339,7.5600%,NA,Sep-02-2026,Senior,No,NA,No,No,No,MXN,"filings/capitaliq/Financials/Templated/Capital Structure Details/2020FQ3 filed Oct 22, 2020/SPGlobal_GrupoBimbo,S.A.B.deC.V._CapitalStructureDetails_19-Sep-2026 (26).xlsx",Capital Structure Details,As Reported
2020FQ3,2020-09-30,2020-10-22,2,BIMBO 17 Stock Certificates - Bond,Senior Debt,9633102,8.1800%,NA,Sep-24-2027,Senior,No,NA,No,No,No,MXN,"filings/capitaliq/Financials/Templated/Capital Structure Details/2020FQ3 filed Oct 22, 2020/SPGlobal_GrupoBimbo,S.A.B.deC.V._CapitalStructureDetails_19-Sep-2026 (26).xlsx",Capital Structure Details,As Reported
2020FQ3,2020-09-30,2020-10-22,3,"Committed, Syndicated and Multi-Currency Revolving Credit Facility",Revolving Credit,2651683,NA,Various Benchmarks,Sep-14-2026 - Mar-15-2028,Senior,No,NA,No,No,No,NA,"filings/capitaliq/Financials/Templated/Capital Structure Details/2020FQ3 filed Oct 22, 2020/SPGlobal_GrupoBimbo,S.A.B.deC.V._CapitalStructureDetails_19-Sep-2026 (26).xlsx",Capital Structure Details,As Reported
2020FQ3,2020-09-30,2020-10-22,4,International Bonds,Senior Debt,0,4.8800%,NA,Jun-30-2020,Senior,No,NA,No,No,No,USD,"filings/capitaliq/Financials/Templated/Capital Structure Details/2020FQ3 filed Oct 22, 2020/SPGlobal_GrupoBimbo,S.A.B.deC.V._CapitalStructureDetails_19-Sep-2026 (26).xlsx",Capital Structure Details,As Reported
2020FQ3,2020-09-30,2020-10-22,5,International Bonds,Senior Debt,17965840,4.5000%,NA,Jan-25-2022,Senior,No,NA,No,No,No,USD,"filings/capitaliq/Financials/Templated/Capital Structure Details/2020FQ3 filed Oct 22, 2020/SPGlobal_GrupoBimbo,S.A.B.deC.V._CapitalStructureDetails_19-Sep-2026 (26).xlsx",Capital Structure Details,As Reported
2020FQ3,2020-09-30,2020-10-22,6,International Bonds,Senior Debt,17916703,3.8750%,NA,Jun-27-2024,Senior,No,NA,No,No,No,USD,"filings/capitaliq/Financials/Templated/Capital Structure Details/2020FQ3 filed Oct 22, 2020/SPGlobal_GrupoBimbo,S.A.B.deC.V._CapitalStructureDetails_19-Sep-2026 (26).xlsx",Capital Structure Details,As Reported
2020FQ3,2020-09-30,2020-10-22,7,International Bonds,Senior Debt,13393534,4.0000%,NA,Sep-06-2049,Senior,Yes,Tangible Asset,No,No,No,USD,"filings/capitaliq/Financials/Templated/Capital Structure Details/2020FQ3 filed Oct 22, 2020/SPGlobal_GrupoBimbo,S.A.B.deC.V._CapitalStructureDetails_19-Sep-2026 (26).xlsx",Capital Structure Details,As Reported
2020FQ3,2020-09-30,2020-10-22,8,International Bonds,Senior Debt,14597245,4.7000%,NA,Nov-10-2047,Senior,Yes,Tangible Asset,No,No,No,USD,"filings/capitaliq/Financials/Templated/Capital Structure Details/2020FQ3 filed Oct 22, 2020/SPGlobal_GrupoBimbo,S.A.B.deC.V._CapitalStructureDetails_19-Sep-2026 (26).xlsx",Capital Structure Details,As Reported
2020FQ3,2020-09-30,2020-10-22,9,International Bonds,Senior Debt,11228650,4.8800%,NA,Jun-27-2044,Senior,Yes,Tangible Asset,No,No,No,USD,"filings/capitaliq/Financials/Templated/Capital Structure Details/2020FQ3 filed Oct 22, 2020/SPGlobal_GrupoBimbo,S.A.B.deC.V._CapitalStructureDetails_19-Sep-2026 (26).xlsx",Capital Structure Details,As Reported
2020FQ3,2020-09-30,2020-10-22,10,Lease Liabilities,Capital Lease,30196103,NA,NA,NA,Senior,Yes,Tangible Asset,No,No,No,MXN,"filings/capitaliq/Financials/Templated/Capital Structure Details/2020FQ3 filed Oct 22, 2020/SPGlobal_GrupoBimbo,S.A.B.deC.V._CapitalStructureDetails_19-Sep-2026 (26).xlsx",Capital Structure Details,As Reported
2020FQ3,2020-09-30,2020-10-22,11,Reserve Loans from Independent Operators,Term Loans,48321,NA,NA,Sep-30-2021,Senior,No,NA,No,No,No,MXN,"filings/capitaliq/Financials/Templated/Capital Structure Details/2020FQ3 filed Oct 22, 2020/SPGlobal_GrupoBimbo,S.A.B.deC.V._CapitalStructureDetails_19-Sep-2026 (26).xlsx",Capital Structure Details,As Reported
2020FQ3,2020-09-30,2020-10-22,12,Unsecured Loans for Working Capital - Facility,Revolving Credit,0,NA,NA,NA,Senior,No,NA,No,No,No,MXN,"filings/capitaliq/Financials/Templated/Capital Structure Details/2020FQ3 filed Oct 22, 2020/SPGlobal_GrupoBimbo,S.A.B.deC.V._CapitalStructureDetails_19-Sep-2026 (26).xlsx",Capital Structure Details,As Reported
2020FQ3,2020-09-30,2020-10-22,13,Working Capital - Facility,Revolving Credit,2122397,NA,NA,2022 - 2030,Senior,No,NA,No,No,No,MXN,"filings/capitaliq/Financials/Templated/Capital Structure Details/2020FQ3 filed Oct 22, 2020/SPGlobal_GrupoBimbo,S.A.B.deC.V._CapitalStructureDetails_19-Sep-2026 (26).xlsx",Capital Structure Details,As Reported
2020FY,2020-12-31,2021-04-13,1,BIMBO 16 Stock Certificates - Bond,Senior Debt,7706000,7.5600%,NA,Sep-02-2026,Senior,No,NA,No,No,No,MXN,"filings/capitaliq/Financials/Templated/Capital Structure Details/2020FY filed Apr 13, 2021/SPGlobal_GrupoBimbo,S.A.B.deC.V._CapitalStructureDetails_20-Sep-2026 (17).xlsx",Capital Structure Details,As Reported
2020FY,2020-12-31,2021-04-13,2,BIMBO 17 Stock Certificates - Bond,Senior Debt,9633000,8.1800%,NA,Sep-24-2027,Senior,No,NA,No,No,No,MXN,"filings/capitaliq/Financials/Templated/Capital Structure Details/2020FY filed Apr 13, 2021/SPGlobal_GrupoBimbo,S.A.B.deC.V._CapitalStructureDetails_20-Sep-2026 (17).xlsx",Capital Structure Details,As Reported
2020FY,2020-12-31,2021-04-13,3,"Committed, Syndicated and Multi-Currency Revolving Credit Facility",Revolving Credit,0,NA,8 Year FHLB,Sep-14-2026,Senior,No,NA,No,No,No,NA,"filings/capitaliq/Financials/Templated/Capital Structure Details/2020FY filed Apr 13, 2021/SPGlobal_GrupoBimbo,S.A.B.deC.V._CapitalStructureDetails_20-Sep-2026 (17).xlsx",Capital Structure Details,As Reported
2020FY,2020-12-31,2021-04-13,4,Finance Leases,Capital Lease,0,NA,NA,2021,Senior,Yes,Tangible Asset,No,No,No,MXN,"filings/capitaliq/Financials/Templated/Capital Structure Details/2020FY filed Apr 13, 2021/SPGlobal_GrupoBimbo,S.A.B.deC.V._CapitalStructureDetails_20-Sep-2026 (17).xlsx",Capital Structure Details,As Reported
2020FY,2020-12-31,2021-04-13,5,International Bonds,Senior Debt,0,4.8800%,NA,Jun-30-2020,Senior,No,NA,No,No,No,USD,"filings/capitaliq/Financials/Templated/Capital Structure Details/2020FY filed Apr 13, 2021/SPGlobal_GrupoBimbo,S.A.B.deC.V._CapitalStructureDetails_20-Sep-2026 (17).xlsx",Capital Structure Details,As Reported
2020FY,2020-12-31,2021-04-13,6,International Bonds,Senior Debt,15915000,4.5000%,NA,Jan-25-2022,Senior,No,NA,No,No,No,USD,"filings/capitaliq/Financials/Templated/Capital Structure Details/2020FY filed Apr 13, 2021/SPGlobal_GrupoBimbo,S.A.B.deC.V._CapitalStructureDetails_20-Sep-2026 (17).xlsx",Capital Structure Details,As Reported
2020FY,2020-12-31,2021-04-13,7,International Bonds,Senior Debt,15959000,3.8750%,NA,Jun-27-2024,Senior,No,NA,No,No,No,USD,"filings/capitaliq/Financials/Templated/Capital Structure Details/2020FY filed Apr 13, 2021/SPGlobal_GrupoBimbo,S.A.B.deC.V._CapitalStructureDetails_20-Sep-2026 (17).xlsx",Capital Structure Details,As Reported
2020FY,2020-12-31,2021-04-13,8,International Bonds,Senior Debt,11898000,4.0000%,NA,Sep-06-2049,Senior,Yes,Tangible Asset,No,No,No,USD,"filings/capitaliq/Financials/Templated/Capital Structure Details/2020FY filed Apr 13, 2021/SPGlobal_GrupoBimbo,S.A.B.deC.V._CapitalStructureDetails_20-Sep-2026 (17).xlsx",Capital Structure Details,As Reported
2020FY,2020-12-31,2021-04-13,9,International Bonds,Senior Debt,12967000,4.7000%,NA,Nov-10-2047,Senior,Yes,Tangible Asset,No,No,No,USD,"filings/capitaliq/Financials/Templated/Capital Structure Details/2020FY filed Apr 13, 2021/SPGlobal_GrupoBimbo,S.A.B.deC.V._CapitalStructureDetails_20-Sep-2026 (17).xlsx",Capital Structure Details,As Reported
2020FY,2020-12-31,2021-04-13,10,International Bonds,Senior Debt,9974000,4.8800%,NA,Jun-27-2044,Senior,Yes,Tangible Asset,No,No,No,USD,"filings/capitaliq/Financials/Templated/Capital Structure Details/2020FY filed Apr 13, 2021/SPGlobal_GrupoBimbo,S.A.B.deC.V._CapitalStructureDetails_20-Sep-2026 (17).xlsx",Capital Structure Details,As Reported
2020FY,2020-12-31,2021-04-13,11,Lease Liability : Capitalized Operations,Capital Lease,25865000,NA,NA,NA,Senior,Yes,Tangible Asset,No,No,No,MXN,"filings/capitaliq/Financials/Templated/Capital Structure Details/2020FY filed Apr 13, 2021/SPGlobal_GrupoBimbo,S.A.B.deC.V._CapitalStructureDetails_20-Sep-2026 (17).xlsx",Capital Structure Details,As Reported
2020FY,2020-12-31,2021-04-13,12,Lease Liability : Financial,Capital Lease,3224000,NA,NA,NA,Senior,Yes,Tangible Asset,No,No,No,MXN,"filings/capitaliq/Financials/Templated/Capital Structure Details/2020FY filed Apr 13, 2021/SPGlobal_GrupoBimbo,S.A.B.deC.V._CapitalStructureDetails_20-Sep-2026 (17).xlsx",Capital Structure Details,As Reported
2020FY,2020-12-31,2021-04-13,13,Unsecured Loans for Working Capital - Facility,Revolving Credit,0,NA,NA,NA,Senior,No,NA,No,No,No,MXN,"filings/capitaliq/Financials/Templated/Capital Structure Details/2020FY filed Apr 13, 2021/SPGlobal_GrupoBimbo,S.A.B.deC.V._CapitalStructureDetails_20-Sep-2026 (17).xlsx",Capital Structure Details,As Reported
2020FY,2020-12-31,2021-04-13,14,Working Capital - Facility,Revolving Credit,1708000,NA,NA,2022 - 2030,Senior,No,NA,No,No,No,MXN,"filings/capitaliq/Financials/Templated/Capital Structure Details/2020FY filed Apr 13, 2021/SPGlobal_GrupoBimbo,S.A.B.deC.V._CapitalStructureDetails_20-Sep-2026 (17).xlsx",Capital Structure Details,As Reported
2021FQ1,2021-03-31,2021-04-29,1,BIMBO 16 Stock Certificates - Bond,Senior Debt,7706339,7.5600%,NA,Sep-02-2026,Senior,No,NA,No,No,No,MXN,"filings/capitaliq/Financials/Templated/Capital Structure Details/2021FQ1 filed Apr 29, 2021/SPGlobal_GrupoBimbo,S.A.B.deC.V._CapitalStructureDetails_19-Sep-2026 (27).xlsx",Capital Structure Details,As Reported
2021FQ1,2021-03-31,2021-04-29,2,BIMBO 17 Stock Certificates - Bond,Senior Debt,9633102,8.1800%,NA,Sep-24-2027,Senior,No,NA,No,No,No,MXN,"filings/capitaliq/Financials/Templated/Capital Structure Details/2021FQ1 filed Apr 29, 2021/SPGlobal_GrupoBimbo,S.A.B.deC.V._CapitalStructureDetails_19-Sep-2026 (27).xlsx",Capital Structure Details,As Reported
2021FQ1,2021-03-31,2021-04-29,3,"Committed, Syndicated and Multi-Currency Revolving Credit Facility",Revolving Credit,0,NA,Various Benchmarks,Sep-14-2026 - Mar-15-2028,Senior,No,NA,No,No,No,NA,"filings/capitaliq/Financials/Templated/Capital Structure Details/2021FQ1 filed Apr 29, 2021/SPGlobal_GrupoBimbo,S.A.B.deC.V._CapitalStructureDetails_19-Sep-2026 (27).xlsx",Capital Structure Details,As Reported
2021FQ1,2021-03-31,2021-04-29,4,International Bonds,Senior Debt,16438677,4.5000%,NA,Jan-25-2022,Senior,No,NA,No,No,No,USD,"filings/capitaliq/Financials/Templated/Capital Structure Details/2021FQ1 filed Apr 29, 2021/SPGlobal_GrupoBimbo,S.A.B.deC.V._CapitalStructureDetails_19-Sep-2026 (27).xlsx",Capital Structure Details,As Reported
2021FQ1,2021-03-31,2021-04-29,5,International Bonds,Senior Debt,16483760,3.8750%,NA,Jun-27-2024,Senior,No,NA,No,No,No,USD,"filings/capitaliq/Financials/Templated/Capital Structure Details/2021FQ1 filed Apr 29, 2021/SPGlobal_GrupoBimbo,S.A.B.deC.V._CapitalStructureDetails_19-Sep-2026 (27).xlsx",Capital Structure Details,As Reported
2021FQ1,2021-03-31,2021-04-29,6,International Bonds,Senior Debt,12257736,4.0000%,NA,Sep-06-2049,Senior,Yes,Tangible Asset,No,No,No,USD,"filings/capitaliq/Financials/Templated/Capital Structure Details/2021FQ1 filed Apr 29, 2021/SPGlobal_GrupoBimbo,S.A.B.deC.V._CapitalStructureDetails_19-Sep-2026 (27).xlsx",Capital Structure Details,As Reported
2021FQ1,2021-03-31,2021-04-29,7,International Bonds,Senior Debt,13393055,4.7000%,NA,Nov-10-2047,Senior,Yes,Tangible Asset,No,No,No,USD,"filings/capitaliq/Financials/Templated/Capital Structure Details/2021FQ1 filed Apr 29, 2021/SPGlobal_GrupoBimbo,S.A.B.deC.V._CapitalStructureDetails_19-Sep-2026 (27).xlsx",Capital Structure Details,As Reported
2021FQ1,2021-03-31,2021-04-29,8,International Bonds,Senior Debt,10302350,4.8750%,NA,Jun-27-2044,Senior,Yes,Tangible Asset,No,No,No,USD,"filings/capitaliq/Financials/Templated/Capital Structure Details/2021FQ1 filed Apr 29, 2021/SPGlobal_GrupoBimbo,S.A.B.deC.V._CapitalStructureDetails_19-Sep-2026 (27).xlsx",Capital Structure Details,As Reported
2021FQ1,2021-03-31,2021-04-29,9,Lease Liability : Capitalized Operations,Capital Lease,25865000,NA,NA,NA,Senior,Yes,Tangible Asset,No,No,No,MXN,"filings/capitaliq/Financials/Templated/Capital Structure Details/2021FQ1 filed Apr 29, 2021/SPGlobal_GrupoBimbo,S.A.B.deC.V._CapitalStructureDetails_19-Sep-2026 (27).xlsx",Capital Structure Details,As Reported
2021FQ1,2021-03-31,2021-04-29,10,Lease Liability : Financial,Capital Lease,3224000,NA,NA,NA,Senior,Yes,Tangible Asset,No,No,No,MXN,"filings/capitaliq/Financials/Templated/Capital Structure Details/2021FQ1 filed Apr 29, 2021/SPGlobal_GrupoBimbo,S.A.B.deC.V._CapitalStructureDetails_19-Sep-2026 (27).xlsx",Capital Structure Details,As Reported
2021FQ1,2021-03-31,2021-04-29,11,Unsecured Loans for Working Capital - Facility,Revolving Credit,0,NA,NA,NA,Senior,No,NA,No,No,No,MXN,"filings/capitaliq/Financials/Templated/Capital Structure Details/2021FQ1 filed Apr 29, 2021/SPGlobal_GrupoBimbo,S.A.B.deC.V._CapitalStructureDetails_19-Sep-2026 (27).xlsx",Capital Structure Details,As Reported
2021FQ1,2021-03-31,2021-04-29,12,Working Capital - Facility,Revolving Credit,2373930,NA,NA,2022 - 2030,Senior,No,NA,No,No,No,MXN,"filings/capitaliq/Financials/Templated/Capital Structure Details/2021FQ1 filed Apr 29, 2021/SPGlobal_GrupoBimbo,S.A.B.deC.V._CapitalStructureDetails_19-Sep-2026 (27).xlsx",Capital Structure Details,As Reported
2021FQ2,2021-06-30,2021-07-29,1,BIMBO 16 Stock Certificates - Bond,Senior Debt,7706339,7.5600%,NA,Sep-02-2026,Senior,No,NA,No,No,No,MXN,"filings/capitaliq/Financials/Templated/Capital Structure Details/2021FQ2 filed Jul 29, 2021/SPGlobal_GrupoBimbo,S.A.B.deC.V._CapitalStructureDetails_19-Sep-2026 (28).xlsx",Capital Structure Details,As Reported
2021FQ2,2021-06-30,2021-07-29,2,BIMBO 17 Stock Certificates - Bond,Senior Debt,9633102,8.1800%,NA,Sep-24-2027,Senior,No,NA,No,No,No,MXN,"filings/capitaliq/Financials/Templated/Capital Structure Details/2021FQ2 filed Jul 29, 2021/SPGlobal_GrupoBimbo,S.A.B.deC.V._CapitalStructureDetails_19-Sep-2026 (28).xlsx",Capital Structure Details,As Reported
2021FQ2,2021-06-30,2021-07-29,3,"Committed, Syndicated and Multi-Currency Revolving Credit Facility",Revolving Credit,0,NA,8 Year FHLB,Sep-14-2026,Senior,No,NA,No,No,No,NA,"filings/capitaliq/Financials/Templated/Capital Structure Details/2021FQ2 filed Jul 29, 2021/SPGlobal_GrupoBimbo,S.A.B.deC.V._CapitalStructureDetails_19-Sep-2026 (28).xlsx",Capital Structure Details,As Reported
2021FQ2,2021-06-30,2021-07-29,4,International Bonds,Senior Debt,3917212,4.5000%,NA,Jan-25-2022,Senior,No,NA,No,No,No,USD,"filings/capitaliq/Financials/Templated/Capital Structure Details/2021FQ2 filed Jul 29, 2021/SPGlobal_GrupoBimbo,S.A.B.deC.V._CapitalStructureDetails_19-Sep-2026 (28).xlsx",Capital Structure Details,As Reported
2021FQ2,2021-06-30,2021-07-29,5,International Bonds,Senior Debt,15842160,3.8750%,NA,Jun-27-2024,Senior,No,NA,No,No,No,USD,"filings/capitaliq/Financials/Templated/Capital Structure Details/2021FQ2 filed Jul 29, 2021/SPGlobal_GrupoBimbo,S.A.B.deC.V._CapitalStructureDetails_19-Sep-2026 (28).xlsx",Capital Structure Details,As Reported
2021FQ2,2021-06-30,2021-07-29,6,International Bonds,Senior Debt,11881620,4.0000%,NA,May-17-2051,Senior,Yes,Tangible Asset,No,No,No,USD,"filings/capitaliq/Financials/Templated/Capital Structure Details/2021FQ2 filed Jul 29, 2021/SPGlobal_GrupoBimbo,S.A.B.deC.V._CapitalStructureDetails_19-Sep-2026 (28).xlsx",Capital Structure Details,As Reported
2021FQ2,2021-06-30,2021-07-29,7,International Bonds,Senior Debt,11780626,4.0000%,NA,Sep-06-2049,Senior,Yes,Tangible Asset,No,No,No,USD,"filings/capitaliq/Financials/Templated/Capital Structure Details/2021FQ2 filed Jul 29, 2021/SPGlobal_GrupoBimbo,S.A.B.deC.V._CapitalStructureDetails_19-Sep-2026 (28).xlsx",Capital Structure Details,As Reported
2021FQ2,2021-06-30,2021-07-29,8,International Bonds,Senior Debt,12871755,4.7000%,NA,Nov-10-2047,Senior,Yes,Tangible Asset,No,No,No,USD,"filings/capitaliq/Financials/Templated/Capital Structure Details/2021FQ2 filed Jul 29, 2021/SPGlobal_GrupoBimbo,S.A.B.deC.V._CapitalStructureDetails_19-Sep-2026 (28).xlsx",Capital Structure Details,As Reported
2021FQ2,2021-06-30,2021-07-29,9,International Bonds,Senior Debt,9901350,4.8800%,NA,Jun-27-2044,Senior,Yes,Tangible Asset,No,No,No,USD,"filings/capitaliq/Financials/Templated/Capital Structure Details/2021FQ2 filed Jul 29, 2021/SPGlobal_GrupoBimbo,S.A.B.deC.V._CapitalStructureDetails_19-Sep-2026 (28).xlsx",Capital Structure Details,As Reported
2021FQ2,2021-06-30,2021-07-29,10,Lease Liabilities,Capital Lease,28575021,NA,NA,NA,Senior,Yes,Tangible Asset,No,No,No,MXN,"filings/capitaliq/Financials/Templated/Capital Structure Details/2021FQ2 filed Jul 29, 2021/SPGlobal_GrupoBimbo,S.A.B.deC.V._CapitalStructureDetails_19-Sep-2026 (28).xlsx",Capital Structure Details,As Reported
2021FQ2,2021-06-30,2021-07-29,11,Loans to Solve Working Capital,Term Loans,5665790,NA,NA,Dec-31-2030,Senior,No,NA,No,No,No,NA,"filings/capitaliq/Financials/Templated/Capital Structure Details/2021FQ2 filed Jul 29, 2021/SPGlobal_GrupoBimbo,S.A.B.deC.V._CapitalStructureDetails_19-Sep-2026 (28).xlsx",Capital Structure Details,As Reported
2021FQ3,2021-09-30,2021-10-28,1,BIMBO 16 Stock Certificates - Bond,Senior Debt,7706339,7.5600%,NA,Sep-02-2026,Senior,No,NA,No,No,No,MXN,"filings/capitaliq/Financials/Templated/Capital Structure Details/2021FQ3 filed Oct 28, 2021/SPGlobal_GrupoBimbo,S.A.B.deC.V._CapitalStructureDetails_19-Sep-2026 (29).xlsx",Capital Structure Details,As Reported
2021FQ3,2021-09-30,2021-10-28,2,BIMBO 17 Stock Certificates - Bond,Senior Debt,9633102,8.1800%,NA,Sep-24-2027,Senior,No,NA,No,No,No,MXN,"filings/capitaliq/Financials/Templated/Capital Structure Details/2021FQ3 filed Oct 28, 2021/SPGlobal_GrupoBimbo,S.A.B.deC.V._CapitalStructureDetails_19-Sep-2026 (29).xlsx",Capital Structure Details,As Reported
2021FQ3,2021-09-30,2021-10-28,3,"Committed, Syndicated and Multi-Currency Revolving Credit Facility",Revolving Credit,0,NA,Various Benchmarks,Sep-14-2026 - Mar-15-2028,Senior,No,NA,No,No,No,NA,"filings/capitaliq/Financials/Templated/Capital Structure Details/2021FQ3 filed Oct 28, 2021/SPGlobal_GrupoBimbo,S.A.B.deC.V._CapitalStructureDetails_19-Sep-2026 (29).xlsx",Capital Structure Details,As Reported
2021FQ3,2021-09-30,2021-10-28,4,International Bonds,Senior Debt,4016770,4.5000%,NA,Jan-25-2022,Senior,No,NA,No,No,No,USD,"filings/capitaliq/Financials/Templated/Capital Structure Details/2021FQ3 filed Oct 28, 2021/SPGlobal_GrupoBimbo,S.A.B.deC.V._CapitalStructureDetails_19-Sep-2026 (29).xlsx",Capital Structure Details,As Reported
2021FQ3,2021-09-30,2021-10-28,5,International Bonds,Senior Debt,16244800,3.8750%,NA,Jun-27-2024,Senior,No,NA,No,No,No,USD,"filings/capitaliq/Financials/Templated/Capital Structure Details/2021FQ3 filed Oct 28, 2021/SPGlobal_GrupoBimbo,S.A.B.deC.V._CapitalStructureDetails_19-Sep-2026 (29).xlsx",Capital Structure Details,As Reported
2021FQ3,2021-09-30,2021-10-28,6,International Bonds,Senior Debt,12183600,4.0000%,NA,May-17-2051,Senior,Yes,Tangible Asset,No,No,No,USD,"filings/capitaliq/Financials/Templated/Capital Structure Details/2021FQ3 filed Oct 28, 2021/SPGlobal_GrupoBimbo,S.A.B.deC.V._CapitalStructureDetails_19-Sep-2026 (29).xlsx",Capital Structure Details,As Reported
2021FQ3,2021-09-30,2021-10-28,7,International Bonds,Senior Debt,12080039,4.0000%,NA,Sep-06-2049,Senior,Yes,Tangible Asset,No,No,No,USD,"filings/capitaliq/Financials/Templated/Capital Structure Details/2021FQ3 filed Oct 28, 2021/SPGlobal_GrupoBimbo,S.A.B.deC.V._CapitalStructureDetails_19-Sep-2026 (29).xlsx",Capital Structure Details,As Reported
2021FQ3,2021-09-30,2021-10-28,8,International Bonds,Senior Debt,13198900,4.7000%,NA,Nov-10-2047,Senior,Yes,Tangible Asset,No,No,No,USD,"filings/capitaliq/Financials/Templated/Capital Structure Details/2021FQ3 filed Oct 28, 2021/SPGlobal_GrupoBimbo,S.A.B.deC.V._CapitalStructureDetails_19-Sep-2026 (29).xlsx",Capital Structure Details,As Reported
2021FQ3,2021-09-30,2021-10-28,9,International Bonds,Senior Debt,10153000,4.8750%,NA,Jun-27-2044,Senior,Yes,Tangible Asset,No,No,No,USD,"filings/capitaliq/Financials/Templated/Capital Structure Details/2021FQ3 filed Oct 28, 2021/SPGlobal_GrupoBimbo,S.A.B.deC.V._CapitalStructureDetails_19-Sep-2026 (29).xlsx",Capital Structure Details,As Reported
2021FQ3,2021-09-30,2021-10-28,10,Lease Liabilities,Capital Lease,29241891,NA,NA,NA,Senior,Yes,Tangible Asset,No,No,No,MXN,"filings/capitaliq/Financials/Templated/Capital Structure Details/2021FQ3 filed Oct 28, 2021/SPGlobal_GrupoBimbo,S.A.B.deC.V._CapitalStructureDetails_19-Sep-2026 (29).xlsx",Capital Structure Details,As Reported
2021FQ3,2021-09-30,2021-10-28,11,Unsecured Loans for Working Capital - Facility,Revolving Credit,0,NA,NA,NA,Senior,No,NA,No,No,No,MXN,"filings/capitaliq/Financials/Templated/Capital Structure Details/2021FQ3 filed Oct 28, 2021/SPGlobal_GrupoBimbo,S.A.B.deC.V._CapitalStructureDetails_19-Sep-2026 (29).xlsx",Capital Structure Details,As Reported
2021FQ3,2021-09-30,2021-10-28,12,Working Capital - Facility,Revolving Credit,6440460,NA,NA,2022 - 2030,Senior,No,NA,No,No,No,MXN,"filings/capitaliq/Financials/Templated/Capital Structure Details/2021FQ3 filed Oct 28, 2021/SPGlobal_GrupoBimbo,S.A.B.deC.V._CapitalStructureDetails_19-Sep-2026 (29).xlsx",Capital Structure Details,As Reported
2021FY,2021-12-31,2022-04-04,1,BIMBO 16 Stock Certificates - Bond,Senior Debt,7706000,7.5600%,NA,Sep-02-2026,Senior,No,NA,No,No,No,MXN,"filings/capitaliq/Financials/Templated/Capital Structure Details/2021FY filed Apr 04, 2022/SPGlobal_GrupoBimbo,S.A.B.deC.V._CapitalStructureDetails_20-Sep-2026 (18).xlsx",Capital Structure Details,As Reported
2021FY,2021-12-31,2022-04-04,2,BIMBO 17 Stock Certificates - Bond,Senior Debt,9633000,8.1800%,NA,Sep-24-2027,Senior,No,NA,No,No,No,MXN,"filings/capitaliq/Financials/Templated/Capital Structure Details/2021FY filed Apr 04, 2022/SPGlobal_GrupoBimbo,S.A.B.deC.V._CapitalStructureDetails_20-Sep-2026 (18).xlsx",Capital Structure Details,As Reported
2021FY,2021-12-31,2022-04-04,3,"Committed, Syndicated and Multi-Currency Revolving Credit Facility",Revolving Credit,0,NA,8 Year FHLB,Sep-14-2026,Senior,No,NA,No,No,No,NA,"filings/capitaliq/Financials/Templated/Capital Structure Details/2021FY filed Apr 04, 2022/SPGlobal_GrupoBimbo,S.A.B.deC.V._CapitalStructureDetails_20-Sep-2026 (18).xlsx",Capital Structure Details,As Reported
2021FY,2021-12-31,2022-04-04,4,International Bonds,Senior Debt,0,4.8800%,NA,Jun-30-2020,Senior,No,NA,No,No,No,USD,"filings/capitaliq/Financials/Templated/Capital Structure Details/2021FY filed Apr 04, 2022/SPGlobal_GrupoBimbo,S.A.B.deC.V._CapitalStructureDetails_20-Sep-2026 (18).xlsx",Capital Structure Details,As Reported
2021FY,2021-12-31,2022-04-04,5,International Bonds,Senior Debt,4072000,4.5000%,NA,Jan-25-2022,Senior,No,NA,No,No,No,USD,"filings/capitaliq/Financials/Templated/Capital Structure Details/2021FY filed Apr 04, 2022/SPGlobal_GrupoBimbo,S.A.B.deC.V._CapitalStructureDetails_20-Sep-2026 (18).xlsx",Capital Structure Details,As Reported
2021FY,2021-12-31,2022-04-04,6,International Bonds,Senior Debt,16467000,3.8750%,NA,Jun-27-2024,Senior,No,NA,No,No,No,USD,"filings/capitaliq/Financials/Templated/Capital Structure Details/2021FY filed Apr 04, 2022/SPGlobal_GrupoBimbo,S.A.B.deC.V._CapitalStructureDetails_20-Sep-2026 (18).xlsx",Capital Structure Details,As Reported
2021FY,2021-12-31,2022-04-04,7,International Bonds,Senior Debt,12350000,4.0000%,NA,May-17-2051,Senior,Yes,Tangible Asset,No,No,No,USD,"filings/capitaliq/Financials/Templated/Capital Structure Details/2021FY filed Apr 04, 2022/SPGlobal_GrupoBimbo,S.A.B.deC.V._CapitalStructureDetails_20-Sep-2026 (18).xlsx",Capital Structure Details,As Reported
2021FY,2021-12-31,2022-04-04,8,International Bonds,Senior Debt,12245000,4.0000%,NA,Sep-06-2049,Senior,Yes,Tangible Asset,No,No,No,USD,"filings/capitaliq/Financials/Templated/Capital Structure Details/2021FY filed Apr 04, 2022/SPGlobal_GrupoBimbo,S.A.B.deC.V._CapitalStructureDetails_20-Sep-2026 (18).xlsx",Capital Structure Details,As Reported
2021FY,2021-12-31,2022-04-04,9,International Bonds,Senior Debt,13379000,4.7000%,NA,Nov-10-2047,Senior,Yes,Tangible Asset,No,No,No,USD,"filings/capitaliq/Financials/Templated/Capital Structure Details/2021FY filed Apr 04, 2022/SPGlobal_GrupoBimbo,S.A.B.deC.V._CapitalStructureDetails_20-Sep-2026 (18).xlsx",Capital Structure Details,As Reported
2021FY,2021-12-31,2022-04-04,10,International Bonds,Senior Debt,10292000,4.8800%,NA,Jun-27-2044,Senior,Yes,Tangible Asset,No,No,No,USD,"filings/capitaliq/Financials/Templated/Capital Structure Details/2021FY filed Apr 04, 2022/SPGlobal_GrupoBimbo,S.A.B.deC.V._CapitalStructureDetails_20-Sep-2026 (18).xlsx",Capital Structure Details,As Reported
2021FY,2021-12-31,2022-04-04,11,Lease Liabilities,Capital Lease,31149000,NA,NA,NA,Senior,Yes,Tangible Asset,No,No,No,MXN,"filings/capitaliq/Financials/Templated/Capital Structure Details/2021FY filed Apr 04, 2022/SPGlobal_GrupoBimbo,S.A.B.deC.V._CapitalStructureDetails_20-Sep-2026 (18).xlsx",Capital Structure Details,As Reported
2021FY,2021-12-31,2022-04-04,12,Unsecured Loans for Working Capital - Facility,Revolving Credit,0,NA,NA,NA,Senior,No,NA,No,No,No,MXN,"filings/capitaliq/Financials/Templated/Capital Structure Details/2021FY filed Apr 04, 2022/SPGlobal_GrupoBimbo,S.A.B.deC.V._CapitalStructureDetails_20-Sep-2026 (18).xlsx",Capital Structure Details,As Reported
2021FY,2021-12-31,2022-04-04,13,Working Capital - Facility,Revolving Credit,7483000,NA,NA,2022 - 2030,Senior,No,NA,No,No,No,MXN,"filings/capitaliq/Financials/Templated/Capital Structure Details/2021FY filed Apr 04, 2022/SPGlobal_GrupoBimbo,S.A.B.deC.V._CapitalStructureDetails_20-Sep-2026 (18).xlsx",Capital Structure Details,As Reported
2022FQ1,2022-03-31,2022-04-26,1,BIMBO 16 Stock Certificates - Bond,Senior Debt,7706339,7.5600%,NA,Sep-02-2026,Senior,No,NA,No,No,No,MXN,"filings/capitaliq/Financials/Templated/Capital Structure Details/2022FQ1 filed Apr 26, 2022/SPGlobal_GrupoBimbo,S.A.B.deC.V._CapitalStructureDetails_19-Sep-2026 (30).xlsx",Capital Structure Details,As Reported
2022FQ1,2022-03-31,2022-04-26,2,BIMBO 17 Stock Certificates - Bond,Senior Debt,9633102,8.1800%,NA,Sep-24-2027,Senior,No,NA,No,No,No,MXN,"filings/capitaliq/Financials/Templated/Capital Structure Details/2022FQ1 filed Apr 26, 2022/SPGlobal_GrupoBimbo,S.A.B.deC.V._CapitalStructureDetails_19-Sep-2026 (30).xlsx",Capital Structure Details,As Reported
2022FQ1,2022-03-31,2022-04-26,3,"Committed, Syndicated and Multi-Currency Revolving Credit Facility",Revolving Credit,3998840,NA,Various Benchmarks,Sep-14-2026 - Mar-15-2028,Senior,No,NA,No,No,No,NA,"filings/capitaliq/Financials/Templated/Capital Structure Details/2022FQ1 filed Apr 26, 2022/SPGlobal_GrupoBimbo,S.A.B.deC.V._CapitalStructureDetails_19-Sep-2026 (30).xlsx",Capital Structure Details,As Reported
2022FQ1,2022-03-31,2022-04-26,4,International Bonds,Senior Debt,0,4.5000%,NA,Jan-25-2022,Senior,No,NA,No,No,No,USD,"filings/capitaliq/Financials/Templated/Capital Structure Details/2022FQ1 filed Apr 26, 2022/SPGlobal_GrupoBimbo,S.A.B.deC.V._CapitalStructureDetails_19-Sep-2026 (30).xlsx",Capital Structure Details,As Reported
2022FQ1,2022-03-31,2022-04-26,5,International Bonds,Senior Debt,15995360,3.8750%,NA,Jun-27-2024,Senior,No,NA,No,No,No,USD,"filings/capitaliq/Financials/Templated/Capital Structure Details/2022FQ1 filed Apr 26, 2022/SPGlobal_GrupoBimbo,S.A.B.deC.V._CapitalStructureDetails_19-Sep-2026 (30).xlsx",Capital Structure Details,As Reported
2022FQ1,2022-03-31,2022-04-26,6,International Bonds,Senior Debt,11996520,4.0000%,NA,May-17-2051,Senior,Yes,Tangible Asset,No,No,No,USD,"filings/capitaliq/Financials/Templated/Capital Structure Details/2022FQ1 filed Apr 26, 2022/SPGlobal_GrupoBimbo,S.A.B.deC.V._CapitalStructureDetails_19-Sep-2026 (30).xlsx",Capital Structure Details,As Reported
2022FQ1,2022-03-31,2022-04-26,7,International Bonds,Senior Debt,11894550,4.0000%,NA,Sep-06-2049,Senior,Yes,Tangible Asset,No,No,No,USD,"filings/capitaliq/Financials/Templated/Capital Structure Details/2022FQ1 filed Apr 26, 2022/SPGlobal_GrupoBimbo,S.A.B.deC.V._CapitalStructureDetails_19-Sep-2026 (30).xlsx",Capital Structure Details,As Reported
2022FQ1,2022-03-31,2022-04-26,8,International Bonds,Senior Debt,12996230,4.7000%,NA,Nov-10-2047,Senior,Yes,Tangible Asset,No,No,No,USD,"filings/capitaliq/Financials/Templated/Capital Structure Details/2022FQ1 filed Apr 26, 2022/SPGlobal_GrupoBimbo,S.A.B.deC.V._CapitalStructureDetails_19-Sep-2026 (30).xlsx",Capital Structure Details,As Reported
2022FQ1,2022-03-31,2022-04-26,9,International Bonds,Senior Debt,9997100,4.8800%,NA,Jun-27-2044,Senior,Yes,Tangible Asset,No,No,No,USD,"filings/capitaliq/Financials/Templated/Capital Structure Details/2022FQ1 filed Apr 26, 2022/SPGlobal_GrupoBimbo,S.A.B.deC.V._CapitalStructureDetails_19-Sep-2026 (30).xlsx",Capital Structure Details,As Reported
2022FQ1,2022-03-31,2022-04-26,10,Lease Liabilities,Capital Lease,30375468,NA,NA,NA,Senior,Yes,Tangible Asset,No,No,No,MXN,"filings/capitaliq/Financials/Templated/Capital Structure Details/2022FQ1 filed Apr 26, 2022/SPGlobal_GrupoBimbo,S.A.B.deC.V._CapitalStructureDetails_19-Sep-2026 (30).xlsx",Capital Structure Details,As Reported
2022FQ1,2022-03-31,2022-04-26,11,Loans to Solve Working Capital,Term Loans,7556412,NA,NA,Dec-31-2030,Senior,No,NA,No,No,No,NA,"filings/capitaliq/Financials/Templated/Capital Structure Details/2022FQ1 filed Apr 26, 2022/SPGlobal_GrupoBimbo,S.A.B.deC.V._CapitalStructureDetails_19-Sep-2026 (30).xlsx",Capital Structure Details,As Reported
2022FQ2,2022-06-30,2022-07-22,1,BIMBO 16 Stock Certificates - Bond,Senior Debt,7706339,7.5600%,NA,Sep-02-2026,Senior,No,NA,No,No,No,MXN,"filings/capitaliq/Financials/Templated/Capital Structure Details/2022FQ2 filed Jul 22, 2022/SPGlobal_GrupoBimbo,S.A.B.deC.V._CapitalStructureDetails_19-Sep-2026 (31).xlsx",Capital Structure Details,As Reported
2022FQ2,2022-06-30,2022-07-22,2,BIMBO 17 Stock Certificates - Bond,Senior Debt,9633102,8.1800%,NA,Sep-24-2027,Senior,No,NA,No,No,No,MXN,"filings/capitaliq/Financials/Templated/Capital Structure Details/2022FQ2 filed Jul 22, 2022/SPGlobal_GrupoBimbo,S.A.B.deC.V._CapitalStructureDetails_19-Sep-2026 (31).xlsx",Capital Structure Details,As Reported
2022FQ2,2022-06-30,2022-07-22,3,"Committed, Syndicated and Multi-Currency Revolving Credit Facility",Revolving Credit,3996940,NA,Various Benchmarks,Sep-14-2026 - Mar-15-2028,Senior,No,NA,No,No,No,NA,"filings/capitaliq/Financials/Templated/Capital Structure Details/2022FQ2 filed Jul 22, 2022/SPGlobal_GrupoBimbo,S.A.B.deC.V._CapitalStructureDetails_19-Sep-2026 (31).xlsx",Capital Structure Details,As Reported
2022FQ2,2022-06-30,2022-07-22,4,International Bonds,Senior Debt,0,4.5000%,NA,Jan-25-2022,Senior,No,NA,No,No,No,USD,"filings/capitaliq/Financials/Templated/Capital Structure Details/2022FQ2 filed Jul 22, 2022/SPGlobal_GrupoBimbo,S.A.B.deC.V._CapitalStructureDetails_19-Sep-2026 (31).xlsx",Capital Structure Details,As Reported
2022FQ2,2022-06-30,2022-07-22,5,International Bonds,Senior Debt,15987760,3.8750%,NA,Jun-27-2024,Senior,No,NA,No,No,No,USD,"filings/capitaliq/Financials/Templated/Capital Structure Details/2022FQ2 filed Jul 22, 2022/SPGlobal_GrupoBimbo,S.A.B.deC.V._CapitalStructureDetails_19-Sep-2026 (31).xlsx",Capital Structure Details,As Reported
2022FQ2,2022-06-30,2022-07-22,6,International Bonds,Senior Debt,11696385,4.0000%,NA,May-17-2051,Senior,Yes,Tangible Asset,No,No,No,USD,"filings/capitaliq/Financials/Templated/Capital Structure Details/2022FQ2 filed Jul 22, 2022/SPGlobal_GrupoBimbo,S.A.B.deC.V._CapitalStructureDetails_19-Sep-2026 (31).xlsx",Capital Structure Details,As Reported
2022FQ2,2022-06-30,2022-07-22,7,International Bonds,Senior Debt,11291655,4.0000%,NA,Sep-06-2049,Senior,Yes,Tangible Asset,No,No,No,USD,"filings/capitaliq/Financials/Templated/Capital Structure Details/2022FQ2 filed Jul 22, 2022/SPGlobal_GrupoBimbo,S.A.B.deC.V._CapitalStructureDetails_19-Sep-2026 (31).xlsx",Capital Structure Details,As Reported
2022FQ2,2022-06-30,2022-07-22,8,International Bonds,Senior Debt,12990055,4.7000%,NA,Nov-10-2047,Senior,Yes,Tangible Asset,No,No,No,USD,"filings/capitaliq/Financials/Templated/Capital Structure Details/2022FQ2 filed Jul 22, 2022/SPGlobal_GrupoBimbo,S.A.B.deC.V._CapitalStructureDetails_19-Sep-2026 (31).xlsx",Capital Structure Details,As Reported
2022FQ2,2022-06-30,2022-07-22,9,International Bonds,Senior Debt,9942388,4.8800%,NA,Jun-27-2044,Senior,Yes,Tangible Asset,No,No,No,USD,"filings/capitaliq/Financials/Templated/Capital Structure Details/2022FQ2 filed Jul 22, 2022/SPGlobal_GrupoBimbo,S.A.B.deC.V._CapitalStructureDetails_19-Sep-2026 (31).xlsx",Capital Structure Details,As Reported
2022FQ2,2022-06-30,2022-07-22,10,Lease Liabilities,Capital Lease,30267367,NA,NA,NA,Senior,Yes,Tangible Asset,No,No,No,MXN,"filings/capitaliq/Financials/Templated/Capital Structure Details/2022FQ2 filed Jul 22, 2022/SPGlobal_GrupoBimbo,S.A.B.deC.V._CapitalStructureDetails_19-Sep-2026 (31).xlsx",Capital Structure Details,As Reported
2022FQ2,2022-06-30,2022-07-22,11,Loans to Solve Working Capital,Term Loans,8689695,NA,NA,Dec-31-2030,Senior,No,NA,No,No,No,NA,"filings/capitaliq/Financials/Templated/Capital Structure Details/2022FQ2 filed Jul 22, 2022/SPGlobal_GrupoBimbo,S.A.B.deC.V._CapitalStructureDetails_19-Sep-2026 (31).xlsx",Capital Structure Details,As Reported
2022FQ2,2022-06-30,2022-07-22,12,Unsecured Loans for Working Capital,Term Loans,2460000,NA,NA,Sep-14-2022,Senior,No,NA,No,No,No,MXN,"filings/capitaliq/Financials/Templated/Capital Structure Details/2022FQ2 filed Jul 22, 2022/SPGlobal_GrupoBimbo,S.A.B.deC.V._CapitalStructureDetails_19-Sep-2026 (31).xlsx",Capital Structure Details,As Reported
2022FQ3,2022-09-30,2022-10-27,1,BIMBO 16 Stock Certificates - Bond,Senior Debt,7706339,7.5600%,NA,Sep-02-2026,Senior,No,NA,No,No,No,MXN,"filings/capitaliq/Financials/Templated/Capital Structure Details/2022FQ3 filed Oct 27, 2022/SPGlobal_GrupoBimbo,S.A.B.deC.V._CapitalStructureDetails_19-Sep-2026 (32).xlsx",Capital Structure Details,As Reported
2022FQ3,2022-09-30,2022-10-27,2,BIMBO 17 Stock Certificates - Bond,Senior Debt,9633102,8.1800%,NA,Sep-24-2027,Senior,No,NA,No,No,No,MXN,"filings/capitaliq/Financials/Templated/Capital Structure Details/2022FQ3 filed Oct 27, 2022/SPGlobal_GrupoBimbo,S.A.B.deC.V._CapitalStructureDetails_19-Sep-2026 (32).xlsx",Capital Structure Details,As Reported
2022FQ3,2022-09-30,2022-10-27,3,"Committed, Syndicated and Multi-Currency Revolving Credit Facility",Revolving Credit,12868178,NA,Various Benchmarks,Sep-14-2026 - Mar-15-2028,Senior,No,NA,No,No,No,NA,"filings/capitaliq/Financials/Templated/Capital Structure Details/2022FQ3 filed Oct 27, 2022/SPGlobal_GrupoBimbo,S.A.B.deC.V._CapitalStructureDetails_19-Sep-2026 (32).xlsx",Capital Structure Details,As Reported
2022FQ3,2022-09-30,2022-10-27,4,International Bonds,Senior Debt,0,4.5000%,NA,Jan-25-2022,Senior,No,NA,No,No,No,USD,"filings/capitaliq/Financials/Templated/Capital Structure Details/2022FQ3 filed Oct 27, 2022/SPGlobal_GrupoBimbo,S.A.B.deC.V._CapitalStructureDetails_19-Sep-2026 (32).xlsx",Capital Structure Details,As Reported
2022FQ3,2022-09-30,2022-10-27,5,International Bonds,Senior Debt,16244640,3.8750%,NA,Jun-27-2024,Senior,No,NA,No,No,No,USD,"filings/capitaliq/Financials/Templated/Capital Structure Details/2022FQ3 filed Oct 27, 2022/SPGlobal_GrupoBimbo,S.A.B.deC.V._CapitalStructureDetails_19-Sep-2026 (32).xlsx",Capital Structure Details,As Reported
2022FQ3,2022-09-30,2022-10-27,6,International Bonds,Senior Debt,11884314,4.0000%,NA,May-17-2051,Senior,Yes,Tangible Asset,No,No,No,USD,"filings/capitaliq/Financials/Templated/Capital Structure Details/2022FQ3 filed Oct 27, 2022/SPGlobal_GrupoBimbo,S.A.B.deC.V._CapitalStructureDetails_19-Sep-2026 (32).xlsx",Capital Structure Details,As Reported
2022FQ3,2022-09-30,2022-10-27,7,International Bonds,Senior Debt,11412164,4.0000%,NA,Sep-06-2049,Senior,Yes,Tangible Asset,No,No,No,USD,"filings/capitaliq/Financials/Templated/Capital Structure Details/2022FQ3 filed Oct 27, 2022/SPGlobal_GrupoBimbo,S.A.B.deC.V._CapitalStructureDetails_19-Sep-2026 (32).xlsx",Capital Structure Details,As Reported
2022FQ3,2022-09-30,2022-10-27,8,International Bonds,Senior Debt,13198770,4.7000%,NA,Nov-10-2047,Senior,Yes,Tangible Asset,No,No,No,USD,"filings/capitaliq/Financials/Templated/Capital Structure Details/2022FQ3 filed Oct 27, 2022/SPGlobal_GrupoBimbo,S.A.B.deC.V._CapitalStructureDetails_19-Sep-2026 (32).xlsx",Capital Structure Details,As Reported
2022FQ3,2022-09-30,2022-10-27,9,International Bonds,Senior Debt,10102136,4.8750%,NA,Jun-27-2044,Senior,Yes,Tangible Asset,No,No,No,USD,"filings/capitaliq/Financials/Templated/Capital Structure Details/2022FQ3 filed Oct 27, 2022/SPGlobal_GrupoBimbo,S.A.B.deC.V._CapitalStructureDetails_19-Sep-2026 (32).xlsx",Capital Structure Details,As Reported
2022FQ3,2022-09-30,2022-10-27,10,Lease Liabilities,Capital Lease,30516573,NA,NA,NA,Senior,Yes,Tangible Asset,No,No,No,MXN,"filings/capitaliq/Financials/Templated/Capital Structure Details/2022FQ3 filed Oct 27, 2022/SPGlobal_GrupoBimbo,S.A.B.deC.V._CapitalStructureDetails_19-Sep-2026 (32).xlsx",Capital Structure Details,As Reported
2022FQ3,2022-09-30,2022-10-27,11,Loans to Solve Working Capital,Term Loans,6770156,NA,NA,Dec-31-2030,Senior,No,NA,No,No,No,NA,"filings/capitaliq/Financials/Templated/Capital Structure Details/2022FQ3 filed Oct 27, 2022/SPGlobal_GrupoBimbo,S.A.B.deC.V._CapitalStructureDetails_19-Sep-2026 (32).xlsx",Capital Structure Details,As Reported
2022FQ3,2022-09-30,2022-10-27,12,Unsecured Loans for Working Capital,Term Loans,610000,NA,NA,Sep-30-2023,Senior,No,NA,No,No,No,USD,"filings/capitaliq/Financials/Templated/Capital Structure Details/2022FQ3 filed Oct 27, 2022/SPGlobal_GrupoBimbo,S.A.B.deC.V._CapitalStructureDetails_19-Sep-2026 (32).xlsx",Capital Structure Details,As Reported
2022FY,2022-12-31,2023-04-28,1,BIMBO 16 Stock Certificates - Bond,Senior Debt,7706000,7.5600%,NA,Sep-02-2026,Senior,No,NA,No,No,No,MXN,"filings/capitaliq/Financials/Templated/Capital Structure Details/2022FY filed Apr 28, 2023/SPGlobal_GrupoBimbo,S.A.B.deC.V._CapitalStructureDetails_20-Sep-2026 (19).xlsx",Capital Structure Details,As Reported
2022FY,2022-12-31,2023-04-28,2,BIMBO 17 Stock Certificates - Bond,Senior Debt,9633000,8.1800%,NA,Sep-24-2027,Senior,No,NA,No,No,No,MXN,"filings/capitaliq/Financials/Templated/Capital Structure Details/2022FY filed Apr 28, 2023/SPGlobal_GrupoBimbo,S.A.B.deC.V._CapitalStructureDetails_20-Sep-2026 (19).xlsx",Capital Structure Details,As Reported
2022FY,2022-12-31,2023-04-28,3,International Bonds,Senior Debt,0,4.5000%,NA,Jan-25-2022,Senior,No,NA,No,No,No,USD,"filings/capitaliq/Financials/Templated/Capital Structure Details/2022FY filed Apr 28, 2023/SPGlobal_GrupoBimbo,S.A.B.deC.V._CapitalStructureDetails_20-Sep-2026 (19).xlsx",Capital Structure Details,As Reported
2022FY,2022-12-31,2023-04-28,4,International Bonds,Senior Debt,15489000,3.8750%,NA,Jun-27-2024,Senior,No,NA,No,No,No,USD,"filings/capitaliq/Financials/Templated/Capital Structure Details/2022FY filed Apr 28, 2023/SPGlobal_GrupoBimbo,S.A.B.deC.V._CapitalStructureDetails_20-Sep-2026 (19).xlsx",Capital Structure Details,As Reported
2022FY,2022-12-31,2023-04-28,5,International Bonds,Senior Debt,11332000,4.0000%,NA,May-17-2051,Senior,Yes,Tangible Asset,No,No,No,USD,"filings/capitaliq/Financials/Templated/Capital Structure Details/2022FY filed Apr 28, 2023/SPGlobal_GrupoBimbo,S.A.B.deC.V._CapitalStructureDetails_20-Sep-2026 (19).xlsx",Capital Structure Details,As Reported
2022FY,2022-12-31,2023-04-28,6,International Bonds,Senior Debt,10842000,4.0000%,NA,Sep-06-2049,Senior,Yes,Tangible Asset,No,No,No,USD,"filings/capitaliq/Financials/Templated/Capital Structure Details/2022FY filed Apr 28, 2023/SPGlobal_GrupoBimbo,S.A.B.deC.V._CapitalStructureDetails_20-Sep-2026 (19).xlsx",Capital Structure Details,As Reported
2022FY,2022-12-31,2023-04-28,7,International Bonds,Senior Debt,12585000,4.7000%,NA,Nov-10-2047,Senior,Yes,Tangible Asset,No,No,No,USD,"filings/capitaliq/Financials/Templated/Capital Structure Details/2022FY filed Apr 28, 2023/SPGlobal_GrupoBimbo,S.A.B.deC.V._CapitalStructureDetails_20-Sep-2026 (19).xlsx",Capital Structure Details,As Reported
2022FY,2022-12-31,2023-04-28,8,International Bonds,Senior Debt,9632000,4.8750%,NA,Jun-27-2044,Senior,Yes,Tangible Asset,No,No,No,USD,"filings/capitaliq/Financials/Templated/Capital Structure Details/2022FY filed Apr 28, 2023/SPGlobal_GrupoBimbo,S.A.B.deC.V._CapitalStructureDetails_20-Sep-2026 (19).xlsx",Capital Structure Details,As Reported
2022FY,2022-12-31,2023-04-28,9,Lease Liabilities,Capital Lease,29185000,NA,NA,NA,Senior,Yes,Tangible Asset,No,No,No,MXN,"filings/capitaliq/Financials/Templated/Capital Structure Details/2022FY filed Apr 28, 2023/SPGlobal_GrupoBimbo,S.A.B.deC.V._CapitalStructureDetails_20-Sep-2026 (19).xlsx",Capital Structure Details,As Reported
2022FY,2022-12-31,2023-04-28,10,Subsidiaries - Direct Loans,Term Loans,7522000,NA,NA,2026 - 2034,Senior,No,NA,No,No,No,MXN,"filings/capitaliq/Financials/Templated/Capital Structure Details/2022FY filed Apr 28, 2023/SPGlobal_GrupoBimbo,S.A.B.deC.V._CapitalStructureDetails_20-Sep-2026 (19).xlsx",Capital Structure Details,As Reported
2023FQ1,2023-03-31,2023-04-28,1,BIMBO 16 Stock Certificates - Bond,Senior Debt,7706339,7.5600%,NA,Sep-02-2026,Senior,No,NA,No,No,No,MXN,"filings/capitaliq/Financials/Templated/Capital Structure Details/2023FQ1 filed Apr 28, 2023/SPGlobal_GrupoBimbo,S.A.B.deC.V._CapitalStructureDetails_19-Sep-2026 (33).xlsx",Capital Structure Details,As Reported
2023FQ1,2023-03-31,2023-04-28,2,BIMBO 17 Stock Certificates - Bond,Senior Debt,9633102,8.1800%,NA,Sep-24-2027,Senior,No,NA,No,No,No,MXN,"filings/capitaliq/Financials/Templated/Capital Structure Details/2023FQ1 filed Apr 28, 2023/SPGlobal_GrupoBimbo,S.A.B.deC.V._CapitalStructureDetails_19-Sep-2026 (33).xlsx",Capital Structure Details,As Reported
2023FQ1,2023-03-31,2023-04-28,3,International Bonds,Senior Debt,14484160,3.8750%,NA,Jun-27-2024,Senior,No,NA,No,No,No,USD,"filings/capitaliq/Financials/Templated/Capital Structure Details/2023FQ1 filed Apr 28, 2023/SPGlobal_GrupoBimbo,S.A.B.deC.V._CapitalStructureDetails_19-Sep-2026 (33).xlsx",Capital Structure Details,As Reported
2023FQ1,2023-03-31,2023-04-28,4,International Bonds,Senior Debt,10596376,4.0000%,NA,May-17-2051,Senior,Yes,Tangible Asset,No,No,No,USD,"filings/capitaliq/Financials/Templated/Capital Structure Details/2023FQ1 filed Apr 28, 2023/SPGlobal_GrupoBimbo,S.A.B.deC.V._CapitalStructureDetails_19-Sep-2026 (33).xlsx",Capital Structure Details,As Reported
2023FQ1,2023-03-31,2023-04-28,5,International Bonds,Senior Debt,10139184,4.0000%,NA,Sep-06-2049,Senior,Yes,Tangible Asset,No,No,No,USD,"filings/capitaliq/Financials/Templated/Capital Structure Details/2023FQ1 filed Apr 28, 2023/SPGlobal_GrupoBimbo,S.A.B.deC.V._CapitalStructureDetails_19-Sep-2026 (33).xlsx",Capital Structure Details,As Reported
2023FQ1,2023-03-31,2023-04-28,6,International Bonds,Senior Debt,11768379,4.7000%,NA,Nov-10-2047,Senior,Yes,Tangible Asset,No,No,No,USD,"filings/capitaliq/Financials/Templated/Capital Structure Details/2023FQ1 filed Apr 28, 2023/SPGlobal_GrupoBimbo,S.A.B.deC.V._CapitalStructureDetails_19-Sep-2026 (33).xlsx",Capital Structure Details,As Reported
2023FQ1,2023-03-31,2023-04-28,7,International Bonds,Senior Debt,9007337,4.8750%,NA,Jun-27-2044,Senior,Yes,Tangible Asset,No,No,No,USD,"filings/capitaliq/Financials/Templated/Capital Structure Details/2023FQ1 filed Apr 28, 2023/SPGlobal_GrupoBimbo,S.A.B.deC.V._CapitalStructureDetails_19-Sep-2026 (33).xlsx",Capital Structure Details,As Reported
2023FQ1,2023-03-31,2023-04-28,8,Lease Liabilities,Capital Lease,27634419,NA,NA,NA,Senior,Yes,Tangible Asset,No,No,No,MXN,"filings/capitaliq/Financials/Templated/Capital Structure Details/2023FQ1 filed Apr 28, 2023/SPGlobal_GrupoBimbo,S.A.B.deC.V._CapitalStructureDetails_19-Sep-2026 (33).xlsx",Capital Structure Details,As Reported
2023FQ1,2023-03-31,2023-04-28,9,Perpetual Subordinated Bond - USD,Subordinated Debt,8630061,5.9500%,NA,Perpetual,Subordinated,No,NA,No,No,No,USD,"filings/capitaliq/Financials/Templated/Capital Structure Details/2023FQ1 filed Apr 28, 2023/SPGlobal_GrupoBimbo,S.A.B.deC.V._CapitalStructureDetails_19-Sep-2026 (33).xlsx",Capital Structure Details,As Reported
2023FQ1,2023-03-31,2023-04-28,10,Revolving Credit Line Tranche A,Revolving Credit,0,NA,Various Benchmarks,Jul-31-2030,Senior,No,NA,No,No,No,NA,"filings/capitaliq/Financials/Templated/Capital Structure Details/2023FQ1 filed Apr 28, 2023/SPGlobal_GrupoBimbo,S.A.B.deC.V._CapitalStructureDetails_19-Sep-2026 (33).xlsx",Capital Structure Details,As Reported
2023FQ1,2023-03-31,2023-04-28,11,Revolving Credit Line Tranche B,Revolving Credit,0,NA,Various Benchmarks,Mar-15-2028,Senior,No,NA,No,No,No,NA,"filings/capitaliq/Financials/Templated/Capital Structure Details/2023FQ1 filed Apr 28, 2023/SPGlobal_GrupoBimbo,S.A.B.deC.V._CapitalStructureDetails_19-Sep-2026 (33).xlsx",Capital Structure Details,As Reported
2023FQ1,2023-03-31,2023-04-28,12,Subsidiaries - Direct Loans,Term Loans,8875481,NA,NA,2026 - 2034,Senior,No,NA,No,No,No,MXN,"filings/capitaliq/Financials/Templated/Capital Structure Details/2023FQ1 filed Apr 28, 2023/SPGlobal_GrupoBimbo,S.A.B.deC.V._CapitalStructureDetails_19-Sep-2026 (33).xlsx",Capital Structure Details,As Reported
2023FQ1,2023-03-31,2023-04-28,13,Unsecured Loans for Working Capital,Term Loans,2415000,NA,NA,Dec-29-2023,Senior,No,NA,No,No,No,MXN,"filings/capitaliq/Financials/Templated/Capital Structure Details/2023FQ1 filed Apr 28, 2023/SPGlobal_GrupoBimbo,S.A.B.deC.V._CapitalStructureDetails_19-Sep-2026 (33).xlsx",Capital Structure Details,As Reported
2023FQ2,2023-06-30,2023-07-26,1,BIMBO 16 Stock Certificates - Bond,Senior Debt,7706339,7.5600%,NA,Sep-02-2026,Senior,No,NA,No,No,No,MXN,"filings/capitaliq/Financials/Templated/Capital Structure Details/2023FQ2 filed Jul 26, 2023/SPGlobal_GrupoBimbo,S.A.B.deC.V._CapitalStructureDetails_19-Sep-2026 (34).xlsx",Capital Structure Details,As Reported
2023FQ2,2023-06-30,2023-07-26,2,BIMBO 17 Stock Certificates - Bond,Senior Debt,9633102,8.1800%,NA,Sep-24-2027,Senior,No,NA,No,No,No,MXN,"filings/capitaliq/Financials/Templated/Capital Structure Details/2023FQ2 filed Jul 26, 2023/SPGlobal_GrupoBimbo,S.A.B.deC.V._CapitalStructureDetails_19-Sep-2026 (34).xlsx",Capital Structure Details,As Reported
2023FQ2,2023-06-30,2023-07-26,3,BIMBO 23-2L Stock Certificates - Bond,Senior Debt,3000000,NA,TIIE - 28 Days + 10.00 bp,Jul-24-2026,Senior,No,NA,No,No,No,MXN,"filings/capitaliq/Financials/Templated/Capital Structure Details/2023FQ2 filed Jul 26, 2023/SPGlobal_GrupoBimbo,S.A.B.deC.V._CapitalStructureDetails_19-Sep-2026 (34).xlsx",Capital Structure Details,As Reported
2023FQ2,2023-06-30,2023-07-26,4,BIMBO 23L Stock Certificates - Bond,Senior Debt,12000000,9.2400%,NA,May-20-2033,Senior,No,NA,No,No,No,MXN,"filings/capitaliq/Financials/Templated/Capital Structure Details/2023FQ2 filed Jul 26, 2023/SPGlobal_GrupoBimbo,S.A.B.deC.V._CapitalStructureDetails_19-Sep-2026 (34).xlsx",Capital Structure Details,As Reported
2023FQ2,2023-06-30,2023-07-26,5,"Committed, Syndicated and Multi-Currency Revolving Credit Facility",Revolving Credit,1707200,NA,Various Benchmarks,Sep-14-2026 - Mar-15-2028,Senior,No,NA,No,No,No,NA,"filings/capitaliq/Financials/Templated/Capital Structure Details/2023FQ2 filed Jul 26, 2023/SPGlobal_GrupoBimbo,S.A.B.deC.V._CapitalStructureDetails_19-Sep-2026 (34).xlsx",Capital Structure Details,As Reported
2023FQ2,2023-06-30,2023-07-26,6,International Bonds,Senior Debt,13657600,3.8750%,NA,Jun-27-2024,Senior,No,NA,No,No,No,USD,"filings/capitaliq/Financials/Templated/Capital Structure Details/2023FQ2 filed Jul 26, 2023/SPGlobal_GrupoBimbo,S.A.B.deC.V._CapitalStructureDetails_19-Sep-2026 (34).xlsx",Capital Structure Details,As Reported
2023FQ2,2023-06-30,2023-07-26,7,International Bonds,Senior Debt,9991678,4.0000%,NA,May-17-2051,Senior,Yes,Tangible Asset,No,No,No,USD,"filings/capitaliq/Financials/Templated/Capital Structure Details/2023FQ2 filed Jul 26, 2023/SPGlobal_GrupoBimbo,S.A.B.deC.V._CapitalStructureDetails_19-Sep-2026 (34).xlsx",Capital Structure Details,As Reported
2023FQ2,2023-06-30,2023-07-26,8,International Bonds,Senior Debt,9560576,4.0000%,NA,Sep-06-2049,Senior,Yes,Tangible Asset,No,No,No,USD,"filings/capitaliq/Financials/Templated/Capital Structure Details/2023FQ2 filed Jul 26, 2023/SPGlobal_GrupoBimbo,S.A.B.deC.V._CapitalStructureDetails_19-Sep-2026 (34).xlsx",Capital Structure Details,As Reported
2023FQ2,2023-06-30,2023-07-26,9,International Bonds,Senior Debt,11096800,4.7000%,NA,Nov-10-2047,Senior,Yes,Tangible Asset,No,No,No,USD,"filings/capitaliq/Financials/Templated/Capital Structure Details/2023FQ2 filed Jul 26, 2023/SPGlobal_GrupoBimbo,S.A.B.deC.V._CapitalStructureDetails_19-Sep-2026 (34).xlsx",Capital Structure Details,As Reported
2023FQ2,2023-06-30,2023-07-26,10,International Bonds,Senior Debt,8493319,4.8750%,NA,Jun-27-2044,Senior,Yes,Tangible Asset,No,No,No,USD,"filings/capitaliq/Financials/Templated/Capital Structure Details/2023FQ2 filed Jul 26, 2023/SPGlobal_GrupoBimbo,S.A.B.deC.V._CapitalStructureDetails_19-Sep-2026 (34).xlsx",Capital Structure Details,As Reported
2023FQ2,2023-06-30,2023-07-26,11,Lease Liabilities,Capital Lease,26521358,NA,NA,NA,Senior,Yes,Tangible Asset,No,No,No,MXN,"filings/capitaliq/Financials/Templated/Capital Structure Details/2023FQ2 filed Jul 26, 2023/SPGlobal_GrupoBimbo,S.A.B.deC.V._CapitalStructureDetails_19-Sep-2026 (34).xlsx",Capital Structure Details,As Reported
2023FQ2,2023-06-30,2023-07-26,12,Revolving Line of Credit,Revolving Credit,5000000,NA,TIIE - 28 Days + 85.00 bp,Apr-13-2028,Senior,No,NA,No,No,No,MXN,"filings/capitaliq/Financials/Templated/Capital Structure Details/2023FQ2 filed Jul 26, 2023/SPGlobal_GrupoBimbo,S.A.B.deC.V._CapitalStructureDetails_19-Sep-2026 (34).xlsx",Capital Structure Details,As Reported
2023FQ2,2023-06-30,2023-07-26,13,Subsidiaries - Direct Loans,Term Loans,8209441,NA,NA,2026 - 2034,Senior,No,NA,No,No,No,MXN,"filings/capitaliq/Financials/Templated/Capital Structure Details/2023FQ2 filed Jul 26, 2023/SPGlobal_GrupoBimbo,S.A.B.deC.V._CapitalStructureDetails_19-Sep-2026 (34).xlsx",Capital Structure Details,As Reported
2023FQ2,2023-06-30,2023-07-26,14,Unsecured Loans for Working Capital,Term Loans,1185500,NA,NA,Dec-29-2023,Senior,No,NA,No,No,No,MXN,"filings/capitaliq/Financials/Templated/Capital Structure Details/2023FQ2 filed Jul 26, 2023/SPGlobal_GrupoBimbo,S.A.B.deC.V._CapitalStructureDetails_19-Sep-2026 (34).xlsx",Capital Structure Details,As Reported
2023FQ3,2023-09-30,2023-10-26,1,BIMBO 16 Stock Certificates - Bond,Senior Debt,7706339,7.5600%,NA,Sep-02-2026,Senior,No,NA,No,No,No,MXN,"filings/capitaliq/Financials/Templated/Capital Structure Details/2023FQ3 filed Oct 26, 2023/SPGlobal_GrupoBimbo,S.A.B.deC.V._CapitalStructureDetails_19-Sep-2026 (35).xlsx",Capital Structure Details,As Reported
2023FQ3,2023-09-30,2023-10-26,2,BIMBO 17 Stock Certificates - Bond,Senior Debt,9633102,8.1800%,NA,Sep-24-2027,Senior,No,NA,No,No,No,MXN,"filings/capitaliq/Financials/Templated/Capital Structure Details/2023FQ3 filed Oct 26, 2023/SPGlobal_GrupoBimbo,S.A.B.deC.V._CapitalStructureDetails_19-Sep-2026 (35).xlsx",Capital Structure Details,As Reported
2023FQ3,2023-09-30,2023-10-26,3,BIMBO 23-2L Stock Certificates - Bond,Senior Debt,3000000,NA,TIIE - 28 Days + 10.00 bp,Jul-24-2026,Senior,No,NA,No,No,No,MXN,"filings/capitaliq/Financials/Templated/Capital Structure Details/2023FQ3 filed Oct 26, 2023/SPGlobal_GrupoBimbo,S.A.B.deC.V._CapitalStructureDetails_19-Sep-2026 (35).xlsx",Capital Structure Details,As Reported
2023FQ3,2023-09-30,2023-10-26,4,BIMBO 23L Stock Certificates - Bond,Senior Debt,12000000,9.2400%,NA,May-20-2033,Senior,No,NA,No,No,No,MXN,"filings/capitaliq/Financials/Templated/Capital Structure Details/2023FQ3 filed Oct 26, 2023/SPGlobal_GrupoBimbo,S.A.B.deC.V._CapitalStructureDetails_19-Sep-2026 (35).xlsx",Capital Structure Details,As Reported
2023FQ3,2023-09-30,2023-10-26,5,"Committed, Syndicated and Multi-Currency Revolving Credit Facility",Revolving Credit,3453422,NA,Various Benchmarks,Sep-14-2026 - Mar-15-2028,Senior,No,NA,No,No,No,NA,"filings/capitaliq/Financials/Templated/Capital Structure Details/2023FQ3 filed Oct 26, 2023/SPGlobal_GrupoBimbo,S.A.B.deC.V._CapitalStructureDetails_19-Sep-2026 (35).xlsx",Capital Structure Details,As Reported
2023FQ3,2023-09-30,2023-10-26,6,International Bonds,Senior Debt,14095600,3.8750%,NA,Jun-27-2024,Senior,No,NA,No,No,No,USD,"filings/capitaliq/Financials/Templated/Capital Structure Details/2023FQ3 filed Oct 26, 2023/SPGlobal_GrupoBimbo,S.A.B.deC.V._CapitalStructureDetails_19-Sep-2026 (35).xlsx",Capital Structure Details,As Reported
2023FQ3,2023-09-30,2023-10-26,7,International Bonds,Senior Debt,10312111,4.0000%,NA,May-17-2051,Senior,Yes,Tangible Asset,No,No,No,USD,"filings/capitaliq/Financials/Templated/Capital Structure Details/2023FQ3 filed Oct 26, 2023/SPGlobal_GrupoBimbo,S.A.B.deC.V._CapitalStructureDetails_19-Sep-2026 (35).xlsx",Capital Structure Details,As Reported
2023FQ3,2023-09-30,2023-10-26,8,International Bonds,Senior Debt,9867184,4.0000%,NA,Sep-06-2049,Senior,Yes,Tangible Asset,No,No,No,USD,"filings/capitaliq/Financials/Templated/Capital Structure Details/2023FQ3 filed Oct 26, 2023/SPGlobal_GrupoBimbo,S.A.B.deC.V._CapitalStructureDetails_19-Sep-2026 (35).xlsx",Capital Structure Details,As Reported
2023FQ3,2023-09-30,2023-10-26,9,International Bonds,Senior Debt,11452675,4.7000%,NA,Nov-10-2047,Senior,Yes,Tangible Asset,No,No,No,USD,"filings/capitaliq/Financials/Templated/Capital Structure Details/2023FQ3 filed Oct 26, 2023/SPGlobal_GrupoBimbo,S.A.B.deC.V._CapitalStructureDetails_19-Sep-2026 (35).xlsx",Capital Structure Details,As Reported
2023FQ3,2023-09-30,2023-10-26,10,International Bonds,Senior Debt,8765701,4.8750%,NA,Jun-27-2044,Senior,Yes,Tangible Asset,No,No,No,USD,"filings/capitaliq/Financials/Templated/Capital Structure Details/2023FQ3 filed Oct 26, 2023/SPGlobal_GrupoBimbo,S.A.B.deC.V._CapitalStructureDetails_19-Sep-2026 (35).xlsx",Capital Structure Details,As Reported
2023FQ3,2023-09-30,2023-10-26,11,Lease Liabilities,Capital Lease,27299340,NA,NA,NA,Senior,Yes,Tangible Asset,No,No,No,MXN,"filings/capitaliq/Financials/Templated/Capital Structure Details/2023FQ3 filed Oct 26, 2023/SPGlobal_GrupoBimbo,S.A.B.deC.V._CapitalStructureDetails_19-Sep-2026 (35).xlsx",Capital Structure Details,As Reported
2023FQ3,2023-09-30,2023-10-26,12,Revolving Line of Credit,Revolving Credit,5000000,NA,TIIE - 28 Days + 85.00 bp,Apr-13-2028,Senior,No,NA,No,No,No,MXN,"filings/capitaliq/Financials/Templated/Capital Structure Details/2023FQ3 filed Oct 26, 2023/SPGlobal_GrupoBimbo,S.A.B.deC.V._CapitalStructureDetails_19-Sep-2026 (35).xlsx",Capital Structure Details,As Reported
2023FQ3,2023-09-30,2023-10-26,13,Short Term Unsecured Loans to Cover Working Capital,Term Loans,2864876,NA,NA,Dec-29-2023,Senior,No,NA,No,No,No,MXN,"filings/capitaliq/Financials/Templated/Capital Structure Details/2023FQ3 filed Oct 26, 2023/SPGlobal_GrupoBimbo,S.A.B.deC.V._CapitalStructureDetails_19-Sep-2026 (35).xlsx",Capital Structure Details,As Reported
2023FQ3,2023-09-30,2023-10-26,14,Subsidiaries - Direct Loans,Term Loans,7686564,NA,NA,2026 - 2034,Senior,No,NA,No,No,No,MXN,"filings/capitaliq/Financials/Templated/Capital Structure Details/2023FQ3 filed Oct 26, 2023/SPGlobal_GrupoBimbo,S.A.B.deC.V._CapitalStructureDetails_19-Sep-2026 (35).xlsx",Capital Structure Details,As Reported
2023FQ3,2023-09-30,2023-10-26,15,Sustainability-Linked Amortizing Credit Facility with Bank of America NA,Revolving Credit,2202438,NA,SOFR + 120.00 bp,Aug-11-2026 - Aug-11-2028,Senior,No,NA,No,No,No,USD,"filings/capitaliq/Financials/Templated/Capital Structure Details/2023FQ3 filed Oct 26, 2023/SPGlobal_GrupoBimbo,S.A.B.deC.V._CapitalStructureDetails_19-Sep-2026 (35).xlsx",Capital Structure Details,As Reported
2023FY,2023-12-31,2024-04-30,1,"Banco Citi Mexico, SA Line of Credit USD",Revolving Credit,1689000,NA,SOFR + 95.00 bp,Apr-04-2027,Senior,No,NA,No,No,No,USD,"filings/capitaliq/Financials/Templated/Capital Structure Details/2023FY filed Apr 30, 2024/SPGlobal_GrupoBimbo,S.A.B.deC.V._CapitalStructureDetails_20-Sep-2026 (20).xlsx",Capital Structure Details,As Reported
2023FY,2023-12-31,2024-04-30,2,BIMBO 16 Stock Certificates - Bond,Senior Debt,7706000,7.5600%,NA,Sep-02-2026,Senior,No,NA,No,No,No,MXN,"filings/capitaliq/Financials/Templated/Capital Structure Details/2023FY filed Apr 30, 2024/SPGlobal_GrupoBimbo,S.A.B.deC.V._CapitalStructureDetails_20-Sep-2026 (20).xlsx",Capital Structure Details,As Reported
2023FY,2023-12-31,2024-04-30,3,BIMBO 17 Stock Certificates - Bond,Senior Debt,9633000,8.1800%,NA,Sep-24-2027,Senior,No,NA,No,No,No,MXN,"filings/capitaliq/Financials/Templated/Capital Structure Details/2023FY filed Apr 30, 2024/SPGlobal_GrupoBimbo,S.A.B.deC.V._CapitalStructureDetails_20-Sep-2026 (20).xlsx",Capital Structure Details,As Reported
2023FY,2023-12-31,2024-04-30,4,BIMBO 23-2L Stock Certificates - Bond,Senior Debt,3000000,NA,TIIE - 28 Days + 10.00 bp,Jul-24-2026,Senior,No,NA,No,No,No,MXN,"filings/capitaliq/Financials/Templated/Capital Structure Details/2023FY filed Apr 30, 2024/SPGlobal_GrupoBimbo,S.A.B.deC.V._CapitalStructureDetails_20-Sep-2026 (20).xlsx",Capital Structure Details,As Reported
2023FY,2023-12-31,2024-04-30,5,BIMBO 23L Stock Certificates - Bond,Senior Debt,12000000,9.2400%,NA,May-20-2033,Senior,No,NA,No,No,No,MXN,"filings/capitaliq/Financials/Templated/Capital Structure Details/2023FY filed Apr 30, 2024/SPGlobal_GrupoBimbo,S.A.B.deC.V._CapitalStructureDetails_20-Sep-2026 (20).xlsx",Capital Structure Details,As Reported
2023FY,2023-12-31,2024-04-30,6,International Bonds,Senior Debt,6899000,3.8750%,NA,Jun-27-2024,Senior,No,NA,No,No,No,USD,"filings/capitaliq/Financials/Templated/Capital Structure Details/2023FY filed Apr 30, 2024/SPGlobal_GrupoBimbo,S.A.B.deC.V._CapitalStructureDetails_20-Sep-2026 (20).xlsx",Capital Structure Details,As Reported
2023FY,2023-12-31,2024-04-30,7,International Bonds,Senior Debt,9291000,6.4000%,NA,Jan-15-2034,Senior,Yes,Tangible Asset,No,No,No,USD,"filings/capitaliq/Financials/Templated/Capital Structure Details/2023FY filed Apr 30, 2024/SPGlobal_GrupoBimbo,S.A.B.deC.V._CapitalStructureDetails_20-Sep-2026 (20).xlsx",Capital Structure Details,As Reported
2023FY,2023-12-31,2024-04-30,8,International Bonds,Senior Debt,7602000,6.0500%,NA,Jan-15-2029,Senior,Yes,Tangible Asset,No,No,No,USD,"filings/capitaliq/Financials/Templated/Capital Structure Details/2023FY filed Apr 30, 2024/SPGlobal_GrupoBimbo,S.A.B.deC.V._CapitalStructureDetails_20-Sep-2026 (20).xlsx",Capital Structure Details,As Reported
2023FY,2023-12-31,2024-04-30,9,International Bonds,Senior Debt,9887000,4.0000%,NA,May-17-2051,Senior,Yes,Tangible Asset,No,No,No,USD,"filings/capitaliq/Financials/Templated/Capital Structure Details/2023FY filed Apr 30, 2024/SPGlobal_GrupoBimbo,S.A.B.deC.V._CapitalStructureDetails_20-Sep-2026 (20).xlsx",Capital Structure Details,As Reported
2023FY,2023-12-31,2024-04-30,10,International Bonds,Senior Debt,9461000,4.0000%,NA,Sep-06-2049,Senior,Yes,Tangible Asset,No,No,No,USD,"filings/capitaliq/Financials/Templated/Capital Structure Details/2023FY filed Apr 30, 2024/SPGlobal_GrupoBimbo,S.A.B.deC.V._CapitalStructureDetails_20-Sep-2026 (20).xlsx",Capital Structure Details,As Reported
2023FY,2023-12-31,2024-04-30,11,International Bonds,Senior Debt,10981000,4.7000%,NA,Nov-10-2047,Senior,Yes,Tangible Asset,No,No,No,USD,"filings/capitaliq/Financials/Templated/Capital Structure Details/2023FY filed Apr 30, 2024/SPGlobal_GrupoBimbo,S.A.B.deC.V._CapitalStructureDetails_20-Sep-2026 (20).xlsx",Capital Structure Details,As Reported
2023FY,2023-12-31,2024-04-30,12,International Bonds,Senior Debt,8405000,4.8750%,NA,Jun-27-2044,Senior,Yes,Tangible Asset,No,No,No,USD,"filings/capitaliq/Financials/Templated/Capital Structure Details/2023FY filed Apr 30, 2024/SPGlobal_GrupoBimbo,S.A.B.deC.V._CapitalStructureDetails_20-Sep-2026 (20).xlsx",Capital Structure Details,As Reported
2023FY,2023-12-31,2024-04-30,13,Lease Liabilities,Capital Lease,26815000,NA,NA,NA,Senior,Yes,Tangible Asset,No,No,No,MXN,"filings/capitaliq/Financials/Templated/Capital Structure Details/2023FY filed Apr 30, 2024/SPGlobal_GrupoBimbo,S.A.B.deC.V._CapitalStructureDetails_20-Sep-2026 (20).xlsx",Capital Structure Details,As Reported
2023FY,2023-12-31,2024-04-30,14,Revolving Credit Line Tranche A,Revolving Credit,0,NA,Various Benchmarks,Jul-31-2030,Senior,No,NA,No,No,No,NA,"filings/capitaliq/Financials/Templated/Capital Structure Details/2023FY filed Apr 30, 2024/SPGlobal_GrupoBimbo,S.A.B.deC.V._CapitalStructureDetails_20-Sep-2026 (20).xlsx",Capital Structure Details,As Reported
2023FY,2023-12-31,2024-04-30,15,Revolving Credit Line Tranche B,Revolving Credit,0,NA,Various Benchmarks,Mar-15-2028,Senior,No,NA,No,No,No,NA,"filings/capitaliq/Financials/Templated/Capital Structure Details/2023FY filed Apr 30, 2024/SPGlobal_GrupoBimbo,S.A.B.deC.V._CapitalStructureDetails_20-Sep-2026 (20).xlsx",Capital Structure Details,As Reported
2023FY,2023-12-31,2024-04-30,16,Revolving Line of Credit,Revolving Credit,5000000,NA,TIIE - 28 Days + 85.00 bp,Apr-13-2028,Senior,No,NA,No,No,No,MXN,"filings/capitaliq/Financials/Templated/Capital Structure Details/2023FY filed Apr 30, 2024/SPGlobal_GrupoBimbo,S.A.B.deC.V._CapitalStructureDetails_20-Sep-2026 (20).xlsx",Capital Structure Details,As Reported
2023FY,2023-12-31,2024-04-30,17,Subsidiaries - Direct Loans,Term Loans,4141000,NA,NA,2026 - 2034,Senior,No,NA,No,No,No,MXN,"filings/capitaliq/Financials/Templated/Capital Structure Details/2023FY filed Apr 30, 2024/SPGlobal_GrupoBimbo,S.A.B.deC.V._CapitalStructureDetails_20-Sep-2026 (20).xlsx",Capital Structure Details,As Reported
2023FY,2023-12-31,2024-04-30,18,Sustainability-Linked Amortizing Credit Facility with Bank of America NA,Revolving Credit,2112000,NA,SOFR + 120.00 bp,Aug-11-2026 - Aug-11-2028,Senior,No,NA,No,No,No,USD,"filings/capitaliq/Financials/Templated/Capital Structure Details/2023FY filed Apr 30, 2024/SPGlobal_GrupoBimbo,S.A.B.deC.V._CapitalStructureDetails_20-Sep-2026 (20).xlsx",Capital Structure Details,As Reported
2023FY,2023-12-31,2024-04-30,19,Unsecured Loans for Working Capital,Term Loans,2983000,NA,NA,Dec-29-2023,Senior,No,NA,No,No,No,MXN,"filings/capitaliq/Financials/Templated/Capital Structure Details/2023FY filed Apr 30, 2024/SPGlobal_GrupoBimbo,S.A.B.deC.V._CapitalStructureDetails_20-Sep-2026 (20).xlsx",Capital Structure Details,As Reported
2024FQ1,2024-03-31,2024-04-22,1,"Banco Citi Mexico, SA Line of Credit USD",Revolving Credit,1667800,NA,SOFR + 95.00 bp,Apr-04-2027,Senior,No,NA,No,No,No,USD,"filings/capitaliq/Financials/Templated/Capital Structure Details/2024FQ1 filed Apr 22, 2024/SPGlobal_GrupoBimbo,S.A.B.deC.V._CapitalStructureDetails_19-Sep-2026 (36).xlsx",Capital Structure Details,As Reported
2024FQ1,2024-03-31,2024-04-22,2,BIMBO 16 Stock Certificates - Bond,Senior Debt,7706339,7.5600%,NA,Sep-02-2026,Senior,No,NA,No,No,No,MXN,"filings/capitaliq/Financials/Templated/Capital Structure Details/2024FQ1 filed Apr 22, 2024/SPGlobal_GrupoBimbo,S.A.B.deC.V._CapitalStructureDetails_19-Sep-2026 (36).xlsx",Capital Structure Details,As Reported
2024FQ1,2024-03-31,2024-04-22,3,BIMBO 17 Stock Certificates - Bond,Senior Debt,9633102,8.1800%,NA,Sep-24-2027,Senior,No,NA,No,No,No,MXN,"filings/capitaliq/Financials/Templated/Capital Structure Details/2024FQ1 filed Apr 22, 2024/SPGlobal_GrupoBimbo,S.A.B.deC.V._CapitalStructureDetails_19-Sep-2026 (36).xlsx",Capital Structure Details,As Reported
2024FQ1,2024-03-31,2024-04-22,4,BIMBO 23-2L Stock Certificates - Bond,Senior Debt,3000000,NA,TIIE - 28 Days + 10.00 bp,Jul-24-2026,Senior,No,NA,No,No,No,MXN,"filings/capitaliq/Financials/Templated/Capital Structure Details/2024FQ1 filed Apr 22, 2024/SPGlobal_GrupoBimbo,S.A.B.deC.V._CapitalStructureDetails_19-Sep-2026 (36).xlsx",Capital Structure Details,As Reported
2024FQ1,2024-03-31,2024-04-22,5,BIMBO 23L Stock Certificates - Bond,Senior Debt,12000000,9.2400%,NA,May-20-2033,Senior,No,NA,No,No,No,MXN,"filings/capitaliq/Financials/Templated/Capital Structure Details/2024FQ1 filed Apr 22, 2024/SPGlobal_GrupoBimbo,S.A.B.deC.V._CapitalStructureDetails_19-Sep-2026 (36).xlsx",Capital Structure Details,As Reported
2024FQ1,2024-03-31,2024-04-22,6,Credit Line with HSBC México,Revolving Credit,2084750,NA,SOFR + 120.00 bp,Sep-15-2027 - Mar-15-2029,Senior,No,NA,No,No,No,USD,"filings/capitaliq/Financials/Templated/Capital Structure Details/2024FQ1 filed Apr 22, 2024/SPGlobal_GrupoBimbo,S.A.B.deC.V._CapitalStructureDetails_19-Sep-2026 (36).xlsx",Capital Structure Details,As Reported
2024FQ1,2024-03-31,2024-04-22,7,International Bonds,Senior Debt,6810661,3.8750%,NA,Jun-27-2024,Senior,No,NA,No,No,No,USD,"filings/capitaliq/Financials/Templated/Capital Structure Details/2024FQ1 filed Apr 22, 2024/SPGlobal_GrupoBimbo,S.A.B.deC.V._CapitalStructureDetails_19-Sep-2026 (36).xlsx",Capital Structure Details,As Reported
2024FQ1,2024-03-31,2024-04-22,8,International Bonds,Senior Debt,13342400,5.3750%,NA,Jan-09-2036,Senior,Yes,Tangible Asset,No,No,No,USD,"filings/capitaliq/Financials/Templated/Capital Structure Details/2024FQ1 filed Apr 22, 2024/SPGlobal_GrupoBimbo,S.A.B.deC.V._CapitalStructureDetails_19-Sep-2026 (36).xlsx",Capital Structure Details,As Reported
2024FQ1,2024-03-31,2024-04-22,9,International Bonds,Senior Debt,9172900,6.4000%,NA,Jan-15-2034,Senior,Yes,Tangible Asset,No,No,No,USD,"filings/capitaliq/Financials/Templated/Capital Structure Details/2024FQ1 filed Apr 22, 2024/SPGlobal_GrupoBimbo,S.A.B.deC.V._CapitalStructureDetails_19-Sep-2026 (36).xlsx",Capital Structure Details,As Reported
2024FQ1,2024-03-31,2024-04-22,10,International Bonds,Senior Debt,15010200,6.0500%,NA,Jan-15-2029,Senior,Yes,Tangible Asset,No,No,No,USD,"filings/capitaliq/Financials/Templated/Capital Structure Details/2024FQ1 filed Apr 22, 2024/SPGlobal_GrupoBimbo,S.A.B.deC.V._CapitalStructureDetails_19-Sep-2026 (36).xlsx",Capital Structure Details,As Reported
2024FQ1,2024-03-31,2024-04-22,11,International Bonds,Senior Debt,9761083,4.0000%,NA,May-17-2051,Senior,Yes,Tangible Asset,No,No,No,USD,"filings/capitaliq/Financials/Templated/Capital Structure Details/2024FQ1 filed Apr 22, 2024/SPGlobal_GrupoBimbo,S.A.B.deC.V._CapitalStructureDetails_19-Sep-2026 (36).xlsx",Capital Structure Details,As Reported
2024FQ1,2024-03-31,2024-04-22,12,International Bonds,Senior Debt,9339930,4.0000%,NA,Sep-06-2049,Senior,Yes,Tangible Asset,No,No,No,USD,"filings/capitaliq/Financials/Templated/Capital Structure Details/2024FQ1 filed Apr 22, 2024/SPGlobal_GrupoBimbo,S.A.B.deC.V._CapitalStructureDetails_19-Sep-2026 (36).xlsx",Capital Structure Details,As Reported
2024FQ1,2024-03-31,2024-04-22,13,International Bonds,Senior Debt,10840700,4.7000%,NA,Nov-10-2047,Senior,Yes,Tangible Asset,No,No,No,USD,"filings/capitaliq/Financials/Templated/Capital Structure Details/2024FQ1 filed Apr 22, 2024/SPGlobal_GrupoBimbo,S.A.B.deC.V._CapitalStructureDetails_19-Sep-2026 (36).xlsx",Capital Structure Details,As Reported
2024FQ1,2024-03-31,2024-04-22,14,International Bonds,Senior Debt,8297305,4.8750%,NA,Jun-27-2044,Senior,Yes,Tangible Asset,No,No,No,USD,"filings/capitaliq/Financials/Templated/Capital Structure Details/2024FQ1 filed Apr 22, 2024/SPGlobal_GrupoBimbo,S.A.B.deC.V._CapitalStructureDetails_19-Sep-2026 (36).xlsx",Capital Structure Details,As Reported
2024FQ1,2024-03-31,2024-04-22,15,Lease Liabilities,Capital Lease,26957867,NA,NA,NA,Senior,Yes,Tangible Asset,No,No,No,MXN,"filings/capitaliq/Financials/Templated/Capital Structure Details/2024FQ1 filed Apr 22, 2024/SPGlobal_GrupoBimbo,S.A.B.deC.V._CapitalStructureDetails_19-Sep-2026 (36).xlsx",Capital Structure Details,As Reported
2024FQ1,2024-03-31,2024-04-22,16,Revolving Credit Line Tranche A,Revolving Credit,0,NA,Various Benchmarks,Jul-31-2030,Senior,No,NA,No,No,No,NA,"filings/capitaliq/Financials/Templated/Capital Structure Details/2024FQ1 filed Apr 22, 2024/SPGlobal_GrupoBimbo,S.A.B.deC.V._CapitalStructureDetails_19-Sep-2026 (36).xlsx",Capital Structure Details,As Reported
2024FQ1,2024-03-31,2024-04-22,17,Revolving Credit Line Tranche B,Revolving Credit,0,NA,Various Benchmarks,Mar-15-2028,Senior,No,NA,No,No,No,NA,"filings/capitaliq/Financials/Templated/Capital Structure Details/2024FQ1 filed Apr 22, 2024/SPGlobal_GrupoBimbo,S.A.B.deC.V._CapitalStructureDetails_19-Sep-2026 (36).xlsx",Capital Structure Details,As Reported
2024FQ1,2024-03-31,2024-04-22,18,Revolving Line of Credit,Revolving Credit,5000000,NA,TIIE - 28 Days + 85.00 bp,Apr-13-2028,Senior,No,NA,No,No,No,MXN,"filings/capitaliq/Financials/Templated/Capital Structure Details/2024FQ1 filed Apr 22, 2024/SPGlobal_GrupoBimbo,S.A.B.deC.V._CapitalStructureDetails_19-Sep-2026 (36).xlsx",Capital Structure Details,As Reported
2024FQ1,2024-03-31,2024-04-22,19,Subsidiaries - Direct Loans,Term Loans,3409438,NA,NA,2026 - 2034,Senior,No,NA,No,No,No,MXN,"filings/capitaliq/Financials/Templated/Capital Structure Details/2024FQ1 filed Apr 22, 2024/SPGlobal_GrupoBimbo,S.A.B.deC.V._CapitalStructureDetails_19-Sep-2026 (36).xlsx",Capital Structure Details,As Reported
2024FQ1,2024-03-31,2024-04-22,20,Sustainability-Linked Amortizing Credit Facility with Bank of America NA,Revolving Credit,2084750,NA,SOFR + 120.00 bp,Aug-11-2026 - Aug-11-2028,Senior,No,NA,No,No,No,USD,"filings/capitaliq/Financials/Templated/Capital Structure Details/2024FQ1 filed Apr 22, 2024/SPGlobal_GrupoBimbo,S.A.B.deC.V._CapitalStructureDetails_19-Sep-2026 (36).xlsx",Capital Structure Details,As Reported
2024FQ1,2024-03-31,2024-04-22,21,Unsecured Loans for Working Capital,Term Loans,0,NA,NA,Dec-29-2023,Senior,No,NA,No,No,No,MXN,"filings/capitaliq/Financials/Templated/Capital Structure Details/2024FQ1 filed Apr 22, 2024/SPGlobal_GrupoBimbo,S.A.B.deC.V._CapitalStructureDetails_19-Sep-2026 (36).xlsx",Capital Structure Details,As Reported
2024FQ2,2024-06-30,2024-07-24,1,"Banco Citi Mexico, SA Line of Credit USD",Revolving Credit,1837730,NA,SOFR + 95.00 bp,Apr-04-2027,Senior,No,NA,No,No,No,USD,"filings/capitaliq/Financials/Templated/Capital Structure Details/2024FQ2 filed Jul 24, 2024/SPGlobal_GrupoBimbo,S.A.B.deC.V._CapitalStructureDetails_19-Sep-2026 (37).xlsx",Capital Structure Details,As Reported
2024FQ2,2024-06-30,2024-07-24,2,BIMBO 16 Stock Certificates - Bond,Senior Debt,7706339,7.5600%,NA,Sep-02-2026,Senior,No,NA,No,No,No,MXN,"filings/capitaliq/Financials/Templated/Capital Structure Details/2024FQ2 filed Jul 24, 2024/SPGlobal_GrupoBimbo,S.A.B.deC.V._CapitalStructureDetails_19-Sep-2026 (37).xlsx",Capital Structure Details,As Reported
2024FQ2,2024-06-30,2024-07-24,3,BIMBO 17 Stock Certificates - Bond,Senior Debt,9633102,8.1800%,NA,Sep-24-2027,Senior,No,NA,No,No,No,MXN,"filings/capitaliq/Financials/Templated/Capital Structure Details/2024FQ2 filed Jul 24, 2024/SPGlobal_GrupoBimbo,S.A.B.deC.V._CapitalStructureDetails_19-Sep-2026 (37).xlsx",Capital Structure Details,As Reported
2024FQ2,2024-06-30,2024-07-24,4,BIMBO 23-2L Stock Certificates - Bond,Senior Debt,3000000,NA,TIIE - 28 Days + 10.00 bp,Jul-24-2026,Senior,No,NA,No,No,No,MXN,"filings/capitaliq/Financials/Templated/Capital Structure Details/2024FQ2 filed Jul 24, 2024/SPGlobal_GrupoBimbo,S.A.B.deC.V._CapitalStructureDetails_19-Sep-2026 (37).xlsx",Capital Structure Details,As Reported
2024FQ2,2024-06-30,2024-07-24,5,BIMBO 23L Stock Certificates - Bond,Senior Debt,12000000,9.2400%,NA,May-20-2033,Senior,No,NA,No,No,No,MXN,"filings/capitaliq/Financials/Templated/Capital Structure Details/2024FQ2 filed Jul 24, 2024/SPGlobal_GrupoBimbo,S.A.B.deC.V._CapitalStructureDetails_19-Sep-2026 (37).xlsx",Capital Structure Details,As Reported
2024FQ2,2024-06-30,2024-07-24,6,BIMBO 24 Stock Certificates,Senior Debt,2297162,NA,SOFR + 120.00 bp,Sep-15-2027 - Mar-15-2029,Senior,Yes,Tangible Asset,No,No,No,USD,"filings/capitaliq/Financials/Templated/Capital Structure Details/2024FQ2 filed Jul 24, 2024/SPGlobal_GrupoBimbo,S.A.B.deC.V._CapitalStructureDetails_19-Sep-2026 (37).xlsx",Capital Structure Details,As Reported
2024FQ2,2024-06-30,2024-07-24,7,BIMBO 24 Stock Certificates,Senior Debt,2297162,NA,SOFR + 125.00 bp,Jun-17-2025 - Jun-17-2029,Senior,Yes,Tangible Asset,No,No,No,USD,"filings/capitaliq/Financials/Templated/Capital Structure Details/2024FQ2 filed Jul 24, 2024/SPGlobal_GrupoBimbo,S.A.B.deC.V._CapitalStructureDetails_19-Sep-2026 (37).xlsx",Capital Structure Details,As Reported
2024FQ2,2024-06-30,2024-07-24,8,International Bonds,Senior Debt,0,3.8750%,NA,Jun-27-2024,Senior,No,NA,No,No,No,USD,"filings/capitaliq/Financials/Templated/Capital Structure Details/2024FQ2 filed Jul 24, 2024/SPGlobal_GrupoBimbo,S.A.B.deC.V._CapitalStructureDetails_19-Sep-2026 (37).xlsx",Capital Structure Details,As Reported
2024FQ2,2024-06-30,2024-07-24,9,International Bonds,Senior Debt,14701840,5.3750%,NA,Jan-09-2036,Senior,Yes,Tangible Asset,No,No,No,USD,"filings/capitaliq/Financials/Templated/Capital Structure Details/2024FQ2 filed Jul 24, 2024/SPGlobal_GrupoBimbo,S.A.B.deC.V._CapitalStructureDetails_19-Sep-2026 (37).xlsx",Capital Structure Details,As Reported
2024FQ2,2024-06-30,2024-07-24,10,International Bonds,Senior Debt,10107515,6.4000%,NA,Jan-15-2034,Senior,Yes,Tangible Asset,No,No,No,USD,"filings/capitaliq/Financials/Templated/Capital Structure Details/2024FQ2 filed Jul 24, 2024/SPGlobal_GrupoBimbo,S.A.B.deC.V._CapitalStructureDetails_19-Sep-2026 (37).xlsx",Capital Structure Details,As Reported
2024FQ2,2024-06-30,2024-07-24,11,International Bonds,Senior Debt,16539570,6.0500%,NA,Jan-15-2029,Senior,Yes,Tangible Asset,No,No,No,USD,"filings/capitaliq/Financials/Templated/Capital Structure Details/2024FQ2 filed Jul 24, 2024/SPGlobal_GrupoBimbo,S.A.B.deC.V._CapitalStructureDetails_19-Sep-2026 (37).xlsx",Capital Structure Details,As Reported
2024FQ2,2024-06-30,2024-07-24,12,International Bonds,Senior Debt,10755627,4.0000%,NA,May-17-2051,Senior,Yes,Tangible Asset,No,No,No,USD,"filings/capitaliq/Financials/Templated/Capital Structure Details/2024FQ2 filed Jul 24, 2024/SPGlobal_GrupoBimbo,S.A.B.deC.V._CapitalStructureDetails_19-Sep-2026 (37).xlsx",Capital Structure Details,As Reported
2024FQ2,2024-06-30,2024-07-24,13,International Bonds,Senior Debt,10291564,4.0000%,NA,Sep-06-2049,Senior,Yes,Tangible Asset,No,No,No,USD,"filings/capitaliq/Financials/Templated/Capital Structure Details/2024FQ2 filed Jul 24, 2024/SPGlobal_GrupoBimbo,S.A.B.deC.V._CapitalStructureDetails_19-Sep-2026 (37).xlsx",Capital Structure Details,As Reported
2024FQ2,2024-06-30,2024-07-24,14,International Bonds,Senior Debt,11945245,4.7000%,NA,Nov-10-2047,Senior,Yes,Tangible Asset,No,No,No,USD,"filings/capitaliq/Financials/Templated/Capital Structure Details/2024FQ2 filed Jul 24, 2024/SPGlobal_GrupoBimbo,S.A.B.deC.V._CapitalStructureDetails_19-Sep-2026 (37).xlsx",Capital Structure Details,As Reported
2024FQ2,2024-06-30,2024-07-24,15,International Bonds,Senior Debt,9142707,4.8750%,NA,Jun-27-2044,Senior,Yes,Tangible Asset,No,No,No,USD,"filings/capitaliq/Financials/Templated/Capital Structure Details/2024FQ2 filed Jul 24, 2024/SPGlobal_GrupoBimbo,S.A.B.deC.V._CapitalStructureDetails_19-Sep-2026 (37).xlsx",Capital Structure Details,As Reported
2024FQ2,2024-06-30,2024-07-24,16,Lease Liabilities,Capital Lease,30180288,NA,NA,NA,Senior,Yes,Tangible Asset,No,No,No,MXN,"filings/capitaliq/Financials/Templated/Capital Structure Details/2024FQ2 filed Jul 24, 2024/SPGlobal_GrupoBimbo,S.A.B.deC.V._CapitalStructureDetails_19-Sep-2026 (37).xlsx",Capital Structure Details,As Reported
2024FQ2,2024-06-30,2024-07-24,17,Revolving Credit Line Tranche A,Revolving Credit,3056955,NA,Various Benchmarks,Jul-31-2030,Senior,No,NA,No,No,No,NA,"filings/capitaliq/Financials/Templated/Capital Structure Details/2024FQ2 filed Jul 24, 2024/SPGlobal_GrupoBimbo,S.A.B.deC.V._CapitalStructureDetails_19-Sep-2026 (37).xlsx",Capital Structure Details,As Reported
2024FQ2,2024-06-30,2024-07-24,18,Revolving Credit Line Tranche B,Revolving Credit,0,NA,Various Benchmarks,Mar-15-2028,Senior,No,NA,No,No,No,NA,"filings/capitaliq/Financials/Templated/Capital Structure Details/2024FQ2 filed Jul 24, 2024/SPGlobal_GrupoBimbo,S.A.B.deC.V._CapitalStructureDetails_19-Sep-2026 (37).xlsx",Capital Structure Details,As Reported
2024FQ2,2024-06-30,2024-07-24,19,Revolving Line of Credit,Revolving Credit,5000000,NA,TIIE - 28 Days + 85.00 bp,Apr-13-2028,Senior,No,NA,No,No,No,MXN,"filings/capitaliq/Financials/Templated/Capital Structure Details/2024FQ2 filed Jul 24, 2024/SPGlobal_GrupoBimbo,S.A.B.deC.V._CapitalStructureDetails_19-Sep-2026 (37).xlsx",Capital Structure Details,As Reported
2024FQ2,2024-06-30,2024-07-24,20,Subsidiaries - Direct Loans,Term Loans,3678236,NA,NA,2026 - 2034,Senior,No,NA,No,No,No,MXN,"filings/capitaliq/Financials/Templated/Capital Structure Details/2024FQ2 filed Jul 24, 2024/SPGlobal_GrupoBimbo,S.A.B.deC.V._CapitalStructureDetails_19-Sep-2026 (37).xlsx",Capital Structure Details,As Reported
2024FQ2,2024-06-30,2024-07-24,21,Sustainability-Linked Amortizing Credit Facility with Bank of America NA,Revolving Credit,2297162,NA,SOFR + 120.00 bp,Aug-11-2026 - Aug-11-2028,Senior,No,NA,No,No,No,USD,"filings/capitaliq/Financials/Templated/Capital Structure Details/2024FQ2 filed Jul 24, 2024/SPGlobal_GrupoBimbo,S.A.B.deC.V._CapitalStructureDetails_19-Sep-2026 (37).xlsx",Capital Structure Details,As Reported
2024FQ2,2024-06-30,2024-07-24,22,Unsecured Loans for Working Capital,Term Loans,0,NA,NA,Dec-29-2023,Senior,No,NA,No,No,No,MXN,"filings/capitaliq/Financials/Templated/Capital Structure Details/2024FQ2 filed Jul 24, 2024/SPGlobal_GrupoBimbo,S.A.B.deC.V._CapitalStructureDetails_19-Sep-2026 (37).xlsx",Capital Structure Details,As Reported
2024FQ3,2024-09-30,2024-10-29,1,"Banco Citi Mexico, SA Line of Credit USD",Revolving Credit,1962900,NA,SOFR + 95.00 bp,Apr-04-2027,Senior,No,NA,No,No,No,USD,"filings/capitaliq/Financials/Templated/Capital Structure Details/2024FQ3 filed Oct 29, 2024/SPGlobal_GrupoBimbo,S.A.B.deC.V._CapitalStructureDetails_19-Sep-2026 (38).xlsx",Capital Structure Details,As Reported
2024FQ3,2024-09-30,2024-10-29,2,BIMBO 16 Stock Certificates - Bond,Senior Debt,7706339,7.5600%,NA,Sep-02-2026,Senior,No,NA,No,No,No,MXN,"filings/capitaliq/Financials/Templated/Capital Structure Details/2024FQ3 filed Oct 29, 2024/SPGlobal_GrupoBimbo,S.A.B.deC.V._CapitalStructureDetails_19-Sep-2026 (38).xlsx",Capital Structure Details,As Reported
2024FQ3,2024-09-30,2024-10-29,3,BIMBO 17 Stock Certificates - Bond,Senior Debt,9633102,8.1800%,NA,Sep-24-2027,Senior,No,NA,No,No,No,MXN,"filings/capitaliq/Financials/Templated/Capital Structure Details/2024FQ3 filed Oct 29, 2024/SPGlobal_GrupoBimbo,S.A.B.deC.V._CapitalStructureDetails_19-Sep-2026 (38).xlsx",Capital Structure Details,As Reported
2024FQ3,2024-09-30,2024-10-29,4,BIMBO 23-2L Stock Certificates - Bond,Senior Debt,3000000,NA,TIIE - 28 Days + 10.00 bp,Jul-24-2026,Senior,No,NA,No,No,No,MXN,"filings/capitaliq/Financials/Templated/Capital Structure Details/2024FQ3 filed Oct 29, 2024/SPGlobal_GrupoBimbo,S.A.B.deC.V._CapitalStructureDetails_19-Sep-2026 (38).xlsx",Capital Structure Details,As Reported
2024FQ3,2024-09-30,2024-10-29,5,BIMBO 23L Stock Certificates - Bond,Senior Debt,12000000,9.2400%,NA,May-20-2033,Senior,No,NA,No,No,No,MXN,"filings/capitaliq/Financials/Templated/Capital Structure Details/2024FQ3 filed Oct 29, 2024/SPGlobal_GrupoBimbo,S.A.B.deC.V._CapitalStructureDetails_19-Sep-2026 (38).xlsx",Capital Structure Details,As Reported
2024FQ3,2024-09-30,2024-10-29,6,BNP Paribas Line of Credit USD,Revolving Credit,2944350,NA,SOFR + 110.00 bp,Sep-26-2029,Senior,No,NA,No,No,No,USD,"filings/capitaliq/Financials/Templated/Capital Structure Details/2024FQ3 filed Oct 29, 2024/SPGlobal_GrupoBimbo,S.A.B.deC.V._CapitalStructureDetails_19-Sep-2026 (38).xlsx",Capital Structure Details,As Reported
2024FQ3,2024-09-30,2024-10-29,7,Credit Facility with Chase Bank,Revolving Credit,2453625,NA,SOFR + 125.00 bp,Jun-17-2029,Senior,No,NA,No,No,No,USD,"filings/capitaliq/Financials/Templated/Capital Structure Details/2024FQ3 filed Oct 29, 2024/SPGlobal_GrupoBimbo,S.A.B.deC.V._CapitalStructureDetails_19-Sep-2026 (38).xlsx",Capital Structure Details,As Reported
2024FQ3,2024-09-30,2024-10-29,8,Credit Line with HSBC México,Revolving Credit,2453625,NA,SOFR + 120.00 bp,Sep-15-2027 - Mar-15-2029,Senior,No,NA,No,No,No,USD,"filings/capitaliq/Financials/Templated/Capital Structure Details/2024FQ3 filed Oct 29, 2024/SPGlobal_GrupoBimbo,S.A.B.deC.V._CapitalStructureDetails_19-Sep-2026 (38).xlsx",Capital Structure Details,As Reported
2024FQ3,2024-09-30,2024-10-29,9,International Bonds,Senior Debt,0,3.8750%,NA,Jun-27-2024,Senior,No,NA,No,No,No,USD,"filings/capitaliq/Financials/Templated/Capital Structure Details/2024FQ3 filed Oct 29, 2024/SPGlobal_GrupoBimbo,S.A.B.deC.V._CapitalStructureDetails_19-Sep-2026 (38).xlsx",Capital Structure Details,As Reported
2024FQ3,2024-09-30,2024-10-29,10,International Bonds,Senior Debt,15703200,5.3750%,NA,Jan-09-2036,Senior,Yes,Tangible Asset,No,No,No,USD,"filings/capitaliq/Financials/Templated/Capital Structure Details/2024FQ3 filed Oct 29, 2024/SPGlobal_GrupoBimbo,S.A.B.deC.V._CapitalStructureDetails_19-Sep-2026 (38).xlsx",Capital Structure Details,As Reported
2024FQ3,2024-09-30,2024-10-29,11,International Bonds,Senior Debt,10795950,6.4000%,NA,Jan-15-2034,Senior,Yes,Tangible Asset,No,No,No,USD,"filings/capitaliq/Financials/Templated/Capital Structure Details/2024FQ3 filed Oct 29, 2024/SPGlobal_GrupoBimbo,S.A.B.deC.V._CapitalStructureDetails_19-Sep-2026 (38).xlsx",Capital Structure Details,As Reported
2024FQ3,2024-09-30,2024-10-29,12,International Bonds,Senior Debt,17666100,6.0500%,NA,Jan-15-2029,Senior,Yes,Tangible Asset,No,No,No,USD,"filings/capitaliq/Financials/Templated/Capital Structure Details/2024FQ3 filed Oct 29, 2024/SPGlobal_GrupoBimbo,S.A.B.deC.V._CapitalStructureDetails_19-Sep-2026 (38).xlsx",Capital Structure Details,As Reported
2024FQ3,2024-09-30,2024-10-29,13,International Bonds,Senior Debt,11488206,4.0000%,NA,May-17-2051,Senior,Yes,Tangible Asset,No,No,No,USD,"filings/capitaliq/Financials/Templated/Capital Structure Details/2024FQ3 filed Oct 29, 2024/SPGlobal_GrupoBimbo,S.A.B.deC.V._CapitalStructureDetails_19-Sep-2026 (38).xlsx",Capital Structure Details,As Reported
2024FQ3,2024-09-30,2024-10-29,14,International Bonds,Senior Debt,10992534,4.0000%,NA,Sep-06-2049,Senior,Yes,Tangible Asset,No,No,No,USD,"filings/capitaliq/Financials/Templated/Capital Structure Details/2024FQ3 filed Oct 29, 2024/SPGlobal_GrupoBimbo,S.A.B.deC.V._CapitalStructureDetails_19-Sep-2026 (38).xlsx",Capital Structure Details,As Reported
2024FQ3,2024-09-30,2024-10-29,15,International Bonds,Senior Debt,12758850,4.7000%,NA,Nov-10-2047,Senior,Yes,Tangible Asset,No,No,No,USD,"filings/capitaliq/Financials/Templated/Capital Structure Details/2024FQ3 filed Oct 29, 2024/SPGlobal_GrupoBimbo,S.A.B.deC.V._CapitalStructureDetails_19-Sep-2026 (38).xlsx",Capital Structure Details,As Reported
2024FQ3,2024-09-30,2024-10-29,16,International Bonds,Senior Debt,9765428,4.8750%,NA,Jun-27-2044,Senior,Yes,Tangible Asset,No,No,No,USD,"filings/capitaliq/Financials/Templated/Capital Structure Details/2024FQ3 filed Oct 29, 2024/SPGlobal_GrupoBimbo,S.A.B.deC.V._CapitalStructureDetails_19-Sep-2026 (38).xlsx",Capital Structure Details,As Reported
2024FQ3,2024-09-30,2024-10-29,17,Lease Liabilities,Capital Lease,33288678,NA,NA,NA,Senior,Yes,Tangible Asset,No,No,No,MXN,"filings/capitaliq/Financials/Templated/Capital Structure Details/2024FQ3 filed Oct 29, 2024/SPGlobal_GrupoBimbo,S.A.B.deC.V._CapitalStructureDetails_19-Sep-2026 (38).xlsx",Capital Structure Details,As Reported
2024FQ3,2024-09-30,2024-10-29,18,Revolving Credit Line Tranche A,Revolving Credit,1216998,NA,Various Benchmarks,Jul-31-2030,Senior,No,NA,No,No,No,NA,"filings/capitaliq/Financials/Templated/Capital Structure Details/2024FQ3 filed Oct 29, 2024/SPGlobal_GrupoBimbo,S.A.B.deC.V._CapitalStructureDetails_19-Sep-2026 (38).xlsx",Capital Structure Details,As Reported
2024FQ3,2024-09-30,2024-10-29,19,Revolving Credit Line Tranche B,Revolving Credit,0,NA,Various Benchmarks,Mar-15-2028,Senior,No,NA,No,No,No,NA,"filings/capitaliq/Financials/Templated/Capital Structure Details/2024FQ3 filed Oct 29, 2024/SPGlobal_GrupoBimbo,S.A.B.deC.V._CapitalStructureDetails_19-Sep-2026 (38).xlsx",Capital Structure Details,As Reported
2024FQ3,2024-09-30,2024-10-29,20,Revolving Line of Credit,Revolving Credit,5000000,NA,TIIE - 28 Days + 85.00 bp,Apr-13-2028,Senior,No,NA,No,No,No,MXN,"filings/capitaliq/Financials/Templated/Capital Structure Details/2024FQ3 filed Oct 29, 2024/SPGlobal_GrupoBimbo,S.A.B.deC.V._CapitalStructureDetails_19-Sep-2026 (38).xlsx",Capital Structure Details,As Reported
2024FQ3,2024-09-30,2024-10-29,21,Short-Term Unsecured Loans,Term Loans,2194337,NA,NA,Mar-10-2025,Senior,No,NA,No,No,No,MXN,"filings/capitaliq/Financials/Templated/Capital Structure Details/2024FQ3 filed Oct 29, 2024/SPGlobal_GrupoBimbo,S.A.B.deC.V._CapitalStructureDetails_19-Sep-2026 (38).xlsx",Capital Structure Details,As Reported
2024FQ3,2024-09-30,2024-10-29,22,Subsidiaries - Direct Loans,Term Loans,4265119,NA,NA,2026 - 2034,Senior,No,NA,No,No,No,MXN,"filings/capitaliq/Financials/Templated/Capital Structure Details/2024FQ3 filed Oct 29, 2024/SPGlobal_GrupoBimbo,S.A.B.deC.V._CapitalStructureDetails_19-Sep-2026 (38).xlsx",Capital Structure Details,As Reported
2024FQ3,2024-09-30,2024-10-29,23,Sustainability-Linked Amortizing Credit Facility with Bank of America NA,Revolving Credit,2453625,NA,SOFR + 120.00 bp,Aug-11-2026 - Aug-11-2028,Senior,No,NA,No,No,No,USD,"filings/capitaliq/Financials/Templated/Capital Structure Details/2024FQ3 filed Oct 29, 2024/SPGlobal_GrupoBimbo,S.A.B.deC.V._CapitalStructureDetails_19-Sep-2026 (38).xlsx",Capital Structure Details,As Reported
2024FQ3,2024-09-30,2024-10-29,24,Unsecured Loans for Working Capital,Term Loans,0,NA,NA,Dec-29-2023,Senior,No,NA,No,No,No,MXN,"filings/capitaliq/Financials/Templated/Capital Structure Details/2024FQ3 filed Oct 29, 2024/SPGlobal_GrupoBimbo,S.A.B.deC.V._CapitalStructureDetails_19-Sep-2026 (38).xlsx",Capital Structure Details,As Reported
2024FY,2024-12-31,2025-04-30,1,"Banco Citi Mexico, SA Line of Credit USD",Revolving Credit,2027000,NA,SOFR + 95.00 bp,Apr-04-2027,Senior,No,NA,No,No,No,USD,"filings/capitaliq/Financials/Templated/Capital Structure Details/2024FY filed Apr 30, 2025/SPGlobal_GrupoBimbo,S.A.B.deC.V._CapitalStructureDetails_20-Sep-2026 (21).xlsx",Capital Structure Details,As Reported
2024FY,2024-12-31,2025-04-30,2,BIMBO 16 Stock Certificates - Bond,Senior Debt,7706000,7.5600%,NA,Sep-02-2026,Senior,No,NA,No,No,No,MXN,"filings/capitaliq/Financials/Templated/Capital Structure Details/2024FY filed Apr 30, 2025/SPGlobal_GrupoBimbo,S.A.B.deC.V._CapitalStructureDetails_20-Sep-2026 (21).xlsx",Capital Structure Details,As Reported
2024FY,2024-12-31,2025-04-30,3,BIMBO 17 Stock Certificates - Bond,Senior Debt,9633000,8.1800%,NA,Sep-24-2027,Senior,No,NA,No,No,No,MXN,"filings/capitaliq/Financials/Templated/Capital Structure Details/2024FY filed Apr 30, 2025/SPGlobal_GrupoBimbo,S.A.B.deC.V._CapitalStructureDetails_20-Sep-2026 (21).xlsx",Capital Structure Details,As Reported
2024FY,2024-12-31,2025-04-30,4,BIMBO 23-2L Stock Certificates - Bond,Senior Debt,3000000,NA,TIIE - 28 Days + 10.00 bp,Jul-24-2026,Senior,No,NA,No,No,No,MXN,"filings/capitaliq/Financials/Templated/Capital Structure Details/2024FY filed Apr 30, 2025/SPGlobal_GrupoBimbo,S.A.B.deC.V._CapitalStructureDetails_20-Sep-2026 (21).xlsx",Capital Structure Details,As Reported
2024FY,2024-12-31,2025-04-30,5,BIMBO 23L Stock Certificates - Bond,Senior Debt,12000000,9.2400%,NA,May-20-2033,Senior,No,NA,No,No,No,MXN,"filings/capitaliq/Financials/Templated/Capital Structure Details/2024FY filed Apr 30, 2025/SPGlobal_GrupoBimbo,S.A.B.deC.V._CapitalStructureDetails_20-Sep-2026 (21).xlsx",Capital Structure Details,As Reported
2024FY,2024-12-31,2025-04-30,6,BNP Paribas Line of Credit USD,Revolving Credit,3040000,NA,SOFR + 110.00 bp,Sep-26-2029,Senior,No,NA,No,No,No,USD,"filings/capitaliq/Financials/Templated/Capital Structure Details/2024FY filed Apr 30, 2025/SPGlobal_GrupoBimbo,S.A.B.deC.V._CapitalStructureDetails_20-Sep-2026 (21).xlsx",Capital Structure Details,As Reported
2024FY,2024-12-31,2025-04-30,7,Credit Facility with Chase Bank,Revolving Credit,2534000,NA,SOFR + 125.00 bp,Jun-17-2029,Senior,No,NA,No,No,No,USD,"filings/capitaliq/Financials/Templated/Capital Structure Details/2024FY filed Apr 30, 2025/SPGlobal_GrupoBimbo,S.A.B.deC.V._CapitalStructureDetails_20-Sep-2026 (21).xlsx",Capital Structure Details,As Reported
2024FY,2024-12-31,2025-04-30,8,Credit Line with HSBC México,Revolving Credit,2534000,NA,SOFR + 120.00 bp,Sep-15-2027 - Mar-15-2029,Senior,No,NA,No,No,No,USD,"filings/capitaliq/Financials/Templated/Capital Structure Details/2024FY filed Apr 30, 2025/SPGlobal_GrupoBimbo,S.A.B.deC.V._CapitalStructureDetails_20-Sep-2026 (21).xlsx",Capital Structure Details,As Reported
2024FY,2024-12-31,2025-04-30,9,International Bonds,Senior Debt,0,3.8750%,NA,Jun-27-2024,Senior,No,NA,No,No,No,USD,"filings/capitaliq/Financials/Templated/Capital Structure Details/2024FY filed Apr 30, 2025/SPGlobal_GrupoBimbo,S.A.B.deC.V._CapitalStructureDetails_20-Sep-2026 (21).xlsx",Capital Structure Details,As Reported
2024FY,2024-12-31,2025-04-30,10,International Bonds,Senior Debt,16215000,5.3750%,NA,Jan-09-2036,Senior,Yes,Tangible Asset,No,No,No,USD,"filings/capitaliq/Financials/Templated/Capital Structure Details/2024FY filed Apr 30, 2025/SPGlobal_GrupoBimbo,S.A.B.deC.V._CapitalStructureDetails_20-Sep-2026 (21).xlsx",Capital Structure Details,As Reported
2024FY,2024-12-31,2025-04-30,11,International Bonds,Senior Debt,11148000,6.4000%,NA,Jan-15-2034,Senior,Yes,Tangible Asset,No,No,No,USD,"filings/capitaliq/Financials/Templated/Capital Structure Details/2024FY filed Apr 30, 2025/SPGlobal_GrupoBimbo,S.A.B.deC.V._CapitalStructureDetails_20-Sep-2026 (21).xlsx",Capital Structure Details,As Reported
2024FY,2024-12-31,2025-04-30,12,International Bonds,Senior Debt,18241000,6.0500%,NA,Jan-15-2029,Senior,Yes,Tangible Asset,No,No,No,USD,"filings/capitaliq/Financials/Templated/Capital Structure Details/2024FY filed Apr 30, 2025/SPGlobal_GrupoBimbo,S.A.B.deC.V._CapitalStructureDetails_20-Sep-2026 (21).xlsx",Capital Structure Details,As Reported
2024FY,2024-12-31,2025-04-30,13,International Bonds,Senior Debt,11862000,4.0000%,NA,May-17-2051,Senior,Yes,Tangible Asset,No,No,No,USD,"filings/capitaliq/Financials/Templated/Capital Structure Details/2024FY filed Apr 30, 2025/SPGlobal_GrupoBimbo,S.A.B.deC.V._CapitalStructureDetails_20-Sep-2026 (21).xlsx",Capital Structure Details,As Reported
2024FY,2024-12-31,2025-04-30,14,International Bonds,Senior Debt,11351000,4.0000%,NA,Sep-06-2049,Senior,Yes,Tangible Asset,No,No,No,USD,"filings/capitaliq/Financials/Templated/Capital Structure Details/2024FY filed Apr 30, 2025/SPGlobal_GrupoBimbo,S.A.B.deC.V._CapitalStructureDetails_20-Sep-2026 (21).xlsx",Capital Structure Details,As Reported
2024FY,2024-12-31,2025-04-30,15,International Bonds,Senior Debt,13174000,4.7000%,NA,Nov-10-2047,Senior,Yes,Tangible Asset,No,No,No,USD,"filings/capitaliq/Financials/Templated/Capital Structure Details/2024FY filed Apr 30, 2025/SPGlobal_GrupoBimbo,S.A.B.deC.V._CapitalStructureDetails_20-Sep-2026 (21).xlsx",Capital Structure Details,As Reported
2024FY,2024-12-31,2025-04-30,16,International Bonds,Senior Debt,10083000,4.8750%,NA,Jun-27-2044,Senior,Yes,Tangible Asset,No,No,No,USD,"filings/capitaliq/Financials/Templated/Capital Structure Details/2024FY filed Apr 30, 2025/SPGlobal_GrupoBimbo,S.A.B.deC.V._CapitalStructureDetails_20-Sep-2026 (21).xlsx",Capital Structure Details,As Reported
2024FY,2024-12-31,2025-04-30,17,Lease Liabilities,Capital Lease,35801000,NA,NA,NA,Senior,Yes,Tangible Asset,No,No,No,MXN,"filings/capitaliq/Financials/Templated/Capital Structure Details/2024FY filed Apr 30, 2025/SPGlobal_GrupoBimbo,S.A.B.deC.V._CapitalStructureDetails_20-Sep-2026 (21).xlsx",Capital Structure Details,As Reported
2024FY,2024-12-31,2025-04-30,18,Revolving Line of Credit,Revolving Credit,5000000,NA,TIIE - 28 Days + 85.00 bp,Apr-13-2028,Senior,No,NA,No,No,No,MXN,"filings/capitaliq/Financials/Templated/Capital Structure Details/2024FY filed Apr 30, 2025/SPGlobal_GrupoBimbo,S.A.B.deC.V._CapitalStructureDetails_20-Sep-2026 (21).xlsx",Capital Structure Details,As Reported
2024FY,2024-12-31,2025-04-30,19,Subsidiaries - Direct Loans,Term Loans,3330000,NA,NA,2026 - 2034,Senior,No,NA,No,No,No,MXN,"filings/capitaliq/Financials/Templated/Capital Structure Details/2024FY filed Apr 30, 2025/SPGlobal_GrupoBimbo,S.A.B.deC.V._CapitalStructureDetails_20-Sep-2026 (21).xlsx",Capital Structure Details,As Reported
2024FY,2024-12-31,2025-04-30,20,Sustainability-Linked Amortizing Credit Facility with Bank of America NA,Revolving Credit,2534000,NA,SOFR + 120.00 bp,Aug-11-2026 - Aug-11-2028,Senior,No,NA,No,No,No,USD,"filings/capitaliq/Financials/Templated/Capital Structure Details/2024FY filed Apr 30, 2025/SPGlobal_GrupoBimbo,S.A.B.deC.V._CapitalStructureDetails_20-Sep-2026 (21).xlsx",Capital Structure Details,As Reported
2024FY,2024-12-31,2025-04-30,21,"Syndicated, Multi-Currency Revolving Credit Facility - Tranches a",Revolving Credit,3465000,NA,Various Benchmarks,Mar-15-2028 - Jul-31-2030,Senior,No,NA,No,No,No,NA,"filings/capitaliq/Financials/Templated/Capital Structure Details/2024FY filed Apr 30, 2025/SPGlobal_GrupoBimbo,S.A.B.deC.V._CapitalStructureDetails_20-Sep-2026 (21).xlsx",Capital Structure Details,As Reported
2024FY,2024-12-31,2025-04-30,22,Unsecured Loans for Working Capital,Term Loans,2848000,NA,NA,Dec-29-2023,Senior,No,NA,No,No,No,MXN,"filings/capitaliq/Financials/Templated/Capital Structure Details/2024FY filed Apr 30, 2025/SPGlobal_GrupoBimbo,S.A.B.deC.V._CapitalStructureDetails_20-Sep-2026 (21).xlsx",Capital Structure Details,As Reported
2025FQ1,2025-03-31,2025-04-29,1,"Banco Citi Mexico, SA Line of Credit USD",Revolving Credit,2031820,NA,SOFR + 95.00 bp,Apr-04-2027,Senior,No,NA,No,No,No,USD,"filings/capitaliq/Financials/Templated/Capital Structure Details/2025FQ1 filed Apr 29, 2025/SPGlobal_GrupoBimbo,S.A.B.deC.V._CapitalStructureDetails_19-Sep-2026 (39).xlsx",Capital Structure Details,As Reported
2025FQ1,2025-03-31,2025-04-29,2,Bank of America Loan USD,Term Loans,2539775,NA,SOFR + 120.00 bp,Aug-11-2026 - Aug-11-2028,Senior,No,NA,No,No,No,USD,"filings/capitaliq/Financials/Templated/Capital Structure Details/2025FQ1 filed Apr 29, 2025/SPGlobal_GrupoBimbo,S.A.B.deC.V._CapitalStructureDetails_19-Sep-2026 (39).xlsx",Capital Structure Details,As Reported
2025FQ1,2025-03-31,2025-04-29,3,BIMBO 16 Stock Certificates - Bond,Senior Debt,7706339,7.5600%,NA,Sep-02-2026,Senior,No,NA,No,No,No,MXN,"filings/capitaliq/Financials/Templated/Capital Structure Details/2025FQ1 filed Apr 29, 2025/SPGlobal_GrupoBimbo,S.A.B.deC.V._CapitalStructureDetails_19-Sep-2026 (39).xlsx",Capital Structure Details,As Reported
2025FQ1,2025-03-31,2025-04-29,4,BIMBO 17 Stock Certificates - Bond,Senior Debt,9633102,8.1800%,NA,Sep-24-2027,Senior,No,NA,No,No,No,MXN,"filings/capitaliq/Financials/Templated/Capital Structure Details/2025FQ1 filed Apr 29, 2025/SPGlobal_GrupoBimbo,S.A.B.deC.V._CapitalStructureDetails_19-Sep-2026 (39).xlsx",Capital Structure Details,As Reported
2025FQ1,2025-03-31,2025-04-29,5,BIMBO 23-2L Stock Certificates - Bond,Senior Debt,3000000,NA,TIIE - 28 Days + 10.00 bp,Jul-24-2026,Senior,No,NA,No,No,No,MXN,"filings/capitaliq/Financials/Templated/Capital Structure Details/2025FQ1 filed Apr 29, 2025/SPGlobal_GrupoBimbo,S.A.B.deC.V._CapitalStructureDetails_19-Sep-2026 (39).xlsx",Capital Structure Details,As Reported
2025FQ1,2025-03-31,2025-04-29,6,BIMBO 23L Stock Certificates - Bond,Senior Debt,12000000,9.2400%,NA,May-20-2033,Senior,No,NA,No,No,No,MXN,"filings/capitaliq/Financials/Templated/Capital Structure Details/2025FQ1 filed Apr 29, 2025/SPGlobal_GrupoBimbo,S.A.B.deC.V._CapitalStructureDetails_19-Sep-2026 (39).xlsx",Capital Structure Details,As Reported
2025FQ1,2025-03-31,2025-04-29,7,BIMBO 25 Stock Certificates - Bond,Senior Debt,12762000,10.0600%,NA,Feb-06-2032,Senior,No,NA,No,No,No,MXN,"filings/capitaliq/Financials/Templated/Capital Structure Details/2025FQ1 filed Apr 29, 2025/SPGlobal_GrupoBimbo,S.A.B.deC.V._CapitalStructureDetails_19-Sep-2026 (39).xlsx",Capital Structure Details,As Reported
2025FQ1,2025-03-31,2025-04-29,8,BIMBO 25-2 Stock Certificates - Bond,Senior Debt,2238000,NA,TIIE + 34.00 bp,Feb-11-2028,Senior,No,NA,No,No,No,MXN,"filings/capitaliq/Financials/Templated/Capital Structure Details/2025FQ1 filed Apr 29, 2025/SPGlobal_GrupoBimbo,S.A.B.deC.V._CapitalStructureDetails_19-Sep-2026 (39).xlsx",Capital Structure Details,As Reported
2025FQ1,2025-03-31,2025-04-29,9,BNP Paribas Line of Credit USD,Revolving Credit,3047730,NA,SOFR + 110.00 bp,Sep-26-2029,Senior,No,NA,No,No,No,USD,"filings/capitaliq/Financials/Templated/Capital Structure Details/2025FQ1 filed Apr 29, 2025/SPGlobal_GrupoBimbo,S.A.B.deC.V._CapitalStructureDetails_19-Sep-2026 (39).xlsx",Capital Structure Details,As Reported
2025FQ1,2025-03-31,2025-04-29,10,HSBC México Loan USD,Term Loans,2539775,NA,SOFR + 120.00 bp,Sep-15-2027 - Mar-15-2029,Senior,No,NA,No,No,No,USD,"filings/capitaliq/Financials/Templated/Capital Structure Details/2025FQ1 filed Apr 29, 2025/SPGlobal_GrupoBimbo,S.A.B.deC.V._CapitalStructureDetails_19-Sep-2026 (39).xlsx",Capital Structure Details,As Reported
2025FQ1,2025-03-31,2025-04-29,11,International Bonds,Senior Debt,16254560,5.3750%,NA,Jan-09-2036,Senior,Yes,Tangible Asset,No,No,No,USD,"filings/capitaliq/Financials/Templated/Capital Structure Details/2025FQ1 filed Apr 29, 2025/SPGlobal_GrupoBimbo,S.A.B.deC.V._CapitalStructureDetails_19-Sep-2026 (39).xlsx",Capital Structure Details,As Reported
2025FQ1,2025-03-31,2025-04-29,12,International Bonds,Senior Debt,11175010,6.4000%,NA,Jan-15-2034,Senior,Yes,Tangible Asset,No,No,No,USD,"filings/capitaliq/Financials/Templated/Capital Structure Details/2025FQ1 filed Apr 29, 2025/SPGlobal_GrupoBimbo,S.A.B.deC.V._CapitalStructureDetails_19-Sep-2026 (39).xlsx",Capital Structure Details,As Reported
2025FQ1,2025-03-31,2025-04-29,13,International Bonds,Senior Debt,18286380,6.0500%,NA,Jan-15-2029,Senior,Yes,Tangible Asset,No,No,No,USD,"filings/capitaliq/Financials/Templated/Capital Structure Details/2025FQ1 filed Apr 29, 2025/SPGlobal_GrupoBimbo,S.A.B.deC.V._CapitalStructureDetails_19-Sep-2026 (39).xlsx",Capital Structure Details,As Reported
2025FQ1,2025-03-31,2025-04-29,14,International Bonds,Senior Debt,11891572,4.0000%,NA,May-17-2051,Senior,Yes,Tangible Asset,No,No,No,USD,"filings/capitaliq/Financials/Templated/Capital Structure Details/2025FQ1 filed Apr 29, 2025/SPGlobal_GrupoBimbo,S.A.B.deC.V._CapitalStructureDetails_19-Sep-2026 (39).xlsx",Capital Structure Details,As Reported
2025FQ1,2025-03-31,2025-04-29,15,International Bonds,Senior Debt,11378497,4.0000%,NA,Sep-06-2049,Senior,Yes,Tangible Asset,No,No,No,USD,"filings/capitaliq/Financials/Templated/Capital Structure Details/2025FQ1 filed Apr 29, 2025/SPGlobal_GrupoBimbo,S.A.B.deC.V._CapitalStructureDetails_19-Sep-2026 (39).xlsx",Capital Structure Details,As Reported
2025FQ1,2025-03-31,2025-04-29,16,International Bonds,Senior Debt,13206830,4.7000%,NA,Nov-10-2047,Senior,Yes,Tangible Asset,No,No,No,USD,"filings/capitaliq/Financials/Templated/Capital Structure Details/2025FQ1 filed Apr 29, 2025/SPGlobal_GrupoBimbo,S.A.B.deC.V._CapitalStructureDetails_19-Sep-2026 (39).xlsx",Capital Structure Details,As Reported
2025FQ1,2025-03-31,2025-04-29,17,International Bonds,Senior Debt,10108305,4.8750%,NA,Jun-27-2044,Senior,Yes,Tangible Asset,No,No,No,USD,"filings/capitaliq/Financials/Templated/Capital Structure Details/2025FQ1 filed Apr 29, 2025/SPGlobal_GrupoBimbo,S.A.B.deC.V._CapitalStructureDetails_19-Sep-2026 (39).xlsx",Capital Structure Details,As Reported
2025FQ1,2025-03-31,2025-04-29,18,JP Morgan Chase Bank Loan USD,Term Loans,2539775,NA,SOFR + 125.00 bp,Jun-17-2025 - Jun-17-2029,Senior,No,NA,No,No,No,USD,"filings/capitaliq/Financials/Templated/Capital Structure Details/2025FQ1 filed Apr 29, 2025/SPGlobal_GrupoBimbo,S.A.B.deC.V._CapitalStructureDetails_19-Sep-2026 (39).xlsx",Capital Structure Details,As Reported
2025FQ1,2025-03-31,2025-04-29,19,Lease Liabilities,Capital Lease,36473352,NA,NA,NA,Senior,Yes,Tangible Asset,No,No,No,MXN,"filings/capitaliq/Financials/Templated/Capital Structure Details/2025FQ1 filed Apr 29, 2025/SPGlobal_GrupoBimbo,S.A.B.deC.V._CapitalStructureDetails_19-Sep-2026 (39).xlsx",Capital Structure Details,As Reported
2025FQ1,2025-03-31,2025-04-29,20,Revolving Credit Line Tranche A,Revolving Credit,0,NA,Various Benchmarks,Jul-31-2030,Senior,No,NA,No,No,No,NA,"filings/capitaliq/Financials/Templated/Capital Structure Details/2025FQ1 filed Apr 29, 2025/SPGlobal_GrupoBimbo,S.A.B.deC.V._CapitalStructureDetails_19-Sep-2026 (39).xlsx",Capital Structure Details,As Reported
2025FQ1,2025-03-31,2025-04-29,21,Revolving Credit Line Tranche B,Revolving Credit,0,NA,Various Benchmarks,Mar-15-2028,Senior,No,NA,No,No,No,NA,"filings/capitaliq/Financials/Templated/Capital Structure Details/2025FQ1 filed Apr 29, 2025/SPGlobal_GrupoBimbo,S.A.B.deC.V._CapitalStructureDetails_19-Sep-2026 (39).xlsx",Capital Structure Details,As Reported
2025FQ1,2025-03-31,2025-04-29,22,Revolving Line of Credit,Revolving Credit,5000000,NA,TIIE - 28 Days + 85.00 bp,Apr-13-2028,Senior,No,NA,No,No,No,MXN,"filings/capitaliq/Financials/Templated/Capital Structure Details/2025FQ1 filed Apr 29, 2025/SPGlobal_GrupoBimbo,S.A.B.deC.V._CapitalStructureDetails_19-Sep-2026 (39).xlsx",Capital Structure Details,As Reported
2025FQ1,2025-03-31,2025-04-29,23,Short-Term Unsecured Loans,Term Loans,0,NA,NA,Mar-10-2025,Senior,No,NA,No,No,No,MXN,"filings/capitaliq/Financials/Templated/Capital Structure Details/2025FQ1 filed Apr 29, 2025/SPGlobal_GrupoBimbo,S.A.B.deC.V._CapitalStructureDetails_19-Sep-2026 (39).xlsx",Capital Structure Details,As Reported
2025FQ1,2025-03-31,2025-04-29,24,Subsidiaries - Direct Loans,Term Loans,4731422,NA,NA,2026 - 2034,Senior,No,NA,No,No,No,MXN,"filings/capitaliq/Financials/Templated/Capital Structure Details/2025FQ1 filed Apr 29, 2025/SPGlobal_GrupoBimbo,S.A.B.deC.V._CapitalStructureDetails_19-Sep-2026 (39).xlsx",Capital Structure Details,As Reported
2025FQ2,2025-06-30,2025-07-24,1,"Banco Citi Mexico, SA Line of Credit USD",Revolving Credit,1889280,NA,SOFR + 95.00 bp,Apr-04-2027,Senior,No,NA,No,No,No,USD,"filings/capitaliq/Financials/Templated/Capital Structure Details/2025FQ2 filed Jul 24, 2025/SPGlobal_GrupoBimbo,S.A.B.deC.V._CapitalStructureDetails_19-Sep-2026 (40).xlsx",Capital Structure Details,As Reported
2025FQ2,2025-06-30,2025-07-24,2,BIMBO 16 Stock Certificates - Bond,Senior Debt,7706339,7.5600%,NA,Sep-02-2026,Senior,No,NA,No,No,No,MXN,"filings/capitaliq/Financials/Templated/Capital Structure Details/2025FQ2 filed Jul 24, 2025/SPGlobal_GrupoBimbo,S.A.B.deC.V._CapitalStructureDetails_19-Sep-2026 (40).xlsx",Capital Structure Details,As Reported
2025FQ2,2025-06-30,2025-07-24,3,BIMBO 17 Stock Certificates - Bond,Senior Debt,9633102,8.1800%,NA,Sep-24-2027,Senior,No,NA,No,No,No,MXN,"filings/capitaliq/Financials/Templated/Capital Structure Details/2025FQ2 filed Jul 24, 2025/SPGlobal_GrupoBimbo,S.A.B.deC.V._CapitalStructureDetails_19-Sep-2026 (40).xlsx",Capital Structure Details,As Reported
2025FQ2,2025-06-30,2025-07-24,4,BIMBO 23-2L Stock Certificates - Bond,Senior Debt,3000000,NA,TIIE - 28 Days + 10.00 bp,Jul-24-2026,Senior,No,NA,No,No,No,MXN,"filings/capitaliq/Financials/Templated/Capital Structure Details/2025FQ2 filed Jul 24, 2025/SPGlobal_GrupoBimbo,S.A.B.deC.V._CapitalStructureDetails_19-Sep-2026 (40).xlsx",Capital Structure Details,As Reported
2025FQ2,2025-06-30,2025-07-24,5,BIMBO 23L Stock Certificates - Bond,Senior Debt,12000000,9.2400%,NA,May-20-2033,Senior,No,NA,No,No,No,MXN,"filings/capitaliq/Financials/Templated/Capital Structure Details/2025FQ2 filed Jul 24, 2025/SPGlobal_GrupoBimbo,S.A.B.deC.V._CapitalStructureDetails_19-Sep-2026 (40).xlsx",Capital Structure Details,As Reported
2025FQ2,2025-06-30,2025-07-24,6,BIMBO 25 Stock Certificates - Bond,Senior Debt,12762000,10.0600%,NA,Feb-06-2032,Senior,No,NA,No,No,No,MXN,"filings/capitaliq/Financials/Templated/Capital Structure Details/2025FQ2 filed Jul 24, 2025/SPGlobal_GrupoBimbo,S.A.B.deC.V._CapitalStructureDetails_19-Sep-2026 (40).xlsx",Capital Structure Details,As Reported
2025FQ2,2025-06-30,2025-07-24,7,BIMBO 25-2 Stock Certificates - Bond,Senior Debt,2238000,NA,TIIE + 34.00 bp,Feb-11-2028,Senior,No,NA,No,No,No,MXN,"filings/capitaliq/Financials/Templated/Capital Structure Details/2025FQ2 filed Jul 24, 2025/SPGlobal_GrupoBimbo,S.A.B.deC.V._CapitalStructureDetails_19-Sep-2026 (40).xlsx",Capital Structure Details,As Reported
2025FQ2,2025-06-30,2025-07-24,8,BNP Paribas Line of Credit USD,Revolving Credit,2833920,NA,SOFR + 110.00 bp,Sep-26-2029,Senior,No,NA,No,No,No,USD,"filings/capitaliq/Financials/Templated/Capital Structure Details/2025FQ2 filed Jul 24, 2025/SPGlobal_GrupoBimbo,S.A.B.deC.V._CapitalStructureDetails_19-Sep-2026 (40).xlsx",Capital Structure Details,As Reported
2025FQ2,2025-06-30,2025-07-24,9,Cooperative Rabobank Line of Credit EUR,Revolving Credit,3319935,NA,EURIBOR + 95.00 bp,May-22-2028,Senior,No,NA,No,No,No,EUR,"filings/capitaliq/Financials/Templated/Capital Structure Details/2025FQ2 filed Jul 24, 2025/SPGlobal_GrupoBimbo,S.A.B.deC.V._CapitalStructureDetails_19-Sep-2026 (40).xlsx",Capital Structure Details,As Reported
2025FQ2,2025-06-30,2025-07-24,10,Credit Facility with Chase Bank,Revolving Credit,2099226,NA,SOFR + 125.00 bp,Jun-17-2029,Senior,No,NA,No,No,No,USD,"filings/capitaliq/Financials/Templated/Capital Structure Details/2025FQ2 filed Jul 24, 2025/SPGlobal_GrupoBimbo,S.A.B.deC.V._CapitalStructureDetails_19-Sep-2026 (40).xlsx",Capital Structure Details,As Reported
2025FQ2,2025-06-30,2025-07-24,11,Credit Line with HSBC México,Revolving Credit,2361600,NA,SOFR + 120.00 bp,Sep-15-2027 - Mar-15-2029,Senior,No,NA,No,No,No,USD,"filings/capitaliq/Financials/Templated/Capital Structure Details/2025FQ2 filed Jul 24, 2025/SPGlobal_GrupoBimbo,S.A.B.deC.V._CapitalStructureDetails_19-Sep-2026 (40).xlsx",Capital Structure Details,As Reported
2025FQ2,2025-06-30,2025-07-24,12,International Bonds,Senior Debt,15114240,5.3750%,NA,Jan-09-2036,Senior,Yes,Tangible Asset,No,No,No,USD,"filings/capitaliq/Financials/Templated/Capital Structure Details/2025FQ2 filed Jul 24, 2025/SPGlobal_GrupoBimbo,S.A.B.deC.V._CapitalStructureDetails_19-Sep-2026 (40).xlsx",Capital Structure Details,As Reported
2025FQ2,2025-06-30,2025-07-24,13,International Bonds,Senior Debt,10391040,6.4000%,NA,Jan-15-2034,Senior,Yes,Tangible Asset,No,No,No,USD,"filings/capitaliq/Financials/Templated/Capital Structure Details/2025FQ2 filed Jul 24, 2025/SPGlobal_GrupoBimbo,S.A.B.deC.V._CapitalStructureDetails_19-Sep-2026 (40).xlsx",Capital Structure Details,As Reported
2025FQ2,2025-06-30,2025-07-24,14,International Bonds,Senior Debt,17003520,6.0500%,NA,Jan-15-2029,Senior,Yes,Tangible Asset,No,No,No,USD,"filings/capitaliq/Financials/Templated/Capital Structure Details/2025FQ2 filed Jul 24, 2025/SPGlobal_GrupoBimbo,S.A.B.deC.V._CapitalStructureDetails_19-Sep-2026 (40).xlsx",Capital Structure Details,As Reported
2025FQ2,2025-06-30,2025-07-24,15,International Bonds,Senior Debt,11057332,4.0000%,NA,May-17-2051,Senior,Yes,Tangible Asset,No,No,No,USD,"filings/capitaliq/Financials/Templated/Capital Structure Details/2025FQ2 filed Jul 24, 2025/SPGlobal_GrupoBimbo,S.A.B.deC.V._CapitalStructureDetails_19-Sep-2026 (40).xlsx",Capital Structure Details,As Reported
2025FQ2,2025-06-30,2025-07-24,16,International Bonds,Senior Debt,10580251,4.0000%,NA,Sep-06-2049,Senior,Yes,Tangible Asset,No,No,No,USD,"filings/capitaliq/Financials/Templated/Capital Structure Details/2025FQ2 filed Jul 24, 2025/SPGlobal_GrupoBimbo,S.A.B.deC.V._CapitalStructureDetails_19-Sep-2026 (40).xlsx",Capital Structure Details,As Reported
2025FQ2,2025-06-30,2025-07-24,17,International Bonds,Senior Debt,12280320,4.7000%,NA,Nov-10-2047,Senior,Yes,Tangible Asset,No,No,No,USD,"filings/capitaliq/Financials/Templated/Capital Structure Details/2025FQ2 filed Jul 24, 2025/SPGlobal_GrupoBimbo,S.A.B.deC.V._CapitalStructureDetails_19-Sep-2026 (40).xlsx",Capital Structure Details,As Reported
2025FQ2,2025-06-30,2025-07-24,18,International Bonds,Senior Debt,9399168,4.8750%,NA,Jun-27-2044,Senior,Yes,Tangible Asset,No,No,No,USD,"filings/capitaliq/Financials/Templated/Capital Structure Details/2025FQ2 filed Jul 24, 2025/SPGlobal_GrupoBimbo,S.A.B.deC.V._CapitalStructureDetails_19-Sep-2026 (40).xlsx",Capital Structure Details,As Reported
2025FQ2,2025-06-30,2025-07-24,19,Lease Liabilities,Capital Lease,35805949,NA,NA,NA,Senior,Yes,Tangible Asset,No,No,No,MXN,"filings/capitaliq/Financials/Templated/Capital Structure Details/2025FQ2 filed Jul 24, 2025/SPGlobal_GrupoBimbo,S.A.B.deC.V._CapitalStructureDetails_19-Sep-2026 (40).xlsx",Capital Structure Details,As Reported
2025FQ2,2025-06-30,2025-07-24,20,Revolving Credit Line Tranche A,Revolving Credit,0,NA,Various Benchmarks,Jul-31-2030,Senior,No,NA,No,No,No,NA,"filings/capitaliq/Financials/Templated/Capital Structure Details/2025FQ2 filed Jul 24, 2025/SPGlobal_GrupoBimbo,S.A.B.deC.V._CapitalStructureDetails_19-Sep-2026 (40).xlsx",Capital Structure Details,As Reported
2025FQ2,2025-06-30,2025-07-24,21,Revolving Credit Line Tranche B,Revolving Credit,0,NA,Various Benchmarks,Mar-15-2028,Senior,No,NA,No,No,No,NA,"filings/capitaliq/Financials/Templated/Capital Structure Details/2025FQ2 filed Jul 24, 2025/SPGlobal_GrupoBimbo,S.A.B.deC.V._CapitalStructureDetails_19-Sep-2026 (40).xlsx",Capital Structure Details,As Reported
2025FQ2,2025-06-30,2025-07-24,22,Revolving Line of Credit,Revolving Credit,5000000,NA,TIIE - 28 Days + 85.00 bp,Apr-13-2028,Senior,No,NA,No,No,No,MXN,"filings/capitaliq/Financials/Templated/Capital Structure Details/2025FQ2 filed Jul 24, 2025/SPGlobal_GrupoBimbo,S.A.B.deC.V._CapitalStructureDetails_19-Sep-2026 (40).xlsx",Capital Structure Details,As Reported
2025FQ2,2025-06-30,2025-07-24,23,Short-Term Unsecured Loans,Term Loans,482000,NA,NA,Sep-19-2025,Senior,No,NA,No,No,No,MXN,"filings/capitaliq/Financials/Templated/Capital Structure Details/2025FQ2 filed Jul 24, 2025/SPGlobal_GrupoBimbo,S.A.B.deC.V._CapitalStructureDetails_19-Sep-2026 (40).xlsx",Capital Structure Details,As Reported
2025FQ2,2025-06-30,2025-07-24,24,Subsidiaries - Direct Loans,Term Loans,4234286,NA,NA,2026 - 2034,Senior,No,NA,No,No,No,MXN,"filings/capitaliq/Financials/Templated/Capital Structure Details/2025FQ2 filed Jul 24, 2025/SPGlobal_GrupoBimbo,S.A.B.deC.V._CapitalStructureDetails_19-Sep-2026 (40).xlsx",Capital Structure Details,As Reported
2025FQ2,2025-06-30,2025-07-24,25,Sustainability-Linked Amortizing Credit Facility with Bank of America NA,Revolving Credit,2361600,NA,SOFR + 120.00 bp,Aug-11-2026 - Aug-11-2028,Senior,No,NA,No,No,No,USD,"filings/capitaliq/Financials/Templated/Capital Structure Details/2025FQ2 filed Jul 24, 2025/SPGlobal_GrupoBimbo,S.A.B.deC.V._CapitalStructureDetails_19-Sep-2026 (40).xlsx",Capital Structure Details,As Reported
2025FQ3,2025-09-30,2025-10-28,1,"Banco Citi Mexico, SA Line of Credit USD",Revolving Credit,1838250,NA,SOFR + 95.00 bp,Apr-04-2027,Senior,No,NA,No,No,No,USD,"filings/capitaliq/Financials/Templated/Capital Structure Details/2025FQ3 filed Oct 28, 2025/SPGlobal_GrupoBimbo,S.A.B.deC.V._CapitalStructureDetails_19-Sep-2026 (41).xlsx",Capital Structure Details,As Reported
2025FQ3,2025-09-30,2025-10-28,2,Bank of America Loan USD,Term Loans,2297812,NA,SOFR + 120.00 bp,Aug-11-2026 - Aug-11-2028,Senior,No,NA,No,No,No,USD,"filings/capitaliq/Financials/Templated/Capital Structure Details/2025FQ3 filed Oct 28, 2025/SPGlobal_GrupoBimbo,S.A.B.deC.V._CapitalStructureDetails_19-Sep-2026 (41).xlsx",Capital Structure Details,As Reported
2025FQ3,2025-09-30,2025-10-28,3,BIMBO 16 Stock Certificates - Bond,Senior Debt,7706339,7.5600%,NA,Sep-02-2026,Senior,No,NA,No,No,No,MXN,"filings/capitaliq/Financials/Templated/Capital Structure Details/2025FQ3 filed Oct 28, 2025/SPGlobal_GrupoBimbo,S.A.B.deC.V._CapitalStructureDetails_19-Sep-2026 (41).xlsx",Capital Structure Details,As Reported
2025FQ3,2025-09-30,2025-10-28,4,BIMBO 17 Stock Certificates - Bond,Senior Debt,9633102,8.1800%,NA,Sep-24-2027,Senior,No,NA,No,No,No,MXN,"filings/capitaliq/Financials/Templated/Capital Structure Details/2025FQ3 filed Oct 28, 2025/SPGlobal_GrupoBimbo,S.A.B.deC.V._CapitalStructureDetails_19-Sep-2026 (41).xlsx",Capital Structure Details,As Reported
2025FQ3,2025-09-30,2025-10-28,5,BIMBO 23-2L Stock Certificates - Bond,Senior Debt,3000000,NA,TIIE - 28 Days + 10.00 bp,Jul-24-2026,Senior,No,NA,No,No,No,MXN,"filings/capitaliq/Financials/Templated/Capital Structure Details/2025FQ3 filed Oct 28, 2025/SPGlobal_GrupoBimbo,S.A.B.deC.V._CapitalStructureDetails_19-Sep-2026 (41).xlsx",Capital Structure Details,As Reported
2025FQ3,2025-09-30,2025-10-28,6,BIMBO 23L Stock Certificates - Bond,Senior Debt,12000000,9.2400%,NA,May-20-2033,Senior,No,NA,No,No,No,MXN,"filings/capitaliq/Financials/Templated/Capital Structure Details/2025FQ3 filed Oct 28, 2025/SPGlobal_GrupoBimbo,S.A.B.deC.V._CapitalStructureDetails_19-Sep-2026 (41).xlsx",Capital Structure Details,As Reported
2025FQ3,2025-09-30,2025-10-28,7,BIMBO 25 Stock Certificates - Bond,Senior Debt,12762000,10.0600%,NA,Feb-06-2032,Senior,No,NA,No,No,No,MXN,"filings/capitaliq/Financials/Templated/Capital Structure Details/2025FQ3 filed Oct 28, 2025/SPGlobal_GrupoBimbo,S.A.B.deC.V._CapitalStructureDetails_19-Sep-2026 (41).xlsx",Capital Structure Details,As Reported
2025FQ3,2025-09-30,2025-10-28,8,BIMBO 25-2 Stock Certificates - Bond,Senior Debt,2238000,NA,TIIE + 34.00 bp,Feb-11-2028,Senior,No,NA,No,No,No,MXN,"filings/capitaliq/Financials/Templated/Capital Structure Details/2025FQ3 filed Oct 28, 2025/SPGlobal_GrupoBimbo,S.A.B.deC.V._CapitalStructureDetails_19-Sep-2026 (41).xlsx",Capital Structure Details,As Reported
2025FQ3,2025-09-30,2025-10-28,9,BNP Paribas Line of Credit USD,Revolving Credit,2757375,NA,SOFR + 110.00 bp,Sep-26-2029,Senior,No,NA,No,No,No,USD,"filings/capitaliq/Financials/Templated/Capital Structure Details/2025FQ3 filed Oct 28, 2025/SPGlobal_GrupoBimbo,S.A.B.deC.V._CapitalStructureDetails_19-Sep-2026 (41).xlsx",Capital Structure Details,As Reported
2025FQ3,2025-09-30,2025-10-28,10,Cooperative Rabobank Line of Credit EUR,Revolving Credit,3215925,NA,EURIBOR + 95.00 bp,May-22-2028,Senior,No,NA,No,No,No,EUR,"filings/capitaliq/Financials/Templated/Capital Structure Details/2025FQ3 filed Oct 28, 2025/SPGlobal_GrupoBimbo,S.A.B.deC.V._CapitalStructureDetails_19-Sep-2026 (41).xlsx",Capital Structure Details,As Reported
2025FQ3,2025-09-30,2025-10-28,11,Credit Facility with Chase Bank,Revolving Credit,2042526,NA,SOFR + 125.00 bp,Jun-17-2029,Senior,No,NA,No,No,No,USD,"filings/capitaliq/Financials/Templated/Capital Structure Details/2025FQ3 filed Oct 28, 2025/SPGlobal_GrupoBimbo,S.A.B.deC.V._CapitalStructureDetails_19-Sep-2026 (41).xlsx",Capital Structure Details,As Reported
2025FQ3,2025-09-30,2025-10-28,12,HSBC México Loan USD,Term Loans,2297812,NA,SOFR + 120.00 bp,Sep-15-2027 - Mar-15-2029,Senior,No,NA,No,No,No,USD,"filings/capitaliq/Financials/Templated/Capital Structure Details/2025FQ3 filed Oct 28, 2025/SPGlobal_GrupoBimbo,S.A.B.deC.V._CapitalStructureDetails_19-Sep-2026 (41).xlsx",Capital Structure Details,As Reported
2025FQ3,2025-09-30,2025-10-28,13,International Bonds,Senior Debt,14706000,5.3750%,NA,Jan-09-2036,Senior,Yes,Tangible Asset,No,No,No,USD,"filings/capitaliq/Financials/Templated/Capital Structure Details/2025FQ3 filed Oct 28, 2025/SPGlobal_GrupoBimbo,S.A.B.deC.V._CapitalStructureDetails_19-Sep-2026 (41).xlsx",Capital Structure Details,As Reported
2025FQ3,2025-09-30,2025-10-28,14,International Bonds,Senior Debt,10110375,6.4000%,NA,Jan-15-2034,Senior,Yes,Tangible Asset,No,No,No,USD,"filings/capitaliq/Financials/Templated/Capital Structure Details/2025FQ3 filed Oct 28, 2025/SPGlobal_GrupoBimbo,S.A.B.deC.V._CapitalStructureDetails_19-Sep-2026 (41).xlsx",Capital Structure Details,As Reported
2025FQ3,2025-09-30,2025-10-28,15,International Bonds,Senior Debt,16544250,6.0500%,NA,Jan-15-2029,Senior,Yes,Tangible Asset,No,No,No,USD,"filings/capitaliq/Financials/Templated/Capital Structure Details/2025FQ3 filed Oct 28, 2025/SPGlobal_GrupoBimbo,S.A.B.deC.V._CapitalStructureDetails_19-Sep-2026 (41).xlsx",Capital Structure Details,As Reported
2025FQ3,2025-09-30,2025-10-28,16,International Bonds,Senior Debt,10758670,4.0000%,NA,May-17-2051,Senior,Yes,Tangible Asset,No,No,No,USD,"filings/capitaliq/Financials/Templated/Capital Structure Details/2025FQ3 filed Oct 28, 2025/SPGlobal_GrupoBimbo,S.A.B.deC.V._CapitalStructureDetails_19-Sep-2026 (41).xlsx",Capital Structure Details,As Reported
2025FQ3,2025-09-30,2025-10-28,17,International Bonds,Senior Debt,10294476,4.0000%,NA,Sep-06-2049,Senior,Yes,Tangible Asset,No,No,No,USD,"filings/capitaliq/Financials/Templated/Capital Structure Details/2025FQ3 filed Oct 28, 2025/SPGlobal_GrupoBimbo,S.A.B.deC.V._CapitalStructureDetails_19-Sep-2026 (41).xlsx",Capital Structure Details,As Reported
2025FQ3,2025-09-30,2025-10-28,18,International Bonds,Senior Debt,11948625,4.7000%,NA,Nov-10-2047,Senior,Yes,Tangible Asset,No,No,No,USD,"filings/capitaliq/Financials/Templated/Capital Structure Details/2025FQ3 filed Oct 28, 2025/SPGlobal_GrupoBimbo,S.A.B.deC.V._CapitalStructureDetails_19-Sep-2026 (41).xlsx",Capital Structure Details,As Reported
2025FQ3,2025-09-30,2025-10-28,19,International Bonds,Senior Debt,9145294,4.8750%,NA,Jun-27-2044,Senior,Yes,Tangible Asset,No,No,No,USD,"filings/capitaliq/Financials/Templated/Capital Structure Details/2025FQ3 filed Oct 28, 2025/SPGlobal_GrupoBimbo,S.A.B.deC.V._CapitalStructureDetails_19-Sep-2026 (41).xlsx",Capital Structure Details,As Reported
2025FQ3,2025-09-30,2025-10-28,20,Lease Liabilities,Capital Lease,36401875,NA,NA,NA,Senior,Yes,Tangible Asset,No,No,No,MXN,"filings/capitaliq/Financials/Templated/Capital Structure Details/2025FQ3 filed Oct 28, 2025/SPGlobal_GrupoBimbo,S.A.B.deC.V._CapitalStructureDetails_19-Sep-2026 (41).xlsx",Capital Structure Details,As Reported
2025FQ3,2025-09-30,2025-10-28,21,Revolving Line of Credit,Revolving Credit,5000000,NA,TIIE - 28 Days + 85.00 bp,Apr-13-2028,Senior,No,NA,No,No,No,MXN,"filings/capitaliq/Financials/Templated/Capital Structure Details/2025FQ3 filed Oct 28, 2025/SPGlobal_GrupoBimbo,S.A.B.deC.V._CapitalStructureDetails_19-Sep-2026 (41).xlsx",Capital Structure Details,As Reported
2025FQ3,2025-09-30,2025-10-28,22,Subsidiaries - Direct Loans,Term Loans,3578428,NA,NA,2026 - 2034,Senior,No,NA,No,No,No,MXN,"filings/capitaliq/Financials/Templated/Capital Structure Details/2025FQ3 filed Oct 28, 2025/SPGlobal_GrupoBimbo,S.A.B.deC.V._CapitalStructureDetails_19-Sep-2026 (41).xlsx",Capital Structure Details,As Reported
2025FQ3,2025-09-30,2025-10-28,23,"Syndicated, Multi-Currency Revolving Credit Facility - Tranches a",Revolving Credit,3676500,NA,Various Benchmarks,Mar-15-2028 - Jul-31-2030,Senior,No,NA,No,No,No,NA,"filings/capitaliq/Financials/Templated/Capital Structure Details/2025FQ3 filed Oct 28, 2025/SPGlobal_GrupoBimbo,S.A.B.deC.V._CapitalStructureDetails_19-Sep-2026 (41).xlsx",Capital Structure Details,As Reported
2025FY,2025-12-31,2026-05-01,1,"Banco Citi Mexico, SA Line of Credit USD",Revolving Credit,1797000,NA,SOFR + 95.00 bp,Apr-04-2027,Senior,No,NA,No,No,No,USD,"filings/capitaliq/Financials/Templated/Capital Structure Details/2025FY filed May 01, 2026/SPGlobal_GrupoBimbo,S.A.B.deC.V._CapitalStructureDetails_20-Sep-2026 (22).xlsx",Capital Structure Details,As Reported
2025FY,2025-12-31,2026-05-01,2,Bank of America Line of Credit CAD,Revolving Credit,1104000,NA,CORRA + 110.00 bp,Dec-02-2030,Senior,No,NA,No,No,No,CAD,"filings/capitaliq/Financials/Templated/Capital Structure Details/2025FY filed May 01, 2026/SPGlobal_GrupoBimbo,S.A.B.deC.V._CapitalStructureDetails_20-Sep-2026 (22).xlsx",Capital Structure Details,As Reported
2025FY,2025-12-31,2026-05-01,3,Bank of America Line of Credit USD,Revolving Credit,1797000,NA,SOFR + 110.00 bp,Dec-02-2030,Senior,No,NA,No,No,No,USD,"filings/capitaliq/Financials/Templated/Capital Structure Details/2025FY filed May 01, 2026/SPGlobal_GrupoBimbo,S.A.B.deC.V._CapitalStructureDetails_20-Sep-2026 (22).xlsx",Capital Structure Details,As Reported
2025FY,2025-12-31,2026-05-01,4,BIMBO 16 Stock Certificates - Bond,Senior Debt,7706000,7.5600%,NA,Sep-02-2026,Senior,No,NA,No,No,No,MXN,"filings/capitaliq/Financials/Templated/Capital Structure Details/2025FY filed May 01, 2026/SPGlobal_GrupoBimbo,S.A.B.deC.V._CapitalStructureDetails_20-Sep-2026 (22).xlsx",Capital Structure Details,As Reported
2025FY,2025-12-31,2026-05-01,5,BIMBO 17 Stock Certificates - Bond,Senior Debt,9633000,8.1800%,NA,Sep-24-2027,Senior,No,NA,No,No,No,MXN,"filings/capitaliq/Financials/Templated/Capital Structure Details/2025FY filed May 01, 2026/SPGlobal_GrupoBimbo,S.A.B.deC.V._CapitalStructureDetails_20-Sep-2026 (22).xlsx",Capital Structure Details,As Reported
2025FY,2025-12-31,2026-05-01,6,BIMBO 23-2L Stock Certificates - Bond,Senior Debt,3000000,NA,TIIE - 28 Days + 10.00 bp,Jul-24-2026,Senior,No,NA,No,No,No,MXN,"filings/capitaliq/Financials/Templated/Capital Structure Details/2025FY filed May 01, 2026/SPGlobal_GrupoBimbo,S.A.B.deC.V._CapitalStructureDetails_20-Sep-2026 (22).xlsx",Capital Structure Details,As Reported
2025FY,2025-12-31,2026-05-01,7,BIMBO 23L Stock Certificates - Bond,Senior Debt,12000000,9.2400%,NA,May-20-2033,Senior,No,NA,No,No,No,MXN,"filings/capitaliq/Financials/Templated/Capital Structure Details/2025FY filed May 01, 2026/SPGlobal_GrupoBimbo,S.A.B.deC.V._CapitalStructureDetails_20-Sep-2026 (22).xlsx",Capital Structure Details,As Reported
2025FY,2025-12-31,2026-05-01,8,BIMBO 25 Stock Certificates - Bond,Senior Debt,12762000,10.0600%,NA,Feb-06-2032,Senior,No,NA,No,No,No,MXN,"filings/capitaliq/Financials/Templated/Capital Structure Details/2025FY filed May 01, 2026/SPGlobal_GrupoBimbo,S.A.B.deC.V._CapitalStructureDetails_20-Sep-2026 (22).xlsx",Capital Structure Details,As Reported
2025FY,2025-12-31,2026-05-01,9,BIMBO 25-2 Stock Certificates - Bond,Senior Debt,2238000,NA,TIIE + 34.00 bp,Feb-11-2028,Senior,No,NA,No,No,No,MXN,"filings/capitaliq/Financials/Templated/Capital Structure Details/2025FY filed May 01, 2026/SPGlobal_GrupoBimbo,S.A.B.deC.V._CapitalStructureDetails_20-Sep-2026 (22).xlsx",Capital Structure Details,As Reported
2025FY,2025-12-31,2026-05-01,10,BNP Paribas Line of Credit USD,Revolving Credit,2695000,NA,SOFR + 110.00 bp,Sep-26-2029,Senior,No,NA,No,No,No,USD,"filings/capitaliq/Financials/Templated/Capital Structure Details/2025FY filed May 01, 2026/SPGlobal_GrupoBimbo,S.A.B.deC.V._CapitalStructureDetails_20-Sep-2026 (22).xlsx",Capital Structure Details,As Reported
2025FY,2025-12-31,2026-05-01,11,"Caixabank, SA Line of Credit EUR",Revolving Credit,1586000,NA,EURIBOR + 90.00 bp,Dec-15-2028,Senior,No,NA,No,No,No,EUR,"filings/capitaliq/Financials/Templated/Capital Structure Details/2025FY filed May 01, 2026/SPGlobal_GrupoBimbo,S.A.B.deC.V._CapitalStructureDetails_20-Sep-2026 (22).xlsx",Capital Structure Details,As Reported
2025FY,2025-12-31,2026-05-01,12,Cooperative Rabobank Line of Credit EUR,Revolving Credit,3171000,NA,EURIBOR + 95.00 bp,May-22-2028,Senior,No,NA,No,No,No,EUR,"filings/capitaliq/Financials/Templated/Capital Structure Details/2025FY filed May 01, 2026/SPGlobal_GrupoBimbo,S.A.B.deC.V._CapitalStructureDetails_20-Sep-2026 (22).xlsx",Capital Structure Details,As Reported
2025FY,2025-12-31,2026-05-01,13,Credit Facility with Chase Bank,Revolving Credit,749000,NA,SOFR + 125.00 bp,Jun-17-2029,Senior,No,NA,No,No,No,USD,"filings/capitaliq/Financials/Templated/Capital Structure Details/2025FY filed May 01, 2026/SPGlobal_GrupoBimbo,S.A.B.deC.V._CapitalStructureDetails_20-Sep-2026 (22).xlsx",Capital Structure Details,As Reported
2025FY,2025-12-31,2026-05-01,14,Credit Line with HSBC México,Revolving Credit,2246000,NA,SOFR + 120.00 bp,Sep-15-2027 - Mar-15-2029,Senior,No,NA,No,No,No,USD,"filings/capitaliq/Financials/Templated/Capital Structure Details/2025FY filed May 01, 2026/SPGlobal_GrupoBimbo,S.A.B.deC.V._CapitalStructureDetails_20-Sep-2026 (22).xlsx",Capital Structure Details,As Reported
2025FY,2025-12-31,2026-05-01,15,International Bonds,Senior Debt,0,3.8750%,NA,Jun-27-2024,Senior,No,NA,No,No,No,USD,"filings/capitaliq/Financials/Templated/Capital Structure Details/2025FY filed May 01, 2026/SPGlobal_GrupoBimbo,S.A.B.deC.V._CapitalStructureDetails_20-Sep-2026 (22).xlsx",Capital Structure Details,As Reported
2025FY,2025-12-31,2026-05-01,16,International Bonds,Senior Debt,14373000,5.3750%,NA,Jan-09-2036,Senior,Yes,Tangible Asset,No,No,No,USD,"filings/capitaliq/Financials/Templated/Capital Structure Details/2025FY filed May 01, 2026/SPGlobal_GrupoBimbo,S.A.B.deC.V._CapitalStructureDetails_20-Sep-2026 (22).xlsx",Capital Structure Details,As Reported
2025FY,2025-12-31,2026-05-01,17,International Bonds,Senior Debt,9882000,6.4000%,NA,Jan-15-2034,Senior,Yes,Tangible Asset,No,No,No,USD,"filings/capitaliq/Financials/Templated/Capital Structure Details/2025FY filed May 01, 2026/SPGlobal_GrupoBimbo,S.A.B.deC.V._CapitalStructureDetails_20-Sep-2026 (22).xlsx",Capital Structure Details,As Reported
2025FY,2025-12-31,2026-05-01,18,International Bonds,Senior Debt,16170000,6.0500%,NA,Jan-15-2029,Senior,Yes,Tangible Asset,No,No,No,USD,"filings/capitaliq/Financials/Templated/Capital Structure Details/2025FY filed May 01, 2026/SPGlobal_GrupoBimbo,S.A.B.deC.V._CapitalStructureDetails_20-Sep-2026 (22).xlsx",Capital Structure Details,As Reported
2025FY,2025-12-31,2026-05-01,19,International Bonds,Senior Debt,10515000,4.0000%,NA,May-17-2051,Senior,Yes,Tangible Asset,No,No,No,USD,"filings/capitaliq/Financials/Templated/Capital Structure Details/2025FY filed May 01, 2026/SPGlobal_GrupoBimbo,S.A.B.deC.V._CapitalStructureDetails_20-Sep-2026 (22).xlsx",Capital Structure Details,As Reported
2025FY,2025-12-31,2026-05-01,20,International Bonds,Senior Debt,10062000,4.0000%,NA,Sep-06-2049,Senior,Yes,Tangible Asset,No,No,No,USD,"filings/capitaliq/Financials/Templated/Capital Structure Details/2025FY filed May 01, 2026/SPGlobal_GrupoBimbo,S.A.B.deC.V._CapitalStructureDetails_20-Sep-2026 (22).xlsx",Capital Structure Details,As Reported
2025FY,2025-12-31,2026-05-01,21,International Bonds,Senior Debt,11678000,4.7000%,NA,Nov-10-2047,Senior,Yes,Tangible Asset,No,No,No,USD,"filings/capitaliq/Financials/Templated/Capital Structure Details/2025FY filed May 01, 2026/SPGlobal_GrupoBimbo,S.A.B.deC.V._CapitalStructureDetails_20-Sep-2026 (22).xlsx",Capital Structure Details,As Reported
2025FY,2025-12-31,2026-05-01,22,International Bonds,Senior Debt,8938000,4.8750%,NA,Jun-27-2044,Senior,Yes,Tangible Asset,No,No,No,USD,"filings/capitaliq/Financials/Templated/Capital Structure Details/2025FY filed May 01, 2026/SPGlobal_GrupoBimbo,S.A.B.deC.V._CapitalStructureDetails_20-Sep-2026 (22).xlsx",Capital Structure Details,As Reported
2025FY,2025-12-31,2026-05-01,23,Lease Liabilities,Capital Lease,34790000,NA,NA,NA,Senior,Yes,Tangible Asset,No,No,No,MXN,"filings/capitaliq/Financials/Templated/Capital Structure Details/2025FY filed May 01, 2026/SPGlobal_GrupoBimbo,S.A.B.deC.V._CapitalStructureDetails_20-Sep-2026 (22).xlsx",Capital Structure Details,As Reported
2025FY,2025-12-31,2026-05-01,24,Revolving Credit Line Tranche A,Revolving Credit,0,NA,Various Benchmarks,Jul-31-2030,Senior,No,NA,No,No,No,NA,"filings/capitaliq/Financials/Templated/Capital Structure Details/2025FY filed May 01, 2026/SPGlobal_GrupoBimbo,S.A.B.deC.V._CapitalStructureDetails_20-Sep-2026 (22).xlsx",Capital Structure Details,As Reported
2025FY,2025-12-31,2026-05-01,25,Revolving Credit Line Tranche B,Revolving Credit,0,NA,Various Benchmarks,Mar-15-2028,Senior,No,NA,No,No,No,NA,"filings/capitaliq/Financials/Templated/Capital Structure Details/2025FY filed May 01, 2026/SPGlobal_GrupoBimbo,S.A.B.deC.V._CapitalStructureDetails_20-Sep-2026 (22).xlsx",Capital Structure Details,As Reported
2025FY,2025-12-31,2026-05-01,26,Revolving Line of Credit,Revolving Credit,5000000,NA,TIIE - 28 Days + 85.00 bp,Apr-13-2028,Senior,No,NA,No,No,No,MXN,"filings/capitaliq/Financials/Templated/Capital Structure Details/2025FY filed May 01, 2026/SPGlobal_GrupoBimbo,S.A.B.deC.V._CapitalStructureDetails_20-Sep-2026 (22).xlsx",Capital Structure Details,As Reported
2025FY,2025-12-31,2026-05-01,27,Subsidiaries - Direct Loans,Term Loans,3622000,NA,NA,2026 - 2034,Senior,No,NA,No,No,No,MXN,"filings/capitaliq/Financials/Templated/Capital Structure Details/2025FY filed May 01, 2026/SPGlobal_GrupoBimbo,S.A.B.deC.V._CapitalStructureDetails_20-Sep-2026 (22).xlsx",Capital Structure Details,As Reported
2025FY,2025-12-31,2026-05-01,28,Sustainability-Linked Amortizing Credit Facility with Bank of America NA,Revolving Credit,1797000,NA,SOFR + 120.00 bp,Aug-11-2026 - Aug-11-2028,Senior,No,NA,No,No,No,USD,"filings/capitaliq/Financials/Templated/Capital Structure Details/2025FY filed May 01, 2026/SPGlobal_GrupoBimbo,S.A.B.deC.V._CapitalStructureDetails_20-Sep-2026 (22).xlsx",Capital Structure Details,As Reported
2025FY,2025-12-31,2026-05-01,29,Unsecured Loans for Working Capital,Term Loans,0,NA,NA,Dec-29-2023,Senior,No,NA,No,No,No,MXN,"filings/capitaliq/Financials/Templated/Capital Structure Details/2025FY filed May 01, 2026/SPGlobal_GrupoBimbo,S.A.B.deC.V._CapitalStructureDetails_20-Sep-2026 (22).xlsx",Capital Structure Details,As Reported
2026FQ1,2026-03-31,2026-04-30,1,"Banco Citi Mexico, SA Line of Credit USD",Revolving Credit,1806670,NA,SOFR + 95.00 bp,Apr-04-2027,Senior,No,NA,No,No,No,USD,"filings/capitaliq/Financials/Templated/Capital Structure Details/2026FQ1 filed Apr 30, 2026/SPGlobal_GrupoBimbo,S.A.B.deC.V._CapitalStructureDetails_19-Sep-2026 (42).xlsx",Capital Structure Details,As Reported
2026FQ1,2026-03-31,2026-04-30,2,Bank of America Line of Credit CAD,Revolving Credit,1105883,NA,CORRA + 110.00 bp,Dec-02-2030,Senior,No,NA,No,No,No,CAD,"filings/capitaliq/Financials/Templated/Capital Structure Details/2026FQ1 filed Apr 30, 2026/SPGlobal_GrupoBimbo,S.A.B.deC.V._CapitalStructureDetails_19-Sep-2026 (42).xlsx",Capital Structure Details,As Reported
2026FQ1,2026-03-31,2026-04-30,3,Bank of America Line of Credit USD,Revolving Credit,1806670,NA,SOFR + 110.00 bp,Dec-02-2030,Senior,No,NA,No,No,No,USD,"filings/capitaliq/Financials/Templated/Capital Structure Details/2026FQ1 filed Apr 30, 2026/SPGlobal_GrupoBimbo,S.A.B.deC.V._CapitalStructureDetails_19-Sep-2026 (42).xlsx",Capital Structure Details,As Reported
2026FQ1,2026-03-31,2026-04-30,4,Bank of America Loan USD,Term Loans,1806670,NA,SOFR + 120.00 bp,Aug-11-2026 - Aug-11-2028,Senior,No,NA,No,No,No,USD,"filings/capitaliq/Financials/Templated/Capital Structure Details/2026FQ1 filed Apr 30, 2026/SPGlobal_GrupoBimbo,S.A.B.deC.V._CapitalStructureDetails_19-Sep-2026 (42).xlsx",Capital Structure Details,As Reported
2026FQ1,2026-03-31,2026-04-30,5,BIMBO 16 Stock Certificates - Bond,Senior Debt,0,7.5600%,NA,Sep-02-2026,Senior,No,NA,No,No,No,MXN,"filings/capitaliq/Financials/Templated/Capital Structure Details/2026FQ1 filed Apr 30, 2026/SPGlobal_GrupoBimbo,S.A.B.deC.V._CapitalStructureDetails_19-Sep-2026 (42).xlsx",Capital Structure Details,As Reported
2026FQ1,2026-03-31,2026-04-30,6,BIMBO 17 Stock Certificates - Bond,Senior Debt,9633102,8.1800%,NA,Sep-24-2027,Senior,No,NA,No,No,No,MXN,"filings/capitaliq/Financials/Templated/Capital Structure Details/2026FQ1 filed Apr 30, 2026/SPGlobal_GrupoBimbo,S.A.B.deC.V._CapitalStructureDetails_19-Sep-2026 (42).xlsx",Capital Structure Details,As Reported
2026FQ1,2026-03-31,2026-04-30,7,BIMBO 23-2L Stock Certificates - Bond,Senior Debt,3000000,NA,TIIE - 28 Days + 10.00 bp,Jul-24-2026,Senior,No,NA,No,No,No,MXN,"filings/capitaliq/Financials/Templated/Capital Structure Details/2026FQ1 filed Apr 30, 2026/SPGlobal_GrupoBimbo,S.A.B.deC.V._CapitalStructureDetails_19-Sep-2026 (42).xlsx",Capital Structure Details,As Reported
2026FQ1,2026-03-31,2026-04-30,8,BIMBO 23L Stock Certificates - Bond,Senior Debt,12000000,9.2400%,NA,May-20-2033,Senior,No,NA,No,No,No,MXN,"filings/capitaliq/Financials/Templated/Capital Structure Details/2026FQ1 filed Apr 30, 2026/SPGlobal_GrupoBimbo,S.A.B.deC.V._CapitalStructureDetails_19-Sep-2026 (42).xlsx",Capital Structure Details,As Reported
2026FQ1,2026-03-31,2026-04-30,9,BIMBO 25 Stock Certificates - Bond,Senior Debt,12762000,10.0600%,NA,Feb-06-2032,Senior,No,NA,No,No,No,MXN,"filings/capitaliq/Financials/Templated/Capital Structure Details/2026FQ1 filed Apr 30, 2026/SPGlobal_GrupoBimbo,S.A.B.deC.V._CapitalStructureDetails_19-Sep-2026 (42).xlsx",Capital Structure Details,As Reported
2026FQ1,2026-03-31,2026-04-30,10,BIMBO 25-2 Stock Certificates - Bond,Senior Debt,2238000,NA,TIIE + 34.00 bp,Feb-11-2028,Senior,No,NA,No,No,No,MXN,"filings/capitaliq/Financials/Templated/Capital Structure Details/2026FQ1 filed Apr 30, 2026/SPGlobal_GrupoBimbo,S.A.B.deC.V._CapitalStructureDetails_19-Sep-2026 (42).xlsx",Capital Structure Details,As Reported
2026FQ1,2026-03-31,2026-04-30,11,BIMBO 26 Stock Certificates - Bond,Senior Debt,7866625,9.2200%,NA,Jan-26-2035,Senior,Yes,Tangible Asset,No,No,No,MXN,"filings/capitaliq/Financials/Templated/Capital Structure Details/2026FQ1 filed Apr 30, 2026/SPGlobal_GrupoBimbo,S.A.B.deC.V._CapitalStructureDetails_19-Sep-2026 (42).xlsx",Capital Structure Details,As Reported
2026FQ1,2026-03-31,2026-04-30,12,BIMBO 26-2 Stock Certificates - Bond,Senior Debt,4133375,NA,TIIE + 45.00 bp,Feb-01-2030,Senior,Yes,Tangible Asset,No,No,No,MXN,"filings/capitaliq/Financials/Templated/Capital Structure Details/2026FQ1 filed Apr 30, 2026/SPGlobal_GrupoBimbo,S.A.B.deC.V._CapitalStructureDetails_19-Sep-2026 (42).xlsx",Capital Structure Details,As Reported
2026FQ1,2026-03-31,2026-04-30,13,BNP Paribas Line of Credit USD,Revolving Credit,2710005,NA,SOFR + 110.00 bp,Sep-26-2029,Senior,No,NA,No,No,No,USD,"filings/capitaliq/Financials/Templated/Capital Structure Details/2026FQ1 filed Apr 30, 2026/SPGlobal_GrupoBimbo,S.A.B.deC.V._CapitalStructureDetails_19-Sep-2026 (42).xlsx",Capital Structure Details,As Reported
2026FQ1,2026-03-31,2026-04-30,14,"Caixabank, SA Line of Credit EUR",Revolving Credit,1559273,NA,EURIBOR + 90.00 bp,Dec-15-2028,Senior,No,NA,No,No,No,EUR,"filings/capitaliq/Financials/Templated/Capital Structure Details/2026FQ1 filed Apr 30, 2026/SPGlobal_GrupoBimbo,S.A.B.deC.V._CapitalStructureDetails_19-Sep-2026 (42).xlsx",Capital Structure Details,As Reported
2026FQ1,2026-03-31,2026-04-30,15,Cooperative Rabobank Line of Credit EUR,Revolving Credit,3118545,NA,EURIBOR + 95.00 bp,May-22-2028,Senior,No,NA,No,No,No,EUR,"filings/capitaliq/Financials/Templated/Capital Structure Details/2026FQ1 filed Apr 30, 2026/SPGlobal_GrupoBimbo,S.A.B.deC.V._CapitalStructureDetails_19-Sep-2026 (42).xlsx",Capital Structure Details,As Reported
2026FQ1,2026-03-31,2026-04-30,16,HSBC México Loan USD,Term Loans,1693753,NA,SOFR + 120.00 bp,Sep-15-2027 - Mar-15-2029,Senior,No,NA,No,No,No,USD,"filings/capitaliq/Financials/Templated/Capital Structure Details/2026FQ1 filed Apr 30, 2026/SPGlobal_GrupoBimbo,S.A.B.deC.V._CapitalStructureDetails_19-Sep-2026 (42).xlsx",Capital Structure Details,As Reported
2026FQ1,2026-03-31,2026-04-30,17,International Bonds,Senior Debt,14453360,5.3750%,NA,Jan-09-2036,Senior,Yes,Tangible Asset,No,No,No,USD,"filings/capitaliq/Financials/Templated/Capital Structure Details/2026FQ1 filed Apr 30, 2026/SPGlobal_GrupoBimbo,S.A.B.deC.V._CapitalStructureDetails_19-Sep-2026 (42).xlsx",Capital Structure Details,As Reported
2026FQ1,2026-03-31,2026-04-30,18,International Bonds,Senior Debt,9936685,6.4000%,NA,Jan-15-2034,Senior,Yes,Tangible Asset,No,No,No,USD,"filings/capitaliq/Financials/Templated/Capital Structure Details/2026FQ1 filed Apr 30, 2026/SPGlobal_GrupoBimbo,S.A.B.deC.V._CapitalStructureDetails_19-Sep-2026 (42).xlsx",Capital Structure Details,As Reported
2026FQ1,2026-03-31,2026-04-30,19,International Bonds,Senior Debt,16260030,6.0500%,NA,Jan-15-2029,Senior,Yes,Tangible Asset,No,No,No,USD,"filings/capitaliq/Financials/Templated/Capital Structure Details/2026FQ1 filed Apr 30, 2026/SPGlobal_GrupoBimbo,S.A.B.deC.V._CapitalStructureDetails_19-Sep-2026 (42).xlsx",Capital Structure Details,As Reported
2026FQ1,2026-03-31,2026-04-30,20,International Bonds,Senior Debt,10573843,4.0000%,NA,May-17-2051,Senior,Yes,Tangible Asset,No,No,No,USD,"filings/capitaliq/Financials/Templated/Capital Structure Details/2026FQ1 filed Apr 30, 2026/SPGlobal_GrupoBimbo,S.A.B.deC.V._CapitalStructureDetails_19-Sep-2026 (42).xlsx",Capital Structure Details,As Reported
2026FQ1,2026-03-31,2026-04-30,21,International Bonds,Senior Debt,10117623,4.0000%,NA,Sep-06-2049,Senior,Yes,Tangible Asset,No,No,No,USD,"filings/capitaliq/Financials/Templated/Capital Structure Details/2026FQ1 filed Apr 30, 2026/SPGlobal_GrupoBimbo,S.A.B.deC.V._CapitalStructureDetails_19-Sep-2026 (42).xlsx",Capital Structure Details,As Reported
2026FQ1,2026-03-31,2026-04-30,22,International Bonds,Senior Debt,11743355,4.7000%,NA,Nov-10-2047,Senior,Yes,Tangible Asset,No,No,No,USD,"filings/capitaliq/Financials/Templated/Capital Structure Details/2026FQ1 filed Apr 30, 2026/SPGlobal_GrupoBimbo,S.A.B.deC.V._CapitalStructureDetails_19-Sep-2026 (42).xlsx",Capital Structure Details,As Reported
2026FQ1,2026-03-31,2026-04-30,23,International Bonds,Senior Debt,8988183,4.8750%,NA,Jun-27-2044,Senior,Yes,Tangible Asset,No,No,No,USD,"filings/capitaliq/Financials/Templated/Capital Structure Details/2026FQ1 filed Apr 30, 2026/SPGlobal_GrupoBimbo,S.A.B.deC.V._CapitalStructureDetails_19-Sep-2026 (42).xlsx",Capital Structure Details,As Reported
2026FQ1,2026-03-31,2026-04-30,24,JP Morgan Chase Bank Loan USD,Term Loans,0,NA,SOFR + 125.00 bp,Jun-17-2025 - Jun-17-2029,Senior,No,NA,No,No,No,USD,"filings/capitaliq/Financials/Templated/Capital Structure Details/2026FQ1 filed Apr 30, 2026/SPGlobal_GrupoBimbo,S.A.B.deC.V._CapitalStructureDetails_19-Sep-2026 (42).xlsx",Capital Structure Details,As Reported
2026FQ1,2026-03-31,2026-04-30,25,Lease Liabilities,Capital Lease,34457161,NA,NA,NA,Senior,Yes,Tangible Asset,No,No,No,MXN,"filings/capitaliq/Financials/Templated/Capital Structure Details/2026FQ1 filed Apr 30, 2026/SPGlobal_GrupoBimbo,S.A.B.deC.V._CapitalStructureDetails_19-Sep-2026 (42).xlsx",Capital Structure Details,As Reported
2026FQ1,2026-03-31,2026-04-30,26,Revolving Credit Line Tranche A,Revolving Credit,0,NA,Various Benchmarks,Jul-31-2030,Senior,No,NA,No,No,No,NA,"filings/capitaliq/Financials/Templated/Capital Structure Details/2026FQ1 filed Apr 30, 2026/SPGlobal_GrupoBimbo,S.A.B.deC.V._CapitalStructureDetails_19-Sep-2026 (42).xlsx",Capital Structure Details,As Reported
2026FQ1,2026-03-31,2026-04-30,27,Revolving Credit Line Tranche B,Revolving Credit,0,NA,Various Benchmarks,Mar-15-2028,Senior,No,NA,No,No,No,NA,"filings/capitaliq/Financials/Templated/Capital Structure Details/2026FQ1 filed Apr 30, 2026/SPGlobal_GrupoBimbo,S.A.B.deC.V._CapitalStructureDetails_19-Sep-2026 (42).xlsx",Capital Structure Details,As Reported
2026FQ1,2026-03-31,2026-04-30,28,Revolving Line of Credit,Revolving Credit,5000000,NA,TIIE - 28 Days + 85.00 bp,Apr-13-2028,Senior,No,NA,No,No,No,MXN,"filings/capitaliq/Financials/Templated/Capital Structure Details/2026FQ1 filed Apr 30, 2026/SPGlobal_GrupoBimbo,S.A.B.deC.V._CapitalStructureDetails_19-Sep-2026 (42).xlsx",Capital Structure Details,As Reported
2026FQ1,2026-03-31,2026-04-30,29,Subsidiary Operating Lines,Revolving Credit,3873632,NA,NA,NA,Senior,No,NA,No,No,No,MXN,"filings/capitaliq/Financials/Templated/Capital Structure Details/2026FQ1 filed Apr 30, 2026/SPGlobal_GrupoBimbo,S.A.B.deC.V._CapitalStructureDetails_19-Sep-2026 (42).xlsx",Capital Structure Details,As Reported
2026FQ2,2026-06-30,2026-07-24,1,"Banco Citi Mexico, SA Line of Credit USD",Revolving Credit,1747000,NA,SOFR + 95.00 bp,Apr-04-2027,Senior,No,NA,No,No,No,USD,"filings/capitaliq/Financials/Templated/Capital Structure Details/2026FQ2 filed Jul 24, 2026/SPGlobal_GrupoBimbo,S.A.B.deC.V._CapitalStructureDetails_19-Sep-2026 (43).xlsx",Capital Structure Details,As Reported
2026FQ2,2026-06-30,2026-07-24,2,Bank of America Line of Credit CAD,Revolving Credit,1036795,NA,CORRA + 110.00 bp,Dec-02-2030,Senior,No,NA,No,No,No,CAD,"filings/capitaliq/Financials/Templated/Capital Structure Details/2026FQ2 filed Jul 24, 2026/SPGlobal_GrupoBimbo,S.A.B.deC.V._CapitalStructureDetails_19-Sep-2026 (43).xlsx",Capital Structure Details,As Reported
2026FQ2,2026-06-30,2026-07-24,3,Bank of America Line of Credit USD,Revolving Credit,1746910,NA,SOFR + 110.00 bp,Dec-02-2030,Senior,No,NA,No,No,No,USD,"filings/capitaliq/Financials/Templated/Capital Structure Details/2026FQ2 filed Jul 24, 2026/SPGlobal_GrupoBimbo,S.A.B.deC.V._CapitalStructureDetails_19-Sep-2026 (43).xlsx",Capital Structure Details,As Reported
2026FQ2,2026-06-30,2026-07-24,4,Bank of America Loan USD,Term Loans,1747000,NA,SOFR + 120.00 bp,Aug-11-2026 - Aug-11-2028,Senior,No,NA,No,No,No,USD,"filings/capitaliq/Financials/Templated/Capital Structure Details/2026FQ2 filed Jul 24, 2026/SPGlobal_GrupoBimbo,S.A.B.deC.V._CapitalStructureDetails_19-Sep-2026 (43).xlsx",Capital Structure Details,As Reported
2026FQ2,2026-06-30,2026-07-24,5,BIMBO 17 Stock Certificates - Bond,Senior Debt,9633102,8.1800%,NA,Sep-24-2027,Senior,No,NA,No,No,No,MXN,"filings/capitaliq/Financials/Templated/Capital Structure Details/2026FQ2 filed Jul 24, 2026/SPGlobal_GrupoBimbo,S.A.B.deC.V._CapitalStructureDetails_19-Sep-2026 (43).xlsx",Capital Structure Details,As Reported
2026FQ2,2026-06-30,2026-07-24,6,BIMBO 23-2L Stock Certificates - Bond,Senior Debt,3006000,NA,TIIE - 28 Days + 10.00 bp,Jul-24-2026,Senior,No,NA,No,No,No,MXN,"filings/capitaliq/Financials/Templated/Capital Structure Details/2026FQ2 filed Jul 24, 2026/SPGlobal_GrupoBimbo,S.A.B.deC.V._CapitalStructureDetails_19-Sep-2026 (43).xlsx",Capital Structure Details,As Reported
2026FQ2,2026-06-30,2026-07-24,7,BIMBO 23L Stock Certificates - Bond,Senior Debt,12000000,9.2400%,NA,May-20-2033,Senior,No,NA,No,No,No,MXN,"filings/capitaliq/Financials/Templated/Capital Structure Details/2026FQ2 filed Jul 24, 2026/SPGlobal_GrupoBimbo,S.A.B.deC.V._CapitalStructureDetails_19-Sep-2026 (43).xlsx",Capital Structure Details,As Reported
2026FQ2,2026-06-30,2026-07-24,8,BIMBO 25 Stock Certificates - Bond,Senior Debt,12762000,10.0600%,NA,Feb-06-2032,Senior,No,NA,No,No,No,MXN,"filings/capitaliq/Financials/Templated/Capital Structure Details/2026FQ2 filed Jul 24, 2026/SPGlobal_GrupoBimbo,S.A.B.deC.V._CapitalStructureDetails_19-Sep-2026 (43).xlsx",Capital Structure Details,As Reported
2026FQ2,2026-06-30,2026-07-24,9,BIMBO 25-2 Stock Certificates - Bond,Senior Debt,2238000,NA,TIIE + 34.00 bp,Feb-11-2028,Senior,No,NA,No,No,No,MXN,"filings/capitaliq/Financials/Templated/Capital Structure Details/2026FQ2 filed Jul 24, 2026/SPGlobal_GrupoBimbo,S.A.B.deC.V._CapitalStructureDetails_19-Sep-2026 (43).xlsx",Capital Structure Details,As Reported
2026FQ2,2026-06-30,2026-07-24,10,BIMBO 26 Stock Certificates - Bond,Senior Debt,7866625,9.2200%,NA,Jan-26-2035,Senior,Yes,Tangible Asset,No,No,No,MXN,"filings/capitaliq/Financials/Templated/Capital Structure Details/2026FQ2 filed Jul 24, 2026/SPGlobal_GrupoBimbo,S.A.B.deC.V._CapitalStructureDetails_19-Sep-2026 (43).xlsx",Capital Structure Details,As Reported
2026FQ2,2026-06-30,2026-07-24,11,BIMBO 26-2 Stock Certificates - Bond,Senior Debt,4133375,NA,TIIE + 45.00 bp,Feb-01-2030,Senior,Yes,Tangible Asset,No,No,No,MXN,"filings/capitaliq/Financials/Templated/Capital Structure Details/2026FQ2 filed Jul 24, 2026/SPGlobal_GrupoBimbo,S.A.B.deC.V._CapitalStructureDetails_19-Sep-2026 (43).xlsx",Capital Structure Details,As Reported
2026FQ2,2026-06-30,2026-07-24,12,BNP Paribas Line of Credit USD,Revolving Credit,2620500,NA,SOFR + 110.00 bp,Sep-26-2029,Senior,No,NA,No,No,No,USD,"filings/capitaliq/Financials/Templated/Capital Structure Details/2026FQ2 filed Jul 24, 2026/SPGlobal_GrupoBimbo,S.A.B.deC.V._CapitalStructureDetails_19-Sep-2026 (43).xlsx",Capital Structure Details,As Reported
2026FQ2,2026-06-30,2026-07-24,13,"Caixabank, SA Line of Credit EUR",Revolving Credit,1494210,NA,EURIBOR + 90.00 bp,Dec-15-2028,Senior,No,NA,No,No,No,EUR,"filings/capitaliq/Financials/Templated/Capital Structure Details/2026FQ2 filed Jul 24, 2026/SPGlobal_GrupoBimbo,S.A.B.deC.V._CapitalStructureDetails_19-Sep-2026 (43).xlsx",Capital Structure Details,As Reported
2026FQ2,2026-06-30,2026-07-24,14,Cooperative Rabobank Line of Credit EUR,Revolving Credit,2988420,NA,EURIBOR + 95.00 bp,May-22-2028,Senior,No,NA,No,No,No,EUR,"filings/capitaliq/Financials/Templated/Capital Structure Details/2026FQ2 filed Jul 24, 2026/SPGlobal_GrupoBimbo,S.A.B.deC.V._CapitalStructureDetails_19-Sep-2026 (43).xlsx",Capital Structure Details,As Reported
2026FQ2,2026-06-30,2026-07-24,15,HSBC México Loan USD,Term Loans,1637813,NA,SOFR + 120.00 bp,Sep-15-2027 - Mar-15-2029,Senior,No,NA,No,No,No,USD,"filings/capitaliq/Financials/Templated/Capital Structure Details/2026FQ2 filed Jul 24, 2026/SPGlobal_GrupoBimbo,S.A.B.deC.V._CapitalStructureDetails_19-Sep-2026 (43).xlsx",Capital Structure Details,As Reported
2026FQ2,2026-06-30,2026-07-24,16,International Bonds,Senior Debt,13976000,5.3750%,NA,Jan-09-2036,Senior,Yes,Tangible Asset,No,No,No,USD,"filings/capitaliq/Financials/Templated/Capital Structure Details/2026FQ2 filed Jul 24, 2026/SPGlobal_GrupoBimbo,S.A.B.deC.V._CapitalStructureDetails_19-Sep-2026 (43).xlsx",Capital Structure Details,As Reported
2026FQ2,2026-06-30,2026-07-24,17,International Bonds,Senior Debt,9608500,6.4000%,NA,Jan-15-2034,Senior,Yes,Tangible Asset,No,No,No,USD,"filings/capitaliq/Financials/Templated/Capital Structure Details/2026FQ2 filed Jul 24, 2026/SPGlobal_GrupoBimbo,S.A.B.deC.V._CapitalStructureDetails_19-Sep-2026 (43).xlsx",Capital Structure Details,As Reported
2026FQ2,2026-06-30,2026-07-24,18,International Bonds,Senior Debt,15723000,6.0500%,NA,Jan-15-2029,Senior,Yes,Tangible Asset,No,No,No,USD,"filings/capitaliq/Financials/Templated/Capital Structure Details/2026FQ2 filed Jul 24, 2026/SPGlobal_GrupoBimbo,S.A.B.deC.V._CapitalStructureDetails_19-Sep-2026 (43).xlsx",Capital Structure Details,As Reported
2026FQ2,2026-06-30,2026-07-24,19,International Bonds,Senior Debt,10224614,4.0000%,NA,May-17-2051,Senior,Yes,Tangible Asset,No,No,No,USD,"filings/capitaliq/Financials/Templated/Capital Structure Details/2026FQ2 filed Jul 24, 2026/SPGlobal_GrupoBimbo,S.A.B.deC.V._CapitalStructureDetails_19-Sep-2026 (43).xlsx",Capital Structure Details,As Reported
2026FQ2,2026-06-30,2026-07-24,20,International Bonds,Senior Debt,9783462,4.0000%,NA,Sep-06-2049,Senior,Yes,Tangible Asset,No,No,No,USD,"filings/capitaliq/Financials/Templated/Capital Structure Details/2026FQ2 filed Jul 24, 2026/SPGlobal_GrupoBimbo,S.A.B.deC.V._CapitalStructureDetails_19-Sep-2026 (43).xlsx",Capital Structure Details,As Reported
2026FQ2,2026-06-30,2026-07-24,21,International Bonds,Senior Debt,11355500,4.7000%,NA,Nov-10-2047,Senior,Yes,Tangible Asset,No,No,No,USD,"filings/capitaliq/Financials/Templated/Capital Structure Details/2026FQ2 filed Jul 24, 2026/SPGlobal_GrupoBimbo,S.A.B.deC.V._CapitalStructureDetails_19-Sep-2026 (43).xlsx",Capital Structure Details,As Reported
2026FQ2,2026-06-30,2026-07-24,22,International Bonds,Senior Debt,8691325,4.8750%,NA,Jun-27-2044,Senior,Yes,Tangible Asset,No,No,No,USD,"filings/capitaliq/Financials/Templated/Capital Structure Details/2026FQ2 filed Jul 24, 2026/SPGlobal_GrupoBimbo,S.A.B.deC.V._CapitalStructureDetails_19-Sep-2026 (43).xlsx",Capital Structure Details,As Reported
2026FQ2,2026-06-30,2026-07-24,23,Lease Liabilities,Capital Lease,33360927,NA,NA,NA,Senior,Yes,Tangible Asset,No,No,No,MXN,"filings/capitaliq/Financials/Templated/Capital Structure Details/2026FQ2 filed Jul 24, 2026/SPGlobal_GrupoBimbo,S.A.B.deC.V._CapitalStructureDetails_19-Sep-2026 (43).xlsx",Capital Structure Details,As Reported
2026FQ2,2026-06-30,2026-07-24,24,Revolving Credit Line Tranche A,Revolving Credit,0,NA,Various Benchmarks,Jul-31-2030,Senior,No,NA,No,No,No,NA,"filings/capitaliq/Financials/Templated/Capital Structure Details/2026FQ2 filed Jul 24, 2026/SPGlobal_GrupoBimbo,S.A.B.deC.V._CapitalStructureDetails_19-Sep-2026 (43).xlsx",Capital Structure Details,As Reported
2026FQ2,2026-06-30,2026-07-24,25,Revolving Credit Line Tranche B,Revolving Credit,0,NA,Various Benchmarks,Mar-15-2028,Senior,No,NA,No,No,No,NA,"filings/capitaliq/Financials/Templated/Capital Structure Details/2026FQ2 filed Jul 24, 2026/SPGlobal_GrupoBimbo,S.A.B.deC.V._CapitalStructureDetails_19-Sep-2026 (43).xlsx",Capital Structure Details,As Reported
2026FQ2,2026-06-30,2026-07-24,26,Revolving Line of Credit,Revolving Credit,5000000,NA,TIIE - 28 Days + 85.00 bp,Apr-13-2028,Senior,No,NA,No,No,No,MXN,"filings/capitaliq/Financials/Templated/Capital Structure Details/2026FQ2 filed Jul 24, 2026/SPGlobal_GrupoBimbo,S.A.B.deC.V._CapitalStructureDetails_19-Sep-2026 (43).xlsx",Capital Structure Details,As Reported
2026FQ2,2026-06-30,2026-07-24,27,Subsidiary Operating Lines,Revolving Credit,3476446,NA,NA,NA,Senior,No,NA,No,No,No,MXN,"filings/capitaliq/Financials/Templated/Capital Structure Details/2026FQ2 filed Jul 24, 2026/SPGlobal_GrupoBimbo,S.A.B.deC.V._CapitalStructureDetails_19-Sep-2026 (43).xlsx",Capital Structure Details,As Reported
