as_of,dataset,security,section,metric,group,stat,period,period_type,fiscal_year,fiscal_quarter,period_end,value,value_high,flag,raw_value,unit,currency,source_file,sheet,excel_row
2026-09-20,detailed_estimates,BMV:BIMBO A (Mex$),Consensus,EPS Normalized,,Actual/Estimate,FY 1998,FY,1998,,1998-12-31,0.3,,A,0.30 A,Mex$ per share,MXN,"filings/capitaliq/Estimates/Detailed Estimated/SPGlobal_GrupoBimbo,S.A.B.deC.V._DetailedEstimates_20-Sep-2026.xlsx",Detailed Estimates,28
2026-09-20,detailed_estimates,BMV:BIMBO A (Mex$),Consensus,EPS Normalized,,Actual/Estimate,FY 1999,FY,1999,,1999-12-31,0.35,,A,0.35 A,Mex$ per share,MXN,"filings/capitaliq/Estimates/Detailed Estimated/SPGlobal_GrupoBimbo,S.A.B.deC.V._DetailedEstimates_20-Sep-2026.xlsx",Detailed Estimates,28
2026-09-20,detailed_estimates,BMV:BIMBO A (Mex$),Consensus,EPS Normalized,,Actual/Estimate,FY 2000,FY,2000,,2000-12-31,0.32,,A,0.32 A,Mex$ per share,MXN,"filings/capitaliq/Estimates/Detailed Estimated/SPGlobal_GrupoBimbo,S.A.B.deC.V._DetailedEstimates_20-Sep-2026.xlsx",Detailed Estimates,28
2026-09-20,detailed_estimates,BMV:BIMBO A (Mex$),Consensus,EPS Normalized,,Actual/Estimate,FY 2001,FY,2001,,2001-12-31,0.31,,A,0.31 A,Mex$ per share,MXN,"filings/capitaliq/Estimates/Detailed Estimated/SPGlobal_GrupoBimbo,S.A.B.deC.V._DetailedEstimates_20-Sep-2026.xlsx",Detailed Estimates,28
2026-09-20,detailed_estimates,BMV:BIMBO A (Mex$),Consensus,EPS Normalized,,Actual/Estimate,FY 2002,FY,2002,,2002-12-31,0.21,,A,0.21 A,Mex$ per share,MXN,"filings/capitaliq/Estimates/Detailed Estimated/SPGlobal_GrupoBimbo,S.A.B.deC.V._DetailedEstimates_20-Sep-2026.xlsx",Detailed Estimates,28
2026-09-20,detailed_estimates,BMV:BIMBO A (Mex$),Consensus,EPS Normalized,,Actual/Estimate,FY 2003,FY,2003,,2003-12-31,0.26,,A,0.26 A,Mex$ per share,MXN,"filings/capitaliq/Estimates/Detailed Estimated/SPGlobal_GrupoBimbo,S.A.B.deC.V._DetailedEstimates_20-Sep-2026.xlsx",Detailed Estimates,28
2026-09-20,detailed_estimates,BMV:BIMBO A (Mex$),Consensus,EPS Normalized,,Actual/Estimate,FQ3 2004,FQ,2004,3,2004-09-30,0.18,,A,0.18 A,Mex$ per share,MXN,"filings/capitaliq/Estimates/Detailed Estimated/SPGlobal_GrupoBimbo,S.A.B.deC.V._DetailedEstimates_20-Sep-2026.xlsx",Detailed Estimates,28
2026-09-20,detailed_estimates,BMV:BIMBO A (Mex$),Consensus,EPS Normalized,,Actual/Estimate,FQ4 2004,FQ,2004,4,2004-12-31,0.17,,A,0.17 A,Mex$ per share,MXN,"filings/capitaliq/Estimates/Detailed Estimated/SPGlobal_GrupoBimbo,S.A.B.deC.V._DetailedEstimates_20-Sep-2026.xlsx",Detailed Estimates,28
2026-09-20,detailed_estimates,BMV:BIMBO A (Mex$),Consensus,EPS Normalized,,Actual/Estimate,FY 2004,FY,2004,,2004-12-31,0.47,,A,0.47 A,Mex$ per share,MXN,"filings/capitaliq/Estimates/Detailed Estimated/SPGlobal_GrupoBimbo,S.A.B.deC.V._DetailedEstimates_20-Sep-2026.xlsx",Detailed Estimates,28
2026-09-20,detailed_estimates,BMV:BIMBO A (Mex$),Consensus,EPS Normalized,,Actual/Estimate,FQ1 2005,FQ,2005,1,2005-03-31,0.12,,A,0.12 A,Mex$ per share,MXN,"filings/capitaliq/Estimates/Detailed Estimated/SPGlobal_GrupoBimbo,S.A.B.deC.V._DetailedEstimates_20-Sep-2026.xlsx",Detailed Estimates,28
2026-09-20,detailed_estimates,BMV:BIMBO A (Mex$),Consensus,EPS Normalized,,Actual/Estimate,FQ2 2005,FQ,2005,2,2005-06-30,0.13,,A,0.13 A,Mex$ per share,MXN,"filings/capitaliq/Estimates/Detailed Estimated/SPGlobal_GrupoBimbo,S.A.B.deC.V._DetailedEstimates_20-Sep-2026.xlsx",Detailed Estimates,28
2026-09-20,detailed_estimates,BMV:BIMBO A (Mex$),Consensus,EPS Normalized,,Actual/Estimate,FQ3 2005,FQ,2005,3,2005-09-30,0.16,,A,0.16 A,Mex$ per share,MXN,"filings/capitaliq/Estimates/Detailed Estimated/SPGlobal_GrupoBimbo,S.A.B.deC.V._DetailedEstimates_20-Sep-2026.xlsx",Detailed Estimates,28
2026-09-20,detailed_estimates,BMV:BIMBO A (Mex$),Consensus,EPS Normalized,,Actual/Estimate,FQ4 2005,FQ,2005,4,2005-12-31,0.19,,A,0.19 A,Mex$ per share,MXN,"filings/capitaliq/Estimates/Detailed Estimated/SPGlobal_GrupoBimbo,S.A.B.deC.V._DetailedEstimates_20-Sep-2026.xlsx",Detailed Estimates,28
2026-09-20,detailed_estimates,BMV:BIMBO A (Mex$),Consensus,EPS Normalized,,Actual/Estimate,FY 2005,FY,2005,,2005-12-31,0.63,,A,0.63 A,Mex$ per share,MXN,"filings/capitaliq/Estimates/Detailed Estimated/SPGlobal_GrupoBimbo,S.A.B.deC.V._DetailedEstimates_20-Sep-2026.xlsx",Detailed Estimates,28
2026-09-20,detailed_estimates,BMV:BIMBO A (Mex$),Consensus,EPS Normalized,,Actual/Estimate,FQ1 2006,FQ,2006,1,2006-03-31,0.14,,A,0.14 A,Mex$ per share,MXN,"filings/capitaliq/Estimates/Detailed Estimated/SPGlobal_GrupoBimbo,S.A.B.deC.V._DetailedEstimates_20-Sep-2026.xlsx",Detailed Estimates,28
2026-09-20,detailed_estimates,BMV:BIMBO A (Mex$),Consensus,EPS Normalized,,Actual/Estimate,FQ2 2006,FQ,2006,2,2006-06-30,0.18,,A,0.18 A,Mex$ per share,MXN,"filings/capitaliq/Estimates/Detailed Estimated/SPGlobal_GrupoBimbo,S.A.B.deC.V._DetailedEstimates_20-Sep-2026.xlsx",Detailed Estimates,28
2026-09-20,detailed_estimates,BMV:BIMBO A (Mex$),Consensus,EPS Normalized,,Actual/Estimate,FQ3 2006,FQ,2006,3,2006-09-30,0.2,,A,0.20 A,Mex$ per share,MXN,"filings/capitaliq/Estimates/Detailed Estimated/SPGlobal_GrupoBimbo,S.A.B.deC.V._DetailedEstimates_20-Sep-2026.xlsx",Detailed Estimates,28
2026-09-20,detailed_estimates,BMV:BIMBO A (Mex$),Consensus,EPS Normalized,,Actual/Estimate,FQ4 2006,FQ,2006,4,2006-12-31,0.21,,A,0.21 A,Mex$ per share,MXN,"filings/capitaliq/Estimates/Detailed Estimated/SPGlobal_GrupoBimbo,S.A.B.deC.V._DetailedEstimates_20-Sep-2026.xlsx",Detailed Estimates,28
2026-09-20,detailed_estimates,BMV:BIMBO A (Mex$),Consensus,EPS Normalized,,Actual/Estimate,FY 2006,FY,2006,,2006-12-31,0.75,,A,0.75 A,Mex$ per share,MXN,"filings/capitaliq/Estimates/Detailed Estimated/SPGlobal_GrupoBimbo,S.A.B.deC.V._DetailedEstimates_20-Sep-2026.xlsx",Detailed Estimates,28
2026-09-20,detailed_estimates,BMV:BIMBO A (Mex$),Consensus,EPS Normalized,,Actual/Estimate,FQ1 2007,FQ,2007,1,2007-03-31,0.17,,A,0.17 A,Mex$ per share,MXN,"filings/capitaliq/Estimates/Detailed Estimated/SPGlobal_GrupoBimbo,S.A.B.deC.V._DetailedEstimates_20-Sep-2026.xlsx",Detailed Estimates,28
2026-09-20,detailed_estimates,BMV:BIMBO A (Mex$),Consensus,EPS Normalized,,Actual/Estimate,FQ2 2007,FQ,2007,2,2007-06-30,0.16,,A,0.16 A,Mex$ per share,MXN,"filings/capitaliq/Estimates/Detailed Estimated/SPGlobal_GrupoBimbo,S.A.B.deC.V._DetailedEstimates_20-Sep-2026.xlsx",Detailed Estimates,28
2026-09-20,detailed_estimates,BMV:BIMBO A (Mex$),Consensus,EPS Normalized,,Actual/Estimate,FQ3 2007,FQ,2007,3,2007-09-30,0.21,,A,0.21 A,Mex$ per share,MXN,"filings/capitaliq/Estimates/Detailed Estimated/SPGlobal_GrupoBimbo,S.A.B.deC.V._DetailedEstimates_20-Sep-2026.xlsx",Detailed Estimates,28
2026-09-20,detailed_estimates,BMV:BIMBO A (Mex$),Consensus,EPS Normalized,,Actual/Estimate,FQ4 2007,FQ,2007,4,2007-12-31,0.22,,A,0.22 A,Mex$ per share,MXN,"filings/capitaliq/Estimates/Detailed Estimated/SPGlobal_GrupoBimbo,S.A.B.deC.V._DetailedEstimates_20-Sep-2026.xlsx",Detailed Estimates,28
2026-09-20,detailed_estimates,BMV:BIMBO A (Mex$),Consensus,EPS Normalized,,Actual/Estimate,FY 2007,FY,2007,,2007-12-31,0.83,,A,0.83 A,Mex$ per share,MXN,"filings/capitaliq/Estimates/Detailed Estimated/SPGlobal_GrupoBimbo,S.A.B.deC.V._DetailedEstimates_20-Sep-2026.xlsx",Detailed Estimates,28
2026-09-20,detailed_estimates,BMV:BIMBO A (Mex$),Consensus,EPS Normalized,,Actual/Estimate,FQ1 2008,FQ,2008,1,2008-03-31,0.17,,A,0.17 A,Mex$ per share,MXN,"filings/capitaliq/Estimates/Detailed Estimated/SPGlobal_GrupoBimbo,S.A.B.deC.V._DetailedEstimates_20-Sep-2026.xlsx",Detailed Estimates,28
2026-09-20,detailed_estimates,BMV:BIMBO A (Mex$),Consensus,EPS Normalized,,Actual/Estimate,FQ2 2008,FQ,2008,2,2008-06-30,0.18,,A,0.18 A,Mex$ per share,MXN,"filings/capitaliq/Estimates/Detailed Estimated/SPGlobal_GrupoBimbo,S.A.B.deC.V._DetailedEstimates_20-Sep-2026.xlsx",Detailed Estimates,28
2026-09-20,detailed_estimates,BMV:BIMBO A (Mex$),Consensus,EPS Normalized,,Actual/Estimate,FQ3 2008,FQ,2008,3,2008-09-30,0.29,,A,0.29 A,Mex$ per share,MXN,"filings/capitaliq/Estimates/Detailed Estimated/SPGlobal_GrupoBimbo,S.A.B.deC.V._DetailedEstimates_20-Sep-2026.xlsx",Detailed Estimates,28
2026-09-20,detailed_estimates,BMV:BIMBO A (Mex$),Consensus,EPS Normalized,,Actual/Estimate,FQ4 2008,FQ,2008,4,2008-12-31,0.27,,A,0.27 A,Mex$ per share,MXN,"filings/capitaliq/Estimates/Detailed Estimated/SPGlobal_GrupoBimbo,S.A.B.deC.V._DetailedEstimates_20-Sep-2026.xlsx",Detailed Estimates,28
2026-09-20,detailed_estimates,BMV:BIMBO A (Mex$),Consensus,EPS Normalized,,Actual/Estimate,FY 2008,FY,2008,,2008-12-31,0.93,,A,0.93 A,Mex$ per share,MXN,"filings/capitaliq/Estimates/Detailed Estimated/SPGlobal_GrupoBimbo,S.A.B.deC.V._DetailedEstimates_20-Sep-2026.xlsx",Detailed Estimates,28
2026-09-20,detailed_estimates,BMV:BIMBO A (Mex$),Consensus,EPS Normalized,,Actual/Estimate,FQ1 2009,FQ,2009,1,2009-03-31,0.22,,A,0.22 A,Mex$ per share,MXN,"filings/capitaliq/Estimates/Detailed Estimated/SPGlobal_GrupoBimbo,S.A.B.deC.V._DetailedEstimates_20-Sep-2026.xlsx",Detailed Estimates,28
2026-09-20,detailed_estimates,BMV:BIMBO A (Mex$),Consensus,EPS Normalized,,Actual/Estimate,FQ3 2009,FQ,2009,3,2009-09-30,0.37,,A,0.37 A,Mex$ per share,MXN,"filings/capitaliq/Estimates/Detailed Estimated/SPGlobal_GrupoBimbo,S.A.B.deC.V._DetailedEstimates_20-Sep-2026.xlsx",Detailed Estimates,28
2026-09-20,detailed_estimates,BMV:BIMBO A (Mex$),Consensus,EPS Normalized,,Actual/Estimate,FQ4 2009,FQ,2009,4,2009-12-31,0.09,,A,0.09 A,Mex$ per share,MXN,"filings/capitaliq/Estimates/Detailed Estimated/SPGlobal_GrupoBimbo,S.A.B.deC.V._DetailedEstimates_20-Sep-2026.xlsx",Detailed Estimates,28
2026-09-20,detailed_estimates,BMV:BIMBO A (Mex$),Consensus,EPS Normalized,,Actual/Estimate,FY 2009,FY,2009,,2009-12-31,1.29,,A,1.29 A,Mex$ per share,MXN,"filings/capitaliq/Estimates/Detailed Estimated/SPGlobal_GrupoBimbo,S.A.B.deC.V._DetailedEstimates_20-Sep-2026.xlsx",Detailed Estimates,28
2026-09-20,detailed_estimates,BMV:BIMBO A (Mex$),Consensus,EPS Normalized,,Actual/Estimate,FQ2 2010,FQ,2010,2,2010-06-30,0.27,,A,0.27 A,Mex$ per share,MXN,"filings/capitaliq/Estimates/Detailed Estimated/SPGlobal_GrupoBimbo,S.A.B.deC.V._DetailedEstimates_20-Sep-2026.xlsx",Detailed Estimates,28
2026-09-20,detailed_estimates,BMV:BIMBO A (Mex$),Consensus,EPS Normalized,,Actual/Estimate,FQ3 2010,FQ,2010,3,2010-09-30,0.32,,A,0.32 A,Mex$ per share,MXN,"filings/capitaliq/Estimates/Detailed Estimated/SPGlobal_GrupoBimbo,S.A.B.deC.V._DetailedEstimates_20-Sep-2026.xlsx",Detailed Estimates,28
2026-09-20,detailed_estimates,BMV:BIMBO A (Mex$),Consensus,EPS Normalized,,Actual/Estimate,FQ4 2010,FQ,2010,4,2010-12-31,0.05,,A,0.05 A,Mex$ per share,MXN,"filings/capitaliq/Estimates/Detailed Estimated/SPGlobal_GrupoBimbo,S.A.B.deC.V._DetailedEstimates_20-Sep-2026.xlsx",Detailed Estimates,28
2026-09-20,detailed_estimates,BMV:BIMBO A (Mex$),Consensus,EPS Normalized,,Actual/Estimate,FY 2010,FY,2010,,2010-12-31,1.23,,A,1.23 A,Mex$ per share,MXN,"filings/capitaliq/Estimates/Detailed Estimated/SPGlobal_GrupoBimbo,S.A.B.deC.V._DetailedEstimates_20-Sep-2026.xlsx",Detailed Estimates,28
2026-09-20,detailed_estimates,BMV:BIMBO A (Mex$),Consensus,EPS Normalized,,Actual/Estimate,FQ2 2011,FQ,2011,2,2011-06-30,0.22,,A,0.22 A,Mex$ per share,MXN,"filings/capitaliq/Estimates/Detailed Estimated/SPGlobal_GrupoBimbo,S.A.B.deC.V._DetailedEstimates_20-Sep-2026.xlsx",Detailed Estimates,28
2026-09-20,detailed_estimates,BMV:BIMBO A (Mex$),Consensus,EPS Normalized,,Actual/Estimate,FQ3 2011,FQ,2011,3,2011-09-30,0.45,,A,0.45 A,Mex$ per share,MXN,"filings/capitaliq/Estimates/Detailed Estimated/SPGlobal_GrupoBimbo,S.A.B.deC.V._DetailedEstimates_20-Sep-2026.xlsx",Detailed Estimates,28
2026-09-20,detailed_estimates,BMV:BIMBO A (Mex$),Consensus,EPS Normalized,,Actual/Estimate,FQ4 2011,FQ,2011,4,2011-12-31,0.22,,A,0.22 A,Mex$ per share,MXN,"filings/capitaliq/Estimates/Detailed Estimated/SPGlobal_GrupoBimbo,S.A.B.deC.V._DetailedEstimates_20-Sep-2026.xlsx",Detailed Estimates,28
2026-09-20,detailed_estimates,BMV:BIMBO A (Mex$),Consensus,EPS Normalized,,Actual/Estimate,FY 2011,FY,2011,,2011-12-31,1.13,,A,1.13 A,Mex$ per share,MXN,"filings/capitaliq/Estimates/Detailed Estimated/SPGlobal_GrupoBimbo,S.A.B.deC.V._DetailedEstimates_20-Sep-2026.xlsx",Detailed Estimates,28
2026-09-20,detailed_estimates,BMV:BIMBO A (Mex$),Consensus,EPS Normalized,,Actual/Estimate,FQ4 2012,FQ,2012,4,2012-12-31,0.04,,A,0.04 A,Mex$ per share,MXN,"filings/capitaliq/Estimates/Detailed Estimated/SPGlobal_GrupoBimbo,S.A.B.deC.V._DetailedEstimates_20-Sep-2026.xlsx",Detailed Estimates,28
2026-09-20,detailed_estimates,BMV:BIMBO A (Mex$),Consensus,EPS Normalized,,Actual/Estimate,FY 2012,FY,2012,,2012-12-31,0.43,,A,0.43 A,Mex$ per share,MXN,"filings/capitaliq/Estimates/Detailed Estimated/SPGlobal_GrupoBimbo,S.A.B.deC.V._DetailedEstimates_20-Sep-2026.xlsx",Detailed Estimates,28
2026-09-20,detailed_estimates,BMV:BIMBO A (Mex$),Consensus,EPS Normalized,,Actual/Estimate,FQ1 2013,FQ,2013,1,2013-03-31,0.12,,A,0.12 A,Mex$ per share,MXN,"filings/capitaliq/Estimates/Detailed Estimated/SPGlobal_GrupoBimbo,S.A.B.deC.V._DetailedEstimates_20-Sep-2026.xlsx",Detailed Estimates,28
2026-09-20,detailed_estimates,BMV:BIMBO A (Mex$),Consensus,EPS Normalized,,Actual/Estimate,FQ2 2013,FQ,2013,2,2013-06-30,0.22,,A,0.22 A,Mex$ per share,MXN,"filings/capitaliq/Estimates/Detailed Estimated/SPGlobal_GrupoBimbo,S.A.B.deC.V._DetailedEstimates_20-Sep-2026.xlsx",Detailed Estimates,28
2026-09-20,detailed_estimates,BMV:BIMBO A (Mex$),Consensus,EPS Normalized,,Actual/Estimate,FQ3 2013,FQ,2013,3,2013-09-30,0.32,,A,0.32 A,Mex$ per share,MXN,"filings/capitaliq/Estimates/Detailed Estimated/SPGlobal_GrupoBimbo,S.A.B.deC.V._DetailedEstimates_20-Sep-2026.xlsx",Detailed Estimates,28
2026-09-20,detailed_estimates,BMV:BIMBO A (Mex$),Consensus,EPS Normalized,,Actual/Estimate,FQ4 2013,FQ,2013,4,2013-12-31,0.27,,A,0.27 A,Mex$ per share,MXN,"filings/capitaliq/Estimates/Detailed Estimated/SPGlobal_GrupoBimbo,S.A.B.deC.V._DetailedEstimates_20-Sep-2026.xlsx",Detailed Estimates,28
2026-09-20,detailed_estimates,BMV:BIMBO A (Mex$),Consensus,EPS Normalized,,Actual/Estimate,FY 2013,FY,2013,,2013-12-31,0.93,,A,0.93 A,Mex$ per share,MXN,"filings/capitaliq/Estimates/Detailed Estimated/SPGlobal_GrupoBimbo,S.A.B.deC.V._DetailedEstimates_20-Sep-2026.xlsx",Detailed Estimates,28
2026-09-20,detailed_estimates,BMV:BIMBO A (Mex$),Consensus,EPS Normalized,,Actual/Estimate,FQ1 2014,FQ,2014,1,2014-03-31,0.11,,A,0.11 A,Mex$ per share,MXN,"filings/capitaliq/Estimates/Detailed Estimated/SPGlobal_GrupoBimbo,S.A.B.deC.V._DetailedEstimates_20-Sep-2026.xlsx",Detailed Estimates,28
2026-09-20,detailed_estimates,BMV:BIMBO A (Mex$),Consensus,EPS Normalized,,Actual/Estimate,FQ2 2014,FQ,2014,2,2014-06-30,0.34,,A,0.34 A,Mex$ per share,MXN,"filings/capitaliq/Estimates/Detailed Estimated/SPGlobal_GrupoBimbo,S.A.B.deC.V._DetailedEstimates_20-Sep-2026.xlsx",Detailed Estimates,28
2026-09-20,detailed_estimates,BMV:BIMBO A (Mex$),Consensus,EPS Normalized,,Actual/Estimate,FQ3 2014,FQ,2014,3,2014-09-30,0.41,,A,0.41 A,Mex$ per share,MXN,"filings/capitaliq/Estimates/Detailed Estimated/SPGlobal_GrupoBimbo,S.A.B.deC.V._DetailedEstimates_20-Sep-2026.xlsx",Detailed Estimates,28
2026-09-20,detailed_estimates,BMV:BIMBO A (Mex$),Consensus,EPS Normalized,,Actual/Estimate,FQ4 2014,FQ,2014,4,2014-12-31,0.52,,A,0.52 A,Mex$ per share,MXN,"filings/capitaliq/Estimates/Detailed Estimated/SPGlobal_GrupoBimbo,S.A.B.deC.V._DetailedEstimates_20-Sep-2026.xlsx",Detailed Estimates,28
2026-09-20,detailed_estimates,BMV:BIMBO A (Mex$),Consensus,EPS Normalized,,Actual/Estimate,FY 2014,FY,2014,,2014-12-31,1.07,,A,1.07 A,Mex$ per share,MXN,"filings/capitaliq/Estimates/Detailed Estimated/SPGlobal_GrupoBimbo,S.A.B.deC.V._DetailedEstimates_20-Sep-2026.xlsx",Detailed Estimates,28
2026-09-20,detailed_estimates,BMV:BIMBO A (Mex$),Consensus,EPS Normalized,,Actual/Estimate,FQ1 2015,FQ,2015,1,2015-03-31,0.19,,A,0.19 A,Mex$ per share,MXN,"filings/capitaliq/Estimates/Detailed Estimated/SPGlobal_GrupoBimbo,S.A.B.deC.V._DetailedEstimates_20-Sep-2026.xlsx",Detailed Estimates,28
2026-09-20,detailed_estimates,BMV:BIMBO A (Mex$),Consensus,EPS Normalized,,Actual/Estimate,FQ2 2015,FQ,2015,2,2015-06-30,0.37,,A,0.37 A,Mex$ per share,MXN,"filings/capitaliq/Estimates/Detailed Estimated/SPGlobal_GrupoBimbo,S.A.B.deC.V._DetailedEstimates_20-Sep-2026.xlsx",Detailed Estimates,28
2026-09-20,detailed_estimates,BMV:BIMBO A (Mex$),Consensus,EPS Normalized,,Actual/Estimate,FQ3 2015,FQ,2015,3,2015-09-30,0.48,,A,0.48 A,Mex$ per share,MXN,"filings/capitaliq/Estimates/Detailed Estimated/SPGlobal_GrupoBimbo,S.A.B.deC.V._DetailedEstimates_20-Sep-2026.xlsx",Detailed Estimates,28
2026-09-20,detailed_estimates,BMV:BIMBO A (Mex$),Consensus,EPS Normalized,,Actual/Estimate,FQ4 2015,FQ,2015,4,2015-12-31,0.06,,A,0.06 A,Mex$ per share,MXN,"filings/capitaliq/Estimates/Detailed Estimated/SPGlobal_GrupoBimbo,S.A.B.deC.V._DetailedEstimates_20-Sep-2026.xlsx",Detailed Estimates,28
2026-09-20,detailed_estimates,BMV:BIMBO A (Mex$),Consensus,EPS Normalized,,Actual/Estimate,FY 2015,FY,2015,,2015-12-31,1.1,,A,1.10 A,Mex$ per share,MXN,"filings/capitaliq/Estimates/Detailed Estimated/SPGlobal_GrupoBimbo,S.A.B.deC.V._DetailedEstimates_20-Sep-2026.xlsx",Detailed Estimates,28
2026-09-20,detailed_estimates,BMV:BIMBO A (Mex$),Consensus,EPS Normalized,,Actual/Estimate,FQ1 2016,FQ,2016,1,2016-03-31,0.29,,A,0.29 A,Mex$ per share,MXN,"filings/capitaliq/Estimates/Detailed Estimated/SPGlobal_GrupoBimbo,S.A.B.deC.V._DetailedEstimates_20-Sep-2026.xlsx",Detailed Estimates,28
2026-09-20,detailed_estimates,BMV:BIMBO A (Mex$),Consensus,EPS Normalized,,Actual/Estimate,FQ2 2016,FQ,2016,2,2016-06-30,0.41,,A,0.41 A,Mex$ per share,MXN,"filings/capitaliq/Estimates/Detailed Estimated/SPGlobal_GrupoBimbo,S.A.B.deC.V._DetailedEstimates_20-Sep-2026.xlsx",Detailed Estimates,28
2026-09-20,detailed_estimates,BMV:BIMBO A (Mex$),Consensus,EPS Normalized,,Actual/Estimate,FQ3 2016,FQ,2016,3,2016-09-30,0.51,,A,0.51 A,Mex$ per share,MXN,"filings/capitaliq/Estimates/Detailed Estimated/SPGlobal_GrupoBimbo,S.A.B.deC.V._DetailedEstimates_20-Sep-2026.xlsx",Detailed Estimates,28
2026-09-20,detailed_estimates,BMV:BIMBO A (Mex$),Consensus,EPS Normalized,,Actual/Estimate,FQ4 2016,FQ,2016,4,2016-12-31,0.04,,A,0.04 A,Mex$ per share,MXN,"filings/capitaliq/Estimates/Detailed Estimated/SPGlobal_GrupoBimbo,S.A.B.deC.V._DetailedEstimates_20-Sep-2026.xlsx",Detailed Estimates,28
2026-09-20,detailed_estimates,BMV:BIMBO A (Mex$),Consensus,EPS Normalized,,Actual/Estimate,FY 2016,FY,2016,,2016-12-31,1.25,,A,1.25 A,Mex$ per share,MXN,"filings/capitaliq/Estimates/Detailed Estimated/SPGlobal_GrupoBimbo,S.A.B.deC.V._DetailedEstimates_20-Sep-2026.xlsx",Detailed Estimates,28
2026-09-20,detailed_estimates,BMV:BIMBO A (Mex$),Consensus,EPS Normalized,,Actual/Estimate,FQ1 2017,FQ,2017,1,2017-03-31,0.21,,A,0.21 A,Mex$ per share,MXN,"filings/capitaliq/Estimates/Detailed Estimated/SPGlobal_GrupoBimbo,S.A.B.deC.V._DetailedEstimates_20-Sep-2026.xlsx",Detailed Estimates,28
2026-09-20,detailed_estimates,BMV:BIMBO A (Mex$),Consensus,EPS Normalized,,Actual/Estimate,FQ2 2017,FQ,2017,2,2017-06-30,0.32,,A,0.32 A,Mex$ per share,MXN,"filings/capitaliq/Estimates/Detailed Estimated/SPGlobal_GrupoBimbo,S.A.B.deC.V._DetailedEstimates_20-Sep-2026.xlsx",Detailed Estimates,28
2026-09-20,detailed_estimates,BMV:BIMBO A (Mex$),Consensus,EPS Normalized,,Actual/Estimate,FQ3 2017,FQ,2017,3,2017-09-30,0.36,,A,0.36 A,Mex$ per share,MXN,"filings/capitaliq/Estimates/Detailed Estimated/SPGlobal_GrupoBimbo,S.A.B.deC.V._DetailedEstimates_20-Sep-2026.xlsx",Detailed Estimates,28
2026-09-20,detailed_estimates,BMV:BIMBO A (Mex$),Consensus,EPS Normalized,,Actual/Estimate,FQ4 2017,FQ,2017,4,2017-12-31,0.09,,A,0.09 A,Mex$ per share,MXN,"filings/capitaliq/Estimates/Detailed Estimated/SPGlobal_GrupoBimbo,S.A.B.deC.V._DetailedEstimates_20-Sep-2026.xlsx",Detailed Estimates,28
2026-09-20,detailed_estimates,BMV:BIMBO A (Mex$),Consensus,EPS Normalized,,Actual/Estimate,FY 2017,FY,2017,,2017-12-31,0.98,,A,0.98 A,Mex$ per share,MXN,"filings/capitaliq/Estimates/Detailed Estimated/SPGlobal_GrupoBimbo,S.A.B.deC.V._DetailedEstimates_20-Sep-2026.xlsx",Detailed Estimates,28
2026-09-20,detailed_estimates,BMV:BIMBO A (Mex$),Consensus,EPS Normalized,,Actual/Estimate,FQ1 2018,FQ,2018,1,2018-03-31,0.27,,A,0.27 A,Mex$ per share,MXN,"filings/capitaliq/Estimates/Detailed Estimated/SPGlobal_GrupoBimbo,S.A.B.deC.V._DetailedEstimates_20-Sep-2026.xlsx",Detailed Estimates,28
2026-09-20,detailed_estimates,BMV:BIMBO A (Mex$),Consensus,EPS Normalized,,Actual/Estimate,FQ2 2018,FQ,2018,2,2018-06-30,0.38,,A,0.38 A,Mex$ per share,MXN,"filings/capitaliq/Estimates/Detailed Estimated/SPGlobal_GrupoBimbo,S.A.B.deC.V._DetailedEstimates_20-Sep-2026.xlsx",Detailed Estimates,28
2026-09-20,detailed_estimates,BMV:BIMBO A (Mex$),Consensus,EPS Normalized,,Actual/Estimate,FQ3 2018,FQ,2018,3,2018-09-30,0.39,,A,0.39 A,Mex$ per share,MXN,"filings/capitaliq/Estimates/Detailed Estimated/SPGlobal_GrupoBimbo,S.A.B.deC.V._DetailedEstimates_20-Sep-2026.xlsx",Detailed Estimates,28
2026-09-20,detailed_estimates,BMV:BIMBO A (Mex$),Consensus,EPS Normalized,,Actual/Estimate,FQ4 2018,FQ,2018,4,2018-12-31,0.2,,A,0.20 A,Mex$ per share,MXN,"filings/capitaliq/Estimates/Detailed Estimated/SPGlobal_GrupoBimbo,S.A.B.deC.V._DetailedEstimates_20-Sep-2026.xlsx",Detailed Estimates,28
2026-09-20,detailed_estimates,BMV:BIMBO A (Mex$),Consensus,EPS Normalized,,Actual/Estimate,FY 2018,FY,2018,,2018-12-31,1.24,,A,1.24 A,Mex$ per share,MXN,"filings/capitaliq/Estimates/Detailed Estimated/SPGlobal_GrupoBimbo,S.A.B.deC.V._DetailedEstimates_20-Sep-2026.xlsx",Detailed Estimates,28
2026-09-20,detailed_estimates,BMV:BIMBO A (Mex$),Consensus,EPS Normalized,,Actual/Estimate,FQ1 2019,FQ,2019,1,2019-03-31,0.28,,A,0.28 A,Mex$ per share,MXN,"filings/capitaliq/Estimates/Detailed Estimated/SPGlobal_GrupoBimbo,S.A.B.deC.V._DetailedEstimates_20-Sep-2026.xlsx",Detailed Estimates,28
2026-09-20,detailed_estimates,BMV:BIMBO A (Mex$),Consensus,EPS Normalized,,Actual/Estimate,FQ2 2019,FQ,2019,2,2019-06-30,0.26,,A,0.26 A,Mex$ per share,MXN,"filings/capitaliq/Estimates/Detailed Estimated/SPGlobal_GrupoBimbo,S.A.B.deC.V._DetailedEstimates_20-Sep-2026.xlsx",Detailed Estimates,28
2026-09-20,detailed_estimates,BMV:BIMBO A (Mex$),Consensus,EPS Normalized,,Actual/Estimate,FQ3 2019,FQ,2019,3,2019-09-30,0.42,,A,0.42 A,Mex$ per share,MXN,"filings/capitaliq/Estimates/Detailed Estimated/SPGlobal_GrupoBimbo,S.A.B.deC.V._DetailedEstimates_20-Sep-2026.xlsx",Detailed Estimates,28
2026-09-20,detailed_estimates,BMV:BIMBO A (Mex$),Consensus,EPS Normalized,,Actual/Estimate,FQ4 2019,FQ,2019,4,2019-12-31,0.39,,A,0.39 A,Mex$ per share,MXN,"filings/capitaliq/Estimates/Detailed Estimated/SPGlobal_GrupoBimbo,S.A.B.deC.V._DetailedEstimates_20-Sep-2026.xlsx",Detailed Estimates,28
2026-09-20,detailed_estimates,BMV:BIMBO A (Mex$),Consensus,EPS Normalized,,Actual/Estimate,FY 2019,FY,2019,,2019-12-31,1.36,,A,1.36 A,Mex$ per share,MXN,"filings/capitaliq/Estimates/Detailed Estimated/SPGlobal_GrupoBimbo,S.A.B.deC.V._DetailedEstimates_20-Sep-2026.xlsx",Detailed Estimates,28
2026-09-20,detailed_estimates,BMV:BIMBO A (Mex$),Consensus,EPS Normalized,,Actual/Estimate,FQ1 2020,FQ,2020,1,2020-03-31,0.01,,A,0.01 A,Mex$ per share,MXN,"filings/capitaliq/Estimates/Detailed Estimated/SPGlobal_GrupoBimbo,S.A.B.deC.V._DetailedEstimates_20-Sep-2026.xlsx",Detailed Estimates,28
2026-09-20,detailed_estimates,BMV:BIMBO A (Mex$),Consensus,EPS Normalized,,Actual/Estimate,FQ2 2020,FQ,2020,2,2020-06-30,0.57,,A,0.57 A,Mex$ per share,MXN,"filings/capitaliq/Estimates/Detailed Estimated/SPGlobal_GrupoBimbo,S.A.B.deC.V._DetailedEstimates_20-Sep-2026.xlsx",Detailed Estimates,28
2026-09-20,detailed_estimates,BMV:BIMBO A (Mex$),Consensus,EPS Normalized,,Actual/Estimate,FQ3 2020,FQ,2020,3,2020-09-30,0.79,,A,0.79 A,Mex$ per share,MXN,"filings/capitaliq/Estimates/Detailed Estimated/SPGlobal_GrupoBimbo,S.A.B.deC.V._DetailedEstimates_20-Sep-2026.xlsx",Detailed Estimates,28
2026-09-20,detailed_estimates,BMV:BIMBO A (Mex$),Consensus,EPS Normalized,,Actual/Estimate,FQ4 2020,FQ,2020,4,2020-12-31,0.64,,A,0.64 A,Mex$ per share,MXN,"filings/capitaliq/Estimates/Detailed Estimated/SPGlobal_GrupoBimbo,S.A.B.deC.V._DetailedEstimates_20-Sep-2026.xlsx",Detailed Estimates,28
2026-09-20,detailed_estimates,BMV:BIMBO A (Mex$),Consensus,EPS Normalized,,Actual/Estimate,FY 2020,FY,2020,,2020-12-31,2.0,,A,2.00 A,Mex$ per share,MXN,"filings/capitaliq/Estimates/Detailed Estimated/SPGlobal_GrupoBimbo,S.A.B.deC.V._DetailedEstimates_20-Sep-2026.xlsx",Detailed Estimates,28
2026-09-20,detailed_estimates,BMV:BIMBO A (Mex$),Consensus,EPS Normalized,,Actual/Estimate,FQ1 2021,FQ,2021,1,2021-03-31,0.9,,A,0.90 A,Mex$ per share,MXN,"filings/capitaliq/Estimates/Detailed Estimated/SPGlobal_GrupoBimbo,S.A.B.deC.V._DetailedEstimates_20-Sep-2026.xlsx",Detailed Estimates,28
2026-09-20,detailed_estimates,BMV:BIMBO A (Mex$),Consensus,EPS Normalized,,Actual/Estimate,FQ2 2021,FQ,2021,2,2021-06-30,0.7,,A,0.70 A,Mex$ per share,MXN,"filings/capitaliq/Estimates/Detailed Estimated/SPGlobal_GrupoBimbo,S.A.B.deC.V._DetailedEstimates_20-Sep-2026.xlsx",Detailed Estimates,28
2026-09-20,detailed_estimates,BMV:BIMBO A (Mex$),Consensus,EPS Normalized,,Actual/Estimate,FQ3 2021,FQ,2021,3,2021-09-30,0.95,,A,0.95 A,Mex$ per share,MXN,"filings/capitaliq/Estimates/Detailed Estimated/SPGlobal_GrupoBimbo,S.A.B.deC.V._DetailedEstimates_20-Sep-2026.xlsx",Detailed Estimates,28
2026-09-20,detailed_estimates,BMV:BIMBO A (Mex$),Consensus,EPS Normalized,,Actual/Estimate,FQ4 2021,FQ,2021,4,2021-12-31,1.08,,A,1.08 A,Mex$ per share,MXN,"filings/capitaliq/Estimates/Detailed Estimated/SPGlobal_GrupoBimbo,S.A.B.deC.V._DetailedEstimates_20-Sep-2026.xlsx",Detailed Estimates,28
2026-09-20,detailed_estimates,BMV:BIMBO A (Mex$),Consensus,EPS Normalized,,Actual/Estimate,FY 2021,FY,2021,,2021-12-31,3.55,,A,3.55 A,Mex$ per share,MXN,"filings/capitaliq/Estimates/Detailed Estimated/SPGlobal_GrupoBimbo,S.A.B.deC.V._DetailedEstimates_20-Sep-2026.xlsx",Detailed Estimates,28
2026-09-20,detailed_estimates,BMV:BIMBO A (Mex$),Consensus,EPS Normalized,,Actual/Estimate,FQ1 2022,FQ,2022,1,2022-03-31,1.0,,A,1.00 A,Mex$ per share,MXN,"filings/capitaliq/Estimates/Detailed Estimated/SPGlobal_GrupoBimbo,S.A.B.deC.V._DetailedEstimates_20-Sep-2026.xlsx",Detailed Estimates,28
2026-09-20,detailed_estimates,BMV:BIMBO A (Mex$),Consensus,EPS Normalized,,Actual/Estimate,FQ2 2022,FQ,2022,2,2022-06-30,1.28,,A,1.28 A,Mex$ per share,MXN,"filings/capitaliq/Estimates/Detailed Estimated/SPGlobal_GrupoBimbo,S.A.B.deC.V._DetailedEstimates_20-Sep-2026.xlsx",Detailed Estimates,28
2026-09-20,detailed_estimates,BMV:BIMBO A (Mex$),Consensus,EPS Normalized,,Actual/Estimate,FQ3 2022,FQ,2022,3,2022-09-30,1.37,,A,1.37 A,Mex$ per share,MXN,"filings/capitaliq/Estimates/Detailed Estimated/SPGlobal_GrupoBimbo,S.A.B.deC.V._DetailedEstimates_20-Sep-2026.xlsx",Detailed Estimates,28
2026-09-20,detailed_estimates,BMV:BIMBO A (Mex$),Consensus,EPS Normalized,,Actual/Estimate,FQ4 2022,FQ,2022,4,2022-12-31,3.37,,A,3.37 A,Mex$ per share,MXN,"filings/capitaliq/Estimates/Detailed Estimated/SPGlobal_GrupoBimbo,S.A.B.deC.V._DetailedEstimates_20-Sep-2026.xlsx",Detailed Estimates,28
2026-09-20,detailed_estimates,BMV:BIMBO A (Mex$),Consensus,EPS Normalized,,Actual/Estimate,FY 2022,FY,2022,,2022-12-31,6.81,,A,6.81 A,Mex$ per share,MXN,"filings/capitaliq/Estimates/Detailed Estimated/SPGlobal_GrupoBimbo,S.A.B.deC.V._DetailedEstimates_20-Sep-2026.xlsx",Detailed Estimates,28
2026-09-20,detailed_estimates,BMV:BIMBO A (Mex$),Consensus,EPS Normalized,,Actual/Estimate,FQ1 2023,FQ,2023,1,2023-03-31,0.92,,A,0.92 A,Mex$ per share,MXN,"filings/capitaliq/Estimates/Detailed Estimated/SPGlobal_GrupoBimbo,S.A.B.deC.V._DetailedEstimates_20-Sep-2026.xlsx",Detailed Estimates,28
2026-09-20,detailed_estimates,BMV:BIMBO A (Mex$),Consensus,EPS Normalized,,Actual/Estimate,FQ2 2023,FQ,2023,2,2023-06-30,0.89,,A,0.89 A,Mex$ per share,MXN,"filings/capitaliq/Estimates/Detailed Estimated/SPGlobal_GrupoBimbo,S.A.B.deC.V._DetailedEstimates_20-Sep-2026.xlsx",Detailed Estimates,28
2026-09-20,detailed_estimates,BMV:BIMBO A (Mex$),Consensus,EPS Normalized,,Actual/Estimate,FQ3 2023,FQ,2023,3,2023-09-30,0.95,,A,0.95 A,Mex$ per share,MXN,"filings/capitaliq/Estimates/Detailed Estimated/SPGlobal_GrupoBimbo,S.A.B.deC.V._DetailedEstimates_20-Sep-2026.xlsx",Detailed Estimates,28
2026-09-20,detailed_estimates,BMV:BIMBO A (Mex$),Consensus,EPS Normalized,,Actual/Estimate,FQ4 2023,FQ,2023,4,2023-12-31,0.74,,A,0.74 A,Mex$ per share,MXN,"filings/capitaliq/Estimates/Detailed Estimated/SPGlobal_GrupoBimbo,S.A.B.deC.V._DetailedEstimates_20-Sep-2026.xlsx",Detailed Estimates,28
2026-09-20,detailed_estimates,BMV:BIMBO A (Mex$),Consensus,EPS Normalized,,Actual/Estimate,FY 2023,FY,2023,,2023-12-31,3.5,,A,3.50 A,Mex$ per share,MXN,"filings/capitaliq/Estimates/Detailed Estimated/SPGlobal_GrupoBimbo,S.A.B.deC.V._DetailedEstimates_20-Sep-2026.xlsx",Detailed Estimates,28
2026-09-20,detailed_estimates,BMV:BIMBO A (Mex$),Consensus,EPS Normalized,,Actual/Estimate,FQ1 2024,FQ,2024,1,2024-03-31,0.54,,A,0.54 A,Mex$ per share,MXN,"filings/capitaliq/Estimates/Detailed Estimated/SPGlobal_GrupoBimbo,S.A.B.deC.V._DetailedEstimates_20-Sep-2026.xlsx",Detailed Estimates,28
2026-09-20,detailed_estimates,BMV:BIMBO A (Mex$),Consensus,EPS Normalized,,Actual/Estimate,FQ2 2024,FQ,2024,2,2024-06-30,0.76,,A,0.76 A,Mex$ per share,MXN,"filings/capitaliq/Estimates/Detailed Estimated/SPGlobal_GrupoBimbo,S.A.B.deC.V._DetailedEstimates_20-Sep-2026.xlsx",Detailed Estimates,28
2026-09-20,detailed_estimates,BMV:BIMBO A (Mex$),Consensus,EPS Normalized,,Actual/Estimate,FQ3 2024,FQ,2024,3,2024-09-30,0.85,,A,0.85 A,Mex$ per share,MXN,"filings/capitaliq/Estimates/Detailed Estimated/SPGlobal_GrupoBimbo,S.A.B.deC.V._DetailedEstimates_20-Sep-2026.xlsx",Detailed Estimates,28
2026-09-20,detailed_estimates,BMV:BIMBO A (Mex$),Consensus,EPS Normalized,,Actual/Estimate,FQ4 2024,FQ,2024,4,2024-12-31,0.72,,A,0.72 A,Mex$ per share,MXN,"filings/capitaliq/Estimates/Detailed Estimated/SPGlobal_GrupoBimbo,S.A.B.deC.V._DetailedEstimates_20-Sep-2026.xlsx",Detailed Estimates,28
2026-09-20,detailed_estimates,BMV:BIMBO A (Mex$),Consensus,EPS Normalized,,Actual/Estimate,FY 2024,FY,2024,,2024-12-31,2.88,,A,2.88 A,Mex$ per share,MXN,"filings/capitaliq/Estimates/Detailed Estimated/SPGlobal_GrupoBimbo,S.A.B.deC.V._DetailedEstimates_20-Sep-2026.xlsx",Detailed Estimates,28
2026-09-20,detailed_estimates,BMV:BIMBO A (Mex$),Consensus,EPS Normalized,,Actual/Estimate,FQ1 2025,FQ,2025,1,2025-03-31,0.41,,A,0.41 A,Mex$ per share,MXN,"filings/capitaliq/Estimates/Detailed Estimated/SPGlobal_GrupoBimbo,S.A.B.deC.V._DetailedEstimates_20-Sep-2026.xlsx",Detailed Estimates,28
2026-09-20,detailed_estimates,BMV:BIMBO A (Mex$),Consensus,EPS Normalized,,Actual/Estimate,FQ2 2025,FQ,2025,2,2025-06-30,0.65,,A,0.65 A,Mex$ per share,MXN,"filings/capitaliq/Estimates/Detailed Estimated/SPGlobal_GrupoBimbo,S.A.B.deC.V._DetailedEstimates_20-Sep-2026.xlsx",Detailed Estimates,28
2026-09-20,detailed_estimates,BMV:BIMBO A (Mex$),Consensus,EPS Normalized,,Actual/Estimate,FQ3 2025,FQ,2025,3,2025-09-30,0.78,,A,0.78 A,Mex$ per share,MXN,"filings/capitaliq/Estimates/Detailed Estimated/SPGlobal_GrupoBimbo,S.A.B.deC.V._DetailedEstimates_20-Sep-2026.xlsx",Detailed Estimates,28
2026-09-20,detailed_estimates,BMV:BIMBO A (Mex$),Consensus,EPS Normalized,,Actual/Estimate,FQ4 2025,FQ,2025,4,2025-12-31,0.73,,A,0.73 A,Mex$ per share,MXN,"filings/capitaliq/Estimates/Detailed Estimated/SPGlobal_GrupoBimbo,S.A.B.deC.V._DetailedEstimates_20-Sep-2026.xlsx",Detailed Estimates,28
2026-09-20,detailed_estimates,BMV:BIMBO A (Mex$),Consensus,EPS Normalized,,Actual/Estimate,FY 2025,FY,2025,,2025-12-31,2.58,,A,2.58 A,Mex$ per share,MXN,"filings/capitaliq/Estimates/Detailed Estimated/SPGlobal_GrupoBimbo,S.A.B.deC.V._DetailedEstimates_20-Sep-2026.xlsx",Detailed Estimates,28
2026-09-20,detailed_estimates,BMV:BIMBO A (Mex$),Consensus,EPS Normalized,,Actual/Estimate,FQ1 2026,FQ,2026,1,2026-03-31,0.55,,A,0.55 A,Mex$ per share,MXN,"filings/capitaliq/Estimates/Detailed Estimated/SPGlobal_GrupoBimbo,S.A.B.deC.V._DetailedEstimates_20-Sep-2026.xlsx",Detailed Estimates,28
2026-09-20,detailed_estimates,BMV:BIMBO A (Mex$),Consensus,EPS Normalized,,Actual/Estimate,FQ2 2026,FQ,2026,2,2026-06-30,0.68,,A,0.68 A,Mex$ per share,MXN,"filings/capitaliq/Estimates/Detailed Estimated/SPGlobal_GrupoBimbo,S.A.B.deC.V._DetailedEstimates_20-Sep-2026.xlsx",Detailed Estimates,28
2026-09-20,detailed_estimates,BMV:BIMBO A (Mex$),Consensus,EPS Normalized,,Actual/Estimate,FQ3 2026,FQ,2026,3,2026-09-30,0.87,,E,0.87 E,Mex$ per share,MXN,"filings/capitaliq/Estimates/Detailed Estimated/SPGlobal_GrupoBimbo,S.A.B.deC.V._DetailedEstimates_20-Sep-2026.xlsx",Detailed Estimates,28
2026-09-20,detailed_estimates,BMV:BIMBO A (Mex$),Consensus,EPS Normalized,,Actual/Estimate,FQ4 2026,FQ,2026,4,2026-12-31,0.9,,E,0.90 E,Mex$ per share,MXN,"filings/capitaliq/Estimates/Detailed Estimated/SPGlobal_GrupoBimbo,S.A.B.deC.V._DetailedEstimates_20-Sep-2026.xlsx",Detailed Estimates,28
2026-09-20,detailed_estimates,BMV:BIMBO A (Mex$),Consensus,EPS Normalized,,Actual/Estimate,FY 2026,FY,2026,,2026-12-31,3.07,,E,3.07 E,Mex$ per share,MXN,"filings/capitaliq/Estimates/Detailed Estimated/SPGlobal_GrupoBimbo,S.A.B.deC.V._DetailedEstimates_20-Sep-2026.xlsx",Detailed Estimates,28
2026-09-20,detailed_estimates,BMV:BIMBO A (Mex$),Consensus,EPS Normalized,,Actual/Estimate,FQ1 2027,FQ,2027,1,2027-03-31,0.62,,E,0.62 E,Mex$ per share,MXN,"filings/capitaliq/Estimates/Detailed Estimated/SPGlobal_GrupoBimbo,S.A.B.deC.V._DetailedEstimates_20-Sep-2026.xlsx",Detailed Estimates,28
2026-09-20,detailed_estimates,BMV:BIMBO A (Mex$),Consensus,EPS Normalized,,Actual/Estimate,FQ2 2027,FQ,2027,2,2027-06-30,0.8,,E,0.80 E,Mex$ per share,MXN,"filings/capitaliq/Estimates/Detailed Estimated/SPGlobal_GrupoBimbo,S.A.B.deC.V._DetailedEstimates_20-Sep-2026.xlsx",Detailed Estimates,28
2026-09-20,detailed_estimates,BMV:BIMBO A (Mex$),Consensus,EPS Normalized,,Actual/Estimate,FQ3 2027,FQ,2027,3,2027-09-30,0.93,,E,0.93 E,Mex$ per share,MXN,"filings/capitaliq/Estimates/Detailed Estimated/SPGlobal_GrupoBimbo,S.A.B.deC.V._DetailedEstimates_20-Sep-2026.xlsx",Detailed Estimates,28
2026-09-20,detailed_estimates,BMV:BIMBO A (Mex$),Consensus,EPS Normalized,,Actual/Estimate,FQ4 2027,FQ,2027,4,2027-12-31,0.88,,E,0.88 E,Mex$ per share,MXN,"filings/capitaliq/Estimates/Detailed Estimated/SPGlobal_GrupoBimbo,S.A.B.deC.V._DetailedEstimates_20-Sep-2026.xlsx",Detailed Estimates,28
2026-09-20,detailed_estimates,BMV:BIMBO A (Mex$),Consensus,EPS Normalized,,Actual/Estimate,FY 2027,FY,2027,,2027-12-31,3.35,,E,3.35 E,Mex$ per share,MXN,"filings/capitaliq/Estimates/Detailed Estimated/SPGlobal_GrupoBimbo,S.A.B.deC.V._DetailedEstimates_20-Sep-2026.xlsx",Detailed Estimates,28
2026-09-20,detailed_estimates,BMV:BIMBO A (Mex$),Consensus,EPS Normalized,,Actual/Estimate,FY 2028,FY,2028,,2028-12-31,3.8,,E,3.80 E,Mex$ per share,MXN,"filings/capitaliq/Estimates/Detailed Estimated/SPGlobal_GrupoBimbo,S.A.B.deC.V._DetailedEstimates_20-Sep-2026.xlsx",Detailed Estimates,28
2026-09-20,detailed_estimates,BMV:BIMBO A (Mex$),Consensus,EPS Normalized,,Actual/Estimate,FY 2029,FY,2029,,2029-12-31,4.02,,E,4.02 E,Mex$ per share,MXN,"filings/capitaliq/Estimates/Detailed Estimated/SPGlobal_GrupoBimbo,S.A.B.deC.V._DetailedEstimates_20-Sep-2026.xlsx",Detailed Estimates,28
2026-09-20,detailed_estimates,BMV:BIMBO A (Mex$),Consensus,EPS Normalized,,Actual/Estimate,FY 2030,FY,2030,,2030-12-31,4.52,,E,4.52 E,Mex$ per share,MXN,"filings/capitaliq/Estimates/Detailed Estimated/SPGlobal_GrupoBimbo,S.A.B.deC.V._DetailedEstimates_20-Sep-2026.xlsx",Detailed Estimates,28
2026-09-20,detailed_estimates,BMV:BIMBO A (Mex$),Consensus,EPS Normalized,,Actual/Estimate,FY 2031,FY,2031,,2031-12-31,5.2,,E,5.20 E,Mex$ per share,MXN,"filings/capitaliq/Estimates/Detailed Estimated/SPGlobal_GrupoBimbo,S.A.B.deC.V._DetailedEstimates_20-Sep-2026.xlsx",Detailed Estimates,28
2026-09-20,detailed_estimates,BMV:BIMBO A (Mex$),Consensus,EPS Normalized,,Mean,FY 1998,FY,1998,,1998-12-31,0.2,,E,0.20 E,Mex$ per share,MXN,"filings/capitaliq/Estimates/Detailed Estimated/SPGlobal_GrupoBimbo,S.A.B.deC.V._DetailedEstimates_20-Sep-2026.xlsx",Detailed Estimates,29
2026-09-20,detailed_estimates,BMV:BIMBO A (Mex$),Consensus,EPS Normalized,,Mean,FY 1999,FY,1999,,1999-12-31,0.33,,E,0.33 E,Mex$ per share,MXN,"filings/capitaliq/Estimates/Detailed Estimated/SPGlobal_GrupoBimbo,S.A.B.deC.V._DetailedEstimates_20-Sep-2026.xlsx",Detailed Estimates,29
2026-09-20,detailed_estimates,BMV:BIMBO A (Mex$),Consensus,EPS Normalized,,Mean,FY 2000,FY,2000,,2000-12-31,0.28,,E,0.28 E,Mex$ per share,MXN,"filings/capitaliq/Estimates/Detailed Estimated/SPGlobal_GrupoBimbo,S.A.B.deC.V._DetailedEstimates_20-Sep-2026.xlsx",Detailed Estimates,29
2026-09-20,detailed_estimates,BMV:BIMBO A (Mex$),Consensus,EPS Normalized,,Mean,FY 2001,FY,2001,,2001-12-31,0.33,,E,0.33 E,Mex$ per share,MXN,"filings/capitaliq/Estimates/Detailed Estimated/SPGlobal_GrupoBimbo,S.A.B.deC.V._DetailedEstimates_20-Sep-2026.xlsx",Detailed Estimates,29
2026-09-20,detailed_estimates,BMV:BIMBO A (Mex$),Consensus,EPS Normalized,,Mean,FY 2002,FY,2002,,2002-12-31,0.22,,E,0.22 E,Mex$ per share,MXN,"filings/capitaliq/Estimates/Detailed Estimated/SPGlobal_GrupoBimbo,S.A.B.deC.V._DetailedEstimates_20-Sep-2026.xlsx",Detailed Estimates,29
2026-09-20,detailed_estimates,BMV:BIMBO A (Mex$),Consensus,EPS Normalized,,Mean,FY 2003,FY,2003,,2003-12-31,0.44,,E,0.44 E,Mex$ per share,MXN,"filings/capitaliq/Estimates/Detailed Estimated/SPGlobal_GrupoBimbo,S.A.B.deC.V._DetailedEstimates_20-Sep-2026.xlsx",Detailed Estimates,29
2026-09-20,detailed_estimates,BMV:BIMBO A (Mex$),Consensus,EPS Normalized,,Mean,FQ3 2004,FQ,2004,3,2004-09-30,0.14,,E,0.14 E,Mex$ per share,MXN,"filings/capitaliq/Estimates/Detailed Estimated/SPGlobal_GrupoBimbo,S.A.B.deC.V._DetailedEstimates_20-Sep-2026.xlsx",Detailed Estimates,29
2026-09-20,detailed_estimates,BMV:BIMBO A (Mex$),Consensus,EPS Normalized,,Mean,FQ4 2004,FQ,2004,4,2004-12-31,0.18,,E,0.18 E,Mex$ per share,MXN,"filings/capitaliq/Estimates/Detailed Estimated/SPGlobal_GrupoBimbo,S.A.B.deC.V._DetailedEstimates_20-Sep-2026.xlsx",Detailed Estimates,29
2026-09-20,detailed_estimates,BMV:BIMBO A (Mex$),Consensus,EPS Normalized,,Mean,FY 2004,FY,2004,,2004-12-31,0.56,,E,0.56 E,Mex$ per share,MXN,"filings/capitaliq/Estimates/Detailed Estimated/SPGlobal_GrupoBimbo,S.A.B.deC.V._DetailedEstimates_20-Sep-2026.xlsx",Detailed Estimates,29
2026-09-20,detailed_estimates,BMV:BIMBO A (Mex$),Consensus,EPS Normalized,,Mean,FQ1 2005,FQ,2005,1,2005-03-31,0.11,,E,0.11 E,Mex$ per share,MXN,"filings/capitaliq/Estimates/Detailed Estimated/SPGlobal_GrupoBimbo,S.A.B.deC.V._DetailedEstimates_20-Sep-2026.xlsx",Detailed Estimates,29
2026-09-20,detailed_estimates,BMV:BIMBO A (Mex$),Consensus,EPS Normalized,,Mean,FQ2 2005,FQ,2005,2,2005-06-30,0.13,,E,0.13 E,Mex$ per share,MXN,"filings/capitaliq/Estimates/Detailed Estimated/SPGlobal_GrupoBimbo,S.A.B.deC.V._DetailedEstimates_20-Sep-2026.xlsx",Detailed Estimates,29
2026-09-20,detailed_estimates,BMV:BIMBO A (Mex$),Consensus,EPS Normalized,,Mean,FQ3 2005,FQ,2005,3,2005-09-30,0.16,,E,0.16 E,Mex$ per share,MXN,"filings/capitaliq/Estimates/Detailed Estimated/SPGlobal_GrupoBimbo,S.A.B.deC.V._DetailedEstimates_20-Sep-2026.xlsx",Detailed Estimates,29
2026-09-20,detailed_estimates,BMV:BIMBO A (Mex$),Consensus,EPS Normalized,,Mean,FQ4 2005,FQ,2005,4,2005-12-31,0.19,,E,0.19 E,Mex$ per share,MXN,"filings/capitaliq/Estimates/Detailed Estimated/SPGlobal_GrupoBimbo,S.A.B.deC.V._DetailedEstimates_20-Sep-2026.xlsx",Detailed Estimates,29
2026-09-20,detailed_estimates,BMV:BIMBO A (Mex$),Consensus,EPS Normalized,,Mean,FY 2005,FY,2005,,2005-12-31,0.61,,E,0.61 E,Mex$ per share,MXN,"filings/capitaliq/Estimates/Detailed Estimated/SPGlobal_GrupoBimbo,S.A.B.deC.V._DetailedEstimates_20-Sep-2026.xlsx",Detailed Estimates,29
2026-09-20,detailed_estimates,BMV:BIMBO A (Mex$),Consensus,EPS Normalized,,Mean,FQ1 2006,FQ,2006,1,2006-03-31,0.13,,E,0.13 E,Mex$ per share,MXN,"filings/capitaliq/Estimates/Detailed Estimated/SPGlobal_GrupoBimbo,S.A.B.deC.V._DetailedEstimates_20-Sep-2026.xlsx",Detailed Estimates,29
2026-09-20,detailed_estimates,BMV:BIMBO A (Mex$),Consensus,EPS Normalized,,Mean,FQ2 2006,FQ,2006,2,2006-06-30,0.16,,E,0.16 E,Mex$ per share,MXN,"filings/capitaliq/Estimates/Detailed Estimated/SPGlobal_GrupoBimbo,S.A.B.deC.V._DetailedEstimates_20-Sep-2026.xlsx",Detailed Estimates,29
2026-09-20,detailed_estimates,BMV:BIMBO A (Mex$),Consensus,EPS Normalized,,Mean,FQ3 2006,FQ,2006,3,2006-09-30,0.2,,E,0.20 E,Mex$ per share,MXN,"filings/capitaliq/Estimates/Detailed Estimated/SPGlobal_GrupoBimbo,S.A.B.deC.V._DetailedEstimates_20-Sep-2026.xlsx",Detailed Estimates,29
2026-09-20,detailed_estimates,BMV:BIMBO A (Mex$),Consensus,EPS Normalized,,Mean,FQ4 2006,FQ,2006,4,2006-12-31,0.25,,E,0.25 E,Mex$ per share,MXN,"filings/capitaliq/Estimates/Detailed Estimated/SPGlobal_GrupoBimbo,S.A.B.deC.V._DetailedEstimates_20-Sep-2026.xlsx",Detailed Estimates,29
2026-09-20,detailed_estimates,BMV:BIMBO A (Mex$),Consensus,EPS Normalized,,Mean,FY 2006,FY,2006,,2006-12-31,0.75,,E,0.75 E,Mex$ per share,MXN,"filings/capitaliq/Estimates/Detailed Estimated/SPGlobal_GrupoBimbo,S.A.B.deC.V._DetailedEstimates_20-Sep-2026.xlsx",Detailed Estimates,29
2026-09-20,detailed_estimates,BMV:BIMBO A (Mex$),Consensus,EPS Normalized,,Mean,FQ1 2007,FQ,2007,1,2007-03-31,0.16,,E,0.16 E,Mex$ per share,MXN,"filings/capitaliq/Estimates/Detailed Estimated/SPGlobal_GrupoBimbo,S.A.B.deC.V._DetailedEstimates_20-Sep-2026.xlsx",Detailed Estimates,29
2026-09-20,detailed_estimates,BMV:BIMBO A (Mex$),Consensus,EPS Normalized,,Mean,FQ2 2007,FQ,2007,2,2007-06-30,0.18,,E,0.18 E,Mex$ per share,MXN,"filings/capitaliq/Estimates/Detailed Estimated/SPGlobal_GrupoBimbo,S.A.B.deC.V._DetailedEstimates_20-Sep-2026.xlsx",Detailed Estimates,29
2026-09-20,detailed_estimates,BMV:BIMBO A (Mex$),Consensus,EPS Normalized,,Mean,FQ3 2007,FQ,2007,3,2007-09-30,0.25,,E,0.25 E,Mex$ per share,MXN,"filings/capitaliq/Estimates/Detailed Estimated/SPGlobal_GrupoBimbo,S.A.B.deC.V._DetailedEstimates_20-Sep-2026.xlsx",Detailed Estimates,29
2026-09-20,detailed_estimates,BMV:BIMBO A (Mex$),Consensus,EPS Normalized,,Mean,FQ4 2007,FQ,2007,4,2007-12-31,0.26,,E,0.26 E,Mex$ per share,MXN,"filings/capitaliq/Estimates/Detailed Estimated/SPGlobal_GrupoBimbo,S.A.B.deC.V._DetailedEstimates_20-Sep-2026.xlsx",Detailed Estimates,29
2026-09-20,detailed_estimates,BMV:BIMBO A (Mex$),Consensus,EPS Normalized,,Mean,FY 2007,FY,2007,,2007-12-31,0.86,,E,0.86 E,Mex$ per share,MXN,"filings/capitaliq/Estimates/Detailed Estimated/SPGlobal_GrupoBimbo,S.A.B.deC.V._DetailedEstimates_20-Sep-2026.xlsx",Detailed Estimates,29
2026-09-20,detailed_estimates,BMV:BIMBO A (Mex$),Consensus,EPS Normalized,,Mean,FQ1 2008,FQ,2008,1,2008-03-31,0.15,,E,0.15 E,Mex$ per share,MXN,"filings/capitaliq/Estimates/Detailed Estimated/SPGlobal_GrupoBimbo,S.A.B.deC.V._DetailedEstimates_20-Sep-2026.xlsx",Detailed Estimates,29
2026-09-20,detailed_estimates,BMV:BIMBO A (Mex$),Consensus,EPS Normalized,,Mean,FQ2 2008,FQ,2008,2,2008-06-30,0.18,,E,0.18 E,Mex$ per share,MXN,"filings/capitaliq/Estimates/Detailed Estimated/SPGlobal_GrupoBimbo,S.A.B.deC.V._DetailedEstimates_20-Sep-2026.xlsx",Detailed Estimates,29
2026-09-20,detailed_estimates,BMV:BIMBO A (Mex$),Consensus,EPS Normalized,,Mean,FQ3 2008,FQ,2008,3,2008-09-30,0.33,,E,0.33 E,Mex$ per share,MXN,"filings/capitaliq/Estimates/Detailed Estimated/SPGlobal_GrupoBimbo,S.A.B.deC.V._DetailedEstimates_20-Sep-2026.xlsx",Detailed Estimates,29
2026-09-20,detailed_estimates,BMV:BIMBO A (Mex$),Consensus,EPS Normalized,,Mean,FQ4 2008,FQ,2008,4,2008-12-31,0.29,,E,0.29 E,Mex$ per share,MXN,"filings/capitaliq/Estimates/Detailed Estimated/SPGlobal_GrupoBimbo,S.A.B.deC.V._DetailedEstimates_20-Sep-2026.xlsx",Detailed Estimates,29
2026-09-20,detailed_estimates,BMV:BIMBO A (Mex$),Consensus,EPS Normalized,,Mean,FY 2008,FY,2008,,2008-12-31,0.92,,E,0.92 E,Mex$ per share,MXN,"filings/capitaliq/Estimates/Detailed Estimated/SPGlobal_GrupoBimbo,S.A.B.deC.V._DetailedEstimates_20-Sep-2026.xlsx",Detailed Estimates,29
2026-09-20,detailed_estimates,BMV:BIMBO A (Mex$),Consensus,EPS Normalized,,Mean,FQ1 2009,FQ,2009,1,2009-03-31,0.13,,E,0.13 E,Mex$ per share,MXN,"filings/capitaliq/Estimates/Detailed Estimated/SPGlobal_GrupoBimbo,S.A.B.deC.V._DetailedEstimates_20-Sep-2026.xlsx",Detailed Estimates,29
2026-09-20,detailed_estimates,BMV:BIMBO A (Mex$),Consensus,EPS Normalized,,Mean,FQ3 2009,FQ,2009,3,2009-09-30,0.39,,E,0.39 E,Mex$ per share,MXN,"filings/capitaliq/Estimates/Detailed Estimated/SPGlobal_GrupoBimbo,S.A.B.deC.V._DetailedEstimates_20-Sep-2026.xlsx",Detailed Estimates,29
2026-09-20,detailed_estimates,BMV:BIMBO A (Mex$),Consensus,EPS Normalized,,Mean,FQ4 2009,FQ,2009,4,2009-12-31,0.41,,E,0.41 E,Mex$ per share,MXN,"filings/capitaliq/Estimates/Detailed Estimated/SPGlobal_GrupoBimbo,S.A.B.deC.V._DetailedEstimates_20-Sep-2026.xlsx",Detailed Estimates,29
2026-09-20,detailed_estimates,BMV:BIMBO A (Mex$),Consensus,EPS Normalized,,Mean,FY 2009,FY,2009,,2009-12-31,1.38,,E,1.38 E,Mex$ per share,MXN,"filings/capitaliq/Estimates/Detailed Estimated/SPGlobal_GrupoBimbo,S.A.B.deC.V._DetailedEstimates_20-Sep-2026.xlsx",Detailed Estimates,29
2026-09-20,detailed_estimates,BMV:BIMBO A (Mex$),Consensus,EPS Normalized,,Mean,FQ2 2010,FQ,2010,2,2010-06-30,0.35,,E,0.35 E,Mex$ per share,MXN,"filings/capitaliq/Estimates/Detailed Estimated/SPGlobal_GrupoBimbo,S.A.B.deC.V._DetailedEstimates_20-Sep-2026.xlsx",Detailed Estimates,29
2026-09-20,detailed_estimates,BMV:BIMBO A (Mex$),Consensus,EPS Normalized,,Mean,FQ3 2010,FQ,2010,3,2010-09-30,0.42,,E,0.42 E,Mex$ per share,MXN,"filings/capitaliq/Estimates/Detailed Estimated/SPGlobal_GrupoBimbo,S.A.B.deC.V._DetailedEstimates_20-Sep-2026.xlsx",Detailed Estimates,29
2026-09-20,detailed_estimates,BMV:BIMBO A (Mex$),Consensus,EPS Normalized,,Mean,FQ4 2010,FQ,2010,4,2010-12-31,0.5,,E,0.50 E,Mex$ per share,MXN,"filings/capitaliq/Estimates/Detailed Estimated/SPGlobal_GrupoBimbo,S.A.B.deC.V._DetailedEstimates_20-Sep-2026.xlsx",Detailed Estimates,29
2026-09-20,detailed_estimates,BMV:BIMBO A (Mex$),Consensus,EPS Normalized,,Mean,FY 2010,FY,2010,,2010-12-31,1.23,,E,1.23 E,Mex$ per share,MXN,"filings/capitaliq/Estimates/Detailed Estimated/SPGlobal_GrupoBimbo,S.A.B.deC.V._DetailedEstimates_20-Sep-2026.xlsx",Detailed Estimates,29
2026-09-20,detailed_estimates,BMV:BIMBO A (Mex$),Consensus,EPS Normalized,,Mean,FQ2 2011,FQ,2011,2,2011-06-30,0.06,,E,0.06 E,Mex$ per share,MXN,"filings/capitaliq/Estimates/Detailed Estimated/SPGlobal_GrupoBimbo,S.A.B.deC.V._DetailedEstimates_20-Sep-2026.xlsx",Detailed Estimates,29
2026-09-20,detailed_estimates,BMV:BIMBO A (Mex$),Consensus,EPS Normalized,,Mean,FQ3 2011,FQ,2011,3,2011-09-30,0.44,,E,0.44 E,Mex$ per share,MXN,"filings/capitaliq/Estimates/Detailed Estimated/SPGlobal_GrupoBimbo,S.A.B.deC.V._DetailedEstimates_20-Sep-2026.xlsx",Detailed Estimates,29
2026-09-20,detailed_estimates,BMV:BIMBO A (Mex$),Consensus,EPS Normalized,,Mean,FY 2011,FY,2011,,2011-12-31,1.43,,E,1.43 E,Mex$ per share,MXN,"filings/capitaliq/Estimates/Detailed Estimated/SPGlobal_GrupoBimbo,S.A.B.deC.V._DetailedEstimates_20-Sep-2026.xlsx",Detailed Estimates,29
2026-09-20,detailed_estimates,BMV:BIMBO A (Mex$),Consensus,EPS Normalized,,Mean,FQ4 2012,FQ,2012,4,2012-12-31,0.25,,E,0.25 E,Mex$ per share,MXN,"filings/capitaliq/Estimates/Detailed Estimated/SPGlobal_GrupoBimbo,S.A.B.deC.V._DetailedEstimates_20-Sep-2026.xlsx",Detailed Estimates,29
2026-09-20,detailed_estimates,BMV:BIMBO A (Mex$),Consensus,EPS Normalized,,Mean,FY 2012,FY,2012,,2012-12-31,0.81,,E,0.81 E,Mex$ per share,MXN,"filings/capitaliq/Estimates/Detailed Estimated/SPGlobal_GrupoBimbo,S.A.B.deC.V._DetailedEstimates_20-Sep-2026.xlsx",Detailed Estimates,29
2026-09-20,detailed_estimates,BMV:BIMBO A (Mex$),Consensus,EPS Normalized,,Mean,FQ1 2013,FQ,2013,1,2013-03-31,0.17,,E,0.17 E,Mex$ per share,MXN,"filings/capitaliq/Estimates/Detailed Estimated/SPGlobal_GrupoBimbo,S.A.B.deC.V._DetailedEstimates_20-Sep-2026.xlsx",Detailed Estimates,29
2026-09-20,detailed_estimates,BMV:BIMBO A (Mex$),Consensus,EPS Normalized,,Mean,FQ2 2013,FQ,2013,2,2013-06-30,0.2,,E,0.20 E,Mex$ per share,MXN,"filings/capitaliq/Estimates/Detailed Estimated/SPGlobal_GrupoBimbo,S.A.B.deC.V._DetailedEstimates_20-Sep-2026.xlsx",Detailed Estimates,29
2026-09-20,detailed_estimates,BMV:BIMBO A (Mex$),Consensus,EPS Normalized,,Mean,FQ3 2013,FQ,2013,3,2013-09-30,0.17,,E,0.17 E,Mex$ per share,MXN,"filings/capitaliq/Estimates/Detailed Estimated/SPGlobal_GrupoBimbo,S.A.B.deC.V._DetailedEstimates_20-Sep-2026.xlsx",Detailed Estimates,29
2026-09-20,detailed_estimates,BMV:BIMBO A (Mex$),Consensus,EPS Normalized,,Mean,FQ4 2013,FQ,2013,4,2013-12-31,0.33,,E,0.33 E,Mex$ per share,MXN,"filings/capitaliq/Estimates/Detailed Estimated/SPGlobal_GrupoBimbo,S.A.B.deC.V._DetailedEstimates_20-Sep-2026.xlsx",Detailed Estimates,29
2026-09-20,detailed_estimates,BMV:BIMBO A (Mex$),Consensus,EPS Normalized,,Mean,FY 2013,FY,2013,,2013-12-31,0.88,,E,0.88 E,Mex$ per share,MXN,"filings/capitaliq/Estimates/Detailed Estimated/SPGlobal_GrupoBimbo,S.A.B.deC.V._DetailedEstimates_20-Sep-2026.xlsx",Detailed Estimates,29
2026-09-20,detailed_estimates,BMV:BIMBO A (Mex$),Consensus,EPS Normalized,,Mean,FQ1 2014,FQ,2014,1,2014-03-31,0.16,,E,0.16 E,Mex$ per share,MXN,"filings/capitaliq/Estimates/Detailed Estimated/SPGlobal_GrupoBimbo,S.A.B.deC.V._DetailedEstimates_20-Sep-2026.xlsx",Detailed Estimates,29
2026-09-20,detailed_estimates,BMV:BIMBO A (Mex$),Consensus,EPS Normalized,,Mean,FQ2 2014,FQ,2014,2,2014-06-30,0.27,,E,0.27 E,Mex$ per share,MXN,"filings/capitaliq/Estimates/Detailed Estimated/SPGlobal_GrupoBimbo,S.A.B.deC.V._DetailedEstimates_20-Sep-2026.xlsx",Detailed Estimates,29
2026-09-20,detailed_estimates,BMV:BIMBO A (Mex$),Consensus,EPS Normalized,,Mean,FQ3 2014,FQ,2014,3,2014-09-30,0.38,,E,0.38 E,Mex$ per share,MXN,"filings/capitaliq/Estimates/Detailed Estimated/SPGlobal_GrupoBimbo,S.A.B.deC.V._DetailedEstimates_20-Sep-2026.xlsx",Detailed Estimates,29
2026-09-20,detailed_estimates,BMV:BIMBO A (Mex$),Consensus,EPS Normalized,,Mean,FQ4 2014,FQ,2014,4,2014-12-31,0.38,,E,0.38 E,Mex$ per share,MXN,"filings/capitaliq/Estimates/Detailed Estimated/SPGlobal_GrupoBimbo,S.A.B.deC.V._DetailedEstimates_20-Sep-2026.xlsx",Detailed Estimates,29
2026-09-20,detailed_estimates,BMV:BIMBO A (Mex$),Consensus,EPS Normalized,,Mean,FY 2014,FY,2014,,2014-12-31,1.28,,E,1.28 E,Mex$ per share,MXN,"filings/capitaliq/Estimates/Detailed Estimated/SPGlobal_GrupoBimbo,S.A.B.deC.V._DetailedEstimates_20-Sep-2026.xlsx",Detailed Estimates,29
2026-09-20,detailed_estimates,BMV:BIMBO A (Mex$),Consensus,EPS Normalized,,Mean,FQ1 2015,FQ,2015,1,2015-03-31,0.16,,E,0.16 E,Mex$ per share,MXN,"filings/capitaliq/Estimates/Detailed Estimated/SPGlobal_GrupoBimbo,S.A.B.deC.V._DetailedEstimates_20-Sep-2026.xlsx",Detailed Estimates,29
2026-09-20,detailed_estimates,BMV:BIMBO A (Mex$),Consensus,EPS Normalized,,Mean,FQ2 2015,FQ,2015,2,2015-06-30,0.37,,E,0.37 E,Mex$ per share,MXN,"filings/capitaliq/Estimates/Detailed Estimated/SPGlobal_GrupoBimbo,S.A.B.deC.V._DetailedEstimates_20-Sep-2026.xlsx",Detailed Estimates,29
2026-09-20,detailed_estimates,BMV:BIMBO A (Mex$),Consensus,EPS Normalized,,Mean,FQ3 2015,FQ,2015,3,2015-09-30,0.44,,E,0.44 E,Mex$ per share,MXN,"filings/capitaliq/Estimates/Detailed Estimated/SPGlobal_GrupoBimbo,S.A.B.deC.V._DetailedEstimates_20-Sep-2026.xlsx",Detailed Estimates,29
2026-09-20,detailed_estimates,BMV:BIMBO A (Mex$),Consensus,EPS Normalized,,Mean,FQ4 2015,FQ,2015,4,2015-12-31,0.42,,E,0.42 E,Mex$ per share,MXN,"filings/capitaliq/Estimates/Detailed Estimated/SPGlobal_GrupoBimbo,S.A.B.deC.V._DetailedEstimates_20-Sep-2026.xlsx",Detailed Estimates,29
2026-09-20,detailed_estimates,BMV:BIMBO A (Mex$),Consensus,EPS Normalized,,Mean,FY 2015,FY,2015,,2015-12-31,1.49,,E,1.49 E,Mex$ per share,MXN,"filings/capitaliq/Estimates/Detailed Estimated/SPGlobal_GrupoBimbo,S.A.B.deC.V._DetailedEstimates_20-Sep-2026.xlsx",Detailed Estimates,29
2026-09-20,detailed_estimates,BMV:BIMBO A (Mex$),Consensus,EPS Normalized,,Mean,FQ1 2016,FQ,2016,1,2016-03-31,0.25,,E,0.25 E,Mex$ per share,MXN,"filings/capitaliq/Estimates/Detailed Estimated/SPGlobal_GrupoBimbo,S.A.B.deC.V._DetailedEstimates_20-Sep-2026.xlsx",Detailed Estimates,29
2026-09-20,detailed_estimates,BMV:BIMBO A (Mex$),Consensus,EPS Normalized,,Mean,FQ2 2016,FQ,2016,2,2016-06-30,0.41,,E,0.41 E,Mex$ per share,MXN,"filings/capitaliq/Estimates/Detailed Estimated/SPGlobal_GrupoBimbo,S.A.B.deC.V._DetailedEstimates_20-Sep-2026.xlsx",Detailed Estimates,29
2026-09-20,detailed_estimates,BMV:BIMBO A (Mex$),Consensus,EPS Normalized,,Mean,FQ3 2016,FQ,2016,3,2016-09-30,0.5,,E,0.50 E,Mex$ per share,MXN,"filings/capitaliq/Estimates/Detailed Estimated/SPGlobal_GrupoBimbo,S.A.B.deC.V._DetailedEstimates_20-Sep-2026.xlsx",Detailed Estimates,29
2026-09-20,detailed_estimates,BMV:BIMBO A (Mex$),Consensus,EPS Normalized,,Mean,FQ4 2016,FQ,2016,4,2016-12-31,0.44,,E,0.44 E,Mex$ per share,MXN,"filings/capitaliq/Estimates/Detailed Estimated/SPGlobal_GrupoBimbo,S.A.B.deC.V._DetailedEstimates_20-Sep-2026.xlsx",Detailed Estimates,29
2026-09-20,detailed_estimates,BMV:BIMBO A (Mex$),Consensus,EPS Normalized,,Mean,FY 2016,FY,2016,,2016-12-31,1.7,,E,1.70 E,Mex$ per share,MXN,"filings/capitaliq/Estimates/Detailed Estimated/SPGlobal_GrupoBimbo,S.A.B.deC.V._DetailedEstimates_20-Sep-2026.xlsx",Detailed Estimates,29
2026-09-20,detailed_estimates,BMV:BIMBO A (Mex$),Consensus,EPS Normalized,,Mean,FQ1 2017,FQ,2017,1,2017-03-31,0.33,,E,0.33 E,Mex$ per share,MXN,"filings/capitaliq/Estimates/Detailed Estimated/SPGlobal_GrupoBimbo,S.A.B.deC.V._DetailedEstimates_20-Sep-2026.xlsx",Detailed Estimates,29
2026-09-20,detailed_estimates,BMV:BIMBO A (Mex$),Consensus,EPS Normalized,,Mean,FQ2 2017,FQ,2017,2,2017-06-30,0.4,,E,0.40 E,Mex$ per share,MXN,"filings/capitaliq/Estimates/Detailed Estimated/SPGlobal_GrupoBimbo,S.A.B.deC.V._DetailedEstimates_20-Sep-2026.xlsx",Detailed Estimates,29
2026-09-20,detailed_estimates,BMV:BIMBO A (Mex$),Consensus,EPS Normalized,,Mean,FQ3 2017,FQ,2017,3,2017-09-30,0.47,,E,0.47 E,Mex$ per share,MXN,"filings/capitaliq/Estimates/Detailed Estimated/SPGlobal_GrupoBimbo,S.A.B.deC.V._DetailedEstimates_20-Sep-2026.xlsx",Detailed Estimates,29
2026-09-20,detailed_estimates,BMV:BIMBO A (Mex$),Consensus,EPS Normalized,,Mean,FQ4 2017,FQ,2017,4,2017-12-31,0.28,,E,0.28 E,Mex$ per share,MXN,"filings/capitaliq/Estimates/Detailed Estimated/SPGlobal_GrupoBimbo,S.A.B.deC.V._DetailedEstimates_20-Sep-2026.xlsx",Detailed Estimates,29
2026-09-20,detailed_estimates,BMV:BIMBO A (Mex$),Consensus,EPS Normalized,,Mean,FY 2017,FY,2017,,2017-12-31,1.26,,E,1.26 E,Mex$ per share,MXN,"filings/capitaliq/Estimates/Detailed Estimated/SPGlobal_GrupoBimbo,S.A.B.deC.V._DetailedEstimates_20-Sep-2026.xlsx",Detailed Estimates,29
2026-09-20,detailed_estimates,BMV:BIMBO A (Mex$),Consensus,EPS Normalized,,Mean,FQ1 2018,FQ,2018,1,2018-03-31,0.26,,E,0.26 E,Mex$ per share,MXN,"filings/capitaliq/Estimates/Detailed Estimated/SPGlobal_GrupoBimbo,S.A.B.deC.V._DetailedEstimates_20-Sep-2026.xlsx",Detailed Estimates,29
2026-09-20,detailed_estimates,BMV:BIMBO A (Mex$),Consensus,EPS Normalized,,Mean,FQ2 2018,FQ,2018,2,2018-06-30,0.29,,E,0.29 E,Mex$ per share,MXN,"filings/capitaliq/Estimates/Detailed Estimated/SPGlobal_GrupoBimbo,S.A.B.deC.V._DetailedEstimates_20-Sep-2026.xlsx",Detailed Estimates,29
2026-09-20,detailed_estimates,BMV:BIMBO A (Mex$),Consensus,EPS Normalized,,Mean,FQ3 2018,FQ,2018,3,2018-09-30,0.42,,E,0.42 E,Mex$ per share,MXN,"filings/capitaliq/Estimates/Detailed Estimated/SPGlobal_GrupoBimbo,S.A.B.deC.V._DetailedEstimates_20-Sep-2026.xlsx",Detailed Estimates,29
2026-09-20,detailed_estimates,BMV:BIMBO A (Mex$),Consensus,EPS Normalized,,Mean,FQ4 2018,FQ,2018,4,2018-12-31,0.31,,E,0.31 E,Mex$ per share,MXN,"filings/capitaliq/Estimates/Detailed Estimated/SPGlobal_GrupoBimbo,S.A.B.deC.V._DetailedEstimates_20-Sep-2026.xlsx",Detailed Estimates,29
2026-09-20,detailed_estimates,BMV:BIMBO A (Mex$),Consensus,EPS Normalized,,Mean,FY 2018,FY,2018,,2018-12-31,1.23,,E,1.23 E,Mex$ per share,MXN,"filings/capitaliq/Estimates/Detailed Estimated/SPGlobal_GrupoBimbo,S.A.B.deC.V._DetailedEstimates_20-Sep-2026.xlsx",Detailed Estimates,29
2026-09-20,detailed_estimates,BMV:BIMBO A (Mex$),Consensus,EPS Normalized,,Mean,FQ1 2019,FQ,2019,1,2019-03-31,0.27,,E,0.27 E,Mex$ per share,MXN,"filings/capitaliq/Estimates/Detailed Estimated/SPGlobal_GrupoBimbo,S.A.B.deC.V._DetailedEstimates_20-Sep-2026.xlsx",Detailed Estimates,29
2026-09-20,detailed_estimates,BMV:BIMBO A (Mex$),Consensus,EPS Normalized,,Mean,FQ2 2019,FQ,2019,2,2019-06-30,0.36,,E,0.36 E,Mex$ per share,MXN,"filings/capitaliq/Estimates/Detailed Estimated/SPGlobal_GrupoBimbo,S.A.B.deC.V._DetailedEstimates_20-Sep-2026.xlsx",Detailed Estimates,29
2026-09-20,detailed_estimates,BMV:BIMBO A (Mex$),Consensus,EPS Normalized,,Mean,FQ3 2019,FQ,2019,3,2019-09-30,0.39,,E,0.39 E,Mex$ per share,MXN,"filings/capitaliq/Estimates/Detailed Estimated/SPGlobal_GrupoBimbo,S.A.B.deC.V._DetailedEstimates_20-Sep-2026.xlsx",Detailed Estimates,29
2026-09-20,detailed_estimates,BMV:BIMBO A (Mex$),Consensus,EPS Normalized,,Mean,FQ4 2019,FQ,2019,4,2019-12-31,0.39,,E,0.39 E,Mex$ per share,MXN,"filings/capitaliq/Estimates/Detailed Estimated/SPGlobal_GrupoBimbo,S.A.B.deC.V._DetailedEstimates_20-Sep-2026.xlsx",Detailed Estimates,29
2026-09-20,detailed_estimates,BMV:BIMBO A (Mex$),Consensus,EPS Normalized,,Mean,FY 2019,FY,2019,,2019-12-31,1.34,,E,1.34 E,Mex$ per share,MXN,"filings/capitaliq/Estimates/Detailed Estimated/SPGlobal_GrupoBimbo,S.A.B.deC.V._DetailedEstimates_20-Sep-2026.xlsx",Detailed Estimates,29
2026-09-20,detailed_estimates,BMV:BIMBO A (Mex$),Consensus,EPS Normalized,,Mean,FQ1 2020,FQ,2020,1,2020-03-31,0.26,,E,0.26 E,Mex$ per share,MXN,"filings/capitaliq/Estimates/Detailed Estimated/SPGlobal_GrupoBimbo,S.A.B.deC.V._DetailedEstimates_20-Sep-2026.xlsx",Detailed Estimates,29
2026-09-20,detailed_estimates,BMV:BIMBO A (Mex$),Consensus,EPS Normalized,,Mean,FQ2 2020,FQ,2020,2,2020-06-30,0.3,,E,0.30 E,Mex$ per share,MXN,"filings/capitaliq/Estimates/Detailed Estimated/SPGlobal_GrupoBimbo,S.A.B.deC.V._DetailedEstimates_20-Sep-2026.xlsx",Detailed Estimates,29
2026-09-20,detailed_estimates,BMV:BIMBO A (Mex$),Consensus,EPS Normalized,,Mean,FQ3 2020,FQ,2020,3,2020-09-30,0.52,,E,0.52 E,Mex$ per share,MXN,"filings/capitaliq/Estimates/Detailed Estimated/SPGlobal_GrupoBimbo,S.A.B.deC.V._DetailedEstimates_20-Sep-2026.xlsx",Detailed Estimates,29
2026-09-20,detailed_estimates,BMV:BIMBO A (Mex$),Consensus,EPS Normalized,,Mean,FQ4 2020,FQ,2020,4,2020-12-31,0.54,,E,0.54 E,Mex$ per share,MXN,"filings/capitaliq/Estimates/Detailed Estimated/SPGlobal_GrupoBimbo,S.A.B.deC.V._DetailedEstimates_20-Sep-2026.xlsx",Detailed Estimates,29
2026-09-20,detailed_estimates,BMV:BIMBO A (Mex$),Consensus,EPS Normalized,,Mean,FY 2020,FY,2020,,2020-12-31,1.94,,E,1.94 E,Mex$ per share,MXN,"filings/capitaliq/Estimates/Detailed Estimated/SPGlobal_GrupoBimbo,S.A.B.deC.V._DetailedEstimates_20-Sep-2026.xlsx",Detailed Estimates,29
2026-09-20,detailed_estimates,BMV:BIMBO A (Mex$),Consensus,EPS Normalized,,Mean,FQ1 2021,FQ,2021,1,2021-03-31,0.45,,E,0.45 E,Mex$ per share,MXN,"filings/capitaliq/Estimates/Detailed Estimated/SPGlobal_GrupoBimbo,S.A.B.deC.V._DetailedEstimates_20-Sep-2026.xlsx",Detailed Estimates,29
2026-09-20,detailed_estimates,BMV:BIMBO A (Mex$),Consensus,EPS Normalized,,Mean,FQ2 2021,FQ,2021,2,2021-06-30,0.55,,E,0.55 E,Mex$ per share,MXN,"filings/capitaliq/Estimates/Detailed Estimated/SPGlobal_GrupoBimbo,S.A.B.deC.V._DetailedEstimates_20-Sep-2026.xlsx",Detailed Estimates,29
2026-09-20,detailed_estimates,BMV:BIMBO A (Mex$),Consensus,EPS Normalized,,Mean,FQ3 2021,FQ,2021,3,2021-09-30,0.77,,E,0.77 E,Mex$ per share,MXN,"filings/capitaliq/Estimates/Detailed Estimated/SPGlobal_GrupoBimbo,S.A.B.deC.V._DetailedEstimates_20-Sep-2026.xlsx",Detailed Estimates,29
2026-09-20,detailed_estimates,BMV:BIMBO A (Mex$),Consensus,EPS Normalized,,Mean,FQ4 2021,FQ,2021,4,2021-12-31,0.73,,E,0.73 E,Mex$ per share,MXN,"filings/capitaliq/Estimates/Detailed Estimated/SPGlobal_GrupoBimbo,S.A.B.deC.V._DetailedEstimates_20-Sep-2026.xlsx",Detailed Estimates,29
2026-09-20,detailed_estimates,BMV:BIMBO A (Mex$),Consensus,EPS Normalized,,Mean,FY 2021,FY,2021,,2021-12-31,3.28,,E,3.28 E,Mex$ per share,MXN,"filings/capitaliq/Estimates/Detailed Estimated/SPGlobal_GrupoBimbo,S.A.B.deC.V._DetailedEstimates_20-Sep-2026.xlsx",Detailed Estimates,29
2026-09-20,detailed_estimates,BMV:BIMBO A (Mex$),Consensus,EPS Normalized,,Mean,FQ1 2022,FQ,2022,1,2022-03-31,0.75,,E,0.75 E,Mex$ per share,MXN,"filings/capitaliq/Estimates/Detailed Estimated/SPGlobal_GrupoBimbo,S.A.B.deC.V._DetailedEstimates_20-Sep-2026.xlsx",Detailed Estimates,29
2026-09-20,detailed_estimates,BMV:BIMBO A (Mex$),Consensus,EPS Normalized,,Mean,FQ2 2022,FQ,2022,2,2022-06-30,0.83,,E,0.83 E,Mex$ per share,MXN,"filings/capitaliq/Estimates/Detailed Estimated/SPGlobal_GrupoBimbo,S.A.B.deC.V._DetailedEstimates_20-Sep-2026.xlsx",Detailed Estimates,29
2026-09-20,detailed_estimates,BMV:BIMBO A (Mex$),Consensus,EPS Normalized,,Mean,FQ3 2022,FQ,2022,3,2022-09-30,1.03,,E,1.03 E,Mex$ per share,MXN,"filings/capitaliq/Estimates/Detailed Estimated/SPGlobal_GrupoBimbo,S.A.B.deC.V._DetailedEstimates_20-Sep-2026.xlsx",Detailed Estimates,29
2026-09-20,detailed_estimates,BMV:BIMBO A (Mex$),Consensus,EPS Normalized,,Mean,FQ4 2022,FQ,2022,4,2022-12-31,1.18,,E,1.18 E,Mex$ per share,MXN,"filings/capitaliq/Estimates/Detailed Estimated/SPGlobal_GrupoBimbo,S.A.B.deC.V._DetailedEstimates_20-Sep-2026.xlsx",Detailed Estimates,29
2026-09-20,detailed_estimates,BMV:BIMBO A (Mex$),Consensus,EPS Normalized,,Mean,FY 2022,FY,2022,,2022-12-31,4.67,,E,4.67 E,Mex$ per share,MXN,"filings/capitaliq/Estimates/Detailed Estimated/SPGlobal_GrupoBimbo,S.A.B.deC.V._DetailedEstimates_20-Sep-2026.xlsx",Detailed Estimates,29
2026-09-20,detailed_estimates,BMV:BIMBO A (Mex$),Consensus,EPS Normalized,,Mean,FQ1 2023,FQ,2023,1,2023-03-31,0.79,,E,0.79 E,Mex$ per share,MXN,"filings/capitaliq/Estimates/Detailed Estimated/SPGlobal_GrupoBimbo,S.A.B.deC.V._DetailedEstimates_20-Sep-2026.xlsx",Detailed Estimates,29
2026-09-20,detailed_estimates,BMV:BIMBO A (Mex$),Consensus,EPS Normalized,,Mean,FQ2 2023,FQ,2023,2,2023-06-30,0.94,,E,0.94 E,Mex$ per share,MXN,"filings/capitaliq/Estimates/Detailed Estimated/SPGlobal_GrupoBimbo,S.A.B.deC.V._DetailedEstimates_20-Sep-2026.xlsx",Detailed Estimates,29
2026-09-20,detailed_estimates,BMV:BIMBO A (Mex$),Consensus,EPS Normalized,,Mean,FQ3 2023,FQ,2023,3,2023-09-30,1.06,,E,1.06 E,Mex$ per share,MXN,"filings/capitaliq/Estimates/Detailed Estimated/SPGlobal_GrupoBimbo,S.A.B.deC.V._DetailedEstimates_20-Sep-2026.xlsx",Detailed Estimates,29
2026-09-20,detailed_estimates,BMV:BIMBO A (Mex$),Consensus,EPS Normalized,,Mean,FQ4 2023,FQ,2023,4,2023-12-31,1.17,,E,1.17 E,Mex$ per share,MXN,"filings/capitaliq/Estimates/Detailed Estimated/SPGlobal_GrupoBimbo,S.A.B.deC.V._DetailedEstimates_20-Sep-2026.xlsx",Detailed Estimates,29
2026-09-20,detailed_estimates,BMV:BIMBO A (Mex$),Consensus,EPS Normalized,,Mean,FY 2023,FY,2023,,2023-12-31,3.87,,E,3.87 E,Mex$ per share,MXN,"filings/capitaliq/Estimates/Detailed Estimated/SPGlobal_GrupoBimbo,S.A.B.deC.V._DetailedEstimates_20-Sep-2026.xlsx",Detailed Estimates,29
2026-09-20,detailed_estimates,BMV:BIMBO A (Mex$),Consensus,EPS Normalized,,Mean,FQ1 2024,FQ,2024,1,2024-03-31,0.74,,E,0.74 E,Mex$ per share,MXN,"filings/capitaliq/Estimates/Detailed Estimated/SPGlobal_GrupoBimbo,S.A.B.deC.V._DetailedEstimates_20-Sep-2026.xlsx",Detailed Estimates,29
2026-09-20,detailed_estimates,BMV:BIMBO A (Mex$),Consensus,EPS Normalized,,Mean,FQ2 2024,FQ,2024,2,2024-06-30,0.71,,E,0.71 E,Mex$ per share,MXN,"filings/capitaliq/Estimates/Detailed Estimated/SPGlobal_GrupoBimbo,S.A.B.deC.V._DetailedEstimates_20-Sep-2026.xlsx",Detailed Estimates,29
2026-09-20,detailed_estimates,BMV:BIMBO A (Mex$),Consensus,EPS Normalized,,Mean,FQ3 2024,FQ,2024,3,2024-09-30,0.97,,E,0.97 E,Mex$ per share,MXN,"filings/capitaliq/Estimates/Detailed Estimated/SPGlobal_GrupoBimbo,S.A.B.deC.V._DetailedEstimates_20-Sep-2026.xlsx",Detailed Estimates,29
2026-09-20,detailed_estimates,BMV:BIMBO A (Mex$),Consensus,EPS Normalized,,Mean,FQ4 2024,FQ,2024,4,2024-12-31,0.84,,E,0.84 E,Mex$ per share,MXN,"filings/capitaliq/Estimates/Detailed Estimated/SPGlobal_GrupoBimbo,S.A.B.deC.V._DetailedEstimates_20-Sep-2026.xlsx",Detailed Estimates,29
2026-09-20,detailed_estimates,BMV:BIMBO A (Mex$),Consensus,EPS Normalized,,Mean,FY 2024,FY,2024,,2024-12-31,3.02,,E,3.02 E,Mex$ per share,MXN,"filings/capitaliq/Estimates/Detailed Estimated/SPGlobal_GrupoBimbo,S.A.B.deC.V._DetailedEstimates_20-Sep-2026.xlsx",Detailed Estimates,29
2026-09-20,detailed_estimates,BMV:BIMBO A (Mex$),Consensus,EPS Normalized,,Mean,FQ1 2025,FQ,2025,1,2025-03-31,0.53,,E,0.53 E,Mex$ per share,MXN,"filings/capitaliq/Estimates/Detailed Estimated/SPGlobal_GrupoBimbo,S.A.B.deC.V._DetailedEstimates_20-Sep-2026.xlsx",Detailed Estimates,29
2026-09-20,detailed_estimates,BMV:BIMBO A (Mex$),Consensus,EPS Normalized,,Mean,FQ2 2025,FQ,2025,2,2025-06-30,0.7,,E,0.70 E,Mex$ per share,MXN,"filings/capitaliq/Estimates/Detailed Estimated/SPGlobal_GrupoBimbo,S.A.B.deC.V._DetailedEstimates_20-Sep-2026.xlsx",Detailed Estimates,29
2026-09-20,detailed_estimates,BMV:BIMBO A (Mex$),Consensus,EPS Normalized,,Mean,FQ3 2025,FQ,2025,3,2025-09-30,0.82,,E,0.82 E,Mex$ per share,MXN,"filings/capitaliq/Estimates/Detailed Estimated/SPGlobal_GrupoBimbo,S.A.B.deC.V._DetailedEstimates_20-Sep-2026.xlsx",Detailed Estimates,29
2026-09-20,detailed_estimates,BMV:BIMBO A (Mex$),Consensus,EPS Normalized,,Mean,FQ4 2025,FQ,2025,4,2025-12-31,0.78,,E,0.78 E,Mex$ per share,MXN,"filings/capitaliq/Estimates/Detailed Estimated/SPGlobal_GrupoBimbo,S.A.B.deC.V._DetailedEstimates_20-Sep-2026.xlsx",Detailed Estimates,29
2026-09-20,detailed_estimates,BMV:BIMBO A (Mex$),Consensus,EPS Normalized,,Mean,FY 2025,FY,2025,,2025-12-31,2.67,,E,2.67 E,Mex$ per share,MXN,"filings/capitaliq/Estimates/Detailed Estimated/SPGlobal_GrupoBimbo,S.A.B.deC.V._DetailedEstimates_20-Sep-2026.xlsx",Detailed Estimates,29
2026-09-20,detailed_estimates,BMV:BIMBO A (Mex$),Consensus,EPS Normalized,,Mean,FQ1 2026,FQ,2026,1,2026-03-31,0.53,,E,0.53 E,Mex$ per share,MXN,"filings/capitaliq/Estimates/Detailed Estimated/SPGlobal_GrupoBimbo,S.A.B.deC.V._DetailedEstimates_20-Sep-2026.xlsx",Detailed Estimates,29
2026-09-20,detailed_estimates,BMV:BIMBO A (Mex$),Consensus,EPS Normalized,,Mean,FQ2 2026,FQ,2026,2,2026-06-30,0.75,,E,0.75 E,Mex$ per share,MXN,"filings/capitaliq/Estimates/Detailed Estimated/SPGlobal_GrupoBimbo,S.A.B.deC.V._DetailedEstimates_20-Sep-2026.xlsx",Detailed Estimates,29
2026-09-20,detailed_estimates,BMV:BIMBO A (Mex$),Consensus,EPS Normalized,,Mean,FQ3 2026,FQ,2026,3,2026-09-30,0.87,,E,0.87 E,Mex$ per share,MXN,"filings/capitaliq/Estimates/Detailed Estimated/SPGlobal_GrupoBimbo,S.A.B.deC.V._DetailedEstimates_20-Sep-2026.xlsx",Detailed Estimates,29
2026-09-20,detailed_estimates,BMV:BIMBO A (Mex$),Consensus,EPS Normalized,,Mean,FQ4 2026,FQ,2026,4,2026-12-31,0.9,,E,0.90 E,Mex$ per share,MXN,"filings/capitaliq/Estimates/Detailed Estimated/SPGlobal_GrupoBimbo,S.A.B.deC.V._DetailedEstimates_20-Sep-2026.xlsx",Detailed Estimates,29
2026-09-20,detailed_estimates,BMV:BIMBO A (Mex$),Consensus,EPS Normalized,,Mean,FY 2026,FY,2026,,2026-12-31,3.07,,E,3.07 E,Mex$ per share,MXN,"filings/capitaliq/Estimates/Detailed Estimated/SPGlobal_GrupoBimbo,S.A.B.deC.V._DetailedEstimates_20-Sep-2026.xlsx",Detailed Estimates,29
2026-09-20,detailed_estimates,BMV:BIMBO A (Mex$),Consensus,EPS Normalized,,Mean,FQ1 2027,FQ,2027,1,2027-03-31,0.62,,E,0.62 E,Mex$ per share,MXN,"filings/capitaliq/Estimates/Detailed Estimated/SPGlobal_GrupoBimbo,S.A.B.deC.V._DetailedEstimates_20-Sep-2026.xlsx",Detailed Estimates,29
2026-09-20,detailed_estimates,BMV:BIMBO A (Mex$),Consensus,EPS Normalized,,Mean,FQ2 2027,FQ,2027,2,2027-06-30,0.8,,E,0.80 E,Mex$ per share,MXN,"filings/capitaliq/Estimates/Detailed Estimated/SPGlobal_GrupoBimbo,S.A.B.deC.V._DetailedEstimates_20-Sep-2026.xlsx",Detailed Estimates,29
2026-09-20,detailed_estimates,BMV:BIMBO A (Mex$),Consensus,EPS Normalized,,Mean,FQ3 2027,FQ,2027,3,2027-09-30,0.93,,E,0.93 E,Mex$ per share,MXN,"filings/capitaliq/Estimates/Detailed Estimated/SPGlobal_GrupoBimbo,S.A.B.deC.V._DetailedEstimates_20-Sep-2026.xlsx",Detailed Estimates,29
2026-09-20,detailed_estimates,BMV:BIMBO A (Mex$),Consensus,EPS Normalized,,Mean,FQ4 2027,FQ,2027,4,2027-12-31,0.88,,E,0.88 E,Mex$ per share,MXN,"filings/capitaliq/Estimates/Detailed Estimated/SPGlobal_GrupoBimbo,S.A.B.deC.V._DetailedEstimates_20-Sep-2026.xlsx",Detailed Estimates,29
2026-09-20,detailed_estimates,BMV:BIMBO A (Mex$),Consensus,EPS Normalized,,Mean,FY 2027,FY,2027,,2027-12-31,3.35,,E,3.35 E,Mex$ per share,MXN,"filings/capitaliq/Estimates/Detailed Estimated/SPGlobal_GrupoBimbo,S.A.B.deC.V._DetailedEstimates_20-Sep-2026.xlsx",Detailed Estimates,29
2026-09-20,detailed_estimates,BMV:BIMBO A (Mex$),Consensus,EPS Normalized,,Mean,FY 2028,FY,2028,,2028-12-31,3.8,,E,3.80 E,Mex$ per share,MXN,"filings/capitaliq/Estimates/Detailed Estimated/SPGlobal_GrupoBimbo,S.A.B.deC.V._DetailedEstimates_20-Sep-2026.xlsx",Detailed Estimates,29
2026-09-20,detailed_estimates,BMV:BIMBO A (Mex$),Consensus,EPS Normalized,,Mean,FY 2029,FY,2029,,2029-12-31,4.02,,E,4.02 E,Mex$ per share,MXN,"filings/capitaliq/Estimates/Detailed Estimated/SPGlobal_GrupoBimbo,S.A.B.deC.V._DetailedEstimates_20-Sep-2026.xlsx",Detailed Estimates,29
2026-09-20,detailed_estimates,BMV:BIMBO A (Mex$),Consensus,EPS Normalized,,Mean,FY 2030,FY,2030,,2030-12-31,4.52,,E,4.52 E,Mex$ per share,MXN,"filings/capitaliq/Estimates/Detailed Estimated/SPGlobal_GrupoBimbo,S.A.B.deC.V._DetailedEstimates_20-Sep-2026.xlsx",Detailed Estimates,29
2026-09-20,detailed_estimates,BMV:BIMBO A (Mex$),Consensus,EPS Normalized,,Mean,FY 2031,FY,2031,,2031-12-31,5.2,,E,5.20 E,Mex$ per share,MXN,"filings/capitaliq/Estimates/Detailed Estimated/SPGlobal_GrupoBimbo,S.A.B.deC.V._DetailedEstimates_20-Sep-2026.xlsx",Detailed Estimates,29
2026-09-20,detailed_estimates,BMV:BIMBO A (Mex$),Consensus,EPS Normalized,,Median,FY 1998,FY,1998,,1998-12-31,0.19,,E,0.19 E,Mex$ per share,MXN,"filings/capitaliq/Estimates/Detailed Estimated/SPGlobal_GrupoBimbo,S.A.B.deC.V._DetailedEstimates_20-Sep-2026.xlsx",Detailed Estimates,30
2026-09-20,detailed_estimates,BMV:BIMBO A (Mex$),Consensus,EPS Normalized,,Median,FY 1999,FY,1999,,1999-12-31,0.34,,E,0.34 E,Mex$ per share,MXN,"filings/capitaliq/Estimates/Detailed Estimated/SPGlobal_GrupoBimbo,S.A.B.deC.V._DetailedEstimates_20-Sep-2026.xlsx",Detailed Estimates,30
2026-09-20,detailed_estimates,BMV:BIMBO A (Mex$),Consensus,EPS Normalized,,Median,FY 2000,FY,2000,,2000-12-31,0.28,,E,0.28 E,Mex$ per share,MXN,"filings/capitaliq/Estimates/Detailed Estimated/SPGlobal_GrupoBimbo,S.A.B.deC.V._DetailedEstimates_20-Sep-2026.xlsx",Detailed Estimates,30
2026-09-20,detailed_estimates,BMV:BIMBO A (Mex$),Consensus,EPS Normalized,,Median,FY 2001,FY,2001,,2001-12-31,0.34,,E,0.34 E,Mex$ per share,MXN,"filings/capitaliq/Estimates/Detailed Estimated/SPGlobal_GrupoBimbo,S.A.B.deC.V._DetailedEstimates_20-Sep-2026.xlsx",Detailed Estimates,30
2026-09-20,detailed_estimates,BMV:BIMBO A (Mex$),Consensus,EPS Normalized,,Median,FY 2002,FY,2002,,2002-12-31,0.26,,E,0.26 E,Mex$ per share,MXN,"filings/capitaliq/Estimates/Detailed Estimated/SPGlobal_GrupoBimbo,S.A.B.deC.V._DetailedEstimates_20-Sep-2026.xlsx",Detailed Estimates,30
2026-09-20,detailed_estimates,BMV:BIMBO A (Mex$),Consensus,EPS Normalized,,Median,FY 2003,FY,2003,,2003-12-31,0.44,,E,0.44 E,Mex$ per share,MXN,"filings/capitaliq/Estimates/Detailed Estimated/SPGlobal_GrupoBimbo,S.A.B.deC.V._DetailedEstimates_20-Sep-2026.xlsx",Detailed Estimates,30
2026-09-20,detailed_estimates,BMV:BIMBO A (Mex$),Consensus,EPS Normalized,,Median,FQ3 2004,FQ,2004,3,2004-09-30,0.15,,E,0.15 E,Mex$ per share,MXN,"filings/capitaliq/Estimates/Detailed Estimated/SPGlobal_GrupoBimbo,S.A.B.deC.V._DetailedEstimates_20-Sep-2026.xlsx",Detailed Estimates,30
2026-09-20,detailed_estimates,BMV:BIMBO A (Mex$),Consensus,EPS Normalized,,Median,FQ4 2004,FQ,2004,4,2004-12-31,0.18,,E,0.18 E,Mex$ per share,MXN,"filings/capitaliq/Estimates/Detailed Estimated/SPGlobal_GrupoBimbo,S.A.B.deC.V._DetailedEstimates_20-Sep-2026.xlsx",Detailed Estimates,30
2026-09-20,detailed_estimates,BMV:BIMBO A (Mex$),Consensus,EPS Normalized,,Median,FY 2004,FY,2004,,2004-12-31,0.57,,E,0.57 E,Mex$ per share,MXN,"filings/capitaliq/Estimates/Detailed Estimated/SPGlobal_GrupoBimbo,S.A.B.deC.V._DetailedEstimates_20-Sep-2026.xlsx",Detailed Estimates,30
2026-09-20,detailed_estimates,BMV:BIMBO A (Mex$),Consensus,EPS Normalized,,Median,FQ1 2005,FQ,2005,1,2005-03-31,0.11,,E,0.11 E,Mex$ per share,MXN,"filings/capitaliq/Estimates/Detailed Estimated/SPGlobal_GrupoBimbo,S.A.B.deC.V._DetailedEstimates_20-Sep-2026.xlsx",Detailed Estimates,30
2026-09-20,detailed_estimates,BMV:BIMBO A (Mex$),Consensus,EPS Normalized,,Median,FQ2 2005,FQ,2005,2,2005-06-30,0.13,,E,0.13 E,Mex$ per share,MXN,"filings/capitaliq/Estimates/Detailed Estimated/SPGlobal_GrupoBimbo,S.A.B.deC.V._DetailedEstimates_20-Sep-2026.xlsx",Detailed Estimates,30
2026-09-20,detailed_estimates,BMV:BIMBO A (Mex$),Consensus,EPS Normalized,,Median,FQ3 2005,FQ,2005,3,2005-09-30,0.16,,E,0.16 E,Mex$ per share,MXN,"filings/capitaliq/Estimates/Detailed Estimated/SPGlobal_GrupoBimbo,S.A.B.deC.V._DetailedEstimates_20-Sep-2026.xlsx",Detailed Estimates,30
2026-09-20,detailed_estimates,BMV:BIMBO A (Mex$),Consensus,EPS Normalized,,Median,FQ4 2005,FQ,2005,4,2005-12-31,0.19,,E,0.19 E,Mex$ per share,MXN,"filings/capitaliq/Estimates/Detailed Estimated/SPGlobal_GrupoBimbo,S.A.B.deC.V._DetailedEstimates_20-Sep-2026.xlsx",Detailed Estimates,30
2026-09-20,detailed_estimates,BMV:BIMBO A (Mex$),Consensus,EPS Normalized,,Median,FY 2005,FY,2005,,2005-12-31,0.61,,E,0.61 E,Mex$ per share,MXN,"filings/capitaliq/Estimates/Detailed Estimated/SPGlobal_GrupoBimbo,S.A.B.deC.V._DetailedEstimates_20-Sep-2026.xlsx",Detailed Estimates,30
2026-09-20,detailed_estimates,BMV:BIMBO A (Mex$),Consensus,EPS Normalized,,Median,FQ1 2006,FQ,2006,1,2006-03-31,0.13,,E,0.13 E,Mex$ per share,MXN,"filings/capitaliq/Estimates/Detailed Estimated/SPGlobal_GrupoBimbo,S.A.B.deC.V._DetailedEstimates_20-Sep-2026.xlsx",Detailed Estimates,30
2026-09-20,detailed_estimates,BMV:BIMBO A (Mex$),Consensus,EPS Normalized,,Median,FQ2 2006,FQ,2006,2,2006-06-30,0.16,,E,0.16 E,Mex$ per share,MXN,"filings/capitaliq/Estimates/Detailed Estimated/SPGlobal_GrupoBimbo,S.A.B.deC.V._DetailedEstimates_20-Sep-2026.xlsx",Detailed Estimates,30
2026-09-20,detailed_estimates,BMV:BIMBO A (Mex$),Consensus,EPS Normalized,,Median,FQ3 2006,FQ,2006,3,2006-09-30,0.2,,E,0.20 E,Mex$ per share,MXN,"filings/capitaliq/Estimates/Detailed Estimated/SPGlobal_GrupoBimbo,S.A.B.deC.V._DetailedEstimates_20-Sep-2026.xlsx",Detailed Estimates,30
2026-09-20,detailed_estimates,BMV:BIMBO A (Mex$),Consensus,EPS Normalized,,Median,FQ4 2006,FQ,2006,4,2006-12-31,0.25,,E,0.25 E,Mex$ per share,MXN,"filings/capitaliq/Estimates/Detailed Estimated/SPGlobal_GrupoBimbo,S.A.B.deC.V._DetailedEstimates_20-Sep-2026.xlsx",Detailed Estimates,30
2026-09-20,detailed_estimates,BMV:BIMBO A (Mex$),Consensus,EPS Normalized,,Median,FY 2006,FY,2006,,2006-12-31,0.77,,E,0.77 E,Mex$ per share,MXN,"filings/capitaliq/Estimates/Detailed Estimated/SPGlobal_GrupoBimbo,S.A.B.deC.V._DetailedEstimates_20-Sep-2026.xlsx",Detailed Estimates,30
2026-09-20,detailed_estimates,BMV:BIMBO A (Mex$),Consensus,EPS Normalized,,Median,FQ1 2007,FQ,2007,1,2007-03-31,0.16,,E,0.16 E,Mex$ per share,MXN,"filings/capitaliq/Estimates/Detailed Estimated/SPGlobal_GrupoBimbo,S.A.B.deC.V._DetailedEstimates_20-Sep-2026.xlsx",Detailed Estimates,30
2026-09-20,detailed_estimates,BMV:BIMBO A (Mex$),Consensus,EPS Normalized,,Median,FQ2 2007,FQ,2007,2,2007-06-30,0.18,,E,0.18 E,Mex$ per share,MXN,"filings/capitaliq/Estimates/Detailed Estimated/SPGlobal_GrupoBimbo,S.A.B.deC.V._DetailedEstimates_20-Sep-2026.xlsx",Detailed Estimates,30
2026-09-20,detailed_estimates,BMV:BIMBO A (Mex$),Consensus,EPS Normalized,,Median,FQ3 2007,FQ,2007,3,2007-09-30,0.25,,E,0.25 E,Mex$ per share,MXN,"filings/capitaliq/Estimates/Detailed Estimated/SPGlobal_GrupoBimbo,S.A.B.deC.V._DetailedEstimates_20-Sep-2026.xlsx",Detailed Estimates,30
2026-09-20,detailed_estimates,BMV:BIMBO A (Mex$),Consensus,EPS Normalized,,Median,FQ4 2007,FQ,2007,4,2007-12-31,0.25,,E,0.25 E,Mex$ per share,MXN,"filings/capitaliq/Estimates/Detailed Estimated/SPGlobal_GrupoBimbo,S.A.B.deC.V._DetailedEstimates_20-Sep-2026.xlsx",Detailed Estimates,30
2026-09-20,detailed_estimates,BMV:BIMBO A (Mex$),Consensus,EPS Normalized,,Median,FY 2007,FY,2007,,2007-12-31,0.87,,E,0.87 E,Mex$ per share,MXN,"filings/capitaliq/Estimates/Detailed Estimated/SPGlobal_GrupoBimbo,S.A.B.deC.V._DetailedEstimates_20-Sep-2026.xlsx",Detailed Estimates,30
2026-09-20,detailed_estimates,BMV:BIMBO A (Mex$),Consensus,EPS Normalized,,Median,FQ1 2008,FQ,2008,1,2008-03-31,0.16,,E,0.16 E,Mex$ per share,MXN,"filings/capitaliq/Estimates/Detailed Estimated/SPGlobal_GrupoBimbo,S.A.B.deC.V._DetailedEstimates_20-Sep-2026.xlsx",Detailed Estimates,30
2026-09-20,detailed_estimates,BMV:BIMBO A (Mex$),Consensus,EPS Normalized,,Median,FQ2 2008,FQ,2008,2,2008-06-30,0.18,,E,0.18 E,Mex$ per share,MXN,"filings/capitaliq/Estimates/Detailed Estimated/SPGlobal_GrupoBimbo,S.A.B.deC.V._DetailedEstimates_20-Sep-2026.xlsx",Detailed Estimates,30
2026-09-20,detailed_estimates,BMV:BIMBO A (Mex$),Consensus,EPS Normalized,,Median,FQ3 2008,FQ,2008,3,2008-09-30,0.33,,E,0.33 E,Mex$ per share,MXN,"filings/capitaliq/Estimates/Detailed Estimated/SPGlobal_GrupoBimbo,S.A.B.deC.V._DetailedEstimates_20-Sep-2026.xlsx",Detailed Estimates,30
2026-09-20,detailed_estimates,BMV:BIMBO A (Mex$),Consensus,EPS Normalized,,Median,FQ4 2008,FQ,2008,4,2008-12-31,0.29,,E,0.29 E,Mex$ per share,MXN,"filings/capitaliq/Estimates/Detailed Estimated/SPGlobal_GrupoBimbo,S.A.B.deC.V._DetailedEstimates_20-Sep-2026.xlsx",Detailed Estimates,30
2026-09-20,detailed_estimates,BMV:BIMBO A (Mex$),Consensus,EPS Normalized,,Median,FY 2008,FY,2008,,2008-12-31,0.92,,E,0.92 E,Mex$ per share,MXN,"filings/capitaliq/Estimates/Detailed Estimated/SPGlobal_GrupoBimbo,S.A.B.deC.V._DetailedEstimates_20-Sep-2026.xlsx",Detailed Estimates,30
2026-09-20,detailed_estimates,BMV:BIMBO A (Mex$),Consensus,EPS Normalized,,Median,FQ1 2009,FQ,2009,1,2009-03-31,0.13,,E,0.13 E,Mex$ per share,MXN,"filings/capitaliq/Estimates/Detailed Estimated/SPGlobal_GrupoBimbo,S.A.B.deC.V._DetailedEstimates_20-Sep-2026.xlsx",Detailed Estimates,30
2026-09-20,detailed_estimates,BMV:BIMBO A (Mex$),Consensus,EPS Normalized,,Median,FQ3 2009,FQ,2009,3,2009-09-30,0.39,,E,0.39 E,Mex$ per share,MXN,"filings/capitaliq/Estimates/Detailed Estimated/SPGlobal_GrupoBimbo,S.A.B.deC.V._DetailedEstimates_20-Sep-2026.xlsx",Detailed Estimates,30
2026-09-20,detailed_estimates,BMV:BIMBO A (Mex$),Consensus,EPS Normalized,,Median,FQ4 2009,FQ,2009,4,2009-12-31,0.41,,E,0.41 E,Mex$ per share,MXN,"filings/capitaliq/Estimates/Detailed Estimated/SPGlobal_GrupoBimbo,S.A.B.deC.V._DetailedEstimates_20-Sep-2026.xlsx",Detailed Estimates,30
2026-09-20,detailed_estimates,BMV:BIMBO A (Mex$),Consensus,EPS Normalized,,Median,FY 2009,FY,2009,,2009-12-31,1.37,,E,1.37 E,Mex$ per share,MXN,"filings/capitaliq/Estimates/Detailed Estimated/SPGlobal_GrupoBimbo,S.A.B.deC.V._DetailedEstimates_20-Sep-2026.xlsx",Detailed Estimates,30
2026-09-20,detailed_estimates,BMV:BIMBO A (Mex$),Consensus,EPS Normalized,,Median,FQ2 2010,FQ,2010,2,2010-06-30,0.35,,E,0.35 E,Mex$ per share,MXN,"filings/capitaliq/Estimates/Detailed Estimated/SPGlobal_GrupoBimbo,S.A.B.deC.V._DetailedEstimates_20-Sep-2026.xlsx",Detailed Estimates,30
2026-09-20,detailed_estimates,BMV:BIMBO A (Mex$),Consensus,EPS Normalized,,Median,FQ3 2010,FQ,2010,3,2010-09-30,0.42,,E,0.42 E,Mex$ per share,MXN,"filings/capitaliq/Estimates/Detailed Estimated/SPGlobal_GrupoBimbo,S.A.B.deC.V._DetailedEstimates_20-Sep-2026.xlsx",Detailed Estimates,30
2026-09-20,detailed_estimates,BMV:BIMBO A (Mex$),Consensus,EPS Normalized,,Median,FQ4 2010,FQ,2010,4,2010-12-31,0.5,,E,0.50 E,Mex$ per share,MXN,"filings/capitaliq/Estimates/Detailed Estimated/SPGlobal_GrupoBimbo,S.A.B.deC.V._DetailedEstimates_20-Sep-2026.xlsx",Detailed Estimates,30
2026-09-20,detailed_estimates,BMV:BIMBO A (Mex$),Consensus,EPS Normalized,,Median,FY 2010,FY,2010,,2010-12-31,1.27,,E,1.27 E,Mex$ per share,MXN,"filings/capitaliq/Estimates/Detailed Estimated/SPGlobal_GrupoBimbo,S.A.B.deC.V._DetailedEstimates_20-Sep-2026.xlsx",Detailed Estimates,30
2026-09-20,detailed_estimates,BMV:BIMBO A (Mex$),Consensus,EPS Normalized,,Median,FQ2 2011,FQ,2011,2,2011-06-30,0.06,,E,0.06 E,Mex$ per share,MXN,"filings/capitaliq/Estimates/Detailed Estimated/SPGlobal_GrupoBimbo,S.A.B.deC.V._DetailedEstimates_20-Sep-2026.xlsx",Detailed Estimates,30
2026-09-20,detailed_estimates,BMV:BIMBO A (Mex$),Consensus,EPS Normalized,,Median,FQ3 2011,FQ,2011,3,2011-09-30,0.44,,E,0.44 E,Mex$ per share,MXN,"filings/capitaliq/Estimates/Detailed Estimated/SPGlobal_GrupoBimbo,S.A.B.deC.V._DetailedEstimates_20-Sep-2026.xlsx",Detailed Estimates,30
2026-09-20,detailed_estimates,BMV:BIMBO A (Mex$),Consensus,EPS Normalized,,Median,FY 2011,FY,2011,,2011-12-31,1.52,,E,1.52 E,Mex$ per share,MXN,"filings/capitaliq/Estimates/Detailed Estimated/SPGlobal_GrupoBimbo,S.A.B.deC.V._DetailedEstimates_20-Sep-2026.xlsx",Detailed Estimates,30
2026-09-20,detailed_estimates,BMV:BIMBO A (Mex$),Consensus,EPS Normalized,,Median,FQ4 2012,FQ,2012,4,2012-12-31,0.25,,E,0.25 E,Mex$ per share,MXN,"filings/capitaliq/Estimates/Detailed Estimated/SPGlobal_GrupoBimbo,S.A.B.deC.V._DetailedEstimates_20-Sep-2026.xlsx",Detailed Estimates,30
2026-09-20,detailed_estimates,BMV:BIMBO A (Mex$),Consensus,EPS Normalized,,Median,FY 2012,FY,2012,,2012-12-31,0.69,,E,0.69 E,Mex$ per share,MXN,"filings/capitaliq/Estimates/Detailed Estimated/SPGlobal_GrupoBimbo,S.A.B.deC.V._DetailedEstimates_20-Sep-2026.xlsx",Detailed Estimates,30
2026-09-20,detailed_estimates,BMV:BIMBO A (Mex$),Consensus,EPS Normalized,,Median,FQ1 2013,FQ,2013,1,2013-03-31,0.17,,E,0.17 E,Mex$ per share,MXN,"filings/capitaliq/Estimates/Detailed Estimated/SPGlobal_GrupoBimbo,S.A.B.deC.V._DetailedEstimates_20-Sep-2026.xlsx",Detailed Estimates,30
2026-09-20,detailed_estimates,BMV:BIMBO A (Mex$),Consensus,EPS Normalized,,Median,FQ2 2013,FQ,2013,2,2013-06-30,0.2,,E,0.20 E,Mex$ per share,MXN,"filings/capitaliq/Estimates/Detailed Estimated/SPGlobal_GrupoBimbo,S.A.B.deC.V._DetailedEstimates_20-Sep-2026.xlsx",Detailed Estimates,30
2026-09-20,detailed_estimates,BMV:BIMBO A (Mex$),Consensus,EPS Normalized,,Median,FQ3 2013,FQ,2013,3,2013-09-30,0.17,,E,0.17 E,Mex$ per share,MXN,"filings/capitaliq/Estimates/Detailed Estimated/SPGlobal_GrupoBimbo,S.A.B.deC.V._DetailedEstimates_20-Sep-2026.xlsx",Detailed Estimates,30
2026-09-20,detailed_estimates,BMV:BIMBO A (Mex$),Consensus,EPS Normalized,,Median,FQ4 2013,FQ,2013,4,2013-12-31,0.33,,E,0.33 E,Mex$ per share,MXN,"filings/capitaliq/Estimates/Detailed Estimated/SPGlobal_GrupoBimbo,S.A.B.deC.V._DetailedEstimates_20-Sep-2026.xlsx",Detailed Estimates,30
2026-09-20,detailed_estimates,BMV:BIMBO A (Mex$),Consensus,EPS Normalized,,Median,FY 2013,FY,2013,,2013-12-31,0.87,,E,0.87 E,Mex$ per share,MXN,"filings/capitaliq/Estimates/Detailed Estimated/SPGlobal_GrupoBimbo,S.A.B.deC.V._DetailedEstimates_20-Sep-2026.xlsx",Detailed Estimates,30
2026-09-20,detailed_estimates,BMV:BIMBO A (Mex$),Consensus,EPS Normalized,,Median,FQ1 2014,FQ,2014,1,2014-03-31,0.16,,E,0.16 E,Mex$ per share,MXN,"filings/capitaliq/Estimates/Detailed Estimated/SPGlobal_GrupoBimbo,S.A.B.deC.V._DetailedEstimates_20-Sep-2026.xlsx",Detailed Estimates,30
2026-09-20,detailed_estimates,BMV:BIMBO A (Mex$),Consensus,EPS Normalized,,Median,FQ2 2014,FQ,2014,2,2014-06-30,0.27,,E,0.27 E,Mex$ per share,MXN,"filings/capitaliq/Estimates/Detailed Estimated/SPGlobal_GrupoBimbo,S.A.B.deC.V._DetailedEstimates_20-Sep-2026.xlsx",Detailed Estimates,30
2026-09-20,detailed_estimates,BMV:BIMBO A (Mex$),Consensus,EPS Normalized,,Median,FQ3 2014,FQ,2014,3,2014-09-30,0.36,,E,0.36 E,Mex$ per share,MXN,"filings/capitaliq/Estimates/Detailed Estimated/SPGlobal_GrupoBimbo,S.A.B.deC.V._DetailedEstimates_20-Sep-2026.xlsx",Detailed Estimates,30
2026-09-20,detailed_estimates,BMV:BIMBO A (Mex$),Consensus,EPS Normalized,,Median,FQ4 2014,FQ,2014,4,2014-12-31,0.41,,E,0.41 E,Mex$ per share,MXN,"filings/capitaliq/Estimates/Detailed Estimated/SPGlobal_GrupoBimbo,S.A.B.deC.V._DetailedEstimates_20-Sep-2026.xlsx",Detailed Estimates,30
2026-09-20,detailed_estimates,BMV:BIMBO A (Mex$),Consensus,EPS Normalized,,Median,FY 2014,FY,2014,,2014-12-31,1.3,,E,1.30 E,Mex$ per share,MXN,"filings/capitaliq/Estimates/Detailed Estimated/SPGlobal_GrupoBimbo,S.A.B.deC.V._DetailedEstimates_20-Sep-2026.xlsx",Detailed Estimates,30
2026-09-20,detailed_estimates,BMV:BIMBO A (Mex$),Consensus,EPS Normalized,,Median,FQ1 2015,FQ,2015,1,2015-03-31,0.15,,E,0.15 E,Mex$ per share,MXN,"filings/capitaliq/Estimates/Detailed Estimated/SPGlobal_GrupoBimbo,S.A.B.deC.V._DetailedEstimates_20-Sep-2026.xlsx",Detailed Estimates,30
2026-09-20,detailed_estimates,BMV:BIMBO A (Mex$),Consensus,EPS Normalized,,Median,FQ2 2015,FQ,2015,2,2015-06-30,0.36,,E,0.36 E,Mex$ per share,MXN,"filings/capitaliq/Estimates/Detailed Estimated/SPGlobal_GrupoBimbo,S.A.B.deC.V._DetailedEstimates_20-Sep-2026.xlsx",Detailed Estimates,30
2026-09-20,detailed_estimates,BMV:BIMBO A (Mex$),Consensus,EPS Normalized,,Median,FQ3 2015,FQ,2015,3,2015-09-30,0.44,,E,0.44 E,Mex$ per share,MXN,"filings/capitaliq/Estimates/Detailed Estimated/SPGlobal_GrupoBimbo,S.A.B.deC.V._DetailedEstimates_20-Sep-2026.xlsx",Detailed Estimates,30
2026-09-20,detailed_estimates,BMV:BIMBO A (Mex$),Consensus,EPS Normalized,,Median,FQ4 2015,FQ,2015,4,2015-12-31,0.42,,E,0.42 E,Mex$ per share,MXN,"filings/capitaliq/Estimates/Detailed Estimated/SPGlobal_GrupoBimbo,S.A.B.deC.V._DetailedEstimates_20-Sep-2026.xlsx",Detailed Estimates,30
2026-09-20,detailed_estimates,BMV:BIMBO A (Mex$),Consensus,EPS Normalized,,Median,FY 2015,FY,2015,,2015-12-31,1.47,,E,1.47 E,Mex$ per share,MXN,"filings/capitaliq/Estimates/Detailed Estimated/SPGlobal_GrupoBimbo,S.A.B.deC.V._DetailedEstimates_20-Sep-2026.xlsx",Detailed Estimates,30
2026-09-20,detailed_estimates,BMV:BIMBO A (Mex$),Consensus,EPS Normalized,,Median,FQ1 2016,FQ,2016,1,2016-03-31,0.22,,E,0.22 E,Mex$ per share,MXN,"filings/capitaliq/Estimates/Detailed Estimated/SPGlobal_GrupoBimbo,S.A.B.deC.V._DetailedEstimates_20-Sep-2026.xlsx",Detailed Estimates,30
2026-09-20,detailed_estimates,BMV:BIMBO A (Mex$),Consensus,EPS Normalized,,Median,FQ2 2016,FQ,2016,2,2016-06-30,0.39,,E,0.39 E,Mex$ per share,MXN,"filings/capitaliq/Estimates/Detailed Estimated/SPGlobal_GrupoBimbo,S.A.B.deC.V._DetailedEstimates_20-Sep-2026.xlsx",Detailed Estimates,30
2026-09-20,detailed_estimates,BMV:BIMBO A (Mex$),Consensus,EPS Normalized,,Median,FQ3 2016,FQ,2016,3,2016-09-30,0.51,,E,0.51 E,Mex$ per share,MXN,"filings/capitaliq/Estimates/Detailed Estimated/SPGlobal_GrupoBimbo,S.A.B.deC.V._DetailedEstimates_20-Sep-2026.xlsx",Detailed Estimates,30
2026-09-20,detailed_estimates,BMV:BIMBO A (Mex$),Consensus,EPS Normalized,,Median,FQ4 2016,FQ,2016,4,2016-12-31,0.45,,E,0.45 E,Mex$ per share,MXN,"filings/capitaliq/Estimates/Detailed Estimated/SPGlobal_GrupoBimbo,S.A.B.deC.V._DetailedEstimates_20-Sep-2026.xlsx",Detailed Estimates,30
2026-09-20,detailed_estimates,BMV:BIMBO A (Mex$),Consensus,EPS Normalized,,Median,FY 2016,FY,2016,,2016-12-31,1.69,,E,1.69 E,Mex$ per share,MXN,"filings/capitaliq/Estimates/Detailed Estimated/SPGlobal_GrupoBimbo,S.A.B.deC.V._DetailedEstimates_20-Sep-2026.xlsx",Detailed Estimates,30
2026-09-20,detailed_estimates,BMV:BIMBO A (Mex$),Consensus,EPS Normalized,,Median,FQ1 2017,FQ,2017,1,2017-03-31,0.33,,E,0.33 E,Mex$ per share,MXN,"filings/capitaliq/Estimates/Detailed Estimated/SPGlobal_GrupoBimbo,S.A.B.deC.V._DetailedEstimates_20-Sep-2026.xlsx",Detailed Estimates,30
2026-09-20,detailed_estimates,BMV:BIMBO A (Mex$),Consensus,EPS Normalized,,Median,FQ2 2017,FQ,2017,2,2017-06-30,0.4,,E,0.40 E,Mex$ per share,MXN,"filings/capitaliq/Estimates/Detailed Estimated/SPGlobal_GrupoBimbo,S.A.B.deC.V._DetailedEstimates_20-Sep-2026.xlsx",Detailed Estimates,30
2026-09-20,detailed_estimates,BMV:BIMBO A (Mex$),Consensus,EPS Normalized,,Median,FQ3 2017,FQ,2017,3,2017-09-30,0.47,,E,0.47 E,Mex$ per share,MXN,"filings/capitaliq/Estimates/Detailed Estimated/SPGlobal_GrupoBimbo,S.A.B.deC.V._DetailedEstimates_20-Sep-2026.xlsx",Detailed Estimates,30
2026-09-20,detailed_estimates,BMV:BIMBO A (Mex$),Consensus,EPS Normalized,,Median,FQ4 2017,FQ,2017,4,2017-12-31,0.3,,E,0.30 E,Mex$ per share,MXN,"filings/capitaliq/Estimates/Detailed Estimated/SPGlobal_GrupoBimbo,S.A.B.deC.V._DetailedEstimates_20-Sep-2026.xlsx",Detailed Estimates,30
2026-09-20,detailed_estimates,BMV:BIMBO A (Mex$),Consensus,EPS Normalized,,Median,FY 2017,FY,2017,,2017-12-31,1.23,,E,1.23 E,Mex$ per share,MXN,"filings/capitaliq/Estimates/Detailed Estimated/SPGlobal_GrupoBimbo,S.A.B.deC.V._DetailedEstimates_20-Sep-2026.xlsx",Detailed Estimates,30
2026-09-20,detailed_estimates,BMV:BIMBO A (Mex$),Consensus,EPS Normalized,,Median,FQ1 2018,FQ,2018,1,2018-03-31,0.28,,E,0.28 E,Mex$ per share,MXN,"filings/capitaliq/Estimates/Detailed Estimated/SPGlobal_GrupoBimbo,S.A.B.deC.V._DetailedEstimates_20-Sep-2026.xlsx",Detailed Estimates,30
2026-09-20,detailed_estimates,BMV:BIMBO A (Mex$),Consensus,EPS Normalized,,Median,FQ2 2018,FQ,2018,2,2018-06-30,0.29,,E,0.29 E,Mex$ per share,MXN,"filings/capitaliq/Estimates/Detailed Estimated/SPGlobal_GrupoBimbo,S.A.B.deC.V._DetailedEstimates_20-Sep-2026.xlsx",Detailed Estimates,30
2026-09-20,detailed_estimates,BMV:BIMBO A (Mex$),Consensus,EPS Normalized,,Median,FQ3 2018,FQ,2018,3,2018-09-30,0.42,,E,0.42 E,Mex$ per share,MXN,"filings/capitaliq/Estimates/Detailed Estimated/SPGlobal_GrupoBimbo,S.A.B.deC.V._DetailedEstimates_20-Sep-2026.xlsx",Detailed Estimates,30
2026-09-20,detailed_estimates,BMV:BIMBO A (Mex$),Consensus,EPS Normalized,,Median,FQ4 2018,FQ,2018,4,2018-12-31,0.37,,E,0.37 E,Mex$ per share,MXN,"filings/capitaliq/Estimates/Detailed Estimated/SPGlobal_GrupoBimbo,S.A.B.deC.V._DetailedEstimates_20-Sep-2026.xlsx",Detailed Estimates,30
2026-09-20,detailed_estimates,BMV:BIMBO A (Mex$),Consensus,EPS Normalized,,Median,FY 2018,FY,2018,,2018-12-31,1.14,,E,1.14 E,Mex$ per share,MXN,"filings/capitaliq/Estimates/Detailed Estimated/SPGlobal_GrupoBimbo,S.A.B.deC.V._DetailedEstimates_20-Sep-2026.xlsx",Detailed Estimates,30
2026-09-20,detailed_estimates,BMV:BIMBO A (Mex$),Consensus,EPS Normalized,,Median,FQ1 2019,FQ,2019,1,2019-03-31,0.28,,E,0.28 E,Mex$ per share,MXN,"filings/capitaliq/Estimates/Detailed Estimated/SPGlobal_GrupoBimbo,S.A.B.deC.V._DetailedEstimates_20-Sep-2026.xlsx",Detailed Estimates,30
2026-09-20,detailed_estimates,BMV:BIMBO A (Mex$),Consensus,EPS Normalized,,Median,FQ2 2019,FQ,2019,2,2019-06-30,0.36,,E,0.36 E,Mex$ per share,MXN,"filings/capitaliq/Estimates/Detailed Estimated/SPGlobal_GrupoBimbo,S.A.B.deC.V._DetailedEstimates_20-Sep-2026.xlsx",Detailed Estimates,30
2026-09-20,detailed_estimates,BMV:BIMBO A (Mex$),Consensus,EPS Normalized,,Median,FQ3 2019,FQ,2019,3,2019-09-30,0.4,,E,0.40 E,Mex$ per share,MXN,"filings/capitaliq/Estimates/Detailed Estimated/SPGlobal_GrupoBimbo,S.A.B.deC.V._DetailedEstimates_20-Sep-2026.xlsx",Detailed Estimates,30
2026-09-20,detailed_estimates,BMV:BIMBO A (Mex$),Consensus,EPS Normalized,,Median,FQ4 2019,FQ,2019,4,2019-12-31,0.41,,E,0.41 E,Mex$ per share,MXN,"filings/capitaliq/Estimates/Detailed Estimated/SPGlobal_GrupoBimbo,S.A.B.deC.V._DetailedEstimates_20-Sep-2026.xlsx",Detailed Estimates,30
2026-09-20,detailed_estimates,BMV:BIMBO A (Mex$),Consensus,EPS Normalized,,Median,FY 2019,FY,2019,,2019-12-31,1.37,,E,1.37 E,Mex$ per share,MXN,"filings/capitaliq/Estimates/Detailed Estimated/SPGlobal_GrupoBimbo,S.A.B.deC.V._DetailedEstimates_20-Sep-2026.xlsx",Detailed Estimates,30
2026-09-20,detailed_estimates,BMV:BIMBO A (Mex$),Consensus,EPS Normalized,,Median,FQ1 2020,FQ,2020,1,2020-03-31,0.3,,E,0.30 E,Mex$ per share,MXN,"filings/capitaliq/Estimates/Detailed Estimated/SPGlobal_GrupoBimbo,S.A.B.deC.V._DetailedEstimates_20-Sep-2026.xlsx",Detailed Estimates,30
2026-09-20,detailed_estimates,BMV:BIMBO A (Mex$),Consensus,EPS Normalized,,Median,FQ2 2020,FQ,2020,2,2020-06-30,0.3,,E,0.30 E,Mex$ per share,MXN,"filings/capitaliq/Estimates/Detailed Estimated/SPGlobal_GrupoBimbo,S.A.B.deC.V._DetailedEstimates_20-Sep-2026.xlsx",Detailed Estimates,30
2026-09-20,detailed_estimates,BMV:BIMBO A (Mex$),Consensus,EPS Normalized,,Median,FQ3 2020,FQ,2020,3,2020-09-30,0.5,,E,0.50 E,Mex$ per share,MXN,"filings/capitaliq/Estimates/Detailed Estimated/SPGlobal_GrupoBimbo,S.A.B.deC.V._DetailedEstimates_20-Sep-2026.xlsx",Detailed Estimates,30
2026-09-20,detailed_estimates,BMV:BIMBO A (Mex$),Consensus,EPS Normalized,,Median,FQ4 2020,FQ,2020,4,2020-12-31,0.5,,E,0.50 E,Mex$ per share,MXN,"filings/capitaliq/Estimates/Detailed Estimated/SPGlobal_GrupoBimbo,S.A.B.deC.V._DetailedEstimates_20-Sep-2026.xlsx",Detailed Estimates,30
2026-09-20,detailed_estimates,BMV:BIMBO A (Mex$),Consensus,EPS Normalized,,Median,FY 2020,FY,2020,,2020-12-31,1.92,,E,1.92 E,Mex$ per share,MXN,"filings/capitaliq/Estimates/Detailed Estimated/SPGlobal_GrupoBimbo,S.A.B.deC.V._DetailedEstimates_20-Sep-2026.xlsx",Detailed Estimates,30
2026-09-20,detailed_estimates,BMV:BIMBO A (Mex$),Consensus,EPS Normalized,,Median,FQ1 2021,FQ,2021,1,2021-03-31,0.44,,E,0.44 E,Mex$ per share,MXN,"filings/capitaliq/Estimates/Detailed Estimated/SPGlobal_GrupoBimbo,S.A.B.deC.V._DetailedEstimates_20-Sep-2026.xlsx",Detailed Estimates,30
2026-09-20,detailed_estimates,BMV:BIMBO A (Mex$),Consensus,EPS Normalized,,Median,FQ2 2021,FQ,2021,2,2021-06-30,0.58,,E,0.58 E,Mex$ per share,MXN,"filings/capitaliq/Estimates/Detailed Estimated/SPGlobal_GrupoBimbo,S.A.B.deC.V._DetailedEstimates_20-Sep-2026.xlsx",Detailed Estimates,30
2026-09-20,detailed_estimates,BMV:BIMBO A (Mex$),Consensus,EPS Normalized,,Median,FQ3 2021,FQ,2021,3,2021-09-30,0.8,,E,0.80 E,Mex$ per share,MXN,"filings/capitaliq/Estimates/Detailed Estimated/SPGlobal_GrupoBimbo,S.A.B.deC.V._DetailedEstimates_20-Sep-2026.xlsx",Detailed Estimates,30
2026-09-20,detailed_estimates,BMV:BIMBO A (Mex$),Consensus,EPS Normalized,,Median,FQ4 2021,FQ,2021,4,2021-12-31,0.76,,E,0.76 E,Mex$ per share,MXN,"filings/capitaliq/Estimates/Detailed Estimated/SPGlobal_GrupoBimbo,S.A.B.deC.V._DetailedEstimates_20-Sep-2026.xlsx",Detailed Estimates,30
2026-09-20,detailed_estimates,BMV:BIMBO A (Mex$),Consensus,EPS Normalized,,Median,FY 2021,FY,2021,,2021-12-31,3.31,,E,3.31 E,Mex$ per share,MXN,"filings/capitaliq/Estimates/Detailed Estimated/SPGlobal_GrupoBimbo,S.A.B.deC.V._DetailedEstimates_20-Sep-2026.xlsx",Detailed Estimates,30
2026-09-20,detailed_estimates,BMV:BIMBO A (Mex$),Consensus,EPS Normalized,,Median,FQ1 2022,FQ,2022,1,2022-03-31,0.68,,E,0.68 E,Mex$ per share,MXN,"filings/capitaliq/Estimates/Detailed Estimated/SPGlobal_GrupoBimbo,S.A.B.deC.V._DetailedEstimates_20-Sep-2026.xlsx",Detailed Estimates,30
2026-09-20,detailed_estimates,BMV:BIMBO A (Mex$),Consensus,EPS Normalized,,Median,FQ2 2022,FQ,2022,2,2022-06-30,0.73,,E,0.73 E,Mex$ per share,MXN,"filings/capitaliq/Estimates/Detailed Estimated/SPGlobal_GrupoBimbo,S.A.B.deC.V._DetailedEstimates_20-Sep-2026.xlsx",Detailed Estimates,30
2026-09-20,detailed_estimates,BMV:BIMBO A (Mex$),Consensus,EPS Normalized,,Median,FQ3 2022,FQ,2022,3,2022-09-30,1.01,,E,1.01 E,Mex$ per share,MXN,"filings/capitaliq/Estimates/Detailed Estimated/SPGlobal_GrupoBimbo,S.A.B.deC.V._DetailedEstimates_20-Sep-2026.xlsx",Detailed Estimates,30
2026-09-20,detailed_estimates,BMV:BIMBO A (Mex$),Consensus,EPS Normalized,,Median,FQ4 2022,FQ,2022,4,2022-12-31,1.16,,E,1.16 E,Mex$ per share,MXN,"filings/capitaliq/Estimates/Detailed Estimated/SPGlobal_GrupoBimbo,S.A.B.deC.V._DetailedEstimates_20-Sep-2026.xlsx",Detailed Estimates,30
2026-09-20,detailed_estimates,BMV:BIMBO A (Mex$),Consensus,EPS Normalized,,Median,FY 2022,FY,2022,,2022-12-31,4.74,,E,4.74 E,Mex$ per share,MXN,"filings/capitaliq/Estimates/Detailed Estimated/SPGlobal_GrupoBimbo,S.A.B.deC.V._DetailedEstimates_20-Sep-2026.xlsx",Detailed Estimates,30
2026-09-20,detailed_estimates,BMV:BIMBO A (Mex$),Consensus,EPS Normalized,,Median,FQ1 2023,FQ,2023,1,2023-03-31,0.82,,E,0.82 E,Mex$ per share,MXN,"filings/capitaliq/Estimates/Detailed Estimated/SPGlobal_GrupoBimbo,S.A.B.deC.V._DetailedEstimates_20-Sep-2026.xlsx",Detailed Estimates,30
2026-09-20,detailed_estimates,BMV:BIMBO A (Mex$),Consensus,EPS Normalized,,Median,FQ2 2023,FQ,2023,2,2023-06-30,0.93,,E,0.93 E,Mex$ per share,MXN,"filings/capitaliq/Estimates/Detailed Estimated/SPGlobal_GrupoBimbo,S.A.B.deC.V._DetailedEstimates_20-Sep-2026.xlsx",Detailed Estimates,30
2026-09-20,detailed_estimates,BMV:BIMBO A (Mex$),Consensus,EPS Normalized,,Median,FQ3 2023,FQ,2023,3,2023-09-30,1.02,,E,1.02 E,Mex$ per share,MXN,"filings/capitaliq/Estimates/Detailed Estimated/SPGlobal_GrupoBimbo,S.A.B.deC.V._DetailedEstimates_20-Sep-2026.xlsx",Detailed Estimates,30
2026-09-20,detailed_estimates,BMV:BIMBO A (Mex$),Consensus,EPS Normalized,,Median,FQ4 2023,FQ,2023,4,2023-12-31,1.11,,E,1.11 E,Mex$ per share,MXN,"filings/capitaliq/Estimates/Detailed Estimated/SPGlobal_GrupoBimbo,S.A.B.deC.V._DetailedEstimates_20-Sep-2026.xlsx",Detailed Estimates,30
2026-09-20,detailed_estimates,BMV:BIMBO A (Mex$),Consensus,EPS Normalized,,Median,FY 2023,FY,2023,,2023-12-31,3.84,,E,3.84 E,Mex$ per share,MXN,"filings/capitaliq/Estimates/Detailed Estimated/SPGlobal_GrupoBimbo,S.A.B.deC.V._DetailedEstimates_20-Sep-2026.xlsx",Detailed Estimates,30
2026-09-20,detailed_estimates,BMV:BIMBO A (Mex$),Consensus,EPS Normalized,,Median,FQ1 2024,FQ,2024,1,2024-03-31,0.76,,E,0.76 E,Mex$ per share,MXN,"filings/capitaliq/Estimates/Detailed Estimated/SPGlobal_GrupoBimbo,S.A.B.deC.V._DetailedEstimates_20-Sep-2026.xlsx",Detailed Estimates,30
2026-09-20,detailed_estimates,BMV:BIMBO A (Mex$),Consensus,EPS Normalized,,Median,FQ2 2024,FQ,2024,2,2024-06-30,0.67,,E,0.67 E,Mex$ per share,MXN,"filings/capitaliq/Estimates/Detailed Estimated/SPGlobal_GrupoBimbo,S.A.B.deC.V._DetailedEstimates_20-Sep-2026.xlsx",Detailed Estimates,30
2026-09-20,detailed_estimates,BMV:BIMBO A (Mex$),Consensus,EPS Normalized,,Median,FQ3 2024,FQ,2024,3,2024-09-30,0.97,,E,0.97 E,Mex$ per share,MXN,"filings/capitaliq/Estimates/Detailed Estimated/SPGlobal_GrupoBimbo,S.A.B.deC.V._DetailedEstimates_20-Sep-2026.xlsx",Detailed Estimates,30
2026-09-20,detailed_estimates,BMV:BIMBO A (Mex$),Consensus,EPS Normalized,,Median,FQ4 2024,FQ,2024,4,2024-12-31,0.86,,E,0.86 E,Mex$ per share,MXN,"filings/capitaliq/Estimates/Detailed Estimated/SPGlobal_GrupoBimbo,S.A.B.deC.V._DetailedEstimates_20-Sep-2026.xlsx",Detailed Estimates,30
2026-09-20,detailed_estimates,BMV:BIMBO A (Mex$),Consensus,EPS Normalized,,Median,FY 2024,FY,2024,,2024-12-31,3.0,,E,3.00 E,Mex$ per share,MXN,"filings/capitaliq/Estimates/Detailed Estimated/SPGlobal_GrupoBimbo,S.A.B.deC.V._DetailedEstimates_20-Sep-2026.xlsx",Detailed Estimates,30
2026-09-20,detailed_estimates,BMV:BIMBO A (Mex$),Consensus,EPS Normalized,,Median,FQ1 2025,FQ,2025,1,2025-03-31,0.5,,E,0.50 E,Mex$ per share,MXN,"filings/capitaliq/Estimates/Detailed Estimated/SPGlobal_GrupoBimbo,S.A.B.deC.V._DetailedEstimates_20-Sep-2026.xlsx",Detailed Estimates,30
2026-09-20,detailed_estimates,BMV:BIMBO A (Mex$),Consensus,EPS Normalized,,Median,FQ2 2025,FQ,2025,2,2025-06-30,0.69,,E,0.69 E,Mex$ per share,MXN,"filings/capitaliq/Estimates/Detailed Estimated/SPGlobal_GrupoBimbo,S.A.B.deC.V._DetailedEstimates_20-Sep-2026.xlsx",Detailed Estimates,30
2026-09-20,detailed_estimates,BMV:BIMBO A (Mex$),Consensus,EPS Normalized,,Median,FQ3 2025,FQ,2025,3,2025-09-30,0.81,,E,0.81 E,Mex$ per share,MXN,"filings/capitaliq/Estimates/Detailed Estimated/SPGlobal_GrupoBimbo,S.A.B.deC.V._DetailedEstimates_20-Sep-2026.xlsx",Detailed Estimates,30
2026-09-20,detailed_estimates,BMV:BIMBO A (Mex$),Consensus,EPS Normalized,,Median,FQ4 2025,FQ,2025,4,2025-12-31,0.82,,E,0.82 E,Mex$ per share,MXN,"filings/capitaliq/Estimates/Detailed Estimated/SPGlobal_GrupoBimbo,S.A.B.deC.V._DetailedEstimates_20-Sep-2026.xlsx",Detailed Estimates,30
2026-09-20,detailed_estimates,BMV:BIMBO A (Mex$),Consensus,EPS Normalized,,Median,FY 2025,FY,2025,,2025-12-31,2.69,,E,2.69 E,Mex$ per share,MXN,"filings/capitaliq/Estimates/Detailed Estimated/SPGlobal_GrupoBimbo,S.A.B.deC.V._DetailedEstimates_20-Sep-2026.xlsx",Detailed Estimates,30
2026-09-20,detailed_estimates,BMV:BIMBO A (Mex$),Consensus,EPS Normalized,,Median,FQ1 2026,FQ,2026,1,2026-03-31,0.5,,E,0.50 E,Mex$ per share,MXN,"filings/capitaliq/Estimates/Detailed Estimated/SPGlobal_GrupoBimbo,S.A.B.deC.V._DetailedEstimates_20-Sep-2026.xlsx",Detailed Estimates,30
2026-09-20,detailed_estimates,BMV:BIMBO A (Mex$),Consensus,EPS Normalized,,Median,FQ2 2026,FQ,2026,2,2026-06-30,0.77,,E,0.77 E,Mex$ per share,MXN,"filings/capitaliq/Estimates/Detailed Estimated/SPGlobal_GrupoBimbo,S.A.B.deC.V._DetailedEstimates_20-Sep-2026.xlsx",Detailed Estimates,30
2026-09-20,detailed_estimates,BMV:BIMBO A (Mex$),Consensus,EPS Normalized,,Median,FQ3 2026,FQ,2026,3,2026-09-30,0.88,,E,0.88 E,Mex$ per share,MXN,"filings/capitaliq/Estimates/Detailed Estimated/SPGlobal_GrupoBimbo,S.A.B.deC.V._DetailedEstimates_20-Sep-2026.xlsx",Detailed Estimates,30
2026-09-20,detailed_estimates,BMV:BIMBO A (Mex$),Consensus,EPS Normalized,,Median,FQ4 2026,FQ,2026,4,2026-12-31,0.92,,E,0.92 E,Mex$ per share,MXN,"filings/capitaliq/Estimates/Detailed Estimated/SPGlobal_GrupoBimbo,S.A.B.deC.V._DetailedEstimates_20-Sep-2026.xlsx",Detailed Estimates,30
2026-09-20,detailed_estimates,BMV:BIMBO A (Mex$),Consensus,EPS Normalized,,Median,FY 2026,FY,2026,,2026-12-31,3.06,,E,3.06 E,Mex$ per share,MXN,"filings/capitaliq/Estimates/Detailed Estimated/SPGlobal_GrupoBimbo,S.A.B.deC.V._DetailedEstimates_20-Sep-2026.xlsx",Detailed Estimates,30
2026-09-20,detailed_estimates,BMV:BIMBO A (Mex$),Consensus,EPS Normalized,,Median,FQ1 2027,FQ,2027,1,2027-03-31,0.62,,E,0.62 E,Mex$ per share,MXN,"filings/capitaliq/Estimates/Detailed Estimated/SPGlobal_GrupoBimbo,S.A.B.deC.V._DetailedEstimates_20-Sep-2026.xlsx",Detailed Estimates,30
2026-09-20,detailed_estimates,BMV:BIMBO A (Mex$),Consensus,EPS Normalized,,Median,FQ2 2027,FQ,2027,2,2027-06-30,0.8,,E,0.80 E,Mex$ per share,MXN,"filings/capitaliq/Estimates/Detailed Estimated/SPGlobal_GrupoBimbo,S.A.B.deC.V._DetailedEstimates_20-Sep-2026.xlsx",Detailed Estimates,30
2026-09-20,detailed_estimates,BMV:BIMBO A (Mex$),Consensus,EPS Normalized,,Median,FQ3 2027,FQ,2027,3,2027-09-30,0.93,,E,0.93 E,Mex$ per share,MXN,"filings/capitaliq/Estimates/Detailed Estimated/SPGlobal_GrupoBimbo,S.A.B.deC.V._DetailedEstimates_20-Sep-2026.xlsx",Detailed Estimates,30
2026-09-20,detailed_estimates,BMV:BIMBO A (Mex$),Consensus,EPS Normalized,,Median,FQ4 2027,FQ,2027,4,2027-12-31,0.88,,E,0.88 E,Mex$ per share,MXN,"filings/capitaliq/Estimates/Detailed Estimated/SPGlobal_GrupoBimbo,S.A.B.deC.V._DetailedEstimates_20-Sep-2026.xlsx",Detailed Estimates,30
2026-09-20,detailed_estimates,BMV:BIMBO A (Mex$),Consensus,EPS Normalized,,Median,FY 2027,FY,2027,,2027-12-31,3.28,,E,3.28 E,Mex$ per share,MXN,"filings/capitaliq/Estimates/Detailed Estimated/SPGlobal_GrupoBimbo,S.A.B.deC.V._DetailedEstimates_20-Sep-2026.xlsx",Detailed Estimates,30
2026-09-20,detailed_estimates,BMV:BIMBO A (Mex$),Consensus,EPS Normalized,,Median,FY 2028,FY,2028,,2028-12-31,3.76,,E,3.76 E,Mex$ per share,MXN,"filings/capitaliq/Estimates/Detailed Estimated/SPGlobal_GrupoBimbo,S.A.B.deC.V._DetailedEstimates_20-Sep-2026.xlsx",Detailed Estimates,30
2026-09-20,detailed_estimates,BMV:BIMBO A (Mex$),Consensus,EPS Normalized,,Median,FY 2029,FY,2029,,2029-12-31,4.02,,E,4.02 E,Mex$ per share,MXN,"filings/capitaliq/Estimates/Detailed Estimated/SPGlobal_GrupoBimbo,S.A.B.deC.V._DetailedEstimates_20-Sep-2026.xlsx",Detailed Estimates,30
2026-09-20,detailed_estimates,BMV:BIMBO A (Mex$),Consensus,EPS Normalized,,Median,FY 2030,FY,2030,,2030-12-31,4.52,,E,4.52 E,Mex$ per share,MXN,"filings/capitaliq/Estimates/Detailed Estimated/SPGlobal_GrupoBimbo,S.A.B.deC.V._DetailedEstimates_20-Sep-2026.xlsx",Detailed Estimates,30
2026-09-20,detailed_estimates,BMV:BIMBO A (Mex$),Consensus,EPS Normalized,,Median,FY 2031,FY,2031,,2031-12-31,5.2,,E,5.20 E,Mex$ per share,MXN,"filings/capitaliq/Estimates/Detailed Estimated/SPGlobal_GrupoBimbo,S.A.B.deC.V._DetailedEstimates_20-Sep-2026.xlsx",Detailed Estimates,30
2026-09-20,detailed_estimates,BMV:BIMBO A (Mex$),Consensus,EPS Normalized,,High,FY 1998,FY,1998,,1998-12-31,0.23,,E,0.23 E,Mex$ per share,MXN,"filings/capitaliq/Estimates/Detailed Estimated/SPGlobal_GrupoBimbo,S.A.B.deC.V._DetailedEstimates_20-Sep-2026.xlsx",Detailed Estimates,31
2026-09-20,detailed_estimates,BMV:BIMBO A (Mex$),Consensus,EPS Normalized,,High,FY 1999,FY,1999,,1999-12-31,0.35,,E,0.35 E,Mex$ per share,MXN,"filings/capitaliq/Estimates/Detailed Estimated/SPGlobal_GrupoBimbo,S.A.B.deC.V._DetailedEstimates_20-Sep-2026.xlsx",Detailed Estimates,31
2026-09-20,detailed_estimates,BMV:BIMBO A (Mex$),Consensus,EPS Normalized,,High,FY 2000,FY,2000,,2000-12-31,0.3,,E,0.30 E,Mex$ per share,MXN,"filings/capitaliq/Estimates/Detailed Estimated/SPGlobal_GrupoBimbo,S.A.B.deC.V._DetailedEstimates_20-Sep-2026.xlsx",Detailed Estimates,31
2026-09-20,detailed_estimates,BMV:BIMBO A (Mex$),Consensus,EPS Normalized,,High,FY 2001,FY,2001,,2001-12-31,0.35,,E,0.35 E,Mex$ per share,MXN,"filings/capitaliq/Estimates/Detailed Estimated/SPGlobal_GrupoBimbo,S.A.B.deC.V._DetailedEstimates_20-Sep-2026.xlsx",Detailed Estimates,31
2026-09-20,detailed_estimates,BMV:BIMBO A (Mex$),Consensus,EPS Normalized,,High,FY 2002,FY,2002,,2002-12-31,0.3,,E,0.30 E,Mex$ per share,MXN,"filings/capitaliq/Estimates/Detailed Estimated/SPGlobal_GrupoBimbo,S.A.B.deC.V._DetailedEstimates_20-Sep-2026.xlsx",Detailed Estimates,31
2026-09-20,detailed_estimates,BMV:BIMBO A (Mex$),Consensus,EPS Normalized,,High,FY 2003,FY,2003,,2003-12-31,0.58,,E,0.58 E,Mex$ per share,MXN,"filings/capitaliq/Estimates/Detailed Estimated/SPGlobal_GrupoBimbo,S.A.B.deC.V._DetailedEstimates_20-Sep-2026.xlsx",Detailed Estimates,31
2026-09-20,detailed_estimates,BMV:BIMBO A (Mex$),Consensus,EPS Normalized,,High,FQ3 2004,FQ,2004,3,2004-09-30,0.16,,E,0.16 E,Mex$ per share,MXN,"filings/capitaliq/Estimates/Detailed Estimated/SPGlobal_GrupoBimbo,S.A.B.deC.V._DetailedEstimates_20-Sep-2026.xlsx",Detailed Estimates,31
2026-09-20,detailed_estimates,BMV:BIMBO A (Mex$),Consensus,EPS Normalized,,High,FQ4 2004,FQ,2004,4,2004-12-31,0.19,,E,0.19 E,Mex$ per share,MXN,"filings/capitaliq/Estimates/Detailed Estimated/SPGlobal_GrupoBimbo,S.A.B.deC.V._DetailedEstimates_20-Sep-2026.xlsx",Detailed Estimates,31
2026-09-20,detailed_estimates,BMV:BIMBO A (Mex$),Consensus,EPS Normalized,,High,FY 2004,FY,2004,,2004-12-31,0.58,,E,0.58 E,Mex$ per share,MXN,"filings/capitaliq/Estimates/Detailed Estimated/SPGlobal_GrupoBimbo,S.A.B.deC.V._DetailedEstimates_20-Sep-2026.xlsx",Detailed Estimates,31
2026-09-20,detailed_estimates,BMV:BIMBO A (Mex$),Consensus,EPS Normalized,,High,FQ1 2005,FQ,2005,1,2005-03-31,0.11,,E,0.11 E,Mex$ per share,MXN,"filings/capitaliq/Estimates/Detailed Estimated/SPGlobal_GrupoBimbo,S.A.B.deC.V._DetailedEstimates_20-Sep-2026.xlsx",Detailed Estimates,31
2026-09-20,detailed_estimates,BMV:BIMBO A (Mex$),Consensus,EPS Normalized,,High,FQ2 2005,FQ,2005,2,2005-06-30,0.14,,E,0.14 E,Mex$ per share,MXN,"filings/capitaliq/Estimates/Detailed Estimated/SPGlobal_GrupoBimbo,S.A.B.deC.V._DetailedEstimates_20-Sep-2026.xlsx",Detailed Estimates,31
2026-09-20,detailed_estimates,BMV:BIMBO A (Mex$),Consensus,EPS Normalized,,High,FQ3 2005,FQ,2005,3,2005-09-30,0.18,,E,0.18 E,Mex$ per share,MXN,"filings/capitaliq/Estimates/Detailed Estimated/SPGlobal_GrupoBimbo,S.A.B.deC.V._DetailedEstimates_20-Sep-2026.xlsx",Detailed Estimates,31
2026-09-20,detailed_estimates,BMV:BIMBO A (Mex$),Consensus,EPS Normalized,,High,FQ4 2005,FQ,2005,4,2005-12-31,0.21,,E,0.21 E,Mex$ per share,MXN,"filings/capitaliq/Estimates/Detailed Estimated/SPGlobal_GrupoBimbo,S.A.B.deC.V._DetailedEstimates_20-Sep-2026.xlsx",Detailed Estimates,31
2026-09-20,detailed_estimates,BMV:BIMBO A (Mex$),Consensus,EPS Normalized,,High,FY 2005,FY,2005,,2005-12-31,0.65,,E,0.65 E,Mex$ per share,MXN,"filings/capitaliq/Estimates/Detailed Estimated/SPGlobal_GrupoBimbo,S.A.B.deC.V._DetailedEstimates_20-Sep-2026.xlsx",Detailed Estimates,31
2026-09-20,detailed_estimates,BMV:BIMBO A (Mex$),Consensus,EPS Normalized,,High,FQ1 2006,FQ,2006,1,2006-03-31,0.14,,E,0.14 E,Mex$ per share,MXN,"filings/capitaliq/Estimates/Detailed Estimated/SPGlobal_GrupoBimbo,S.A.B.deC.V._DetailedEstimates_20-Sep-2026.xlsx",Detailed Estimates,31
2026-09-20,detailed_estimates,BMV:BIMBO A (Mex$),Consensus,EPS Normalized,,High,FQ2 2006,FQ,2006,2,2006-06-30,0.16,,E,0.16 E,Mex$ per share,MXN,"filings/capitaliq/Estimates/Detailed Estimated/SPGlobal_GrupoBimbo,S.A.B.deC.V._DetailedEstimates_20-Sep-2026.xlsx",Detailed Estimates,31
2026-09-20,detailed_estimates,BMV:BIMBO A (Mex$),Consensus,EPS Normalized,,High,FQ3 2006,FQ,2006,3,2006-09-30,0.2,,E,0.20 E,Mex$ per share,MXN,"filings/capitaliq/Estimates/Detailed Estimated/SPGlobal_GrupoBimbo,S.A.B.deC.V._DetailedEstimates_20-Sep-2026.xlsx",Detailed Estimates,31
2026-09-20,detailed_estimates,BMV:BIMBO A (Mex$),Consensus,EPS Normalized,,High,FQ4 2006,FQ,2006,4,2006-12-31,0.25,,E,0.25 E,Mex$ per share,MXN,"filings/capitaliq/Estimates/Detailed Estimated/SPGlobal_GrupoBimbo,S.A.B.deC.V._DetailedEstimates_20-Sep-2026.xlsx",Detailed Estimates,31
2026-09-20,detailed_estimates,BMV:BIMBO A (Mex$),Consensus,EPS Normalized,,High,FY 2006,FY,2006,,2006-12-31,0.78,,E,0.78 E,Mex$ per share,MXN,"filings/capitaliq/Estimates/Detailed Estimated/SPGlobal_GrupoBimbo,S.A.B.deC.V._DetailedEstimates_20-Sep-2026.xlsx",Detailed Estimates,31
2026-09-20,detailed_estimates,BMV:BIMBO A (Mex$),Consensus,EPS Normalized,,High,FQ1 2007,FQ,2007,1,2007-03-31,0.16,,E,0.16 E,Mex$ per share,MXN,"filings/capitaliq/Estimates/Detailed Estimated/SPGlobal_GrupoBimbo,S.A.B.deC.V._DetailedEstimates_20-Sep-2026.xlsx",Detailed Estimates,31
2026-09-20,detailed_estimates,BMV:BIMBO A (Mex$),Consensus,EPS Normalized,,High,FQ2 2007,FQ,2007,2,2007-06-30,0.22,,E,0.22 E,Mex$ per share,MXN,"filings/capitaliq/Estimates/Detailed Estimated/SPGlobal_GrupoBimbo,S.A.B.deC.V._DetailedEstimates_20-Sep-2026.xlsx",Detailed Estimates,31
2026-09-20,detailed_estimates,BMV:BIMBO A (Mex$),Consensus,EPS Normalized,,High,FQ3 2007,FQ,2007,3,2007-09-30,0.26,,E,0.26 E,Mex$ per share,MXN,"filings/capitaliq/Estimates/Detailed Estimated/SPGlobal_GrupoBimbo,S.A.B.deC.V._DetailedEstimates_20-Sep-2026.xlsx",Detailed Estimates,31
2026-09-20,detailed_estimates,BMV:BIMBO A (Mex$),Consensus,EPS Normalized,,High,FQ4 2007,FQ,2007,4,2007-12-31,0.3,,E,0.30 E,Mex$ per share,MXN,"filings/capitaliq/Estimates/Detailed Estimated/SPGlobal_GrupoBimbo,S.A.B.deC.V._DetailedEstimates_20-Sep-2026.xlsx",Detailed Estimates,31
2026-09-20,detailed_estimates,BMV:BIMBO A (Mex$),Consensus,EPS Normalized,,High,FY 2007,FY,2007,,2007-12-31,0.9,,E,0.90 E,Mex$ per share,MXN,"filings/capitaliq/Estimates/Detailed Estimated/SPGlobal_GrupoBimbo,S.A.B.deC.V._DetailedEstimates_20-Sep-2026.xlsx",Detailed Estimates,31
2026-09-20,detailed_estimates,BMV:BIMBO A (Mex$),Consensus,EPS Normalized,,High,FQ1 2008,FQ,2008,1,2008-03-31,0.17,,E,0.17 E,Mex$ per share,MXN,"filings/capitaliq/Estimates/Detailed Estimated/SPGlobal_GrupoBimbo,S.A.B.deC.V._DetailedEstimates_20-Sep-2026.xlsx",Detailed Estimates,31
2026-09-20,detailed_estimates,BMV:BIMBO A (Mex$),Consensus,EPS Normalized,,High,FQ2 2008,FQ,2008,2,2008-06-30,0.19,,E,0.19 E,Mex$ per share,MXN,"filings/capitaliq/Estimates/Detailed Estimated/SPGlobal_GrupoBimbo,S.A.B.deC.V._DetailedEstimates_20-Sep-2026.xlsx",Detailed Estimates,31
2026-09-20,detailed_estimates,BMV:BIMBO A (Mex$),Consensus,EPS Normalized,,High,FQ3 2008,FQ,2008,3,2008-09-30,0.33,,E,0.33 E,Mex$ per share,MXN,"filings/capitaliq/Estimates/Detailed Estimated/SPGlobal_GrupoBimbo,S.A.B.deC.V._DetailedEstimates_20-Sep-2026.xlsx",Detailed Estimates,31
2026-09-20,detailed_estimates,BMV:BIMBO A (Mex$),Consensus,EPS Normalized,,High,FQ4 2008,FQ,2008,4,2008-12-31,0.29,,E,0.29 E,Mex$ per share,MXN,"filings/capitaliq/Estimates/Detailed Estimated/SPGlobal_GrupoBimbo,S.A.B.deC.V._DetailedEstimates_20-Sep-2026.xlsx",Detailed Estimates,31
2026-09-20,detailed_estimates,BMV:BIMBO A (Mex$),Consensus,EPS Normalized,,High,FY 2008,FY,2008,,2008-12-31,0.97,,E,0.97 E,Mex$ per share,MXN,"filings/capitaliq/Estimates/Detailed Estimated/SPGlobal_GrupoBimbo,S.A.B.deC.V._DetailedEstimates_20-Sep-2026.xlsx",Detailed Estimates,31
2026-09-20,detailed_estimates,BMV:BIMBO A (Mex$),Consensus,EPS Normalized,,High,FQ1 2009,FQ,2009,1,2009-03-31,0.13,,E,0.13 E,Mex$ per share,MXN,"filings/capitaliq/Estimates/Detailed Estimated/SPGlobal_GrupoBimbo,S.A.B.deC.V._DetailedEstimates_20-Sep-2026.xlsx",Detailed Estimates,31
2026-09-20,detailed_estimates,BMV:BIMBO A (Mex$),Consensus,EPS Normalized,,High,FQ3 2009,FQ,2009,3,2009-09-30,0.4,,E,0.40 E,Mex$ per share,MXN,"filings/capitaliq/Estimates/Detailed Estimated/SPGlobal_GrupoBimbo,S.A.B.deC.V._DetailedEstimates_20-Sep-2026.xlsx",Detailed Estimates,31
2026-09-20,detailed_estimates,BMV:BIMBO A (Mex$),Consensus,EPS Normalized,,High,FQ4 2009,FQ,2009,4,2009-12-31,0.41,,E,0.41 E,Mex$ per share,MXN,"filings/capitaliq/Estimates/Detailed Estimated/SPGlobal_GrupoBimbo,S.A.B.deC.V._DetailedEstimates_20-Sep-2026.xlsx",Detailed Estimates,31
2026-09-20,detailed_estimates,BMV:BIMBO A (Mex$),Consensus,EPS Normalized,,High,FY 2009,FY,2009,,2009-12-31,1.47,,E,1.47 E,Mex$ per share,MXN,"filings/capitaliq/Estimates/Detailed Estimated/SPGlobal_GrupoBimbo,S.A.B.deC.V._DetailedEstimates_20-Sep-2026.xlsx",Detailed Estimates,31
2026-09-20,detailed_estimates,BMV:BIMBO A (Mex$),Consensus,EPS Normalized,,High,FQ2 2010,FQ,2010,2,2010-06-30,0.35,,E,0.35 E,Mex$ per share,MXN,"filings/capitaliq/Estimates/Detailed Estimated/SPGlobal_GrupoBimbo,S.A.B.deC.V._DetailedEstimates_20-Sep-2026.xlsx",Detailed Estimates,31
2026-09-20,detailed_estimates,BMV:BIMBO A (Mex$),Consensus,EPS Normalized,,High,FQ3 2010,FQ,2010,3,2010-09-30,0.42,,E,0.42 E,Mex$ per share,MXN,"filings/capitaliq/Estimates/Detailed Estimated/SPGlobal_GrupoBimbo,S.A.B.deC.V._DetailedEstimates_20-Sep-2026.xlsx",Detailed Estimates,31
2026-09-20,detailed_estimates,BMV:BIMBO A (Mex$),Consensus,EPS Normalized,,High,FQ4 2010,FQ,2010,4,2010-12-31,0.52,,E,0.52 E,Mex$ per share,MXN,"filings/capitaliq/Estimates/Detailed Estimated/SPGlobal_GrupoBimbo,S.A.B.deC.V._DetailedEstimates_20-Sep-2026.xlsx",Detailed Estimates,31
2026-09-20,detailed_estimates,BMV:BIMBO A (Mex$),Consensus,EPS Normalized,,High,FY 2010,FY,2010,,2010-12-31,1.29,,E,1.29 E,Mex$ per share,MXN,"filings/capitaliq/Estimates/Detailed Estimated/SPGlobal_GrupoBimbo,S.A.B.deC.V._DetailedEstimates_20-Sep-2026.xlsx",Detailed Estimates,31
2026-09-20,detailed_estimates,BMV:BIMBO A (Mex$),Consensus,EPS Normalized,,High,FQ2 2011,FQ,2011,2,2011-06-30,0.06,,E,0.06 E,Mex$ per share,MXN,"filings/capitaliq/Estimates/Detailed Estimated/SPGlobal_GrupoBimbo,S.A.B.deC.V._DetailedEstimates_20-Sep-2026.xlsx",Detailed Estimates,31
2026-09-20,detailed_estimates,BMV:BIMBO A (Mex$),Consensus,EPS Normalized,,High,FQ3 2011,FQ,2011,3,2011-09-30,0.44,,E,0.44 E,Mex$ per share,MXN,"filings/capitaliq/Estimates/Detailed Estimated/SPGlobal_GrupoBimbo,S.A.B.deC.V._DetailedEstimates_20-Sep-2026.xlsx",Detailed Estimates,31
2026-09-20,detailed_estimates,BMV:BIMBO A (Mex$),Consensus,EPS Normalized,,High,FY 2011,FY,2011,,2011-12-31,1.59,,E,1.59 E,Mex$ per share,MXN,"filings/capitaliq/Estimates/Detailed Estimated/SPGlobal_GrupoBimbo,S.A.B.deC.V._DetailedEstimates_20-Sep-2026.xlsx",Detailed Estimates,31
2026-09-20,detailed_estimates,BMV:BIMBO A (Mex$),Consensus,EPS Normalized,,High,FQ4 2012,FQ,2012,4,2012-12-31,0.26,,E,0.26 E,Mex$ per share,MXN,"filings/capitaliq/Estimates/Detailed Estimated/SPGlobal_GrupoBimbo,S.A.B.deC.V._DetailedEstimates_20-Sep-2026.xlsx",Detailed Estimates,31
2026-09-20,detailed_estimates,BMV:BIMBO A (Mex$),Consensus,EPS Normalized,,High,FY 2012,FY,2012,,2012-12-31,1.16,,E,1.16 E,Mex$ per share,MXN,"filings/capitaliq/Estimates/Detailed Estimated/SPGlobal_GrupoBimbo,S.A.B.deC.V._DetailedEstimates_20-Sep-2026.xlsx",Detailed Estimates,31
2026-09-20,detailed_estimates,BMV:BIMBO A (Mex$),Consensus,EPS Normalized,,High,FQ1 2013,FQ,2013,1,2013-03-31,0.2,,E,0.20 E,Mex$ per share,MXN,"filings/capitaliq/Estimates/Detailed Estimated/SPGlobal_GrupoBimbo,S.A.B.deC.V._DetailedEstimates_20-Sep-2026.xlsx",Detailed Estimates,31
2026-09-20,detailed_estimates,BMV:BIMBO A (Mex$),Consensus,EPS Normalized,,High,FQ2 2013,FQ,2013,2,2013-06-30,0.21,,E,0.21 E,Mex$ per share,MXN,"filings/capitaliq/Estimates/Detailed Estimated/SPGlobal_GrupoBimbo,S.A.B.deC.V._DetailedEstimates_20-Sep-2026.xlsx",Detailed Estimates,31
2026-09-20,detailed_estimates,BMV:BIMBO A (Mex$),Consensus,EPS Normalized,,High,FQ3 2013,FQ,2013,3,2013-09-30,0.17,,E,0.17 E,Mex$ per share,MXN,"filings/capitaliq/Estimates/Detailed Estimated/SPGlobal_GrupoBimbo,S.A.B.deC.V._DetailedEstimates_20-Sep-2026.xlsx",Detailed Estimates,31
2026-09-20,detailed_estimates,BMV:BIMBO A (Mex$),Consensus,EPS Normalized,,High,FQ4 2013,FQ,2013,4,2013-12-31,0.41,,E,0.41 E,Mex$ per share,MXN,"filings/capitaliq/Estimates/Detailed Estimated/SPGlobal_GrupoBimbo,S.A.B.deC.V._DetailedEstimates_20-Sep-2026.xlsx",Detailed Estimates,31
2026-09-20,detailed_estimates,BMV:BIMBO A (Mex$),Consensus,EPS Normalized,,High,FY 2013,FY,2013,,2013-12-31,1.06,,E,1.06 E,Mex$ per share,MXN,"filings/capitaliq/Estimates/Detailed Estimated/SPGlobal_GrupoBimbo,S.A.B.deC.V._DetailedEstimates_20-Sep-2026.xlsx",Detailed Estimates,31
2026-09-20,detailed_estimates,BMV:BIMBO A (Mex$),Consensus,EPS Normalized,,High,FQ1 2014,FQ,2014,1,2014-03-31,0.18,,E,0.18 E,Mex$ per share,MXN,"filings/capitaliq/Estimates/Detailed Estimated/SPGlobal_GrupoBimbo,S.A.B.deC.V._DetailedEstimates_20-Sep-2026.xlsx",Detailed Estimates,31
2026-09-20,detailed_estimates,BMV:BIMBO A (Mex$),Consensus,EPS Normalized,,High,FQ2 2014,FQ,2014,2,2014-06-30,0.28,,E,0.28 E,Mex$ per share,MXN,"filings/capitaliq/Estimates/Detailed Estimated/SPGlobal_GrupoBimbo,S.A.B.deC.V._DetailedEstimates_20-Sep-2026.xlsx",Detailed Estimates,31
2026-09-20,detailed_estimates,BMV:BIMBO A (Mex$),Consensus,EPS Normalized,,High,FQ3 2014,FQ,2014,3,2014-09-30,0.48,,E,0.48 E,Mex$ per share,MXN,"filings/capitaliq/Estimates/Detailed Estimated/SPGlobal_GrupoBimbo,S.A.B.deC.V._DetailedEstimates_20-Sep-2026.xlsx",Detailed Estimates,31
2026-09-20,detailed_estimates,BMV:BIMBO A (Mex$),Consensus,EPS Normalized,,High,FQ4 2014,FQ,2014,4,2014-12-31,0.45,,E,0.45 E,Mex$ per share,MXN,"filings/capitaliq/Estimates/Detailed Estimated/SPGlobal_GrupoBimbo,S.A.B.deC.V._DetailedEstimates_20-Sep-2026.xlsx",Detailed Estimates,31
2026-09-20,detailed_estimates,BMV:BIMBO A (Mex$),Consensus,EPS Normalized,,High,FY 2014,FY,2014,,2014-12-31,1.35,,E,1.35 E,Mex$ per share,MXN,"filings/capitaliq/Estimates/Detailed Estimated/SPGlobal_GrupoBimbo,S.A.B.deC.V._DetailedEstimates_20-Sep-2026.xlsx",Detailed Estimates,31
2026-09-20,detailed_estimates,BMV:BIMBO A (Mex$),Consensus,EPS Normalized,,High,FQ1 2015,FQ,2015,1,2015-03-31,0.25,,E,0.25 E,Mex$ per share,MXN,"filings/capitaliq/Estimates/Detailed Estimated/SPGlobal_GrupoBimbo,S.A.B.deC.V._DetailedEstimates_20-Sep-2026.xlsx",Detailed Estimates,31
2026-09-20,detailed_estimates,BMV:BIMBO A (Mex$),Consensus,EPS Normalized,,High,FQ2 2015,FQ,2015,2,2015-06-30,0.46,,E,0.46 E,Mex$ per share,MXN,"filings/capitaliq/Estimates/Detailed Estimated/SPGlobal_GrupoBimbo,S.A.B.deC.V._DetailedEstimates_20-Sep-2026.xlsx",Detailed Estimates,31
2026-09-20,detailed_estimates,BMV:BIMBO A (Mex$),Consensus,EPS Normalized,,High,FQ3 2015,FQ,2015,3,2015-09-30,0.46,,E,0.46 E,Mex$ per share,MXN,"filings/capitaliq/Estimates/Detailed Estimated/SPGlobal_GrupoBimbo,S.A.B.deC.V._DetailedEstimates_20-Sep-2026.xlsx",Detailed Estimates,31
2026-09-20,detailed_estimates,BMV:BIMBO A (Mex$),Consensus,EPS Normalized,,High,FQ4 2015,FQ,2015,4,2015-12-31,0.52,,E,0.52 E,Mex$ per share,MXN,"filings/capitaliq/Estimates/Detailed Estimated/SPGlobal_GrupoBimbo,S.A.B.deC.V._DetailedEstimates_20-Sep-2026.xlsx",Detailed Estimates,31
2026-09-20,detailed_estimates,BMV:BIMBO A (Mex$),Consensus,EPS Normalized,,High,FY 2015,FY,2015,,2015-12-31,1.72,,E,1.72 E,Mex$ per share,MXN,"filings/capitaliq/Estimates/Detailed Estimated/SPGlobal_GrupoBimbo,S.A.B.deC.V._DetailedEstimates_20-Sep-2026.xlsx",Detailed Estimates,31
2026-09-20,detailed_estimates,BMV:BIMBO A (Mex$),Consensus,EPS Normalized,,High,FQ1 2016,FQ,2016,1,2016-03-31,0.4,,E,0.40 E,Mex$ per share,MXN,"filings/capitaliq/Estimates/Detailed Estimated/SPGlobal_GrupoBimbo,S.A.B.deC.V._DetailedEstimates_20-Sep-2026.xlsx",Detailed Estimates,31
2026-09-20,detailed_estimates,BMV:BIMBO A (Mex$),Consensus,EPS Normalized,,High,FQ2 2016,FQ,2016,2,2016-06-30,0.46,,E,0.46 E,Mex$ per share,MXN,"filings/capitaliq/Estimates/Detailed Estimated/SPGlobal_GrupoBimbo,S.A.B.deC.V._DetailedEstimates_20-Sep-2026.xlsx",Detailed Estimates,31
2026-09-20,detailed_estimates,BMV:BIMBO A (Mex$),Consensus,EPS Normalized,,High,FQ3 2016,FQ,2016,3,2016-09-30,0.51,,E,0.51 E,Mex$ per share,MXN,"filings/capitaliq/Estimates/Detailed Estimated/SPGlobal_GrupoBimbo,S.A.B.deC.V._DetailedEstimates_20-Sep-2026.xlsx",Detailed Estimates,31
2026-09-20,detailed_estimates,BMV:BIMBO A (Mex$),Consensus,EPS Normalized,,High,FQ4 2016,FQ,2016,4,2016-12-31,0.56,,E,0.56 E,Mex$ per share,MXN,"filings/capitaliq/Estimates/Detailed Estimated/SPGlobal_GrupoBimbo,S.A.B.deC.V._DetailedEstimates_20-Sep-2026.xlsx",Detailed Estimates,31
2026-09-20,detailed_estimates,BMV:BIMBO A (Mex$),Consensus,EPS Normalized,,High,FY 2016,FY,2016,,2016-12-31,1.8,,E,1.80 E,Mex$ per share,MXN,"filings/capitaliq/Estimates/Detailed Estimated/SPGlobal_GrupoBimbo,S.A.B.deC.V._DetailedEstimates_20-Sep-2026.xlsx",Detailed Estimates,31
2026-09-20,detailed_estimates,BMV:BIMBO A (Mex$),Consensus,EPS Normalized,,High,FQ1 2017,FQ,2017,1,2017-03-31,0.38,,E,0.38 E,Mex$ per share,MXN,"filings/capitaliq/Estimates/Detailed Estimated/SPGlobal_GrupoBimbo,S.A.B.deC.V._DetailedEstimates_20-Sep-2026.xlsx",Detailed Estimates,31
2026-09-20,detailed_estimates,BMV:BIMBO A (Mex$),Consensus,EPS Normalized,,High,FQ2 2017,FQ,2017,2,2017-06-30,0.41,,E,0.41 E,Mex$ per share,MXN,"filings/capitaliq/Estimates/Detailed Estimated/SPGlobal_GrupoBimbo,S.A.B.deC.V._DetailedEstimates_20-Sep-2026.xlsx",Detailed Estimates,31
2026-09-20,detailed_estimates,BMV:BIMBO A (Mex$),Consensus,EPS Normalized,,High,FQ3 2017,FQ,2017,3,2017-09-30,0.51,,E,0.51 E,Mex$ per share,MXN,"filings/capitaliq/Estimates/Detailed Estimated/SPGlobal_GrupoBimbo,S.A.B.deC.V._DetailedEstimates_20-Sep-2026.xlsx",Detailed Estimates,31
2026-09-20,detailed_estimates,BMV:BIMBO A (Mex$),Consensus,EPS Normalized,,High,FQ4 2017,FQ,2017,4,2017-12-31,0.49,,E,0.49 E,Mex$ per share,MXN,"filings/capitaliq/Estimates/Detailed Estimated/SPGlobal_GrupoBimbo,S.A.B.deC.V._DetailedEstimates_20-Sep-2026.xlsx",Detailed Estimates,31
2026-09-20,detailed_estimates,BMV:BIMBO A (Mex$),Consensus,EPS Normalized,,High,FY 2017,FY,2017,,2017-12-31,1.68,,E,1.68 E,Mex$ per share,MXN,"filings/capitaliq/Estimates/Detailed Estimated/SPGlobal_GrupoBimbo,S.A.B.deC.V._DetailedEstimates_20-Sep-2026.xlsx",Detailed Estimates,31
2026-09-20,detailed_estimates,BMV:BIMBO A (Mex$),Consensus,EPS Normalized,,High,FQ1 2018,FQ,2018,1,2018-03-31,0.28,,E,0.28 E,Mex$ per share,MXN,"filings/capitaliq/Estimates/Detailed Estimated/SPGlobal_GrupoBimbo,S.A.B.deC.V._DetailedEstimates_20-Sep-2026.xlsx",Detailed Estimates,31
2026-09-20,detailed_estimates,BMV:BIMBO A (Mex$),Consensus,EPS Normalized,,High,FQ2 2018,FQ,2018,2,2018-06-30,0.39,,E,0.39 E,Mex$ per share,MXN,"filings/capitaliq/Estimates/Detailed Estimated/SPGlobal_GrupoBimbo,S.A.B.deC.V._DetailedEstimates_20-Sep-2026.xlsx",Detailed Estimates,31
2026-09-20,detailed_estimates,BMV:BIMBO A (Mex$),Consensus,EPS Normalized,,High,FQ3 2018,FQ,2018,3,2018-09-30,0.47,,E,0.47 E,Mex$ per share,MXN,"filings/capitaliq/Estimates/Detailed Estimated/SPGlobal_GrupoBimbo,S.A.B.deC.V._DetailedEstimates_20-Sep-2026.xlsx",Detailed Estimates,31
2026-09-20,detailed_estimates,BMV:BIMBO A (Mex$),Consensus,EPS Normalized,,High,FQ4 2018,FQ,2018,4,2018-12-31,0.39,,E,0.39 E,Mex$ per share,MXN,"filings/capitaliq/Estimates/Detailed Estimated/SPGlobal_GrupoBimbo,S.A.B.deC.V._DetailedEstimates_20-Sep-2026.xlsx",Detailed Estimates,31
2026-09-20,detailed_estimates,BMV:BIMBO A (Mex$),Consensus,EPS Normalized,,High,FY 2018,FY,2018,,2018-12-31,1.47,,E,1.47 E,Mex$ per share,MXN,"filings/capitaliq/Estimates/Detailed Estimated/SPGlobal_GrupoBimbo,S.A.B.deC.V._DetailedEstimates_20-Sep-2026.xlsx",Detailed Estimates,31
2026-09-20,detailed_estimates,BMV:BIMBO A (Mex$),Consensus,EPS Normalized,,High,FQ1 2019,FQ,2019,1,2019-03-31,0.29,,E,0.29 E,Mex$ per share,MXN,"filings/capitaliq/Estimates/Detailed Estimated/SPGlobal_GrupoBimbo,S.A.B.deC.V._DetailedEstimates_20-Sep-2026.xlsx",Detailed Estimates,31
2026-09-20,detailed_estimates,BMV:BIMBO A (Mex$),Consensus,EPS Normalized,,High,FQ2 2019,FQ,2019,2,2019-06-30,0.42,,E,0.42 E,Mex$ per share,MXN,"filings/capitaliq/Estimates/Detailed Estimated/SPGlobal_GrupoBimbo,S.A.B.deC.V._DetailedEstimates_20-Sep-2026.xlsx",Detailed Estimates,31
2026-09-20,detailed_estimates,BMV:BIMBO A (Mex$),Consensus,EPS Normalized,,High,FQ3 2019,FQ,2019,3,2019-09-30,0.48,,E,0.48 E,Mex$ per share,MXN,"filings/capitaliq/Estimates/Detailed Estimated/SPGlobal_GrupoBimbo,S.A.B.deC.V._DetailedEstimates_20-Sep-2026.xlsx",Detailed Estimates,31
2026-09-20,detailed_estimates,BMV:BIMBO A (Mex$),Consensus,EPS Normalized,,High,FQ4 2019,FQ,2019,4,2019-12-31,0.48,,E,0.48 E,Mex$ per share,MXN,"filings/capitaliq/Estimates/Detailed Estimated/SPGlobal_GrupoBimbo,S.A.B.deC.V._DetailedEstimates_20-Sep-2026.xlsx",Detailed Estimates,31
2026-09-20,detailed_estimates,BMV:BIMBO A (Mex$),Consensus,EPS Normalized,,High,FY 2019,FY,2019,,2019-12-31,1.42,,E,1.42 E,Mex$ per share,MXN,"filings/capitaliq/Estimates/Detailed Estimated/SPGlobal_GrupoBimbo,S.A.B.deC.V._DetailedEstimates_20-Sep-2026.xlsx",Detailed Estimates,31
2026-09-20,detailed_estimates,BMV:BIMBO A (Mex$),Consensus,EPS Normalized,,High,FQ1 2020,FQ,2020,1,2020-03-31,0.34,,E,0.34 E,Mex$ per share,MXN,"filings/capitaliq/Estimates/Detailed Estimated/SPGlobal_GrupoBimbo,S.A.B.deC.V._DetailedEstimates_20-Sep-2026.xlsx",Detailed Estimates,31
2026-09-20,detailed_estimates,BMV:BIMBO A (Mex$),Consensus,EPS Normalized,,High,FQ2 2020,FQ,2020,2,2020-06-30,0.32,,E,0.32 E,Mex$ per share,MXN,"filings/capitaliq/Estimates/Detailed Estimated/SPGlobal_GrupoBimbo,S.A.B.deC.V._DetailedEstimates_20-Sep-2026.xlsx",Detailed Estimates,31
2026-09-20,detailed_estimates,BMV:BIMBO A (Mex$),Consensus,EPS Normalized,,High,FQ3 2020,FQ,2020,3,2020-09-30,0.63,,E,0.63 E,Mex$ per share,MXN,"filings/capitaliq/Estimates/Detailed Estimated/SPGlobal_GrupoBimbo,S.A.B.deC.V._DetailedEstimates_20-Sep-2026.xlsx",Detailed Estimates,31
2026-09-20,detailed_estimates,BMV:BIMBO A (Mex$),Consensus,EPS Normalized,,High,FQ4 2020,FQ,2020,4,2020-12-31,0.69,,E,0.69 E,Mex$ per share,MXN,"filings/capitaliq/Estimates/Detailed Estimated/SPGlobal_GrupoBimbo,S.A.B.deC.V._DetailedEstimates_20-Sep-2026.xlsx",Detailed Estimates,31
2026-09-20,detailed_estimates,BMV:BIMBO A (Mex$),Consensus,EPS Normalized,,High,FY 2020,FY,2020,,2020-12-31,2.12,,E,2.12 E,Mex$ per share,MXN,"filings/capitaliq/Estimates/Detailed Estimated/SPGlobal_GrupoBimbo,S.A.B.deC.V._DetailedEstimates_20-Sep-2026.xlsx",Detailed Estimates,31
2026-09-20,detailed_estimates,BMV:BIMBO A (Mex$),Consensus,EPS Normalized,,High,FQ1 2021,FQ,2021,1,2021-03-31,0.58,,E,0.58 E,Mex$ per share,MXN,"filings/capitaliq/Estimates/Detailed Estimated/SPGlobal_GrupoBimbo,S.A.B.deC.V._DetailedEstimates_20-Sep-2026.xlsx",Detailed Estimates,31
2026-09-20,detailed_estimates,BMV:BIMBO A (Mex$),Consensus,EPS Normalized,,High,FQ2 2021,FQ,2021,2,2021-06-30,0.73,,E,0.73 E,Mex$ per share,MXN,"filings/capitaliq/Estimates/Detailed Estimated/SPGlobal_GrupoBimbo,S.A.B.deC.V._DetailedEstimates_20-Sep-2026.xlsx",Detailed Estimates,31
2026-09-20,detailed_estimates,BMV:BIMBO A (Mex$),Consensus,EPS Normalized,,High,FQ3 2021,FQ,2021,3,2021-09-30,0.89,,E,0.89 E,Mex$ per share,MXN,"filings/capitaliq/Estimates/Detailed Estimated/SPGlobal_GrupoBimbo,S.A.B.deC.V._DetailedEstimates_20-Sep-2026.xlsx",Detailed Estimates,31
2026-09-20,detailed_estimates,BMV:BIMBO A (Mex$),Consensus,EPS Normalized,,High,FQ4 2021,FQ,2021,4,2021-12-31,0.8,,E,0.80 E,Mex$ per share,MXN,"filings/capitaliq/Estimates/Detailed Estimated/SPGlobal_GrupoBimbo,S.A.B.deC.V._DetailedEstimates_20-Sep-2026.xlsx",Detailed Estimates,31
2026-09-20,detailed_estimates,BMV:BIMBO A (Mex$),Consensus,EPS Normalized,,High,FY 2021,FY,2021,,2021-12-31,3.43,,E,3.43 E,Mex$ per share,MXN,"filings/capitaliq/Estimates/Detailed Estimated/SPGlobal_GrupoBimbo,S.A.B.deC.V._DetailedEstimates_20-Sep-2026.xlsx",Detailed Estimates,31
2026-09-20,detailed_estimates,BMV:BIMBO A (Mex$),Consensus,EPS Normalized,,High,FQ1 2022,FQ,2022,1,2022-03-31,0.95,,E,0.95 E,Mex$ per share,MXN,"filings/capitaliq/Estimates/Detailed Estimated/SPGlobal_GrupoBimbo,S.A.B.deC.V._DetailedEstimates_20-Sep-2026.xlsx",Detailed Estimates,31
2026-09-20,detailed_estimates,BMV:BIMBO A (Mex$),Consensus,EPS Normalized,,High,FQ2 2022,FQ,2022,2,2022-06-30,1.33,,E,1.33 E,Mex$ per share,MXN,"filings/capitaliq/Estimates/Detailed Estimated/SPGlobal_GrupoBimbo,S.A.B.deC.V._DetailedEstimates_20-Sep-2026.xlsx",Detailed Estimates,31
2026-09-20,detailed_estimates,BMV:BIMBO A (Mex$),Consensus,EPS Normalized,,High,FQ3 2022,FQ,2022,3,2022-09-30,1.36,,E,1.36 E,Mex$ per share,MXN,"filings/capitaliq/Estimates/Detailed Estimated/SPGlobal_GrupoBimbo,S.A.B.deC.V._DetailedEstimates_20-Sep-2026.xlsx",Detailed Estimates,31
2026-09-20,detailed_estimates,BMV:BIMBO A (Mex$),Consensus,EPS Normalized,,High,FQ4 2022,FQ,2022,4,2022-12-31,1.46,,E,1.46 E,Mex$ per share,MXN,"filings/capitaliq/Estimates/Detailed Estimated/SPGlobal_GrupoBimbo,S.A.B.deC.V._DetailedEstimates_20-Sep-2026.xlsx",Detailed Estimates,31
2026-09-20,detailed_estimates,BMV:BIMBO A (Mex$),Consensus,EPS Normalized,,High,FY 2022,FY,2022,,2022-12-31,4.85,,E,4.85 E,Mex$ per share,MXN,"filings/capitaliq/Estimates/Detailed Estimated/SPGlobal_GrupoBimbo,S.A.B.deC.V._DetailedEstimates_20-Sep-2026.xlsx",Detailed Estimates,31
2026-09-20,detailed_estimates,BMV:BIMBO A (Mex$),Consensus,EPS Normalized,,High,FQ1 2023,FQ,2023,1,2023-03-31,0.89,,E,0.89 E,Mex$ per share,MXN,"filings/capitaliq/Estimates/Detailed Estimated/SPGlobal_GrupoBimbo,S.A.B.deC.V._DetailedEstimates_20-Sep-2026.xlsx",Detailed Estimates,31
2026-09-20,detailed_estimates,BMV:BIMBO A (Mex$),Consensus,EPS Normalized,,High,FQ2 2023,FQ,2023,2,2023-06-30,1.04,,E,1.04 E,Mex$ per share,MXN,"filings/capitaliq/Estimates/Detailed Estimated/SPGlobal_GrupoBimbo,S.A.B.deC.V._DetailedEstimates_20-Sep-2026.xlsx",Detailed Estimates,31
2026-09-20,detailed_estimates,BMV:BIMBO A (Mex$),Consensus,EPS Normalized,,High,FQ3 2023,FQ,2023,3,2023-09-30,1.34,,E,1.34 E,Mex$ per share,MXN,"filings/capitaliq/Estimates/Detailed Estimated/SPGlobal_GrupoBimbo,S.A.B.deC.V._DetailedEstimates_20-Sep-2026.xlsx",Detailed Estimates,31
2026-09-20,detailed_estimates,BMV:BIMBO A (Mex$),Consensus,EPS Normalized,,High,FQ4 2023,FQ,2023,4,2023-12-31,1.45,,E,1.45 E,Mex$ per share,MXN,"filings/capitaliq/Estimates/Detailed Estimated/SPGlobal_GrupoBimbo,S.A.B.deC.V._DetailedEstimates_20-Sep-2026.xlsx",Detailed Estimates,31
2026-09-20,detailed_estimates,BMV:BIMBO A (Mex$),Consensus,EPS Normalized,,High,FY 2023,FY,2023,,2023-12-31,4.16,,E,4.16 E,Mex$ per share,MXN,"filings/capitaliq/Estimates/Detailed Estimated/SPGlobal_GrupoBimbo,S.A.B.deC.V._DetailedEstimates_20-Sep-2026.xlsx",Detailed Estimates,31
2026-09-20,detailed_estimates,BMV:BIMBO A (Mex$),Consensus,EPS Normalized,,High,FQ1 2024,FQ,2024,1,2024-03-31,0.83,,E,0.83 E,Mex$ per share,MXN,"filings/capitaliq/Estimates/Detailed Estimated/SPGlobal_GrupoBimbo,S.A.B.deC.V._DetailedEstimates_20-Sep-2026.xlsx",Detailed Estimates,31
2026-09-20,detailed_estimates,BMV:BIMBO A (Mex$),Consensus,EPS Normalized,,High,FQ2 2024,FQ,2024,2,2024-06-30,0.81,,E,0.81 E,Mex$ per share,MXN,"filings/capitaliq/Estimates/Detailed Estimated/SPGlobal_GrupoBimbo,S.A.B.deC.V._DetailedEstimates_20-Sep-2026.xlsx",Detailed Estimates,31
2026-09-20,detailed_estimates,BMV:BIMBO A (Mex$),Consensus,EPS Normalized,,High,FQ3 2024,FQ,2024,3,2024-09-30,1.06,,E,1.06 E,Mex$ per share,MXN,"filings/capitaliq/Estimates/Detailed Estimated/SPGlobal_GrupoBimbo,S.A.B.deC.V._DetailedEstimates_20-Sep-2026.xlsx",Detailed Estimates,31
2026-09-20,detailed_estimates,BMV:BIMBO A (Mex$),Consensus,EPS Normalized,,High,FQ4 2024,FQ,2024,4,2024-12-31,0.97,,E,0.97 E,Mex$ per share,MXN,"filings/capitaliq/Estimates/Detailed Estimated/SPGlobal_GrupoBimbo,S.A.B.deC.V._DetailedEstimates_20-Sep-2026.xlsx",Detailed Estimates,31
2026-09-20,detailed_estimates,BMV:BIMBO A (Mex$),Consensus,EPS Normalized,,High,FY 2024,FY,2024,,2024-12-31,3.24,,E,3.24 E,Mex$ per share,MXN,"filings/capitaliq/Estimates/Detailed Estimated/SPGlobal_GrupoBimbo,S.A.B.deC.V._DetailedEstimates_20-Sep-2026.xlsx",Detailed Estimates,31
2026-09-20,detailed_estimates,BMV:BIMBO A (Mex$),Consensus,EPS Normalized,,High,FQ1 2025,FQ,2025,1,2025-03-31,0.63,,E,0.63 E,Mex$ per share,MXN,"filings/capitaliq/Estimates/Detailed Estimated/SPGlobal_GrupoBimbo,S.A.B.deC.V._DetailedEstimates_20-Sep-2026.xlsx",Detailed Estimates,31
2026-09-20,detailed_estimates,BMV:BIMBO A (Mex$),Consensus,EPS Normalized,,High,FQ2 2025,FQ,2025,2,2025-06-30,0.8,,E,0.80 E,Mex$ per share,MXN,"filings/capitaliq/Estimates/Detailed Estimated/SPGlobal_GrupoBimbo,S.A.B.deC.V._DetailedEstimates_20-Sep-2026.xlsx",Detailed Estimates,31
2026-09-20,detailed_estimates,BMV:BIMBO A (Mex$),Consensus,EPS Normalized,,High,FQ3 2025,FQ,2025,3,2025-09-30,0.93,,E,0.93 E,Mex$ per share,MXN,"filings/capitaliq/Estimates/Detailed Estimated/SPGlobal_GrupoBimbo,S.A.B.deC.V._DetailedEstimates_20-Sep-2026.xlsx",Detailed Estimates,31
2026-09-20,detailed_estimates,BMV:BIMBO A (Mex$),Consensus,EPS Normalized,,High,FQ4 2025,FQ,2025,4,2025-12-31,0.89,,E,0.89 E,Mex$ per share,MXN,"filings/capitaliq/Estimates/Detailed Estimated/SPGlobal_GrupoBimbo,S.A.B.deC.V._DetailedEstimates_20-Sep-2026.xlsx",Detailed Estimates,31
2026-09-20,detailed_estimates,BMV:BIMBO A (Mex$),Consensus,EPS Normalized,,High,FY 2025,FY,2025,,2025-12-31,2.8,,E,2.80 E,Mex$ per share,MXN,"filings/capitaliq/Estimates/Detailed Estimated/SPGlobal_GrupoBimbo,S.A.B.deC.V._DetailedEstimates_20-Sep-2026.xlsx",Detailed Estimates,31
2026-09-20,detailed_estimates,BMV:BIMBO A (Mex$),Consensus,EPS Normalized,,High,FQ1 2026,FQ,2026,1,2026-03-31,0.66,,E,0.66 E,Mex$ per share,MXN,"filings/capitaliq/Estimates/Detailed Estimated/SPGlobal_GrupoBimbo,S.A.B.deC.V._DetailedEstimates_20-Sep-2026.xlsx",Detailed Estimates,31
2026-09-20,detailed_estimates,BMV:BIMBO A (Mex$),Consensus,EPS Normalized,,High,FQ2 2026,FQ,2026,2,2026-06-30,0.79,,E,0.79 E,Mex$ per share,MXN,"filings/capitaliq/Estimates/Detailed Estimated/SPGlobal_GrupoBimbo,S.A.B.deC.V._DetailedEstimates_20-Sep-2026.xlsx",Detailed Estimates,31
2026-09-20,detailed_estimates,BMV:BIMBO A (Mex$),Consensus,EPS Normalized,,High,FQ3 2026,FQ,2026,3,2026-09-30,0.91,,E,0.91 E,Mex$ per share,MXN,"filings/capitaliq/Estimates/Detailed Estimated/SPGlobal_GrupoBimbo,S.A.B.deC.V._DetailedEstimates_20-Sep-2026.xlsx",Detailed Estimates,31
2026-09-20,detailed_estimates,BMV:BIMBO A (Mex$),Consensus,EPS Normalized,,High,FQ4 2026,FQ,2026,4,2026-12-31,0.95,,E,0.95 E,Mex$ per share,MXN,"filings/capitaliq/Estimates/Detailed Estimated/SPGlobal_GrupoBimbo,S.A.B.deC.V._DetailedEstimates_20-Sep-2026.xlsx",Detailed Estimates,31
2026-09-20,detailed_estimates,BMV:BIMBO A (Mex$),Consensus,EPS Normalized,,High,FY 2026,FY,2026,,2026-12-31,3.24,,E,3.24 E,Mex$ per share,MXN,"filings/capitaliq/Estimates/Detailed Estimated/SPGlobal_GrupoBimbo,S.A.B.deC.V._DetailedEstimates_20-Sep-2026.xlsx",Detailed Estimates,31
2026-09-20,detailed_estimates,BMV:BIMBO A (Mex$),Consensus,EPS Normalized,,High,FQ1 2027,FQ,2027,1,2027-03-31,0.62,,E,0.62 E,Mex$ per share,MXN,"filings/capitaliq/Estimates/Detailed Estimated/SPGlobal_GrupoBimbo,S.A.B.deC.V._DetailedEstimates_20-Sep-2026.xlsx",Detailed Estimates,31
2026-09-20,detailed_estimates,BMV:BIMBO A (Mex$),Consensus,EPS Normalized,,High,FQ2 2027,FQ,2027,2,2027-06-30,0.8,,E,0.80 E,Mex$ per share,MXN,"filings/capitaliq/Estimates/Detailed Estimated/SPGlobal_GrupoBimbo,S.A.B.deC.V._DetailedEstimates_20-Sep-2026.xlsx",Detailed Estimates,31
2026-09-20,detailed_estimates,BMV:BIMBO A (Mex$),Consensus,EPS Normalized,,High,FQ3 2027,FQ,2027,3,2027-09-30,0.93,,E,0.93 E,Mex$ per share,MXN,"filings/capitaliq/Estimates/Detailed Estimated/SPGlobal_GrupoBimbo,S.A.B.deC.V._DetailedEstimates_20-Sep-2026.xlsx",Detailed Estimates,31
2026-09-20,detailed_estimates,BMV:BIMBO A (Mex$),Consensus,EPS Normalized,,High,FQ4 2027,FQ,2027,4,2027-12-31,0.88,,E,0.88 E,Mex$ per share,MXN,"filings/capitaliq/Estimates/Detailed Estimated/SPGlobal_GrupoBimbo,S.A.B.deC.V._DetailedEstimates_20-Sep-2026.xlsx",Detailed Estimates,31
2026-09-20,detailed_estimates,BMV:BIMBO A (Mex$),Consensus,EPS Normalized,,High,FY 2027,FY,2027,,2027-12-31,3.81,,E,3.81 E,Mex$ per share,MXN,"filings/capitaliq/Estimates/Detailed Estimated/SPGlobal_GrupoBimbo,S.A.B.deC.V._DetailedEstimates_20-Sep-2026.xlsx",Detailed Estimates,31
2026-09-20,detailed_estimates,BMV:BIMBO A (Mex$),Consensus,EPS Normalized,,High,FY 2028,FY,2028,,2028-12-31,4.38,,E,4.38 E,Mex$ per share,MXN,"filings/capitaliq/Estimates/Detailed Estimated/SPGlobal_GrupoBimbo,S.A.B.deC.V._DetailedEstimates_20-Sep-2026.xlsx",Detailed Estimates,31
2026-09-20,detailed_estimates,BMV:BIMBO A (Mex$),Consensus,EPS Normalized,,High,FY 2029,FY,2029,,2029-12-31,4.3,,E,4.30 E,Mex$ per share,MXN,"filings/capitaliq/Estimates/Detailed Estimated/SPGlobal_GrupoBimbo,S.A.B.deC.V._DetailedEstimates_20-Sep-2026.xlsx",Detailed Estimates,31
2026-09-20,detailed_estimates,BMV:BIMBO A (Mex$),Consensus,EPS Normalized,,High,FY 2030,FY,2030,,2030-12-31,4.8,,E,4.80 E,Mex$ per share,MXN,"filings/capitaliq/Estimates/Detailed Estimated/SPGlobal_GrupoBimbo,S.A.B.deC.V._DetailedEstimates_20-Sep-2026.xlsx",Detailed Estimates,31
2026-09-20,detailed_estimates,BMV:BIMBO A (Mex$),Consensus,EPS Normalized,,High,FY 2031,FY,2031,,2031-12-31,5.2,,E,5.20 E,Mex$ per share,MXN,"filings/capitaliq/Estimates/Detailed Estimated/SPGlobal_GrupoBimbo,S.A.B.deC.V._DetailedEstimates_20-Sep-2026.xlsx",Detailed Estimates,31
2026-09-20,detailed_estimates,BMV:BIMBO A (Mex$),Consensus,EPS Normalized,,Low,FY 1998,FY,1998,,1998-12-31,0.18,,E,0.18 E,Mex$ per share,MXN,"filings/capitaliq/Estimates/Detailed Estimated/SPGlobal_GrupoBimbo,S.A.B.deC.V._DetailedEstimates_20-Sep-2026.xlsx",Detailed Estimates,32
2026-09-20,detailed_estimates,BMV:BIMBO A (Mex$),Consensus,EPS Normalized,,Low,FY 1999,FY,1999,,1999-12-31,0.31,,E,0.31 E,Mex$ per share,MXN,"filings/capitaliq/Estimates/Detailed Estimated/SPGlobal_GrupoBimbo,S.A.B.deC.V._DetailedEstimates_20-Sep-2026.xlsx",Detailed Estimates,32
2026-09-20,detailed_estimates,BMV:BIMBO A (Mex$),Consensus,EPS Normalized,,Low,FY 2000,FY,2000,,2000-12-31,0.27,,E,0.27 E,Mex$ per share,MXN,"filings/capitaliq/Estimates/Detailed Estimated/SPGlobal_GrupoBimbo,S.A.B.deC.V._DetailedEstimates_20-Sep-2026.xlsx",Detailed Estimates,32
2026-09-20,detailed_estimates,BMV:BIMBO A (Mex$),Consensus,EPS Normalized,,Low,FY 2001,FY,2001,,2001-12-31,0.3,,E,0.30 E,Mex$ per share,MXN,"filings/capitaliq/Estimates/Detailed Estimated/SPGlobal_GrupoBimbo,S.A.B.deC.V._DetailedEstimates_20-Sep-2026.xlsx",Detailed Estimates,32
2026-09-20,detailed_estimates,BMV:BIMBO A (Mex$),Consensus,EPS Normalized,,Low,FY 2002,FY,2002,,2002-12-31,0.07,,E,0.07 E,Mex$ per share,MXN,"filings/capitaliq/Estimates/Detailed Estimated/SPGlobal_GrupoBimbo,S.A.B.deC.V._DetailedEstimates_20-Sep-2026.xlsx",Detailed Estimates,32
2026-09-20,detailed_estimates,BMV:BIMBO A (Mex$),Consensus,EPS Normalized,,Low,FY 2003,FY,2003,,2003-12-31,0.3,,E,0.30 E,Mex$ per share,MXN,"filings/capitaliq/Estimates/Detailed Estimated/SPGlobal_GrupoBimbo,S.A.B.deC.V._DetailedEstimates_20-Sep-2026.xlsx",Detailed Estimates,32
2026-09-20,detailed_estimates,BMV:BIMBO A (Mex$),Consensus,EPS Normalized,,Low,FQ3 2004,FQ,2004,3,2004-09-30,0.13,,E,0.13 E,Mex$ per share,MXN,"filings/capitaliq/Estimates/Detailed Estimated/SPGlobal_GrupoBimbo,S.A.B.deC.V._DetailedEstimates_20-Sep-2026.xlsx",Detailed Estimates,32
2026-09-20,detailed_estimates,BMV:BIMBO A (Mex$),Consensus,EPS Normalized,,Low,FQ4 2004,FQ,2004,4,2004-12-31,0.17,,E,0.17 E,Mex$ per share,MXN,"filings/capitaliq/Estimates/Detailed Estimated/SPGlobal_GrupoBimbo,S.A.B.deC.V._DetailedEstimates_20-Sep-2026.xlsx",Detailed Estimates,32
2026-09-20,detailed_estimates,BMV:BIMBO A (Mex$),Consensus,EPS Normalized,,Low,FY 2004,FY,2004,,2004-12-31,0.54,,E,0.54 E,Mex$ per share,MXN,"filings/capitaliq/Estimates/Detailed Estimated/SPGlobal_GrupoBimbo,S.A.B.deC.V._DetailedEstimates_20-Sep-2026.xlsx",Detailed Estimates,32
2026-09-20,detailed_estimates,BMV:BIMBO A (Mex$),Consensus,EPS Normalized,,Low,FQ1 2005,FQ,2005,1,2005-03-31,0.1,,E,0.10 E,Mex$ per share,MXN,"filings/capitaliq/Estimates/Detailed Estimated/SPGlobal_GrupoBimbo,S.A.B.deC.V._DetailedEstimates_20-Sep-2026.xlsx",Detailed Estimates,32
2026-09-20,detailed_estimates,BMV:BIMBO A (Mex$),Consensus,EPS Normalized,,Low,FQ2 2005,FQ,2005,2,2005-06-30,0.13,,E,0.13 E,Mex$ per share,MXN,"filings/capitaliq/Estimates/Detailed Estimated/SPGlobal_GrupoBimbo,S.A.B.deC.V._DetailedEstimates_20-Sep-2026.xlsx",Detailed Estimates,32
2026-09-20,detailed_estimates,BMV:BIMBO A (Mex$),Consensus,EPS Normalized,,Low,FQ3 2005,FQ,2005,3,2005-09-30,0.15,,E,0.15 E,Mex$ per share,MXN,"filings/capitaliq/Estimates/Detailed Estimated/SPGlobal_GrupoBimbo,S.A.B.deC.V._DetailedEstimates_20-Sep-2026.xlsx",Detailed Estimates,32
2026-09-20,detailed_estimates,BMV:BIMBO A (Mex$),Consensus,EPS Normalized,,Low,FQ4 2005,FQ,2005,4,2005-12-31,0.19,,E,0.19 E,Mex$ per share,MXN,"filings/capitaliq/Estimates/Detailed Estimated/SPGlobal_GrupoBimbo,S.A.B.deC.V._DetailedEstimates_20-Sep-2026.xlsx",Detailed Estimates,32
2026-09-20,detailed_estimates,BMV:BIMBO A (Mex$),Consensus,EPS Normalized,,Low,FY 2005,FY,2005,,2005-12-31,0.58,,E,0.58 E,Mex$ per share,MXN,"filings/capitaliq/Estimates/Detailed Estimated/SPGlobal_GrupoBimbo,S.A.B.deC.V._DetailedEstimates_20-Sep-2026.xlsx",Detailed Estimates,32
2026-09-20,detailed_estimates,BMV:BIMBO A (Mex$),Consensus,EPS Normalized,,Low,FQ1 2006,FQ,2006,1,2006-03-31,0.11,,E,0.11 E,Mex$ per share,MXN,"filings/capitaliq/Estimates/Detailed Estimated/SPGlobal_GrupoBimbo,S.A.B.deC.V._DetailedEstimates_20-Sep-2026.xlsx",Detailed Estimates,32
2026-09-20,detailed_estimates,BMV:BIMBO A (Mex$),Consensus,EPS Normalized,,Low,FQ2 2006,FQ,2006,2,2006-06-30,0.15,,E,0.15 E,Mex$ per share,MXN,"filings/capitaliq/Estimates/Detailed Estimated/SPGlobal_GrupoBimbo,S.A.B.deC.V._DetailedEstimates_20-Sep-2026.xlsx",Detailed Estimates,32
2026-09-20,detailed_estimates,BMV:BIMBO A (Mex$),Consensus,EPS Normalized,,Low,FQ3 2006,FQ,2006,3,2006-09-30,0.19,,E,0.19 E,Mex$ per share,MXN,"filings/capitaliq/Estimates/Detailed Estimated/SPGlobal_GrupoBimbo,S.A.B.deC.V._DetailedEstimates_20-Sep-2026.xlsx",Detailed Estimates,32
2026-09-20,detailed_estimates,BMV:BIMBO A (Mex$),Consensus,EPS Normalized,,Low,FQ4 2006,FQ,2006,4,2006-12-31,0.24,,E,0.24 E,Mex$ per share,MXN,"filings/capitaliq/Estimates/Detailed Estimated/SPGlobal_GrupoBimbo,S.A.B.deC.V._DetailedEstimates_20-Sep-2026.xlsx",Detailed Estimates,32
2026-09-20,detailed_estimates,BMV:BIMBO A (Mex$),Consensus,EPS Normalized,,Low,FY 2006,FY,2006,,2006-12-31,0.68,,E,0.68 E,Mex$ per share,MXN,"filings/capitaliq/Estimates/Detailed Estimated/SPGlobal_GrupoBimbo,S.A.B.deC.V._DetailedEstimates_20-Sep-2026.xlsx",Detailed Estimates,32
2026-09-20,detailed_estimates,BMV:BIMBO A (Mex$),Consensus,EPS Normalized,,Low,FQ1 2007,FQ,2007,1,2007-03-31,0.16,,E,0.16 E,Mex$ per share,MXN,"filings/capitaliq/Estimates/Detailed Estimated/SPGlobal_GrupoBimbo,S.A.B.deC.V._DetailedEstimates_20-Sep-2026.xlsx",Detailed Estimates,32
2026-09-20,detailed_estimates,BMV:BIMBO A (Mex$),Consensus,EPS Normalized,,Low,FQ2 2007,FQ,2007,2,2007-06-30,0.15,,E,0.15 E,Mex$ per share,MXN,"filings/capitaliq/Estimates/Detailed Estimated/SPGlobal_GrupoBimbo,S.A.B.deC.V._DetailedEstimates_20-Sep-2026.xlsx",Detailed Estimates,32
2026-09-20,detailed_estimates,BMV:BIMBO A (Mex$),Consensus,EPS Normalized,,Low,FQ3 2007,FQ,2007,3,2007-09-30,0.23,,E,0.23 E,Mex$ per share,MXN,"filings/capitaliq/Estimates/Detailed Estimated/SPGlobal_GrupoBimbo,S.A.B.deC.V._DetailedEstimates_20-Sep-2026.xlsx",Detailed Estimates,32
2026-09-20,detailed_estimates,BMV:BIMBO A (Mex$),Consensus,EPS Normalized,,Low,FQ4 2007,FQ,2007,4,2007-12-31,0.25,,E,0.25 E,Mex$ per share,MXN,"filings/capitaliq/Estimates/Detailed Estimated/SPGlobal_GrupoBimbo,S.A.B.deC.V._DetailedEstimates_20-Sep-2026.xlsx",Detailed Estimates,32
2026-09-20,detailed_estimates,BMV:BIMBO A (Mex$),Consensus,EPS Normalized,,Low,FY 2007,FY,2007,,2007-12-31,0.82,,E,0.82 E,Mex$ per share,MXN,"filings/capitaliq/Estimates/Detailed Estimated/SPGlobal_GrupoBimbo,S.A.B.deC.V._DetailedEstimates_20-Sep-2026.xlsx",Detailed Estimates,32
2026-09-20,detailed_estimates,BMV:BIMBO A (Mex$),Consensus,EPS Normalized,,Low,FQ1 2008,FQ,2008,1,2008-03-31,0.13,,E,0.13 E,Mex$ per share,MXN,"filings/capitaliq/Estimates/Detailed Estimated/SPGlobal_GrupoBimbo,S.A.B.deC.V._DetailedEstimates_20-Sep-2026.xlsx",Detailed Estimates,32
2026-09-20,detailed_estimates,BMV:BIMBO A (Mex$),Consensus,EPS Normalized,,Low,FQ2 2008,FQ,2008,2,2008-06-30,0.17,,E,0.17 E,Mex$ per share,MXN,"filings/capitaliq/Estimates/Detailed Estimated/SPGlobal_GrupoBimbo,S.A.B.deC.V._DetailedEstimates_20-Sep-2026.xlsx",Detailed Estimates,32
2026-09-20,detailed_estimates,BMV:BIMBO A (Mex$),Consensus,EPS Normalized,,Low,FQ3 2008,FQ,2008,3,2008-09-30,0.33,,E,0.33 E,Mex$ per share,MXN,"filings/capitaliq/Estimates/Detailed Estimated/SPGlobal_GrupoBimbo,S.A.B.deC.V._DetailedEstimates_20-Sep-2026.xlsx",Detailed Estimates,32
2026-09-20,detailed_estimates,BMV:BIMBO A (Mex$),Consensus,EPS Normalized,,Low,FQ4 2008,FQ,2008,4,2008-12-31,0.29,,E,0.29 E,Mex$ per share,MXN,"filings/capitaliq/Estimates/Detailed Estimated/SPGlobal_GrupoBimbo,S.A.B.deC.V._DetailedEstimates_20-Sep-2026.xlsx",Detailed Estimates,32
2026-09-20,detailed_estimates,BMV:BIMBO A (Mex$),Consensus,EPS Normalized,,Low,FY 2008,FY,2008,,2008-12-31,0.85,,E,0.85 E,Mex$ per share,MXN,"filings/capitaliq/Estimates/Detailed Estimated/SPGlobal_GrupoBimbo,S.A.B.deC.V._DetailedEstimates_20-Sep-2026.xlsx",Detailed Estimates,32
2026-09-20,detailed_estimates,BMV:BIMBO A (Mex$),Consensus,EPS Normalized,,Low,FQ1 2009,FQ,2009,1,2009-03-31,0.13,,E,0.13 E,Mex$ per share,MXN,"filings/capitaliq/Estimates/Detailed Estimated/SPGlobal_GrupoBimbo,S.A.B.deC.V._DetailedEstimates_20-Sep-2026.xlsx",Detailed Estimates,32
2026-09-20,detailed_estimates,BMV:BIMBO A (Mex$),Consensus,EPS Normalized,,Low,FQ3 2009,FQ,2009,3,2009-09-30,0.38,,E,0.38 E,Mex$ per share,MXN,"filings/capitaliq/Estimates/Detailed Estimated/SPGlobal_GrupoBimbo,S.A.B.deC.V._DetailedEstimates_20-Sep-2026.xlsx",Detailed Estimates,32
2026-09-20,detailed_estimates,BMV:BIMBO A (Mex$),Consensus,EPS Normalized,,Low,FQ4 2009,FQ,2009,4,2009-12-31,0.4,,E,0.40 E,Mex$ per share,MXN,"filings/capitaliq/Estimates/Detailed Estimated/SPGlobal_GrupoBimbo,S.A.B.deC.V._DetailedEstimates_20-Sep-2026.xlsx",Detailed Estimates,32
2026-09-20,detailed_estimates,BMV:BIMBO A (Mex$),Consensus,EPS Normalized,,Low,FY 2009,FY,2009,,2009-12-31,1.31,,E,1.31 E,Mex$ per share,MXN,"filings/capitaliq/Estimates/Detailed Estimated/SPGlobal_GrupoBimbo,S.A.B.deC.V._DetailedEstimates_20-Sep-2026.xlsx",Detailed Estimates,32
2026-09-20,detailed_estimates,BMV:BIMBO A (Mex$),Consensus,EPS Normalized,,Low,FQ2 2010,FQ,2010,2,2010-06-30,0.35,,E,0.35 E,Mex$ per share,MXN,"filings/capitaliq/Estimates/Detailed Estimated/SPGlobal_GrupoBimbo,S.A.B.deC.V._DetailedEstimates_20-Sep-2026.xlsx",Detailed Estimates,32
2026-09-20,detailed_estimates,BMV:BIMBO A (Mex$),Consensus,EPS Normalized,,Low,FQ3 2010,FQ,2010,3,2010-09-30,0.42,,E,0.42 E,Mex$ per share,MXN,"filings/capitaliq/Estimates/Detailed Estimated/SPGlobal_GrupoBimbo,S.A.B.deC.V._DetailedEstimates_20-Sep-2026.xlsx",Detailed Estimates,32
2026-09-20,detailed_estimates,BMV:BIMBO A (Mex$),Consensus,EPS Normalized,,Low,FQ4 2010,FQ,2010,4,2010-12-31,0.49,,E,0.49 E,Mex$ per share,MXN,"filings/capitaliq/Estimates/Detailed Estimated/SPGlobal_GrupoBimbo,S.A.B.deC.V._DetailedEstimates_20-Sep-2026.xlsx",Detailed Estimates,32
2026-09-20,detailed_estimates,BMV:BIMBO A (Mex$),Consensus,EPS Normalized,,Low,FY 2010,FY,2010,,2010-12-31,1.14,,E,1.14 E,Mex$ per share,MXN,"filings/capitaliq/Estimates/Detailed Estimated/SPGlobal_GrupoBimbo,S.A.B.deC.V._DetailedEstimates_20-Sep-2026.xlsx",Detailed Estimates,32
2026-09-20,detailed_estimates,BMV:BIMBO A (Mex$),Consensus,EPS Normalized,,Low,FQ2 2011,FQ,2011,2,2011-06-30,0.06,,E,0.06 E,Mex$ per share,MXN,"filings/capitaliq/Estimates/Detailed Estimated/SPGlobal_GrupoBimbo,S.A.B.deC.V._DetailedEstimates_20-Sep-2026.xlsx",Detailed Estimates,32
2026-09-20,detailed_estimates,BMV:BIMBO A (Mex$),Consensus,EPS Normalized,,Low,FQ3 2011,FQ,2011,3,2011-09-30,0.44,,E,0.44 E,Mex$ per share,MXN,"filings/capitaliq/Estimates/Detailed Estimated/SPGlobal_GrupoBimbo,S.A.B.deC.V._DetailedEstimates_20-Sep-2026.xlsx",Detailed Estimates,32
2026-09-20,detailed_estimates,BMV:BIMBO A (Mex$),Consensus,EPS Normalized,,Low,FY 2011,FY,2011,,2011-12-31,1.17,,E,1.17 E,Mex$ per share,MXN,"filings/capitaliq/Estimates/Detailed Estimated/SPGlobal_GrupoBimbo,S.A.B.deC.V._DetailedEstimates_20-Sep-2026.xlsx",Detailed Estimates,32
2026-09-20,detailed_estimates,BMV:BIMBO A (Mex$),Consensus,EPS Normalized,,Low,FQ4 2012,FQ,2012,4,2012-12-31,0.23,,E,0.23 E,Mex$ per share,MXN,"filings/capitaliq/Estimates/Detailed Estimated/SPGlobal_GrupoBimbo,S.A.B.deC.V._DetailedEstimates_20-Sep-2026.xlsx",Detailed Estimates,32
2026-09-20,detailed_estimates,BMV:BIMBO A (Mex$),Consensus,EPS Normalized,,Low,FY 2012,FY,2012,,2012-12-31,0.66,,E,0.66 E,Mex$ per share,MXN,"filings/capitaliq/Estimates/Detailed Estimated/SPGlobal_GrupoBimbo,S.A.B.deC.V._DetailedEstimates_20-Sep-2026.xlsx",Detailed Estimates,32
2026-09-20,detailed_estimates,BMV:BIMBO A (Mex$),Consensus,EPS Normalized,,Low,FQ1 2013,FQ,2013,1,2013-03-31,0.14,,E,0.14 E,Mex$ per share,MXN,"filings/capitaliq/Estimates/Detailed Estimated/SPGlobal_GrupoBimbo,S.A.B.deC.V._DetailedEstimates_20-Sep-2026.xlsx",Detailed Estimates,32
2026-09-20,detailed_estimates,BMV:BIMBO A (Mex$),Consensus,EPS Normalized,,Low,FQ2 2013,FQ,2013,2,2013-06-30,0.19,,E,0.19 E,Mex$ per share,MXN,"filings/capitaliq/Estimates/Detailed Estimated/SPGlobal_GrupoBimbo,S.A.B.deC.V._DetailedEstimates_20-Sep-2026.xlsx",Detailed Estimates,32
2026-09-20,detailed_estimates,BMV:BIMBO A (Mex$),Consensus,EPS Normalized,,Low,FQ3 2013,FQ,2013,3,2013-09-30,0.17,,E,0.17 E,Mex$ per share,MXN,"filings/capitaliq/Estimates/Detailed Estimated/SPGlobal_GrupoBimbo,S.A.B.deC.V._DetailedEstimates_20-Sep-2026.xlsx",Detailed Estimates,32
2026-09-20,detailed_estimates,BMV:BIMBO A (Mex$),Consensus,EPS Normalized,,Low,FQ4 2013,FQ,2013,4,2013-12-31,0.24,,E,0.24 E,Mex$ per share,MXN,"filings/capitaliq/Estimates/Detailed Estimated/SPGlobal_GrupoBimbo,S.A.B.deC.V._DetailedEstimates_20-Sep-2026.xlsx",Detailed Estimates,32
2026-09-20,detailed_estimates,BMV:BIMBO A (Mex$),Consensus,EPS Normalized,,Low,FY 2013,FY,2013,,2013-12-31,0.51,,E,0.51 E,Mex$ per share,MXN,"filings/capitaliq/Estimates/Detailed Estimated/SPGlobal_GrupoBimbo,S.A.B.deC.V._DetailedEstimates_20-Sep-2026.xlsx",Detailed Estimates,32
2026-09-20,detailed_estimates,BMV:BIMBO A (Mex$),Consensus,EPS Normalized,,Low,FQ1 2014,FQ,2014,1,2014-03-31,0.13,,E,0.13 E,Mex$ per share,MXN,"filings/capitaliq/Estimates/Detailed Estimated/SPGlobal_GrupoBimbo,S.A.B.deC.V._DetailedEstimates_20-Sep-2026.xlsx",Detailed Estimates,32
2026-09-20,detailed_estimates,BMV:BIMBO A (Mex$),Consensus,EPS Normalized,,Low,FQ2 2014,FQ,2014,2,2014-06-30,0.25,,E,0.25 E,Mex$ per share,MXN,"filings/capitaliq/Estimates/Detailed Estimated/SPGlobal_GrupoBimbo,S.A.B.deC.V._DetailedEstimates_20-Sep-2026.xlsx",Detailed Estimates,32
2026-09-20,detailed_estimates,BMV:BIMBO A (Mex$),Consensus,EPS Normalized,,Low,FQ3 2014,FQ,2014,3,2014-09-30,0.34,,E,0.34 E,Mex$ per share,MXN,"filings/capitaliq/Estimates/Detailed Estimated/SPGlobal_GrupoBimbo,S.A.B.deC.V._DetailedEstimates_20-Sep-2026.xlsx",Detailed Estimates,32
2026-09-20,detailed_estimates,BMV:BIMBO A (Mex$),Consensus,EPS Normalized,,Low,FQ4 2014,FQ,2014,4,2014-12-31,0.24,,E,0.24 E,Mex$ per share,MXN,"filings/capitaliq/Estimates/Detailed Estimated/SPGlobal_GrupoBimbo,S.A.B.deC.V._DetailedEstimates_20-Sep-2026.xlsx",Detailed Estimates,32
2026-09-20,detailed_estimates,BMV:BIMBO A (Mex$),Consensus,EPS Normalized,,Low,FY 2014,FY,2014,,2014-12-31,1.1,,E,1.10 E,Mex$ per share,MXN,"filings/capitaliq/Estimates/Detailed Estimated/SPGlobal_GrupoBimbo,S.A.B.deC.V._DetailedEstimates_20-Sep-2026.xlsx",Detailed Estimates,32
2026-09-20,detailed_estimates,BMV:BIMBO A (Mex$),Consensus,EPS Normalized,,Low,FQ1 2015,FQ,2015,1,2015-03-31,0.09,,E,0.09 E,Mex$ per share,MXN,"filings/capitaliq/Estimates/Detailed Estimated/SPGlobal_GrupoBimbo,S.A.B.deC.V._DetailedEstimates_20-Sep-2026.xlsx",Detailed Estimates,32
2026-09-20,detailed_estimates,BMV:BIMBO A (Mex$),Consensus,EPS Normalized,,Low,FQ2 2015,FQ,2015,2,2015-06-30,0.31,,E,0.31 E,Mex$ per share,MXN,"filings/capitaliq/Estimates/Detailed Estimated/SPGlobal_GrupoBimbo,S.A.B.deC.V._DetailedEstimates_20-Sep-2026.xlsx",Detailed Estimates,32
2026-09-20,detailed_estimates,BMV:BIMBO A (Mex$),Consensus,EPS Normalized,,Low,FQ3 2015,FQ,2015,3,2015-09-30,0.41,,E,0.41 E,Mex$ per share,MXN,"filings/capitaliq/Estimates/Detailed Estimated/SPGlobal_GrupoBimbo,S.A.B.deC.V._DetailedEstimates_20-Sep-2026.xlsx",Detailed Estimates,32
2026-09-20,detailed_estimates,BMV:BIMBO A (Mex$),Consensus,EPS Normalized,,Low,FQ4 2015,FQ,2015,4,2015-12-31,0.36,,E,0.36 E,Mex$ per share,MXN,"filings/capitaliq/Estimates/Detailed Estimated/SPGlobal_GrupoBimbo,S.A.B.deC.V._DetailedEstimates_20-Sep-2026.xlsx",Detailed Estimates,32
2026-09-20,detailed_estimates,BMV:BIMBO A (Mex$),Consensus,EPS Normalized,,Low,FY 2015,FY,2015,,2015-12-31,1.36,,E,1.36 E,Mex$ per share,MXN,"filings/capitaliq/Estimates/Detailed Estimated/SPGlobal_GrupoBimbo,S.A.B.deC.V._DetailedEstimates_20-Sep-2026.xlsx",Detailed Estimates,32
2026-09-20,detailed_estimates,BMV:BIMBO A (Mex$),Consensus,EPS Normalized,,Low,FQ1 2016,FQ,2016,1,2016-03-31,0.19,,E,0.19 E,Mex$ per share,MXN,"filings/capitaliq/Estimates/Detailed Estimated/SPGlobal_GrupoBimbo,S.A.B.deC.V._DetailedEstimates_20-Sep-2026.xlsx",Detailed Estimates,32
2026-09-20,detailed_estimates,BMV:BIMBO A (Mex$),Consensus,EPS Normalized,,Low,FQ2 2016,FQ,2016,2,2016-06-30,0.36,,E,0.36 E,Mex$ per share,MXN,"filings/capitaliq/Estimates/Detailed Estimated/SPGlobal_GrupoBimbo,S.A.B.deC.V._DetailedEstimates_20-Sep-2026.xlsx",Detailed Estimates,32
2026-09-20,detailed_estimates,BMV:BIMBO A (Mex$),Consensus,EPS Normalized,,Low,FQ3 2016,FQ,2016,3,2016-09-30,0.46,,E,0.46 E,Mex$ per share,MXN,"filings/capitaliq/Estimates/Detailed Estimated/SPGlobal_GrupoBimbo,S.A.B.deC.V._DetailedEstimates_20-Sep-2026.xlsx",Detailed Estimates,32
2026-09-20,detailed_estimates,BMV:BIMBO A (Mex$),Consensus,EPS Normalized,,Low,FQ4 2016,FQ,2016,4,2016-12-31,0.34,,E,0.34 E,Mex$ per share,MXN,"filings/capitaliq/Estimates/Detailed Estimated/SPGlobal_GrupoBimbo,S.A.B.deC.V._DetailedEstimates_20-Sep-2026.xlsx",Detailed Estimates,32
2026-09-20,detailed_estimates,BMV:BIMBO A (Mex$),Consensus,EPS Normalized,,Low,FY 2016,FY,2016,,2016-12-31,1.57,,E,1.57 E,Mex$ per share,MXN,"filings/capitaliq/Estimates/Detailed Estimated/SPGlobal_GrupoBimbo,S.A.B.deC.V._DetailedEstimates_20-Sep-2026.xlsx",Detailed Estimates,32
2026-09-20,detailed_estimates,BMV:BIMBO A (Mex$),Consensus,EPS Normalized,,Low,FQ1 2017,FQ,2017,1,2017-03-31,0.25,,E,0.25 E,Mex$ per share,MXN,"filings/capitaliq/Estimates/Detailed Estimated/SPGlobal_GrupoBimbo,S.A.B.deC.V._DetailedEstimates_20-Sep-2026.xlsx",Detailed Estimates,32
2026-09-20,detailed_estimates,BMV:BIMBO A (Mex$),Consensus,EPS Normalized,,Low,FQ2 2017,FQ,2017,2,2017-06-30,0.39,,E,0.39 E,Mex$ per share,MXN,"filings/capitaliq/Estimates/Detailed Estimated/SPGlobal_GrupoBimbo,S.A.B.deC.V._DetailedEstimates_20-Sep-2026.xlsx",Detailed Estimates,32
2026-09-20,detailed_estimates,BMV:BIMBO A (Mex$),Consensus,EPS Normalized,,Low,FQ3 2017,FQ,2017,3,2017-09-30,0.44,,E,0.44 E,Mex$ per share,MXN,"filings/capitaliq/Estimates/Detailed Estimated/SPGlobal_GrupoBimbo,S.A.B.deC.V._DetailedEstimates_20-Sep-2026.xlsx",Detailed Estimates,32
2026-09-20,detailed_estimates,BMV:BIMBO A (Mex$),Consensus,EPS Normalized,,Low,FQ4 2017,FQ,2017,4,2017-12-31,0.1,,E,0.10 E,Mex$ per share,MXN,"filings/capitaliq/Estimates/Detailed Estimated/SPGlobal_GrupoBimbo,S.A.B.deC.V._DetailedEstimates_20-Sep-2026.xlsx",Detailed Estimates,32
2026-09-20,detailed_estimates,BMV:BIMBO A (Mex$),Consensus,EPS Normalized,,Low,FY 2017,FY,2017,,2017-12-31,0.99,,E,0.99 E,Mex$ per share,MXN,"filings/capitaliq/Estimates/Detailed Estimated/SPGlobal_GrupoBimbo,S.A.B.deC.V._DetailedEstimates_20-Sep-2026.xlsx",Detailed Estimates,32
2026-09-20,detailed_estimates,BMV:BIMBO A (Mex$),Consensus,EPS Normalized,,Low,FQ1 2018,FQ,2018,1,2018-03-31,0.22,,E,0.22 E,Mex$ per share,MXN,"filings/capitaliq/Estimates/Detailed Estimated/SPGlobal_GrupoBimbo,S.A.B.deC.V._DetailedEstimates_20-Sep-2026.xlsx",Detailed Estimates,32
2026-09-20,detailed_estimates,BMV:BIMBO A (Mex$),Consensus,EPS Normalized,,Low,FQ2 2018,FQ,2018,2,2018-06-30,0.17,,E,0.17 E,Mex$ per share,MXN,"filings/capitaliq/Estimates/Detailed Estimated/SPGlobal_GrupoBimbo,S.A.B.deC.V._DetailedEstimates_20-Sep-2026.xlsx",Detailed Estimates,32
2026-09-20,detailed_estimates,BMV:BIMBO A (Mex$),Consensus,EPS Normalized,,Low,FQ3 2018,FQ,2018,3,2018-09-30,0.37,,E,0.37 E,Mex$ per share,MXN,"filings/capitaliq/Estimates/Detailed Estimated/SPGlobal_GrupoBimbo,S.A.B.deC.V._DetailedEstimates_20-Sep-2026.xlsx",Detailed Estimates,32
2026-09-20,detailed_estimates,BMV:BIMBO A (Mex$),Consensus,EPS Normalized,,Low,FQ4 2018,FQ,2018,4,2018-12-31,0.19,,E,0.19 E,Mex$ per share,MXN,"filings/capitaliq/Estimates/Detailed Estimated/SPGlobal_GrupoBimbo,S.A.B.deC.V._DetailedEstimates_20-Sep-2026.xlsx",Detailed Estimates,32
2026-09-20,detailed_estimates,BMV:BIMBO A (Mex$),Consensus,EPS Normalized,,Low,FY 2018,FY,2018,,2018-12-31,1.06,,E,1.06 E,Mex$ per share,MXN,"filings/capitaliq/Estimates/Detailed Estimated/SPGlobal_GrupoBimbo,S.A.B.deC.V._DetailedEstimates_20-Sep-2026.xlsx",Detailed Estimates,32
2026-09-20,detailed_estimates,BMV:BIMBO A (Mex$),Consensus,EPS Normalized,,Low,FQ1 2019,FQ,2019,1,2019-03-31,0.24,,E,0.24 E,Mex$ per share,MXN,"filings/capitaliq/Estimates/Detailed Estimated/SPGlobal_GrupoBimbo,S.A.B.deC.V._DetailedEstimates_20-Sep-2026.xlsx",Detailed Estimates,32
2026-09-20,detailed_estimates,BMV:BIMBO A (Mex$),Consensus,EPS Normalized,,Low,FQ2 2019,FQ,2019,2,2019-06-30,0.28,,E,0.28 E,Mex$ per share,MXN,"filings/capitaliq/Estimates/Detailed Estimated/SPGlobal_GrupoBimbo,S.A.B.deC.V._DetailedEstimates_20-Sep-2026.xlsx",Detailed Estimates,32
2026-09-20,detailed_estimates,BMV:BIMBO A (Mex$),Consensus,EPS Normalized,,Low,FQ3 2019,FQ,2019,3,2019-09-30,0.27,,E,0.27 E,Mex$ per share,MXN,"filings/capitaliq/Estimates/Detailed Estimated/SPGlobal_GrupoBimbo,S.A.B.deC.V._DetailedEstimates_20-Sep-2026.xlsx",Detailed Estimates,32
2026-09-20,detailed_estimates,BMV:BIMBO A (Mex$),Consensus,EPS Normalized,,Low,FQ4 2019,FQ,2019,4,2019-12-31,0.22,,E,0.22 E,Mex$ per share,MXN,"filings/capitaliq/Estimates/Detailed Estimated/SPGlobal_GrupoBimbo,S.A.B.deC.V._DetailedEstimates_20-Sep-2026.xlsx",Detailed Estimates,32
2026-09-20,detailed_estimates,BMV:BIMBO A (Mex$),Consensus,EPS Normalized,,Low,FY 2019,FY,2019,,2019-12-31,1.18,,E,1.18 E,Mex$ per share,MXN,"filings/capitaliq/Estimates/Detailed Estimated/SPGlobal_GrupoBimbo,S.A.B.deC.V._DetailedEstimates_20-Sep-2026.xlsx",Detailed Estimates,32
2026-09-20,detailed_estimates,BMV:BIMBO A (Mex$),Consensus,EPS Normalized,,Low,FQ1 2020,FQ,2020,1,2020-03-31,0.12,,E,0.12 E,Mex$ per share,MXN,"filings/capitaliq/Estimates/Detailed Estimated/SPGlobal_GrupoBimbo,S.A.B.deC.V._DetailedEstimates_20-Sep-2026.xlsx",Detailed Estimates,32
2026-09-20,detailed_estimates,BMV:BIMBO A (Mex$),Consensus,EPS Normalized,,Low,FQ2 2020,FQ,2020,2,2020-06-30,0.28,,E,0.28 E,Mex$ per share,MXN,"filings/capitaliq/Estimates/Detailed Estimated/SPGlobal_GrupoBimbo,S.A.B.deC.V._DetailedEstimates_20-Sep-2026.xlsx",Detailed Estimates,32
2026-09-20,detailed_estimates,BMV:BIMBO A (Mex$),Consensus,EPS Normalized,,Low,FQ3 2020,FQ,2020,3,2020-09-30,0.45,,E,0.45 E,Mex$ per share,MXN,"filings/capitaliq/Estimates/Detailed Estimated/SPGlobal_GrupoBimbo,S.A.B.deC.V._DetailedEstimates_20-Sep-2026.xlsx",Detailed Estimates,32
2026-09-20,detailed_estimates,BMV:BIMBO A (Mex$),Consensus,EPS Normalized,,Low,FQ4 2020,FQ,2020,4,2020-12-31,0.46,,E,0.46 E,Mex$ per share,MXN,"filings/capitaliq/Estimates/Detailed Estimated/SPGlobal_GrupoBimbo,S.A.B.deC.V._DetailedEstimates_20-Sep-2026.xlsx",Detailed Estimates,32
2026-09-20,detailed_estimates,BMV:BIMBO A (Mex$),Consensus,EPS Normalized,,Low,FY 2020,FY,2020,,2020-12-31,1.8,,E,1.80 E,Mex$ per share,MXN,"filings/capitaliq/Estimates/Detailed Estimated/SPGlobal_GrupoBimbo,S.A.B.deC.V._DetailedEstimates_20-Sep-2026.xlsx",Detailed Estimates,32
2026-09-20,detailed_estimates,BMV:BIMBO A (Mex$),Consensus,EPS Normalized,,Low,FQ1 2021,FQ,2021,1,2021-03-31,0.39,,E,0.39 E,Mex$ per share,MXN,"filings/capitaliq/Estimates/Detailed Estimated/SPGlobal_GrupoBimbo,S.A.B.deC.V._DetailedEstimates_20-Sep-2026.xlsx",Detailed Estimates,32
2026-09-20,detailed_estimates,BMV:BIMBO A (Mex$),Consensus,EPS Normalized,,Low,FQ2 2021,FQ,2021,2,2021-06-30,0.39,,E,0.39 E,Mex$ per share,MXN,"filings/capitaliq/Estimates/Detailed Estimated/SPGlobal_GrupoBimbo,S.A.B.deC.V._DetailedEstimates_20-Sep-2026.xlsx",Detailed Estimates,32
2026-09-20,detailed_estimates,BMV:BIMBO A (Mex$),Consensus,EPS Normalized,,Low,FQ3 2021,FQ,2021,3,2021-09-30,0.58,,E,0.58 E,Mex$ per share,MXN,"filings/capitaliq/Estimates/Detailed Estimated/SPGlobal_GrupoBimbo,S.A.B.deC.V._DetailedEstimates_20-Sep-2026.xlsx",Detailed Estimates,32
2026-09-20,detailed_estimates,BMV:BIMBO A (Mex$),Consensus,EPS Normalized,,Low,FQ4 2021,FQ,2021,4,2021-12-31,0.58,,E,0.58 E,Mex$ per share,MXN,"filings/capitaliq/Estimates/Detailed Estimated/SPGlobal_GrupoBimbo,S.A.B.deC.V._DetailedEstimates_20-Sep-2026.xlsx",Detailed Estimates,32
2026-09-20,detailed_estimates,BMV:BIMBO A (Mex$),Consensus,EPS Normalized,,Low,FY 2021,FY,2021,,2021-12-31,3.04,,E,3.04 E,Mex$ per share,MXN,"filings/capitaliq/Estimates/Detailed Estimated/SPGlobal_GrupoBimbo,S.A.B.deC.V._DetailedEstimates_20-Sep-2026.xlsx",Detailed Estimates,32
2026-09-20,detailed_estimates,BMV:BIMBO A (Mex$),Consensus,EPS Normalized,,Low,FQ1 2022,FQ,2022,1,2022-03-31,0.61,,E,0.61 E,Mex$ per share,MXN,"filings/capitaliq/Estimates/Detailed Estimated/SPGlobal_GrupoBimbo,S.A.B.deC.V._DetailedEstimates_20-Sep-2026.xlsx",Detailed Estimates,32
2026-09-20,detailed_estimates,BMV:BIMBO A (Mex$),Consensus,EPS Normalized,,Low,FQ2 2022,FQ,2022,2,2022-06-30,0.63,,E,0.63 E,Mex$ per share,MXN,"filings/capitaliq/Estimates/Detailed Estimated/SPGlobal_GrupoBimbo,S.A.B.deC.V._DetailedEstimates_20-Sep-2026.xlsx",Detailed Estimates,32
2026-09-20,detailed_estimates,BMV:BIMBO A (Mex$),Consensus,EPS Normalized,,Low,FQ3 2022,FQ,2022,3,2022-09-30,0.74,,E,0.74 E,Mex$ per share,MXN,"filings/capitaliq/Estimates/Detailed Estimated/SPGlobal_GrupoBimbo,S.A.B.deC.V._DetailedEstimates_20-Sep-2026.xlsx",Detailed Estimates,32
2026-09-20,detailed_estimates,BMV:BIMBO A (Mex$),Consensus,EPS Normalized,,Low,FQ4 2022,FQ,2022,4,2022-12-31,0.96,,E,0.96 E,Mex$ per share,MXN,"filings/capitaliq/Estimates/Detailed Estimated/SPGlobal_GrupoBimbo,S.A.B.deC.V._DetailedEstimates_20-Sep-2026.xlsx",Detailed Estimates,32
2026-09-20,detailed_estimates,BMV:BIMBO A (Mex$),Consensus,EPS Normalized,,Low,FY 2022,FY,2022,,2022-12-31,4.35,,E,4.35 E,Mex$ per share,MXN,"filings/capitaliq/Estimates/Detailed Estimated/SPGlobal_GrupoBimbo,S.A.B.deC.V._DetailedEstimates_20-Sep-2026.xlsx",Detailed Estimates,32
2026-09-20,detailed_estimates,BMV:BIMBO A (Mex$),Consensus,EPS Normalized,,Low,FQ1 2023,FQ,2023,1,2023-03-31,0.69,,E,0.69 E,Mex$ per share,MXN,"filings/capitaliq/Estimates/Detailed Estimated/SPGlobal_GrupoBimbo,S.A.B.deC.V._DetailedEstimates_20-Sep-2026.xlsx",Detailed Estimates,32
2026-09-20,detailed_estimates,BMV:BIMBO A (Mex$),Consensus,EPS Normalized,,Low,FQ2 2023,FQ,2023,2,2023-06-30,0.85,,E,0.85 E,Mex$ per share,MXN,"filings/capitaliq/Estimates/Detailed Estimated/SPGlobal_GrupoBimbo,S.A.B.deC.V._DetailedEstimates_20-Sep-2026.xlsx",Detailed Estimates,32
2026-09-20,detailed_estimates,BMV:BIMBO A (Mex$),Consensus,EPS Normalized,,Low,FQ3 2023,FQ,2023,3,2023-09-30,0.95,,E,0.95 E,Mex$ per share,MXN,"filings/capitaliq/Estimates/Detailed Estimated/SPGlobal_GrupoBimbo,S.A.B.deC.V._DetailedEstimates_20-Sep-2026.xlsx",Detailed Estimates,32
2026-09-20,detailed_estimates,BMV:BIMBO A (Mex$),Consensus,EPS Normalized,,Low,FQ4 2023,FQ,2023,4,2023-12-31,0.99,,E,0.99 E,Mex$ per share,MXN,"filings/capitaliq/Estimates/Detailed Estimated/SPGlobal_GrupoBimbo,S.A.B.deC.V._DetailedEstimates_20-Sep-2026.xlsx",Detailed Estimates,32
2026-09-20,detailed_estimates,BMV:BIMBO A (Mex$),Consensus,EPS Normalized,,Low,FY 2023,FY,2023,,2023-12-31,3.66,,E,3.66 E,Mex$ per share,MXN,"filings/capitaliq/Estimates/Detailed Estimated/SPGlobal_GrupoBimbo,S.A.B.deC.V._DetailedEstimates_20-Sep-2026.xlsx",Detailed Estimates,32
2026-09-20,detailed_estimates,BMV:BIMBO A (Mex$),Consensus,EPS Normalized,,Low,FQ1 2024,FQ,2024,1,2024-03-31,0.63,,E,0.63 E,Mex$ per share,MXN,"filings/capitaliq/Estimates/Detailed Estimated/SPGlobal_GrupoBimbo,S.A.B.deC.V._DetailedEstimates_20-Sep-2026.xlsx",Detailed Estimates,32
2026-09-20,detailed_estimates,BMV:BIMBO A (Mex$),Consensus,EPS Normalized,,Low,FQ2 2024,FQ,2024,2,2024-06-30,0.64,,E,0.64 E,Mex$ per share,MXN,"filings/capitaliq/Estimates/Detailed Estimated/SPGlobal_GrupoBimbo,S.A.B.deC.V._DetailedEstimates_20-Sep-2026.xlsx",Detailed Estimates,32
2026-09-20,detailed_estimates,BMV:BIMBO A (Mex$),Consensus,EPS Normalized,,Low,FQ3 2024,FQ,2024,3,2024-09-30,0.84,,E,0.84 E,Mex$ per share,MXN,"filings/capitaliq/Estimates/Detailed Estimated/SPGlobal_GrupoBimbo,S.A.B.deC.V._DetailedEstimates_20-Sep-2026.xlsx",Detailed Estimates,32
2026-09-20,detailed_estimates,BMV:BIMBO A (Mex$),Consensus,EPS Normalized,,Low,FQ4 2024,FQ,2024,4,2024-12-31,0.7,,E,0.70 E,Mex$ per share,MXN,"filings/capitaliq/Estimates/Detailed Estimated/SPGlobal_GrupoBimbo,S.A.B.deC.V._DetailedEstimates_20-Sep-2026.xlsx",Detailed Estimates,32
2026-09-20,detailed_estimates,BMV:BIMBO A (Mex$),Consensus,EPS Normalized,,Low,FY 2024,FY,2024,,2024-12-31,2.77,,E,2.77 E,Mex$ per share,MXN,"filings/capitaliq/Estimates/Detailed Estimated/SPGlobal_GrupoBimbo,S.A.B.deC.V._DetailedEstimates_20-Sep-2026.xlsx",Detailed Estimates,32
2026-09-20,detailed_estimates,BMV:BIMBO A (Mex$),Consensus,EPS Normalized,,Low,FQ1 2025,FQ,2025,1,2025-03-31,0.47,,E,0.47 E,Mex$ per share,MXN,"filings/capitaliq/Estimates/Detailed Estimated/SPGlobal_GrupoBimbo,S.A.B.deC.V._DetailedEstimates_20-Sep-2026.xlsx",Detailed Estimates,32
2026-09-20,detailed_estimates,BMV:BIMBO A (Mex$),Consensus,EPS Normalized,,Low,FQ2 2025,FQ,2025,2,2025-06-30,0.58,,E,0.58 E,Mex$ per share,MXN,"filings/capitaliq/Estimates/Detailed Estimated/SPGlobal_GrupoBimbo,S.A.B.deC.V._DetailedEstimates_20-Sep-2026.xlsx",Detailed Estimates,32
2026-09-20,detailed_estimates,BMV:BIMBO A (Mex$),Consensus,EPS Normalized,,Low,FQ3 2025,FQ,2025,3,2025-09-30,0.73,,E,0.73 E,Mex$ per share,MXN,"filings/capitaliq/Estimates/Detailed Estimated/SPGlobal_GrupoBimbo,S.A.B.deC.V._DetailedEstimates_20-Sep-2026.xlsx",Detailed Estimates,32
2026-09-20,detailed_estimates,BMV:BIMBO A (Mex$),Consensus,EPS Normalized,,Low,FQ4 2025,FQ,2025,4,2025-12-31,0.51,,E,0.51 E,Mex$ per share,MXN,"filings/capitaliq/Estimates/Detailed Estimated/SPGlobal_GrupoBimbo,S.A.B.deC.V._DetailedEstimates_20-Sep-2026.xlsx",Detailed Estimates,32
2026-09-20,detailed_estimates,BMV:BIMBO A (Mex$),Consensus,EPS Normalized,,Low,FY 2025,FY,2025,,2025-12-31,2.52,,E,2.52 E,Mex$ per share,MXN,"filings/capitaliq/Estimates/Detailed Estimated/SPGlobal_GrupoBimbo,S.A.B.deC.V._DetailedEstimates_20-Sep-2026.xlsx",Detailed Estimates,32
2026-09-20,detailed_estimates,BMV:BIMBO A (Mex$),Consensus,EPS Normalized,,Low,FQ1 2026,FQ,2026,1,2026-03-31,0.45,,E,0.45 E,Mex$ per share,MXN,"filings/capitaliq/Estimates/Detailed Estimated/SPGlobal_GrupoBimbo,S.A.B.deC.V._DetailedEstimates_20-Sep-2026.xlsx",Detailed Estimates,32
2026-09-20,detailed_estimates,BMV:BIMBO A (Mex$),Consensus,EPS Normalized,,Low,FQ2 2026,FQ,2026,2,2026-06-30,0.71,,E,0.71 E,Mex$ per share,MXN,"filings/capitaliq/Estimates/Detailed Estimated/SPGlobal_GrupoBimbo,S.A.B.deC.V._DetailedEstimates_20-Sep-2026.xlsx",Detailed Estimates,32
2026-09-20,detailed_estimates,BMV:BIMBO A (Mex$),Consensus,EPS Normalized,,Low,FQ3 2026,FQ,2026,3,2026-09-30,0.81,,E,0.81 E,Mex$ per share,MXN,"filings/capitaliq/Estimates/Detailed Estimated/SPGlobal_GrupoBimbo,S.A.B.deC.V._DetailedEstimates_20-Sep-2026.xlsx",Detailed Estimates,32
2026-09-20,detailed_estimates,BMV:BIMBO A (Mex$),Consensus,EPS Normalized,,Low,FQ4 2026,FQ,2026,4,2026-12-31,0.84,,E,0.84 E,Mex$ per share,MXN,"filings/capitaliq/Estimates/Detailed Estimated/SPGlobal_GrupoBimbo,S.A.B.deC.V._DetailedEstimates_20-Sep-2026.xlsx",Detailed Estimates,32
2026-09-20,detailed_estimates,BMV:BIMBO A (Mex$),Consensus,EPS Normalized,,Low,FY 2026,FY,2026,,2026-12-31,2.94,,E,2.94 E,Mex$ per share,MXN,"filings/capitaliq/Estimates/Detailed Estimated/SPGlobal_GrupoBimbo,S.A.B.deC.V._DetailedEstimates_20-Sep-2026.xlsx",Detailed Estimates,32
2026-09-20,detailed_estimates,BMV:BIMBO A (Mex$),Consensus,EPS Normalized,,Low,FQ1 2027,FQ,2027,1,2027-03-31,0.62,,E,0.62 E,Mex$ per share,MXN,"filings/capitaliq/Estimates/Detailed Estimated/SPGlobal_GrupoBimbo,S.A.B.deC.V._DetailedEstimates_20-Sep-2026.xlsx",Detailed Estimates,32
2026-09-20,detailed_estimates,BMV:BIMBO A (Mex$),Consensus,EPS Normalized,,Low,FQ2 2027,FQ,2027,2,2027-06-30,0.8,,E,0.80 E,Mex$ per share,MXN,"filings/capitaliq/Estimates/Detailed Estimated/SPGlobal_GrupoBimbo,S.A.B.deC.V._DetailedEstimates_20-Sep-2026.xlsx",Detailed Estimates,32
2026-09-20,detailed_estimates,BMV:BIMBO A (Mex$),Consensus,EPS Normalized,,Low,FQ3 2027,FQ,2027,3,2027-09-30,0.93,,E,0.93 E,Mex$ per share,MXN,"filings/capitaliq/Estimates/Detailed Estimated/SPGlobal_GrupoBimbo,S.A.B.deC.V._DetailedEstimates_20-Sep-2026.xlsx",Detailed Estimates,32
2026-09-20,detailed_estimates,BMV:BIMBO A (Mex$),Consensus,EPS Normalized,,Low,FQ4 2027,FQ,2027,4,2027-12-31,0.88,,E,0.88 E,Mex$ per share,MXN,"filings/capitaliq/Estimates/Detailed Estimated/SPGlobal_GrupoBimbo,S.A.B.deC.V._DetailedEstimates_20-Sep-2026.xlsx",Detailed Estimates,32
2026-09-20,detailed_estimates,BMV:BIMBO A (Mex$),Consensus,EPS Normalized,,Low,FY 2027,FY,2027,,2027-12-31,2.98,,E,2.98 E,Mex$ per share,MXN,"filings/capitaliq/Estimates/Detailed Estimated/SPGlobal_GrupoBimbo,S.A.B.deC.V._DetailedEstimates_20-Sep-2026.xlsx",Detailed Estimates,32
2026-09-20,detailed_estimates,BMV:BIMBO A (Mex$),Consensus,EPS Normalized,,Low,FY 2028,FY,2028,,2028-12-31,3.28,,E,3.28 E,Mex$ per share,MXN,"filings/capitaliq/Estimates/Detailed Estimated/SPGlobal_GrupoBimbo,S.A.B.deC.V._DetailedEstimates_20-Sep-2026.xlsx",Detailed Estimates,32
2026-09-20,detailed_estimates,BMV:BIMBO A (Mex$),Consensus,EPS Normalized,,Low,FY 2029,FY,2029,,2029-12-31,3.74,,E,3.74 E,Mex$ per share,MXN,"filings/capitaliq/Estimates/Detailed Estimated/SPGlobal_GrupoBimbo,S.A.B.deC.V._DetailedEstimates_20-Sep-2026.xlsx",Detailed Estimates,32
2026-09-20,detailed_estimates,BMV:BIMBO A (Mex$),Consensus,EPS Normalized,,Low,FY 2030,FY,2030,,2030-12-31,4.24,,E,4.24 E,Mex$ per share,MXN,"filings/capitaliq/Estimates/Detailed Estimated/SPGlobal_GrupoBimbo,S.A.B.deC.V._DetailedEstimates_20-Sep-2026.xlsx",Detailed Estimates,32
2026-09-20,detailed_estimates,BMV:BIMBO A (Mex$),Consensus,EPS Normalized,,Low,FY 2031,FY,2031,,2031-12-31,5.2,,E,5.20 E,Mex$ per share,MXN,"filings/capitaliq/Estimates/Detailed Estimated/SPGlobal_GrupoBimbo,S.A.B.deC.V._DetailedEstimates_20-Sep-2026.xlsx",Detailed Estimates,32
2026-09-20,detailed_estimates,BMV:BIMBO A (Mex$),Consensus,EPS Normalized,,Std. Dev.,FY 1998,FY,1998,,1998-12-31,0.02275,,,0.02275,Mex$ per share,MXN,"filings/capitaliq/Estimates/Detailed Estimated/SPGlobal_GrupoBimbo,S.A.B.deC.V._DetailedEstimates_20-Sep-2026.xlsx",Detailed Estimates,33
2026-09-20,detailed_estimates,BMV:BIMBO A (Mex$),Consensus,EPS Normalized,,Std. Dev.,FY 1999,FY,1999,,1999-12-31,0.01725,,,0.01725,Mex$ per share,MXN,"filings/capitaliq/Estimates/Detailed Estimated/SPGlobal_GrupoBimbo,S.A.B.deC.V._DetailedEstimates_20-Sep-2026.xlsx",Detailed Estimates,33
2026-09-20,detailed_estimates,BMV:BIMBO A (Mex$),Consensus,EPS Normalized,,Std. Dev.,FY 2000,FY,2000,,2000-12-31,0.01225,,,0.01225,Mex$ per share,MXN,"filings/capitaliq/Estimates/Detailed Estimated/SPGlobal_GrupoBimbo,S.A.B.deC.V._DetailedEstimates_20-Sep-2026.xlsx",Detailed Estimates,33
2026-09-20,detailed_estimates,BMV:BIMBO A (Mex$),Consensus,EPS Normalized,,Std. Dev.,FY 2001,FY,2001,,2001-12-31,0.01897,,,0.01897,Mex$ per share,MXN,"filings/capitaliq/Estimates/Detailed Estimated/SPGlobal_GrupoBimbo,S.A.B.deC.V._DetailedEstimates_20-Sep-2026.xlsx",Detailed Estimates,33
2026-09-20,detailed_estimates,BMV:BIMBO A (Mex$),Consensus,EPS Normalized,,Std. Dev.,FY 2002,FY,2002,,2002-12-31,0.08837,,,0.08837,Mex$ per share,MXN,"filings/capitaliq/Estimates/Detailed Estimated/SPGlobal_GrupoBimbo,S.A.B.deC.V._DetailedEstimates_20-Sep-2026.xlsx",Detailed Estimates,33
2026-09-20,detailed_estimates,BMV:BIMBO A (Mex$),Consensus,EPS Normalized,,Std. Dev.,FY 2003,FY,2003,,2003-12-31,0.14125,,,0.14125,Mex$ per share,MXN,"filings/capitaliq/Estimates/Detailed Estimated/SPGlobal_GrupoBimbo,S.A.B.deC.V._DetailedEstimates_20-Sep-2026.xlsx",Detailed Estimates,33
2026-09-20,detailed_estimates,BMV:BIMBO A (Mex$),Consensus,EPS Normalized,,Std. Dev.,FQ3 2004,FQ,2004,3,2004-09-30,0.01425,,,0.01425,Mex$ per share,MXN,"filings/capitaliq/Estimates/Detailed Estimated/SPGlobal_GrupoBimbo,S.A.B.deC.V._DetailedEstimates_20-Sep-2026.xlsx",Detailed Estimates,33
2026-09-20,detailed_estimates,BMV:BIMBO A (Mex$),Consensus,EPS Normalized,,Std. Dev.,FQ4 2004,FQ,2004,4,2004-12-31,0.01075,,,0.01075,Mex$ per share,MXN,"filings/capitaliq/Estimates/Detailed Estimated/SPGlobal_GrupoBimbo,S.A.B.deC.V._DetailedEstimates_20-Sep-2026.xlsx",Detailed Estimates,33
2026-09-20,detailed_estimates,BMV:BIMBO A (Mex$),Consensus,EPS Normalized,,Std. Dev.,FY 2004,FY,2004,,2004-12-31,0.01362,,,0.01362,Mex$ per share,MXN,"filings/capitaliq/Estimates/Detailed Estimated/SPGlobal_GrupoBimbo,S.A.B.deC.V._DetailedEstimates_20-Sep-2026.xlsx",Detailed Estimates,33
2026-09-20,detailed_estimates,BMV:BIMBO A (Mex$),Consensus,EPS Normalized,,Std. Dev.,FQ1 2005,FQ,2005,1,2005-03-31,0.0075,,,0.0075,Mex$ per share,MXN,"filings/capitaliq/Estimates/Detailed Estimated/SPGlobal_GrupoBimbo,S.A.B.deC.V._DetailedEstimates_20-Sep-2026.xlsx",Detailed Estimates,33
2026-09-20,detailed_estimates,BMV:BIMBO A (Mex$),Consensus,EPS Normalized,,Std. Dev.,FQ2 2005,FQ,2005,2,2005-06-30,0.004,,,0.004,Mex$ per share,MXN,"filings/capitaliq/Estimates/Detailed Estimated/SPGlobal_GrupoBimbo,S.A.B.deC.V._DetailedEstimates_20-Sep-2026.xlsx",Detailed Estimates,33
2026-09-20,detailed_estimates,BMV:BIMBO A (Mex$),Consensus,EPS Normalized,,Std. Dev.,FQ3 2005,FQ,2005,3,2005-09-30,0.01304,,,0.01304,Mex$ per share,MXN,"filings/capitaliq/Estimates/Detailed Estimated/SPGlobal_GrupoBimbo,S.A.B.deC.V._DetailedEstimates_20-Sep-2026.xlsx",Detailed Estimates,33
2026-09-20,detailed_estimates,BMV:BIMBO A (Mex$),Consensus,EPS Normalized,,Std. Dev.,FQ4 2005,FQ,2005,4,2005-12-31,0.008,,,0.008,Mex$ per share,MXN,"filings/capitaliq/Estimates/Detailed Estimated/SPGlobal_GrupoBimbo,S.A.B.deC.V._DetailedEstimates_20-Sep-2026.xlsx",Detailed Estimates,33
2026-09-20,detailed_estimates,BMV:BIMBO A (Mex$),Consensus,EPS Normalized,,Std. Dev.,FY 2005,FY,2005,,2005-12-31,0.02275,,,0.02275,Mex$ per share,MXN,"filings/capitaliq/Estimates/Detailed Estimated/SPGlobal_GrupoBimbo,S.A.B.deC.V._DetailedEstimates_20-Sep-2026.xlsx",Detailed Estimates,33
2026-09-20,detailed_estimates,BMV:BIMBO A (Mex$),Consensus,EPS Normalized,,Std. Dev.,FQ1 2006,FQ,2006,1,2006-03-31,0.009,,,0.009,Mex$ per share,MXN,"filings/capitaliq/Estimates/Detailed Estimated/SPGlobal_GrupoBimbo,S.A.B.deC.V._DetailedEstimates_20-Sep-2026.xlsx",Detailed Estimates,33
2026-09-20,detailed_estimates,BMV:BIMBO A (Mex$),Consensus,EPS Normalized,,Std. Dev.,FQ2 2006,FQ,2006,2,2006-06-30,0.00325,,,0.00325,Mex$ per share,MXN,"filings/capitaliq/Estimates/Detailed Estimated/SPGlobal_GrupoBimbo,S.A.B.deC.V._DetailedEstimates_20-Sep-2026.xlsx",Detailed Estimates,33
2026-09-20,detailed_estimates,BMV:BIMBO A (Mex$),Consensus,EPS Normalized,,Std. Dev.,FQ3 2006,FQ,2006,3,2006-09-30,0.005,,,0.005,Mex$ per share,MXN,"filings/capitaliq/Estimates/Detailed Estimated/SPGlobal_GrupoBimbo,S.A.B.deC.V._DetailedEstimates_20-Sep-2026.xlsx",Detailed Estimates,33
2026-09-20,detailed_estimates,BMV:BIMBO A (Mex$),Consensus,EPS Normalized,,Std. Dev.,FQ4 2006,FQ,2006,4,2006-12-31,0.00375,,,0.00375,Mex$ per share,MXN,"filings/capitaliq/Estimates/Detailed Estimated/SPGlobal_GrupoBimbo,S.A.B.deC.V._DetailedEstimates_20-Sep-2026.xlsx",Detailed Estimates,33
2026-09-20,detailed_estimates,BMV:BIMBO A (Mex$),Consensus,EPS Normalized,,Std. Dev.,FY 2006,FY,2006,,2006-12-31,0.0385,,,0.0385,Mex$ per share,MXN,"filings/capitaliq/Estimates/Detailed Estimated/SPGlobal_GrupoBimbo,S.A.B.deC.V._DetailedEstimates_20-Sep-2026.xlsx",Detailed Estimates,33
2026-09-20,detailed_estimates,BMV:BIMBO A (Mex$),Consensus,EPS Normalized,,Std. Dev.,FQ1 2007,FQ,2007,1,2007-03-31,0.00375,,,0.00375,Mex$ per share,MXN,"filings/capitaliq/Estimates/Detailed Estimated/SPGlobal_GrupoBimbo,S.A.B.deC.V._DetailedEstimates_20-Sep-2026.xlsx",Detailed Estimates,33
2026-09-20,detailed_estimates,BMV:BIMBO A (Mex$),Consensus,EPS Normalized,,Std. Dev.,FQ2 2007,FQ,2007,2,2007-06-30,0.02605,,,0.02605,Mex$ per share,MXN,"filings/capitaliq/Estimates/Detailed Estimated/SPGlobal_GrupoBimbo,S.A.B.deC.V._DetailedEstimates_20-Sep-2026.xlsx",Detailed Estimates,33
2026-09-20,detailed_estimates,BMV:BIMBO A (Mex$),Consensus,EPS Normalized,,Std. Dev.,FQ3 2007,FQ,2007,3,2007-09-30,0.01287,,,0.01287,Mex$ per share,MXN,"filings/capitaliq/Estimates/Detailed Estimated/SPGlobal_GrupoBimbo,S.A.B.deC.V._DetailedEstimates_20-Sep-2026.xlsx",Detailed Estimates,33
2026-09-20,detailed_estimates,BMV:BIMBO A (Mex$),Consensus,EPS Normalized,,Std. Dev.,FQ4 2007,FQ,2007,4,2007-12-31,0.02187,,,0.02187,Mex$ per share,MXN,"filings/capitaliq/Estimates/Detailed Estimated/SPGlobal_GrupoBimbo,S.A.B.deC.V._DetailedEstimates_20-Sep-2026.xlsx",Detailed Estimates,33
2026-09-20,detailed_estimates,BMV:BIMBO A (Mex$),Consensus,EPS Normalized,,Std. Dev.,FY 2007,FY,2007,,2007-12-31,0.03372,,,0.03372,Mex$ per share,MXN,"filings/capitaliq/Estimates/Detailed Estimated/SPGlobal_GrupoBimbo,S.A.B.deC.V._DetailedEstimates_20-Sep-2026.xlsx",Detailed Estimates,33
2026-09-20,detailed_estimates,BMV:BIMBO A (Mex$),Consensus,EPS Normalized,,Std. Dev.,FQ1 2008,FQ,2008,1,2008-03-31,0.01671,,,0.01671,Mex$ per share,MXN,"filings/capitaliq/Estimates/Detailed Estimated/SPGlobal_GrupoBimbo,S.A.B.deC.V._DetailedEstimates_20-Sep-2026.xlsx",Detailed Estimates,33
2026-09-20,detailed_estimates,BMV:BIMBO A (Mex$),Consensus,EPS Normalized,,Std. Dev.,FQ2 2008,FQ,2008,2,2008-06-30,0.00875,,,0.00875,Mex$ per share,MXN,"filings/capitaliq/Estimates/Detailed Estimated/SPGlobal_GrupoBimbo,S.A.B.deC.V._DetailedEstimates_20-Sep-2026.xlsx",Detailed Estimates,33
2026-09-20,detailed_estimates,BMV:BIMBO A (Mex$),Consensus,EPS Normalized,,Std. Dev.,FQ3 2008,FQ,2008,3,2008-09-30,0,,,0,Mex$ per share,MXN,"filings/capitaliq/Estimates/Detailed Estimated/SPGlobal_GrupoBimbo,S.A.B.deC.V._DetailedEstimates_20-Sep-2026.xlsx",Detailed Estimates,33
2026-09-20,detailed_estimates,BMV:BIMBO A (Mex$),Consensus,EPS Normalized,,Std. Dev.,FQ4 2008,FQ,2008,4,2008-12-31,0,,,0,Mex$ per share,MXN,"filings/capitaliq/Estimates/Detailed Estimated/SPGlobal_GrupoBimbo,S.A.B.deC.V._DetailedEstimates_20-Sep-2026.xlsx",Detailed Estimates,33
2026-09-20,detailed_estimates,BMV:BIMBO A (Mex$),Consensus,EPS Normalized,,Std. Dev.,FY 2008,FY,2008,,2008-12-31,0.04127,,,0.04127,Mex$ per share,MXN,"filings/capitaliq/Estimates/Detailed Estimated/SPGlobal_GrupoBimbo,S.A.B.deC.V._DetailedEstimates_20-Sep-2026.xlsx",Detailed Estimates,33
2026-09-20,detailed_estimates,BMV:BIMBO A (Mex$),Consensus,EPS Normalized,,Std. Dev.,FQ1 2009,FQ,2009,1,2009-03-31,0,,,0,Mex$ per share,MXN,"filings/capitaliq/Estimates/Detailed Estimated/SPGlobal_GrupoBimbo,S.A.B.deC.V._DetailedEstimates_20-Sep-2026.xlsx",Detailed Estimates,33
2026-09-20,detailed_estimates,BMV:BIMBO A (Mex$),Consensus,EPS Normalized,,Std. Dev.,FQ3 2009,FQ,2009,3,2009-09-30,0.00875,,,0.00875,Mex$ per share,MXN,"filings/capitaliq/Estimates/Detailed Estimated/SPGlobal_GrupoBimbo,S.A.B.deC.V._DetailedEstimates_20-Sep-2026.xlsx",Detailed Estimates,33
2026-09-20,detailed_estimates,BMV:BIMBO A (Mex$),Consensus,EPS Normalized,,Std. Dev.,FQ4 2009,FQ,2009,4,2009-12-31,0.0025,,,0.0025,Mex$ per share,MXN,"filings/capitaliq/Estimates/Detailed Estimated/SPGlobal_GrupoBimbo,S.A.B.deC.V._DetailedEstimates_20-Sep-2026.xlsx",Detailed Estimates,33
2026-09-20,detailed_estimates,BMV:BIMBO A (Mex$),Consensus,EPS Normalized,,Std. Dev.,FY 2009,FY,2009,,2009-12-31,0.05319,,,0.05319,Mex$ per share,MXN,"filings/capitaliq/Estimates/Detailed Estimated/SPGlobal_GrupoBimbo,S.A.B.deC.V._DetailedEstimates_20-Sep-2026.xlsx",Detailed Estimates,33
2026-09-20,detailed_estimates,BMV:BIMBO A (Mex$),Consensus,EPS Normalized,,Std. Dev.,FQ2 2010,FQ,2010,2,2010-06-30,0,,,0,Mex$ per share,MXN,"filings/capitaliq/Estimates/Detailed Estimated/SPGlobal_GrupoBimbo,S.A.B.deC.V._DetailedEstimates_20-Sep-2026.xlsx",Detailed Estimates,33
2026-09-20,detailed_estimates,BMV:BIMBO A (Mex$),Consensus,EPS Normalized,,Std. Dev.,FQ3 2010,FQ,2010,3,2010-09-30,0,,,0,Mex$ per share,MXN,"filings/capitaliq/Estimates/Detailed Estimated/SPGlobal_GrupoBimbo,S.A.B.deC.V._DetailedEstimates_20-Sep-2026.xlsx",Detailed Estimates,33
2026-09-20,detailed_estimates,BMV:BIMBO A (Mex$),Consensus,EPS Normalized,,Std. Dev.,FQ4 2010,FQ,2010,4,2010-12-31,0.015,,,0.015,Mex$ per share,MXN,"filings/capitaliq/Estimates/Detailed Estimated/SPGlobal_GrupoBimbo,S.A.B.deC.V._DetailedEstimates_20-Sep-2026.xlsx",Detailed Estimates,33
2026-09-20,detailed_estimates,BMV:BIMBO A (Mex$),Consensus,EPS Normalized,,Std. Dev.,FY 2010,FY,2010,,2010-12-31,0.06477,,,0.06477,Mex$ per share,MXN,"filings/capitaliq/Estimates/Detailed Estimated/SPGlobal_GrupoBimbo,S.A.B.deC.V._DetailedEstimates_20-Sep-2026.xlsx",Detailed Estimates,33
2026-09-20,detailed_estimates,BMV:BIMBO A (Mex$),Consensus,EPS Normalized,,Std. Dev.,FQ2 2011,FQ,2011,2,2011-06-30,0,,,0,Mex$ per share,MXN,"filings/capitaliq/Estimates/Detailed Estimated/SPGlobal_GrupoBimbo,S.A.B.deC.V._DetailedEstimates_20-Sep-2026.xlsx",Detailed Estimates,33
2026-09-20,detailed_estimates,BMV:BIMBO A (Mex$),Consensus,EPS Normalized,,Std. Dev.,FQ3 2011,FQ,2011,3,2011-09-30,0,,,0,Mex$ per share,MXN,"filings/capitaliq/Estimates/Detailed Estimated/SPGlobal_GrupoBimbo,S.A.B.deC.V._DetailedEstimates_20-Sep-2026.xlsx",Detailed Estimates,33
2026-09-20,detailed_estimates,BMV:BIMBO A (Mex$),Consensus,EPS Normalized,,Std. Dev.,FY 2011,FY,2011,,2011-12-31,0.18135,,,0.18135,Mex$ per share,MXN,"filings/capitaliq/Estimates/Detailed Estimated/SPGlobal_GrupoBimbo,S.A.B.deC.V._DetailedEstimates_20-Sep-2026.xlsx",Detailed Estimates,33
2026-09-20,detailed_estimates,BMV:BIMBO A (Mex$),Consensus,EPS Normalized,,Std. Dev.,FQ4 2012,FQ,2012,4,2012-12-31,0.015,,,0.015,Mex$ per share,MXN,"filings/capitaliq/Estimates/Detailed Estimated/SPGlobal_GrupoBimbo,S.A.B.deC.V._DetailedEstimates_20-Sep-2026.xlsx",Detailed Estimates,33
2026-09-20,detailed_estimates,BMV:BIMBO A (Mex$),Consensus,EPS Normalized,,Std. Dev.,FY 2012,FY,2012,,2012-12-31,0.18872,,,0.18872,Mex$ per share,MXN,"filings/capitaliq/Estimates/Detailed Estimated/SPGlobal_GrupoBimbo,S.A.B.deC.V._DetailedEstimates_20-Sep-2026.xlsx",Detailed Estimates,33
2026-09-20,detailed_estimates,BMV:BIMBO A (Mex$),Consensus,EPS Normalized,,Std. Dev.,FQ1 2013,FQ,2013,1,2013-03-31,0.03,,,0.03,Mex$ per share,MXN,"filings/capitaliq/Estimates/Detailed Estimated/SPGlobal_GrupoBimbo,S.A.B.deC.V._DetailedEstimates_20-Sep-2026.xlsx",Detailed Estimates,33
2026-09-20,detailed_estimates,BMV:BIMBO A (Mex$),Consensus,EPS Normalized,,Std. Dev.,FQ2 2013,FQ,2013,2,2013-06-30,0.01,,,0.01,Mex$ per share,MXN,"filings/capitaliq/Estimates/Detailed Estimated/SPGlobal_GrupoBimbo,S.A.B.deC.V._DetailedEstimates_20-Sep-2026.xlsx",Detailed Estimates,33
2026-09-20,detailed_estimates,BMV:BIMBO A (Mex$),Consensus,EPS Normalized,,Std. Dev.,FQ3 2013,FQ,2013,3,2013-09-30,0,,,0,Mex$ per share,MXN,"filings/capitaliq/Estimates/Detailed Estimated/SPGlobal_GrupoBimbo,S.A.B.deC.V._DetailedEstimates_20-Sep-2026.xlsx",Detailed Estimates,33
2026-09-20,detailed_estimates,BMV:BIMBO A (Mex$),Consensus,EPS Normalized,,Std. Dev.,FQ4 2013,FQ,2013,4,2013-12-31,0.085,,,0.085,Mex$ per share,MXN,"filings/capitaliq/Estimates/Detailed Estimated/SPGlobal_GrupoBimbo,S.A.B.deC.V._DetailedEstimates_20-Sep-2026.xlsx",Detailed Estimates,33
2026-09-20,detailed_estimates,BMV:BIMBO A (Mex$),Consensus,EPS Normalized,,Std. Dev.,FY 2013,FY,2013,,2013-12-31,0.17344,,,0.17344,Mex$ per share,MXN,"filings/capitaliq/Estimates/Detailed Estimated/SPGlobal_GrupoBimbo,S.A.B.deC.V._DetailedEstimates_20-Sep-2026.xlsx",Detailed Estimates,33
2026-09-20,detailed_estimates,BMV:BIMBO A (Mex$),Consensus,EPS Normalized,,Std. Dev.,FQ1 2014,FQ,2014,1,2014-03-31,0.02055,,,0.02055,Mex$ per share,MXN,"filings/capitaliq/Estimates/Detailed Estimated/SPGlobal_GrupoBimbo,S.A.B.deC.V._DetailedEstimates_20-Sep-2026.xlsx",Detailed Estimates,33
2026-09-20,detailed_estimates,BMV:BIMBO A (Mex$),Consensus,EPS Normalized,,Std. Dev.,FQ2 2014,FQ,2014,2,2014-06-30,0.01118,,,0.01118,Mex$ per share,MXN,"filings/capitaliq/Estimates/Detailed Estimated/SPGlobal_GrupoBimbo,S.A.B.deC.V._DetailedEstimates_20-Sep-2026.xlsx",Detailed Estimates,33
2026-09-20,detailed_estimates,BMV:BIMBO A (Mex$),Consensus,EPS Normalized,,Std. Dev.,FQ3 2014,FQ,2014,3,2014-09-30,0.0469,,,0.0469,Mex$ per share,MXN,"filings/capitaliq/Estimates/Detailed Estimated/SPGlobal_GrupoBimbo,S.A.B.deC.V._DetailedEstimates_20-Sep-2026.xlsx",Detailed Estimates,33
2026-09-20,detailed_estimates,BMV:BIMBO A (Mex$),Consensus,EPS Normalized,,Std. Dev.,FQ4 2014,FQ,2014,4,2014-12-31,0.07495,,,0.07495,Mex$ per share,MXN,"filings/capitaliq/Estimates/Detailed Estimated/SPGlobal_GrupoBimbo,S.A.B.deC.V._DetailedEstimates_20-Sep-2026.xlsx",Detailed Estimates,33
2026-09-20,detailed_estimates,BMV:BIMBO A (Mex$),Consensus,EPS Normalized,,Std. Dev.,FY 2014,FY,2014,,2014-12-31,0.07182,,,0.07182,Mex$ per share,MXN,"filings/capitaliq/Estimates/Detailed Estimated/SPGlobal_GrupoBimbo,S.A.B.deC.V._DetailedEstimates_20-Sep-2026.xlsx",Detailed Estimates,33
2026-09-20,detailed_estimates,BMV:BIMBO A (Mex$),Consensus,EPS Normalized,,Std. Dev.,FQ1 2015,FQ,2015,1,2015-03-31,0.05875,,,0.05875,Mex$ per share,MXN,"filings/capitaliq/Estimates/Detailed Estimated/SPGlobal_GrupoBimbo,S.A.B.deC.V._DetailedEstimates_20-Sep-2026.xlsx",Detailed Estimates,33
2026-09-20,detailed_estimates,BMV:BIMBO A (Mex$),Consensus,EPS Normalized,,Std. Dev.,FQ2 2015,FQ,2015,2,2015-06-30,0.04219,,,0.04219,Mex$ per share,MXN,"filings/capitaliq/Estimates/Detailed Estimated/SPGlobal_GrupoBimbo,S.A.B.deC.V._DetailedEstimates_20-Sep-2026.xlsx",Detailed Estimates,33
2026-09-20,detailed_estimates,BMV:BIMBO A (Mex$),Consensus,EPS Normalized,,Std. Dev.,FQ3 2015,FQ,2015,3,2015-09-30,0.01725,,,0.01725,Mex$ per share,MXN,"filings/capitaliq/Estimates/Detailed Estimated/SPGlobal_GrupoBimbo,S.A.B.deC.V._DetailedEstimates_20-Sep-2026.xlsx",Detailed Estimates,33
2026-09-20,detailed_estimates,BMV:BIMBO A (Mex$),Consensus,EPS Normalized,,Std. Dev.,FQ4 2015,FQ,2015,4,2015-12-31,0.05294,,,0.05294,Mex$ per share,MXN,"filings/capitaliq/Estimates/Detailed Estimated/SPGlobal_GrupoBimbo,S.A.B.deC.V._DetailedEstimates_20-Sep-2026.xlsx",Detailed Estimates,33
2026-09-20,detailed_estimates,BMV:BIMBO A (Mex$),Consensus,EPS Normalized,,Std. Dev.,FY 2015,FY,2015,,2015-12-31,0.10148,,,0.10148,Mex$ per share,MXN,"filings/capitaliq/Estimates/Detailed Estimated/SPGlobal_GrupoBimbo,S.A.B.deC.V._DetailedEstimates_20-Sep-2026.xlsx",Detailed Estimates,33
2026-09-20,detailed_estimates,BMV:BIMBO A (Mex$),Consensus,EPS Normalized,,Std. Dev.,FQ1 2016,FQ,2016,1,2016-03-31,0.07036,,,0.07036,Mex$ per share,MXN,"filings/capitaliq/Estimates/Detailed Estimated/SPGlobal_GrupoBimbo,S.A.B.deC.V._DetailedEstimates_20-Sep-2026.xlsx",Detailed Estimates,33
2026-09-20,detailed_estimates,BMV:BIMBO A (Mex$),Consensus,EPS Normalized,,Std. Dev.,FQ2 2016,FQ,2016,2,2016-06-30,0.03455,,,0.03455,Mex$ per share,MXN,"filings/capitaliq/Estimates/Detailed Estimated/SPGlobal_GrupoBimbo,S.A.B.deC.V._DetailedEstimates_20-Sep-2026.xlsx",Detailed Estimates,33
2026-09-20,detailed_estimates,BMV:BIMBO A (Mex$),Consensus,EPS Normalized,,Std. Dev.,FQ3 2016,FQ,2016,3,2016-09-30,0.01876,,,0.01876,Mex$ per share,MXN,"filings/capitaliq/Estimates/Detailed Estimated/SPGlobal_GrupoBimbo,S.A.B.deC.V._DetailedEstimates_20-Sep-2026.xlsx",Detailed Estimates,33
2026-09-20,detailed_estimates,BMV:BIMBO A (Mex$),Consensus,EPS Normalized,,Std. Dev.,FQ4 2016,FQ,2016,4,2016-12-31,0.0735,,,0.0735,Mex$ per share,MXN,"filings/capitaliq/Estimates/Detailed Estimated/SPGlobal_GrupoBimbo,S.A.B.deC.V._DetailedEstimates_20-Sep-2026.xlsx",Detailed Estimates,33
2026-09-20,detailed_estimates,BMV:BIMBO A (Mex$),Consensus,EPS Normalized,,Std. Dev.,FY 2016,FY,2016,,2016-12-31,0.06859,,,0.06859,Mex$ per share,MXN,"filings/capitaliq/Estimates/Detailed Estimated/SPGlobal_GrupoBimbo,S.A.B.deC.V._DetailedEstimates_20-Sep-2026.xlsx",Detailed Estimates,33
2026-09-20,detailed_estimates,BMV:BIMBO A (Mex$),Consensus,EPS Normalized,,Std. Dev.,FQ1 2017,FQ,2017,1,2017-03-31,0.05332,,,0.05332,Mex$ per share,MXN,"filings/capitaliq/Estimates/Detailed Estimated/SPGlobal_GrupoBimbo,S.A.B.deC.V._DetailedEstimates_20-Sep-2026.xlsx",Detailed Estimates,33
2026-09-20,detailed_estimates,BMV:BIMBO A (Mex$),Consensus,EPS Normalized,,Std. Dev.,FQ2 2017,FQ,2017,2,2017-06-30,0.00884,,,0.00884,Mex$ per share,MXN,"filings/capitaliq/Estimates/Detailed Estimated/SPGlobal_GrupoBimbo,S.A.B.deC.V._DetailedEstimates_20-Sep-2026.xlsx",Detailed Estimates,33
2026-09-20,detailed_estimates,BMV:BIMBO A (Mex$),Consensus,EPS Normalized,,Std. Dev.,FQ3 2017,FQ,2017,3,2017-09-30,0.02364,,,0.02364,Mex$ per share,MXN,"filings/capitaliq/Estimates/Detailed Estimated/SPGlobal_GrupoBimbo,S.A.B.deC.V._DetailedEstimates_20-Sep-2026.xlsx",Detailed Estimates,33
2026-09-20,detailed_estimates,BMV:BIMBO A (Mex$),Consensus,EPS Normalized,,Std. Dev.,FQ4 2017,FQ,2017,4,2017-12-31,0.13183,,,0.13183,Mex$ per share,MXN,"filings/capitaliq/Estimates/Detailed Estimated/SPGlobal_GrupoBimbo,S.A.B.deC.V._DetailedEstimates_20-Sep-2026.xlsx",Detailed Estimates,33
2026-09-20,detailed_estimates,BMV:BIMBO A (Mex$),Consensus,EPS Normalized,,Std. Dev.,FY 2017,FY,2017,,2017-12-31,0.20575,,,0.20575,Mex$ per share,MXN,"filings/capitaliq/Estimates/Detailed Estimated/SPGlobal_GrupoBimbo,S.A.B.deC.V._DetailedEstimates_20-Sep-2026.xlsx",Detailed Estimates,33
2026-09-20,detailed_estimates,BMV:BIMBO A (Mex$),Consensus,EPS Normalized,,Std. Dev.,FQ1 2018,FQ,2018,1,2018-03-31,0.0277,,,0.0277,Mex$ per share,MXN,"filings/capitaliq/Estimates/Detailed Estimated/SPGlobal_GrupoBimbo,S.A.B.deC.V._DetailedEstimates_20-Sep-2026.xlsx",Detailed Estimates,33
2026-09-20,detailed_estimates,BMV:BIMBO A (Mex$),Consensus,EPS Normalized,,Std. Dev.,FQ2 2018,FQ,2018,2,2018-06-30,0.10237,,,0.10237,Mex$ per share,MXN,"filings/capitaliq/Estimates/Detailed Estimated/SPGlobal_GrupoBimbo,S.A.B.deC.V._DetailedEstimates_20-Sep-2026.xlsx",Detailed Estimates,33
2026-09-20,detailed_estimates,BMV:BIMBO A (Mex$),Consensus,EPS Normalized,,Std. Dev.,FQ3 2018,FQ,2018,3,2018-09-30,0.0509,,,0.0509,Mex$ per share,MXN,"filings/capitaliq/Estimates/Detailed Estimated/SPGlobal_GrupoBimbo,S.A.B.deC.V._DetailedEstimates_20-Sep-2026.xlsx",Detailed Estimates,33
2026-09-20,detailed_estimates,BMV:BIMBO A (Mex$),Consensus,EPS Normalized,,Std. Dev.,FQ4 2018,FQ,2018,4,2018-12-31,0.09054,,,0.09054,Mex$ per share,MXN,"filings/capitaliq/Estimates/Detailed Estimated/SPGlobal_GrupoBimbo,S.A.B.deC.V._DetailedEstimates_20-Sep-2026.xlsx",Detailed Estimates,33
2026-09-20,detailed_estimates,BMV:BIMBO A (Mex$),Consensus,EPS Normalized,,Std. Dev.,FY 2018,FY,2018,,2018-12-31,0.16393,,,0.16393,Mex$ per share,MXN,"filings/capitaliq/Estimates/Detailed Estimated/SPGlobal_GrupoBimbo,S.A.B.deC.V._DetailedEstimates_20-Sep-2026.xlsx",Detailed Estimates,33
2026-09-20,detailed_estimates,BMV:BIMBO A (Mex$),Consensus,EPS Normalized,,Std. Dev.,FQ1 2019,FQ,2019,1,2019-03-31,0.01989,,,0.01989,Mex$ per share,MXN,"filings/capitaliq/Estimates/Detailed Estimated/SPGlobal_GrupoBimbo,S.A.B.deC.V._DetailedEstimates_20-Sep-2026.xlsx",Detailed Estimates,33
2026-09-20,detailed_estimates,BMV:BIMBO A (Mex$),Consensus,EPS Normalized,,Std. Dev.,FQ2 2019,FQ,2019,2,2019-06-30,0.04376,,,0.04376,Mex$ per share,MXN,"filings/capitaliq/Estimates/Detailed Estimated/SPGlobal_GrupoBimbo,S.A.B.deC.V._DetailedEstimates_20-Sep-2026.xlsx",Detailed Estimates,33
2026-09-20,detailed_estimates,BMV:BIMBO A (Mex$),Consensus,EPS Normalized,,Std. Dev.,FQ3 2019,FQ,2019,3,2019-09-30,0.07511,,,0.07511,Mex$ per share,MXN,"filings/capitaliq/Estimates/Detailed Estimated/SPGlobal_GrupoBimbo,S.A.B.deC.V._DetailedEstimates_20-Sep-2026.xlsx",Detailed Estimates,33
2026-09-20,detailed_estimates,BMV:BIMBO A (Mex$),Consensus,EPS Normalized,,Std. Dev.,FQ4 2019,FQ,2019,4,2019-12-31,0.09069,,,0.09069,Mex$ per share,MXN,"filings/capitaliq/Estimates/Detailed Estimated/SPGlobal_GrupoBimbo,S.A.B.deC.V._DetailedEstimates_20-Sep-2026.xlsx",Detailed Estimates,33
2026-09-20,detailed_estimates,BMV:BIMBO A (Mex$),Consensus,EPS Normalized,,Std. Dev.,FY 2019,FY,2019,,2019-12-31,0.0876,,,0.0876,Mex$ per share,MXN,"filings/capitaliq/Estimates/Detailed Estimated/SPGlobal_GrupoBimbo,S.A.B.deC.V._DetailedEstimates_20-Sep-2026.xlsx",Detailed Estimates,33
2026-09-20,detailed_estimates,BMV:BIMBO A (Mex$),Consensus,EPS Normalized,,Std. Dev.,FQ1 2020,FQ,2020,1,2020-03-31,0.0851,,,0.0851,Mex$ per share,MXN,"filings/capitaliq/Estimates/Detailed Estimated/SPGlobal_GrupoBimbo,S.A.B.deC.V._DetailedEstimates_20-Sep-2026.xlsx",Detailed Estimates,33
2026-09-20,detailed_estimates,BMV:BIMBO A (Mex$),Consensus,EPS Normalized,,Std. Dev.,FQ2 2020,FQ,2020,2,2020-06-30,0.0205,,,0.0205,Mex$ per share,MXN,"filings/capitaliq/Estimates/Detailed Estimated/SPGlobal_GrupoBimbo,S.A.B.deC.V._DetailedEstimates_20-Sep-2026.xlsx",Detailed Estimates,33
2026-09-20,detailed_estimates,BMV:BIMBO A (Mex$),Consensus,EPS Normalized,,Std. Dev.,FQ3 2020,FQ,2020,3,2020-09-30,0.07251,,,0.07251,Mex$ per share,MXN,"filings/capitaliq/Estimates/Detailed Estimated/SPGlobal_GrupoBimbo,S.A.B.deC.V._DetailedEstimates_20-Sep-2026.xlsx",Detailed Estimates,33
2026-09-20,detailed_estimates,BMV:BIMBO A (Mex$),Consensus,EPS Normalized,,Std. Dev.,FQ4 2020,FQ,2020,4,2020-12-31,0.0901,,,0.0901,Mex$ per share,MXN,"filings/capitaliq/Estimates/Detailed Estimated/SPGlobal_GrupoBimbo,S.A.B.deC.V._DetailedEstimates_20-Sep-2026.xlsx",Detailed Estimates,33
2026-09-20,detailed_estimates,BMV:BIMBO A (Mex$),Consensus,EPS Normalized,,Std. Dev.,FY 2020,FY,2020,,2020-12-31,0.09737,,,0.09737,Mex$ per share,MXN,"filings/capitaliq/Estimates/Detailed Estimated/SPGlobal_GrupoBimbo,S.A.B.deC.V._DetailedEstimates_20-Sep-2026.xlsx",Detailed Estimates,33
2026-09-20,detailed_estimates,BMV:BIMBO A (Mex$),Consensus,EPS Normalized,,Std. Dev.,FQ1 2021,FQ,2021,1,2021-03-31,0.06957,,,0.06957,Mex$ per share,MXN,"filings/capitaliq/Estimates/Detailed Estimated/SPGlobal_GrupoBimbo,S.A.B.deC.V._DetailedEstimates_20-Sep-2026.xlsx",Detailed Estimates,33
2026-09-20,detailed_estimates,BMV:BIMBO A (Mex$),Consensus,EPS Normalized,,Std. Dev.,FQ2 2021,FQ,2021,2,2021-06-30,0.1194,,,0.1194,Mex$ per share,MXN,"filings/capitaliq/Estimates/Detailed Estimated/SPGlobal_GrupoBimbo,S.A.B.deC.V._DetailedEstimates_20-Sep-2026.xlsx",Detailed Estimates,33
2026-09-20,detailed_estimates,BMV:BIMBO A (Mex$),Consensus,EPS Normalized,,Std. Dev.,FQ3 2021,FQ,2021,3,2021-09-30,0.10393,,,0.10393,Mex$ per share,MXN,"filings/capitaliq/Estimates/Detailed Estimated/SPGlobal_GrupoBimbo,S.A.B.deC.V._DetailedEstimates_20-Sep-2026.xlsx",Detailed Estimates,33
2026-09-20,detailed_estimates,BMV:BIMBO A (Mex$),Consensus,EPS Normalized,,Std. Dev.,FQ4 2021,FQ,2021,4,2021-12-31,0.07868,,,0.07868,Mex$ per share,MXN,"filings/capitaliq/Estimates/Detailed Estimated/SPGlobal_GrupoBimbo,S.A.B.deC.V._DetailedEstimates_20-Sep-2026.xlsx",Detailed Estimates,33
2026-09-20,detailed_estimates,BMV:BIMBO A (Mex$),Consensus,EPS Normalized,,Std. Dev.,FY 2021,FY,2021,,2021-12-31,0.1089,,,0.1089,Mex$ per share,MXN,"filings/capitaliq/Estimates/Detailed Estimated/SPGlobal_GrupoBimbo,S.A.B.deC.V._DetailedEstimates_20-Sep-2026.xlsx",Detailed Estimates,33
2026-09-20,detailed_estimates,BMV:BIMBO A (Mex$),Consensus,EPS Normalized,,Std. Dev.,FQ1 2022,FQ,2022,1,2022-03-31,0.12529,,,0.12529,Mex$ per share,MXN,"filings/capitaliq/Estimates/Detailed Estimated/SPGlobal_GrupoBimbo,S.A.B.deC.V._DetailedEstimates_20-Sep-2026.xlsx",Detailed Estimates,33
2026-09-20,detailed_estimates,BMV:BIMBO A (Mex$),Consensus,EPS Normalized,,Std. Dev.,FQ2 2022,FQ,2022,2,2022-06-30,0.25179,,,0.25179,Mex$ per share,MXN,"filings/capitaliq/Estimates/Detailed Estimated/SPGlobal_GrupoBimbo,S.A.B.deC.V._DetailedEstimates_20-Sep-2026.xlsx",Detailed Estimates,33
2026-09-20,detailed_estimates,BMV:BIMBO A (Mex$),Consensus,EPS Normalized,,Std. Dev.,FQ3 2022,FQ,2022,3,2022-09-30,0.25577,,,0.25577,Mex$ per share,MXN,"filings/capitaliq/Estimates/Detailed Estimated/SPGlobal_GrupoBimbo,S.A.B.deC.V._DetailedEstimates_20-Sep-2026.xlsx",Detailed Estimates,33
2026-09-20,detailed_estimates,BMV:BIMBO A (Mex$),Consensus,EPS Normalized,,Std. Dev.,FQ4 2022,FQ,2022,4,2022-12-31,0.20155,,,0.20155,Mex$ per share,MXN,"filings/capitaliq/Estimates/Detailed Estimated/SPGlobal_GrupoBimbo,S.A.B.deC.V._DetailedEstimates_20-Sep-2026.xlsx",Detailed Estimates,33
2026-09-20,detailed_estimates,BMV:BIMBO A (Mex$),Consensus,EPS Normalized,,Std. Dev.,FY 2022,FY,2022,,2022-12-31,0.1518,,,0.1518,Mex$ per share,MXN,"filings/capitaliq/Estimates/Detailed Estimated/SPGlobal_GrupoBimbo,S.A.B.deC.V._DetailedEstimates_20-Sep-2026.xlsx",Detailed Estimates,33
2026-09-20,detailed_estimates,BMV:BIMBO A (Mex$),Consensus,EPS Normalized,,Std. Dev.,FQ1 2023,FQ,2023,1,2023-03-31,0.08329,,,0.08329,Mex$ per share,MXN,"filings/capitaliq/Estimates/Detailed Estimated/SPGlobal_GrupoBimbo,S.A.B.deC.V._DetailedEstimates_20-Sep-2026.xlsx",Detailed Estimates,33
2026-09-20,detailed_estimates,BMV:BIMBO A (Mex$),Consensus,EPS Normalized,,Std. Dev.,FQ2 2023,FQ,2023,2,2023-06-30,0.07983,,,0.07983,Mex$ per share,MXN,"filings/capitaliq/Estimates/Detailed Estimated/SPGlobal_GrupoBimbo,S.A.B.deC.V._DetailedEstimates_20-Sep-2026.xlsx",Detailed Estimates,33
2026-09-20,detailed_estimates,BMV:BIMBO A (Mex$),Consensus,EPS Normalized,,Std. Dev.,FQ3 2023,FQ,2023,3,2023-09-30,0.14378,,,0.14378,Mex$ per share,MXN,"filings/capitaliq/Estimates/Detailed Estimated/SPGlobal_GrupoBimbo,S.A.B.deC.V._DetailedEstimates_20-Sep-2026.xlsx",Detailed Estimates,33
2026-09-20,detailed_estimates,BMV:BIMBO A (Mex$),Consensus,EPS Normalized,,Std. Dev.,FQ4 2023,FQ,2023,4,2023-12-31,0.17442,,,0.17442,Mex$ per share,MXN,"filings/capitaliq/Estimates/Detailed Estimated/SPGlobal_GrupoBimbo,S.A.B.deC.V._DetailedEstimates_20-Sep-2026.xlsx",Detailed Estimates,33
2026-09-20,detailed_estimates,BMV:BIMBO A (Mex$),Consensus,EPS Normalized,,Std. Dev.,FY 2023,FY,2023,,2023-12-31,0.15137,,,0.15137,Mex$ per share,MXN,"filings/capitaliq/Estimates/Detailed Estimated/SPGlobal_GrupoBimbo,S.A.B.deC.V._DetailedEstimates_20-Sep-2026.xlsx",Detailed Estimates,33
2026-09-20,detailed_estimates,BMV:BIMBO A (Mex$),Consensus,EPS Normalized,,Std. Dev.,FQ1 2024,FQ,2024,1,2024-03-31,0.07263,,,0.07263,Mex$ per share,MXN,"filings/capitaliq/Estimates/Detailed Estimated/SPGlobal_GrupoBimbo,S.A.B.deC.V._DetailedEstimates_20-Sep-2026.xlsx",Detailed Estimates,33
2026-09-20,detailed_estimates,BMV:BIMBO A (Mex$),Consensus,EPS Normalized,,Std. Dev.,FQ2 2024,FQ,2024,2,2024-06-30,0.07624,,,0.07624,Mex$ per share,MXN,"filings/capitaliq/Estimates/Detailed Estimated/SPGlobal_GrupoBimbo,S.A.B.deC.V._DetailedEstimates_20-Sep-2026.xlsx",Detailed Estimates,33
2026-09-20,detailed_estimates,BMV:BIMBO A (Mex$),Consensus,EPS Normalized,,Std. Dev.,FQ3 2024,FQ,2024,3,2024-09-30,0.07385,,,0.07385,Mex$ per share,MXN,"filings/capitaliq/Estimates/Detailed Estimated/SPGlobal_GrupoBimbo,S.A.B.deC.V._DetailedEstimates_20-Sep-2026.xlsx",Detailed Estimates,33
2026-09-20,detailed_estimates,BMV:BIMBO A (Mex$),Consensus,EPS Normalized,,Std. Dev.,FQ4 2024,FQ,2024,4,2024-12-31,0.09363,,,0.09363,Mex$ per share,MXN,"filings/capitaliq/Estimates/Detailed Estimated/SPGlobal_GrupoBimbo,S.A.B.deC.V._DetailedEstimates_20-Sep-2026.xlsx",Detailed Estimates,33
2026-09-20,detailed_estimates,BMV:BIMBO A (Mex$),Consensus,EPS Normalized,,Std. Dev.,FY 2024,FY,2024,,2024-12-31,0.13908,,,0.13908,Mex$ per share,MXN,"filings/capitaliq/Estimates/Detailed Estimated/SPGlobal_GrupoBimbo,S.A.B.deC.V._DetailedEstimates_20-Sep-2026.xlsx",Detailed Estimates,33
2026-09-20,detailed_estimates,BMV:BIMBO A (Mex$),Consensus,EPS Normalized,,Std. Dev.,FQ1 2025,FQ,2025,1,2025-03-31,0.05895,,,0.05895,Mex$ per share,MXN,"filings/capitaliq/Estimates/Detailed Estimated/SPGlobal_GrupoBimbo,S.A.B.deC.V._DetailedEstimates_20-Sep-2026.xlsx",Detailed Estimates,33
2026-09-20,detailed_estimates,BMV:BIMBO A (Mex$),Consensus,EPS Normalized,,Std. Dev.,FQ2 2025,FQ,2025,2,2025-06-30,0.07338,,,0.07338,Mex$ per share,MXN,"filings/capitaliq/Estimates/Detailed Estimated/SPGlobal_GrupoBimbo,S.A.B.deC.V._DetailedEstimates_20-Sep-2026.xlsx",Detailed Estimates,33
2026-09-20,detailed_estimates,BMV:BIMBO A (Mex$),Consensus,EPS Normalized,,Std. Dev.,FQ3 2025,FQ,2025,3,2025-09-30,0.06469,,,0.06469,Mex$ per share,MXN,"filings/capitaliq/Estimates/Detailed Estimated/SPGlobal_GrupoBimbo,S.A.B.deC.V._DetailedEstimates_20-Sep-2026.xlsx",Detailed Estimates,33
2026-09-20,detailed_estimates,BMV:BIMBO A (Mex$),Consensus,EPS Normalized,,Std. Dev.,FQ4 2025,FQ,2025,4,2025-12-31,0.13847,,,0.13847,Mex$ per share,MXN,"filings/capitaliq/Estimates/Detailed Estimated/SPGlobal_GrupoBimbo,S.A.B.deC.V._DetailedEstimates_20-Sep-2026.xlsx",Detailed Estimates,33
2026-09-20,detailed_estimates,BMV:BIMBO A (Mex$),Consensus,EPS Normalized,,Std. Dev.,FY 2025,FY,2025,,2025-12-31,0.09016,,,0.09016,Mex$ per share,MXN,"filings/capitaliq/Estimates/Detailed Estimated/SPGlobal_GrupoBimbo,S.A.B.deC.V._DetailedEstimates_20-Sep-2026.xlsx",Detailed Estimates,33
2026-09-20,detailed_estimates,BMV:BIMBO A (Mex$),Consensus,EPS Normalized,,Std. Dev.,FQ1 2026,FQ,2026,1,2026-03-31,0.08246,,,0.08246,Mex$ per share,MXN,"filings/capitaliq/Estimates/Detailed Estimated/SPGlobal_GrupoBimbo,S.A.B.deC.V._DetailedEstimates_20-Sep-2026.xlsx",Detailed Estimates,33
2026-09-20,detailed_estimates,BMV:BIMBO A (Mex$),Consensus,EPS Normalized,,Std. Dev.,FQ2 2026,FQ,2026,2,2026-06-30,0.02933,,,0.02933,Mex$ per share,MXN,"filings/capitaliq/Estimates/Detailed Estimated/SPGlobal_GrupoBimbo,S.A.B.deC.V._DetailedEstimates_20-Sep-2026.xlsx",Detailed Estimates,33
2026-09-20,detailed_estimates,BMV:BIMBO A (Mex$),Consensus,EPS Normalized,,Std. Dev.,FQ3 2026,FQ,2026,3,2026-09-30,0.04276,,,0.04276,Mex$ per share,MXN,"filings/capitaliq/Estimates/Detailed Estimated/SPGlobal_GrupoBimbo,S.A.B.deC.V._DetailedEstimates_20-Sep-2026.xlsx",Detailed Estimates,33
2026-09-20,detailed_estimates,BMV:BIMBO A (Mex$),Consensus,EPS Normalized,,Std. Dev.,FQ4 2026,FQ,2026,4,2026-12-31,0.0478,,,0.0478,Mex$ per share,MXN,"filings/capitaliq/Estimates/Detailed Estimated/SPGlobal_GrupoBimbo,S.A.B.deC.V._DetailedEstimates_20-Sep-2026.xlsx",Detailed Estimates,33
2026-09-20,detailed_estimates,BMV:BIMBO A (Mex$),Consensus,EPS Normalized,,Std. Dev.,FY 2026,FY,2026,,2026-12-31,0.09525,,,0.09525,Mex$ per share,MXN,"filings/capitaliq/Estimates/Detailed Estimated/SPGlobal_GrupoBimbo,S.A.B.deC.V._DetailedEstimates_20-Sep-2026.xlsx",Detailed Estimates,33
2026-09-20,detailed_estimates,BMV:BIMBO A (Mex$),Consensus,EPS Normalized,,Std. Dev.,FQ1 2027,FQ,2027,1,2027-03-31,0,,,0,Mex$ per share,MXN,"filings/capitaliq/Estimates/Detailed Estimated/SPGlobal_GrupoBimbo,S.A.B.deC.V._DetailedEstimates_20-Sep-2026.xlsx",Detailed Estimates,33
2026-09-20,detailed_estimates,BMV:BIMBO A (Mex$),Consensus,EPS Normalized,,Std. Dev.,FQ2 2027,FQ,2027,2,2027-06-30,0,,,0,Mex$ per share,MXN,"filings/capitaliq/Estimates/Detailed Estimated/SPGlobal_GrupoBimbo,S.A.B.deC.V._DetailedEstimates_20-Sep-2026.xlsx",Detailed Estimates,33
2026-09-20,detailed_estimates,BMV:BIMBO A (Mex$),Consensus,EPS Normalized,,Std. Dev.,FQ3 2027,FQ,2027,3,2027-09-30,0,,,0,Mex$ per share,MXN,"filings/capitaliq/Estimates/Detailed Estimated/SPGlobal_GrupoBimbo,S.A.B.deC.V._DetailedEstimates_20-Sep-2026.xlsx",Detailed Estimates,33
2026-09-20,detailed_estimates,BMV:BIMBO A (Mex$),Consensus,EPS Normalized,,Std. Dev.,FQ4 2027,FQ,2027,4,2027-12-31,0,,,0,Mex$ per share,MXN,"filings/capitaliq/Estimates/Detailed Estimated/SPGlobal_GrupoBimbo,S.A.B.deC.V._DetailedEstimates_20-Sep-2026.xlsx",Detailed Estimates,33
2026-09-20,detailed_estimates,BMV:BIMBO A (Mex$),Consensus,EPS Normalized,,Std. Dev.,FY 2027,FY,2027,,2027-12-31,0.24813,,,0.24813,Mex$ per share,MXN,"filings/capitaliq/Estimates/Detailed Estimated/SPGlobal_GrupoBimbo,S.A.B.deC.V._DetailedEstimates_20-Sep-2026.xlsx",Detailed Estimates,33
2026-09-20,detailed_estimates,BMV:BIMBO A (Mex$),Consensus,EPS Normalized,,Std. Dev.,FY 2028,FY,2028,,2028-12-31,0.35504,,,0.35504,Mex$ per share,MXN,"filings/capitaliq/Estimates/Detailed Estimated/SPGlobal_GrupoBimbo,S.A.B.deC.V._DetailedEstimates_20-Sep-2026.xlsx",Detailed Estimates,33
2026-09-20,detailed_estimates,BMV:BIMBO A (Mex$),Consensus,EPS Normalized,,Std. Dev.,FY 2029,FY,2029,,2029-12-31,0.28,,,0.28,Mex$ per share,MXN,"filings/capitaliq/Estimates/Detailed Estimated/SPGlobal_GrupoBimbo,S.A.B.deC.V._DetailedEstimates_20-Sep-2026.xlsx",Detailed Estimates,33
2026-09-20,detailed_estimates,BMV:BIMBO A (Mex$),Consensus,EPS Normalized,,Std. Dev.,FY 2030,FY,2030,,2030-12-31,0.28,,,0.28,Mex$ per share,MXN,"filings/capitaliq/Estimates/Detailed Estimated/SPGlobal_GrupoBimbo,S.A.B.deC.V._DetailedEstimates_20-Sep-2026.xlsx",Detailed Estimates,33
2026-09-20,detailed_estimates,BMV:BIMBO A (Mex$),Consensus,EPS Normalized,,Std. Dev.,FY 2031,FY,2031,,2031-12-31,0,,,0,Mex$ per share,MXN,"filings/capitaliq/Estimates/Detailed Estimated/SPGlobal_GrupoBimbo,S.A.B.deC.V._DetailedEstimates_20-Sep-2026.xlsx",Detailed Estimates,33
2026-09-20,detailed_estimates,BMV:BIMBO A (Mex$),Consensus,EPS Normalized,,# of Est. Includ./Avail.,FY 1998,FY,1998,,1998-12-31,,,text,3/3,analysts (included/available),MXN,"filings/capitaliq/Estimates/Detailed Estimated/SPGlobal_GrupoBimbo,S.A.B.deC.V._DetailedEstimates_20-Sep-2026.xlsx",Detailed Estimates,34
2026-09-20,detailed_estimates,BMV:BIMBO A (Mex$),Consensus,EPS Normalized,,# of Est. Includ./Avail.,FY 1999,FY,1999,,1999-12-31,,,text,3/3,analysts (included/available),MXN,"filings/capitaliq/Estimates/Detailed Estimated/SPGlobal_GrupoBimbo,S.A.B.deC.V._DetailedEstimates_20-Sep-2026.xlsx",Detailed Estimates,34
2026-09-20,detailed_estimates,BMV:BIMBO A (Mex$),Consensus,EPS Normalized,,# of Est. Includ./Avail.,FY 2000,FY,2000,,2000-12-31,,,text,4/4,analysts (included/available),MXN,"filings/capitaliq/Estimates/Detailed Estimated/SPGlobal_GrupoBimbo,S.A.B.deC.V._DetailedEstimates_20-Sep-2026.xlsx",Detailed Estimates,34
2026-09-20,detailed_estimates,BMV:BIMBO A (Mex$),Consensus,EPS Normalized,,# of Est. Includ./Avail.,FY 2001,FY,2001,,2001-12-31,,,text,3/3,analysts (included/available),MXN,"filings/capitaliq/Estimates/Detailed Estimated/SPGlobal_GrupoBimbo,S.A.B.deC.V._DetailedEstimates_20-Sep-2026.xlsx",Detailed Estimates,34
2026-09-20,detailed_estimates,BMV:BIMBO A (Mex$),Consensus,EPS Normalized,,# of Est. Includ./Avail.,FY 2002,FY,2002,,2002-12-31,,,text,4/4,analysts (included/available),MXN,"filings/capitaliq/Estimates/Detailed Estimated/SPGlobal_GrupoBimbo,S.A.B.deC.V._DetailedEstimates_20-Sep-2026.xlsx",Detailed Estimates,34
2026-09-20,detailed_estimates,BMV:BIMBO A (Mex$),Consensus,EPS Normalized,,# of Est. Includ./Avail.,FY 2003,FY,2003,,2003-12-31,,,text,2/2,analysts (included/available),MXN,"filings/capitaliq/Estimates/Detailed Estimated/SPGlobal_GrupoBimbo,S.A.B.deC.V._DetailedEstimates_20-Sep-2026.xlsx",Detailed Estimates,34
2026-09-20,detailed_estimates,BMV:BIMBO A (Mex$),Consensus,EPS Normalized,,# of Est. Includ./Avail.,FQ3 2004,FQ,2004,3,2004-09-30,,,text,3/3,analysts (included/available),MXN,"filings/capitaliq/Estimates/Detailed Estimated/SPGlobal_GrupoBimbo,S.A.B.deC.V._DetailedEstimates_20-Sep-2026.xlsx",Detailed Estimates,34
2026-09-20,detailed_estimates,BMV:BIMBO A (Mex$),Consensus,EPS Normalized,,# of Est. Includ./Avail.,FQ4 2004,FQ,2004,4,2004-12-31,,,text,2/2,analysts (included/available),MXN,"filings/capitaliq/Estimates/Detailed Estimated/SPGlobal_GrupoBimbo,S.A.B.deC.V._DetailedEstimates_20-Sep-2026.xlsx",Detailed Estimates,34
2026-09-20,detailed_estimates,BMV:BIMBO A (Mex$),Consensus,EPS Normalized,,# of Est. Includ./Avail.,FY 2004,FY,2004,,2004-12-31,,,text,4/4,analysts (included/available),MXN,"filings/capitaliq/Estimates/Detailed Estimated/SPGlobal_GrupoBimbo,S.A.B.deC.V._DetailedEstimates_20-Sep-2026.xlsx",Detailed Estimates,34
2026-09-20,detailed_estimates,BMV:BIMBO A (Mex$),Consensus,EPS Normalized,,# of Est. Includ./Avail.,FQ1 2005,FQ,2005,1,2005-03-31,,,text,2/2,analysts (included/available),MXN,"filings/capitaliq/Estimates/Detailed Estimated/SPGlobal_GrupoBimbo,S.A.B.deC.V._DetailedEstimates_20-Sep-2026.xlsx",Detailed Estimates,34
2026-09-20,detailed_estimates,BMV:BIMBO A (Mex$),Consensus,EPS Normalized,,# of Est. Includ./Avail.,FQ2 2005,FQ,2005,2,2005-06-30,,,text,4/4,analysts (included/available),MXN,"filings/capitaliq/Estimates/Detailed Estimated/SPGlobal_GrupoBimbo,S.A.B.deC.V._DetailedEstimates_20-Sep-2026.xlsx",Detailed Estimates,34
2026-09-20,detailed_estimates,BMV:BIMBO A (Mex$),Consensus,EPS Normalized,,# of Est. Includ./Avail.,FQ3 2005,FQ,2005,3,2005-09-30,,,text,3/3,analysts (included/available),MXN,"filings/capitaliq/Estimates/Detailed Estimated/SPGlobal_GrupoBimbo,S.A.B.deC.V._DetailedEstimates_20-Sep-2026.xlsx",Detailed Estimates,34
2026-09-20,detailed_estimates,BMV:BIMBO A (Mex$),Consensus,EPS Normalized,,# of Est. Includ./Avail.,FQ4 2005,FQ,2005,4,2005-12-31,,,text,3/3,analysts (included/available),MXN,"filings/capitaliq/Estimates/Detailed Estimated/SPGlobal_GrupoBimbo,S.A.B.deC.V._DetailedEstimates_20-Sep-2026.xlsx",Detailed Estimates,34
2026-09-20,detailed_estimates,BMV:BIMBO A (Mex$),Consensus,EPS Normalized,,# of Est. Includ./Avail.,FY 2005,FY,2005,,2005-12-31,,,text,5/5,analysts (included/available),MXN,"filings/capitaliq/Estimates/Detailed Estimated/SPGlobal_GrupoBimbo,S.A.B.deC.V._DetailedEstimates_20-Sep-2026.xlsx",Detailed Estimates,34
2026-09-20,detailed_estimates,BMV:BIMBO A (Mex$),Consensus,EPS Normalized,,# of Est. Includ./Avail.,FQ1 2006,FQ,2006,1,2006-03-31,,,text,4/4,analysts (included/available),MXN,"filings/capitaliq/Estimates/Detailed Estimated/SPGlobal_GrupoBimbo,S.A.B.deC.V._DetailedEstimates_20-Sep-2026.xlsx",Detailed Estimates,34
2026-09-20,detailed_estimates,BMV:BIMBO A (Mex$),Consensus,EPS Normalized,,# of Est. Includ./Avail.,FQ2 2006,FQ,2006,2,2006-06-30,,,text,3/3,analysts (included/available),MXN,"filings/capitaliq/Estimates/Detailed Estimated/SPGlobal_GrupoBimbo,S.A.B.deC.V._DetailedEstimates_20-Sep-2026.xlsx",Detailed Estimates,34
2026-09-20,detailed_estimates,BMV:BIMBO A (Mex$),Consensus,EPS Normalized,,# of Est. Includ./Avail.,FQ3 2006,FQ,2006,3,2006-09-30,,,text,2/2,analysts (included/available),MXN,"filings/capitaliq/Estimates/Detailed Estimated/SPGlobal_GrupoBimbo,S.A.B.deC.V._DetailedEstimates_20-Sep-2026.xlsx",Detailed Estimates,34
2026-09-20,detailed_estimates,BMV:BIMBO A (Mex$),Consensus,EPS Normalized,,# of Est. Includ./Avail.,FQ4 2006,FQ,2006,4,2006-12-31,,,text,2/2,analysts (included/available),MXN,"filings/capitaliq/Estimates/Detailed Estimated/SPGlobal_GrupoBimbo,S.A.B.deC.V._DetailedEstimates_20-Sep-2026.xlsx",Detailed Estimates,34
2026-09-20,detailed_estimates,BMV:BIMBO A (Mex$),Consensus,EPS Normalized,,# of Est. Includ./Avail.,FY 2006,FY,2006,,2006-12-31,,,text,5/5,analysts (included/available),MXN,"filings/capitaliq/Estimates/Detailed Estimated/SPGlobal_GrupoBimbo,S.A.B.deC.V._DetailedEstimates_20-Sep-2026.xlsx",Detailed Estimates,34
2026-09-20,detailed_estimates,BMV:BIMBO A (Mex$),Consensus,EPS Normalized,,# of Est. Includ./Avail.,FQ1 2007,FQ,2007,1,2007-03-31,,,text,2/2,analysts (included/available),MXN,"filings/capitaliq/Estimates/Detailed Estimated/SPGlobal_GrupoBimbo,S.A.B.deC.V._DetailedEstimates_20-Sep-2026.xlsx",Detailed Estimates,34
2026-09-20,detailed_estimates,BMV:BIMBO A (Mex$),Consensus,EPS Normalized,,# of Est. Includ./Avail.,FQ2 2007,FQ,2007,2,2007-06-30,,,text,5/5,analysts (included/available),MXN,"filings/capitaliq/Estimates/Detailed Estimated/SPGlobal_GrupoBimbo,S.A.B.deC.V._DetailedEstimates_20-Sep-2026.xlsx",Detailed Estimates,34
2026-09-20,detailed_estimates,BMV:BIMBO A (Mex$),Consensus,EPS Normalized,,# of Est. Includ./Avail.,FQ3 2007,FQ,2007,3,2007-09-30,,,text,4/4,analysts (included/available),MXN,"filings/capitaliq/Estimates/Detailed Estimated/SPGlobal_GrupoBimbo,S.A.B.deC.V._DetailedEstimates_20-Sep-2026.xlsx",Detailed Estimates,34
2026-09-20,detailed_estimates,BMV:BIMBO A (Mex$),Consensus,EPS Normalized,,# of Est. Includ./Avail.,FQ4 2007,FQ,2007,4,2007-12-31,,,text,4/4,analysts (included/available),MXN,"filings/capitaliq/Estimates/Detailed Estimated/SPGlobal_GrupoBimbo,S.A.B.deC.V._DetailedEstimates_20-Sep-2026.xlsx",Detailed Estimates,34
2026-09-20,detailed_estimates,BMV:BIMBO A (Mex$),Consensus,EPS Normalized,,# of Est. Includ./Avail.,FY 2007,FY,2007,,2007-12-31,,,text,6/6,analysts (included/available),MXN,"filings/capitaliq/Estimates/Detailed Estimated/SPGlobal_GrupoBimbo,S.A.B.deC.V._DetailedEstimates_20-Sep-2026.xlsx",Detailed Estimates,34
2026-09-20,detailed_estimates,BMV:BIMBO A (Mex$),Consensus,EPS Normalized,,# of Est. Includ./Avail.,FQ1 2008,FQ,2008,1,2008-03-31,,,text,3/3,analysts (included/available),MXN,"filings/capitaliq/Estimates/Detailed Estimated/SPGlobal_GrupoBimbo,S.A.B.deC.V._DetailedEstimates_20-Sep-2026.xlsx",Detailed Estimates,34
2026-09-20,detailed_estimates,BMV:BIMBO A (Mex$),Consensus,EPS Normalized,,# of Est. Includ./Avail.,FQ2 2008,FQ,2008,2,2008-06-30,,,text,2/2,analysts (included/available),MXN,"filings/capitaliq/Estimates/Detailed Estimated/SPGlobal_GrupoBimbo,S.A.B.deC.V._DetailedEstimates_20-Sep-2026.xlsx",Detailed Estimates,34
2026-09-20,detailed_estimates,BMV:BIMBO A (Mex$),Consensus,EPS Normalized,,# of Est. Includ./Avail.,FQ3 2008,FQ,2008,3,2008-09-30,,,text,1/1,analysts (included/available),MXN,"filings/capitaliq/Estimates/Detailed Estimated/SPGlobal_GrupoBimbo,S.A.B.deC.V._DetailedEstimates_20-Sep-2026.xlsx",Detailed Estimates,34
2026-09-20,detailed_estimates,BMV:BIMBO A (Mex$),Consensus,EPS Normalized,,# of Est. Includ./Avail.,FQ4 2008,FQ,2008,4,2008-12-31,,,text,1/1,analysts (included/available),MXN,"filings/capitaliq/Estimates/Detailed Estimated/SPGlobal_GrupoBimbo,S.A.B.deC.V._DetailedEstimates_20-Sep-2026.xlsx",Detailed Estimates,34
2026-09-20,detailed_estimates,BMV:BIMBO A (Mex$),Consensus,EPS Normalized,,# of Est. Includ./Avail.,FY 2008,FY,2008,,2008-12-31,,,text,5/5,analysts (included/available),MXN,"filings/capitaliq/Estimates/Detailed Estimated/SPGlobal_GrupoBimbo,S.A.B.deC.V._DetailedEstimates_20-Sep-2026.xlsx",Detailed Estimates,34
2026-09-20,detailed_estimates,BMV:BIMBO A (Mex$),Consensus,EPS Normalized,,# of Est. Includ./Avail.,FQ1 2009,FQ,2009,1,2009-03-31,,,text,1/1,analysts (included/available),MXN,"filings/capitaliq/Estimates/Detailed Estimated/SPGlobal_GrupoBimbo,S.A.B.deC.V._DetailedEstimates_20-Sep-2026.xlsx",Detailed Estimates,34
2026-09-20,detailed_estimates,BMV:BIMBO A (Mex$),Consensus,EPS Normalized,,# of Est. Includ./Avail.,FQ3 2009,FQ,2009,3,2009-09-30,,,text,2/2,analysts (included/available),MXN,"filings/capitaliq/Estimates/Detailed Estimated/SPGlobal_GrupoBimbo,S.A.B.deC.V._DetailedEstimates_20-Sep-2026.xlsx",Detailed Estimates,34
2026-09-20,detailed_estimates,BMV:BIMBO A (Mex$),Consensus,EPS Normalized,,# of Est. Includ./Avail.,FQ4 2009,FQ,2009,4,2009-12-31,,,text,2/2,analysts (included/available),MXN,"filings/capitaliq/Estimates/Detailed Estimated/SPGlobal_GrupoBimbo,S.A.B.deC.V._DetailedEstimates_20-Sep-2026.xlsx",Detailed Estimates,34
2026-09-20,detailed_estimates,BMV:BIMBO A (Mex$),Consensus,EPS Normalized,,# of Est. Includ./Avail.,FY 2009,FY,2009,,2009-12-31,,,text,6/6,analysts (included/available),MXN,"filings/capitaliq/Estimates/Detailed Estimated/SPGlobal_GrupoBimbo,S.A.B.deC.V._DetailedEstimates_20-Sep-2026.xlsx",Detailed Estimates,34
2026-09-20,detailed_estimates,BMV:BIMBO A (Mex$),Consensus,EPS Normalized,,# of Est. Includ./Avail.,FQ2 2010,FQ,2010,2,2010-06-30,,,text,1/1,analysts (included/available),MXN,"filings/capitaliq/Estimates/Detailed Estimated/SPGlobal_GrupoBimbo,S.A.B.deC.V._DetailedEstimates_20-Sep-2026.xlsx",Detailed Estimates,34
2026-09-20,detailed_estimates,BMV:BIMBO A (Mex$),Consensus,EPS Normalized,,# of Est. Includ./Avail.,FQ3 2010,FQ,2010,3,2010-09-30,,,text,1/1,analysts (included/available),MXN,"filings/capitaliq/Estimates/Detailed Estimated/SPGlobal_GrupoBimbo,S.A.B.deC.V._DetailedEstimates_20-Sep-2026.xlsx",Detailed Estimates,34
2026-09-20,detailed_estimates,BMV:BIMBO A (Mex$),Consensus,EPS Normalized,,# of Est. Includ./Avail.,FQ4 2010,FQ,2010,4,2010-12-31,,,text,2/2,analysts (included/available),MXN,"filings/capitaliq/Estimates/Detailed Estimated/SPGlobal_GrupoBimbo,S.A.B.deC.V._DetailedEstimates_20-Sep-2026.xlsx",Detailed Estimates,34
2026-09-20,detailed_estimates,BMV:BIMBO A (Mex$),Consensus,EPS Normalized,,# of Est. Includ./Avail.,FY 2010,FY,2010,,2010-12-31,,,text,3/3,analysts (included/available),MXN,"filings/capitaliq/Estimates/Detailed Estimated/SPGlobal_GrupoBimbo,S.A.B.deC.V._DetailedEstimates_20-Sep-2026.xlsx",Detailed Estimates,34
2026-09-20,detailed_estimates,BMV:BIMBO A (Mex$),Consensus,EPS Normalized,,# of Est. Includ./Avail.,FQ2 2011,FQ,2011,2,2011-06-30,,,text,1/1,analysts (included/available),MXN,"filings/capitaliq/Estimates/Detailed Estimated/SPGlobal_GrupoBimbo,S.A.B.deC.V._DetailedEstimates_20-Sep-2026.xlsx",Detailed Estimates,34
2026-09-20,detailed_estimates,BMV:BIMBO A (Mex$),Consensus,EPS Normalized,,# of Est. Includ./Avail.,FQ3 2011,FQ,2011,3,2011-09-30,,,text,1/1,analysts (included/available),MXN,"filings/capitaliq/Estimates/Detailed Estimated/SPGlobal_GrupoBimbo,S.A.B.deC.V._DetailedEstimates_20-Sep-2026.xlsx",Detailed Estimates,34
2026-09-20,detailed_estimates,BMV:BIMBO A (Mex$),Consensus,EPS Normalized,,# of Est. Includ./Avail.,FY 2011,FY,2011,,2011-12-31,,,text,3/3,analysts (included/available),MXN,"filings/capitaliq/Estimates/Detailed Estimated/SPGlobal_GrupoBimbo,S.A.B.deC.V._DetailedEstimates_20-Sep-2026.xlsx",Detailed Estimates,34
2026-09-20,detailed_estimates,BMV:BIMBO A (Mex$),Consensus,EPS Normalized,,# of Est. Includ./Avail.,FQ4 2012,FQ,2012,4,2012-12-31,,,text,2/2,analysts (included/available),MXN,"filings/capitaliq/Estimates/Detailed Estimated/SPGlobal_GrupoBimbo,S.A.B.deC.V._DetailedEstimates_20-Sep-2026.xlsx",Detailed Estimates,34
2026-09-20,detailed_estimates,BMV:BIMBO A (Mex$),Consensus,EPS Normalized,,# of Est. Includ./Avail.,FY 2012,FY,2012,,2012-12-31,,,text,5/5,analysts (included/available),MXN,"filings/capitaliq/Estimates/Detailed Estimated/SPGlobal_GrupoBimbo,S.A.B.deC.V._DetailedEstimates_20-Sep-2026.xlsx",Detailed Estimates,34
2026-09-20,detailed_estimates,BMV:BIMBO A (Mex$),Consensus,EPS Normalized,,# of Est. Includ./Avail.,FQ1 2013,FQ,2013,1,2013-03-31,,,text,2/2,analysts (included/available),MXN,"filings/capitaliq/Estimates/Detailed Estimated/SPGlobal_GrupoBimbo,S.A.B.deC.V._DetailedEstimates_20-Sep-2026.xlsx",Detailed Estimates,34
2026-09-20,detailed_estimates,BMV:BIMBO A (Mex$),Consensus,EPS Normalized,,# of Est. Includ./Avail.,FQ2 2013,FQ,2013,2,2013-06-30,,,text,2/2,analysts (included/available),MXN,"filings/capitaliq/Estimates/Detailed Estimated/SPGlobal_GrupoBimbo,S.A.B.deC.V._DetailedEstimates_20-Sep-2026.xlsx",Detailed Estimates,34
2026-09-20,detailed_estimates,BMV:BIMBO A (Mex$),Consensus,EPS Normalized,,# of Est. Includ./Avail.,FQ3 2013,FQ,2013,3,2013-09-30,,,text,1/2,analysts (included/available),MXN,"filings/capitaliq/Estimates/Detailed Estimated/SPGlobal_GrupoBimbo,S.A.B.deC.V._DetailedEstimates_20-Sep-2026.xlsx",Detailed Estimates,34
2026-09-20,detailed_estimates,BMV:BIMBO A (Mex$),Consensus,EPS Normalized,,# of Est. Includ./Avail.,FQ4 2013,FQ,2013,4,2013-12-31,,,text,2/2,analysts (included/available),MXN,"filings/capitaliq/Estimates/Detailed Estimated/SPGlobal_GrupoBimbo,S.A.B.deC.V._DetailedEstimates_20-Sep-2026.xlsx",Detailed Estimates,34
2026-09-20,detailed_estimates,BMV:BIMBO A (Mex$),Consensus,EPS Normalized,,# of Est. Includ./Avail.,FY 2013,FY,2013,,2013-12-31,,,text,7/7,analysts (included/available),MXN,"filings/capitaliq/Estimates/Detailed Estimated/SPGlobal_GrupoBimbo,S.A.B.deC.V._DetailedEstimates_20-Sep-2026.xlsx",Detailed Estimates,34
2026-09-20,detailed_estimates,BMV:BIMBO A (Mex$),Consensus,EPS Normalized,,# of Est. Includ./Avail.,FQ1 2014,FQ,2014,1,2014-03-31,,,text,3/3,analysts (included/available),MXN,"filings/capitaliq/Estimates/Detailed Estimated/SPGlobal_GrupoBimbo,S.A.B.deC.V._DetailedEstimates_20-Sep-2026.xlsx",Detailed Estimates,34
2026-09-20,detailed_estimates,BMV:BIMBO A (Mex$),Consensus,EPS Normalized,,# of Est. Includ./Avail.,FQ2 2014,FQ,2014,2,2014-06-30,,,text,4/4,analysts (included/available),MXN,"filings/capitaliq/Estimates/Detailed Estimated/SPGlobal_GrupoBimbo,S.A.B.deC.V._DetailedEstimates_20-Sep-2026.xlsx",Detailed Estimates,34
2026-09-20,detailed_estimates,BMV:BIMBO A (Mex$),Consensus,EPS Normalized,,# of Est. Includ./Avail.,FQ3 2014,FQ,2014,3,2014-09-30,,,text,6/6,analysts (included/available),MXN,"filings/capitaliq/Estimates/Detailed Estimated/SPGlobal_GrupoBimbo,S.A.B.deC.V._DetailedEstimates_20-Sep-2026.xlsx",Detailed Estimates,34
2026-09-20,detailed_estimates,BMV:BIMBO A (Mex$),Consensus,EPS Normalized,,# of Est. Includ./Avail.,FQ4 2014,FQ,2014,4,2014-12-31,,,text,6/6,analysts (included/available),MXN,"filings/capitaliq/Estimates/Detailed Estimated/SPGlobal_GrupoBimbo,S.A.B.deC.V._DetailedEstimates_20-Sep-2026.xlsx",Detailed Estimates,34
2026-09-20,detailed_estimates,BMV:BIMBO A (Mex$),Consensus,EPS Normalized,,# of Est. Includ./Avail.,FY 2014,FY,2014,,2014-12-31,,,text,11/11,analysts (included/available),MXN,"filings/capitaliq/Estimates/Detailed Estimated/SPGlobal_GrupoBimbo,S.A.B.deC.V._DetailedEstimates_20-Sep-2026.xlsx",Detailed Estimates,34
2026-09-20,detailed_estimates,BMV:BIMBO A (Mex$),Consensus,EPS Normalized,,# of Est. Includ./Avail.,FQ1 2015,FQ,2015,1,2015-03-31,,,text,4/6,analysts (included/available),MXN,"filings/capitaliq/Estimates/Detailed Estimated/SPGlobal_GrupoBimbo,S.A.B.deC.V._DetailedEstimates_20-Sep-2026.xlsx",Detailed Estimates,34
2026-09-20,detailed_estimates,BMV:BIMBO A (Mex$),Consensus,EPS Normalized,,# of Est. Includ./Avail.,FQ2 2015,FQ,2015,2,2015-06-30,,,text,7/7,analysts (included/available),MXN,"filings/capitaliq/Estimates/Detailed Estimated/SPGlobal_GrupoBimbo,S.A.B.deC.V._DetailedEstimates_20-Sep-2026.xlsx",Detailed Estimates,34
2026-09-20,detailed_estimates,BMV:BIMBO A (Mex$),Consensus,EPS Normalized,,# of Est. Includ./Avail.,FQ3 2015,FQ,2015,3,2015-09-30,,,text,7/7,analysts (included/available),MXN,"filings/capitaliq/Estimates/Detailed Estimated/SPGlobal_GrupoBimbo,S.A.B.deC.V._DetailedEstimates_20-Sep-2026.xlsx",Detailed Estimates,34
2026-09-20,detailed_estimates,BMV:BIMBO A (Mex$),Consensus,EPS Normalized,,# of Est. Includ./Avail.,FQ4 2015,FQ,2015,4,2015-12-31,,,text,6/6,analysts (included/available),MXN,"filings/capitaliq/Estimates/Detailed Estimated/SPGlobal_GrupoBimbo,S.A.B.deC.V._DetailedEstimates_20-Sep-2026.xlsx",Detailed Estimates,34
2026-09-20,detailed_estimates,BMV:BIMBO A (Mex$),Consensus,EPS Normalized,,# of Est. Includ./Avail.,FY 2015,FY,2015,,2015-12-31,,,text,11/11,analysts (included/available),MXN,"filings/capitaliq/Estimates/Detailed Estimated/SPGlobal_GrupoBimbo,S.A.B.deC.V._DetailedEstimates_20-Sep-2026.xlsx",Detailed Estimates,34
2026-09-20,detailed_estimates,BMV:BIMBO A (Mex$),Consensus,EPS Normalized,,# of Est. Includ./Avail.,FQ1 2016,FQ,2016,1,2016-03-31,,,text,6/6,analysts (included/available),MXN,"filings/capitaliq/Estimates/Detailed Estimated/SPGlobal_GrupoBimbo,S.A.B.deC.V._DetailedEstimates_20-Sep-2026.xlsx",Detailed Estimates,34
2026-09-20,detailed_estimates,BMV:BIMBO A (Mex$),Consensus,EPS Normalized,,# of Est. Includ./Avail.,FQ2 2016,FQ,2016,2,2016-06-30,,,text,6/6,analysts (included/available),MXN,"filings/capitaliq/Estimates/Detailed Estimated/SPGlobal_GrupoBimbo,S.A.B.deC.V._DetailedEstimates_20-Sep-2026.xlsx",Detailed Estimates,34
2026-09-20,detailed_estimates,BMV:BIMBO A (Mex$),Consensus,EPS Normalized,,# of Est. Includ./Avail.,FQ3 2016,FQ,2016,3,2016-09-30,,,text,5/5,analysts (included/available),MXN,"filings/capitaliq/Estimates/Detailed Estimated/SPGlobal_GrupoBimbo,S.A.B.deC.V._DetailedEstimates_20-Sep-2026.xlsx",Detailed Estimates,34
2026-09-20,detailed_estimates,BMV:BIMBO A (Mex$),Consensus,EPS Normalized,,# of Est. Includ./Avail.,FQ4 2016,FQ,2016,4,2016-12-31,,,text,5/5,analysts (included/available),MXN,"filings/capitaliq/Estimates/Detailed Estimated/SPGlobal_GrupoBimbo,S.A.B.deC.V._DetailedEstimates_20-Sep-2026.xlsx",Detailed Estimates,34
2026-09-20,detailed_estimates,BMV:BIMBO A (Mex$),Consensus,EPS Normalized,,# of Est. Includ./Avail.,FY 2016,FY,2016,,2016-12-31,,,text,8/10,analysts (included/available),MXN,"filings/capitaliq/Estimates/Detailed Estimated/SPGlobal_GrupoBimbo,S.A.B.deC.V._DetailedEstimates_20-Sep-2026.xlsx",Detailed Estimates,34
2026-09-20,detailed_estimates,BMV:BIMBO A (Mex$),Consensus,EPS Normalized,,# of Est. Includ./Avail.,FQ1 2017,FQ,2017,1,2017-03-31,,,text,4/5,analysts (included/available),MXN,"filings/capitaliq/Estimates/Detailed Estimated/SPGlobal_GrupoBimbo,S.A.B.deC.V._DetailedEstimates_20-Sep-2026.xlsx",Detailed Estimates,34
2026-09-20,detailed_estimates,BMV:BIMBO A (Mex$),Consensus,EPS Normalized,,# of Est. Includ./Avail.,FQ2 2017,FQ,2017,2,2017-06-30,,,text,2/5,analysts (included/available),MXN,"filings/capitaliq/Estimates/Detailed Estimated/SPGlobal_GrupoBimbo,S.A.B.deC.V._DetailedEstimates_20-Sep-2026.xlsx",Detailed Estimates,34
2026-09-20,detailed_estimates,BMV:BIMBO A (Mex$),Consensus,EPS Normalized,,# of Est. Includ./Avail.,FQ3 2017,FQ,2017,3,2017-09-30,,,text,5/5,analysts (included/available),MXN,"filings/capitaliq/Estimates/Detailed Estimated/SPGlobal_GrupoBimbo,S.A.B.deC.V._DetailedEstimates_20-Sep-2026.xlsx",Detailed Estimates,34
2026-09-20,detailed_estimates,BMV:BIMBO A (Mex$),Consensus,EPS Normalized,,# of Est. Includ./Avail.,FQ4 2017,FQ,2017,4,2017-12-31,,,text,5/6,analysts (included/available),MXN,"filings/capitaliq/Estimates/Detailed Estimated/SPGlobal_GrupoBimbo,S.A.B.deC.V._DetailedEstimates_20-Sep-2026.xlsx",Detailed Estimates,34
2026-09-20,detailed_estimates,BMV:BIMBO A (Mex$),Consensus,EPS Normalized,,# of Est. Includ./Avail.,FY 2017,FY,2017,,2017-12-31,,,text,9/12,analysts (included/available),MXN,"filings/capitaliq/Estimates/Detailed Estimated/SPGlobal_GrupoBimbo,S.A.B.deC.V._DetailedEstimates_20-Sep-2026.xlsx",Detailed Estimates,34
2026-09-20,detailed_estimates,BMV:BIMBO A (Mex$),Consensus,EPS Normalized,,# of Est. Includ./Avail.,FQ1 2018,FQ,2018,1,2018-03-31,,,text,3/5,analysts (included/available),MXN,"filings/capitaliq/Estimates/Detailed Estimated/SPGlobal_GrupoBimbo,S.A.B.deC.V._DetailedEstimates_20-Sep-2026.xlsx",Detailed Estimates,34
2026-09-20,detailed_estimates,BMV:BIMBO A (Mex$),Consensus,EPS Normalized,,# of Est. Includ./Avail.,FQ2 2018,FQ,2018,2,2018-06-30,,,text,4/4,analysts (included/available),MXN,"filings/capitaliq/Estimates/Detailed Estimated/SPGlobal_GrupoBimbo,S.A.B.deC.V._DetailedEstimates_20-Sep-2026.xlsx",Detailed Estimates,34
2026-09-20,detailed_estimates,BMV:BIMBO A (Mex$),Consensus,EPS Normalized,,# of Est. Includ./Avail.,FQ3 2018,FQ,2018,3,2018-09-30,,,text,2/3,analysts (included/available),MXN,"filings/capitaliq/Estimates/Detailed Estimated/SPGlobal_GrupoBimbo,S.A.B.deC.V._DetailedEstimates_20-Sep-2026.xlsx",Detailed Estimates,34
2026-09-20,detailed_estimates,BMV:BIMBO A (Mex$),Consensus,EPS Normalized,,# of Est. Includ./Avail.,FQ4 2018,FQ,2018,4,2018-12-31,,,text,5/5,analysts (included/available),MXN,"filings/capitaliq/Estimates/Detailed Estimated/SPGlobal_GrupoBimbo,S.A.B.deC.V._DetailedEstimates_20-Sep-2026.xlsx",Detailed Estimates,34
2026-09-20,detailed_estimates,BMV:BIMBO A (Mex$),Consensus,EPS Normalized,,# of Est. Includ./Avail.,FY 2018,FY,2018,,2018-12-31,,,text,7/11,analysts (included/available),MXN,"filings/capitaliq/Estimates/Detailed Estimated/SPGlobal_GrupoBimbo,S.A.B.deC.V._DetailedEstimates_20-Sep-2026.xlsx",Detailed Estimates,34
2026-09-20,detailed_estimates,BMV:BIMBO A (Mex$),Consensus,EPS Normalized,,# of Est. Includ./Avail.,FQ1 2019,FQ,2019,1,2019-03-31,,,text,5/5,analysts (included/available),MXN,"filings/capitaliq/Estimates/Detailed Estimated/SPGlobal_GrupoBimbo,S.A.B.deC.V._DetailedEstimates_20-Sep-2026.xlsx",Detailed Estimates,34
2026-09-20,detailed_estimates,BMV:BIMBO A (Mex$),Consensus,EPS Normalized,,# of Est. Includ./Avail.,FQ2 2019,FQ,2019,2,2019-06-30,,,text,6/7,analysts (included/available),MXN,"filings/capitaliq/Estimates/Detailed Estimated/SPGlobal_GrupoBimbo,S.A.B.deC.V._DetailedEstimates_20-Sep-2026.xlsx",Detailed Estimates,34
2026-09-20,detailed_estimates,BMV:BIMBO A (Mex$),Consensus,EPS Normalized,,# of Est. Includ./Avail.,FQ3 2019,FQ,2019,3,2019-09-30,,,text,6/7,analysts (included/available),MXN,"filings/capitaliq/Estimates/Detailed Estimated/SPGlobal_GrupoBimbo,S.A.B.deC.V._DetailedEstimates_20-Sep-2026.xlsx",Detailed Estimates,34
2026-09-20,detailed_estimates,BMV:BIMBO A (Mex$),Consensus,EPS Normalized,,# of Est. Includ./Avail.,FQ4 2019,FQ,2019,4,2019-12-31,,,text,5/5,analysts (included/available),MXN,"filings/capitaliq/Estimates/Detailed Estimated/SPGlobal_GrupoBimbo,S.A.B.deC.V._DetailedEstimates_20-Sep-2026.xlsx",Detailed Estimates,34
2026-09-20,detailed_estimates,BMV:BIMBO A (Mex$),Consensus,EPS Normalized,,# of Est. Includ./Avail.,FY 2019,FY,2019,,2019-12-31,,,text,8/8,analysts (included/available),MXN,"filings/capitaliq/Estimates/Detailed Estimated/SPGlobal_GrupoBimbo,S.A.B.deC.V._DetailedEstimates_20-Sep-2026.xlsx",Detailed Estimates,34
2026-09-20,detailed_estimates,BMV:BIMBO A (Mex$),Consensus,EPS Normalized,,# of Est. Includ./Avail.,FQ1 2020,FQ,2020,1,2020-03-31,,,text,4/4,analysts (included/available),MXN,"filings/capitaliq/Estimates/Detailed Estimated/SPGlobal_GrupoBimbo,S.A.B.deC.V._DetailedEstimates_20-Sep-2026.xlsx",Detailed Estimates,34
2026-09-20,detailed_estimates,BMV:BIMBO A (Mex$),Consensus,EPS Normalized,,# of Est. Includ./Avail.,FQ2 2020,FQ,2020,2,2020-06-30,,,text,2/3,analysts (included/available),MXN,"filings/capitaliq/Estimates/Detailed Estimated/SPGlobal_GrupoBimbo,S.A.B.deC.V._DetailedEstimates_20-Sep-2026.xlsx",Detailed Estimates,34
2026-09-20,detailed_estimates,BMV:BIMBO A (Mex$),Consensus,EPS Normalized,,# of Est. Includ./Avail.,FQ3 2020,FQ,2020,3,2020-09-30,,,text,4/4,analysts (included/available),MXN,"filings/capitaliq/Estimates/Detailed Estimated/SPGlobal_GrupoBimbo,S.A.B.deC.V._DetailedEstimates_20-Sep-2026.xlsx",Detailed Estimates,34
2026-09-20,detailed_estimates,BMV:BIMBO A (Mex$),Consensus,EPS Normalized,,# of Est. Includ./Avail.,FQ4 2020,FQ,2020,4,2020-12-31,,,text,4/4,analysts (included/available),MXN,"filings/capitaliq/Estimates/Detailed Estimated/SPGlobal_GrupoBimbo,S.A.B.deC.V._DetailedEstimates_20-Sep-2026.xlsx",Detailed Estimates,34
2026-09-20,detailed_estimates,BMV:BIMBO A (Mex$),Consensus,EPS Normalized,,# of Est. Includ./Avail.,FY 2020,FY,2020,,2020-12-31,,,text,8/9,analysts (included/available),MXN,"filings/capitaliq/Estimates/Detailed Estimated/SPGlobal_GrupoBimbo,S.A.B.deC.V._DetailedEstimates_20-Sep-2026.xlsx",Detailed Estimates,34
2026-09-20,detailed_estimates,BMV:BIMBO A (Mex$),Consensus,EPS Normalized,,# of Est. Includ./Avail.,FQ1 2021,FQ,2021,1,2021-03-31,,,text,5/5,analysts (included/available),MXN,"filings/capitaliq/Estimates/Detailed Estimated/SPGlobal_GrupoBimbo,S.A.B.deC.V._DetailedEstimates_20-Sep-2026.xlsx",Detailed Estimates,34
2026-09-20,detailed_estimates,BMV:BIMBO A (Mex$),Consensus,EPS Normalized,,# of Est. Includ./Avail.,FQ2 2021,FQ,2021,2,2021-06-30,,,text,5/5,analysts (included/available),MXN,"filings/capitaliq/Estimates/Detailed Estimated/SPGlobal_GrupoBimbo,S.A.B.deC.V._DetailedEstimates_20-Sep-2026.xlsx",Detailed Estimates,34
2026-09-20,detailed_estimates,BMV:BIMBO A (Mex$),Consensus,EPS Normalized,,# of Est. Includ./Avail.,FQ3 2021,FQ,2021,3,2021-09-30,,,text,5/5,analysts (included/available),MXN,"filings/capitaliq/Estimates/Detailed Estimated/SPGlobal_GrupoBimbo,S.A.B.deC.V._DetailedEstimates_20-Sep-2026.xlsx",Detailed Estimates,34
2026-09-20,detailed_estimates,BMV:BIMBO A (Mex$),Consensus,EPS Normalized,,# of Est. Includ./Avail.,FQ4 2021,FQ,2021,4,2021-12-31,,,text,5/5,analysts (included/available),MXN,"filings/capitaliq/Estimates/Detailed Estimated/SPGlobal_GrupoBimbo,S.A.B.deC.V._DetailedEstimates_20-Sep-2026.xlsx",Detailed Estimates,34
2026-09-20,detailed_estimates,BMV:BIMBO A (Mex$),Consensus,EPS Normalized,,# of Est. Includ./Avail.,FY 2021,FY,2021,,2021-12-31,,,text,8/9,analysts (included/available),MXN,"filings/capitaliq/Estimates/Detailed Estimated/SPGlobal_GrupoBimbo,S.A.B.deC.V._DetailedEstimates_20-Sep-2026.xlsx",Detailed Estimates,34
2026-09-20,detailed_estimates,BMV:BIMBO A (Mex$),Consensus,EPS Normalized,,# of Est. Includ./Avail.,FQ1 2022,FQ,2022,1,2022-03-31,,,text,5/5,analysts (included/available),MXN,"filings/capitaliq/Estimates/Detailed Estimated/SPGlobal_GrupoBimbo,S.A.B.deC.V._DetailedEstimates_20-Sep-2026.xlsx",Detailed Estimates,34
2026-09-20,detailed_estimates,BMV:BIMBO A (Mex$),Consensus,EPS Normalized,,# of Est. Includ./Avail.,FQ2 2022,FQ,2022,2,2022-06-30,,,text,5/5,analysts (included/available),MXN,"filings/capitaliq/Estimates/Detailed Estimated/SPGlobal_GrupoBimbo,S.A.B.deC.V._DetailedEstimates_20-Sep-2026.xlsx",Detailed Estimates,34
2026-09-20,detailed_estimates,BMV:BIMBO A (Mex$),Consensus,EPS Normalized,,# of Est. Includ./Avail.,FQ3 2022,FQ,2022,3,2022-09-30,,,text,3/3,analysts (included/available),MXN,"filings/capitaliq/Estimates/Detailed Estimated/SPGlobal_GrupoBimbo,S.A.B.deC.V._DetailedEstimates_20-Sep-2026.xlsx",Detailed Estimates,34
2026-09-20,detailed_estimates,BMV:BIMBO A (Mex$),Consensus,EPS Normalized,,# of Est. Includ./Avail.,FQ4 2022,FQ,2022,4,2022-12-31,,,text,4/4,analysts (included/available),MXN,"filings/capitaliq/Estimates/Detailed Estimated/SPGlobal_GrupoBimbo,S.A.B.deC.V._DetailedEstimates_20-Sep-2026.xlsx",Detailed Estimates,34
2026-09-20,detailed_estimates,BMV:BIMBO A (Mex$),Consensus,EPS Normalized,,# of Est. Includ./Avail.,FY 2022,FY,2022,,2022-12-31,,,text,8/8,analysts (included/available),MXN,"filings/capitaliq/Estimates/Detailed Estimated/SPGlobal_GrupoBimbo,S.A.B.deC.V._DetailedEstimates_20-Sep-2026.xlsx",Detailed Estimates,34
2026-09-20,detailed_estimates,BMV:BIMBO A (Mex$),Consensus,EPS Normalized,,# of Est. Includ./Avail.,FQ1 2023,FQ,2023,1,2023-03-31,,,text,5/5,analysts (included/available),MXN,"filings/capitaliq/Estimates/Detailed Estimated/SPGlobal_GrupoBimbo,S.A.B.deC.V._DetailedEstimates_20-Sep-2026.xlsx",Detailed Estimates,34
2026-09-20,detailed_estimates,BMV:BIMBO A (Mex$),Consensus,EPS Normalized,,# of Est. Includ./Avail.,FQ2 2023,FQ,2023,2,2023-06-30,,,text,4/4,analysts (included/available),MXN,"filings/capitaliq/Estimates/Detailed Estimated/SPGlobal_GrupoBimbo,S.A.B.deC.V._DetailedEstimates_20-Sep-2026.xlsx",Detailed Estimates,34
2026-09-20,detailed_estimates,BMV:BIMBO A (Mex$),Consensus,EPS Normalized,,# of Est. Includ./Avail.,FQ3 2023,FQ,2023,3,2023-09-30,,,text,5/5,analysts (included/available),MXN,"filings/capitaliq/Estimates/Detailed Estimated/SPGlobal_GrupoBimbo,S.A.B.deC.V._DetailedEstimates_20-Sep-2026.xlsx",Detailed Estimates,34
2026-09-20,detailed_estimates,BMV:BIMBO A (Mex$),Consensus,EPS Normalized,,# of Est. Includ./Avail.,FQ4 2023,FQ,2023,4,2023-12-31,,,text,4/4,analysts (included/available),MXN,"filings/capitaliq/Estimates/Detailed Estimated/SPGlobal_GrupoBimbo,S.A.B.deC.V._DetailedEstimates_20-Sep-2026.xlsx",Detailed Estimates,34
2026-09-20,detailed_estimates,BMV:BIMBO A (Mex$),Consensus,EPS Normalized,,# of Est. Includ./Avail.,FY 2023,FY,2023,,2023-12-31,,,text,7/7,analysts (included/available),MXN,"filings/capitaliq/Estimates/Detailed Estimated/SPGlobal_GrupoBimbo,S.A.B.deC.V._DetailedEstimates_20-Sep-2026.xlsx",Detailed Estimates,34
2026-09-20,detailed_estimates,BMV:BIMBO A (Mex$),Consensus,EPS Normalized,,# of Est. Includ./Avail.,FQ1 2024,FQ,2024,1,2024-03-31,,,text,4/4,analysts (included/available),MXN,"filings/capitaliq/Estimates/Detailed Estimated/SPGlobal_GrupoBimbo,S.A.B.deC.V._DetailedEstimates_20-Sep-2026.xlsx",Detailed Estimates,34
2026-09-20,detailed_estimates,BMV:BIMBO A (Mex$),Consensus,EPS Normalized,,# of Est. Includ./Avail.,FQ2 2024,FQ,2024,2,2024-06-30,,,text,3/4,analysts (included/available),MXN,"filings/capitaliq/Estimates/Detailed Estimated/SPGlobal_GrupoBimbo,S.A.B.deC.V._DetailedEstimates_20-Sep-2026.xlsx",Detailed Estimates,34
2026-09-20,detailed_estimates,BMV:BIMBO A (Mex$),Consensus,EPS Normalized,,# of Est. Includ./Avail.,FQ3 2024,FQ,2024,3,2024-09-30,,,text,5/5,analysts (included/available),MXN,"filings/capitaliq/Estimates/Detailed Estimated/SPGlobal_GrupoBimbo,S.A.B.deC.V._DetailedEstimates_20-Sep-2026.xlsx",Detailed Estimates,34
2026-09-20,detailed_estimates,BMV:BIMBO A (Mex$),Consensus,EPS Normalized,,# of Est. Includ./Avail.,FQ4 2024,FQ,2024,4,2024-12-31,,,text,5/5,analysts (included/available),MXN,"filings/capitaliq/Estimates/Detailed Estimated/SPGlobal_GrupoBimbo,S.A.B.deC.V._DetailedEstimates_20-Sep-2026.xlsx",Detailed Estimates,34
2026-09-20,detailed_estimates,BMV:BIMBO A (Mex$),Consensus,EPS Normalized,,# of Est. Includ./Avail.,FY 2024,FY,2024,,2024-12-31,,,text,8/9,analysts (included/available),MXN,"filings/capitaliq/Estimates/Detailed Estimated/SPGlobal_GrupoBimbo,S.A.B.deC.V._DetailedEstimates_20-Sep-2026.xlsx",Detailed Estimates,34
2026-09-20,detailed_estimates,BMV:BIMBO A (Mex$),Consensus,EPS Normalized,,# of Est. Includ./Avail.,FQ1 2025,FQ,2025,1,2025-03-31,,,text,5/5,analysts (included/available),MXN,"filings/capitaliq/Estimates/Detailed Estimated/SPGlobal_GrupoBimbo,S.A.B.deC.V._DetailedEstimates_20-Sep-2026.xlsx",Detailed Estimates,34
2026-09-20,detailed_estimates,BMV:BIMBO A (Mex$),Consensus,EPS Normalized,,# of Est. Includ./Avail.,FQ2 2025,FQ,2025,2,2025-06-30,,,text,5/5,analysts (included/available),MXN,"filings/capitaliq/Estimates/Detailed Estimated/SPGlobal_GrupoBimbo,S.A.B.deC.V._DetailedEstimates_20-Sep-2026.xlsx",Detailed Estimates,34
2026-09-20,detailed_estimates,BMV:BIMBO A (Mex$),Consensus,EPS Normalized,,# of Est. Includ./Avail.,FQ3 2025,FQ,2025,3,2025-09-30,,,text,5/5,analysts (included/available),MXN,"filings/capitaliq/Estimates/Detailed Estimated/SPGlobal_GrupoBimbo,S.A.B.deC.V._DetailedEstimates_20-Sep-2026.xlsx",Detailed Estimates,34
2026-09-20,detailed_estimates,BMV:BIMBO A (Mex$),Consensus,EPS Normalized,,# of Est. Includ./Avail.,FQ4 2025,FQ,2025,4,2025-12-31,,,text,5/5,analysts (included/available),MXN,"filings/capitaliq/Estimates/Detailed Estimated/SPGlobal_GrupoBimbo,S.A.B.deC.V._DetailedEstimates_20-Sep-2026.xlsx",Detailed Estimates,34
2026-09-20,detailed_estimates,BMV:BIMBO A (Mex$),Consensus,EPS Normalized,,# of Est. Includ./Avail.,FY 2025,FY,2025,,2025-12-31,,,text,8/9,analysts (included/available),MXN,"filings/capitaliq/Estimates/Detailed Estimated/SPGlobal_GrupoBimbo,S.A.B.deC.V._DetailedEstimates_20-Sep-2026.xlsx",Detailed Estimates,34
2026-09-20,detailed_estimates,BMV:BIMBO A (Mex$),Consensus,EPS Normalized,,# of Est. Includ./Avail.,FQ1 2026,FQ,2026,1,2026-03-31,,,text,4/4,analysts (included/available),MXN,"filings/capitaliq/Estimates/Detailed Estimated/SPGlobal_GrupoBimbo,S.A.B.deC.V._DetailedEstimates_20-Sep-2026.xlsx",Detailed Estimates,34
2026-09-20,detailed_estimates,BMV:BIMBO A (Mex$),Consensus,EPS Normalized,,# of Est. Includ./Avail.,FQ2 2026,FQ,2026,2,2026-06-30,,,text,5/5,analysts (included/available),MXN,"filings/capitaliq/Estimates/Detailed Estimated/SPGlobal_GrupoBimbo,S.A.B.deC.V._DetailedEstimates_20-Sep-2026.xlsx",Detailed Estimates,34
2026-09-20,detailed_estimates,BMV:BIMBO A (Mex$),Consensus,EPS Normalized,,# of Est. Includ./Avail.,FQ3 2026,FQ,2026,3,2026-09-30,,,text,3/3,analysts (included/available),MXN,"filings/capitaliq/Estimates/Detailed Estimated/SPGlobal_GrupoBimbo,S.A.B.deC.V._DetailedEstimates_20-Sep-2026.xlsx",Detailed Estimates,34
2026-09-20,detailed_estimates,BMV:BIMBO A (Mex$),Consensus,EPS Normalized,,# of Est. Includ./Avail.,FQ4 2026,FQ,2026,4,2026-12-31,,,text,3/3,analysts (included/available),MXN,"filings/capitaliq/Estimates/Detailed Estimated/SPGlobal_GrupoBimbo,S.A.B.deC.V._DetailedEstimates_20-Sep-2026.xlsx",Detailed Estimates,34
2026-09-20,detailed_estimates,BMV:BIMBO A (Mex$),Consensus,EPS Normalized,,# of Est. Includ./Avail.,FY 2026,FY,2026,,2026-12-31,,,text,8/9,analysts (included/available),MXN,"filings/capitaliq/Estimates/Detailed Estimated/SPGlobal_GrupoBimbo,S.A.B.deC.V._DetailedEstimates_20-Sep-2026.xlsx",Detailed Estimates,34
2026-09-20,detailed_estimates,BMV:BIMBO A (Mex$),Consensus,EPS Normalized,,# of Est. Includ./Avail.,FQ1 2027,FQ,2027,1,2027-03-31,,,text,1/1,analysts (included/available),MXN,"filings/capitaliq/Estimates/Detailed Estimated/SPGlobal_GrupoBimbo,S.A.B.deC.V._DetailedEstimates_20-Sep-2026.xlsx",Detailed Estimates,34
2026-09-20,detailed_estimates,BMV:BIMBO A (Mex$),Consensus,EPS Normalized,,# of Est. Includ./Avail.,FQ2 2027,FQ,2027,2,2027-06-30,,,text,1/1,analysts (included/available),MXN,"filings/capitaliq/Estimates/Detailed Estimated/SPGlobal_GrupoBimbo,S.A.B.deC.V._DetailedEstimates_20-Sep-2026.xlsx",Detailed Estimates,34
2026-09-20,detailed_estimates,BMV:BIMBO A (Mex$),Consensus,EPS Normalized,,# of Est. Includ./Avail.,FQ3 2027,FQ,2027,3,2027-09-30,,,text,1/1,analysts (included/available),MXN,"filings/capitaliq/Estimates/Detailed Estimated/SPGlobal_GrupoBimbo,S.A.B.deC.V._DetailedEstimates_20-Sep-2026.xlsx",Detailed Estimates,34
2026-09-20,detailed_estimates,BMV:BIMBO A (Mex$),Consensus,EPS Normalized,,# of Est. Includ./Avail.,FQ4 2027,FQ,2027,4,2027-12-31,,,text,1/1,analysts (included/available),MXN,"filings/capitaliq/Estimates/Detailed Estimated/SPGlobal_GrupoBimbo,S.A.B.deC.V._DetailedEstimates_20-Sep-2026.xlsx",Detailed Estimates,34
2026-09-20,detailed_estimates,BMV:BIMBO A (Mex$),Consensus,EPS Normalized,,# of Est. Includ./Avail.,FY 2027,FY,2027,,2027-12-31,,,text,7/7,analysts (included/available),MXN,"filings/capitaliq/Estimates/Detailed Estimated/SPGlobal_GrupoBimbo,S.A.B.deC.V._DetailedEstimates_20-Sep-2026.xlsx",Detailed Estimates,34
2026-09-20,detailed_estimates,BMV:BIMBO A (Mex$),Consensus,EPS Normalized,,# of Est. Includ./Avail.,FY 2028,FY,2028,,2028-12-31,,,text,5/5,analysts (included/available),MXN,"filings/capitaliq/Estimates/Detailed Estimated/SPGlobal_GrupoBimbo,S.A.B.deC.V._DetailedEstimates_20-Sep-2026.xlsx",Detailed Estimates,34
2026-09-20,detailed_estimates,BMV:BIMBO A (Mex$),Consensus,EPS Normalized,,# of Est. Includ./Avail.,FY 2029,FY,2029,,2029-12-31,,,text,2/2,analysts (included/available),MXN,"filings/capitaliq/Estimates/Detailed Estimated/SPGlobal_GrupoBimbo,S.A.B.deC.V._DetailedEstimates_20-Sep-2026.xlsx",Detailed Estimates,34
2026-09-20,detailed_estimates,BMV:BIMBO A (Mex$),Consensus,EPS Normalized,,# of Est. Includ./Avail.,FY 2030,FY,2030,,2030-12-31,,,text,2/2,analysts (included/available),MXN,"filings/capitaliq/Estimates/Detailed Estimated/SPGlobal_GrupoBimbo,S.A.B.deC.V._DetailedEstimates_20-Sep-2026.xlsx",Detailed Estimates,34
2026-09-20,detailed_estimates,BMV:BIMBO A (Mex$),Consensus,EPS Normalized,,# of Est. Includ./Avail.,FY 2031,FY,2031,,2031-12-31,,,text,1/1,analysts (included/available),MXN,"filings/capitaliq/Estimates/Detailed Estimated/SPGlobal_GrupoBimbo,S.A.B.deC.V._DetailedEstimates_20-Sep-2026.xlsx",Detailed Estimates,34
2026-09-20,detailed_estimates,BMV:BIMBO A (Mex$),Consensus,EPS Normalized,,Actual,FY 1998,FY,1998,,1998-12-31,0.3025,,,0.3025,Mex$ per share,MXN,"filings/capitaliq/Estimates/Detailed Estimated/SPGlobal_GrupoBimbo,S.A.B.deC.V._DetailedEstimates_20-Sep-2026.xlsx",Detailed Estimates,35
2026-09-20,detailed_estimates,BMV:BIMBO A (Mex$),Consensus,EPS Normalized,,Actual,FY 1999,FY,1999,,1999-12-31,0.3475,,,0.3475,Mex$ per share,MXN,"filings/capitaliq/Estimates/Detailed Estimated/SPGlobal_GrupoBimbo,S.A.B.deC.V._DetailedEstimates_20-Sep-2026.xlsx",Detailed Estimates,35
2026-09-20,detailed_estimates,BMV:BIMBO A (Mex$),Consensus,EPS Normalized,,Actual,FY 2000,FY,2000,,2000-12-31,0.3225,,,0.3225,Mex$ per share,MXN,"filings/capitaliq/Estimates/Detailed Estimated/SPGlobal_GrupoBimbo,S.A.B.deC.V._DetailedEstimates_20-Sep-2026.xlsx",Detailed Estimates,35
2026-09-20,detailed_estimates,BMV:BIMBO A (Mex$),Consensus,EPS Normalized,,Actual,FY 2001,FY,2001,,2001-12-31,0.3125,,,0.3125,Mex$ per share,MXN,"filings/capitaliq/Estimates/Detailed Estimated/SPGlobal_GrupoBimbo,S.A.B.deC.V._DetailedEstimates_20-Sep-2026.xlsx",Detailed Estimates,35
2026-09-20,detailed_estimates,BMV:BIMBO A (Mex$),Consensus,EPS Normalized,,Actual,FY 2002,FY,2002,,2002-12-31,0.2075,,,0.2075,Mex$ per share,MXN,"filings/capitaliq/Estimates/Detailed Estimated/SPGlobal_GrupoBimbo,S.A.B.deC.V._DetailedEstimates_20-Sep-2026.xlsx",Detailed Estimates,35
2026-09-20,detailed_estimates,BMV:BIMBO A (Mex$),Consensus,EPS Normalized,,Actual,FY 2003,FY,2003,,2003-12-31,0.255,,,0.255,Mex$ per share,MXN,"filings/capitaliq/Estimates/Detailed Estimated/SPGlobal_GrupoBimbo,S.A.B.deC.V._DetailedEstimates_20-Sep-2026.xlsx",Detailed Estimates,35
2026-09-20,detailed_estimates,BMV:BIMBO A (Mex$),Consensus,EPS Normalized,,Actual,FQ3 2004,FQ,2004,3,2004-09-30,0.17575,,,0.17575,Mex$ per share,MXN,"filings/capitaliq/Estimates/Detailed Estimated/SPGlobal_GrupoBimbo,S.A.B.deC.V._DetailedEstimates_20-Sep-2026.xlsx",Detailed Estimates,35
2026-09-20,detailed_estimates,BMV:BIMBO A (Mex$),Consensus,EPS Normalized,,Actual,FQ4 2004,FQ,2004,4,2004-12-31,0.17225,,,0.17225,Mex$ per share,MXN,"filings/capitaliq/Estimates/Detailed Estimated/SPGlobal_GrupoBimbo,S.A.B.deC.V._DetailedEstimates_20-Sep-2026.xlsx",Detailed Estimates,35
2026-09-20,detailed_estimates,BMV:BIMBO A (Mex$),Consensus,EPS Normalized,,Actual,FY 2004,FY,2004,,2004-12-31,0.46925,,,0.46925,Mex$ per share,MXN,"filings/capitaliq/Estimates/Detailed Estimated/SPGlobal_GrupoBimbo,S.A.B.deC.V._DetailedEstimates_20-Sep-2026.xlsx",Detailed Estimates,35
2026-09-20,detailed_estimates,BMV:BIMBO A (Mex$),Consensus,EPS Normalized,,Actual,FQ1 2005,FQ,2005,1,2005-03-31,0.12025,,,0.12025,Mex$ per share,MXN,"filings/capitaliq/Estimates/Detailed Estimated/SPGlobal_GrupoBimbo,S.A.B.deC.V._DetailedEstimates_20-Sep-2026.xlsx",Detailed Estimates,35
2026-09-20,detailed_estimates,BMV:BIMBO A (Mex$),Consensus,EPS Normalized,,Actual,FQ2 2005,FQ,2005,2,2005-06-30,0.12875,,,0.12875,Mex$ per share,MXN,"filings/capitaliq/Estimates/Detailed Estimated/SPGlobal_GrupoBimbo,S.A.B.deC.V._DetailedEstimates_20-Sep-2026.xlsx",Detailed Estimates,35
2026-09-20,detailed_estimates,BMV:BIMBO A (Mex$),Consensus,EPS Normalized,,Actual,FQ3 2005,FQ,2005,3,2005-09-30,0.15875,,,0.15875,Mex$ per share,MXN,"filings/capitaliq/Estimates/Detailed Estimated/SPGlobal_GrupoBimbo,S.A.B.deC.V._DetailedEstimates_20-Sep-2026.xlsx",Detailed Estimates,35
2026-09-20,detailed_estimates,BMV:BIMBO A (Mex$),Consensus,EPS Normalized,,Actual,FQ4 2005,FQ,2005,4,2005-12-31,0.1875,,,0.1875,Mex$ per share,MXN,"filings/capitaliq/Estimates/Detailed Estimated/SPGlobal_GrupoBimbo,S.A.B.deC.V._DetailedEstimates_20-Sep-2026.xlsx",Detailed Estimates,35
2026-09-20,detailed_estimates,BMV:BIMBO A (Mex$),Consensus,EPS Normalized,,Actual,FY 2005,FY,2005,,2005-12-31,0.6275,,,0.6275,Mex$ per share,MXN,"filings/capitaliq/Estimates/Detailed Estimated/SPGlobal_GrupoBimbo,S.A.B.deC.V._DetailedEstimates_20-Sep-2026.xlsx",Detailed Estimates,35
2026-09-20,detailed_estimates,BMV:BIMBO A (Mex$),Consensus,EPS Normalized,,Actual,FQ1 2006,FQ,2006,1,2006-03-31,0.14,,,0.14,Mex$ per share,MXN,"filings/capitaliq/Estimates/Detailed Estimated/SPGlobal_GrupoBimbo,S.A.B.deC.V._DetailedEstimates_20-Sep-2026.xlsx",Detailed Estimates,35
2026-09-20,detailed_estimates,BMV:BIMBO A (Mex$),Consensus,EPS Normalized,,Actual,FQ2 2006,FQ,2006,2,2006-06-30,0.1775,,,0.1775,Mex$ per share,MXN,"filings/capitaliq/Estimates/Detailed Estimated/SPGlobal_GrupoBimbo,S.A.B.deC.V._DetailedEstimates_20-Sep-2026.xlsx",Detailed Estimates,35
2026-09-20,detailed_estimates,BMV:BIMBO A (Mex$),Consensus,EPS Normalized,,Actual,FQ3 2006,FQ,2006,3,2006-09-30,0.2025,,,0.2025,Mex$ per share,MXN,"filings/capitaliq/Estimates/Detailed Estimated/SPGlobal_GrupoBimbo,S.A.B.deC.V._DetailedEstimates_20-Sep-2026.xlsx",Detailed Estimates,35
2026-09-20,detailed_estimates,BMV:BIMBO A (Mex$),Consensus,EPS Normalized,,Actual,FQ4 2006,FQ,2006,4,2006-12-31,0.2075,,,0.2075,Mex$ per share,MXN,"filings/capitaliq/Estimates/Detailed Estimated/SPGlobal_GrupoBimbo,S.A.B.deC.V._DetailedEstimates_20-Sep-2026.xlsx",Detailed Estimates,35
2026-09-20,detailed_estimates,BMV:BIMBO A (Mex$),Consensus,EPS Normalized,,Actual,FY 2006,FY,2006,,2006-12-31,0.745,,,0.745,Mex$ per share,MXN,"filings/capitaliq/Estimates/Detailed Estimated/SPGlobal_GrupoBimbo,S.A.B.deC.V._DetailedEstimates_20-Sep-2026.xlsx",Detailed Estimates,35
2026-09-20,detailed_estimates,BMV:BIMBO A (Mex$),Consensus,EPS Normalized,,Actual,FQ1 2007,FQ,2007,1,2007-03-31,0.1675,,,0.1675,Mex$ per share,MXN,"filings/capitaliq/Estimates/Detailed Estimated/SPGlobal_GrupoBimbo,S.A.B.deC.V._DetailedEstimates_20-Sep-2026.xlsx",Detailed Estimates,35
2026-09-20,detailed_estimates,BMV:BIMBO A (Mex$),Consensus,EPS Normalized,,Actual,FQ2 2007,FQ,2007,2,2007-06-30,0.1575,,,0.1575,Mex$ per share,MXN,"filings/capitaliq/Estimates/Detailed Estimated/SPGlobal_GrupoBimbo,S.A.B.deC.V._DetailedEstimates_20-Sep-2026.xlsx",Detailed Estimates,35
2026-09-20,detailed_estimates,BMV:BIMBO A (Mex$),Consensus,EPS Normalized,,Actual,FQ3 2007,FQ,2007,3,2007-09-30,0.2125,,,0.2125,Mex$ per share,MXN,"filings/capitaliq/Estimates/Detailed Estimated/SPGlobal_GrupoBimbo,S.A.B.deC.V._DetailedEstimates_20-Sep-2026.xlsx",Detailed Estimates,35
2026-09-20,detailed_estimates,BMV:BIMBO A (Mex$),Consensus,EPS Normalized,,Actual,FQ4 2007,FQ,2007,4,2007-12-31,0.2175,,,0.2175,Mex$ per share,MXN,"filings/capitaliq/Estimates/Detailed Estimated/SPGlobal_GrupoBimbo,S.A.B.deC.V._DetailedEstimates_20-Sep-2026.xlsx",Detailed Estimates,35
2026-09-20,detailed_estimates,BMV:BIMBO A (Mex$),Consensus,EPS Normalized,,Actual,FY 2007,FY,2007,,2007-12-31,0.8325,,,0.8325,Mex$ per share,MXN,"filings/capitaliq/Estimates/Detailed Estimated/SPGlobal_GrupoBimbo,S.A.B.deC.V._DetailedEstimates_20-Sep-2026.xlsx",Detailed Estimates,35
2026-09-20,detailed_estimates,BMV:BIMBO A (Mex$),Consensus,EPS Normalized,,Actual,FQ1 2008,FQ,2008,1,2008-03-31,0.1675,,,0.1675,Mex$ per share,MXN,"filings/capitaliq/Estimates/Detailed Estimated/SPGlobal_GrupoBimbo,S.A.B.deC.V._DetailedEstimates_20-Sep-2026.xlsx",Detailed Estimates,35
2026-09-20,detailed_estimates,BMV:BIMBO A (Mex$),Consensus,EPS Normalized,,Actual,FQ2 2008,FQ,2008,2,2008-06-30,0.175,,,0.175,Mex$ per share,MXN,"filings/capitaliq/Estimates/Detailed Estimated/SPGlobal_GrupoBimbo,S.A.B.deC.V._DetailedEstimates_20-Sep-2026.xlsx",Detailed Estimates,35
2026-09-20,detailed_estimates,BMV:BIMBO A (Mex$),Consensus,EPS Normalized,,Actual,FQ3 2008,FQ,2008,3,2008-09-30,0.29025,,,0.29025,Mex$ per share,MXN,"filings/capitaliq/Estimates/Detailed Estimated/SPGlobal_GrupoBimbo,S.A.B.deC.V._DetailedEstimates_20-Sep-2026.xlsx",Detailed Estimates,35
2026-09-20,detailed_estimates,BMV:BIMBO A (Mex$),Consensus,EPS Normalized,,Actual,FQ4 2008,FQ,2008,4,2008-12-31,0.27,,,0.27,Mex$ per share,MXN,"filings/capitaliq/Estimates/Detailed Estimated/SPGlobal_GrupoBimbo,S.A.B.deC.V._DetailedEstimates_20-Sep-2026.xlsx",Detailed Estimates,35
2026-09-20,detailed_estimates,BMV:BIMBO A (Mex$),Consensus,EPS Normalized,,Actual,FY 2008,FY,2008,,2008-12-31,0.925,,,0.925,Mex$ per share,MXN,"filings/capitaliq/Estimates/Detailed Estimated/SPGlobal_GrupoBimbo,S.A.B.deC.V._DetailedEstimates_20-Sep-2026.xlsx",Detailed Estimates,35
2026-09-20,detailed_estimates,BMV:BIMBO A (Mex$),Consensus,EPS Normalized,,Actual,FQ1 2009,FQ,2009,1,2009-03-31,0.2175,,,0.2175,Mex$ per share,MXN,"filings/capitaliq/Estimates/Detailed Estimated/SPGlobal_GrupoBimbo,S.A.B.deC.V._DetailedEstimates_20-Sep-2026.xlsx",Detailed Estimates,35
2026-09-20,detailed_estimates,BMV:BIMBO A (Mex$),Consensus,EPS Normalized,,Actual,FQ3 2009,FQ,2009,3,2009-09-30,0.3675,,,0.3675,Mex$ per share,MXN,"filings/capitaliq/Estimates/Detailed Estimated/SPGlobal_GrupoBimbo,S.A.B.deC.V._DetailedEstimates_20-Sep-2026.xlsx",Detailed Estimates,35
2026-09-20,detailed_estimates,BMV:BIMBO A (Mex$),Consensus,EPS Normalized,,Actual,FQ4 2009,FQ,2009,4,2009-12-31,0.09,,,0.09,Mex$ per share,MXN,"filings/capitaliq/Estimates/Detailed Estimated/SPGlobal_GrupoBimbo,S.A.B.deC.V._DetailedEstimates_20-Sep-2026.xlsx",Detailed Estimates,35
2026-09-20,detailed_estimates,BMV:BIMBO A (Mex$),Consensus,EPS Normalized,,Actual,FY 2009,FY,2009,,2009-12-31,1.2925,,,1.2925,Mex$ per share,MXN,"filings/capitaliq/Estimates/Detailed Estimated/SPGlobal_GrupoBimbo,S.A.B.deC.V._DetailedEstimates_20-Sep-2026.xlsx",Detailed Estimates,35
2026-09-20,detailed_estimates,BMV:BIMBO A (Mex$),Consensus,EPS Normalized,,Actual,FQ2 2010,FQ,2010,2,2010-06-30,0.2665,,,0.2665,Mex$ per share,MXN,"filings/capitaliq/Estimates/Detailed Estimated/SPGlobal_GrupoBimbo,S.A.B.deC.V._DetailedEstimates_20-Sep-2026.xlsx",Detailed Estimates,35
2026-09-20,detailed_estimates,BMV:BIMBO A (Mex$),Consensus,EPS Normalized,,Actual,FQ3 2010,FQ,2010,3,2010-09-30,0.3175,,,0.3175,Mex$ per share,MXN,"filings/capitaliq/Estimates/Detailed Estimated/SPGlobal_GrupoBimbo,S.A.B.deC.V._DetailedEstimates_20-Sep-2026.xlsx",Detailed Estimates,35
2026-09-20,detailed_estimates,BMV:BIMBO A (Mex$),Consensus,EPS Normalized,,Actual,FQ4 2010,FQ,2010,4,2010-12-31,0.0525,,,0.0525,Mex$ per share,MXN,"filings/capitaliq/Estimates/Detailed Estimated/SPGlobal_GrupoBimbo,S.A.B.deC.V._DetailedEstimates_20-Sep-2026.xlsx",Detailed Estimates,35
2026-09-20,detailed_estimates,BMV:BIMBO A (Mex$),Consensus,EPS Normalized,,Actual,FY 2010,FY,2010,,2010-12-31,1.2325,,,1.2325,Mex$ per share,MXN,"filings/capitaliq/Estimates/Detailed Estimated/SPGlobal_GrupoBimbo,S.A.B.deC.V._DetailedEstimates_20-Sep-2026.xlsx",Detailed Estimates,35
2026-09-20,detailed_estimates,BMV:BIMBO A (Mex$),Consensus,EPS Normalized,,Actual,FQ2 2011,FQ,2011,2,2011-06-30,0.224,,,0.224,Mex$ per share,MXN,"filings/capitaliq/Estimates/Detailed Estimated/SPGlobal_GrupoBimbo,S.A.B.deC.V._DetailedEstimates_20-Sep-2026.xlsx",Detailed Estimates,35
2026-09-20,detailed_estimates,BMV:BIMBO A (Mex$),Consensus,EPS Normalized,,Actual,FQ3 2011,FQ,2011,3,2011-09-30,0.44603,,,0.44603,Mex$ per share,MXN,"filings/capitaliq/Estimates/Detailed Estimated/SPGlobal_GrupoBimbo,S.A.B.deC.V._DetailedEstimates_20-Sep-2026.xlsx",Detailed Estimates,35
2026-09-20,detailed_estimates,BMV:BIMBO A (Mex$),Consensus,EPS Normalized,,Actual,FQ4 2011,FQ,2011,4,2011-12-31,0.22,,,0.22,Mex$ per share,MXN,"filings/capitaliq/Estimates/Detailed Estimated/SPGlobal_GrupoBimbo,S.A.B.deC.V._DetailedEstimates_20-Sep-2026.xlsx",Detailed Estimates,35
2026-09-20,detailed_estimates,BMV:BIMBO A (Mex$),Consensus,EPS Normalized,,Actual,FY 2011,FY,2011,,2011-12-31,1.13,,,1.13,Mex$ per share,MXN,"filings/capitaliq/Estimates/Detailed Estimated/SPGlobal_GrupoBimbo,S.A.B.deC.V._DetailedEstimates_20-Sep-2026.xlsx",Detailed Estimates,35
2026-09-20,detailed_estimates,BMV:BIMBO A (Mex$),Consensus,EPS Normalized,,Actual,FQ4 2012,FQ,2012,4,2012-12-31,0.03747,,,0.03747,Mex$ per share,MXN,"filings/capitaliq/Estimates/Detailed Estimated/SPGlobal_GrupoBimbo,S.A.B.deC.V._DetailedEstimates_20-Sep-2026.xlsx",Detailed Estimates,35
2026-09-20,detailed_estimates,BMV:BIMBO A (Mex$),Consensus,EPS Normalized,,Actual,FY 2012,FY,2012,,2012-12-31,0.43122,,,0.43122,Mex$ per share,MXN,"filings/capitaliq/Estimates/Detailed Estimated/SPGlobal_GrupoBimbo,S.A.B.deC.V._DetailedEstimates_20-Sep-2026.xlsx",Detailed Estimates,35
2026-09-20,detailed_estimates,BMV:BIMBO A (Mex$),Consensus,EPS Normalized,,Actual,FQ1 2013,FQ,2013,1,2013-03-31,0.12,,,0.12,Mex$ per share,MXN,"filings/capitaliq/Estimates/Detailed Estimated/SPGlobal_GrupoBimbo,S.A.B.deC.V._DetailedEstimates_20-Sep-2026.xlsx",Detailed Estimates,35
2026-09-20,detailed_estimates,BMV:BIMBO A (Mex$),Consensus,EPS Normalized,,Actual,FQ2 2013,FQ,2013,2,2013-06-30,0.22,,,0.22,Mex$ per share,MXN,"filings/capitaliq/Estimates/Detailed Estimated/SPGlobal_GrupoBimbo,S.A.B.deC.V._DetailedEstimates_20-Sep-2026.xlsx",Detailed Estimates,35
2026-09-20,detailed_estimates,BMV:BIMBO A (Mex$),Consensus,EPS Normalized,,Actual,FQ3 2013,FQ,2013,3,2013-09-30,0.32,,,0.32,Mex$ per share,MXN,"filings/capitaliq/Estimates/Detailed Estimated/SPGlobal_GrupoBimbo,S.A.B.deC.V._DetailedEstimates_20-Sep-2026.xlsx",Detailed Estimates,35
2026-09-20,detailed_estimates,BMV:BIMBO A (Mex$),Consensus,EPS Normalized,,Actual,FQ4 2013,FQ,2013,4,2013-12-31,0.27,,,0.27,Mex$ per share,MXN,"filings/capitaliq/Estimates/Detailed Estimated/SPGlobal_GrupoBimbo,S.A.B.deC.V._DetailedEstimates_20-Sep-2026.xlsx",Detailed Estimates,35
2026-09-20,detailed_estimates,BMV:BIMBO A (Mex$),Consensus,EPS Normalized,,Actual,FY 2013,FY,2013,,2013-12-31,0.93,,,0.93,Mex$ per share,MXN,"filings/capitaliq/Estimates/Detailed Estimated/SPGlobal_GrupoBimbo,S.A.B.deC.V._DetailedEstimates_20-Sep-2026.xlsx",Detailed Estimates,35
2026-09-20,detailed_estimates,BMV:BIMBO A (Mex$),Consensus,EPS Normalized,,Actual,FQ1 2014,FQ,2014,1,2014-03-31,0.11,,,0.11,Mex$ per share,MXN,"filings/capitaliq/Estimates/Detailed Estimated/SPGlobal_GrupoBimbo,S.A.B.deC.V._DetailedEstimates_20-Sep-2026.xlsx",Detailed Estimates,35
2026-09-20,detailed_estimates,BMV:BIMBO A (Mex$),Consensus,EPS Normalized,,Actual,FQ2 2014,FQ,2014,2,2014-06-30,0.34,,,0.34,Mex$ per share,MXN,"filings/capitaliq/Estimates/Detailed Estimated/SPGlobal_GrupoBimbo,S.A.B.deC.V._DetailedEstimates_20-Sep-2026.xlsx",Detailed Estimates,35
2026-09-20,detailed_estimates,BMV:BIMBO A (Mex$),Consensus,EPS Normalized,,Actual,FQ3 2014,FQ,2014,3,2014-09-30,0.41,,,0.41,Mex$ per share,MXN,"filings/capitaliq/Estimates/Detailed Estimated/SPGlobal_GrupoBimbo,S.A.B.deC.V._DetailedEstimates_20-Sep-2026.xlsx",Detailed Estimates,35
2026-09-20,detailed_estimates,BMV:BIMBO A (Mex$),Consensus,EPS Normalized,,Actual,FQ4 2014,FQ,2014,4,2014-12-31,0.51907,,,0.51907,Mex$ per share,MXN,"filings/capitaliq/Estimates/Detailed Estimated/SPGlobal_GrupoBimbo,S.A.B.deC.V._DetailedEstimates_20-Sep-2026.xlsx",Detailed Estimates,35
2026-09-20,detailed_estimates,BMV:BIMBO A (Mex$),Consensus,EPS Normalized,,Actual,FY 2014,FY,2014,,2014-12-31,1.07234,,,1.07234,Mex$ per share,MXN,"filings/capitaliq/Estimates/Detailed Estimated/SPGlobal_GrupoBimbo,S.A.B.deC.V._DetailedEstimates_20-Sep-2026.xlsx",Detailed Estimates,35
2026-09-20,detailed_estimates,BMV:BIMBO A (Mex$),Consensus,EPS Normalized,,Actual,FQ1 2015,FQ,2015,1,2015-03-31,0.19,,,0.19,Mex$ per share,MXN,"filings/capitaliq/Estimates/Detailed Estimated/SPGlobal_GrupoBimbo,S.A.B.deC.V._DetailedEstimates_20-Sep-2026.xlsx",Detailed Estimates,35
2026-09-20,detailed_estimates,BMV:BIMBO A (Mex$),Consensus,EPS Normalized,,Actual,FQ2 2015,FQ,2015,2,2015-06-30,0.37,,,0.37,Mex$ per share,MXN,"filings/capitaliq/Estimates/Detailed Estimated/SPGlobal_GrupoBimbo,S.A.B.deC.V._DetailedEstimates_20-Sep-2026.xlsx",Detailed Estimates,35
2026-09-20,detailed_estimates,BMV:BIMBO A (Mex$),Consensus,EPS Normalized,,Actual,FQ3 2015,FQ,2015,3,2015-09-30,0.48,,,0.48,Mex$ per share,MXN,"filings/capitaliq/Estimates/Detailed Estimated/SPGlobal_GrupoBimbo,S.A.B.deC.V._DetailedEstimates_20-Sep-2026.xlsx",Detailed Estimates,35
2026-09-20,detailed_estimates,BMV:BIMBO A (Mex$),Consensus,EPS Normalized,,Actual,FQ4 2015,FQ,2015,4,2015-12-31,0.06,,,0.06,Mex$ per share,MXN,"filings/capitaliq/Estimates/Detailed Estimated/SPGlobal_GrupoBimbo,S.A.B.deC.V._DetailedEstimates_20-Sep-2026.xlsx",Detailed Estimates,35
2026-09-20,detailed_estimates,BMV:BIMBO A (Mex$),Consensus,EPS Normalized,,Actual,FY 2015,FY,2015,,2015-12-31,1.1,,,1.1,Mex$ per share,MXN,"filings/capitaliq/Estimates/Detailed Estimated/SPGlobal_GrupoBimbo,S.A.B.deC.V._DetailedEstimates_20-Sep-2026.xlsx",Detailed Estimates,35
2026-09-20,detailed_estimates,BMV:BIMBO A (Mex$),Consensus,EPS Normalized,,Actual,FQ1 2016,FQ,2016,1,2016-03-31,0.29,,,0.29,Mex$ per share,MXN,"filings/capitaliq/Estimates/Detailed Estimated/SPGlobal_GrupoBimbo,S.A.B.deC.V._DetailedEstimates_20-Sep-2026.xlsx",Detailed Estimates,35
2026-09-20,detailed_estimates,BMV:BIMBO A (Mex$),Consensus,EPS Normalized,,Actual,FQ2 2016,FQ,2016,2,2016-06-30,0.41,,,0.41,Mex$ per share,MXN,"filings/capitaliq/Estimates/Detailed Estimated/SPGlobal_GrupoBimbo,S.A.B.deC.V._DetailedEstimates_20-Sep-2026.xlsx",Detailed Estimates,35
2026-09-20,detailed_estimates,BMV:BIMBO A (Mex$),Consensus,EPS Normalized,,Actual,FQ3 2016,FQ,2016,3,2016-09-30,0.51,,,0.51,Mex$ per share,MXN,"filings/capitaliq/Estimates/Detailed Estimated/SPGlobal_GrupoBimbo,S.A.B.deC.V._DetailedEstimates_20-Sep-2026.xlsx",Detailed Estimates,35
2026-09-20,detailed_estimates,BMV:BIMBO A (Mex$),Consensus,EPS Normalized,,Actual,FQ4 2016,FQ,2016,4,2016-12-31,0.04,,,0.04,Mex$ per share,MXN,"filings/capitaliq/Estimates/Detailed Estimated/SPGlobal_GrupoBimbo,S.A.B.deC.V._DetailedEstimates_20-Sep-2026.xlsx",Detailed Estimates,35
2026-09-20,detailed_estimates,BMV:BIMBO A (Mex$),Consensus,EPS Normalized,,Actual,FY 2016,FY,2016,,2016-12-31,1.25,,,1.25,Mex$ per share,MXN,"filings/capitaliq/Estimates/Detailed Estimated/SPGlobal_GrupoBimbo,S.A.B.deC.V._DetailedEstimates_20-Sep-2026.xlsx",Detailed Estimates,35
2026-09-20,detailed_estimates,BMV:BIMBO A (Mex$),Consensus,EPS Normalized,,Actual,FQ1 2017,FQ,2017,1,2017-03-31,0.21,,,0.21,Mex$ per share,MXN,"filings/capitaliq/Estimates/Detailed Estimated/SPGlobal_GrupoBimbo,S.A.B.deC.V._DetailedEstimates_20-Sep-2026.xlsx",Detailed Estimates,35
2026-09-20,detailed_estimates,BMV:BIMBO A (Mex$),Consensus,EPS Normalized,,Actual,FQ2 2017,FQ,2017,2,2017-06-30,0.32,,,0.32,Mex$ per share,MXN,"filings/capitaliq/Estimates/Detailed Estimated/SPGlobal_GrupoBimbo,S.A.B.deC.V._DetailedEstimates_20-Sep-2026.xlsx",Detailed Estimates,35
2026-09-20,detailed_estimates,BMV:BIMBO A (Mex$),Consensus,EPS Normalized,,Actual,FQ3 2017,FQ,2017,3,2017-09-30,0.36,,,0.36,Mex$ per share,MXN,"filings/capitaliq/Estimates/Detailed Estimated/SPGlobal_GrupoBimbo,S.A.B.deC.V._DetailedEstimates_20-Sep-2026.xlsx",Detailed Estimates,35
2026-09-20,detailed_estimates,BMV:BIMBO A (Mex$),Consensus,EPS Normalized,,Actual,FQ4 2017,FQ,2017,4,2017-12-31,0.09,,,0.09,Mex$ per share,MXN,"filings/capitaliq/Estimates/Detailed Estimated/SPGlobal_GrupoBimbo,S.A.B.deC.V._DetailedEstimates_20-Sep-2026.xlsx",Detailed Estimates,35
2026-09-20,detailed_estimates,BMV:BIMBO A (Mex$),Consensus,EPS Normalized,,Actual,FY 2017,FY,2017,,2017-12-31,0.98,,,0.98,Mex$ per share,MXN,"filings/capitaliq/Estimates/Detailed Estimated/SPGlobal_GrupoBimbo,S.A.B.deC.V._DetailedEstimates_20-Sep-2026.xlsx",Detailed Estimates,35
2026-09-20,detailed_estimates,BMV:BIMBO A (Mex$),Consensus,EPS Normalized,,Actual,FQ1 2018,FQ,2018,1,2018-03-31,0.27,,,0.27,Mex$ per share,MXN,"filings/capitaliq/Estimates/Detailed Estimated/SPGlobal_GrupoBimbo,S.A.B.deC.V._DetailedEstimates_20-Sep-2026.xlsx",Detailed Estimates,35
2026-09-20,detailed_estimates,BMV:BIMBO A (Mex$),Consensus,EPS Normalized,,Actual,FQ2 2018,FQ,2018,2,2018-06-30,0.3847,,,0.3847,Mex$ per share,MXN,"filings/capitaliq/Estimates/Detailed Estimated/SPGlobal_GrupoBimbo,S.A.B.deC.V._DetailedEstimates_20-Sep-2026.xlsx",Detailed Estimates,35
2026-09-20,detailed_estimates,BMV:BIMBO A (Mex$),Consensus,EPS Normalized,,Actual,FQ3 2018,FQ,2018,3,2018-09-30,0.39,,,0.39,Mex$ per share,MXN,"filings/capitaliq/Estimates/Detailed Estimated/SPGlobal_GrupoBimbo,S.A.B.deC.V._DetailedEstimates_20-Sep-2026.xlsx",Detailed Estimates,35
2026-09-20,detailed_estimates,BMV:BIMBO A (Mex$),Consensus,EPS Normalized,,Actual,FQ4 2018,FQ,2018,4,2018-12-31,0.1954,,,0.1954,Mex$ per share,MXN,"filings/capitaliq/Estimates/Detailed Estimated/SPGlobal_GrupoBimbo,S.A.B.deC.V._DetailedEstimates_20-Sep-2026.xlsx",Detailed Estimates,35
2026-09-20,detailed_estimates,BMV:BIMBO A (Mex$),Consensus,EPS Normalized,,Actual,FY 2018,FY,2018,,2018-12-31,1.24,,,1.24,Mex$ per share,MXN,"filings/capitaliq/Estimates/Detailed Estimated/SPGlobal_GrupoBimbo,S.A.B.deC.V._DetailedEstimates_20-Sep-2026.xlsx",Detailed Estimates,35
2026-09-20,detailed_estimates,BMV:BIMBO A (Mex$),Consensus,EPS Normalized,,Actual,FQ1 2019,FQ,2019,1,2019-03-31,0.28,,,0.28,Mex$ per share,MXN,"filings/capitaliq/Estimates/Detailed Estimated/SPGlobal_GrupoBimbo,S.A.B.deC.V._DetailedEstimates_20-Sep-2026.xlsx",Detailed Estimates,35
2026-09-20,detailed_estimates,BMV:BIMBO A (Mex$),Consensus,EPS Normalized,,Actual,FQ2 2019,FQ,2019,2,2019-06-30,0.26,,,0.26,Mex$ per share,MXN,"filings/capitaliq/Estimates/Detailed Estimated/SPGlobal_GrupoBimbo,S.A.B.deC.V._DetailedEstimates_20-Sep-2026.xlsx",Detailed Estimates,35
2026-09-20,detailed_estimates,BMV:BIMBO A (Mex$),Consensus,EPS Normalized,,Actual,FQ3 2019,FQ,2019,3,2019-09-30,0.42,,,0.42,Mex$ per share,MXN,"filings/capitaliq/Estimates/Detailed Estimated/SPGlobal_GrupoBimbo,S.A.B.deC.V._DetailedEstimates_20-Sep-2026.xlsx",Detailed Estimates,35
2026-09-20,detailed_estimates,BMV:BIMBO A (Mex$),Consensus,EPS Normalized,,Actual,FQ4 2019,FQ,2019,4,2019-12-31,0.39,,,0.39,Mex$ per share,MXN,"filings/capitaliq/Estimates/Detailed Estimated/SPGlobal_GrupoBimbo,S.A.B.deC.V._DetailedEstimates_20-Sep-2026.xlsx",Detailed Estimates,35
2026-09-20,detailed_estimates,BMV:BIMBO A (Mex$),Consensus,EPS Normalized,,Actual,FY 2019,FY,2019,,2019-12-31,1.36,,,1.36,Mex$ per share,MXN,"filings/capitaliq/Estimates/Detailed Estimated/SPGlobal_GrupoBimbo,S.A.B.deC.V._DetailedEstimates_20-Sep-2026.xlsx",Detailed Estimates,35
2026-09-20,detailed_estimates,BMV:BIMBO A (Mex$),Consensus,EPS Normalized,,Actual,FQ1 2020,FQ,2020,1,2020-03-31,0.01,,,0.01,Mex$ per share,MXN,"filings/capitaliq/Estimates/Detailed Estimated/SPGlobal_GrupoBimbo,S.A.B.deC.V._DetailedEstimates_20-Sep-2026.xlsx",Detailed Estimates,35
2026-09-20,detailed_estimates,BMV:BIMBO A (Mex$),Consensus,EPS Normalized,,Actual,FQ2 2020,FQ,2020,2,2020-06-30,0.57,,,0.57,Mex$ per share,MXN,"filings/capitaliq/Estimates/Detailed Estimated/SPGlobal_GrupoBimbo,S.A.B.deC.V._DetailedEstimates_20-Sep-2026.xlsx",Detailed Estimates,35
2026-09-20,detailed_estimates,BMV:BIMBO A (Mex$),Consensus,EPS Normalized,,Actual,FQ3 2020,FQ,2020,3,2020-09-30,0.79,,,0.79,Mex$ per share,MXN,"filings/capitaliq/Estimates/Detailed Estimated/SPGlobal_GrupoBimbo,S.A.B.deC.V._DetailedEstimates_20-Sep-2026.xlsx",Detailed Estimates,35
2026-09-20,detailed_estimates,BMV:BIMBO A (Mex$),Consensus,EPS Normalized,,Actual,FQ4 2020,FQ,2020,4,2020-12-31,0.64,,,0.64,Mex$ per share,MXN,"filings/capitaliq/Estimates/Detailed Estimated/SPGlobal_GrupoBimbo,S.A.B.deC.V._DetailedEstimates_20-Sep-2026.xlsx",Detailed Estimates,35
2026-09-20,detailed_estimates,BMV:BIMBO A (Mex$),Consensus,EPS Normalized,,Actual,FY 2020,FY,2020,,2020-12-31,2,,,2,Mex$ per share,MXN,"filings/capitaliq/Estimates/Detailed Estimated/SPGlobal_GrupoBimbo,S.A.B.deC.V._DetailedEstimates_20-Sep-2026.xlsx",Detailed Estimates,35
2026-09-20,detailed_estimates,BMV:BIMBO A (Mex$),Consensus,EPS Normalized,,Actual,FQ1 2021,FQ,2021,1,2021-03-31,0.9,,,0.9,Mex$ per share,MXN,"filings/capitaliq/Estimates/Detailed Estimated/SPGlobal_GrupoBimbo,S.A.B.deC.V._DetailedEstimates_20-Sep-2026.xlsx",Detailed Estimates,35
2026-09-20,detailed_estimates,BMV:BIMBO A (Mex$),Consensus,EPS Normalized,,Actual,FQ2 2021,FQ,2021,2,2021-06-30,0.7,,,0.7,Mex$ per share,MXN,"filings/capitaliq/Estimates/Detailed Estimated/SPGlobal_GrupoBimbo,S.A.B.deC.V._DetailedEstimates_20-Sep-2026.xlsx",Detailed Estimates,35
2026-09-20,detailed_estimates,BMV:BIMBO A (Mex$),Consensus,EPS Normalized,,Actual,FQ3 2021,FQ,2021,3,2021-09-30,0.95,,,0.95,Mex$ per share,MXN,"filings/capitaliq/Estimates/Detailed Estimated/SPGlobal_GrupoBimbo,S.A.B.deC.V._DetailedEstimates_20-Sep-2026.xlsx",Detailed Estimates,35
2026-09-20,detailed_estimates,BMV:BIMBO A (Mex$),Consensus,EPS Normalized,,Actual,FQ4 2021,FQ,2021,4,2021-12-31,1.08,,,1.08,Mex$ per share,MXN,"filings/capitaliq/Estimates/Detailed Estimated/SPGlobal_GrupoBimbo,S.A.B.deC.V._DetailedEstimates_20-Sep-2026.xlsx",Detailed Estimates,35
2026-09-20,detailed_estimates,BMV:BIMBO A (Mex$),Consensus,EPS Normalized,,Actual,FY 2021,FY,2021,,2021-12-31,3.55,,,3.55,Mex$ per share,MXN,"filings/capitaliq/Estimates/Detailed Estimated/SPGlobal_GrupoBimbo,S.A.B.deC.V._DetailedEstimates_20-Sep-2026.xlsx",Detailed Estimates,35
2026-09-20,detailed_estimates,BMV:BIMBO A (Mex$),Consensus,EPS Normalized,,Actual,FQ1 2022,FQ,2022,1,2022-03-31,1,,,1,Mex$ per share,MXN,"filings/capitaliq/Estimates/Detailed Estimated/SPGlobal_GrupoBimbo,S.A.B.deC.V._DetailedEstimates_20-Sep-2026.xlsx",Detailed Estimates,35
2026-09-20,detailed_estimates,BMV:BIMBO A (Mex$),Consensus,EPS Normalized,,Actual,FQ2 2022,FQ,2022,2,2022-06-30,1.28,,,1.28,Mex$ per share,MXN,"filings/capitaliq/Estimates/Detailed Estimated/SPGlobal_GrupoBimbo,S.A.B.deC.V._DetailedEstimates_20-Sep-2026.xlsx",Detailed Estimates,35
2026-09-20,detailed_estimates,BMV:BIMBO A (Mex$),Consensus,EPS Normalized,,Actual,FQ3 2022,FQ,2022,3,2022-09-30,1.37,,,1.37,Mex$ per share,MXN,"filings/capitaliq/Estimates/Detailed Estimated/SPGlobal_GrupoBimbo,S.A.B.deC.V._DetailedEstimates_20-Sep-2026.xlsx",Detailed Estimates,35
2026-09-20,detailed_estimates,BMV:BIMBO A (Mex$),Consensus,EPS Normalized,,Actual,FQ4 2022,FQ,2022,4,2022-12-31,3.37,,,3.37,Mex$ per share,MXN,"filings/capitaliq/Estimates/Detailed Estimated/SPGlobal_GrupoBimbo,S.A.B.deC.V._DetailedEstimates_20-Sep-2026.xlsx",Detailed Estimates,35
2026-09-20,detailed_estimates,BMV:BIMBO A (Mex$),Consensus,EPS Normalized,,Actual,FY 2022,FY,2022,,2022-12-31,6.81,,,6.81,Mex$ per share,MXN,"filings/capitaliq/Estimates/Detailed Estimated/SPGlobal_GrupoBimbo,S.A.B.deC.V._DetailedEstimates_20-Sep-2026.xlsx",Detailed Estimates,35
2026-09-20,detailed_estimates,BMV:BIMBO A (Mex$),Consensus,EPS Normalized,,Actual,FQ1 2023,FQ,2023,1,2023-03-31,0.92,,,0.92,Mex$ per share,MXN,"filings/capitaliq/Estimates/Detailed Estimated/SPGlobal_GrupoBimbo,S.A.B.deC.V._DetailedEstimates_20-Sep-2026.xlsx",Detailed Estimates,35
2026-09-20,detailed_estimates,BMV:BIMBO A (Mex$),Consensus,EPS Normalized,,Actual,FQ2 2023,FQ,2023,2,2023-06-30,0.89,,,0.89,Mex$ per share,MXN,"filings/capitaliq/Estimates/Detailed Estimated/SPGlobal_GrupoBimbo,S.A.B.deC.V._DetailedEstimates_20-Sep-2026.xlsx",Detailed Estimates,35
2026-09-20,detailed_estimates,BMV:BIMBO A (Mex$),Consensus,EPS Normalized,,Actual,FQ3 2023,FQ,2023,3,2023-09-30,0.95,,,0.95,Mex$ per share,MXN,"filings/capitaliq/Estimates/Detailed Estimated/SPGlobal_GrupoBimbo,S.A.B.deC.V._DetailedEstimates_20-Sep-2026.xlsx",Detailed Estimates,35
2026-09-20,detailed_estimates,BMV:BIMBO A (Mex$),Consensus,EPS Normalized,,Actual,FQ4 2023,FQ,2023,4,2023-12-31,0.74,,,0.74,Mex$ per share,MXN,"filings/capitaliq/Estimates/Detailed Estimated/SPGlobal_GrupoBimbo,S.A.B.deC.V._DetailedEstimates_20-Sep-2026.xlsx",Detailed Estimates,35
2026-09-20,detailed_estimates,BMV:BIMBO A (Mex$),Consensus,EPS Normalized,,Actual,FY 2023,FY,2023,,2023-12-31,3.5,,,3.5,Mex$ per share,MXN,"filings/capitaliq/Estimates/Detailed Estimated/SPGlobal_GrupoBimbo,S.A.B.deC.V._DetailedEstimates_20-Sep-2026.xlsx",Detailed Estimates,35
2026-09-20,detailed_estimates,BMV:BIMBO A (Mex$),Consensus,EPS Normalized,,Actual,FQ1 2024,FQ,2024,1,2024-03-31,0.54,,,0.54,Mex$ per share,MXN,"filings/capitaliq/Estimates/Detailed Estimated/SPGlobal_GrupoBimbo,S.A.B.deC.V._DetailedEstimates_20-Sep-2026.xlsx",Detailed Estimates,35
2026-09-20,detailed_estimates,BMV:BIMBO A (Mex$),Consensus,EPS Normalized,,Actual,FQ2 2024,FQ,2024,2,2024-06-30,0.76,,,0.76,Mex$ per share,MXN,"filings/capitaliq/Estimates/Detailed Estimated/SPGlobal_GrupoBimbo,S.A.B.deC.V._DetailedEstimates_20-Sep-2026.xlsx",Detailed Estimates,35
2026-09-20,detailed_estimates,BMV:BIMBO A (Mex$),Consensus,EPS Normalized,,Actual,FQ3 2024,FQ,2024,3,2024-09-30,0.85,,,0.85,Mex$ per share,MXN,"filings/capitaliq/Estimates/Detailed Estimated/SPGlobal_GrupoBimbo,S.A.B.deC.V._DetailedEstimates_20-Sep-2026.xlsx",Detailed Estimates,35
2026-09-20,detailed_estimates,BMV:BIMBO A (Mex$),Consensus,EPS Normalized,,Actual,FQ4 2024,FQ,2024,4,2024-12-31,0.72,,,0.72,Mex$ per share,MXN,"filings/capitaliq/Estimates/Detailed Estimated/SPGlobal_GrupoBimbo,S.A.B.deC.V._DetailedEstimates_20-Sep-2026.xlsx",Detailed Estimates,35
2026-09-20,detailed_estimates,BMV:BIMBO A (Mex$),Consensus,EPS Normalized,,Actual,FY 2024,FY,2024,,2024-12-31,2.88,,,2.88,Mex$ per share,MXN,"filings/capitaliq/Estimates/Detailed Estimated/SPGlobal_GrupoBimbo,S.A.B.deC.V._DetailedEstimates_20-Sep-2026.xlsx",Detailed Estimates,35
2026-09-20,detailed_estimates,BMV:BIMBO A (Mex$),Consensus,EPS Normalized,,Actual,FQ1 2025,FQ,2025,1,2025-03-31,0.41,,,0.41,Mex$ per share,MXN,"filings/capitaliq/Estimates/Detailed Estimated/SPGlobal_GrupoBimbo,S.A.B.deC.V._DetailedEstimates_20-Sep-2026.xlsx",Detailed Estimates,35
2026-09-20,detailed_estimates,BMV:BIMBO A (Mex$),Consensus,EPS Normalized,,Actual,FQ2 2025,FQ,2025,2,2025-06-30,0.65,,,0.65,Mex$ per share,MXN,"filings/capitaliq/Estimates/Detailed Estimated/SPGlobal_GrupoBimbo,S.A.B.deC.V._DetailedEstimates_20-Sep-2026.xlsx",Detailed Estimates,35
2026-09-20,detailed_estimates,BMV:BIMBO A (Mex$),Consensus,EPS Normalized,,Actual,FQ3 2025,FQ,2025,3,2025-09-30,0.78,,,0.78,Mex$ per share,MXN,"filings/capitaliq/Estimates/Detailed Estimated/SPGlobal_GrupoBimbo,S.A.B.deC.V._DetailedEstimates_20-Sep-2026.xlsx",Detailed Estimates,35
2026-09-20,detailed_estimates,BMV:BIMBO A (Mex$),Consensus,EPS Normalized,,Actual,FQ4 2025,FQ,2025,4,2025-12-31,0.73,,,0.73,Mex$ per share,MXN,"filings/capitaliq/Estimates/Detailed Estimated/SPGlobal_GrupoBimbo,S.A.B.deC.V._DetailedEstimates_20-Sep-2026.xlsx",Detailed Estimates,35
2026-09-20,detailed_estimates,BMV:BIMBO A (Mex$),Consensus,EPS Normalized,,Actual,FY 2025,FY,2025,,2025-12-31,2.58,,,2.58,Mex$ per share,MXN,"filings/capitaliq/Estimates/Detailed Estimated/SPGlobal_GrupoBimbo,S.A.B.deC.V._DetailedEstimates_20-Sep-2026.xlsx",Detailed Estimates,35
2026-09-20,detailed_estimates,BMV:BIMBO A (Mex$),Consensus,EPS Normalized,,Actual,FQ1 2026,FQ,2026,1,2026-03-31,0.55,,,0.55,Mex$ per share,MXN,"filings/capitaliq/Estimates/Detailed Estimated/SPGlobal_GrupoBimbo,S.A.B.deC.V._DetailedEstimates_20-Sep-2026.xlsx",Detailed Estimates,35
2026-09-20,detailed_estimates,BMV:BIMBO A (Mex$),Consensus,EPS Normalized,,Actual,FQ2 2026,FQ,2026,2,2026-06-30,0.68,,,0.68,Mex$ per share,MXN,"filings/capitaliq/Estimates/Detailed Estimated/SPGlobal_GrupoBimbo,S.A.B.deC.V._DetailedEstimates_20-Sep-2026.xlsx",Detailed Estimates,35
2026-09-20,detailed_estimates,BMV:BIMBO A (Mex$),Consensus,EPS Normalized,,Accounting Standard,FY 1998,FY,1998,,1998-12-31,,,text,Mexican GAAP,text/date,MXN,"filings/capitaliq/Estimates/Detailed Estimated/SPGlobal_GrupoBimbo,S.A.B.deC.V._DetailedEstimates_20-Sep-2026.xlsx",Detailed Estimates,36
2026-09-20,detailed_estimates,BMV:BIMBO A (Mex$),Consensus,EPS Normalized,,Accounting Standard,FY 1999,FY,1999,,1999-12-31,,,text,Mexican GAAP,text/date,MXN,"filings/capitaliq/Estimates/Detailed Estimated/SPGlobal_GrupoBimbo,S.A.B.deC.V._DetailedEstimates_20-Sep-2026.xlsx",Detailed Estimates,36
2026-09-20,detailed_estimates,BMV:BIMBO A (Mex$),Consensus,EPS Normalized,,Accounting Standard,FY 2000,FY,2000,,2000-12-31,,,text,Mexican GAAP,text/date,MXN,"filings/capitaliq/Estimates/Detailed Estimated/SPGlobal_GrupoBimbo,S.A.B.deC.V._DetailedEstimates_20-Sep-2026.xlsx",Detailed Estimates,36
2026-09-20,detailed_estimates,BMV:BIMBO A (Mex$),Consensus,EPS Normalized,,Accounting Standard,FY 2001,FY,2001,,2001-12-31,,,text,Mexican GAAP,text/date,MXN,"filings/capitaliq/Estimates/Detailed Estimated/SPGlobal_GrupoBimbo,S.A.B.deC.V._DetailedEstimates_20-Sep-2026.xlsx",Detailed Estimates,36
2026-09-20,detailed_estimates,BMV:BIMBO A (Mex$),Consensus,EPS Normalized,,Accounting Standard,FY 2002,FY,2002,,2002-12-31,,,text,Mexican GAAP,text/date,MXN,"filings/capitaliq/Estimates/Detailed Estimated/SPGlobal_GrupoBimbo,S.A.B.deC.V._DetailedEstimates_20-Sep-2026.xlsx",Detailed Estimates,36
2026-09-20,detailed_estimates,BMV:BIMBO A (Mex$),Consensus,EPS Normalized,,Accounting Standard,FY 2003,FY,2003,,2003-12-31,,,text,Mexican GAAP,text/date,MXN,"filings/capitaliq/Estimates/Detailed Estimated/SPGlobal_GrupoBimbo,S.A.B.deC.V._DetailedEstimates_20-Sep-2026.xlsx",Detailed Estimates,36
2026-09-20,detailed_estimates,BMV:BIMBO A (Mex$),Consensus,EPS Normalized,,Accounting Standard,FQ3 2004,FQ,2004,3,2004-09-30,,,text,Mexican GAAP,text/date,MXN,"filings/capitaliq/Estimates/Detailed Estimated/SPGlobal_GrupoBimbo,S.A.B.deC.V._DetailedEstimates_20-Sep-2026.xlsx",Detailed Estimates,36
2026-09-20,detailed_estimates,BMV:BIMBO A (Mex$),Consensus,EPS Normalized,,Accounting Standard,FQ4 2004,FQ,2004,4,2004-12-31,,,text,Mexican GAAP,text/date,MXN,"filings/capitaliq/Estimates/Detailed Estimated/SPGlobal_GrupoBimbo,S.A.B.deC.V._DetailedEstimates_20-Sep-2026.xlsx",Detailed Estimates,36
2026-09-20,detailed_estimates,BMV:BIMBO A (Mex$),Consensus,EPS Normalized,,Accounting Standard,FY 2004,FY,2004,,2004-12-31,,,text,Mexican GAAP,text/date,MXN,"filings/capitaliq/Estimates/Detailed Estimated/SPGlobal_GrupoBimbo,S.A.B.deC.V._DetailedEstimates_20-Sep-2026.xlsx",Detailed Estimates,36
2026-09-20,detailed_estimates,BMV:BIMBO A (Mex$),Consensus,EPS Normalized,,Accounting Standard,FQ1 2005,FQ,2005,1,2005-03-31,,,text,Mexican GAAP,text/date,MXN,"filings/capitaliq/Estimates/Detailed Estimated/SPGlobal_GrupoBimbo,S.A.B.deC.V._DetailedEstimates_20-Sep-2026.xlsx",Detailed Estimates,36
2026-09-20,detailed_estimates,BMV:BIMBO A (Mex$),Consensus,EPS Normalized,,Accounting Standard,FQ2 2005,FQ,2005,2,2005-06-30,,,text,Mexican GAAP,text/date,MXN,"filings/capitaliq/Estimates/Detailed Estimated/SPGlobal_GrupoBimbo,S.A.B.deC.V._DetailedEstimates_20-Sep-2026.xlsx",Detailed Estimates,36
2026-09-20,detailed_estimates,BMV:BIMBO A (Mex$),Consensus,EPS Normalized,,Accounting Standard,FQ3 2005,FQ,2005,3,2005-09-30,,,text,Mexican GAAP,text/date,MXN,"filings/capitaliq/Estimates/Detailed Estimated/SPGlobal_GrupoBimbo,S.A.B.deC.V._DetailedEstimates_20-Sep-2026.xlsx",Detailed Estimates,36
2026-09-20,detailed_estimates,BMV:BIMBO A (Mex$),Consensus,EPS Normalized,,Accounting Standard,FQ4 2005,FQ,2005,4,2005-12-31,,,text,Mexican GAAP,text/date,MXN,"filings/capitaliq/Estimates/Detailed Estimated/SPGlobal_GrupoBimbo,S.A.B.deC.V._DetailedEstimates_20-Sep-2026.xlsx",Detailed Estimates,36
2026-09-20,detailed_estimates,BMV:BIMBO A (Mex$),Consensus,EPS Normalized,,Accounting Standard,FY 2005,FY,2005,,2005-12-31,,,text,Mexican GAAP,text/date,MXN,"filings/capitaliq/Estimates/Detailed Estimated/SPGlobal_GrupoBimbo,S.A.B.deC.V._DetailedEstimates_20-Sep-2026.xlsx",Detailed Estimates,36
2026-09-20,detailed_estimates,BMV:BIMBO A (Mex$),Consensus,EPS Normalized,,Accounting Standard,FQ1 2006,FQ,2006,1,2006-03-31,,,text,Mexican GAAP,text/date,MXN,"filings/capitaliq/Estimates/Detailed Estimated/SPGlobal_GrupoBimbo,S.A.B.deC.V._DetailedEstimates_20-Sep-2026.xlsx",Detailed Estimates,36
2026-09-20,detailed_estimates,BMV:BIMBO A (Mex$),Consensus,EPS Normalized,,Accounting Standard,FQ2 2006,FQ,2006,2,2006-06-30,,,text,Mexican GAAP,text/date,MXN,"filings/capitaliq/Estimates/Detailed Estimated/SPGlobal_GrupoBimbo,S.A.B.deC.V._DetailedEstimates_20-Sep-2026.xlsx",Detailed Estimates,36
2026-09-20,detailed_estimates,BMV:BIMBO A (Mex$),Consensus,EPS Normalized,,Accounting Standard,FQ3 2006,FQ,2006,3,2006-09-30,,,text,Mexican GAAP,text/date,MXN,"filings/capitaliq/Estimates/Detailed Estimated/SPGlobal_GrupoBimbo,S.A.B.deC.V._DetailedEstimates_20-Sep-2026.xlsx",Detailed Estimates,36
2026-09-20,detailed_estimates,BMV:BIMBO A (Mex$),Consensus,EPS Normalized,,Accounting Standard,FQ4 2006,FQ,2006,4,2006-12-31,,,text,Mexican GAAP,text/date,MXN,"filings/capitaliq/Estimates/Detailed Estimated/SPGlobal_GrupoBimbo,S.A.B.deC.V._DetailedEstimates_20-Sep-2026.xlsx",Detailed Estimates,36
2026-09-20,detailed_estimates,BMV:BIMBO A (Mex$),Consensus,EPS Normalized,,Accounting Standard,FY 2006,FY,2006,,2006-12-31,,,text,Mexican GAAP,text/date,MXN,"filings/capitaliq/Estimates/Detailed Estimated/SPGlobal_GrupoBimbo,S.A.B.deC.V._DetailedEstimates_20-Sep-2026.xlsx",Detailed Estimates,36
2026-09-20,detailed_estimates,BMV:BIMBO A (Mex$),Consensus,EPS Normalized,,Accounting Standard,FQ1 2007,FQ,2007,1,2007-03-31,,,text,Mexican GAAP,text/date,MXN,"filings/capitaliq/Estimates/Detailed Estimated/SPGlobal_GrupoBimbo,S.A.B.deC.V._DetailedEstimates_20-Sep-2026.xlsx",Detailed Estimates,36
2026-09-20,detailed_estimates,BMV:BIMBO A (Mex$),Consensus,EPS Normalized,,Accounting Standard,FQ2 2007,FQ,2007,2,2007-06-30,,,text,Mexican GAAP,text/date,MXN,"filings/capitaliq/Estimates/Detailed Estimated/SPGlobal_GrupoBimbo,S.A.B.deC.V._DetailedEstimates_20-Sep-2026.xlsx",Detailed Estimates,36
2026-09-20,detailed_estimates,BMV:BIMBO A (Mex$),Consensus,EPS Normalized,,Accounting Standard,FQ3 2007,FQ,2007,3,2007-09-30,,,text,Mexican GAAP,text/date,MXN,"filings/capitaliq/Estimates/Detailed Estimated/SPGlobal_GrupoBimbo,S.A.B.deC.V._DetailedEstimates_20-Sep-2026.xlsx",Detailed Estimates,36
2026-09-20,detailed_estimates,BMV:BIMBO A (Mex$),Consensus,EPS Normalized,,Accounting Standard,FQ4 2007,FQ,2007,4,2007-12-31,,,text,Mexican GAAP,text/date,MXN,"filings/capitaliq/Estimates/Detailed Estimated/SPGlobal_GrupoBimbo,S.A.B.deC.V._DetailedEstimates_20-Sep-2026.xlsx",Detailed Estimates,36
2026-09-20,detailed_estimates,BMV:BIMBO A (Mex$),Consensus,EPS Normalized,,Accounting Standard,FY 2007,FY,2007,,2007-12-31,,,text,Mexican GAAP,text/date,MXN,"filings/capitaliq/Estimates/Detailed Estimated/SPGlobal_GrupoBimbo,S.A.B.deC.V._DetailedEstimates_20-Sep-2026.xlsx",Detailed Estimates,36
2026-09-20,detailed_estimates,BMV:BIMBO A (Mex$),Consensus,EPS Normalized,,Accounting Standard,FQ1 2008,FQ,2008,1,2008-03-31,,,text,Mexican GAAP,text/date,MXN,"filings/capitaliq/Estimates/Detailed Estimated/SPGlobal_GrupoBimbo,S.A.B.deC.V._DetailedEstimates_20-Sep-2026.xlsx",Detailed Estimates,36
2026-09-20,detailed_estimates,BMV:BIMBO A (Mex$),Consensus,EPS Normalized,,Accounting Standard,FQ2 2008,FQ,2008,2,2008-06-30,,,text,Mexican GAAP,text/date,MXN,"filings/capitaliq/Estimates/Detailed Estimated/SPGlobal_GrupoBimbo,S.A.B.deC.V._DetailedEstimates_20-Sep-2026.xlsx",Detailed Estimates,36
2026-09-20,detailed_estimates,BMV:BIMBO A (Mex$),Consensus,EPS Normalized,,Accounting Standard,FQ3 2008,FQ,2008,3,2008-09-30,,,text,Mexican GAAP,text/date,MXN,"filings/capitaliq/Estimates/Detailed Estimated/SPGlobal_GrupoBimbo,S.A.B.deC.V._DetailedEstimates_20-Sep-2026.xlsx",Detailed Estimates,36
2026-09-20,detailed_estimates,BMV:BIMBO A (Mex$),Consensus,EPS Normalized,,Accounting Standard,FQ4 2008,FQ,2008,4,2008-12-31,,,text,Mexican GAAP,text/date,MXN,"filings/capitaliq/Estimates/Detailed Estimated/SPGlobal_GrupoBimbo,S.A.B.deC.V._DetailedEstimates_20-Sep-2026.xlsx",Detailed Estimates,36
2026-09-20,detailed_estimates,BMV:BIMBO A (Mex$),Consensus,EPS Normalized,,Accounting Standard,FY 2008,FY,2008,,2008-12-31,,,text,Mexican GAAP,text/date,MXN,"filings/capitaliq/Estimates/Detailed Estimated/SPGlobal_GrupoBimbo,S.A.B.deC.V._DetailedEstimates_20-Sep-2026.xlsx",Detailed Estimates,36
2026-09-20,detailed_estimates,BMV:BIMBO A (Mex$),Consensus,EPS Normalized,,Accounting Standard,FQ1 2009,FQ,2009,1,2009-03-31,,,text,Mexican GAAP,text/date,MXN,"filings/capitaliq/Estimates/Detailed Estimated/SPGlobal_GrupoBimbo,S.A.B.deC.V._DetailedEstimates_20-Sep-2026.xlsx",Detailed Estimates,36
2026-09-20,detailed_estimates,BMV:BIMBO A (Mex$),Consensus,EPS Normalized,,Accounting Standard,FQ3 2009,FQ,2009,3,2009-09-30,,,text,Mexican GAAP,text/date,MXN,"filings/capitaliq/Estimates/Detailed Estimated/SPGlobal_GrupoBimbo,S.A.B.deC.V._DetailedEstimates_20-Sep-2026.xlsx",Detailed Estimates,36
2026-09-20,detailed_estimates,BMV:BIMBO A (Mex$),Consensus,EPS Normalized,,Accounting Standard,FQ4 2009,FQ,2009,4,2009-12-31,,,text,Mexican GAAP,text/date,MXN,"filings/capitaliq/Estimates/Detailed Estimated/SPGlobal_GrupoBimbo,S.A.B.deC.V._DetailedEstimates_20-Sep-2026.xlsx",Detailed Estimates,36
2026-09-20,detailed_estimates,BMV:BIMBO A (Mex$),Consensus,EPS Normalized,,Accounting Standard,FY 2009,FY,2009,,2009-12-31,,,text,Mexican GAAP,text/date,MXN,"filings/capitaliq/Estimates/Detailed Estimated/SPGlobal_GrupoBimbo,S.A.B.deC.V._DetailedEstimates_20-Sep-2026.xlsx",Detailed Estimates,36
2026-09-20,detailed_estimates,BMV:BIMBO A (Mex$),Consensus,EPS Normalized,,Accounting Standard,FQ2 2010,FQ,2010,2,2010-06-30,,,text,Mexican GAAP,text/date,MXN,"filings/capitaliq/Estimates/Detailed Estimated/SPGlobal_GrupoBimbo,S.A.B.deC.V._DetailedEstimates_20-Sep-2026.xlsx",Detailed Estimates,36
2026-09-20,detailed_estimates,BMV:BIMBO A (Mex$),Consensus,EPS Normalized,,Accounting Standard,FQ3 2010,FQ,2010,3,2010-09-30,,,text,Mexican GAAP,text/date,MXN,"filings/capitaliq/Estimates/Detailed Estimated/SPGlobal_GrupoBimbo,S.A.B.deC.V._DetailedEstimates_20-Sep-2026.xlsx",Detailed Estimates,36
2026-09-20,detailed_estimates,BMV:BIMBO A (Mex$),Consensus,EPS Normalized,,Accounting Standard,FQ4 2010,FQ,2010,4,2010-12-31,,,text,Mexican GAAP,text/date,MXN,"filings/capitaliq/Estimates/Detailed Estimated/SPGlobal_GrupoBimbo,S.A.B.deC.V._DetailedEstimates_20-Sep-2026.xlsx",Detailed Estimates,36
2026-09-20,detailed_estimates,BMV:BIMBO A (Mex$),Consensus,EPS Normalized,,Accounting Standard,FY 2010,FY,2010,,2010-12-31,,,text,Mexican GAAP,text/date,MXN,"filings/capitaliq/Estimates/Detailed Estimated/SPGlobal_GrupoBimbo,S.A.B.deC.V._DetailedEstimates_20-Sep-2026.xlsx",Detailed Estimates,36
2026-09-20,detailed_estimates,BMV:BIMBO A (Mex$),Consensus,EPS Normalized,,Accounting Standard,FQ2 2011,FQ,2011,2,2011-06-30,,,text,Mexican GAAP,text/date,MXN,"filings/capitaliq/Estimates/Detailed Estimated/SPGlobal_GrupoBimbo,S.A.B.deC.V._DetailedEstimates_20-Sep-2026.xlsx",Detailed Estimates,36
2026-09-20,detailed_estimates,BMV:BIMBO A (Mex$),Consensus,EPS Normalized,,Accounting Standard,FQ3 2011,FQ,2011,3,2011-09-30,,,text,Mexican GAAP,text/date,MXN,"filings/capitaliq/Estimates/Detailed Estimated/SPGlobal_GrupoBimbo,S.A.B.deC.V._DetailedEstimates_20-Sep-2026.xlsx",Detailed Estimates,36
2026-09-20,detailed_estimates,BMV:BIMBO A (Mex$),Consensus,EPS Normalized,,Accounting Standard,FQ4 2011,FQ,2011,4,2011-12-31,,,text,Mexican GAAP,text/date,MXN,"filings/capitaliq/Estimates/Detailed Estimated/SPGlobal_GrupoBimbo,S.A.B.deC.V._DetailedEstimates_20-Sep-2026.xlsx",Detailed Estimates,36
2026-09-20,detailed_estimates,BMV:BIMBO A (Mex$),Consensus,EPS Normalized,,Accounting Standard,FY 2011,FY,2011,,2011-12-31,,,text,Mexican GAAP,text/date,MXN,"filings/capitaliq/Estimates/Detailed Estimated/SPGlobal_GrupoBimbo,S.A.B.deC.V._DetailedEstimates_20-Sep-2026.xlsx",Detailed Estimates,36
2026-09-20,detailed_estimates,BMV:BIMBO A (Mex$),Consensus,EPS Normalized,,Accounting Standard,FQ4 2012,FQ,2012,4,2012-12-31,,,text,IFRS,text/date,MXN,"filings/capitaliq/Estimates/Detailed Estimated/SPGlobal_GrupoBimbo,S.A.B.deC.V._DetailedEstimates_20-Sep-2026.xlsx",Detailed Estimates,36
2026-09-20,detailed_estimates,BMV:BIMBO A (Mex$),Consensus,EPS Normalized,,Accounting Standard,FY 2012,FY,2012,,2012-12-31,,,text,IFRS,text/date,MXN,"filings/capitaliq/Estimates/Detailed Estimated/SPGlobal_GrupoBimbo,S.A.B.deC.V._DetailedEstimates_20-Sep-2026.xlsx",Detailed Estimates,36
2026-09-20,detailed_estimates,BMV:BIMBO A (Mex$),Consensus,EPS Normalized,,Accounting Standard,FQ1 2013,FQ,2013,1,2013-03-31,,,text,IFRS,text/date,MXN,"filings/capitaliq/Estimates/Detailed Estimated/SPGlobal_GrupoBimbo,S.A.B.deC.V._DetailedEstimates_20-Sep-2026.xlsx",Detailed Estimates,36
2026-09-20,detailed_estimates,BMV:BIMBO A (Mex$),Consensus,EPS Normalized,,Accounting Standard,FQ2 2013,FQ,2013,2,2013-06-30,,,text,IFRS,text/date,MXN,"filings/capitaliq/Estimates/Detailed Estimated/SPGlobal_GrupoBimbo,S.A.B.deC.V._DetailedEstimates_20-Sep-2026.xlsx",Detailed Estimates,36
2026-09-20,detailed_estimates,BMV:BIMBO A (Mex$),Consensus,EPS Normalized,,Accounting Standard,FQ3 2013,FQ,2013,3,2013-09-30,,,text,IFRS,text/date,MXN,"filings/capitaliq/Estimates/Detailed Estimated/SPGlobal_GrupoBimbo,S.A.B.deC.V._DetailedEstimates_20-Sep-2026.xlsx",Detailed Estimates,36
2026-09-20,detailed_estimates,BMV:BIMBO A (Mex$),Consensus,EPS Normalized,,Accounting Standard,FQ4 2013,FQ,2013,4,2013-12-31,,,text,IFRS,text/date,MXN,"filings/capitaliq/Estimates/Detailed Estimated/SPGlobal_GrupoBimbo,S.A.B.deC.V._DetailedEstimates_20-Sep-2026.xlsx",Detailed Estimates,36
2026-09-20,detailed_estimates,BMV:BIMBO A (Mex$),Consensus,EPS Normalized,,Accounting Standard,FY 2013,FY,2013,,2013-12-31,,,text,IFRS,text/date,MXN,"filings/capitaliq/Estimates/Detailed Estimated/SPGlobal_GrupoBimbo,S.A.B.deC.V._DetailedEstimates_20-Sep-2026.xlsx",Detailed Estimates,36
2026-09-20,detailed_estimates,BMV:BIMBO A (Mex$),Consensus,EPS Normalized,,Accounting Standard,FQ1 2014,FQ,2014,1,2014-03-31,,,text,IFRS,text/date,MXN,"filings/capitaliq/Estimates/Detailed Estimated/SPGlobal_GrupoBimbo,S.A.B.deC.V._DetailedEstimates_20-Sep-2026.xlsx",Detailed Estimates,36
2026-09-20,detailed_estimates,BMV:BIMBO A (Mex$),Consensus,EPS Normalized,,Accounting Standard,FQ2 2014,FQ,2014,2,2014-06-30,,,text,IFRS,text/date,MXN,"filings/capitaliq/Estimates/Detailed Estimated/SPGlobal_GrupoBimbo,S.A.B.deC.V._DetailedEstimates_20-Sep-2026.xlsx",Detailed Estimates,36
2026-09-20,detailed_estimates,BMV:BIMBO A (Mex$),Consensus,EPS Normalized,,Accounting Standard,FQ3 2014,FQ,2014,3,2014-09-30,,,text,IFRS,text/date,MXN,"filings/capitaliq/Estimates/Detailed Estimated/SPGlobal_GrupoBimbo,S.A.B.deC.V._DetailedEstimates_20-Sep-2026.xlsx",Detailed Estimates,36
2026-09-20,detailed_estimates,BMV:BIMBO A (Mex$),Consensus,EPS Normalized,,Accounting Standard,FQ4 2014,FQ,2014,4,2014-12-31,,,text,IFRS,text/date,MXN,"filings/capitaliq/Estimates/Detailed Estimated/SPGlobal_GrupoBimbo,S.A.B.deC.V._DetailedEstimates_20-Sep-2026.xlsx",Detailed Estimates,36
2026-09-20,detailed_estimates,BMV:BIMBO A (Mex$),Consensus,EPS Normalized,,Accounting Standard,FY 2014,FY,2014,,2014-12-31,,,text,IFRS,text/date,MXN,"filings/capitaliq/Estimates/Detailed Estimated/SPGlobal_GrupoBimbo,S.A.B.deC.V._DetailedEstimates_20-Sep-2026.xlsx",Detailed Estimates,36
2026-09-20,detailed_estimates,BMV:BIMBO A (Mex$),Consensus,EPS Normalized,,Accounting Standard,FQ1 2015,FQ,2015,1,2015-03-31,,,text,IFRS,text/date,MXN,"filings/capitaliq/Estimates/Detailed Estimated/SPGlobal_GrupoBimbo,S.A.B.deC.V._DetailedEstimates_20-Sep-2026.xlsx",Detailed Estimates,36
2026-09-20,detailed_estimates,BMV:BIMBO A (Mex$),Consensus,EPS Normalized,,Accounting Standard,FQ2 2015,FQ,2015,2,2015-06-30,,,text,IFRS,text/date,MXN,"filings/capitaliq/Estimates/Detailed Estimated/SPGlobal_GrupoBimbo,S.A.B.deC.V._DetailedEstimates_20-Sep-2026.xlsx",Detailed Estimates,36
2026-09-20,detailed_estimates,BMV:BIMBO A (Mex$),Consensus,EPS Normalized,,Accounting Standard,FQ3 2015,FQ,2015,3,2015-09-30,,,text,IFRS,text/date,MXN,"filings/capitaliq/Estimates/Detailed Estimated/SPGlobal_GrupoBimbo,S.A.B.deC.V._DetailedEstimates_20-Sep-2026.xlsx",Detailed Estimates,36
2026-09-20,detailed_estimates,BMV:BIMBO A (Mex$),Consensus,EPS Normalized,,Accounting Standard,FQ4 2015,FQ,2015,4,2015-12-31,,,text,IFRS,text/date,MXN,"filings/capitaliq/Estimates/Detailed Estimated/SPGlobal_GrupoBimbo,S.A.B.deC.V._DetailedEstimates_20-Sep-2026.xlsx",Detailed Estimates,36
2026-09-20,detailed_estimates,BMV:BIMBO A (Mex$),Consensus,EPS Normalized,,Accounting Standard,FY 2015,FY,2015,,2015-12-31,,,text,IFRS,text/date,MXN,"filings/capitaliq/Estimates/Detailed Estimated/SPGlobal_GrupoBimbo,S.A.B.deC.V._DetailedEstimates_20-Sep-2026.xlsx",Detailed Estimates,36
2026-09-20,detailed_estimates,BMV:BIMBO A (Mex$),Consensus,EPS Normalized,,Accounting Standard,FQ1 2016,FQ,2016,1,2016-03-31,,,text,IFRS,text/date,MXN,"filings/capitaliq/Estimates/Detailed Estimated/SPGlobal_GrupoBimbo,S.A.B.deC.V._DetailedEstimates_20-Sep-2026.xlsx",Detailed Estimates,36
2026-09-20,detailed_estimates,BMV:BIMBO A (Mex$),Consensus,EPS Normalized,,Accounting Standard,FQ2 2016,FQ,2016,2,2016-06-30,,,text,IFRS,text/date,MXN,"filings/capitaliq/Estimates/Detailed Estimated/SPGlobal_GrupoBimbo,S.A.B.deC.V._DetailedEstimates_20-Sep-2026.xlsx",Detailed Estimates,36
2026-09-20,detailed_estimates,BMV:BIMBO A (Mex$),Consensus,EPS Normalized,,Accounting Standard,FQ3 2016,FQ,2016,3,2016-09-30,,,text,IFRS,text/date,MXN,"filings/capitaliq/Estimates/Detailed Estimated/SPGlobal_GrupoBimbo,S.A.B.deC.V._DetailedEstimates_20-Sep-2026.xlsx",Detailed Estimates,36
2026-09-20,detailed_estimates,BMV:BIMBO A (Mex$),Consensus,EPS Normalized,,Accounting Standard,FQ4 2016,FQ,2016,4,2016-12-31,,,text,IFRS,text/date,MXN,"filings/capitaliq/Estimates/Detailed Estimated/SPGlobal_GrupoBimbo,S.A.B.deC.V._DetailedEstimates_20-Sep-2026.xlsx",Detailed Estimates,36
2026-09-20,detailed_estimates,BMV:BIMBO A (Mex$),Consensus,EPS Normalized,,Accounting Standard,FY 2016,FY,2016,,2016-12-31,,,text,IFRS,text/date,MXN,"filings/capitaliq/Estimates/Detailed Estimated/SPGlobal_GrupoBimbo,S.A.B.deC.V._DetailedEstimates_20-Sep-2026.xlsx",Detailed Estimates,36
2026-09-20,detailed_estimates,BMV:BIMBO A (Mex$),Consensus,EPS Normalized,,Accounting Standard,FQ1 2017,FQ,2017,1,2017-03-31,,,text,IFRS,text/date,MXN,"filings/capitaliq/Estimates/Detailed Estimated/SPGlobal_GrupoBimbo,S.A.B.deC.V._DetailedEstimates_20-Sep-2026.xlsx",Detailed Estimates,36
2026-09-20,detailed_estimates,BMV:BIMBO A (Mex$),Consensus,EPS Normalized,,Accounting Standard,FQ2 2017,FQ,2017,2,2017-06-30,,,text,IFRS,text/date,MXN,"filings/capitaliq/Estimates/Detailed Estimated/SPGlobal_GrupoBimbo,S.A.B.deC.V._DetailedEstimates_20-Sep-2026.xlsx",Detailed Estimates,36
2026-09-20,detailed_estimates,BMV:BIMBO A (Mex$),Consensus,EPS Normalized,,Accounting Standard,FQ3 2017,FQ,2017,3,2017-09-30,,,text,IFRS,text/date,MXN,"filings/capitaliq/Estimates/Detailed Estimated/SPGlobal_GrupoBimbo,S.A.B.deC.V._DetailedEstimates_20-Sep-2026.xlsx",Detailed Estimates,36
2026-09-20,detailed_estimates,BMV:BIMBO A (Mex$),Consensus,EPS Normalized,,Accounting Standard,FQ4 2017,FQ,2017,4,2017-12-31,,,text,IFRS,text/date,MXN,"filings/capitaliq/Estimates/Detailed Estimated/SPGlobal_GrupoBimbo,S.A.B.deC.V._DetailedEstimates_20-Sep-2026.xlsx",Detailed Estimates,36
2026-09-20,detailed_estimates,BMV:BIMBO A (Mex$),Consensus,EPS Normalized,,Accounting Standard,FY 2017,FY,2017,,2017-12-31,,,text,IFRS,text/date,MXN,"filings/capitaliq/Estimates/Detailed Estimated/SPGlobal_GrupoBimbo,S.A.B.deC.V._DetailedEstimates_20-Sep-2026.xlsx",Detailed Estimates,36
2026-09-20,detailed_estimates,BMV:BIMBO A (Mex$),Consensus,EPS Normalized,,Accounting Standard,FQ1 2018,FQ,2018,1,2018-03-31,,,text,IFRS,text/date,MXN,"filings/capitaliq/Estimates/Detailed Estimated/SPGlobal_GrupoBimbo,S.A.B.deC.V._DetailedEstimates_20-Sep-2026.xlsx",Detailed Estimates,36
2026-09-20,detailed_estimates,BMV:BIMBO A (Mex$),Consensus,EPS Normalized,,Accounting Standard,FQ2 2018,FQ,2018,2,2018-06-30,,,text,IFRS,text/date,MXN,"filings/capitaliq/Estimates/Detailed Estimated/SPGlobal_GrupoBimbo,S.A.B.deC.V._DetailedEstimates_20-Sep-2026.xlsx",Detailed Estimates,36
2026-09-20,detailed_estimates,BMV:BIMBO A (Mex$),Consensus,EPS Normalized,,Accounting Standard,FQ3 2018,FQ,2018,3,2018-09-30,,,text,IFRS,text/date,MXN,"filings/capitaliq/Estimates/Detailed Estimated/SPGlobal_GrupoBimbo,S.A.B.deC.V._DetailedEstimates_20-Sep-2026.xlsx",Detailed Estimates,36
2026-09-20,detailed_estimates,BMV:BIMBO A (Mex$),Consensus,EPS Normalized,,Accounting Standard,FQ4 2018,FQ,2018,4,2018-12-31,,,text,IFRS,text/date,MXN,"filings/capitaliq/Estimates/Detailed Estimated/SPGlobal_GrupoBimbo,S.A.B.deC.V._DetailedEstimates_20-Sep-2026.xlsx",Detailed Estimates,36
2026-09-20,detailed_estimates,BMV:BIMBO A (Mex$),Consensus,EPS Normalized,,Accounting Standard,FY 2018,FY,2018,,2018-12-31,,,text,IFRS,text/date,MXN,"filings/capitaliq/Estimates/Detailed Estimated/SPGlobal_GrupoBimbo,S.A.B.deC.V._DetailedEstimates_20-Sep-2026.xlsx",Detailed Estimates,36
2026-09-20,detailed_estimates,BMV:BIMBO A (Mex$),Consensus,EPS Normalized,,Accounting Standard,FQ1 2019,FQ,2019,1,2019-03-31,,,text,IFRS,text/date,MXN,"filings/capitaliq/Estimates/Detailed Estimated/SPGlobal_GrupoBimbo,S.A.B.deC.V._DetailedEstimates_20-Sep-2026.xlsx",Detailed Estimates,36
2026-09-20,detailed_estimates,BMV:BIMBO A (Mex$),Consensus,EPS Normalized,,Accounting Standard,FQ2 2019,FQ,2019,2,2019-06-30,,,text,IFRS,text/date,MXN,"filings/capitaliq/Estimates/Detailed Estimated/SPGlobal_GrupoBimbo,S.A.B.deC.V._DetailedEstimates_20-Sep-2026.xlsx",Detailed Estimates,36
2026-09-20,detailed_estimates,BMV:BIMBO A (Mex$),Consensus,EPS Normalized,,Accounting Standard,FQ3 2019,FQ,2019,3,2019-09-30,,,text,IFRS,text/date,MXN,"filings/capitaliq/Estimates/Detailed Estimated/SPGlobal_GrupoBimbo,S.A.B.deC.V._DetailedEstimates_20-Sep-2026.xlsx",Detailed Estimates,36
2026-09-20,detailed_estimates,BMV:BIMBO A (Mex$),Consensus,EPS Normalized,,Accounting Standard,FQ4 2019,FQ,2019,4,2019-12-31,,,text,IFRS,text/date,MXN,"filings/capitaliq/Estimates/Detailed Estimated/SPGlobal_GrupoBimbo,S.A.B.deC.V._DetailedEstimates_20-Sep-2026.xlsx",Detailed Estimates,36
2026-09-20,detailed_estimates,BMV:BIMBO A (Mex$),Consensus,EPS Normalized,,Accounting Standard,FY 2019,FY,2019,,2019-12-31,,,text,IFRS,text/date,MXN,"filings/capitaliq/Estimates/Detailed Estimated/SPGlobal_GrupoBimbo,S.A.B.deC.V._DetailedEstimates_20-Sep-2026.xlsx",Detailed Estimates,36
2026-09-20,detailed_estimates,BMV:BIMBO A (Mex$),Consensus,EPS Normalized,,Accounting Standard,FQ1 2020,FQ,2020,1,2020-03-31,,,text,IFRS,text/date,MXN,"filings/capitaliq/Estimates/Detailed Estimated/SPGlobal_GrupoBimbo,S.A.B.deC.V._DetailedEstimates_20-Sep-2026.xlsx",Detailed Estimates,36
2026-09-20,detailed_estimates,BMV:BIMBO A (Mex$),Consensus,EPS Normalized,,Accounting Standard,FQ2 2020,FQ,2020,2,2020-06-30,,,text,IFRS,text/date,MXN,"filings/capitaliq/Estimates/Detailed Estimated/SPGlobal_GrupoBimbo,S.A.B.deC.V._DetailedEstimates_20-Sep-2026.xlsx",Detailed Estimates,36
2026-09-20,detailed_estimates,BMV:BIMBO A (Mex$),Consensus,EPS Normalized,,Accounting Standard,FQ3 2020,FQ,2020,3,2020-09-30,,,text,IFRS,text/date,MXN,"filings/capitaliq/Estimates/Detailed Estimated/SPGlobal_GrupoBimbo,S.A.B.deC.V._DetailedEstimates_20-Sep-2026.xlsx",Detailed Estimates,36
2026-09-20,detailed_estimates,BMV:BIMBO A (Mex$),Consensus,EPS Normalized,,Accounting Standard,FQ4 2020,FQ,2020,4,2020-12-31,,,text,IFRS,text/date,MXN,"filings/capitaliq/Estimates/Detailed Estimated/SPGlobal_GrupoBimbo,S.A.B.deC.V._DetailedEstimates_20-Sep-2026.xlsx",Detailed Estimates,36
2026-09-20,detailed_estimates,BMV:BIMBO A (Mex$),Consensus,EPS Normalized,,Accounting Standard,FY 2020,FY,2020,,2020-12-31,,,text,IFRS,text/date,MXN,"filings/capitaliq/Estimates/Detailed Estimated/SPGlobal_GrupoBimbo,S.A.B.deC.V._DetailedEstimates_20-Sep-2026.xlsx",Detailed Estimates,36
2026-09-20,detailed_estimates,BMV:BIMBO A (Mex$),Consensus,EPS Normalized,,Accounting Standard,FQ1 2021,FQ,2021,1,2021-03-31,,,text,IFRS,text/date,MXN,"filings/capitaliq/Estimates/Detailed Estimated/SPGlobal_GrupoBimbo,S.A.B.deC.V._DetailedEstimates_20-Sep-2026.xlsx",Detailed Estimates,36
2026-09-20,detailed_estimates,BMV:BIMBO A (Mex$),Consensus,EPS Normalized,,Accounting Standard,FQ2 2021,FQ,2021,2,2021-06-30,,,text,IFRS,text/date,MXN,"filings/capitaliq/Estimates/Detailed Estimated/SPGlobal_GrupoBimbo,S.A.B.deC.V._DetailedEstimates_20-Sep-2026.xlsx",Detailed Estimates,36
2026-09-20,detailed_estimates,BMV:BIMBO A (Mex$),Consensus,EPS Normalized,,Accounting Standard,FQ3 2021,FQ,2021,3,2021-09-30,,,text,IFRS,text/date,MXN,"filings/capitaliq/Estimates/Detailed Estimated/SPGlobal_GrupoBimbo,S.A.B.deC.V._DetailedEstimates_20-Sep-2026.xlsx",Detailed Estimates,36
2026-09-20,detailed_estimates,BMV:BIMBO A (Mex$),Consensus,EPS Normalized,,Accounting Standard,FQ4 2021,FQ,2021,4,2021-12-31,,,text,IFRS,text/date,MXN,"filings/capitaliq/Estimates/Detailed Estimated/SPGlobal_GrupoBimbo,S.A.B.deC.V._DetailedEstimates_20-Sep-2026.xlsx",Detailed Estimates,36
2026-09-20,detailed_estimates,BMV:BIMBO A (Mex$),Consensus,EPS Normalized,,Accounting Standard,FY 2021,FY,2021,,2021-12-31,,,text,IFRS,text/date,MXN,"filings/capitaliq/Estimates/Detailed Estimated/SPGlobal_GrupoBimbo,S.A.B.deC.V._DetailedEstimates_20-Sep-2026.xlsx",Detailed Estimates,36
2026-09-20,detailed_estimates,BMV:BIMBO A (Mex$),Consensus,EPS Normalized,,Accounting Standard,FQ1 2022,FQ,2022,1,2022-03-31,,,text,IFRS,text/date,MXN,"filings/capitaliq/Estimates/Detailed Estimated/SPGlobal_GrupoBimbo,S.A.B.deC.V._DetailedEstimates_20-Sep-2026.xlsx",Detailed Estimates,36
2026-09-20,detailed_estimates,BMV:BIMBO A (Mex$),Consensus,EPS Normalized,,Accounting Standard,FQ2 2022,FQ,2022,2,2022-06-30,,,text,IFRS,text/date,MXN,"filings/capitaliq/Estimates/Detailed Estimated/SPGlobal_GrupoBimbo,S.A.B.deC.V._DetailedEstimates_20-Sep-2026.xlsx",Detailed Estimates,36
2026-09-20,detailed_estimates,BMV:BIMBO A (Mex$),Consensus,EPS Normalized,,Accounting Standard,FQ3 2022,FQ,2022,3,2022-09-30,,,text,IFRS,text/date,MXN,"filings/capitaliq/Estimates/Detailed Estimated/SPGlobal_GrupoBimbo,S.A.B.deC.V._DetailedEstimates_20-Sep-2026.xlsx",Detailed Estimates,36
2026-09-20,detailed_estimates,BMV:BIMBO A (Mex$),Consensus,EPS Normalized,,Accounting Standard,FQ4 2022,FQ,2022,4,2022-12-31,,,text,IFRS,text/date,MXN,"filings/capitaliq/Estimates/Detailed Estimated/SPGlobal_GrupoBimbo,S.A.B.deC.V._DetailedEstimates_20-Sep-2026.xlsx",Detailed Estimates,36
2026-09-20,detailed_estimates,BMV:BIMBO A (Mex$),Consensus,EPS Normalized,,Accounting Standard,FY 2022,FY,2022,,2022-12-31,,,text,IFRS,text/date,MXN,"filings/capitaliq/Estimates/Detailed Estimated/SPGlobal_GrupoBimbo,S.A.B.deC.V._DetailedEstimates_20-Sep-2026.xlsx",Detailed Estimates,36
2026-09-20,detailed_estimates,BMV:BIMBO A (Mex$),Consensus,EPS Normalized,,Accounting Standard,FQ1 2023,FQ,2023,1,2023-03-31,,,text,IFRS,text/date,MXN,"filings/capitaliq/Estimates/Detailed Estimated/SPGlobal_GrupoBimbo,S.A.B.deC.V._DetailedEstimates_20-Sep-2026.xlsx",Detailed Estimates,36
2026-09-20,detailed_estimates,BMV:BIMBO A (Mex$),Consensus,EPS Normalized,,Accounting Standard,FQ2 2023,FQ,2023,2,2023-06-30,,,text,IFRS,text/date,MXN,"filings/capitaliq/Estimates/Detailed Estimated/SPGlobal_GrupoBimbo,S.A.B.deC.V._DetailedEstimates_20-Sep-2026.xlsx",Detailed Estimates,36
2026-09-20,detailed_estimates,BMV:BIMBO A (Mex$),Consensus,EPS Normalized,,Accounting Standard,FQ3 2023,FQ,2023,3,2023-09-30,,,text,IFRS,text/date,MXN,"filings/capitaliq/Estimates/Detailed Estimated/SPGlobal_GrupoBimbo,S.A.B.deC.V._DetailedEstimates_20-Sep-2026.xlsx",Detailed Estimates,36
2026-09-20,detailed_estimates,BMV:BIMBO A (Mex$),Consensus,EPS Normalized,,Accounting Standard,FQ4 2023,FQ,2023,4,2023-12-31,,,text,IFRS,text/date,MXN,"filings/capitaliq/Estimates/Detailed Estimated/SPGlobal_GrupoBimbo,S.A.B.deC.V._DetailedEstimates_20-Sep-2026.xlsx",Detailed Estimates,36
2026-09-20,detailed_estimates,BMV:BIMBO A (Mex$),Consensus,EPS Normalized,,Accounting Standard,FY 2023,FY,2023,,2023-12-31,,,text,IFRS,text/date,MXN,"filings/capitaliq/Estimates/Detailed Estimated/SPGlobal_GrupoBimbo,S.A.B.deC.V._DetailedEstimates_20-Sep-2026.xlsx",Detailed Estimates,36
2026-09-20,detailed_estimates,BMV:BIMBO A (Mex$),Consensus,EPS Normalized,,Accounting Standard,FQ1 2024,FQ,2024,1,2024-03-31,,,text,IFRS,text/date,MXN,"filings/capitaliq/Estimates/Detailed Estimated/SPGlobal_GrupoBimbo,S.A.B.deC.V._DetailedEstimates_20-Sep-2026.xlsx",Detailed Estimates,36
2026-09-20,detailed_estimates,BMV:BIMBO A (Mex$),Consensus,EPS Normalized,,Accounting Standard,FQ2 2024,FQ,2024,2,2024-06-30,,,text,IFRS,text/date,MXN,"filings/capitaliq/Estimates/Detailed Estimated/SPGlobal_GrupoBimbo,S.A.B.deC.V._DetailedEstimates_20-Sep-2026.xlsx",Detailed Estimates,36
2026-09-20,detailed_estimates,BMV:BIMBO A (Mex$),Consensus,EPS Normalized,,Accounting Standard,FQ3 2024,FQ,2024,3,2024-09-30,,,text,IFRS,text/date,MXN,"filings/capitaliq/Estimates/Detailed Estimated/SPGlobal_GrupoBimbo,S.A.B.deC.V._DetailedEstimates_20-Sep-2026.xlsx",Detailed Estimates,36
2026-09-20,detailed_estimates,BMV:BIMBO A (Mex$),Consensus,EPS Normalized,,Accounting Standard,FQ4 2024,FQ,2024,4,2024-12-31,,,text,IFRS,text/date,MXN,"filings/capitaliq/Estimates/Detailed Estimated/SPGlobal_GrupoBimbo,S.A.B.deC.V._DetailedEstimates_20-Sep-2026.xlsx",Detailed Estimates,36
2026-09-20,detailed_estimates,BMV:BIMBO A (Mex$),Consensus,EPS Normalized,,Accounting Standard,FY 2024,FY,2024,,2024-12-31,,,text,IFRS,text/date,MXN,"filings/capitaliq/Estimates/Detailed Estimated/SPGlobal_GrupoBimbo,S.A.B.deC.V._DetailedEstimates_20-Sep-2026.xlsx",Detailed Estimates,36
2026-09-20,detailed_estimates,BMV:BIMBO A (Mex$),Consensus,EPS Normalized,,Accounting Standard,FQ1 2025,FQ,2025,1,2025-03-31,,,text,IFRS,text/date,MXN,"filings/capitaliq/Estimates/Detailed Estimated/SPGlobal_GrupoBimbo,S.A.B.deC.V._DetailedEstimates_20-Sep-2026.xlsx",Detailed Estimates,36
2026-09-20,detailed_estimates,BMV:BIMBO A (Mex$),Consensus,EPS Normalized,,Accounting Standard,FQ2 2025,FQ,2025,2,2025-06-30,,,text,IFRS,text/date,MXN,"filings/capitaliq/Estimates/Detailed Estimated/SPGlobal_GrupoBimbo,S.A.B.deC.V._DetailedEstimates_20-Sep-2026.xlsx",Detailed Estimates,36
2026-09-20,detailed_estimates,BMV:BIMBO A (Mex$),Consensus,EPS Normalized,,Accounting Standard,FQ3 2025,FQ,2025,3,2025-09-30,,,text,IFRS,text/date,MXN,"filings/capitaliq/Estimates/Detailed Estimated/SPGlobal_GrupoBimbo,S.A.B.deC.V._DetailedEstimates_20-Sep-2026.xlsx",Detailed Estimates,36
2026-09-20,detailed_estimates,BMV:BIMBO A (Mex$),Consensus,EPS Normalized,,Accounting Standard,FQ4 2025,FQ,2025,4,2025-12-31,,,text,IFRS,text/date,MXN,"filings/capitaliq/Estimates/Detailed Estimated/SPGlobal_GrupoBimbo,S.A.B.deC.V._DetailedEstimates_20-Sep-2026.xlsx",Detailed Estimates,36
2026-09-20,detailed_estimates,BMV:BIMBO A (Mex$),Consensus,EPS Normalized,,Accounting Standard,FY 2025,FY,2025,,2025-12-31,,,text,IFRS,text/date,MXN,"filings/capitaliq/Estimates/Detailed Estimated/SPGlobal_GrupoBimbo,S.A.B.deC.V._DetailedEstimates_20-Sep-2026.xlsx",Detailed Estimates,36
2026-09-20,detailed_estimates,BMV:BIMBO A (Mex$),Consensus,EPS Normalized,,Accounting Standard,FQ1 2026,FQ,2026,1,2026-03-31,,,text,IFRS,text/date,MXN,"filings/capitaliq/Estimates/Detailed Estimated/SPGlobal_GrupoBimbo,S.A.B.deC.V._DetailedEstimates_20-Sep-2026.xlsx",Detailed Estimates,36
2026-09-20,detailed_estimates,BMV:BIMBO A (Mex$),Consensus,EPS Normalized,,Accounting Standard,FQ2 2026,FQ,2026,2,2026-06-30,,,text,IFRS,text/date,MXN,"filings/capitaliq/Estimates/Detailed Estimated/SPGlobal_GrupoBimbo,S.A.B.deC.V._DetailedEstimates_20-Sep-2026.xlsx",Detailed Estimates,36
2026-09-20,detailed_estimates,BMV:BIMBO A (Mex$),Consensus,EPS Normalized,,Accounting Standard,FQ3 2026,FQ,2026,3,2026-09-30,,,text,IFRS,text/date,MXN,"filings/capitaliq/Estimates/Detailed Estimated/SPGlobal_GrupoBimbo,S.A.B.deC.V._DetailedEstimates_20-Sep-2026.xlsx",Detailed Estimates,36
2026-09-20,detailed_estimates,BMV:BIMBO A (Mex$),Consensus,EPS Normalized,,Accounting Standard,FQ4 2026,FQ,2026,4,2026-12-31,,,text,IFRS,text/date,MXN,"filings/capitaliq/Estimates/Detailed Estimated/SPGlobal_GrupoBimbo,S.A.B.deC.V._DetailedEstimates_20-Sep-2026.xlsx",Detailed Estimates,36
2026-09-20,detailed_estimates,BMV:BIMBO A (Mex$),Consensus,EPS Normalized,,Accounting Standard,FY 2026,FY,2026,,2026-12-31,,,text,IFRS,text/date,MXN,"filings/capitaliq/Estimates/Detailed Estimated/SPGlobal_GrupoBimbo,S.A.B.deC.V._DetailedEstimates_20-Sep-2026.xlsx",Detailed Estimates,36
2026-09-20,detailed_estimates,BMV:BIMBO A (Mex$),Consensus,EPS Normalized,,Accounting Standard,FQ1 2027,FQ,2027,1,2027-03-31,,,text,IFRS,text/date,MXN,"filings/capitaliq/Estimates/Detailed Estimated/SPGlobal_GrupoBimbo,S.A.B.deC.V._DetailedEstimates_20-Sep-2026.xlsx",Detailed Estimates,36
2026-09-20,detailed_estimates,BMV:BIMBO A (Mex$),Consensus,EPS Normalized,,Accounting Standard,FQ2 2027,FQ,2027,2,2027-06-30,,,text,IFRS,text/date,MXN,"filings/capitaliq/Estimates/Detailed Estimated/SPGlobal_GrupoBimbo,S.A.B.deC.V._DetailedEstimates_20-Sep-2026.xlsx",Detailed Estimates,36
2026-09-20,detailed_estimates,BMV:BIMBO A (Mex$),Consensus,EPS Normalized,,Accounting Standard,FQ3 2027,FQ,2027,3,2027-09-30,,,text,IFRS,text/date,MXN,"filings/capitaliq/Estimates/Detailed Estimated/SPGlobal_GrupoBimbo,S.A.B.deC.V._DetailedEstimates_20-Sep-2026.xlsx",Detailed Estimates,36
2026-09-20,detailed_estimates,BMV:BIMBO A (Mex$),Consensus,EPS Normalized,,Accounting Standard,FQ4 2027,FQ,2027,4,2027-12-31,,,text,IFRS,text/date,MXN,"filings/capitaliq/Estimates/Detailed Estimated/SPGlobal_GrupoBimbo,S.A.B.deC.V._DetailedEstimates_20-Sep-2026.xlsx",Detailed Estimates,36
2026-09-20,detailed_estimates,BMV:BIMBO A (Mex$),Consensus,EPS Normalized,,Accounting Standard,FY 2027,FY,2027,,2027-12-31,,,text,IFRS,text/date,MXN,"filings/capitaliq/Estimates/Detailed Estimated/SPGlobal_GrupoBimbo,S.A.B.deC.V._DetailedEstimates_20-Sep-2026.xlsx",Detailed Estimates,36
2026-09-20,detailed_estimates,BMV:BIMBO A (Mex$),Consensus,EPS Normalized,,Accounting Standard,FY 2028,FY,2028,,2028-12-31,,,text,IFRS,text/date,MXN,"filings/capitaliq/Estimates/Detailed Estimated/SPGlobal_GrupoBimbo,S.A.B.deC.V._DetailedEstimates_20-Sep-2026.xlsx",Detailed Estimates,36
2026-09-20,detailed_estimates,BMV:BIMBO A (Mex$),Consensus,EPS Normalized,,Accounting Standard,FY 2029,FY,2029,,2029-12-31,,,text,IFRS,text/date,MXN,"filings/capitaliq/Estimates/Detailed Estimated/SPGlobal_GrupoBimbo,S.A.B.deC.V._DetailedEstimates_20-Sep-2026.xlsx",Detailed Estimates,36
2026-09-20,detailed_estimates,BMV:BIMBO A (Mex$),Consensus,EPS Normalized,,Accounting Standard,FY 2030,FY,2030,,2030-12-31,,,text,IFRS,text/date,MXN,"filings/capitaliq/Estimates/Detailed Estimated/SPGlobal_GrupoBimbo,S.A.B.deC.V._DetailedEstimates_20-Sep-2026.xlsx",Detailed Estimates,36
2026-09-20,detailed_estimates,BMV:BIMBO A (Mex$),Consensus,EPS Normalized,,Accounting Standard,FY 2031,FY,2031,,2031-12-31,,,text,IFRS,text/date,MXN,"filings/capitaliq/Estimates/Detailed Estimated/SPGlobal_GrupoBimbo,S.A.B.deC.V._DetailedEstimates_20-Sep-2026.xlsx",Detailed Estimates,36
2026-09-20,detailed_estimates,BMV:BIMBO A (Mex$),Consensus,EPS Normalized,,Currency,FY 1998,FY,1998,,1998-12-31,,,text,MXN,text/date,MXN,"filings/capitaliq/Estimates/Detailed Estimated/SPGlobal_GrupoBimbo,S.A.B.deC.V._DetailedEstimates_20-Sep-2026.xlsx",Detailed Estimates,37
2026-09-20,detailed_estimates,BMV:BIMBO A (Mex$),Consensus,EPS Normalized,,Currency,FY 1999,FY,1999,,1999-12-31,,,text,MXN,text/date,MXN,"filings/capitaliq/Estimates/Detailed Estimated/SPGlobal_GrupoBimbo,S.A.B.deC.V._DetailedEstimates_20-Sep-2026.xlsx",Detailed Estimates,37
2026-09-20,detailed_estimates,BMV:BIMBO A (Mex$),Consensus,EPS Normalized,,Currency,FY 2000,FY,2000,,2000-12-31,,,text,MXN,text/date,MXN,"filings/capitaliq/Estimates/Detailed Estimated/SPGlobal_GrupoBimbo,S.A.B.deC.V._DetailedEstimates_20-Sep-2026.xlsx",Detailed Estimates,37
2026-09-20,detailed_estimates,BMV:BIMBO A (Mex$),Consensus,EPS Normalized,,Currency,FY 2001,FY,2001,,2001-12-31,,,text,MXN,text/date,MXN,"filings/capitaliq/Estimates/Detailed Estimated/SPGlobal_GrupoBimbo,S.A.B.deC.V._DetailedEstimates_20-Sep-2026.xlsx",Detailed Estimates,37
2026-09-20,detailed_estimates,BMV:BIMBO A (Mex$),Consensus,EPS Normalized,,Currency,FY 2002,FY,2002,,2002-12-31,,,text,MXN,text/date,MXN,"filings/capitaliq/Estimates/Detailed Estimated/SPGlobal_GrupoBimbo,S.A.B.deC.V._DetailedEstimates_20-Sep-2026.xlsx",Detailed Estimates,37
2026-09-20,detailed_estimates,BMV:BIMBO A (Mex$),Consensus,EPS Normalized,,Currency,FY 2003,FY,2003,,2003-12-31,,,text,MXN,text/date,MXN,"filings/capitaliq/Estimates/Detailed Estimated/SPGlobal_GrupoBimbo,S.A.B.deC.V._DetailedEstimates_20-Sep-2026.xlsx",Detailed Estimates,37
2026-09-20,detailed_estimates,BMV:BIMBO A (Mex$),Consensus,EPS Normalized,,Currency,FQ3 2004,FQ,2004,3,2004-09-30,,,text,MXN,text/date,MXN,"filings/capitaliq/Estimates/Detailed Estimated/SPGlobal_GrupoBimbo,S.A.B.deC.V._DetailedEstimates_20-Sep-2026.xlsx",Detailed Estimates,37
2026-09-20,detailed_estimates,BMV:BIMBO A (Mex$),Consensus,EPS Normalized,,Currency,FQ4 2004,FQ,2004,4,2004-12-31,,,text,MXN,text/date,MXN,"filings/capitaliq/Estimates/Detailed Estimated/SPGlobal_GrupoBimbo,S.A.B.deC.V._DetailedEstimates_20-Sep-2026.xlsx",Detailed Estimates,37
2026-09-20,detailed_estimates,BMV:BIMBO A (Mex$),Consensus,EPS Normalized,,Currency,FY 2004,FY,2004,,2004-12-31,,,text,MXN,text/date,MXN,"filings/capitaliq/Estimates/Detailed Estimated/SPGlobal_GrupoBimbo,S.A.B.deC.V._DetailedEstimates_20-Sep-2026.xlsx",Detailed Estimates,37
2026-09-20,detailed_estimates,BMV:BIMBO A (Mex$),Consensus,EPS Normalized,,Currency,FQ1 2005,FQ,2005,1,2005-03-31,,,text,MXN,text/date,MXN,"filings/capitaliq/Estimates/Detailed Estimated/SPGlobal_GrupoBimbo,S.A.B.deC.V._DetailedEstimates_20-Sep-2026.xlsx",Detailed Estimates,37
2026-09-20,detailed_estimates,BMV:BIMBO A (Mex$),Consensus,EPS Normalized,,Currency,FQ2 2005,FQ,2005,2,2005-06-30,,,text,MXN,text/date,MXN,"filings/capitaliq/Estimates/Detailed Estimated/SPGlobal_GrupoBimbo,S.A.B.deC.V._DetailedEstimates_20-Sep-2026.xlsx",Detailed Estimates,37
2026-09-20,detailed_estimates,BMV:BIMBO A (Mex$),Consensus,EPS Normalized,,Currency,FQ3 2005,FQ,2005,3,2005-09-30,,,text,MXN,text/date,MXN,"filings/capitaliq/Estimates/Detailed Estimated/SPGlobal_GrupoBimbo,S.A.B.deC.V._DetailedEstimates_20-Sep-2026.xlsx",Detailed Estimates,37
2026-09-20,detailed_estimates,BMV:BIMBO A (Mex$),Consensus,EPS Normalized,,Currency,FQ4 2005,FQ,2005,4,2005-12-31,,,text,MXN,text/date,MXN,"filings/capitaliq/Estimates/Detailed Estimated/SPGlobal_GrupoBimbo,S.A.B.deC.V._DetailedEstimates_20-Sep-2026.xlsx",Detailed Estimates,37
2026-09-20,detailed_estimates,BMV:BIMBO A (Mex$),Consensus,EPS Normalized,,Currency,FY 2005,FY,2005,,2005-12-31,,,text,MXN,text/date,MXN,"filings/capitaliq/Estimates/Detailed Estimated/SPGlobal_GrupoBimbo,S.A.B.deC.V._DetailedEstimates_20-Sep-2026.xlsx",Detailed Estimates,37
2026-09-20,detailed_estimates,BMV:BIMBO A (Mex$),Consensus,EPS Normalized,,Currency,FQ1 2006,FQ,2006,1,2006-03-31,,,text,MXN,text/date,MXN,"filings/capitaliq/Estimates/Detailed Estimated/SPGlobal_GrupoBimbo,S.A.B.deC.V._DetailedEstimates_20-Sep-2026.xlsx",Detailed Estimates,37
2026-09-20,detailed_estimates,BMV:BIMBO A (Mex$),Consensus,EPS Normalized,,Currency,FQ2 2006,FQ,2006,2,2006-06-30,,,text,MXN,text/date,MXN,"filings/capitaliq/Estimates/Detailed Estimated/SPGlobal_GrupoBimbo,S.A.B.deC.V._DetailedEstimates_20-Sep-2026.xlsx",Detailed Estimates,37
2026-09-20,detailed_estimates,BMV:BIMBO A (Mex$),Consensus,EPS Normalized,,Currency,FQ3 2006,FQ,2006,3,2006-09-30,,,text,MXN,text/date,MXN,"filings/capitaliq/Estimates/Detailed Estimated/SPGlobal_GrupoBimbo,S.A.B.deC.V._DetailedEstimates_20-Sep-2026.xlsx",Detailed Estimates,37
2026-09-20,detailed_estimates,BMV:BIMBO A (Mex$),Consensus,EPS Normalized,,Currency,FQ4 2006,FQ,2006,4,2006-12-31,,,text,MXN,text/date,MXN,"filings/capitaliq/Estimates/Detailed Estimated/SPGlobal_GrupoBimbo,S.A.B.deC.V._DetailedEstimates_20-Sep-2026.xlsx",Detailed Estimates,37
2026-09-20,detailed_estimates,BMV:BIMBO A (Mex$),Consensus,EPS Normalized,,Currency,FY 2006,FY,2006,,2006-12-31,,,text,MXN,text/date,MXN,"filings/capitaliq/Estimates/Detailed Estimated/SPGlobal_GrupoBimbo,S.A.B.deC.V._DetailedEstimates_20-Sep-2026.xlsx",Detailed Estimates,37
2026-09-20,detailed_estimates,BMV:BIMBO A (Mex$),Consensus,EPS Normalized,,Currency,FQ1 2007,FQ,2007,1,2007-03-31,,,text,MXN,text/date,MXN,"filings/capitaliq/Estimates/Detailed Estimated/SPGlobal_GrupoBimbo,S.A.B.deC.V._DetailedEstimates_20-Sep-2026.xlsx",Detailed Estimates,37
2026-09-20,detailed_estimates,BMV:BIMBO A (Mex$),Consensus,EPS Normalized,,Currency,FQ2 2007,FQ,2007,2,2007-06-30,,,text,MXN,text/date,MXN,"filings/capitaliq/Estimates/Detailed Estimated/SPGlobal_GrupoBimbo,S.A.B.deC.V._DetailedEstimates_20-Sep-2026.xlsx",Detailed Estimates,37
2026-09-20,detailed_estimates,BMV:BIMBO A (Mex$),Consensus,EPS Normalized,,Currency,FQ3 2007,FQ,2007,3,2007-09-30,,,text,MXN,text/date,MXN,"filings/capitaliq/Estimates/Detailed Estimated/SPGlobal_GrupoBimbo,S.A.B.deC.V._DetailedEstimates_20-Sep-2026.xlsx",Detailed Estimates,37
2026-09-20,detailed_estimates,BMV:BIMBO A (Mex$),Consensus,EPS Normalized,,Currency,FQ4 2007,FQ,2007,4,2007-12-31,,,text,MXN,text/date,MXN,"filings/capitaliq/Estimates/Detailed Estimated/SPGlobal_GrupoBimbo,S.A.B.deC.V._DetailedEstimates_20-Sep-2026.xlsx",Detailed Estimates,37
2026-09-20,detailed_estimates,BMV:BIMBO A (Mex$),Consensus,EPS Normalized,,Currency,FY 2007,FY,2007,,2007-12-31,,,text,MXN,text/date,MXN,"filings/capitaliq/Estimates/Detailed Estimated/SPGlobal_GrupoBimbo,S.A.B.deC.V._DetailedEstimates_20-Sep-2026.xlsx",Detailed Estimates,37
2026-09-20,detailed_estimates,BMV:BIMBO A (Mex$),Consensus,EPS Normalized,,Currency,FQ1 2008,FQ,2008,1,2008-03-31,,,text,MXN,text/date,MXN,"filings/capitaliq/Estimates/Detailed Estimated/SPGlobal_GrupoBimbo,S.A.B.deC.V._DetailedEstimates_20-Sep-2026.xlsx",Detailed Estimates,37
2026-09-20,detailed_estimates,BMV:BIMBO A (Mex$),Consensus,EPS Normalized,,Currency,FQ2 2008,FQ,2008,2,2008-06-30,,,text,MXN,text/date,MXN,"filings/capitaliq/Estimates/Detailed Estimated/SPGlobal_GrupoBimbo,S.A.B.deC.V._DetailedEstimates_20-Sep-2026.xlsx",Detailed Estimates,37
2026-09-20,detailed_estimates,BMV:BIMBO A (Mex$),Consensus,EPS Normalized,,Currency,FQ3 2008,FQ,2008,3,2008-09-30,,,text,MXN,text/date,MXN,"filings/capitaliq/Estimates/Detailed Estimated/SPGlobal_GrupoBimbo,S.A.B.deC.V._DetailedEstimates_20-Sep-2026.xlsx",Detailed Estimates,37
2026-09-20,detailed_estimates,BMV:BIMBO A (Mex$),Consensus,EPS Normalized,,Currency,FQ4 2008,FQ,2008,4,2008-12-31,,,text,MXN,text/date,MXN,"filings/capitaliq/Estimates/Detailed Estimated/SPGlobal_GrupoBimbo,S.A.B.deC.V._DetailedEstimates_20-Sep-2026.xlsx",Detailed Estimates,37
2026-09-20,detailed_estimates,BMV:BIMBO A (Mex$),Consensus,EPS Normalized,,Currency,FY 2008,FY,2008,,2008-12-31,,,text,MXN,text/date,MXN,"filings/capitaliq/Estimates/Detailed Estimated/SPGlobal_GrupoBimbo,S.A.B.deC.V._DetailedEstimates_20-Sep-2026.xlsx",Detailed Estimates,37
2026-09-20,detailed_estimates,BMV:BIMBO A (Mex$),Consensus,EPS Normalized,,Currency,FQ1 2009,FQ,2009,1,2009-03-31,,,text,MXN,text/date,MXN,"filings/capitaliq/Estimates/Detailed Estimated/SPGlobal_GrupoBimbo,S.A.B.deC.V._DetailedEstimates_20-Sep-2026.xlsx",Detailed Estimates,37
2026-09-20,detailed_estimates,BMV:BIMBO A (Mex$),Consensus,EPS Normalized,,Currency,FQ3 2009,FQ,2009,3,2009-09-30,,,text,MXN,text/date,MXN,"filings/capitaliq/Estimates/Detailed Estimated/SPGlobal_GrupoBimbo,S.A.B.deC.V._DetailedEstimates_20-Sep-2026.xlsx",Detailed Estimates,37
2026-09-20,detailed_estimates,BMV:BIMBO A (Mex$),Consensus,EPS Normalized,,Currency,FQ4 2009,FQ,2009,4,2009-12-31,,,text,MXN,text/date,MXN,"filings/capitaliq/Estimates/Detailed Estimated/SPGlobal_GrupoBimbo,S.A.B.deC.V._DetailedEstimates_20-Sep-2026.xlsx",Detailed Estimates,37
2026-09-20,detailed_estimates,BMV:BIMBO A (Mex$),Consensus,EPS Normalized,,Currency,FY 2009,FY,2009,,2009-12-31,,,text,MXN,text/date,MXN,"filings/capitaliq/Estimates/Detailed Estimated/SPGlobal_GrupoBimbo,S.A.B.deC.V._DetailedEstimates_20-Sep-2026.xlsx",Detailed Estimates,37
2026-09-20,detailed_estimates,BMV:BIMBO A (Mex$),Consensus,EPS Normalized,,Currency,FQ2 2010,FQ,2010,2,2010-06-30,,,text,MXN,text/date,MXN,"filings/capitaliq/Estimates/Detailed Estimated/SPGlobal_GrupoBimbo,S.A.B.deC.V._DetailedEstimates_20-Sep-2026.xlsx",Detailed Estimates,37
2026-09-20,detailed_estimates,BMV:BIMBO A (Mex$),Consensus,EPS Normalized,,Currency,FQ3 2010,FQ,2010,3,2010-09-30,,,text,MXN,text/date,MXN,"filings/capitaliq/Estimates/Detailed Estimated/SPGlobal_GrupoBimbo,S.A.B.deC.V._DetailedEstimates_20-Sep-2026.xlsx",Detailed Estimates,37
2026-09-20,detailed_estimates,BMV:BIMBO A (Mex$),Consensus,EPS Normalized,,Currency,FQ4 2010,FQ,2010,4,2010-12-31,,,text,MXN,text/date,MXN,"filings/capitaliq/Estimates/Detailed Estimated/SPGlobal_GrupoBimbo,S.A.B.deC.V._DetailedEstimates_20-Sep-2026.xlsx",Detailed Estimates,37
2026-09-20,detailed_estimates,BMV:BIMBO A (Mex$),Consensus,EPS Normalized,,Currency,FY 2010,FY,2010,,2010-12-31,,,text,MXN,text/date,MXN,"filings/capitaliq/Estimates/Detailed Estimated/SPGlobal_GrupoBimbo,S.A.B.deC.V._DetailedEstimates_20-Sep-2026.xlsx",Detailed Estimates,37
2026-09-20,detailed_estimates,BMV:BIMBO A (Mex$),Consensus,EPS Normalized,,Currency,FQ2 2011,FQ,2011,2,2011-06-30,,,text,MXN,text/date,MXN,"filings/capitaliq/Estimates/Detailed Estimated/SPGlobal_GrupoBimbo,S.A.B.deC.V._DetailedEstimates_20-Sep-2026.xlsx",Detailed Estimates,37
2026-09-20,detailed_estimates,BMV:BIMBO A (Mex$),Consensus,EPS Normalized,,Currency,FQ3 2011,FQ,2011,3,2011-09-30,,,text,MXN,text/date,MXN,"filings/capitaliq/Estimates/Detailed Estimated/SPGlobal_GrupoBimbo,S.A.B.deC.V._DetailedEstimates_20-Sep-2026.xlsx",Detailed Estimates,37
2026-09-20,detailed_estimates,BMV:BIMBO A (Mex$),Consensus,EPS Normalized,,Currency,FQ4 2011,FQ,2011,4,2011-12-31,,,text,MXN,text/date,MXN,"filings/capitaliq/Estimates/Detailed Estimated/SPGlobal_GrupoBimbo,S.A.B.deC.V._DetailedEstimates_20-Sep-2026.xlsx",Detailed Estimates,37
2026-09-20,detailed_estimates,BMV:BIMBO A (Mex$),Consensus,EPS Normalized,,Currency,FY 2011,FY,2011,,2011-12-31,,,text,MXN,text/date,MXN,"filings/capitaliq/Estimates/Detailed Estimated/SPGlobal_GrupoBimbo,S.A.B.deC.V._DetailedEstimates_20-Sep-2026.xlsx",Detailed Estimates,37
2026-09-20,detailed_estimates,BMV:BIMBO A (Mex$),Consensus,EPS Normalized,,Currency,FQ4 2012,FQ,2012,4,2012-12-31,,,text,MXN,text/date,MXN,"filings/capitaliq/Estimates/Detailed Estimated/SPGlobal_GrupoBimbo,S.A.B.deC.V._DetailedEstimates_20-Sep-2026.xlsx",Detailed Estimates,37
2026-09-20,detailed_estimates,BMV:BIMBO A (Mex$),Consensus,EPS Normalized,,Currency,FY 2012,FY,2012,,2012-12-31,,,text,MXN,text/date,MXN,"filings/capitaliq/Estimates/Detailed Estimated/SPGlobal_GrupoBimbo,S.A.B.deC.V._DetailedEstimates_20-Sep-2026.xlsx",Detailed Estimates,37
2026-09-20,detailed_estimates,BMV:BIMBO A (Mex$),Consensus,EPS Normalized,,Currency,FQ1 2013,FQ,2013,1,2013-03-31,,,text,MXN,text/date,MXN,"filings/capitaliq/Estimates/Detailed Estimated/SPGlobal_GrupoBimbo,S.A.B.deC.V._DetailedEstimates_20-Sep-2026.xlsx",Detailed Estimates,37
2026-09-20,detailed_estimates,BMV:BIMBO A (Mex$),Consensus,EPS Normalized,,Currency,FQ2 2013,FQ,2013,2,2013-06-30,,,text,MXN,text/date,MXN,"filings/capitaliq/Estimates/Detailed Estimated/SPGlobal_GrupoBimbo,S.A.B.deC.V._DetailedEstimates_20-Sep-2026.xlsx",Detailed Estimates,37
2026-09-20,detailed_estimates,BMV:BIMBO A (Mex$),Consensus,EPS Normalized,,Currency,FQ3 2013,FQ,2013,3,2013-09-30,,,text,MXN,text/date,MXN,"filings/capitaliq/Estimates/Detailed Estimated/SPGlobal_GrupoBimbo,S.A.B.deC.V._DetailedEstimates_20-Sep-2026.xlsx",Detailed Estimates,37
2026-09-20,detailed_estimates,BMV:BIMBO A (Mex$),Consensus,EPS Normalized,,Currency,FQ4 2013,FQ,2013,4,2013-12-31,,,text,MXN,text/date,MXN,"filings/capitaliq/Estimates/Detailed Estimated/SPGlobal_GrupoBimbo,S.A.B.deC.V._DetailedEstimates_20-Sep-2026.xlsx",Detailed Estimates,37
2026-09-20,detailed_estimates,BMV:BIMBO A (Mex$),Consensus,EPS Normalized,,Currency,FY 2013,FY,2013,,2013-12-31,,,text,MXN,text/date,MXN,"filings/capitaliq/Estimates/Detailed Estimated/SPGlobal_GrupoBimbo,S.A.B.deC.V._DetailedEstimates_20-Sep-2026.xlsx",Detailed Estimates,37
2026-09-20,detailed_estimates,BMV:BIMBO A (Mex$),Consensus,EPS Normalized,,Currency,FQ1 2014,FQ,2014,1,2014-03-31,,,text,MXN,text/date,MXN,"filings/capitaliq/Estimates/Detailed Estimated/SPGlobal_GrupoBimbo,S.A.B.deC.V._DetailedEstimates_20-Sep-2026.xlsx",Detailed Estimates,37
2026-09-20,detailed_estimates,BMV:BIMBO A (Mex$),Consensus,EPS Normalized,,Currency,FQ2 2014,FQ,2014,2,2014-06-30,,,text,MXN,text/date,MXN,"filings/capitaliq/Estimates/Detailed Estimated/SPGlobal_GrupoBimbo,S.A.B.deC.V._DetailedEstimates_20-Sep-2026.xlsx",Detailed Estimates,37
2026-09-20,detailed_estimates,BMV:BIMBO A (Mex$),Consensus,EPS Normalized,,Currency,FQ3 2014,FQ,2014,3,2014-09-30,,,text,MXN,text/date,MXN,"filings/capitaliq/Estimates/Detailed Estimated/SPGlobal_GrupoBimbo,S.A.B.deC.V._DetailedEstimates_20-Sep-2026.xlsx",Detailed Estimates,37
2026-09-20,detailed_estimates,BMV:BIMBO A (Mex$),Consensus,EPS Normalized,,Currency,FQ4 2014,FQ,2014,4,2014-12-31,,,text,MXN,text/date,MXN,"filings/capitaliq/Estimates/Detailed Estimated/SPGlobal_GrupoBimbo,S.A.B.deC.V._DetailedEstimates_20-Sep-2026.xlsx",Detailed Estimates,37
2026-09-20,detailed_estimates,BMV:BIMBO A (Mex$),Consensus,EPS Normalized,,Currency,FY 2014,FY,2014,,2014-12-31,,,text,MXN,text/date,MXN,"filings/capitaliq/Estimates/Detailed Estimated/SPGlobal_GrupoBimbo,S.A.B.deC.V._DetailedEstimates_20-Sep-2026.xlsx",Detailed Estimates,37
2026-09-20,detailed_estimates,BMV:BIMBO A (Mex$),Consensus,EPS Normalized,,Currency,FQ1 2015,FQ,2015,1,2015-03-31,,,text,MXN,text/date,MXN,"filings/capitaliq/Estimates/Detailed Estimated/SPGlobal_GrupoBimbo,S.A.B.deC.V._DetailedEstimates_20-Sep-2026.xlsx",Detailed Estimates,37
2026-09-20,detailed_estimates,BMV:BIMBO A (Mex$),Consensus,EPS Normalized,,Currency,FQ2 2015,FQ,2015,2,2015-06-30,,,text,MXN,text/date,MXN,"filings/capitaliq/Estimates/Detailed Estimated/SPGlobal_GrupoBimbo,S.A.B.deC.V._DetailedEstimates_20-Sep-2026.xlsx",Detailed Estimates,37
2026-09-20,detailed_estimates,BMV:BIMBO A (Mex$),Consensus,EPS Normalized,,Currency,FQ3 2015,FQ,2015,3,2015-09-30,,,text,MXN,text/date,MXN,"filings/capitaliq/Estimates/Detailed Estimated/SPGlobal_GrupoBimbo,S.A.B.deC.V._DetailedEstimates_20-Sep-2026.xlsx",Detailed Estimates,37
2026-09-20,detailed_estimates,BMV:BIMBO A (Mex$),Consensus,EPS Normalized,,Currency,FQ4 2015,FQ,2015,4,2015-12-31,,,text,MXN,text/date,MXN,"filings/capitaliq/Estimates/Detailed Estimated/SPGlobal_GrupoBimbo,S.A.B.deC.V._DetailedEstimates_20-Sep-2026.xlsx",Detailed Estimates,37
2026-09-20,detailed_estimates,BMV:BIMBO A (Mex$),Consensus,EPS Normalized,,Currency,FY 2015,FY,2015,,2015-12-31,,,text,MXN,text/date,MXN,"filings/capitaliq/Estimates/Detailed Estimated/SPGlobal_GrupoBimbo,S.A.B.deC.V._DetailedEstimates_20-Sep-2026.xlsx",Detailed Estimates,37
2026-09-20,detailed_estimates,BMV:BIMBO A (Mex$),Consensus,EPS Normalized,,Currency,FQ1 2016,FQ,2016,1,2016-03-31,,,text,MXN,text/date,MXN,"filings/capitaliq/Estimates/Detailed Estimated/SPGlobal_GrupoBimbo,S.A.B.deC.V._DetailedEstimates_20-Sep-2026.xlsx",Detailed Estimates,37
2026-09-20,detailed_estimates,BMV:BIMBO A (Mex$),Consensus,EPS Normalized,,Currency,FQ2 2016,FQ,2016,2,2016-06-30,,,text,MXN,text/date,MXN,"filings/capitaliq/Estimates/Detailed Estimated/SPGlobal_GrupoBimbo,S.A.B.deC.V._DetailedEstimates_20-Sep-2026.xlsx",Detailed Estimates,37
2026-09-20,detailed_estimates,BMV:BIMBO A (Mex$),Consensus,EPS Normalized,,Currency,FQ3 2016,FQ,2016,3,2016-09-30,,,text,MXN,text/date,MXN,"filings/capitaliq/Estimates/Detailed Estimated/SPGlobal_GrupoBimbo,S.A.B.deC.V._DetailedEstimates_20-Sep-2026.xlsx",Detailed Estimates,37
2026-09-20,detailed_estimates,BMV:BIMBO A (Mex$),Consensus,EPS Normalized,,Currency,FQ4 2016,FQ,2016,4,2016-12-31,,,text,MXN,text/date,MXN,"filings/capitaliq/Estimates/Detailed Estimated/SPGlobal_GrupoBimbo,S.A.B.deC.V._DetailedEstimates_20-Sep-2026.xlsx",Detailed Estimates,37
2026-09-20,detailed_estimates,BMV:BIMBO A (Mex$),Consensus,EPS Normalized,,Currency,FY 2016,FY,2016,,2016-12-31,,,text,MXN,text/date,MXN,"filings/capitaliq/Estimates/Detailed Estimated/SPGlobal_GrupoBimbo,S.A.B.deC.V._DetailedEstimates_20-Sep-2026.xlsx",Detailed Estimates,37
2026-09-20,detailed_estimates,BMV:BIMBO A (Mex$),Consensus,EPS Normalized,,Currency,FQ1 2017,FQ,2017,1,2017-03-31,,,text,MXN,text/date,MXN,"filings/capitaliq/Estimates/Detailed Estimated/SPGlobal_GrupoBimbo,S.A.B.deC.V._DetailedEstimates_20-Sep-2026.xlsx",Detailed Estimates,37
2026-09-20,detailed_estimates,BMV:BIMBO A (Mex$),Consensus,EPS Normalized,,Currency,FQ2 2017,FQ,2017,2,2017-06-30,,,text,MXN,text/date,MXN,"filings/capitaliq/Estimates/Detailed Estimated/SPGlobal_GrupoBimbo,S.A.B.deC.V._DetailedEstimates_20-Sep-2026.xlsx",Detailed Estimates,37
2026-09-20,detailed_estimates,BMV:BIMBO A (Mex$),Consensus,EPS Normalized,,Currency,FQ3 2017,FQ,2017,3,2017-09-30,,,text,MXN,text/date,MXN,"filings/capitaliq/Estimates/Detailed Estimated/SPGlobal_GrupoBimbo,S.A.B.deC.V._DetailedEstimates_20-Sep-2026.xlsx",Detailed Estimates,37
2026-09-20,detailed_estimates,BMV:BIMBO A (Mex$),Consensus,EPS Normalized,,Currency,FQ4 2017,FQ,2017,4,2017-12-31,,,text,MXN,text/date,MXN,"filings/capitaliq/Estimates/Detailed Estimated/SPGlobal_GrupoBimbo,S.A.B.deC.V._DetailedEstimates_20-Sep-2026.xlsx",Detailed Estimates,37
2026-09-20,detailed_estimates,BMV:BIMBO A (Mex$),Consensus,EPS Normalized,,Currency,FY 2017,FY,2017,,2017-12-31,,,text,MXN,text/date,MXN,"filings/capitaliq/Estimates/Detailed Estimated/SPGlobal_GrupoBimbo,S.A.B.deC.V._DetailedEstimates_20-Sep-2026.xlsx",Detailed Estimates,37
2026-09-20,detailed_estimates,BMV:BIMBO A (Mex$),Consensus,EPS Normalized,,Currency,FQ1 2018,FQ,2018,1,2018-03-31,,,text,MXN,text/date,MXN,"filings/capitaliq/Estimates/Detailed Estimated/SPGlobal_GrupoBimbo,S.A.B.deC.V._DetailedEstimates_20-Sep-2026.xlsx",Detailed Estimates,37
2026-09-20,detailed_estimates,BMV:BIMBO A (Mex$),Consensus,EPS Normalized,,Currency,FQ2 2018,FQ,2018,2,2018-06-30,,,text,MXN,text/date,MXN,"filings/capitaliq/Estimates/Detailed Estimated/SPGlobal_GrupoBimbo,S.A.B.deC.V._DetailedEstimates_20-Sep-2026.xlsx",Detailed Estimates,37
2026-09-20,detailed_estimates,BMV:BIMBO A (Mex$),Consensus,EPS Normalized,,Currency,FQ3 2018,FQ,2018,3,2018-09-30,,,text,MXN,text/date,MXN,"filings/capitaliq/Estimates/Detailed Estimated/SPGlobal_GrupoBimbo,S.A.B.deC.V._DetailedEstimates_20-Sep-2026.xlsx",Detailed Estimates,37
2026-09-20,detailed_estimates,BMV:BIMBO A (Mex$),Consensus,EPS Normalized,,Currency,FQ4 2018,FQ,2018,4,2018-12-31,,,text,MXN,text/date,MXN,"filings/capitaliq/Estimates/Detailed Estimated/SPGlobal_GrupoBimbo,S.A.B.deC.V._DetailedEstimates_20-Sep-2026.xlsx",Detailed Estimates,37
2026-09-20,detailed_estimates,BMV:BIMBO A (Mex$),Consensus,EPS Normalized,,Currency,FY 2018,FY,2018,,2018-12-31,,,text,MXN,text/date,MXN,"filings/capitaliq/Estimates/Detailed Estimated/SPGlobal_GrupoBimbo,S.A.B.deC.V._DetailedEstimates_20-Sep-2026.xlsx",Detailed Estimates,37
2026-09-20,detailed_estimates,BMV:BIMBO A (Mex$),Consensus,EPS Normalized,,Currency,FQ1 2019,FQ,2019,1,2019-03-31,,,text,MXN,text/date,MXN,"filings/capitaliq/Estimates/Detailed Estimated/SPGlobal_GrupoBimbo,S.A.B.deC.V._DetailedEstimates_20-Sep-2026.xlsx",Detailed Estimates,37
2026-09-20,detailed_estimates,BMV:BIMBO A (Mex$),Consensus,EPS Normalized,,Currency,FQ2 2019,FQ,2019,2,2019-06-30,,,text,MXN,text/date,MXN,"filings/capitaliq/Estimates/Detailed Estimated/SPGlobal_GrupoBimbo,S.A.B.deC.V._DetailedEstimates_20-Sep-2026.xlsx",Detailed Estimates,37
2026-09-20,detailed_estimates,BMV:BIMBO A (Mex$),Consensus,EPS Normalized,,Currency,FQ3 2019,FQ,2019,3,2019-09-30,,,text,MXN,text/date,MXN,"filings/capitaliq/Estimates/Detailed Estimated/SPGlobal_GrupoBimbo,S.A.B.deC.V._DetailedEstimates_20-Sep-2026.xlsx",Detailed Estimates,37
2026-09-20,detailed_estimates,BMV:BIMBO A (Mex$),Consensus,EPS Normalized,,Currency,FQ4 2019,FQ,2019,4,2019-12-31,,,text,MXN,text/date,MXN,"filings/capitaliq/Estimates/Detailed Estimated/SPGlobal_GrupoBimbo,S.A.B.deC.V._DetailedEstimates_20-Sep-2026.xlsx",Detailed Estimates,37
2026-09-20,detailed_estimates,BMV:BIMBO A (Mex$),Consensus,EPS Normalized,,Currency,FY 2019,FY,2019,,2019-12-31,,,text,MXN,text/date,MXN,"filings/capitaliq/Estimates/Detailed Estimated/SPGlobal_GrupoBimbo,S.A.B.deC.V._DetailedEstimates_20-Sep-2026.xlsx",Detailed Estimates,37
2026-09-20,detailed_estimates,BMV:BIMBO A (Mex$),Consensus,EPS Normalized,,Currency,FQ1 2020,FQ,2020,1,2020-03-31,,,text,MXN,text/date,MXN,"filings/capitaliq/Estimates/Detailed Estimated/SPGlobal_GrupoBimbo,S.A.B.deC.V._DetailedEstimates_20-Sep-2026.xlsx",Detailed Estimates,37
2026-09-20,detailed_estimates,BMV:BIMBO A (Mex$),Consensus,EPS Normalized,,Currency,FQ2 2020,FQ,2020,2,2020-06-30,,,text,MXN,text/date,MXN,"filings/capitaliq/Estimates/Detailed Estimated/SPGlobal_GrupoBimbo,S.A.B.deC.V._DetailedEstimates_20-Sep-2026.xlsx",Detailed Estimates,37
2026-09-20,detailed_estimates,BMV:BIMBO A (Mex$),Consensus,EPS Normalized,,Currency,FQ3 2020,FQ,2020,3,2020-09-30,,,text,MXN,text/date,MXN,"filings/capitaliq/Estimates/Detailed Estimated/SPGlobal_GrupoBimbo,S.A.B.deC.V._DetailedEstimates_20-Sep-2026.xlsx",Detailed Estimates,37
2026-09-20,detailed_estimates,BMV:BIMBO A (Mex$),Consensus,EPS Normalized,,Currency,FQ4 2020,FQ,2020,4,2020-12-31,,,text,MXN,text/date,MXN,"filings/capitaliq/Estimates/Detailed Estimated/SPGlobal_GrupoBimbo,S.A.B.deC.V._DetailedEstimates_20-Sep-2026.xlsx",Detailed Estimates,37
2026-09-20,detailed_estimates,BMV:BIMBO A (Mex$),Consensus,EPS Normalized,,Currency,FY 2020,FY,2020,,2020-12-31,,,text,MXN,text/date,MXN,"filings/capitaliq/Estimates/Detailed Estimated/SPGlobal_GrupoBimbo,S.A.B.deC.V._DetailedEstimates_20-Sep-2026.xlsx",Detailed Estimates,37
2026-09-20,detailed_estimates,BMV:BIMBO A (Mex$),Consensus,EPS Normalized,,Currency,FQ1 2021,FQ,2021,1,2021-03-31,,,text,MXN,text/date,MXN,"filings/capitaliq/Estimates/Detailed Estimated/SPGlobal_GrupoBimbo,S.A.B.deC.V._DetailedEstimates_20-Sep-2026.xlsx",Detailed Estimates,37
2026-09-20,detailed_estimates,BMV:BIMBO A (Mex$),Consensus,EPS Normalized,,Currency,FQ2 2021,FQ,2021,2,2021-06-30,,,text,MXN,text/date,MXN,"filings/capitaliq/Estimates/Detailed Estimated/SPGlobal_GrupoBimbo,S.A.B.deC.V._DetailedEstimates_20-Sep-2026.xlsx",Detailed Estimates,37
2026-09-20,detailed_estimates,BMV:BIMBO A (Mex$),Consensus,EPS Normalized,,Currency,FQ3 2021,FQ,2021,3,2021-09-30,,,text,MXN,text/date,MXN,"filings/capitaliq/Estimates/Detailed Estimated/SPGlobal_GrupoBimbo,S.A.B.deC.V._DetailedEstimates_20-Sep-2026.xlsx",Detailed Estimates,37
2026-09-20,detailed_estimates,BMV:BIMBO A (Mex$),Consensus,EPS Normalized,,Currency,FQ4 2021,FQ,2021,4,2021-12-31,,,text,MXN,text/date,MXN,"filings/capitaliq/Estimates/Detailed Estimated/SPGlobal_GrupoBimbo,S.A.B.deC.V._DetailedEstimates_20-Sep-2026.xlsx",Detailed Estimates,37
2026-09-20,detailed_estimates,BMV:BIMBO A (Mex$),Consensus,EPS Normalized,,Currency,FY 2021,FY,2021,,2021-12-31,,,text,MXN,text/date,MXN,"filings/capitaliq/Estimates/Detailed Estimated/SPGlobal_GrupoBimbo,S.A.B.deC.V._DetailedEstimates_20-Sep-2026.xlsx",Detailed Estimates,37
2026-09-20,detailed_estimates,BMV:BIMBO A (Mex$),Consensus,EPS Normalized,,Currency,FQ1 2022,FQ,2022,1,2022-03-31,,,text,MXN,text/date,MXN,"filings/capitaliq/Estimates/Detailed Estimated/SPGlobal_GrupoBimbo,S.A.B.deC.V._DetailedEstimates_20-Sep-2026.xlsx",Detailed Estimates,37
2026-09-20,detailed_estimates,BMV:BIMBO A (Mex$),Consensus,EPS Normalized,,Currency,FQ2 2022,FQ,2022,2,2022-06-30,,,text,MXN,text/date,MXN,"filings/capitaliq/Estimates/Detailed Estimated/SPGlobal_GrupoBimbo,S.A.B.deC.V._DetailedEstimates_20-Sep-2026.xlsx",Detailed Estimates,37
2026-09-20,detailed_estimates,BMV:BIMBO A (Mex$),Consensus,EPS Normalized,,Currency,FQ3 2022,FQ,2022,3,2022-09-30,,,text,MXN,text/date,MXN,"filings/capitaliq/Estimates/Detailed Estimated/SPGlobal_GrupoBimbo,S.A.B.deC.V._DetailedEstimates_20-Sep-2026.xlsx",Detailed Estimates,37
2026-09-20,detailed_estimates,BMV:BIMBO A (Mex$),Consensus,EPS Normalized,,Currency,FQ4 2022,FQ,2022,4,2022-12-31,,,text,MXN,text/date,MXN,"filings/capitaliq/Estimates/Detailed Estimated/SPGlobal_GrupoBimbo,S.A.B.deC.V._DetailedEstimates_20-Sep-2026.xlsx",Detailed Estimates,37
2026-09-20,detailed_estimates,BMV:BIMBO A (Mex$),Consensus,EPS Normalized,,Currency,FY 2022,FY,2022,,2022-12-31,,,text,MXN,text/date,MXN,"filings/capitaliq/Estimates/Detailed Estimated/SPGlobal_GrupoBimbo,S.A.B.deC.V._DetailedEstimates_20-Sep-2026.xlsx",Detailed Estimates,37
2026-09-20,detailed_estimates,BMV:BIMBO A (Mex$),Consensus,EPS Normalized,,Currency,FQ1 2023,FQ,2023,1,2023-03-31,,,text,MXN,text/date,MXN,"filings/capitaliq/Estimates/Detailed Estimated/SPGlobal_GrupoBimbo,S.A.B.deC.V._DetailedEstimates_20-Sep-2026.xlsx",Detailed Estimates,37
2026-09-20,detailed_estimates,BMV:BIMBO A (Mex$),Consensus,EPS Normalized,,Currency,FQ2 2023,FQ,2023,2,2023-06-30,,,text,MXN,text/date,MXN,"filings/capitaliq/Estimates/Detailed Estimated/SPGlobal_GrupoBimbo,S.A.B.deC.V._DetailedEstimates_20-Sep-2026.xlsx",Detailed Estimates,37
2026-09-20,detailed_estimates,BMV:BIMBO A (Mex$),Consensus,EPS Normalized,,Currency,FQ3 2023,FQ,2023,3,2023-09-30,,,text,MXN,text/date,MXN,"filings/capitaliq/Estimates/Detailed Estimated/SPGlobal_GrupoBimbo,S.A.B.deC.V._DetailedEstimates_20-Sep-2026.xlsx",Detailed Estimates,37
2026-09-20,detailed_estimates,BMV:BIMBO A (Mex$),Consensus,EPS Normalized,,Currency,FQ4 2023,FQ,2023,4,2023-12-31,,,text,MXN,text/date,MXN,"filings/capitaliq/Estimates/Detailed Estimated/SPGlobal_GrupoBimbo,S.A.B.deC.V._DetailedEstimates_20-Sep-2026.xlsx",Detailed Estimates,37
2026-09-20,detailed_estimates,BMV:BIMBO A (Mex$),Consensus,EPS Normalized,,Currency,FY 2023,FY,2023,,2023-12-31,,,text,MXN,text/date,MXN,"filings/capitaliq/Estimates/Detailed Estimated/SPGlobal_GrupoBimbo,S.A.B.deC.V._DetailedEstimates_20-Sep-2026.xlsx",Detailed Estimates,37
2026-09-20,detailed_estimates,BMV:BIMBO A (Mex$),Consensus,EPS Normalized,,Currency,FQ1 2024,FQ,2024,1,2024-03-31,,,text,MXN,text/date,MXN,"filings/capitaliq/Estimates/Detailed Estimated/SPGlobal_GrupoBimbo,S.A.B.deC.V._DetailedEstimates_20-Sep-2026.xlsx",Detailed Estimates,37
2026-09-20,detailed_estimates,BMV:BIMBO A (Mex$),Consensus,EPS Normalized,,Currency,FQ2 2024,FQ,2024,2,2024-06-30,,,text,MXN,text/date,MXN,"filings/capitaliq/Estimates/Detailed Estimated/SPGlobal_GrupoBimbo,S.A.B.deC.V._DetailedEstimates_20-Sep-2026.xlsx",Detailed Estimates,37
2026-09-20,detailed_estimates,BMV:BIMBO A (Mex$),Consensus,EPS Normalized,,Currency,FQ3 2024,FQ,2024,3,2024-09-30,,,text,MXN,text/date,MXN,"filings/capitaliq/Estimates/Detailed Estimated/SPGlobal_GrupoBimbo,S.A.B.deC.V._DetailedEstimates_20-Sep-2026.xlsx",Detailed Estimates,37
2026-09-20,detailed_estimates,BMV:BIMBO A (Mex$),Consensus,EPS Normalized,,Currency,FQ4 2024,FQ,2024,4,2024-12-31,,,text,MXN,text/date,MXN,"filings/capitaliq/Estimates/Detailed Estimated/SPGlobal_GrupoBimbo,S.A.B.deC.V._DetailedEstimates_20-Sep-2026.xlsx",Detailed Estimates,37
2026-09-20,detailed_estimates,BMV:BIMBO A (Mex$),Consensus,EPS Normalized,,Currency,FY 2024,FY,2024,,2024-12-31,,,text,MXN,text/date,MXN,"filings/capitaliq/Estimates/Detailed Estimated/SPGlobal_GrupoBimbo,S.A.B.deC.V._DetailedEstimates_20-Sep-2026.xlsx",Detailed Estimates,37
2026-09-20,detailed_estimates,BMV:BIMBO A (Mex$),Consensus,EPS Normalized,,Currency,FQ1 2025,FQ,2025,1,2025-03-31,,,text,MXN,text/date,MXN,"filings/capitaliq/Estimates/Detailed Estimated/SPGlobal_GrupoBimbo,S.A.B.deC.V._DetailedEstimates_20-Sep-2026.xlsx",Detailed Estimates,37
2026-09-20,detailed_estimates,BMV:BIMBO A (Mex$),Consensus,EPS Normalized,,Currency,FQ2 2025,FQ,2025,2,2025-06-30,,,text,MXN,text/date,MXN,"filings/capitaliq/Estimates/Detailed Estimated/SPGlobal_GrupoBimbo,S.A.B.deC.V._DetailedEstimates_20-Sep-2026.xlsx",Detailed Estimates,37
2026-09-20,detailed_estimates,BMV:BIMBO A (Mex$),Consensus,EPS Normalized,,Currency,FQ3 2025,FQ,2025,3,2025-09-30,,,text,MXN,text/date,MXN,"filings/capitaliq/Estimates/Detailed Estimated/SPGlobal_GrupoBimbo,S.A.B.deC.V._DetailedEstimates_20-Sep-2026.xlsx",Detailed Estimates,37
2026-09-20,detailed_estimates,BMV:BIMBO A (Mex$),Consensus,EPS Normalized,,Currency,FQ4 2025,FQ,2025,4,2025-12-31,,,text,MXN,text/date,MXN,"filings/capitaliq/Estimates/Detailed Estimated/SPGlobal_GrupoBimbo,S.A.B.deC.V._DetailedEstimates_20-Sep-2026.xlsx",Detailed Estimates,37
2026-09-20,detailed_estimates,BMV:BIMBO A (Mex$),Consensus,EPS Normalized,,Currency,FY 2025,FY,2025,,2025-12-31,,,text,MXN,text/date,MXN,"filings/capitaliq/Estimates/Detailed Estimated/SPGlobal_GrupoBimbo,S.A.B.deC.V._DetailedEstimates_20-Sep-2026.xlsx",Detailed Estimates,37
2026-09-20,detailed_estimates,BMV:BIMBO A (Mex$),Consensus,EPS Normalized,,Currency,FQ1 2026,FQ,2026,1,2026-03-31,,,text,MXN,text/date,MXN,"filings/capitaliq/Estimates/Detailed Estimated/SPGlobal_GrupoBimbo,S.A.B.deC.V._DetailedEstimates_20-Sep-2026.xlsx",Detailed Estimates,37
2026-09-20,detailed_estimates,BMV:BIMBO A (Mex$),Consensus,EPS Normalized,,Currency,FQ2 2026,FQ,2026,2,2026-06-30,,,text,MXN,text/date,MXN,"filings/capitaliq/Estimates/Detailed Estimated/SPGlobal_GrupoBimbo,S.A.B.deC.V._DetailedEstimates_20-Sep-2026.xlsx",Detailed Estimates,37
2026-09-20,detailed_estimates,BMV:BIMBO A (Mex$),Consensus,EPS Normalized,,Currency,FQ3 2026,FQ,2026,3,2026-09-30,,,text,MXN,text/date,MXN,"filings/capitaliq/Estimates/Detailed Estimated/SPGlobal_GrupoBimbo,S.A.B.deC.V._DetailedEstimates_20-Sep-2026.xlsx",Detailed Estimates,37
2026-09-20,detailed_estimates,BMV:BIMBO A (Mex$),Consensus,EPS Normalized,,Currency,FQ4 2026,FQ,2026,4,2026-12-31,,,text,MXN,text/date,MXN,"filings/capitaliq/Estimates/Detailed Estimated/SPGlobal_GrupoBimbo,S.A.B.deC.V._DetailedEstimates_20-Sep-2026.xlsx",Detailed Estimates,37
2026-09-20,detailed_estimates,BMV:BIMBO A (Mex$),Consensus,EPS Normalized,,Currency,FY 2026,FY,2026,,2026-12-31,,,text,MXN,text/date,MXN,"filings/capitaliq/Estimates/Detailed Estimated/SPGlobal_GrupoBimbo,S.A.B.deC.V._DetailedEstimates_20-Sep-2026.xlsx",Detailed Estimates,37
2026-09-20,detailed_estimates,BMV:BIMBO A (Mex$),Consensus,EPS Normalized,,Currency,FQ1 2027,FQ,2027,1,2027-03-31,,,text,MXN,text/date,MXN,"filings/capitaliq/Estimates/Detailed Estimated/SPGlobal_GrupoBimbo,S.A.B.deC.V._DetailedEstimates_20-Sep-2026.xlsx",Detailed Estimates,37
2026-09-20,detailed_estimates,BMV:BIMBO A (Mex$),Consensus,EPS Normalized,,Currency,FQ2 2027,FQ,2027,2,2027-06-30,,,text,MXN,text/date,MXN,"filings/capitaliq/Estimates/Detailed Estimated/SPGlobal_GrupoBimbo,S.A.B.deC.V._DetailedEstimates_20-Sep-2026.xlsx",Detailed Estimates,37
2026-09-20,detailed_estimates,BMV:BIMBO A (Mex$),Consensus,EPS Normalized,,Currency,FQ3 2027,FQ,2027,3,2027-09-30,,,text,MXN,text/date,MXN,"filings/capitaliq/Estimates/Detailed Estimated/SPGlobal_GrupoBimbo,S.A.B.deC.V._DetailedEstimates_20-Sep-2026.xlsx",Detailed Estimates,37
2026-09-20,detailed_estimates,BMV:BIMBO A (Mex$),Consensus,EPS Normalized,,Currency,FQ4 2027,FQ,2027,4,2027-12-31,,,text,MXN,text/date,MXN,"filings/capitaliq/Estimates/Detailed Estimated/SPGlobal_GrupoBimbo,S.A.B.deC.V._DetailedEstimates_20-Sep-2026.xlsx",Detailed Estimates,37
2026-09-20,detailed_estimates,BMV:BIMBO A (Mex$),Consensus,EPS Normalized,,Currency,FY 2027,FY,2027,,2027-12-31,,,text,MXN,text/date,MXN,"filings/capitaliq/Estimates/Detailed Estimated/SPGlobal_GrupoBimbo,S.A.B.deC.V._DetailedEstimates_20-Sep-2026.xlsx",Detailed Estimates,37
2026-09-20,detailed_estimates,BMV:BIMBO A (Mex$),Consensus,EPS Normalized,,Currency,FY 2028,FY,2028,,2028-12-31,,,text,MXN,text/date,MXN,"filings/capitaliq/Estimates/Detailed Estimated/SPGlobal_GrupoBimbo,S.A.B.deC.V._DetailedEstimates_20-Sep-2026.xlsx",Detailed Estimates,37
2026-09-20,detailed_estimates,BMV:BIMBO A (Mex$),Consensus,EPS Normalized,,Currency,FY 2029,FY,2029,,2029-12-31,,,text,MXN,text/date,MXN,"filings/capitaliq/Estimates/Detailed Estimated/SPGlobal_GrupoBimbo,S.A.B.deC.V._DetailedEstimates_20-Sep-2026.xlsx",Detailed Estimates,37
2026-09-20,detailed_estimates,BMV:BIMBO A (Mex$),Consensus,EPS Normalized,,Currency,FY 2030,FY,2030,,2030-12-31,,,text,MXN,text/date,MXN,"filings/capitaliq/Estimates/Detailed Estimated/SPGlobal_GrupoBimbo,S.A.B.deC.V._DetailedEstimates_20-Sep-2026.xlsx",Detailed Estimates,37
2026-09-20,detailed_estimates,BMV:BIMBO A (Mex$),Consensus,EPS Normalized,,Currency,FY 2031,FY,2031,,2031-12-31,,,text,MXN,text/date,MXN,"filings/capitaliq/Estimates/Detailed Estimated/SPGlobal_GrupoBimbo,S.A.B.deC.V._DetailedEstimates_20-Sep-2026.xlsx",Detailed Estimates,37
2026-09-20,detailed_estimates,OTCQX:BMBO.Y ($),Consensus,EPS Normalized,,Actual/Estimate,FY 2017,FY,2017,,2017-12-31,0.21,,A,0.21 A,US$ per share,USD,"filings/capitaliq/Estimates/Detailed Estimated/SPGlobal_GrupoBimbo,S.A.B.deC.V._DetailedEstimates_20-Sep-2026.xlsx",Detailed Estimates,39
2026-09-20,detailed_estimates,OTCQX:BMBO.Y ($),Consensus,EPS Normalized,,Mean,FY 2017,FY,2017,,2017-12-31,0.23,,E,0.23 E,US$ per share,USD,"filings/capitaliq/Estimates/Detailed Estimated/SPGlobal_GrupoBimbo,S.A.B.deC.V._DetailedEstimates_20-Sep-2026.xlsx",Detailed Estimates,40
2026-09-20,detailed_estimates,OTCQX:BMBO.Y ($),Consensus,EPS Normalized,,Median,FY 2017,FY,2017,,2017-12-31,0.23,,E,0.23 E,US$ per share,USD,"filings/capitaliq/Estimates/Detailed Estimated/SPGlobal_GrupoBimbo,S.A.B.deC.V._DetailedEstimates_20-Sep-2026.xlsx",Detailed Estimates,41
2026-09-20,detailed_estimates,OTCQX:BMBO.Y ($),Consensus,EPS Normalized,,High,FY 2017,FY,2017,,2017-12-31,0.23,,E,0.23 E,US$ per share,USD,"filings/capitaliq/Estimates/Detailed Estimated/SPGlobal_GrupoBimbo,S.A.B.deC.V._DetailedEstimates_20-Sep-2026.xlsx",Detailed Estimates,42
2026-09-20,detailed_estimates,OTCQX:BMBO.Y ($),Consensus,EPS Normalized,,Low,FY 2017,FY,2017,,2017-12-31,0.23,,E,0.23 E,US$ per share,USD,"filings/capitaliq/Estimates/Detailed Estimated/SPGlobal_GrupoBimbo,S.A.B.deC.V._DetailedEstimates_20-Sep-2026.xlsx",Detailed Estimates,43
2026-09-20,detailed_estimates,OTCQX:BMBO.Y ($),Consensus,EPS Normalized,,Std. Dev.,FY 2017,FY,2017,,2017-12-31,0,,,0,US$ per share,USD,"filings/capitaliq/Estimates/Detailed Estimated/SPGlobal_GrupoBimbo,S.A.B.deC.V._DetailedEstimates_20-Sep-2026.xlsx",Detailed Estimates,44
2026-09-20,detailed_estimates,OTCQX:BMBO.Y ($),Consensus,EPS Normalized,,# of Est. Includ./Avail.,FY 2017,FY,2017,,2017-12-31,,,text,1/1,analysts (included/available),USD,"filings/capitaliq/Estimates/Detailed Estimated/SPGlobal_GrupoBimbo,S.A.B.deC.V._DetailedEstimates_20-Sep-2026.xlsx",Detailed Estimates,45
2026-09-20,detailed_estimates,OTCQX:BMBO.Y ($),Consensus,EPS Normalized,,Actual,FY 2017,FY,2017,,2017-12-31,0.21019,,,0.21019,US$ per share,USD,"filings/capitaliq/Estimates/Detailed Estimated/SPGlobal_GrupoBimbo,S.A.B.deC.V._DetailedEstimates_20-Sep-2026.xlsx",Detailed Estimates,46
2026-09-20,detailed_estimates,OTCQX:BMBO.Y ($),Consensus,EPS Normalized,,Accounting Standard,FY 2017,FY,2017,,2017-12-31,,,text,IFRS,text/date,USD,"filings/capitaliq/Estimates/Detailed Estimated/SPGlobal_GrupoBimbo,S.A.B.deC.V._DetailedEstimates_20-Sep-2026.xlsx",Detailed Estimates,47
2026-09-20,detailed_estimates,OTCQX:BMBO.Y ($),Consensus,EPS Normalized,,Currency,FY 1998,FY,1998,,1998-12-31,,,text,USD,text/date,USD,"filings/capitaliq/Estimates/Detailed Estimated/SPGlobal_GrupoBimbo,S.A.B.deC.V._DetailedEstimates_20-Sep-2026.xlsx",Detailed Estimates,48
2026-09-20,detailed_estimates,OTCQX:BMBO.Y ($),Consensus,EPS Normalized,,Currency,FY 1999,FY,1999,,1999-12-31,,,text,USD,text/date,USD,"filings/capitaliq/Estimates/Detailed Estimated/SPGlobal_GrupoBimbo,S.A.B.deC.V._DetailedEstimates_20-Sep-2026.xlsx",Detailed Estimates,48
2026-09-20,detailed_estimates,OTCQX:BMBO.Y ($),Consensus,EPS Normalized,,Currency,FY 2000,FY,2000,,2000-12-31,,,text,USD,text/date,USD,"filings/capitaliq/Estimates/Detailed Estimated/SPGlobal_GrupoBimbo,S.A.B.deC.V._DetailedEstimates_20-Sep-2026.xlsx",Detailed Estimates,48
2026-09-20,detailed_estimates,OTCQX:BMBO.Y ($),Consensus,EPS Normalized,,Currency,FY 2001,FY,2001,,2001-12-31,,,text,USD,text/date,USD,"filings/capitaliq/Estimates/Detailed Estimated/SPGlobal_GrupoBimbo,S.A.B.deC.V._DetailedEstimates_20-Sep-2026.xlsx",Detailed Estimates,48
2026-09-20,detailed_estimates,OTCQX:BMBO.Y ($),Consensus,EPS Normalized,,Currency,FY 2002,FY,2002,,2002-12-31,,,text,USD,text/date,USD,"filings/capitaliq/Estimates/Detailed Estimated/SPGlobal_GrupoBimbo,S.A.B.deC.V._DetailedEstimates_20-Sep-2026.xlsx",Detailed Estimates,48
2026-09-20,detailed_estimates,OTCQX:BMBO.Y ($),Consensus,EPS Normalized,,Currency,FY 2003,FY,2003,,2003-12-31,,,text,USD,text/date,USD,"filings/capitaliq/Estimates/Detailed Estimated/SPGlobal_GrupoBimbo,S.A.B.deC.V._DetailedEstimates_20-Sep-2026.xlsx",Detailed Estimates,48
2026-09-20,detailed_estimates,OTCQX:BMBO.Y ($),Consensus,EPS Normalized,,Currency,FQ3 2004,FQ,2004,3,2004-09-30,,,text,USD,text/date,USD,"filings/capitaliq/Estimates/Detailed Estimated/SPGlobal_GrupoBimbo,S.A.B.deC.V._DetailedEstimates_20-Sep-2026.xlsx",Detailed Estimates,48
2026-09-20,detailed_estimates,OTCQX:BMBO.Y ($),Consensus,EPS Normalized,,Currency,FQ4 2004,FQ,2004,4,2004-12-31,,,text,USD,text/date,USD,"filings/capitaliq/Estimates/Detailed Estimated/SPGlobal_GrupoBimbo,S.A.B.deC.V._DetailedEstimates_20-Sep-2026.xlsx",Detailed Estimates,48
2026-09-20,detailed_estimates,OTCQX:BMBO.Y ($),Consensus,EPS Normalized,,Currency,FY 2004,FY,2004,,2004-12-31,,,text,USD,text/date,USD,"filings/capitaliq/Estimates/Detailed Estimated/SPGlobal_GrupoBimbo,S.A.B.deC.V._DetailedEstimates_20-Sep-2026.xlsx",Detailed Estimates,48
2026-09-20,detailed_estimates,OTCQX:BMBO.Y ($),Consensus,EPS Normalized,,Currency,FQ1 2005,FQ,2005,1,2005-03-31,,,text,USD,text/date,USD,"filings/capitaliq/Estimates/Detailed Estimated/SPGlobal_GrupoBimbo,S.A.B.deC.V._DetailedEstimates_20-Sep-2026.xlsx",Detailed Estimates,48
2026-09-20,detailed_estimates,OTCQX:BMBO.Y ($),Consensus,EPS Normalized,,Currency,FQ2 2005,FQ,2005,2,2005-06-30,,,text,USD,text/date,USD,"filings/capitaliq/Estimates/Detailed Estimated/SPGlobal_GrupoBimbo,S.A.B.deC.V._DetailedEstimates_20-Sep-2026.xlsx",Detailed Estimates,48
2026-09-20,detailed_estimates,OTCQX:BMBO.Y ($),Consensus,EPS Normalized,,Currency,FQ3 2005,FQ,2005,3,2005-09-30,,,text,USD,text/date,USD,"filings/capitaliq/Estimates/Detailed Estimated/SPGlobal_GrupoBimbo,S.A.B.deC.V._DetailedEstimates_20-Sep-2026.xlsx",Detailed Estimates,48
2026-09-20,detailed_estimates,OTCQX:BMBO.Y ($),Consensus,EPS Normalized,,Currency,FQ4 2005,FQ,2005,4,2005-12-31,,,text,USD,text/date,USD,"filings/capitaliq/Estimates/Detailed Estimated/SPGlobal_GrupoBimbo,S.A.B.deC.V._DetailedEstimates_20-Sep-2026.xlsx",Detailed Estimates,48
2026-09-20,detailed_estimates,OTCQX:BMBO.Y ($),Consensus,EPS Normalized,,Currency,FY 2005,FY,2005,,2005-12-31,,,text,USD,text/date,USD,"filings/capitaliq/Estimates/Detailed Estimated/SPGlobal_GrupoBimbo,S.A.B.deC.V._DetailedEstimates_20-Sep-2026.xlsx",Detailed Estimates,48
2026-09-20,detailed_estimates,OTCQX:BMBO.Y ($),Consensus,EPS Normalized,,Currency,FQ1 2006,FQ,2006,1,2006-03-31,,,text,USD,text/date,USD,"filings/capitaliq/Estimates/Detailed Estimated/SPGlobal_GrupoBimbo,S.A.B.deC.V._DetailedEstimates_20-Sep-2026.xlsx",Detailed Estimates,48
2026-09-20,detailed_estimates,OTCQX:BMBO.Y ($),Consensus,EPS Normalized,,Currency,FQ2 2006,FQ,2006,2,2006-06-30,,,text,USD,text/date,USD,"filings/capitaliq/Estimates/Detailed Estimated/SPGlobal_GrupoBimbo,S.A.B.deC.V._DetailedEstimates_20-Sep-2026.xlsx",Detailed Estimates,48
2026-09-20,detailed_estimates,OTCQX:BMBO.Y ($),Consensus,EPS Normalized,,Currency,FQ3 2006,FQ,2006,3,2006-09-30,,,text,USD,text/date,USD,"filings/capitaliq/Estimates/Detailed Estimated/SPGlobal_GrupoBimbo,S.A.B.deC.V._DetailedEstimates_20-Sep-2026.xlsx",Detailed Estimates,48
2026-09-20,detailed_estimates,OTCQX:BMBO.Y ($),Consensus,EPS Normalized,,Currency,FQ4 2006,FQ,2006,4,2006-12-31,,,text,USD,text/date,USD,"filings/capitaliq/Estimates/Detailed Estimated/SPGlobal_GrupoBimbo,S.A.B.deC.V._DetailedEstimates_20-Sep-2026.xlsx",Detailed Estimates,48
2026-09-20,detailed_estimates,OTCQX:BMBO.Y ($),Consensus,EPS Normalized,,Currency,FY 2006,FY,2006,,2006-12-31,,,text,USD,text/date,USD,"filings/capitaliq/Estimates/Detailed Estimated/SPGlobal_GrupoBimbo,S.A.B.deC.V._DetailedEstimates_20-Sep-2026.xlsx",Detailed Estimates,48
2026-09-20,detailed_estimates,OTCQX:BMBO.Y ($),Consensus,EPS Normalized,,Currency,FQ1 2007,FQ,2007,1,2007-03-31,,,text,USD,text/date,USD,"filings/capitaliq/Estimates/Detailed Estimated/SPGlobal_GrupoBimbo,S.A.B.deC.V._DetailedEstimates_20-Sep-2026.xlsx",Detailed Estimates,48
2026-09-20,detailed_estimates,OTCQX:BMBO.Y ($),Consensus,EPS Normalized,,Currency,FQ2 2007,FQ,2007,2,2007-06-30,,,text,USD,text/date,USD,"filings/capitaliq/Estimates/Detailed Estimated/SPGlobal_GrupoBimbo,S.A.B.deC.V._DetailedEstimates_20-Sep-2026.xlsx",Detailed Estimates,48
2026-09-20,detailed_estimates,OTCQX:BMBO.Y ($),Consensus,EPS Normalized,,Currency,FQ3 2007,FQ,2007,3,2007-09-30,,,text,USD,text/date,USD,"filings/capitaliq/Estimates/Detailed Estimated/SPGlobal_GrupoBimbo,S.A.B.deC.V._DetailedEstimates_20-Sep-2026.xlsx",Detailed Estimates,48
2026-09-20,detailed_estimates,OTCQX:BMBO.Y ($),Consensus,EPS Normalized,,Currency,FQ4 2007,FQ,2007,4,2007-12-31,,,text,USD,text/date,USD,"filings/capitaliq/Estimates/Detailed Estimated/SPGlobal_GrupoBimbo,S.A.B.deC.V._DetailedEstimates_20-Sep-2026.xlsx",Detailed Estimates,48
2026-09-20,detailed_estimates,OTCQX:BMBO.Y ($),Consensus,EPS Normalized,,Currency,FY 2007,FY,2007,,2007-12-31,,,text,USD,text/date,USD,"filings/capitaliq/Estimates/Detailed Estimated/SPGlobal_GrupoBimbo,S.A.B.deC.V._DetailedEstimates_20-Sep-2026.xlsx",Detailed Estimates,48
2026-09-20,detailed_estimates,OTCQX:BMBO.Y ($),Consensus,EPS Normalized,,Currency,FQ1 2008,FQ,2008,1,2008-03-31,,,text,USD,text/date,USD,"filings/capitaliq/Estimates/Detailed Estimated/SPGlobal_GrupoBimbo,S.A.B.deC.V._DetailedEstimates_20-Sep-2026.xlsx",Detailed Estimates,48
2026-09-20,detailed_estimates,OTCQX:BMBO.Y ($),Consensus,EPS Normalized,,Currency,FQ2 2008,FQ,2008,2,2008-06-30,,,text,USD,text/date,USD,"filings/capitaliq/Estimates/Detailed Estimated/SPGlobal_GrupoBimbo,S.A.B.deC.V._DetailedEstimates_20-Sep-2026.xlsx",Detailed Estimates,48
2026-09-20,detailed_estimates,OTCQX:BMBO.Y ($),Consensus,EPS Normalized,,Currency,FQ3 2008,FQ,2008,3,2008-09-30,,,text,USD,text/date,USD,"filings/capitaliq/Estimates/Detailed Estimated/SPGlobal_GrupoBimbo,S.A.B.deC.V._DetailedEstimates_20-Sep-2026.xlsx",Detailed Estimates,48
2026-09-20,detailed_estimates,OTCQX:BMBO.Y ($),Consensus,EPS Normalized,,Currency,FQ4 2008,FQ,2008,4,2008-12-31,,,text,USD,text/date,USD,"filings/capitaliq/Estimates/Detailed Estimated/SPGlobal_GrupoBimbo,S.A.B.deC.V._DetailedEstimates_20-Sep-2026.xlsx",Detailed Estimates,48
2026-09-20,detailed_estimates,OTCQX:BMBO.Y ($),Consensus,EPS Normalized,,Currency,FY 2008,FY,2008,,2008-12-31,,,text,USD,text/date,USD,"filings/capitaliq/Estimates/Detailed Estimated/SPGlobal_GrupoBimbo,S.A.B.deC.V._DetailedEstimates_20-Sep-2026.xlsx",Detailed Estimates,48
2026-09-20,detailed_estimates,OTCQX:BMBO.Y ($),Consensus,EPS Normalized,,Currency,FQ1 2009,FQ,2009,1,2009-03-31,,,text,USD,text/date,USD,"filings/capitaliq/Estimates/Detailed Estimated/SPGlobal_GrupoBimbo,S.A.B.deC.V._DetailedEstimates_20-Sep-2026.xlsx",Detailed Estimates,48
2026-09-20,detailed_estimates,OTCQX:BMBO.Y ($),Consensus,EPS Normalized,,Currency,FQ3 2009,FQ,2009,3,2009-09-30,,,text,USD,text/date,USD,"filings/capitaliq/Estimates/Detailed Estimated/SPGlobal_GrupoBimbo,S.A.B.deC.V._DetailedEstimates_20-Sep-2026.xlsx",Detailed Estimates,48
2026-09-20,detailed_estimates,OTCQX:BMBO.Y ($),Consensus,EPS Normalized,,Currency,FQ4 2009,FQ,2009,4,2009-12-31,,,text,USD,text/date,USD,"filings/capitaliq/Estimates/Detailed Estimated/SPGlobal_GrupoBimbo,S.A.B.deC.V._DetailedEstimates_20-Sep-2026.xlsx",Detailed Estimates,48
2026-09-20,detailed_estimates,OTCQX:BMBO.Y ($),Consensus,EPS Normalized,,Currency,FY 2009,FY,2009,,2009-12-31,,,text,USD,text/date,USD,"filings/capitaliq/Estimates/Detailed Estimated/SPGlobal_GrupoBimbo,S.A.B.deC.V._DetailedEstimates_20-Sep-2026.xlsx",Detailed Estimates,48
2026-09-20,detailed_estimates,OTCQX:BMBO.Y ($),Consensus,EPS Normalized,,Currency,FQ2 2010,FQ,2010,2,2010-06-30,,,text,USD,text/date,USD,"filings/capitaliq/Estimates/Detailed Estimated/SPGlobal_GrupoBimbo,S.A.B.deC.V._DetailedEstimates_20-Sep-2026.xlsx",Detailed Estimates,48
2026-09-20,detailed_estimates,OTCQX:BMBO.Y ($),Consensus,EPS Normalized,,Currency,FQ3 2010,FQ,2010,3,2010-09-30,,,text,USD,text/date,USD,"filings/capitaliq/Estimates/Detailed Estimated/SPGlobal_GrupoBimbo,S.A.B.deC.V._DetailedEstimates_20-Sep-2026.xlsx",Detailed Estimates,48
2026-09-20,detailed_estimates,OTCQX:BMBO.Y ($),Consensus,EPS Normalized,,Currency,FQ4 2010,FQ,2010,4,2010-12-31,,,text,USD,text/date,USD,"filings/capitaliq/Estimates/Detailed Estimated/SPGlobal_GrupoBimbo,S.A.B.deC.V._DetailedEstimates_20-Sep-2026.xlsx",Detailed Estimates,48
2026-09-20,detailed_estimates,OTCQX:BMBO.Y ($),Consensus,EPS Normalized,,Currency,FY 2010,FY,2010,,2010-12-31,,,text,USD,text/date,USD,"filings/capitaliq/Estimates/Detailed Estimated/SPGlobal_GrupoBimbo,S.A.B.deC.V._DetailedEstimates_20-Sep-2026.xlsx",Detailed Estimates,48
2026-09-20,detailed_estimates,OTCQX:BMBO.Y ($),Consensus,EPS Normalized,,Currency,FQ2 2011,FQ,2011,2,2011-06-30,,,text,USD,text/date,USD,"filings/capitaliq/Estimates/Detailed Estimated/SPGlobal_GrupoBimbo,S.A.B.deC.V._DetailedEstimates_20-Sep-2026.xlsx",Detailed Estimates,48
2026-09-20,detailed_estimates,OTCQX:BMBO.Y ($),Consensus,EPS Normalized,,Currency,FQ3 2011,FQ,2011,3,2011-09-30,,,text,USD,text/date,USD,"filings/capitaliq/Estimates/Detailed Estimated/SPGlobal_GrupoBimbo,S.A.B.deC.V._DetailedEstimates_20-Sep-2026.xlsx",Detailed Estimates,48
2026-09-20,detailed_estimates,OTCQX:BMBO.Y ($),Consensus,EPS Normalized,,Currency,FQ4 2011,FQ,2011,4,2011-12-31,,,text,USD,text/date,USD,"filings/capitaliq/Estimates/Detailed Estimated/SPGlobal_GrupoBimbo,S.A.B.deC.V._DetailedEstimates_20-Sep-2026.xlsx",Detailed Estimates,48
2026-09-20,detailed_estimates,OTCQX:BMBO.Y ($),Consensus,EPS Normalized,,Currency,FY 2011,FY,2011,,2011-12-31,,,text,USD,text/date,USD,"filings/capitaliq/Estimates/Detailed Estimated/SPGlobal_GrupoBimbo,S.A.B.deC.V._DetailedEstimates_20-Sep-2026.xlsx",Detailed Estimates,48
2026-09-20,detailed_estimates,OTCQX:BMBO.Y ($),Consensus,EPS Normalized,,Currency,FQ4 2012,FQ,2012,4,2012-12-31,,,text,USD,text/date,USD,"filings/capitaliq/Estimates/Detailed Estimated/SPGlobal_GrupoBimbo,S.A.B.deC.V._DetailedEstimates_20-Sep-2026.xlsx",Detailed Estimates,48
2026-09-20,detailed_estimates,OTCQX:BMBO.Y ($),Consensus,EPS Normalized,,Currency,FY 2012,FY,2012,,2012-12-31,,,text,USD,text/date,USD,"filings/capitaliq/Estimates/Detailed Estimated/SPGlobal_GrupoBimbo,S.A.B.deC.V._DetailedEstimates_20-Sep-2026.xlsx",Detailed Estimates,48
2026-09-20,detailed_estimates,OTCQX:BMBO.Y ($),Consensus,EPS Normalized,,Currency,FQ1 2013,FQ,2013,1,2013-03-31,,,text,USD,text/date,USD,"filings/capitaliq/Estimates/Detailed Estimated/SPGlobal_GrupoBimbo,S.A.B.deC.V._DetailedEstimates_20-Sep-2026.xlsx",Detailed Estimates,48
2026-09-20,detailed_estimates,OTCQX:BMBO.Y ($),Consensus,EPS Normalized,,Currency,FQ2 2013,FQ,2013,2,2013-06-30,,,text,USD,text/date,USD,"filings/capitaliq/Estimates/Detailed Estimated/SPGlobal_GrupoBimbo,S.A.B.deC.V._DetailedEstimates_20-Sep-2026.xlsx",Detailed Estimates,48
2026-09-20,detailed_estimates,OTCQX:BMBO.Y ($),Consensus,EPS Normalized,,Currency,FQ3 2013,FQ,2013,3,2013-09-30,,,text,USD,text/date,USD,"filings/capitaliq/Estimates/Detailed Estimated/SPGlobal_GrupoBimbo,S.A.B.deC.V._DetailedEstimates_20-Sep-2026.xlsx",Detailed Estimates,48
2026-09-20,detailed_estimates,OTCQX:BMBO.Y ($),Consensus,EPS Normalized,,Currency,FQ4 2013,FQ,2013,4,2013-12-31,,,text,USD,text/date,USD,"filings/capitaliq/Estimates/Detailed Estimated/SPGlobal_GrupoBimbo,S.A.B.deC.V._DetailedEstimates_20-Sep-2026.xlsx",Detailed Estimates,48
2026-09-20,detailed_estimates,OTCQX:BMBO.Y ($),Consensus,EPS Normalized,,Currency,FY 2013,FY,2013,,2013-12-31,,,text,USD,text/date,USD,"filings/capitaliq/Estimates/Detailed Estimated/SPGlobal_GrupoBimbo,S.A.B.deC.V._DetailedEstimates_20-Sep-2026.xlsx",Detailed Estimates,48
2026-09-20,detailed_estimates,OTCQX:BMBO.Y ($),Consensus,EPS Normalized,,Currency,FQ1 2014,FQ,2014,1,2014-03-31,,,text,USD,text/date,USD,"filings/capitaliq/Estimates/Detailed Estimated/SPGlobal_GrupoBimbo,S.A.B.deC.V._DetailedEstimates_20-Sep-2026.xlsx",Detailed Estimates,48
2026-09-20,detailed_estimates,OTCQX:BMBO.Y ($),Consensus,EPS Normalized,,Currency,FQ2 2014,FQ,2014,2,2014-06-30,,,text,USD,text/date,USD,"filings/capitaliq/Estimates/Detailed Estimated/SPGlobal_GrupoBimbo,S.A.B.deC.V._DetailedEstimates_20-Sep-2026.xlsx",Detailed Estimates,48
2026-09-20,detailed_estimates,OTCQX:BMBO.Y ($),Consensus,EPS Normalized,,Currency,FQ3 2014,FQ,2014,3,2014-09-30,,,text,USD,text/date,USD,"filings/capitaliq/Estimates/Detailed Estimated/SPGlobal_GrupoBimbo,S.A.B.deC.V._DetailedEstimates_20-Sep-2026.xlsx",Detailed Estimates,48
2026-09-20,detailed_estimates,OTCQX:BMBO.Y ($),Consensus,EPS Normalized,,Currency,FQ4 2014,FQ,2014,4,2014-12-31,,,text,USD,text/date,USD,"filings/capitaliq/Estimates/Detailed Estimated/SPGlobal_GrupoBimbo,S.A.B.deC.V._DetailedEstimates_20-Sep-2026.xlsx",Detailed Estimates,48
2026-09-20,detailed_estimates,OTCQX:BMBO.Y ($),Consensus,EPS Normalized,,Currency,FY 2014,FY,2014,,2014-12-31,,,text,USD,text/date,USD,"filings/capitaliq/Estimates/Detailed Estimated/SPGlobal_GrupoBimbo,S.A.B.deC.V._DetailedEstimates_20-Sep-2026.xlsx",Detailed Estimates,48
2026-09-20,detailed_estimates,OTCQX:BMBO.Y ($),Consensus,EPS Normalized,,Currency,FQ1 2015,FQ,2015,1,2015-03-31,,,text,USD,text/date,USD,"filings/capitaliq/Estimates/Detailed Estimated/SPGlobal_GrupoBimbo,S.A.B.deC.V._DetailedEstimates_20-Sep-2026.xlsx",Detailed Estimates,48
2026-09-20,detailed_estimates,OTCQX:BMBO.Y ($),Consensus,EPS Normalized,,Currency,FQ2 2015,FQ,2015,2,2015-06-30,,,text,USD,text/date,USD,"filings/capitaliq/Estimates/Detailed Estimated/SPGlobal_GrupoBimbo,S.A.B.deC.V._DetailedEstimates_20-Sep-2026.xlsx",Detailed Estimates,48
2026-09-20,detailed_estimates,OTCQX:BMBO.Y ($),Consensus,EPS Normalized,,Currency,FQ3 2015,FQ,2015,3,2015-09-30,,,text,USD,text/date,USD,"filings/capitaliq/Estimates/Detailed Estimated/SPGlobal_GrupoBimbo,S.A.B.deC.V._DetailedEstimates_20-Sep-2026.xlsx",Detailed Estimates,48
2026-09-20,detailed_estimates,OTCQX:BMBO.Y ($),Consensus,EPS Normalized,,Currency,FQ4 2015,FQ,2015,4,2015-12-31,,,text,USD,text/date,USD,"filings/capitaliq/Estimates/Detailed Estimated/SPGlobal_GrupoBimbo,S.A.B.deC.V._DetailedEstimates_20-Sep-2026.xlsx",Detailed Estimates,48
2026-09-20,detailed_estimates,OTCQX:BMBO.Y ($),Consensus,EPS Normalized,,Currency,FY 2015,FY,2015,,2015-12-31,,,text,USD,text/date,USD,"filings/capitaliq/Estimates/Detailed Estimated/SPGlobal_GrupoBimbo,S.A.B.deC.V._DetailedEstimates_20-Sep-2026.xlsx",Detailed Estimates,48
2026-09-20,detailed_estimates,OTCQX:BMBO.Y ($),Consensus,EPS Normalized,,Currency,FQ1 2016,FQ,2016,1,2016-03-31,,,text,USD,text/date,USD,"filings/capitaliq/Estimates/Detailed Estimated/SPGlobal_GrupoBimbo,S.A.B.deC.V._DetailedEstimates_20-Sep-2026.xlsx",Detailed Estimates,48
2026-09-20,detailed_estimates,OTCQX:BMBO.Y ($),Consensus,EPS Normalized,,Currency,FQ2 2016,FQ,2016,2,2016-06-30,,,text,USD,text/date,USD,"filings/capitaliq/Estimates/Detailed Estimated/SPGlobal_GrupoBimbo,S.A.B.deC.V._DetailedEstimates_20-Sep-2026.xlsx",Detailed Estimates,48
2026-09-20,detailed_estimates,OTCQX:BMBO.Y ($),Consensus,EPS Normalized,,Currency,FQ3 2016,FQ,2016,3,2016-09-30,,,text,USD,text/date,USD,"filings/capitaliq/Estimates/Detailed Estimated/SPGlobal_GrupoBimbo,S.A.B.deC.V._DetailedEstimates_20-Sep-2026.xlsx",Detailed Estimates,48
2026-09-20,detailed_estimates,OTCQX:BMBO.Y ($),Consensus,EPS Normalized,,Currency,FQ4 2016,FQ,2016,4,2016-12-31,,,text,USD,text/date,USD,"filings/capitaliq/Estimates/Detailed Estimated/SPGlobal_GrupoBimbo,S.A.B.deC.V._DetailedEstimates_20-Sep-2026.xlsx",Detailed Estimates,48
2026-09-20,detailed_estimates,OTCQX:BMBO.Y ($),Consensus,EPS Normalized,,Currency,FY 2016,FY,2016,,2016-12-31,,,text,USD,text/date,USD,"filings/capitaliq/Estimates/Detailed Estimated/SPGlobal_GrupoBimbo,S.A.B.deC.V._DetailedEstimates_20-Sep-2026.xlsx",Detailed Estimates,48
2026-09-20,detailed_estimates,OTCQX:BMBO.Y ($),Consensus,EPS Normalized,,Currency,FQ1 2017,FQ,2017,1,2017-03-31,,,text,USD,text/date,USD,"filings/capitaliq/Estimates/Detailed Estimated/SPGlobal_GrupoBimbo,S.A.B.deC.V._DetailedEstimates_20-Sep-2026.xlsx",Detailed Estimates,48
2026-09-20,detailed_estimates,OTCQX:BMBO.Y ($),Consensus,EPS Normalized,,Currency,FQ2 2017,FQ,2017,2,2017-06-30,,,text,USD,text/date,USD,"filings/capitaliq/Estimates/Detailed Estimated/SPGlobal_GrupoBimbo,S.A.B.deC.V._DetailedEstimates_20-Sep-2026.xlsx",Detailed Estimates,48
2026-09-20,detailed_estimates,OTCQX:BMBO.Y ($),Consensus,EPS Normalized,,Currency,FQ3 2017,FQ,2017,3,2017-09-30,,,text,USD,text/date,USD,"filings/capitaliq/Estimates/Detailed Estimated/SPGlobal_GrupoBimbo,S.A.B.deC.V._DetailedEstimates_20-Sep-2026.xlsx",Detailed Estimates,48
2026-09-20,detailed_estimates,OTCQX:BMBO.Y ($),Consensus,EPS Normalized,,Currency,FQ4 2017,FQ,2017,4,2017-12-31,,,text,USD,text/date,USD,"filings/capitaliq/Estimates/Detailed Estimated/SPGlobal_GrupoBimbo,S.A.B.deC.V._DetailedEstimates_20-Sep-2026.xlsx",Detailed Estimates,48
2026-09-20,detailed_estimates,OTCQX:BMBO.Y ($),Consensus,EPS Normalized,,Currency,FY 2017,FY,2017,,2017-12-31,,,text,USD,text/date,USD,"filings/capitaliq/Estimates/Detailed Estimated/SPGlobal_GrupoBimbo,S.A.B.deC.V._DetailedEstimates_20-Sep-2026.xlsx",Detailed Estimates,48
2026-09-20,detailed_estimates,OTCQX:BMBO.Y ($),Consensus,EPS Normalized,,Currency,FQ1 2018,FQ,2018,1,2018-03-31,,,text,USD,text/date,USD,"filings/capitaliq/Estimates/Detailed Estimated/SPGlobal_GrupoBimbo,S.A.B.deC.V._DetailedEstimates_20-Sep-2026.xlsx",Detailed Estimates,48
2026-09-20,detailed_estimates,OTCQX:BMBO.Y ($),Consensus,EPS Normalized,,Currency,FQ2 2018,FQ,2018,2,2018-06-30,,,text,USD,text/date,USD,"filings/capitaliq/Estimates/Detailed Estimated/SPGlobal_GrupoBimbo,S.A.B.deC.V._DetailedEstimates_20-Sep-2026.xlsx",Detailed Estimates,48
2026-09-20,detailed_estimates,OTCQX:BMBO.Y ($),Consensus,EPS Normalized,,Currency,FQ3 2018,FQ,2018,3,2018-09-30,,,text,USD,text/date,USD,"filings/capitaliq/Estimates/Detailed Estimated/SPGlobal_GrupoBimbo,S.A.B.deC.V._DetailedEstimates_20-Sep-2026.xlsx",Detailed Estimates,48
2026-09-20,detailed_estimates,OTCQX:BMBO.Y ($),Consensus,EPS Normalized,,Currency,FQ4 2018,FQ,2018,4,2018-12-31,,,text,USD,text/date,USD,"filings/capitaliq/Estimates/Detailed Estimated/SPGlobal_GrupoBimbo,S.A.B.deC.V._DetailedEstimates_20-Sep-2026.xlsx",Detailed Estimates,48
2026-09-20,detailed_estimates,OTCQX:BMBO.Y ($),Consensus,EPS Normalized,,Currency,FY 2018,FY,2018,,2018-12-31,,,text,USD,text/date,USD,"filings/capitaliq/Estimates/Detailed Estimated/SPGlobal_GrupoBimbo,S.A.B.deC.V._DetailedEstimates_20-Sep-2026.xlsx",Detailed Estimates,48
2026-09-20,detailed_estimates,OTCQX:BMBO.Y ($),Consensus,EPS Normalized,,Currency,FQ1 2019,FQ,2019,1,2019-03-31,,,text,USD,text/date,USD,"filings/capitaliq/Estimates/Detailed Estimated/SPGlobal_GrupoBimbo,S.A.B.deC.V._DetailedEstimates_20-Sep-2026.xlsx",Detailed Estimates,48
2026-09-20,detailed_estimates,OTCQX:BMBO.Y ($),Consensus,EPS Normalized,,Currency,FQ2 2019,FQ,2019,2,2019-06-30,,,text,USD,text/date,USD,"filings/capitaliq/Estimates/Detailed Estimated/SPGlobal_GrupoBimbo,S.A.B.deC.V._DetailedEstimates_20-Sep-2026.xlsx",Detailed Estimates,48
2026-09-20,detailed_estimates,OTCQX:BMBO.Y ($),Consensus,EPS Normalized,,Currency,FQ3 2019,FQ,2019,3,2019-09-30,,,text,USD,text/date,USD,"filings/capitaliq/Estimates/Detailed Estimated/SPGlobal_GrupoBimbo,S.A.B.deC.V._DetailedEstimates_20-Sep-2026.xlsx",Detailed Estimates,48
2026-09-20,detailed_estimates,OTCQX:BMBO.Y ($),Consensus,EPS Normalized,,Currency,FQ4 2019,FQ,2019,4,2019-12-31,,,text,USD,text/date,USD,"filings/capitaliq/Estimates/Detailed Estimated/SPGlobal_GrupoBimbo,S.A.B.deC.V._DetailedEstimates_20-Sep-2026.xlsx",Detailed Estimates,48
2026-09-20,detailed_estimates,OTCQX:BMBO.Y ($),Consensus,EPS Normalized,,Currency,FY 2019,FY,2019,,2019-12-31,,,text,USD,text/date,USD,"filings/capitaliq/Estimates/Detailed Estimated/SPGlobal_GrupoBimbo,S.A.B.deC.V._DetailedEstimates_20-Sep-2026.xlsx",Detailed Estimates,48
2026-09-20,detailed_estimates,OTCQX:BMBO.Y ($),Consensus,EPS Normalized,,Currency,FQ1 2020,FQ,2020,1,2020-03-31,,,text,USD,text/date,USD,"filings/capitaliq/Estimates/Detailed Estimated/SPGlobal_GrupoBimbo,S.A.B.deC.V._DetailedEstimates_20-Sep-2026.xlsx",Detailed Estimates,48
2026-09-20,detailed_estimates,OTCQX:BMBO.Y ($),Consensus,EPS Normalized,,Currency,FQ2 2020,FQ,2020,2,2020-06-30,,,text,USD,text/date,USD,"filings/capitaliq/Estimates/Detailed Estimated/SPGlobal_GrupoBimbo,S.A.B.deC.V._DetailedEstimates_20-Sep-2026.xlsx",Detailed Estimates,48
2026-09-20,detailed_estimates,OTCQX:BMBO.Y ($),Consensus,EPS Normalized,,Currency,FQ3 2020,FQ,2020,3,2020-09-30,,,text,USD,text/date,USD,"filings/capitaliq/Estimates/Detailed Estimated/SPGlobal_GrupoBimbo,S.A.B.deC.V._DetailedEstimates_20-Sep-2026.xlsx",Detailed Estimates,48
2026-09-20,detailed_estimates,OTCQX:BMBO.Y ($),Consensus,EPS Normalized,,Currency,FQ4 2020,FQ,2020,4,2020-12-31,,,text,USD,text/date,USD,"filings/capitaliq/Estimates/Detailed Estimated/SPGlobal_GrupoBimbo,S.A.B.deC.V._DetailedEstimates_20-Sep-2026.xlsx",Detailed Estimates,48
2026-09-20,detailed_estimates,OTCQX:BMBO.Y ($),Consensus,EPS Normalized,,Currency,FY 2020,FY,2020,,2020-12-31,,,text,USD,text/date,USD,"filings/capitaliq/Estimates/Detailed Estimated/SPGlobal_GrupoBimbo,S.A.B.deC.V._DetailedEstimates_20-Sep-2026.xlsx",Detailed Estimates,48
2026-09-20,detailed_estimates,OTCQX:BMBO.Y ($),Consensus,EPS Normalized,,Currency,FQ1 2021,FQ,2021,1,2021-03-31,,,text,USD,text/date,USD,"filings/capitaliq/Estimates/Detailed Estimated/SPGlobal_GrupoBimbo,S.A.B.deC.V._DetailedEstimates_20-Sep-2026.xlsx",Detailed Estimates,48
2026-09-20,detailed_estimates,OTCQX:BMBO.Y ($),Consensus,EPS Normalized,,Currency,FQ2 2021,FQ,2021,2,2021-06-30,,,text,USD,text/date,USD,"filings/capitaliq/Estimates/Detailed Estimated/SPGlobal_GrupoBimbo,S.A.B.deC.V._DetailedEstimates_20-Sep-2026.xlsx",Detailed Estimates,48
2026-09-20,detailed_estimates,OTCQX:BMBO.Y ($),Consensus,EPS Normalized,,Currency,FQ3 2021,FQ,2021,3,2021-09-30,,,text,USD,text/date,USD,"filings/capitaliq/Estimates/Detailed Estimated/SPGlobal_GrupoBimbo,S.A.B.deC.V._DetailedEstimates_20-Sep-2026.xlsx",Detailed Estimates,48
2026-09-20,detailed_estimates,OTCQX:BMBO.Y ($),Consensus,EPS Normalized,,Currency,FQ4 2021,FQ,2021,4,2021-12-31,,,text,USD,text/date,USD,"filings/capitaliq/Estimates/Detailed Estimated/SPGlobal_GrupoBimbo,S.A.B.deC.V._DetailedEstimates_20-Sep-2026.xlsx",Detailed Estimates,48
2026-09-20,detailed_estimates,OTCQX:BMBO.Y ($),Consensus,EPS Normalized,,Currency,FY 2021,FY,2021,,2021-12-31,,,text,USD,text/date,USD,"filings/capitaliq/Estimates/Detailed Estimated/SPGlobal_GrupoBimbo,S.A.B.deC.V._DetailedEstimates_20-Sep-2026.xlsx",Detailed Estimates,48
2026-09-20,detailed_estimates,OTCQX:BMBO.Y ($),Consensus,EPS Normalized,,Currency,FQ1 2022,FQ,2022,1,2022-03-31,,,text,USD,text/date,USD,"filings/capitaliq/Estimates/Detailed Estimated/SPGlobal_GrupoBimbo,S.A.B.deC.V._DetailedEstimates_20-Sep-2026.xlsx",Detailed Estimates,48
2026-09-20,detailed_estimates,OTCQX:BMBO.Y ($),Consensus,EPS Normalized,,Currency,FQ2 2022,FQ,2022,2,2022-06-30,,,text,USD,text/date,USD,"filings/capitaliq/Estimates/Detailed Estimated/SPGlobal_GrupoBimbo,S.A.B.deC.V._DetailedEstimates_20-Sep-2026.xlsx",Detailed Estimates,48
2026-09-20,detailed_estimates,OTCQX:BMBO.Y ($),Consensus,EPS Normalized,,Currency,FQ3 2022,FQ,2022,3,2022-09-30,,,text,USD,text/date,USD,"filings/capitaliq/Estimates/Detailed Estimated/SPGlobal_GrupoBimbo,S.A.B.deC.V._DetailedEstimates_20-Sep-2026.xlsx",Detailed Estimates,48
2026-09-20,detailed_estimates,OTCQX:BMBO.Y ($),Consensus,EPS Normalized,,Currency,FQ4 2022,FQ,2022,4,2022-12-31,,,text,USD,text/date,USD,"filings/capitaliq/Estimates/Detailed Estimated/SPGlobal_GrupoBimbo,S.A.B.deC.V._DetailedEstimates_20-Sep-2026.xlsx",Detailed Estimates,48
2026-09-20,detailed_estimates,OTCQX:BMBO.Y ($),Consensus,EPS Normalized,,Currency,FY 2022,FY,2022,,2022-12-31,,,text,USD,text/date,USD,"filings/capitaliq/Estimates/Detailed Estimated/SPGlobal_GrupoBimbo,S.A.B.deC.V._DetailedEstimates_20-Sep-2026.xlsx",Detailed Estimates,48
2026-09-20,detailed_estimates,OTCQX:BMBO.Y ($),Consensus,EPS Normalized,,Currency,FQ1 2023,FQ,2023,1,2023-03-31,,,text,USD,text/date,USD,"filings/capitaliq/Estimates/Detailed Estimated/SPGlobal_GrupoBimbo,S.A.B.deC.V._DetailedEstimates_20-Sep-2026.xlsx",Detailed Estimates,48
2026-09-20,detailed_estimates,OTCQX:BMBO.Y ($),Consensus,EPS Normalized,,Currency,FQ2 2023,FQ,2023,2,2023-06-30,,,text,USD,text/date,USD,"filings/capitaliq/Estimates/Detailed Estimated/SPGlobal_GrupoBimbo,S.A.B.deC.V._DetailedEstimates_20-Sep-2026.xlsx",Detailed Estimates,48
2026-09-20,detailed_estimates,OTCQX:BMBO.Y ($),Consensus,EPS Normalized,,Currency,FQ3 2023,FQ,2023,3,2023-09-30,,,text,USD,text/date,USD,"filings/capitaliq/Estimates/Detailed Estimated/SPGlobal_GrupoBimbo,S.A.B.deC.V._DetailedEstimates_20-Sep-2026.xlsx",Detailed Estimates,48
2026-09-20,detailed_estimates,OTCQX:BMBO.Y ($),Consensus,EPS Normalized,,Currency,FQ4 2023,FQ,2023,4,2023-12-31,,,text,USD,text/date,USD,"filings/capitaliq/Estimates/Detailed Estimated/SPGlobal_GrupoBimbo,S.A.B.deC.V._DetailedEstimates_20-Sep-2026.xlsx",Detailed Estimates,48
2026-09-20,detailed_estimates,OTCQX:BMBO.Y ($),Consensus,EPS Normalized,,Currency,FY 2023,FY,2023,,2023-12-31,,,text,USD,text/date,USD,"filings/capitaliq/Estimates/Detailed Estimated/SPGlobal_GrupoBimbo,S.A.B.deC.V._DetailedEstimates_20-Sep-2026.xlsx",Detailed Estimates,48
2026-09-20,detailed_estimates,OTCQX:BMBO.Y ($),Consensus,EPS Normalized,,Currency,FQ1 2024,FQ,2024,1,2024-03-31,,,text,USD,text/date,USD,"filings/capitaliq/Estimates/Detailed Estimated/SPGlobal_GrupoBimbo,S.A.B.deC.V._DetailedEstimates_20-Sep-2026.xlsx",Detailed Estimates,48
2026-09-20,detailed_estimates,OTCQX:BMBO.Y ($),Consensus,EPS Normalized,,Currency,FQ2 2024,FQ,2024,2,2024-06-30,,,text,USD,text/date,USD,"filings/capitaliq/Estimates/Detailed Estimated/SPGlobal_GrupoBimbo,S.A.B.deC.V._DetailedEstimates_20-Sep-2026.xlsx",Detailed Estimates,48
2026-09-20,detailed_estimates,OTCQX:BMBO.Y ($),Consensus,EPS Normalized,,Currency,FQ3 2024,FQ,2024,3,2024-09-30,,,text,USD,text/date,USD,"filings/capitaliq/Estimates/Detailed Estimated/SPGlobal_GrupoBimbo,S.A.B.deC.V._DetailedEstimates_20-Sep-2026.xlsx",Detailed Estimates,48
2026-09-20,detailed_estimates,OTCQX:BMBO.Y ($),Consensus,EPS Normalized,,Currency,FQ4 2024,FQ,2024,4,2024-12-31,,,text,USD,text/date,USD,"filings/capitaliq/Estimates/Detailed Estimated/SPGlobal_GrupoBimbo,S.A.B.deC.V._DetailedEstimates_20-Sep-2026.xlsx",Detailed Estimates,48
2026-09-20,detailed_estimates,OTCQX:BMBO.Y ($),Consensus,EPS Normalized,,Currency,FY 2024,FY,2024,,2024-12-31,,,text,USD,text/date,USD,"filings/capitaliq/Estimates/Detailed Estimated/SPGlobal_GrupoBimbo,S.A.B.deC.V._DetailedEstimates_20-Sep-2026.xlsx",Detailed Estimates,48
2026-09-20,detailed_estimates,OTCQX:BMBO.Y ($),Consensus,EPS Normalized,,Currency,FQ1 2025,FQ,2025,1,2025-03-31,,,text,USD,text/date,USD,"filings/capitaliq/Estimates/Detailed Estimated/SPGlobal_GrupoBimbo,S.A.B.deC.V._DetailedEstimates_20-Sep-2026.xlsx",Detailed Estimates,48
2026-09-20,detailed_estimates,OTCQX:BMBO.Y ($),Consensus,EPS Normalized,,Currency,FQ2 2025,FQ,2025,2,2025-06-30,,,text,USD,text/date,USD,"filings/capitaliq/Estimates/Detailed Estimated/SPGlobal_GrupoBimbo,S.A.B.deC.V._DetailedEstimates_20-Sep-2026.xlsx",Detailed Estimates,48
2026-09-20,detailed_estimates,OTCQX:BMBO.Y ($),Consensus,EPS Normalized,,Currency,FQ3 2025,FQ,2025,3,2025-09-30,,,text,USD,text/date,USD,"filings/capitaliq/Estimates/Detailed Estimated/SPGlobal_GrupoBimbo,S.A.B.deC.V._DetailedEstimates_20-Sep-2026.xlsx",Detailed Estimates,48
2026-09-20,detailed_estimates,OTCQX:BMBO.Y ($),Consensus,EPS Normalized,,Currency,FQ4 2025,FQ,2025,4,2025-12-31,,,text,USD,text/date,USD,"filings/capitaliq/Estimates/Detailed Estimated/SPGlobal_GrupoBimbo,S.A.B.deC.V._DetailedEstimates_20-Sep-2026.xlsx",Detailed Estimates,48
2026-09-20,detailed_estimates,OTCQX:BMBO.Y ($),Consensus,EPS Normalized,,Currency,FY 2025,FY,2025,,2025-12-31,,,text,USD,text/date,USD,"filings/capitaliq/Estimates/Detailed Estimated/SPGlobal_GrupoBimbo,S.A.B.deC.V._DetailedEstimates_20-Sep-2026.xlsx",Detailed Estimates,48
2026-09-20,detailed_estimates,OTCQX:BMBO.Y ($),Consensus,EPS Normalized,,Currency,FQ1 2026,FQ,2026,1,2026-03-31,,,text,USD,text/date,USD,"filings/capitaliq/Estimates/Detailed Estimated/SPGlobal_GrupoBimbo,S.A.B.deC.V._DetailedEstimates_20-Sep-2026.xlsx",Detailed Estimates,48
2026-09-20,detailed_estimates,OTCQX:BMBO.Y ($),Consensus,EPS Normalized,,Currency,FQ2 2026,FQ,2026,2,2026-06-30,,,text,USD,text/date,USD,"filings/capitaliq/Estimates/Detailed Estimated/SPGlobal_GrupoBimbo,S.A.B.deC.V._DetailedEstimates_20-Sep-2026.xlsx",Detailed Estimates,48
2026-09-20,detailed_estimates,OTCQX:BMBO.Y ($),Consensus,EPS Normalized,,Currency,FQ3 2026,FQ,2026,3,2026-09-30,,,text,USD,text/date,USD,"filings/capitaliq/Estimates/Detailed Estimated/SPGlobal_GrupoBimbo,S.A.B.deC.V._DetailedEstimates_20-Sep-2026.xlsx",Detailed Estimates,48
2026-09-20,detailed_estimates,OTCQX:BMBO.Y ($),Consensus,EPS Normalized,,Currency,FQ4 2026,FQ,2026,4,2026-12-31,,,text,USD,text/date,USD,"filings/capitaliq/Estimates/Detailed Estimated/SPGlobal_GrupoBimbo,S.A.B.deC.V._DetailedEstimates_20-Sep-2026.xlsx",Detailed Estimates,48
2026-09-20,detailed_estimates,OTCQX:BMBO.Y ($),Consensus,EPS Normalized,,Currency,FY 2026,FY,2026,,2026-12-31,,,text,USD,text/date,USD,"filings/capitaliq/Estimates/Detailed Estimated/SPGlobal_GrupoBimbo,S.A.B.deC.V._DetailedEstimates_20-Sep-2026.xlsx",Detailed Estimates,48
2026-09-20,detailed_estimates,OTCQX:BMBO.Y ($),Consensus,EPS Normalized,,Currency,FQ1 2027,FQ,2027,1,2027-03-31,,,text,USD,text/date,USD,"filings/capitaliq/Estimates/Detailed Estimated/SPGlobal_GrupoBimbo,S.A.B.deC.V._DetailedEstimates_20-Sep-2026.xlsx",Detailed Estimates,48
2026-09-20,detailed_estimates,OTCQX:BMBO.Y ($),Consensus,EPS Normalized,,Currency,FQ2 2027,FQ,2027,2,2027-06-30,,,text,USD,text/date,USD,"filings/capitaliq/Estimates/Detailed Estimated/SPGlobal_GrupoBimbo,S.A.B.deC.V._DetailedEstimates_20-Sep-2026.xlsx",Detailed Estimates,48
2026-09-20,detailed_estimates,OTCQX:BMBO.Y ($),Consensus,EPS Normalized,,Currency,FQ3 2027,FQ,2027,3,2027-09-30,,,text,USD,text/date,USD,"filings/capitaliq/Estimates/Detailed Estimated/SPGlobal_GrupoBimbo,S.A.B.deC.V._DetailedEstimates_20-Sep-2026.xlsx",Detailed Estimates,48
2026-09-20,detailed_estimates,OTCQX:BMBO.Y ($),Consensus,EPS Normalized,,Currency,FQ4 2027,FQ,2027,4,2027-12-31,,,text,USD,text/date,USD,"filings/capitaliq/Estimates/Detailed Estimated/SPGlobal_GrupoBimbo,S.A.B.deC.V._DetailedEstimates_20-Sep-2026.xlsx",Detailed Estimates,48
2026-09-20,detailed_estimates,OTCQX:BMBO.Y ($),Consensus,EPS Normalized,,Currency,FY 2027,FY,2027,,2027-12-31,,,text,USD,text/date,USD,"filings/capitaliq/Estimates/Detailed Estimated/SPGlobal_GrupoBimbo,S.A.B.deC.V._DetailedEstimates_20-Sep-2026.xlsx",Detailed Estimates,48
2026-09-20,detailed_estimates,OTCQX:BMBO.Y ($),Consensus,EPS Normalized,,Currency,FY 2028,FY,2028,,2028-12-31,,,text,USD,text/date,USD,"filings/capitaliq/Estimates/Detailed Estimated/SPGlobal_GrupoBimbo,S.A.B.deC.V._DetailedEstimates_20-Sep-2026.xlsx",Detailed Estimates,48
2026-09-20,detailed_estimates,OTCQX:BMBO.Y ($),Consensus,EPS Normalized,,Currency,FY 2029,FY,2029,,2029-12-31,,,text,USD,text/date,USD,"filings/capitaliq/Estimates/Detailed Estimated/SPGlobal_GrupoBimbo,S.A.B.deC.V._DetailedEstimates_20-Sep-2026.xlsx",Detailed Estimates,48
2026-09-20,detailed_estimates,OTCQX:BMBO.Y ($),Consensus,EPS Normalized,,Currency,FY 2030,FY,2030,,2030-12-31,,,text,USD,text/date,USD,"filings/capitaliq/Estimates/Detailed Estimated/SPGlobal_GrupoBimbo,S.A.B.deC.V._DetailedEstimates_20-Sep-2026.xlsx",Detailed Estimates,48
2026-09-20,detailed_estimates,OTCQX:BMBO.Y ($),Consensus,EPS Normalized,,Currency,FY 2031,FY,2031,,2031-12-31,,,text,USD,text/date,USD,"filings/capitaliq/Estimates/Detailed Estimated/SPGlobal_GrupoBimbo,S.A.B.deC.V._DetailedEstimates_20-Sep-2026.xlsx",Detailed Estimates,48
2026-09-20,detailed_estimates,OTCQX:GRBM.F ($),Consensus,EPS Normalized,,Actual/Estimate,FQ2 2005,FQ,2005,2,2005-06-30,0.05,,A,0.05 A,US$ per share,USD,"filings/capitaliq/Estimates/Detailed Estimated/SPGlobal_GrupoBimbo,S.A.B.deC.V._DetailedEstimates_20-Sep-2026.xlsx",Detailed Estimates,50
2026-09-20,detailed_estimates,OTCQX:GRBM.F ($),Consensus,EPS Normalized,,Actual/Estimate,FQ3 2005,FQ,2005,3,2005-09-30,0.06,,A,0.06 A,US$ per share,USD,"filings/capitaliq/Estimates/Detailed Estimated/SPGlobal_GrupoBimbo,S.A.B.deC.V._DetailedEstimates_20-Sep-2026.xlsx",Detailed Estimates,50
2026-09-20,detailed_estimates,OTCQX:GRBM.F ($),Consensus,EPS Normalized,,Actual/Estimate,FQ4 2005,FQ,2005,4,2005-12-31,0.07,,A,0.07 A,US$ per share,USD,"filings/capitaliq/Estimates/Detailed Estimated/SPGlobal_GrupoBimbo,S.A.B.deC.V._DetailedEstimates_20-Sep-2026.xlsx",Detailed Estimates,50
2026-09-20,detailed_estimates,OTCQX:GRBM.F ($),Consensus,EPS Normalized,,Actual/Estimate,FY 2005,FY,2005,,2005-12-31,0.24,,A,0.24 A,US$ per share,USD,"filings/capitaliq/Estimates/Detailed Estimated/SPGlobal_GrupoBimbo,S.A.B.deC.V._DetailedEstimates_20-Sep-2026.xlsx",Detailed Estimates,50
2026-09-20,detailed_estimates,OTCQX:GRBM.F ($),Consensus,EPS Normalized,,Actual/Estimate,FQ1 2006,FQ,2006,1,2006-03-31,0.05,,A,0.05 A,US$ per share,USD,"filings/capitaliq/Estimates/Detailed Estimated/SPGlobal_GrupoBimbo,S.A.B.deC.V._DetailedEstimates_20-Sep-2026.xlsx",Detailed Estimates,50
2026-09-20,detailed_estimates,OTCQX:GRBM.F ($),Consensus,EPS Normalized,,Actual/Estimate,FQ3 2006,FQ,2006,3,2006-09-30,0.08,,A,0.08 A,US$ per share,USD,"filings/capitaliq/Estimates/Detailed Estimated/SPGlobal_GrupoBimbo,S.A.B.deC.V._DetailedEstimates_20-Sep-2026.xlsx",Detailed Estimates,50
2026-09-20,detailed_estimates,OTCQX:GRBM.F ($),Consensus,EPS Normalized,,Actual/Estimate,FQ2 2008,FQ,2008,2,2008-06-30,0.07,,A,0.07 A,US$ per share,USD,"filings/capitaliq/Estimates/Detailed Estimated/SPGlobal_GrupoBimbo,S.A.B.deC.V._DetailedEstimates_20-Sep-2026.xlsx",Detailed Estimates,50
2026-09-20,detailed_estimates,OTCQX:GRBM.F ($),Consensus,EPS Normalized,,Actual/Estimate,FQ2 2011,FQ,2011,2,2011-06-30,0.02,,A,0.02 A,US$ per share,USD,"filings/capitaliq/Estimates/Detailed Estimated/SPGlobal_GrupoBimbo,S.A.B.deC.V._DetailedEstimates_20-Sep-2026.xlsx",Detailed Estimates,50
2026-09-20,detailed_estimates,OTCQX:GRBM.F ($),Consensus,EPS Normalized,,Actual/Estimate,FY 2011,FY,2011,,2011-12-31,0.09,,A,0.09 A,US$ per share,USD,"filings/capitaliq/Estimates/Detailed Estimated/SPGlobal_GrupoBimbo,S.A.B.deC.V._DetailedEstimates_20-Sep-2026.xlsx",Detailed Estimates,50
2026-09-20,detailed_estimates,OTCQX:GRBM.F ($),Consensus,EPS Normalized,,Actual/Estimate,FY 2012,FY,2012,,2012-12-31,0.03,,A,0.03 A,US$ per share,USD,"filings/capitaliq/Estimates/Detailed Estimated/SPGlobal_GrupoBimbo,S.A.B.deC.V._DetailedEstimates_20-Sep-2026.xlsx",Detailed Estimates,50
2026-09-20,detailed_estimates,OTCQX:GRBM.F ($),Consensus,EPS Normalized,,Actual/Estimate,FY 2015,FY,2015,,2015-12-31,0.06,,A,0.06 A,US$ per share,USD,"filings/capitaliq/Estimates/Detailed Estimated/SPGlobal_GrupoBimbo,S.A.B.deC.V._DetailedEstimates_20-Sep-2026.xlsx",Detailed Estimates,50
2026-09-20,detailed_estimates,OTCQX:GRBM.F ($),Consensus,EPS Normalized,,Mean,FQ2 2005,FQ,2005,2,2005-06-30,0.05,,E,0.05 E,US$ per share,USD,"filings/capitaliq/Estimates/Detailed Estimated/SPGlobal_GrupoBimbo,S.A.B.deC.V._DetailedEstimates_20-Sep-2026.xlsx",Detailed Estimates,51
2026-09-20,detailed_estimates,OTCQX:GRBM.F ($),Consensus,EPS Normalized,,Mean,FQ4 2005,FQ,2005,4,2005-12-31,0.07,,E,0.07 E,US$ per share,USD,"filings/capitaliq/Estimates/Detailed Estimated/SPGlobal_GrupoBimbo,S.A.B.deC.V._DetailedEstimates_20-Sep-2026.xlsx",Detailed Estimates,51
2026-09-20,detailed_estimates,OTCQX:GRBM.F ($),Consensus,EPS Normalized,,Mean,FY 2005,FY,2005,,2005-12-31,0.23,,E,0.23 E,US$ per share,USD,"filings/capitaliq/Estimates/Detailed Estimated/SPGlobal_GrupoBimbo,S.A.B.deC.V._DetailedEstimates_20-Sep-2026.xlsx",Detailed Estimates,51
2026-09-20,detailed_estimates,OTCQX:GRBM.F ($),Consensus,EPS Normalized,,Mean,FQ1 2006,FQ,2006,1,2006-03-31,0.05,,E,0.05 E,US$ per share,USD,"filings/capitaliq/Estimates/Detailed Estimated/SPGlobal_GrupoBimbo,S.A.B.deC.V._DetailedEstimates_20-Sep-2026.xlsx",Detailed Estimates,51
2026-09-20,detailed_estimates,OTCQX:GRBM.F ($),Consensus,EPS Normalized,,Mean,FQ3 2006,FQ,2006,3,2006-09-30,0.08,,E,0.08 E,US$ per share,USD,"filings/capitaliq/Estimates/Detailed Estimated/SPGlobal_GrupoBimbo,S.A.B.deC.V._DetailedEstimates_20-Sep-2026.xlsx",Detailed Estimates,51
2026-09-20,detailed_estimates,OTCQX:GRBM.F ($),Consensus,EPS Normalized,,Mean,FQ2 2008,FQ,2008,2,2008-06-30,0.07,,E,0.07 E,US$ per share,USD,"filings/capitaliq/Estimates/Detailed Estimated/SPGlobal_GrupoBimbo,S.A.B.deC.V._DetailedEstimates_20-Sep-2026.xlsx",Detailed Estimates,51
2026-09-20,detailed_estimates,OTCQX:GRBM.F ($),Consensus,EPS Normalized,,Mean,FQ2 2011,FQ,2011,2,2011-06-30,0.01,,E,0.01 E,US$ per share,USD,"filings/capitaliq/Estimates/Detailed Estimated/SPGlobal_GrupoBimbo,S.A.B.deC.V._DetailedEstimates_20-Sep-2026.xlsx",Detailed Estimates,51
2026-09-20,detailed_estimates,OTCQX:GRBM.F ($),Consensus,EPS Normalized,,Mean,FY 2011,FY,2011,,2011-12-31,0.12,,E,0.12 E,US$ per share,USD,"filings/capitaliq/Estimates/Detailed Estimated/SPGlobal_GrupoBimbo,S.A.B.deC.V._DetailedEstimates_20-Sep-2026.xlsx",Detailed Estimates,51
2026-09-20,detailed_estimates,OTCQX:GRBM.F ($),Consensus,EPS Normalized,,Mean,FY 2012,FY,2012,,2012-12-31,0.05,,E,0.05 E,US$ per share,USD,"filings/capitaliq/Estimates/Detailed Estimated/SPGlobal_GrupoBimbo,S.A.B.deC.V._DetailedEstimates_20-Sep-2026.xlsx",Detailed Estimates,51
2026-09-20,detailed_estimates,OTCQX:GRBM.F ($),Consensus,EPS Normalized,,Mean,FY 2015,FY,2015,,2015-12-31,0.38,,E,0.38 E,US$ per share,USD,"filings/capitaliq/Estimates/Detailed Estimated/SPGlobal_GrupoBimbo,S.A.B.deC.V._DetailedEstimates_20-Sep-2026.xlsx",Detailed Estimates,51
2026-09-20,detailed_estimates,OTCQX:GRBM.F ($),Consensus,EPS Normalized,,Median,FQ2 2005,FQ,2005,2,2005-06-30,0.05,,E,0.05 E,US$ per share,USD,"filings/capitaliq/Estimates/Detailed Estimated/SPGlobal_GrupoBimbo,S.A.B.deC.V._DetailedEstimates_20-Sep-2026.xlsx",Detailed Estimates,52
2026-09-20,detailed_estimates,OTCQX:GRBM.F ($),Consensus,EPS Normalized,,Median,FQ4 2005,FQ,2005,4,2005-12-31,0.07,,E,0.07 E,US$ per share,USD,"filings/capitaliq/Estimates/Detailed Estimated/SPGlobal_GrupoBimbo,S.A.B.deC.V._DetailedEstimates_20-Sep-2026.xlsx",Detailed Estimates,52
2026-09-20,detailed_estimates,OTCQX:GRBM.F ($),Consensus,EPS Normalized,,Median,FY 2005,FY,2005,,2005-12-31,0.23,,E,0.23 E,US$ per share,USD,"filings/capitaliq/Estimates/Detailed Estimated/SPGlobal_GrupoBimbo,S.A.B.deC.V._DetailedEstimates_20-Sep-2026.xlsx",Detailed Estimates,52
2026-09-20,detailed_estimates,OTCQX:GRBM.F ($),Consensus,EPS Normalized,,Median,FQ1 2006,FQ,2006,1,2006-03-31,0.05,,E,0.05 E,US$ per share,USD,"filings/capitaliq/Estimates/Detailed Estimated/SPGlobal_GrupoBimbo,S.A.B.deC.V._DetailedEstimates_20-Sep-2026.xlsx",Detailed Estimates,52
2026-09-20,detailed_estimates,OTCQX:GRBM.F ($),Consensus,EPS Normalized,,Median,FQ3 2006,FQ,2006,3,2006-09-30,0.08,,E,0.08 E,US$ per share,USD,"filings/capitaliq/Estimates/Detailed Estimated/SPGlobal_GrupoBimbo,S.A.B.deC.V._DetailedEstimates_20-Sep-2026.xlsx",Detailed Estimates,52
2026-09-20,detailed_estimates,OTCQX:GRBM.F ($),Consensus,EPS Normalized,,Median,FQ2 2008,FQ,2008,2,2008-06-30,0.07,,E,0.07 E,US$ per share,USD,"filings/capitaliq/Estimates/Detailed Estimated/SPGlobal_GrupoBimbo,S.A.B.deC.V._DetailedEstimates_20-Sep-2026.xlsx",Detailed Estimates,52
2026-09-20,detailed_estimates,OTCQX:GRBM.F ($),Consensus,EPS Normalized,,Median,FQ2 2011,FQ,2011,2,2011-06-30,0.01,,E,0.01 E,US$ per share,USD,"filings/capitaliq/Estimates/Detailed Estimated/SPGlobal_GrupoBimbo,S.A.B.deC.V._DetailedEstimates_20-Sep-2026.xlsx",Detailed Estimates,52
2026-09-20,detailed_estimates,OTCQX:GRBM.F ($),Consensus,EPS Normalized,,Median,FY 2011,FY,2011,,2011-12-31,0.12,,E,0.12 E,US$ per share,USD,"filings/capitaliq/Estimates/Detailed Estimated/SPGlobal_GrupoBimbo,S.A.B.deC.V._DetailedEstimates_20-Sep-2026.xlsx",Detailed Estimates,52
2026-09-20,detailed_estimates,OTCQX:GRBM.F ($),Consensus,EPS Normalized,,Median,FY 2012,FY,2012,,2012-12-31,0.05,,E,0.05 E,US$ per share,USD,"filings/capitaliq/Estimates/Detailed Estimated/SPGlobal_GrupoBimbo,S.A.B.deC.V._DetailedEstimates_20-Sep-2026.xlsx",Detailed Estimates,52
2026-09-20,detailed_estimates,OTCQX:GRBM.F ($),Consensus,EPS Normalized,,Median,FY 2015,FY,2015,,2015-12-31,0.38,,E,0.38 E,US$ per share,USD,"filings/capitaliq/Estimates/Detailed Estimated/SPGlobal_GrupoBimbo,S.A.B.deC.V._DetailedEstimates_20-Sep-2026.xlsx",Detailed Estimates,52
2026-09-20,detailed_estimates,OTCQX:GRBM.F ($),Consensus,EPS Normalized,,High,FQ2 2005,FQ,2005,2,2005-06-30,0.05,,E,0.05 E,US$ per share,USD,"filings/capitaliq/Estimates/Detailed Estimated/SPGlobal_GrupoBimbo,S.A.B.deC.V._DetailedEstimates_20-Sep-2026.xlsx",Detailed Estimates,53
2026-09-20,detailed_estimates,OTCQX:GRBM.F ($),Consensus,EPS Normalized,,High,FQ4 2005,FQ,2005,4,2005-12-31,0.07,,E,0.07 E,US$ per share,USD,"filings/capitaliq/Estimates/Detailed Estimated/SPGlobal_GrupoBimbo,S.A.B.deC.V._DetailedEstimates_20-Sep-2026.xlsx",Detailed Estimates,53
2026-09-20,detailed_estimates,OTCQX:GRBM.F ($),Consensus,EPS Normalized,,High,FY 2005,FY,2005,,2005-12-31,0.23,,E,0.23 E,US$ per share,USD,"filings/capitaliq/Estimates/Detailed Estimated/SPGlobal_GrupoBimbo,S.A.B.deC.V._DetailedEstimates_20-Sep-2026.xlsx",Detailed Estimates,53
2026-09-20,detailed_estimates,OTCQX:GRBM.F ($),Consensus,EPS Normalized,,High,FQ1 2006,FQ,2006,1,2006-03-31,0.05,,E,0.05 E,US$ per share,USD,"filings/capitaliq/Estimates/Detailed Estimated/SPGlobal_GrupoBimbo,S.A.B.deC.V._DetailedEstimates_20-Sep-2026.xlsx",Detailed Estimates,53
2026-09-20,detailed_estimates,OTCQX:GRBM.F ($),Consensus,EPS Normalized,,High,FQ3 2006,FQ,2006,3,2006-09-30,0.08,,E,0.08 E,US$ per share,USD,"filings/capitaliq/Estimates/Detailed Estimated/SPGlobal_GrupoBimbo,S.A.B.deC.V._DetailedEstimates_20-Sep-2026.xlsx",Detailed Estimates,53
2026-09-20,detailed_estimates,OTCQX:GRBM.F ($),Consensus,EPS Normalized,,High,FQ2 2008,FQ,2008,2,2008-06-30,0.07,,E,0.07 E,US$ per share,USD,"filings/capitaliq/Estimates/Detailed Estimated/SPGlobal_GrupoBimbo,S.A.B.deC.V._DetailedEstimates_20-Sep-2026.xlsx",Detailed Estimates,53
2026-09-20,detailed_estimates,OTCQX:GRBM.F ($),Consensus,EPS Normalized,,High,FQ2 2011,FQ,2011,2,2011-06-30,0.01,,E,0.01 E,US$ per share,USD,"filings/capitaliq/Estimates/Detailed Estimated/SPGlobal_GrupoBimbo,S.A.B.deC.V._DetailedEstimates_20-Sep-2026.xlsx",Detailed Estimates,53
2026-09-20,detailed_estimates,OTCQX:GRBM.F ($),Consensus,EPS Normalized,,High,FY 2011,FY,2011,,2011-12-31,0.12,,E,0.12 E,US$ per share,USD,"filings/capitaliq/Estimates/Detailed Estimated/SPGlobal_GrupoBimbo,S.A.B.deC.V._DetailedEstimates_20-Sep-2026.xlsx",Detailed Estimates,53
2026-09-20,detailed_estimates,OTCQX:GRBM.F ($),Consensus,EPS Normalized,,High,FY 2012,FY,2012,,2012-12-31,0.05,,E,0.05 E,US$ per share,USD,"filings/capitaliq/Estimates/Detailed Estimated/SPGlobal_GrupoBimbo,S.A.B.deC.V._DetailedEstimates_20-Sep-2026.xlsx",Detailed Estimates,53
2026-09-20,detailed_estimates,OTCQX:GRBM.F ($),Consensus,EPS Normalized,,High,FY 2015,FY,2015,,2015-12-31,0.38,,E,0.38 E,US$ per share,USD,"filings/capitaliq/Estimates/Detailed Estimated/SPGlobal_GrupoBimbo,S.A.B.deC.V._DetailedEstimates_20-Sep-2026.xlsx",Detailed Estimates,53
2026-09-20,detailed_estimates,OTCQX:GRBM.F ($),Consensus,EPS Normalized,,Low,FQ2 2005,FQ,2005,2,2005-06-30,0.05,,E,0.05 E,US$ per share,USD,"filings/capitaliq/Estimates/Detailed Estimated/SPGlobal_GrupoBimbo,S.A.B.deC.V._DetailedEstimates_20-Sep-2026.xlsx",Detailed Estimates,54
2026-09-20,detailed_estimates,OTCQX:GRBM.F ($),Consensus,EPS Normalized,,Low,FQ4 2005,FQ,2005,4,2005-12-31,0.07,,E,0.07 E,US$ per share,USD,"filings/capitaliq/Estimates/Detailed Estimated/SPGlobal_GrupoBimbo,S.A.B.deC.V._DetailedEstimates_20-Sep-2026.xlsx",Detailed Estimates,54
2026-09-20,detailed_estimates,OTCQX:GRBM.F ($),Consensus,EPS Normalized,,Low,FY 2005,FY,2005,,2005-12-31,0.23,,E,0.23 E,US$ per share,USD,"filings/capitaliq/Estimates/Detailed Estimated/SPGlobal_GrupoBimbo,S.A.B.deC.V._DetailedEstimates_20-Sep-2026.xlsx",Detailed Estimates,54
2026-09-20,detailed_estimates,OTCQX:GRBM.F ($),Consensus,EPS Normalized,,Low,FQ1 2006,FQ,2006,1,2006-03-31,0.04,,E,0.04 E,US$ per share,USD,"filings/capitaliq/Estimates/Detailed Estimated/SPGlobal_GrupoBimbo,S.A.B.deC.V._DetailedEstimates_20-Sep-2026.xlsx",Detailed Estimates,54
2026-09-20,detailed_estimates,OTCQX:GRBM.F ($),Consensus,EPS Normalized,,Low,FQ3 2006,FQ,2006,3,2006-09-30,0.08,,E,0.08 E,US$ per share,USD,"filings/capitaliq/Estimates/Detailed Estimated/SPGlobal_GrupoBimbo,S.A.B.deC.V._DetailedEstimates_20-Sep-2026.xlsx",Detailed Estimates,54
2026-09-20,detailed_estimates,OTCQX:GRBM.F ($),Consensus,EPS Normalized,,Low,FQ2 2008,FQ,2008,2,2008-06-30,0.07,,E,0.07 E,US$ per share,USD,"filings/capitaliq/Estimates/Detailed Estimated/SPGlobal_GrupoBimbo,S.A.B.deC.V._DetailedEstimates_20-Sep-2026.xlsx",Detailed Estimates,54
2026-09-20,detailed_estimates,OTCQX:GRBM.F ($),Consensus,EPS Normalized,,Low,FQ2 2011,FQ,2011,2,2011-06-30,0.01,,E,0.01 E,US$ per share,USD,"filings/capitaliq/Estimates/Detailed Estimated/SPGlobal_GrupoBimbo,S.A.B.deC.V._DetailedEstimates_20-Sep-2026.xlsx",Detailed Estimates,54
2026-09-20,detailed_estimates,OTCQX:GRBM.F ($),Consensus,EPS Normalized,,Low,FY 2011,FY,2011,,2011-12-31,0.12,,E,0.12 E,US$ per share,USD,"filings/capitaliq/Estimates/Detailed Estimated/SPGlobal_GrupoBimbo,S.A.B.deC.V._DetailedEstimates_20-Sep-2026.xlsx",Detailed Estimates,54
2026-09-20,detailed_estimates,OTCQX:GRBM.F ($),Consensus,EPS Normalized,,Low,FY 2012,FY,2012,,2012-12-31,0.05,,E,0.05 E,US$ per share,USD,"filings/capitaliq/Estimates/Detailed Estimated/SPGlobal_GrupoBimbo,S.A.B.deC.V._DetailedEstimates_20-Sep-2026.xlsx",Detailed Estimates,54
2026-09-20,detailed_estimates,OTCQX:GRBM.F ($),Consensus,EPS Normalized,,Low,FY 2015,FY,2015,,2015-12-31,0.38,,E,0.38 E,US$ per share,USD,"filings/capitaliq/Estimates/Detailed Estimated/SPGlobal_GrupoBimbo,S.A.B.deC.V._DetailedEstimates_20-Sep-2026.xlsx",Detailed Estimates,54
2026-09-20,detailed_estimates,OTCQX:GRBM.F ($),Consensus,EPS Normalized,,Std. Dev.,FQ2 2005,FQ,2005,2,2005-06-30,0,,,0,US$ per share,USD,"filings/capitaliq/Estimates/Detailed Estimated/SPGlobal_GrupoBimbo,S.A.B.deC.V._DetailedEstimates_20-Sep-2026.xlsx",Detailed Estimates,55
2026-09-20,detailed_estimates,OTCQX:GRBM.F ($),Consensus,EPS Normalized,,Std. Dev.,FQ4 2005,FQ,2005,4,2005-12-31,0,,,0,US$ per share,USD,"filings/capitaliq/Estimates/Detailed Estimated/SPGlobal_GrupoBimbo,S.A.B.deC.V._DetailedEstimates_20-Sep-2026.xlsx",Detailed Estimates,55
2026-09-20,detailed_estimates,OTCQX:GRBM.F ($),Consensus,EPS Normalized,,Std. Dev.,FY 2005,FY,2005,,2005-12-31,0,,,0,US$ per share,USD,"filings/capitaliq/Estimates/Detailed Estimated/SPGlobal_GrupoBimbo,S.A.B.deC.V._DetailedEstimates_20-Sep-2026.xlsx",Detailed Estimates,55
2026-09-20,detailed_estimates,OTCQX:GRBM.F ($),Consensus,EPS Normalized,,Std. Dev.,FQ1 2006,FQ,2006,1,2006-03-31,0.005,,,0.005,US$ per share,USD,"filings/capitaliq/Estimates/Detailed Estimated/SPGlobal_GrupoBimbo,S.A.B.deC.V._DetailedEstimates_20-Sep-2026.xlsx",Detailed Estimates,55
2026-09-20,detailed_estimates,OTCQX:GRBM.F ($),Consensus,EPS Normalized,,Std. Dev.,FQ3 2006,FQ,2006,3,2006-09-30,0,,,0,US$ per share,USD,"filings/capitaliq/Estimates/Detailed Estimated/SPGlobal_GrupoBimbo,S.A.B.deC.V._DetailedEstimates_20-Sep-2026.xlsx",Detailed Estimates,55
2026-09-20,detailed_estimates,OTCQX:GRBM.F ($),Consensus,EPS Normalized,,Std. Dev.,FQ2 2008,FQ,2008,2,2008-06-30,0,,,0,US$ per share,USD,"filings/capitaliq/Estimates/Detailed Estimated/SPGlobal_GrupoBimbo,S.A.B.deC.V._DetailedEstimates_20-Sep-2026.xlsx",Detailed Estimates,55
2026-09-20,detailed_estimates,OTCQX:GRBM.F ($),Consensus,EPS Normalized,,Std. Dev.,FQ2 2011,FQ,2011,2,2011-06-30,0,,,0,US$ per share,USD,"filings/capitaliq/Estimates/Detailed Estimated/SPGlobal_GrupoBimbo,S.A.B.deC.V._DetailedEstimates_20-Sep-2026.xlsx",Detailed Estimates,55
2026-09-20,detailed_estimates,OTCQX:GRBM.F ($),Consensus,EPS Normalized,,Std. Dev.,FY 2011,FY,2011,,2011-12-31,0,,,0,US$ per share,USD,"filings/capitaliq/Estimates/Detailed Estimated/SPGlobal_GrupoBimbo,S.A.B.deC.V._DetailedEstimates_20-Sep-2026.xlsx",Detailed Estimates,55
2026-09-20,detailed_estimates,OTCQX:GRBM.F ($),Consensus,EPS Normalized,,Std. Dev.,FY 2012,FY,2012,,2012-12-31,0,,,0,US$ per share,USD,"filings/capitaliq/Estimates/Detailed Estimated/SPGlobal_GrupoBimbo,S.A.B.deC.V._DetailedEstimates_20-Sep-2026.xlsx",Detailed Estimates,55
2026-09-20,detailed_estimates,OTCQX:GRBM.F ($),Consensus,EPS Normalized,,Std. Dev.,FY 2015,FY,2015,,2015-12-31,0,,,0,US$ per share,USD,"filings/capitaliq/Estimates/Detailed Estimated/SPGlobal_GrupoBimbo,S.A.B.deC.V._DetailedEstimates_20-Sep-2026.xlsx",Detailed Estimates,55
2026-09-20,detailed_estimates,OTCQX:GRBM.F ($),Consensus,EPS Normalized,,# of Est. Includ./Avail.,FQ2 2005,FQ,2005,2,2005-06-30,,,text,1/1,analysts (included/available),USD,"filings/capitaliq/Estimates/Detailed Estimated/SPGlobal_GrupoBimbo,S.A.B.deC.V._DetailedEstimates_20-Sep-2026.xlsx",Detailed Estimates,56
2026-09-20,detailed_estimates,OTCQX:GRBM.F ($),Consensus,EPS Normalized,,# of Est. Includ./Avail.,FQ4 2005,FQ,2005,4,2005-12-31,,,text,1/1,analysts (included/available),USD,"filings/capitaliq/Estimates/Detailed Estimated/SPGlobal_GrupoBimbo,S.A.B.deC.V._DetailedEstimates_20-Sep-2026.xlsx",Detailed Estimates,56
2026-09-20,detailed_estimates,OTCQX:GRBM.F ($),Consensus,EPS Normalized,,# of Est. Includ./Avail.,FY 2005,FY,2005,,2005-12-31,,,text,1/1,analysts (included/available),USD,"filings/capitaliq/Estimates/Detailed Estimated/SPGlobal_GrupoBimbo,S.A.B.deC.V._DetailedEstimates_20-Sep-2026.xlsx",Detailed Estimates,56
2026-09-20,detailed_estimates,OTCQX:GRBM.F ($),Consensus,EPS Normalized,,# of Est. Includ./Avail.,FQ1 2006,FQ,2006,1,2006-03-31,,,text,3/3,analysts (included/available),USD,"filings/capitaliq/Estimates/Detailed Estimated/SPGlobal_GrupoBimbo,S.A.B.deC.V._DetailedEstimates_20-Sep-2026.xlsx",Detailed Estimates,56
2026-09-20,detailed_estimates,OTCQX:GRBM.F ($),Consensus,EPS Normalized,,# of Est. Includ./Avail.,FQ3 2006,FQ,2006,3,2006-09-30,,,text,1/1,analysts (included/available),USD,"filings/capitaliq/Estimates/Detailed Estimated/SPGlobal_GrupoBimbo,S.A.B.deC.V._DetailedEstimates_20-Sep-2026.xlsx",Detailed Estimates,56
2026-09-20,detailed_estimates,OTCQX:GRBM.F ($),Consensus,EPS Normalized,,# of Est. Includ./Avail.,FQ2 2008,FQ,2008,2,2008-06-30,,,text,1/1,analysts (included/available),USD,"filings/capitaliq/Estimates/Detailed Estimated/SPGlobal_GrupoBimbo,S.A.B.deC.V._DetailedEstimates_20-Sep-2026.xlsx",Detailed Estimates,56
2026-09-20,detailed_estimates,OTCQX:GRBM.F ($),Consensus,EPS Normalized,,# of Est. Includ./Avail.,FQ2 2011,FQ,2011,2,2011-06-30,,,text,1/1,analysts (included/available),USD,"filings/capitaliq/Estimates/Detailed Estimated/SPGlobal_GrupoBimbo,S.A.B.deC.V._DetailedEstimates_20-Sep-2026.xlsx",Detailed Estimates,56
2026-09-20,detailed_estimates,OTCQX:GRBM.F ($),Consensus,EPS Normalized,,# of Est. Includ./Avail.,FY 2011,FY,2011,,2011-12-31,,,text,1/2,analysts (included/available),USD,"filings/capitaliq/Estimates/Detailed Estimated/SPGlobal_GrupoBimbo,S.A.B.deC.V._DetailedEstimates_20-Sep-2026.xlsx",Detailed Estimates,56
2026-09-20,detailed_estimates,OTCQX:GRBM.F ($),Consensus,EPS Normalized,,# of Est. Includ./Avail.,FY 2012,FY,2012,,2012-12-31,,,text,1/1,analysts (included/available),USD,"filings/capitaliq/Estimates/Detailed Estimated/SPGlobal_GrupoBimbo,S.A.B.deC.V._DetailedEstimates_20-Sep-2026.xlsx",Detailed Estimates,56
2026-09-20,detailed_estimates,OTCQX:GRBM.F ($),Consensus,EPS Normalized,,# of Est. Includ./Avail.,FY 2015,FY,2015,,2015-12-31,,,text,1/1,analysts (included/available),USD,"filings/capitaliq/Estimates/Detailed Estimated/SPGlobal_GrupoBimbo,S.A.B.deC.V._DetailedEstimates_20-Sep-2026.xlsx",Detailed Estimates,56
2026-09-20,detailed_estimates,OTCQX:GRBM.F ($),Consensus,EPS Normalized,,Actual,FQ2 2005,FQ,2005,2,2005-06-30,0.048,,,0.048,US$ per share,USD,"filings/capitaliq/Estimates/Detailed Estimated/SPGlobal_GrupoBimbo,S.A.B.deC.V._DetailedEstimates_20-Sep-2026.xlsx",Detailed Estimates,57
2026-09-20,detailed_estimates,OTCQX:GRBM.F ($),Consensus,EPS Normalized,,Actual,FQ3 2005,FQ,2005,3,2005-09-30,0.058,,,0.058,US$ per share,USD,"filings/capitaliq/Estimates/Detailed Estimated/SPGlobal_GrupoBimbo,S.A.B.deC.V._DetailedEstimates_20-Sep-2026.xlsx",Detailed Estimates,57
2026-09-20,detailed_estimates,OTCQX:GRBM.F ($),Consensus,EPS Normalized,,Actual,FQ4 2005,FQ,2005,4,2005-12-31,0.072,,,0.072,US$ per share,USD,"filings/capitaliq/Estimates/Detailed Estimated/SPGlobal_GrupoBimbo,S.A.B.deC.V._DetailedEstimates_20-Sep-2026.xlsx",Detailed Estimates,57
2026-09-20,detailed_estimates,OTCQX:GRBM.F ($),Consensus,EPS Normalized,,Actual,FY 2005,FY,2005,,2005-12-31,0.24,,,0.24,US$ per share,USD,"filings/capitaliq/Estimates/Detailed Estimated/SPGlobal_GrupoBimbo,S.A.B.deC.V._DetailedEstimates_20-Sep-2026.xlsx",Detailed Estimates,57
2026-09-20,detailed_estimates,OTCQX:GRBM.F ($),Consensus,EPS Normalized,,Actual,FQ1 2006,FQ,2006,1,2006-03-31,0.051,,,0.051,US$ per share,USD,"filings/capitaliq/Estimates/Detailed Estimated/SPGlobal_GrupoBimbo,S.A.B.deC.V._DetailedEstimates_20-Sep-2026.xlsx",Detailed Estimates,57
2026-09-20,detailed_estimates,OTCQX:GRBM.F ($),Consensus,EPS Normalized,,Actual,FQ3 2006,FQ,2006,3,2006-09-30,0.075,,,0.075,US$ per share,USD,"filings/capitaliq/Estimates/Detailed Estimated/SPGlobal_GrupoBimbo,S.A.B.deC.V._DetailedEstimates_20-Sep-2026.xlsx",Detailed Estimates,57
2026-09-20,detailed_estimates,OTCQX:GRBM.F ($),Consensus,EPS Normalized,,Actual,FQ2 2008,FQ,2008,2,2008-06-30,0.07,,,0.07,US$ per share,USD,"filings/capitaliq/Estimates/Detailed Estimated/SPGlobal_GrupoBimbo,S.A.B.deC.V._DetailedEstimates_20-Sep-2026.xlsx",Detailed Estimates,57
2026-09-20,detailed_estimates,OTCQX:GRBM.F ($),Consensus,EPS Normalized,,Actual,FQ2 2011,FQ,2011,2,2011-06-30,0.01923,,,0.01923,US$ per share,USD,"filings/capitaliq/Estimates/Detailed Estimated/SPGlobal_GrupoBimbo,S.A.B.deC.V._DetailedEstimates_20-Sep-2026.xlsx",Detailed Estimates,57
2026-09-20,detailed_estimates,OTCQX:GRBM.F ($),Consensus,EPS Normalized,,Actual,FY 2011,FY,2011,,2011-12-31,0.08641,,,0.08641,US$ per share,USD,"filings/capitaliq/Estimates/Detailed Estimated/SPGlobal_GrupoBimbo,S.A.B.deC.V._DetailedEstimates_20-Sep-2026.xlsx",Detailed Estimates,57
2026-09-20,detailed_estimates,OTCQX:GRBM.F ($),Consensus,EPS Normalized,,Actual,FY 2012,FY,2012,,2012-12-31,0.03382,,,0.03382,US$ per share,USD,"filings/capitaliq/Estimates/Detailed Estimated/SPGlobal_GrupoBimbo,S.A.B.deC.V._DetailedEstimates_20-Sep-2026.xlsx",Detailed Estimates,57
2026-09-20,detailed_estimates,OTCQX:GRBM.F ($),Consensus,EPS Normalized,,Actual,FY 2015,FY,2015,,2015-12-31,0.06056,,,0.06056,US$ per share,USD,"filings/capitaliq/Estimates/Detailed Estimated/SPGlobal_GrupoBimbo,S.A.B.deC.V._DetailedEstimates_20-Sep-2026.xlsx",Detailed Estimates,57
2026-09-20,detailed_estimates,OTCQX:GRBM.F ($),Consensus,EPS Normalized,,Accounting Standard,FQ2 2005,FQ,2005,2,2005-06-30,,,text,Mexican GAAP,text/date,USD,"filings/capitaliq/Estimates/Detailed Estimated/SPGlobal_GrupoBimbo,S.A.B.deC.V._DetailedEstimates_20-Sep-2026.xlsx",Detailed Estimates,58
2026-09-20,detailed_estimates,OTCQX:GRBM.F ($),Consensus,EPS Normalized,,Accounting Standard,FQ3 2005,FQ,2005,3,2005-09-30,,,text,Mexican GAAP,text/date,USD,"filings/capitaliq/Estimates/Detailed Estimated/SPGlobal_GrupoBimbo,S.A.B.deC.V._DetailedEstimates_20-Sep-2026.xlsx",Detailed Estimates,58
2026-09-20,detailed_estimates,OTCQX:GRBM.F ($),Consensus,EPS Normalized,,Accounting Standard,FQ4 2005,FQ,2005,4,2005-12-31,,,text,Mexican GAAP,text/date,USD,"filings/capitaliq/Estimates/Detailed Estimated/SPGlobal_GrupoBimbo,S.A.B.deC.V._DetailedEstimates_20-Sep-2026.xlsx",Detailed Estimates,58
2026-09-20,detailed_estimates,OTCQX:GRBM.F ($),Consensus,EPS Normalized,,Accounting Standard,FY 2005,FY,2005,,2005-12-31,,,text,Mexican GAAP,text/date,USD,"filings/capitaliq/Estimates/Detailed Estimated/SPGlobal_GrupoBimbo,S.A.B.deC.V._DetailedEstimates_20-Sep-2026.xlsx",Detailed Estimates,58
2026-09-20,detailed_estimates,OTCQX:GRBM.F ($),Consensus,EPS Normalized,,Accounting Standard,FQ1 2006,FQ,2006,1,2006-03-31,,,text,Mexican GAAP,text/date,USD,"filings/capitaliq/Estimates/Detailed Estimated/SPGlobal_GrupoBimbo,S.A.B.deC.V._DetailedEstimates_20-Sep-2026.xlsx",Detailed Estimates,58
2026-09-20,detailed_estimates,OTCQX:GRBM.F ($),Consensus,EPS Normalized,,Accounting Standard,FQ3 2006,FQ,2006,3,2006-09-30,,,text,Mexican GAAP,text/date,USD,"filings/capitaliq/Estimates/Detailed Estimated/SPGlobal_GrupoBimbo,S.A.B.deC.V._DetailedEstimates_20-Sep-2026.xlsx",Detailed Estimates,58
2026-09-20,detailed_estimates,OTCQX:GRBM.F ($),Consensus,EPS Normalized,,Accounting Standard,FQ2 2008,FQ,2008,2,2008-06-30,,,text,Mexican GAAP,text/date,USD,"filings/capitaliq/Estimates/Detailed Estimated/SPGlobal_GrupoBimbo,S.A.B.deC.V._DetailedEstimates_20-Sep-2026.xlsx",Detailed Estimates,58
2026-09-20,detailed_estimates,OTCQX:GRBM.F ($),Consensus,EPS Normalized,,Accounting Standard,FQ2 2011,FQ,2011,2,2011-06-30,,,text,Mexican GAAP,text/date,USD,"filings/capitaliq/Estimates/Detailed Estimated/SPGlobal_GrupoBimbo,S.A.B.deC.V._DetailedEstimates_20-Sep-2026.xlsx",Detailed Estimates,58
2026-09-20,detailed_estimates,OTCQX:GRBM.F ($),Consensus,EPS Normalized,,Accounting Standard,FY 2011,FY,2011,,2011-12-31,,,text,Mexican GAAP,text/date,USD,"filings/capitaliq/Estimates/Detailed Estimated/SPGlobal_GrupoBimbo,S.A.B.deC.V._DetailedEstimates_20-Sep-2026.xlsx",Detailed Estimates,58
2026-09-20,detailed_estimates,OTCQX:GRBM.F ($),Consensus,EPS Normalized,,Accounting Standard,FY 2012,FY,2012,,2012-12-31,,,text,IFRS,text/date,USD,"filings/capitaliq/Estimates/Detailed Estimated/SPGlobal_GrupoBimbo,S.A.B.deC.V._DetailedEstimates_20-Sep-2026.xlsx",Detailed Estimates,58
2026-09-20,detailed_estimates,OTCQX:GRBM.F ($),Consensus,EPS Normalized,,Accounting Standard,FY 2015,FY,2015,,2015-12-31,,,text,IFRS,text/date,USD,"filings/capitaliq/Estimates/Detailed Estimated/SPGlobal_GrupoBimbo,S.A.B.deC.V._DetailedEstimates_20-Sep-2026.xlsx",Detailed Estimates,58
2026-09-20,detailed_estimates,OTCQX:GRBM.F ($),Consensus,EPS Normalized,,Currency,FY 1998,FY,1998,,1998-12-31,,,text,USD,text/date,USD,"filings/capitaliq/Estimates/Detailed Estimated/SPGlobal_GrupoBimbo,S.A.B.deC.V._DetailedEstimates_20-Sep-2026.xlsx",Detailed Estimates,59
2026-09-20,detailed_estimates,OTCQX:GRBM.F ($),Consensus,EPS Normalized,,Currency,FY 1999,FY,1999,,1999-12-31,,,text,USD,text/date,USD,"filings/capitaliq/Estimates/Detailed Estimated/SPGlobal_GrupoBimbo,S.A.B.deC.V._DetailedEstimates_20-Sep-2026.xlsx",Detailed Estimates,59
2026-09-20,detailed_estimates,OTCQX:GRBM.F ($),Consensus,EPS Normalized,,Currency,FY 2000,FY,2000,,2000-12-31,,,text,USD,text/date,USD,"filings/capitaliq/Estimates/Detailed Estimated/SPGlobal_GrupoBimbo,S.A.B.deC.V._DetailedEstimates_20-Sep-2026.xlsx",Detailed Estimates,59
2026-09-20,detailed_estimates,OTCQX:GRBM.F ($),Consensus,EPS Normalized,,Currency,FY 2001,FY,2001,,2001-12-31,,,text,USD,text/date,USD,"filings/capitaliq/Estimates/Detailed Estimated/SPGlobal_GrupoBimbo,S.A.B.deC.V._DetailedEstimates_20-Sep-2026.xlsx",Detailed Estimates,59
2026-09-20,detailed_estimates,OTCQX:GRBM.F ($),Consensus,EPS Normalized,,Currency,FY 2002,FY,2002,,2002-12-31,,,text,USD,text/date,USD,"filings/capitaliq/Estimates/Detailed Estimated/SPGlobal_GrupoBimbo,S.A.B.deC.V._DetailedEstimates_20-Sep-2026.xlsx",Detailed Estimates,59
2026-09-20,detailed_estimates,OTCQX:GRBM.F ($),Consensus,EPS Normalized,,Currency,FY 2003,FY,2003,,2003-12-31,,,text,USD,text/date,USD,"filings/capitaliq/Estimates/Detailed Estimated/SPGlobal_GrupoBimbo,S.A.B.deC.V._DetailedEstimates_20-Sep-2026.xlsx",Detailed Estimates,59
2026-09-20,detailed_estimates,OTCQX:GRBM.F ($),Consensus,EPS Normalized,,Currency,FQ3 2004,FQ,2004,3,2004-09-30,,,text,USD,text/date,USD,"filings/capitaliq/Estimates/Detailed Estimated/SPGlobal_GrupoBimbo,S.A.B.deC.V._DetailedEstimates_20-Sep-2026.xlsx",Detailed Estimates,59
2026-09-20,detailed_estimates,OTCQX:GRBM.F ($),Consensus,EPS Normalized,,Currency,FQ4 2004,FQ,2004,4,2004-12-31,,,text,USD,text/date,USD,"filings/capitaliq/Estimates/Detailed Estimated/SPGlobal_GrupoBimbo,S.A.B.deC.V._DetailedEstimates_20-Sep-2026.xlsx",Detailed Estimates,59
2026-09-20,detailed_estimates,OTCQX:GRBM.F ($),Consensus,EPS Normalized,,Currency,FY 2004,FY,2004,,2004-12-31,,,text,USD,text/date,USD,"filings/capitaliq/Estimates/Detailed Estimated/SPGlobal_GrupoBimbo,S.A.B.deC.V._DetailedEstimates_20-Sep-2026.xlsx",Detailed Estimates,59
2026-09-20,detailed_estimates,OTCQX:GRBM.F ($),Consensus,EPS Normalized,,Currency,FQ1 2005,FQ,2005,1,2005-03-31,,,text,USD,text/date,USD,"filings/capitaliq/Estimates/Detailed Estimated/SPGlobal_GrupoBimbo,S.A.B.deC.V._DetailedEstimates_20-Sep-2026.xlsx",Detailed Estimates,59
2026-09-20,detailed_estimates,OTCQX:GRBM.F ($),Consensus,EPS Normalized,,Currency,FQ2 2005,FQ,2005,2,2005-06-30,,,text,USD,text/date,USD,"filings/capitaliq/Estimates/Detailed Estimated/SPGlobal_GrupoBimbo,S.A.B.deC.V._DetailedEstimates_20-Sep-2026.xlsx",Detailed Estimates,59
2026-09-20,detailed_estimates,OTCQX:GRBM.F ($),Consensus,EPS Normalized,,Currency,FQ3 2005,FQ,2005,3,2005-09-30,,,text,USD,text/date,USD,"filings/capitaliq/Estimates/Detailed Estimated/SPGlobal_GrupoBimbo,S.A.B.deC.V._DetailedEstimates_20-Sep-2026.xlsx",Detailed Estimates,59
2026-09-20,detailed_estimates,OTCQX:GRBM.F ($),Consensus,EPS Normalized,,Currency,FQ4 2005,FQ,2005,4,2005-12-31,,,text,USD,text/date,USD,"filings/capitaliq/Estimates/Detailed Estimated/SPGlobal_GrupoBimbo,S.A.B.deC.V._DetailedEstimates_20-Sep-2026.xlsx",Detailed Estimates,59
2026-09-20,detailed_estimates,OTCQX:GRBM.F ($),Consensus,EPS Normalized,,Currency,FY 2005,FY,2005,,2005-12-31,,,text,USD,text/date,USD,"filings/capitaliq/Estimates/Detailed Estimated/SPGlobal_GrupoBimbo,S.A.B.deC.V._DetailedEstimates_20-Sep-2026.xlsx",Detailed Estimates,59
2026-09-20,detailed_estimates,OTCQX:GRBM.F ($),Consensus,EPS Normalized,,Currency,FQ1 2006,FQ,2006,1,2006-03-31,,,text,USD,text/date,USD,"filings/capitaliq/Estimates/Detailed Estimated/SPGlobal_GrupoBimbo,S.A.B.deC.V._DetailedEstimates_20-Sep-2026.xlsx",Detailed Estimates,59
2026-09-20,detailed_estimates,OTCQX:GRBM.F ($),Consensus,EPS Normalized,,Currency,FQ2 2006,FQ,2006,2,2006-06-30,,,text,USD,text/date,USD,"filings/capitaliq/Estimates/Detailed Estimated/SPGlobal_GrupoBimbo,S.A.B.deC.V._DetailedEstimates_20-Sep-2026.xlsx",Detailed Estimates,59
2026-09-20,detailed_estimates,OTCQX:GRBM.F ($),Consensus,EPS Normalized,,Currency,FQ3 2006,FQ,2006,3,2006-09-30,,,text,USD,text/date,USD,"filings/capitaliq/Estimates/Detailed Estimated/SPGlobal_GrupoBimbo,S.A.B.deC.V._DetailedEstimates_20-Sep-2026.xlsx",Detailed Estimates,59
2026-09-20,detailed_estimates,OTCQX:GRBM.F ($),Consensus,EPS Normalized,,Currency,FQ4 2006,FQ,2006,4,2006-12-31,,,text,USD,text/date,USD,"filings/capitaliq/Estimates/Detailed Estimated/SPGlobal_GrupoBimbo,S.A.B.deC.V._DetailedEstimates_20-Sep-2026.xlsx",Detailed Estimates,59
2026-09-20,detailed_estimates,OTCQX:GRBM.F ($),Consensus,EPS Normalized,,Currency,FY 2006,FY,2006,,2006-12-31,,,text,USD,text/date,USD,"filings/capitaliq/Estimates/Detailed Estimated/SPGlobal_GrupoBimbo,S.A.B.deC.V._DetailedEstimates_20-Sep-2026.xlsx",Detailed Estimates,59
2026-09-20,detailed_estimates,OTCQX:GRBM.F ($),Consensus,EPS Normalized,,Currency,FQ1 2007,FQ,2007,1,2007-03-31,,,text,USD,text/date,USD,"filings/capitaliq/Estimates/Detailed Estimated/SPGlobal_GrupoBimbo,S.A.B.deC.V._DetailedEstimates_20-Sep-2026.xlsx",Detailed Estimates,59
2026-09-20,detailed_estimates,OTCQX:GRBM.F ($),Consensus,EPS Normalized,,Currency,FQ2 2007,FQ,2007,2,2007-06-30,,,text,USD,text/date,USD,"filings/capitaliq/Estimates/Detailed Estimated/SPGlobal_GrupoBimbo,S.A.B.deC.V._DetailedEstimates_20-Sep-2026.xlsx",Detailed Estimates,59
2026-09-20,detailed_estimates,OTCQX:GRBM.F ($),Consensus,EPS Normalized,,Currency,FQ3 2007,FQ,2007,3,2007-09-30,,,text,USD,text/date,USD,"filings/capitaliq/Estimates/Detailed Estimated/SPGlobal_GrupoBimbo,S.A.B.deC.V._DetailedEstimates_20-Sep-2026.xlsx",Detailed Estimates,59
2026-09-20,detailed_estimates,OTCQX:GRBM.F ($),Consensus,EPS Normalized,,Currency,FQ4 2007,FQ,2007,4,2007-12-31,,,text,USD,text/date,USD,"filings/capitaliq/Estimates/Detailed Estimated/SPGlobal_GrupoBimbo,S.A.B.deC.V._DetailedEstimates_20-Sep-2026.xlsx",Detailed Estimates,59
2026-09-20,detailed_estimates,OTCQX:GRBM.F ($),Consensus,EPS Normalized,,Currency,FY 2007,FY,2007,,2007-12-31,,,text,USD,text/date,USD,"filings/capitaliq/Estimates/Detailed Estimated/SPGlobal_GrupoBimbo,S.A.B.deC.V._DetailedEstimates_20-Sep-2026.xlsx",Detailed Estimates,59
2026-09-20,detailed_estimates,OTCQX:GRBM.F ($),Consensus,EPS Normalized,,Currency,FQ1 2008,FQ,2008,1,2008-03-31,,,text,USD,text/date,USD,"filings/capitaliq/Estimates/Detailed Estimated/SPGlobal_GrupoBimbo,S.A.B.deC.V._DetailedEstimates_20-Sep-2026.xlsx",Detailed Estimates,59
2026-09-20,detailed_estimates,OTCQX:GRBM.F ($),Consensus,EPS Normalized,,Currency,FQ2 2008,FQ,2008,2,2008-06-30,,,text,USD,text/date,USD,"filings/capitaliq/Estimates/Detailed Estimated/SPGlobal_GrupoBimbo,S.A.B.deC.V._DetailedEstimates_20-Sep-2026.xlsx",Detailed Estimates,59
2026-09-20,detailed_estimates,OTCQX:GRBM.F ($),Consensus,EPS Normalized,,Currency,FQ3 2008,FQ,2008,3,2008-09-30,,,text,USD,text/date,USD,"filings/capitaliq/Estimates/Detailed Estimated/SPGlobal_GrupoBimbo,S.A.B.deC.V._DetailedEstimates_20-Sep-2026.xlsx",Detailed Estimates,59
2026-09-20,detailed_estimates,OTCQX:GRBM.F ($),Consensus,EPS Normalized,,Currency,FQ4 2008,FQ,2008,4,2008-12-31,,,text,USD,text/date,USD,"filings/capitaliq/Estimates/Detailed Estimated/SPGlobal_GrupoBimbo,S.A.B.deC.V._DetailedEstimates_20-Sep-2026.xlsx",Detailed Estimates,59
2026-09-20,detailed_estimates,OTCQX:GRBM.F ($),Consensus,EPS Normalized,,Currency,FY 2008,FY,2008,,2008-12-31,,,text,USD,text/date,USD,"filings/capitaliq/Estimates/Detailed Estimated/SPGlobal_GrupoBimbo,S.A.B.deC.V._DetailedEstimates_20-Sep-2026.xlsx",Detailed Estimates,59
2026-09-20,detailed_estimates,OTCQX:GRBM.F ($),Consensus,EPS Normalized,,Currency,FQ1 2009,FQ,2009,1,2009-03-31,,,text,USD,text/date,USD,"filings/capitaliq/Estimates/Detailed Estimated/SPGlobal_GrupoBimbo,S.A.B.deC.V._DetailedEstimates_20-Sep-2026.xlsx",Detailed Estimates,59
2026-09-20,detailed_estimates,OTCQX:GRBM.F ($),Consensus,EPS Normalized,,Currency,FQ3 2009,FQ,2009,3,2009-09-30,,,text,USD,text/date,USD,"filings/capitaliq/Estimates/Detailed Estimated/SPGlobal_GrupoBimbo,S.A.B.deC.V._DetailedEstimates_20-Sep-2026.xlsx",Detailed Estimates,59
2026-09-20,detailed_estimates,OTCQX:GRBM.F ($),Consensus,EPS Normalized,,Currency,FQ4 2009,FQ,2009,4,2009-12-31,,,text,USD,text/date,USD,"filings/capitaliq/Estimates/Detailed Estimated/SPGlobal_GrupoBimbo,S.A.B.deC.V._DetailedEstimates_20-Sep-2026.xlsx",Detailed Estimates,59
2026-09-20,detailed_estimates,OTCQX:GRBM.F ($),Consensus,EPS Normalized,,Currency,FY 2009,FY,2009,,2009-12-31,,,text,USD,text/date,USD,"filings/capitaliq/Estimates/Detailed Estimated/SPGlobal_GrupoBimbo,S.A.B.deC.V._DetailedEstimates_20-Sep-2026.xlsx",Detailed Estimates,59
2026-09-20,detailed_estimates,OTCQX:GRBM.F ($),Consensus,EPS Normalized,,Currency,FQ2 2010,FQ,2010,2,2010-06-30,,,text,USD,text/date,USD,"filings/capitaliq/Estimates/Detailed Estimated/SPGlobal_GrupoBimbo,S.A.B.deC.V._DetailedEstimates_20-Sep-2026.xlsx",Detailed Estimates,59
2026-09-20,detailed_estimates,OTCQX:GRBM.F ($),Consensus,EPS Normalized,,Currency,FQ3 2010,FQ,2010,3,2010-09-30,,,text,USD,text/date,USD,"filings/capitaliq/Estimates/Detailed Estimated/SPGlobal_GrupoBimbo,S.A.B.deC.V._DetailedEstimates_20-Sep-2026.xlsx",Detailed Estimates,59
2026-09-20,detailed_estimates,OTCQX:GRBM.F ($),Consensus,EPS Normalized,,Currency,FQ4 2010,FQ,2010,4,2010-12-31,,,text,USD,text/date,USD,"filings/capitaliq/Estimates/Detailed Estimated/SPGlobal_GrupoBimbo,S.A.B.deC.V._DetailedEstimates_20-Sep-2026.xlsx",Detailed Estimates,59
2026-09-20,detailed_estimates,OTCQX:GRBM.F ($),Consensus,EPS Normalized,,Currency,FY 2010,FY,2010,,2010-12-31,,,text,USD,text/date,USD,"filings/capitaliq/Estimates/Detailed Estimated/SPGlobal_GrupoBimbo,S.A.B.deC.V._DetailedEstimates_20-Sep-2026.xlsx",Detailed Estimates,59
2026-09-20,detailed_estimates,OTCQX:GRBM.F ($),Consensus,EPS Normalized,,Currency,FQ2 2011,FQ,2011,2,2011-06-30,,,text,USD,text/date,USD,"filings/capitaliq/Estimates/Detailed Estimated/SPGlobal_GrupoBimbo,S.A.B.deC.V._DetailedEstimates_20-Sep-2026.xlsx",Detailed Estimates,59
2026-09-20,detailed_estimates,OTCQX:GRBM.F ($),Consensus,EPS Normalized,,Currency,FQ3 2011,FQ,2011,3,2011-09-30,,,text,USD,text/date,USD,"filings/capitaliq/Estimates/Detailed Estimated/SPGlobal_GrupoBimbo,S.A.B.deC.V._DetailedEstimates_20-Sep-2026.xlsx",Detailed Estimates,59
2026-09-20,detailed_estimates,OTCQX:GRBM.F ($),Consensus,EPS Normalized,,Currency,FQ4 2011,FQ,2011,4,2011-12-31,,,text,USD,text/date,USD,"filings/capitaliq/Estimates/Detailed Estimated/SPGlobal_GrupoBimbo,S.A.B.deC.V._DetailedEstimates_20-Sep-2026.xlsx",Detailed Estimates,59
2026-09-20,detailed_estimates,OTCQX:GRBM.F ($),Consensus,EPS Normalized,,Currency,FY 2011,FY,2011,,2011-12-31,,,text,USD,text/date,USD,"filings/capitaliq/Estimates/Detailed Estimated/SPGlobal_GrupoBimbo,S.A.B.deC.V._DetailedEstimates_20-Sep-2026.xlsx",Detailed Estimates,59
2026-09-20,detailed_estimates,OTCQX:GRBM.F ($),Consensus,EPS Normalized,,Currency,FQ4 2012,FQ,2012,4,2012-12-31,,,text,USD,text/date,USD,"filings/capitaliq/Estimates/Detailed Estimated/SPGlobal_GrupoBimbo,S.A.B.deC.V._DetailedEstimates_20-Sep-2026.xlsx",Detailed Estimates,59
2026-09-20,detailed_estimates,OTCQX:GRBM.F ($),Consensus,EPS Normalized,,Currency,FY 2012,FY,2012,,2012-12-31,,,text,USD,text/date,USD,"filings/capitaliq/Estimates/Detailed Estimated/SPGlobal_GrupoBimbo,S.A.B.deC.V._DetailedEstimates_20-Sep-2026.xlsx",Detailed Estimates,59
2026-09-20,detailed_estimates,OTCQX:GRBM.F ($),Consensus,EPS Normalized,,Currency,FQ1 2013,FQ,2013,1,2013-03-31,,,text,USD,text/date,USD,"filings/capitaliq/Estimates/Detailed Estimated/SPGlobal_GrupoBimbo,S.A.B.deC.V._DetailedEstimates_20-Sep-2026.xlsx",Detailed Estimates,59
2026-09-20,detailed_estimates,OTCQX:GRBM.F ($),Consensus,EPS Normalized,,Currency,FQ2 2013,FQ,2013,2,2013-06-30,,,text,USD,text/date,USD,"filings/capitaliq/Estimates/Detailed Estimated/SPGlobal_GrupoBimbo,S.A.B.deC.V._DetailedEstimates_20-Sep-2026.xlsx",Detailed Estimates,59
2026-09-20,detailed_estimates,OTCQX:GRBM.F ($),Consensus,EPS Normalized,,Currency,FQ3 2013,FQ,2013,3,2013-09-30,,,text,USD,text/date,USD,"filings/capitaliq/Estimates/Detailed Estimated/SPGlobal_GrupoBimbo,S.A.B.deC.V._DetailedEstimates_20-Sep-2026.xlsx",Detailed Estimates,59
2026-09-20,detailed_estimates,OTCQX:GRBM.F ($),Consensus,EPS Normalized,,Currency,FQ4 2013,FQ,2013,4,2013-12-31,,,text,USD,text/date,USD,"filings/capitaliq/Estimates/Detailed Estimated/SPGlobal_GrupoBimbo,S.A.B.deC.V._DetailedEstimates_20-Sep-2026.xlsx",Detailed Estimates,59
2026-09-20,detailed_estimates,OTCQX:GRBM.F ($),Consensus,EPS Normalized,,Currency,FY 2013,FY,2013,,2013-12-31,,,text,USD,text/date,USD,"filings/capitaliq/Estimates/Detailed Estimated/SPGlobal_GrupoBimbo,S.A.B.deC.V._DetailedEstimates_20-Sep-2026.xlsx",Detailed Estimates,59
2026-09-20,detailed_estimates,OTCQX:GRBM.F ($),Consensus,EPS Normalized,,Currency,FQ1 2014,FQ,2014,1,2014-03-31,,,text,USD,text/date,USD,"filings/capitaliq/Estimates/Detailed Estimated/SPGlobal_GrupoBimbo,S.A.B.deC.V._DetailedEstimates_20-Sep-2026.xlsx",Detailed Estimates,59
2026-09-20,detailed_estimates,OTCQX:GRBM.F ($),Consensus,EPS Normalized,,Currency,FQ2 2014,FQ,2014,2,2014-06-30,,,text,USD,text/date,USD,"filings/capitaliq/Estimates/Detailed Estimated/SPGlobal_GrupoBimbo,S.A.B.deC.V._DetailedEstimates_20-Sep-2026.xlsx",Detailed Estimates,59
2026-09-20,detailed_estimates,OTCQX:GRBM.F ($),Consensus,EPS Normalized,,Currency,FQ3 2014,FQ,2014,3,2014-09-30,,,text,USD,text/date,USD,"filings/capitaliq/Estimates/Detailed Estimated/SPGlobal_GrupoBimbo,S.A.B.deC.V._DetailedEstimates_20-Sep-2026.xlsx",Detailed Estimates,59
2026-09-20,detailed_estimates,OTCQX:GRBM.F ($),Consensus,EPS Normalized,,Currency,FQ4 2014,FQ,2014,4,2014-12-31,,,text,USD,text/date,USD,"filings/capitaliq/Estimates/Detailed Estimated/SPGlobal_GrupoBimbo,S.A.B.deC.V._DetailedEstimates_20-Sep-2026.xlsx",Detailed Estimates,59
2026-09-20,detailed_estimates,OTCQX:GRBM.F ($),Consensus,EPS Normalized,,Currency,FY 2014,FY,2014,,2014-12-31,,,text,USD,text/date,USD,"filings/capitaliq/Estimates/Detailed Estimated/SPGlobal_GrupoBimbo,S.A.B.deC.V._DetailedEstimates_20-Sep-2026.xlsx",Detailed Estimates,59
2026-09-20,detailed_estimates,OTCQX:GRBM.F ($),Consensus,EPS Normalized,,Currency,FQ1 2015,FQ,2015,1,2015-03-31,,,text,USD,text/date,USD,"filings/capitaliq/Estimates/Detailed Estimated/SPGlobal_GrupoBimbo,S.A.B.deC.V._DetailedEstimates_20-Sep-2026.xlsx",Detailed Estimates,59
2026-09-20,detailed_estimates,OTCQX:GRBM.F ($),Consensus,EPS Normalized,,Currency,FQ2 2015,FQ,2015,2,2015-06-30,,,text,USD,text/date,USD,"filings/capitaliq/Estimates/Detailed Estimated/SPGlobal_GrupoBimbo,S.A.B.deC.V._DetailedEstimates_20-Sep-2026.xlsx",Detailed Estimates,59
2026-09-20,detailed_estimates,OTCQX:GRBM.F ($),Consensus,EPS Normalized,,Currency,FQ3 2015,FQ,2015,3,2015-09-30,,,text,USD,text/date,USD,"filings/capitaliq/Estimates/Detailed Estimated/SPGlobal_GrupoBimbo,S.A.B.deC.V._DetailedEstimates_20-Sep-2026.xlsx",Detailed Estimates,59
2026-09-20,detailed_estimates,OTCQX:GRBM.F ($),Consensus,EPS Normalized,,Currency,FQ4 2015,FQ,2015,4,2015-12-31,,,text,USD,text/date,USD,"filings/capitaliq/Estimates/Detailed Estimated/SPGlobal_GrupoBimbo,S.A.B.deC.V._DetailedEstimates_20-Sep-2026.xlsx",Detailed Estimates,59
2026-09-20,detailed_estimates,OTCQX:GRBM.F ($),Consensus,EPS Normalized,,Currency,FY 2015,FY,2015,,2015-12-31,,,text,USD,text/date,USD,"filings/capitaliq/Estimates/Detailed Estimated/SPGlobal_GrupoBimbo,S.A.B.deC.V._DetailedEstimates_20-Sep-2026.xlsx",Detailed Estimates,59
2026-09-20,detailed_estimates,OTCQX:GRBM.F ($),Consensus,EPS Normalized,,Currency,FQ1 2016,FQ,2016,1,2016-03-31,,,text,USD,text/date,USD,"filings/capitaliq/Estimates/Detailed Estimated/SPGlobal_GrupoBimbo,S.A.B.deC.V._DetailedEstimates_20-Sep-2026.xlsx",Detailed Estimates,59
2026-09-20,detailed_estimates,OTCQX:GRBM.F ($),Consensus,EPS Normalized,,Currency,FQ2 2016,FQ,2016,2,2016-06-30,,,text,USD,text/date,USD,"filings/capitaliq/Estimates/Detailed Estimated/SPGlobal_GrupoBimbo,S.A.B.deC.V._DetailedEstimates_20-Sep-2026.xlsx",Detailed Estimates,59
2026-09-20,detailed_estimates,OTCQX:GRBM.F ($),Consensus,EPS Normalized,,Currency,FQ3 2016,FQ,2016,3,2016-09-30,,,text,USD,text/date,USD,"filings/capitaliq/Estimates/Detailed Estimated/SPGlobal_GrupoBimbo,S.A.B.deC.V._DetailedEstimates_20-Sep-2026.xlsx",Detailed Estimates,59
2026-09-20,detailed_estimates,OTCQX:GRBM.F ($),Consensus,EPS Normalized,,Currency,FQ4 2016,FQ,2016,4,2016-12-31,,,text,USD,text/date,USD,"filings/capitaliq/Estimates/Detailed Estimated/SPGlobal_GrupoBimbo,S.A.B.deC.V._DetailedEstimates_20-Sep-2026.xlsx",Detailed Estimates,59
2026-09-20,detailed_estimates,OTCQX:GRBM.F ($),Consensus,EPS Normalized,,Currency,FY 2016,FY,2016,,2016-12-31,,,text,USD,text/date,USD,"filings/capitaliq/Estimates/Detailed Estimated/SPGlobal_GrupoBimbo,S.A.B.deC.V._DetailedEstimates_20-Sep-2026.xlsx",Detailed Estimates,59
2026-09-20,detailed_estimates,OTCQX:GRBM.F ($),Consensus,EPS Normalized,,Currency,FQ1 2017,FQ,2017,1,2017-03-31,,,text,USD,text/date,USD,"filings/capitaliq/Estimates/Detailed Estimated/SPGlobal_GrupoBimbo,S.A.B.deC.V._DetailedEstimates_20-Sep-2026.xlsx",Detailed Estimates,59
2026-09-20,detailed_estimates,OTCQX:GRBM.F ($),Consensus,EPS Normalized,,Currency,FQ2 2017,FQ,2017,2,2017-06-30,,,text,USD,text/date,USD,"filings/capitaliq/Estimates/Detailed Estimated/SPGlobal_GrupoBimbo,S.A.B.deC.V._DetailedEstimates_20-Sep-2026.xlsx",Detailed Estimates,59
2026-09-20,detailed_estimates,OTCQX:GRBM.F ($),Consensus,EPS Normalized,,Currency,FQ3 2017,FQ,2017,3,2017-09-30,,,text,USD,text/date,USD,"filings/capitaliq/Estimates/Detailed Estimated/SPGlobal_GrupoBimbo,S.A.B.deC.V._DetailedEstimates_20-Sep-2026.xlsx",Detailed Estimates,59
2026-09-20,detailed_estimates,OTCQX:GRBM.F ($),Consensus,EPS Normalized,,Currency,FQ4 2017,FQ,2017,4,2017-12-31,,,text,USD,text/date,USD,"filings/capitaliq/Estimates/Detailed Estimated/SPGlobal_GrupoBimbo,S.A.B.deC.V._DetailedEstimates_20-Sep-2026.xlsx",Detailed Estimates,59
2026-09-20,detailed_estimates,OTCQX:GRBM.F ($),Consensus,EPS Normalized,,Currency,FY 2017,FY,2017,,2017-12-31,,,text,USD,text/date,USD,"filings/capitaliq/Estimates/Detailed Estimated/SPGlobal_GrupoBimbo,S.A.B.deC.V._DetailedEstimates_20-Sep-2026.xlsx",Detailed Estimates,59
2026-09-20,detailed_estimates,OTCQX:GRBM.F ($),Consensus,EPS Normalized,,Currency,FQ1 2018,FQ,2018,1,2018-03-31,,,text,USD,text/date,USD,"filings/capitaliq/Estimates/Detailed Estimated/SPGlobal_GrupoBimbo,S.A.B.deC.V._DetailedEstimates_20-Sep-2026.xlsx",Detailed Estimates,59
2026-09-20,detailed_estimates,OTCQX:GRBM.F ($),Consensus,EPS Normalized,,Currency,FQ2 2018,FQ,2018,2,2018-06-30,,,text,USD,text/date,USD,"filings/capitaliq/Estimates/Detailed Estimated/SPGlobal_GrupoBimbo,S.A.B.deC.V._DetailedEstimates_20-Sep-2026.xlsx",Detailed Estimates,59
2026-09-20,detailed_estimates,OTCQX:GRBM.F ($),Consensus,EPS Normalized,,Currency,FQ3 2018,FQ,2018,3,2018-09-30,,,text,USD,text/date,USD,"filings/capitaliq/Estimates/Detailed Estimated/SPGlobal_GrupoBimbo,S.A.B.deC.V._DetailedEstimates_20-Sep-2026.xlsx",Detailed Estimates,59
2026-09-20,detailed_estimates,OTCQX:GRBM.F ($),Consensus,EPS Normalized,,Currency,FQ4 2018,FQ,2018,4,2018-12-31,,,text,USD,text/date,USD,"filings/capitaliq/Estimates/Detailed Estimated/SPGlobal_GrupoBimbo,S.A.B.deC.V._DetailedEstimates_20-Sep-2026.xlsx",Detailed Estimates,59
2026-09-20,detailed_estimates,OTCQX:GRBM.F ($),Consensus,EPS Normalized,,Currency,FY 2018,FY,2018,,2018-12-31,,,text,USD,text/date,USD,"filings/capitaliq/Estimates/Detailed Estimated/SPGlobal_GrupoBimbo,S.A.B.deC.V._DetailedEstimates_20-Sep-2026.xlsx",Detailed Estimates,59
2026-09-20,detailed_estimates,OTCQX:GRBM.F ($),Consensus,EPS Normalized,,Currency,FQ1 2019,FQ,2019,1,2019-03-31,,,text,USD,text/date,USD,"filings/capitaliq/Estimates/Detailed Estimated/SPGlobal_GrupoBimbo,S.A.B.deC.V._DetailedEstimates_20-Sep-2026.xlsx",Detailed Estimates,59
2026-09-20,detailed_estimates,OTCQX:GRBM.F ($),Consensus,EPS Normalized,,Currency,FQ2 2019,FQ,2019,2,2019-06-30,,,text,USD,text/date,USD,"filings/capitaliq/Estimates/Detailed Estimated/SPGlobal_GrupoBimbo,S.A.B.deC.V._DetailedEstimates_20-Sep-2026.xlsx",Detailed Estimates,59
2026-09-20,detailed_estimates,OTCQX:GRBM.F ($),Consensus,EPS Normalized,,Currency,FQ3 2019,FQ,2019,3,2019-09-30,,,text,USD,text/date,USD,"filings/capitaliq/Estimates/Detailed Estimated/SPGlobal_GrupoBimbo,S.A.B.deC.V._DetailedEstimates_20-Sep-2026.xlsx",Detailed Estimates,59
2026-09-20,detailed_estimates,OTCQX:GRBM.F ($),Consensus,EPS Normalized,,Currency,FQ4 2019,FQ,2019,4,2019-12-31,,,text,USD,text/date,USD,"filings/capitaliq/Estimates/Detailed Estimated/SPGlobal_GrupoBimbo,S.A.B.deC.V._DetailedEstimates_20-Sep-2026.xlsx",Detailed Estimates,59
2026-09-20,detailed_estimates,OTCQX:GRBM.F ($),Consensus,EPS Normalized,,Currency,FY 2019,FY,2019,,2019-12-31,,,text,USD,text/date,USD,"filings/capitaliq/Estimates/Detailed Estimated/SPGlobal_GrupoBimbo,S.A.B.deC.V._DetailedEstimates_20-Sep-2026.xlsx",Detailed Estimates,59
2026-09-20,detailed_estimates,OTCQX:GRBM.F ($),Consensus,EPS Normalized,,Currency,FQ1 2020,FQ,2020,1,2020-03-31,,,text,USD,text/date,USD,"filings/capitaliq/Estimates/Detailed Estimated/SPGlobal_GrupoBimbo,S.A.B.deC.V._DetailedEstimates_20-Sep-2026.xlsx",Detailed Estimates,59
2026-09-20,detailed_estimates,OTCQX:GRBM.F ($),Consensus,EPS Normalized,,Currency,FQ2 2020,FQ,2020,2,2020-06-30,,,text,USD,text/date,USD,"filings/capitaliq/Estimates/Detailed Estimated/SPGlobal_GrupoBimbo,S.A.B.deC.V._DetailedEstimates_20-Sep-2026.xlsx",Detailed Estimates,59
2026-09-20,detailed_estimates,OTCQX:GRBM.F ($),Consensus,EPS Normalized,,Currency,FQ3 2020,FQ,2020,3,2020-09-30,,,text,USD,text/date,USD,"filings/capitaliq/Estimates/Detailed Estimated/SPGlobal_GrupoBimbo,S.A.B.deC.V._DetailedEstimates_20-Sep-2026.xlsx",Detailed Estimates,59
2026-09-20,detailed_estimates,OTCQX:GRBM.F ($),Consensus,EPS Normalized,,Currency,FQ4 2020,FQ,2020,4,2020-12-31,,,text,USD,text/date,USD,"filings/capitaliq/Estimates/Detailed Estimated/SPGlobal_GrupoBimbo,S.A.B.deC.V._DetailedEstimates_20-Sep-2026.xlsx",Detailed Estimates,59
2026-09-20,detailed_estimates,OTCQX:GRBM.F ($),Consensus,EPS Normalized,,Currency,FY 2020,FY,2020,,2020-12-31,,,text,USD,text/date,USD,"filings/capitaliq/Estimates/Detailed Estimated/SPGlobal_GrupoBimbo,S.A.B.deC.V._DetailedEstimates_20-Sep-2026.xlsx",Detailed Estimates,59
2026-09-20,detailed_estimates,OTCQX:GRBM.F ($),Consensus,EPS Normalized,,Currency,FQ1 2021,FQ,2021,1,2021-03-31,,,text,USD,text/date,USD,"filings/capitaliq/Estimates/Detailed Estimated/SPGlobal_GrupoBimbo,S.A.B.deC.V._DetailedEstimates_20-Sep-2026.xlsx",Detailed Estimates,59
2026-09-20,detailed_estimates,OTCQX:GRBM.F ($),Consensus,EPS Normalized,,Currency,FQ2 2021,FQ,2021,2,2021-06-30,,,text,USD,text/date,USD,"filings/capitaliq/Estimates/Detailed Estimated/SPGlobal_GrupoBimbo,S.A.B.deC.V._DetailedEstimates_20-Sep-2026.xlsx",Detailed Estimates,59
2026-09-20,detailed_estimates,OTCQX:GRBM.F ($),Consensus,EPS Normalized,,Currency,FQ3 2021,FQ,2021,3,2021-09-30,,,text,USD,text/date,USD,"filings/capitaliq/Estimates/Detailed Estimated/SPGlobal_GrupoBimbo,S.A.B.deC.V._DetailedEstimates_20-Sep-2026.xlsx",Detailed Estimates,59
2026-09-20,detailed_estimates,OTCQX:GRBM.F ($),Consensus,EPS Normalized,,Currency,FQ4 2021,FQ,2021,4,2021-12-31,,,text,USD,text/date,USD,"filings/capitaliq/Estimates/Detailed Estimated/SPGlobal_GrupoBimbo,S.A.B.deC.V._DetailedEstimates_20-Sep-2026.xlsx",Detailed Estimates,59
2026-09-20,detailed_estimates,OTCQX:GRBM.F ($),Consensus,EPS Normalized,,Currency,FY 2021,FY,2021,,2021-12-31,,,text,USD,text/date,USD,"filings/capitaliq/Estimates/Detailed Estimated/SPGlobal_GrupoBimbo,S.A.B.deC.V._DetailedEstimates_20-Sep-2026.xlsx",Detailed Estimates,59
2026-09-20,detailed_estimates,OTCQX:GRBM.F ($),Consensus,EPS Normalized,,Currency,FQ1 2022,FQ,2022,1,2022-03-31,,,text,USD,text/date,USD,"filings/capitaliq/Estimates/Detailed Estimated/SPGlobal_GrupoBimbo,S.A.B.deC.V._DetailedEstimates_20-Sep-2026.xlsx",Detailed Estimates,59
2026-09-20,detailed_estimates,OTCQX:GRBM.F ($),Consensus,EPS Normalized,,Currency,FQ2 2022,FQ,2022,2,2022-06-30,,,text,USD,text/date,USD,"filings/capitaliq/Estimates/Detailed Estimated/SPGlobal_GrupoBimbo,S.A.B.deC.V._DetailedEstimates_20-Sep-2026.xlsx",Detailed Estimates,59
2026-09-20,detailed_estimates,OTCQX:GRBM.F ($),Consensus,EPS Normalized,,Currency,FQ3 2022,FQ,2022,3,2022-09-30,,,text,USD,text/date,USD,"filings/capitaliq/Estimates/Detailed Estimated/SPGlobal_GrupoBimbo,S.A.B.deC.V._DetailedEstimates_20-Sep-2026.xlsx",Detailed Estimates,59
2026-09-20,detailed_estimates,OTCQX:GRBM.F ($),Consensus,EPS Normalized,,Currency,FQ4 2022,FQ,2022,4,2022-12-31,,,text,USD,text/date,USD,"filings/capitaliq/Estimates/Detailed Estimated/SPGlobal_GrupoBimbo,S.A.B.deC.V._DetailedEstimates_20-Sep-2026.xlsx",Detailed Estimates,59
2026-09-20,detailed_estimates,OTCQX:GRBM.F ($),Consensus,EPS Normalized,,Currency,FY 2022,FY,2022,,2022-12-31,,,text,USD,text/date,USD,"filings/capitaliq/Estimates/Detailed Estimated/SPGlobal_GrupoBimbo,S.A.B.deC.V._DetailedEstimates_20-Sep-2026.xlsx",Detailed Estimates,59
2026-09-20,detailed_estimates,OTCQX:GRBM.F ($),Consensus,EPS Normalized,,Currency,FQ1 2023,FQ,2023,1,2023-03-31,,,text,USD,text/date,USD,"filings/capitaliq/Estimates/Detailed Estimated/SPGlobal_GrupoBimbo,S.A.B.deC.V._DetailedEstimates_20-Sep-2026.xlsx",Detailed Estimates,59
2026-09-20,detailed_estimates,OTCQX:GRBM.F ($),Consensus,EPS Normalized,,Currency,FQ2 2023,FQ,2023,2,2023-06-30,,,text,USD,text/date,USD,"filings/capitaliq/Estimates/Detailed Estimated/SPGlobal_GrupoBimbo,S.A.B.deC.V._DetailedEstimates_20-Sep-2026.xlsx",Detailed Estimates,59
2026-09-20,detailed_estimates,OTCQX:GRBM.F ($),Consensus,EPS Normalized,,Currency,FQ3 2023,FQ,2023,3,2023-09-30,,,text,USD,text/date,USD,"filings/capitaliq/Estimates/Detailed Estimated/SPGlobal_GrupoBimbo,S.A.B.deC.V._DetailedEstimates_20-Sep-2026.xlsx",Detailed Estimates,59
2026-09-20,detailed_estimates,OTCQX:GRBM.F ($),Consensus,EPS Normalized,,Currency,FQ4 2023,FQ,2023,4,2023-12-31,,,text,USD,text/date,USD,"filings/capitaliq/Estimates/Detailed Estimated/SPGlobal_GrupoBimbo,S.A.B.deC.V._DetailedEstimates_20-Sep-2026.xlsx",Detailed Estimates,59
2026-09-20,detailed_estimates,OTCQX:GRBM.F ($),Consensus,EPS Normalized,,Currency,FY 2023,FY,2023,,2023-12-31,,,text,USD,text/date,USD,"filings/capitaliq/Estimates/Detailed Estimated/SPGlobal_GrupoBimbo,S.A.B.deC.V._DetailedEstimates_20-Sep-2026.xlsx",Detailed Estimates,59
2026-09-20,detailed_estimates,OTCQX:GRBM.F ($),Consensus,EPS Normalized,,Currency,FQ1 2024,FQ,2024,1,2024-03-31,,,text,USD,text/date,USD,"filings/capitaliq/Estimates/Detailed Estimated/SPGlobal_GrupoBimbo,S.A.B.deC.V._DetailedEstimates_20-Sep-2026.xlsx",Detailed Estimates,59
2026-09-20,detailed_estimates,OTCQX:GRBM.F ($),Consensus,EPS Normalized,,Currency,FQ2 2024,FQ,2024,2,2024-06-30,,,text,USD,text/date,USD,"filings/capitaliq/Estimates/Detailed Estimated/SPGlobal_GrupoBimbo,S.A.B.deC.V._DetailedEstimates_20-Sep-2026.xlsx",Detailed Estimates,59
2026-09-20,detailed_estimates,OTCQX:GRBM.F ($),Consensus,EPS Normalized,,Currency,FQ3 2024,FQ,2024,3,2024-09-30,,,text,USD,text/date,USD,"filings/capitaliq/Estimates/Detailed Estimated/SPGlobal_GrupoBimbo,S.A.B.deC.V._DetailedEstimates_20-Sep-2026.xlsx",Detailed Estimates,59
2026-09-20,detailed_estimates,OTCQX:GRBM.F ($),Consensus,EPS Normalized,,Currency,FQ4 2024,FQ,2024,4,2024-12-31,,,text,USD,text/date,USD,"filings/capitaliq/Estimates/Detailed Estimated/SPGlobal_GrupoBimbo,S.A.B.deC.V._DetailedEstimates_20-Sep-2026.xlsx",Detailed Estimates,59
2026-09-20,detailed_estimates,OTCQX:GRBM.F ($),Consensus,EPS Normalized,,Currency,FY 2024,FY,2024,,2024-12-31,,,text,USD,text/date,USD,"filings/capitaliq/Estimates/Detailed Estimated/SPGlobal_GrupoBimbo,S.A.B.deC.V._DetailedEstimates_20-Sep-2026.xlsx",Detailed Estimates,59
2026-09-20,detailed_estimates,OTCQX:GRBM.F ($),Consensus,EPS Normalized,,Currency,FQ1 2025,FQ,2025,1,2025-03-31,,,text,USD,text/date,USD,"filings/capitaliq/Estimates/Detailed Estimated/SPGlobal_GrupoBimbo,S.A.B.deC.V._DetailedEstimates_20-Sep-2026.xlsx",Detailed Estimates,59
2026-09-20,detailed_estimates,OTCQX:GRBM.F ($),Consensus,EPS Normalized,,Currency,FQ2 2025,FQ,2025,2,2025-06-30,,,text,USD,text/date,USD,"filings/capitaliq/Estimates/Detailed Estimated/SPGlobal_GrupoBimbo,S.A.B.deC.V._DetailedEstimates_20-Sep-2026.xlsx",Detailed Estimates,59
2026-09-20,detailed_estimates,OTCQX:GRBM.F ($),Consensus,EPS Normalized,,Currency,FQ3 2025,FQ,2025,3,2025-09-30,,,text,USD,text/date,USD,"filings/capitaliq/Estimates/Detailed Estimated/SPGlobal_GrupoBimbo,S.A.B.deC.V._DetailedEstimates_20-Sep-2026.xlsx",Detailed Estimates,59
2026-09-20,detailed_estimates,OTCQX:GRBM.F ($),Consensus,EPS Normalized,,Currency,FQ4 2025,FQ,2025,4,2025-12-31,,,text,USD,text/date,USD,"filings/capitaliq/Estimates/Detailed Estimated/SPGlobal_GrupoBimbo,S.A.B.deC.V._DetailedEstimates_20-Sep-2026.xlsx",Detailed Estimates,59
2026-09-20,detailed_estimates,OTCQX:GRBM.F ($),Consensus,EPS Normalized,,Currency,FY 2025,FY,2025,,2025-12-31,,,text,USD,text/date,USD,"filings/capitaliq/Estimates/Detailed Estimated/SPGlobal_GrupoBimbo,S.A.B.deC.V._DetailedEstimates_20-Sep-2026.xlsx",Detailed Estimates,59
2026-09-20,detailed_estimates,OTCQX:GRBM.F ($),Consensus,EPS Normalized,,Currency,FQ1 2026,FQ,2026,1,2026-03-31,,,text,USD,text/date,USD,"filings/capitaliq/Estimates/Detailed Estimated/SPGlobal_GrupoBimbo,S.A.B.deC.V._DetailedEstimates_20-Sep-2026.xlsx",Detailed Estimates,59
2026-09-20,detailed_estimates,OTCQX:GRBM.F ($),Consensus,EPS Normalized,,Currency,FQ2 2026,FQ,2026,2,2026-06-30,,,text,USD,text/date,USD,"filings/capitaliq/Estimates/Detailed Estimated/SPGlobal_GrupoBimbo,S.A.B.deC.V._DetailedEstimates_20-Sep-2026.xlsx",Detailed Estimates,59
2026-09-20,detailed_estimates,OTCQX:GRBM.F ($),Consensus,EPS Normalized,,Currency,FQ3 2026,FQ,2026,3,2026-09-30,,,text,USD,text/date,USD,"filings/capitaliq/Estimates/Detailed Estimated/SPGlobal_GrupoBimbo,S.A.B.deC.V._DetailedEstimates_20-Sep-2026.xlsx",Detailed Estimates,59
2026-09-20,detailed_estimates,OTCQX:GRBM.F ($),Consensus,EPS Normalized,,Currency,FQ4 2026,FQ,2026,4,2026-12-31,,,text,USD,text/date,USD,"filings/capitaliq/Estimates/Detailed Estimated/SPGlobal_GrupoBimbo,S.A.B.deC.V._DetailedEstimates_20-Sep-2026.xlsx",Detailed Estimates,59
2026-09-20,detailed_estimates,OTCQX:GRBM.F ($),Consensus,EPS Normalized,,Currency,FY 2026,FY,2026,,2026-12-31,,,text,USD,text/date,USD,"filings/capitaliq/Estimates/Detailed Estimated/SPGlobal_GrupoBimbo,S.A.B.deC.V._DetailedEstimates_20-Sep-2026.xlsx",Detailed Estimates,59
2026-09-20,detailed_estimates,OTCQX:GRBM.F ($),Consensus,EPS Normalized,,Currency,FQ1 2027,FQ,2027,1,2027-03-31,,,text,USD,text/date,USD,"filings/capitaliq/Estimates/Detailed Estimated/SPGlobal_GrupoBimbo,S.A.B.deC.V._DetailedEstimates_20-Sep-2026.xlsx",Detailed Estimates,59
2026-09-20,detailed_estimates,OTCQX:GRBM.F ($),Consensus,EPS Normalized,,Currency,FQ2 2027,FQ,2027,2,2027-06-30,,,text,USD,text/date,USD,"filings/capitaliq/Estimates/Detailed Estimated/SPGlobal_GrupoBimbo,S.A.B.deC.V._DetailedEstimates_20-Sep-2026.xlsx",Detailed Estimates,59
2026-09-20,detailed_estimates,OTCQX:GRBM.F ($),Consensus,EPS Normalized,,Currency,FQ3 2027,FQ,2027,3,2027-09-30,,,text,USD,text/date,USD,"filings/capitaliq/Estimates/Detailed Estimated/SPGlobal_GrupoBimbo,S.A.B.deC.V._DetailedEstimates_20-Sep-2026.xlsx",Detailed Estimates,59
2026-09-20,detailed_estimates,OTCQX:GRBM.F ($),Consensus,EPS Normalized,,Currency,FQ4 2027,FQ,2027,4,2027-12-31,,,text,USD,text/date,USD,"filings/capitaliq/Estimates/Detailed Estimated/SPGlobal_GrupoBimbo,S.A.B.deC.V._DetailedEstimates_20-Sep-2026.xlsx",Detailed Estimates,59
2026-09-20,detailed_estimates,OTCQX:GRBM.F ($),Consensus,EPS Normalized,,Currency,FY 2027,FY,2027,,2027-12-31,,,text,USD,text/date,USD,"filings/capitaliq/Estimates/Detailed Estimated/SPGlobal_GrupoBimbo,S.A.B.deC.V._DetailedEstimates_20-Sep-2026.xlsx",Detailed Estimates,59
2026-09-20,detailed_estimates,OTCQX:GRBM.F ($),Consensus,EPS Normalized,,Currency,FY 2028,FY,2028,,2028-12-31,,,text,USD,text/date,USD,"filings/capitaliq/Estimates/Detailed Estimated/SPGlobal_GrupoBimbo,S.A.B.deC.V._DetailedEstimates_20-Sep-2026.xlsx",Detailed Estimates,59
2026-09-20,detailed_estimates,OTCQX:GRBM.F ($),Consensus,EPS Normalized,,Currency,FY 2029,FY,2029,,2029-12-31,,,text,USD,text/date,USD,"filings/capitaliq/Estimates/Detailed Estimated/SPGlobal_GrupoBimbo,S.A.B.deC.V._DetailedEstimates_20-Sep-2026.xlsx",Detailed Estimates,59
2026-09-20,detailed_estimates,OTCQX:GRBM.F ($),Consensus,EPS Normalized,,Currency,FY 2030,FY,2030,,2030-12-31,,,text,USD,text/date,USD,"filings/capitaliq/Estimates/Detailed Estimated/SPGlobal_GrupoBimbo,S.A.B.deC.V._DetailedEstimates_20-Sep-2026.xlsx",Detailed Estimates,59
2026-09-20,detailed_estimates,OTCQX:GRBM.F ($),Consensus,EPS Normalized,,Currency,FY 2031,FY,2031,,2031-12-31,,,text,USD,text/date,USD,"filings/capitaliq/Estimates/Detailed Estimated/SPGlobal_GrupoBimbo,S.A.B.deC.V._DetailedEstimates_20-Sep-2026.xlsx",Detailed Estimates,59
