as_of,dataset,security,section,metric,group,stat,period,period_type,fiscal_year,fiscal_quarter,period_end,value,value_high,flag,raw_value,unit,currency,source_file,sheet,excel_row
2026-09-20,guidance [Revisions by Announced Date],Company,announced 2020-07-27,Revenue,Guidance,Guidance,FY 2020,FY,2020,,2020-12-31,321118600,,,321118600,Mex$000,MXN,"filings/capitaliq/Estimates/Guidance/SPGlobal_GrupoBimbo,S.A.B.deC.V._Guidance_20-Sep-2026 (1).xlsx",Guidance,23
2026-09-20,guidance [Revisions by Announced Date],Company,announced 2020-10-21,Revenue,Guidance,Guidance,FY 2020,FY,2020,,2020-12-31,321118600,,,321118600,Mex$000,MXN,"filings/capitaliq/Estimates/Guidance/SPGlobal_GrupoBimbo,S.A.B.deC.V._Guidance_20-Sep-2026 (1).xlsx",Guidance,23
2026-09-20,guidance [Revisions by Announced Date],Company,announced 2021-02-24,Revenue,Guidance,Guidance,FY 2021,FY,2021,,2021-12-31,331051000,,,331051000,Mex$000,MXN,"filings/capitaliq/Estimates/Guidance/SPGlobal_GrupoBimbo,S.A.B.deC.V._Guidance_20-Sep-2026 (1).xlsx",Guidance,23
2026-09-20,guidance [Revisions by Announced Date],Company,announced 2021-04-28,Revenue,Guidance,Guidance,FY 2021,FY,2021,,2021-12-31,321118600,,,321118600,Mex$000,MXN,"filings/capitaliq/Estimates/Guidance/SPGlobal_GrupoBimbo,S.A.B.deC.V._Guidance_20-Sep-2026 (1).xlsx",Guidance,23
2026-09-20,guidance [Revisions by Announced Date],Company,announced 2021-10-28,Revenue,Guidance,Guidance,FY 2021,FY,2021,,2021-12-31,334361510,340982530,range,"334,361,510.00 - 340,982,530.00",Mex$000,MXN,"filings/capitaliq/Estimates/Guidance/SPGlobal_GrupoBimbo,S.A.B.deC.V._Guidance_20-Sep-2026 (1).xlsx",Guidance,23
2026-09-20,guidance [Revisions by Announced Date],Company,announced 2021-10-28,Revenue,Guidance,Guidance,FY 2022,FY,2022,,2022-12-31,347735970.4,361441481.8,range,"347,735,970.40 - 361,441,481.80",Mex$000,MXN,"filings/capitaliq/Estimates/Guidance/SPGlobal_GrupoBimbo,S.A.B.deC.V._Guidance_20-Sep-2026 (1).xlsx",Guidance,23
2026-09-20,guidance [Revisions by Announced Date],Company,announced 2022-02-22,Revenue,Guidance,Guidance,FY 2022,FY,2022,,2022-12-31,362842480,380286830,range,"362,842,480.00 - 380,286,830.00",Mex$000,MXN,"filings/capitaliq/Estimates/Guidance/SPGlobal_GrupoBimbo,S.A.B.deC.V._Guidance_20-Sep-2026 (1).xlsx",Guidance,23
2026-09-20,guidance [Revisions by Announced Date],Company,announced 2022-04-26,Revenue,Guidance,Guidance,FY 2022,FY,2022,,2022-12-31,383775700,,GL,"383,775,700.00 GL",Mex$000,MXN,"filings/capitaliq/Estimates/Guidance/SPGlobal_GrupoBimbo,S.A.B.deC.V._Guidance_20-Sep-2026 (1).xlsx",Guidance,23
2026-09-20,guidance [Revisions by Announced Date],Company,announced 2022-07-21,Revenue,Guidance,Guidance,FY 2022,FY,2022,,2022-12-31,394242310,408197790,range,"394,242,310.00 - 408,197,790.00",Mex$000,MXN,"filings/capitaliq/Estimates/Guidance/SPGlobal_GrupoBimbo,S.A.B.deC.V._Guidance_20-Sep-2026 (1).xlsx",Guidance,23
2026-09-20,guidance [Revisions by Announced Date],Company,announced 2022-10-27,Revenue,Guidance,Guidance,FY 2022,FY,2022,,2022-12-31,401220050,415175530,range,"401,220,050.00 - 415,175,530.00",Mex$000,MXN,"filings/capitaliq/Estimates/Guidance/SPGlobal_GrupoBimbo,S.A.B.deC.V._Guidance_20-Sep-2026 (1).xlsx",Guidance,23
2026-09-20,guidance [Revisions by Announced Date],Company,announced 2023-02-22,Revenue,Guidance,Guidance,FY 2023,FY,2023,,2023-12-31,414654240,434589540,range,"414,654,240.00 - 434,589,540.00",Mex$000,MXN,"filings/capitaliq/Estimates/Guidance/SPGlobal_GrupoBimbo,S.A.B.deC.V._Guidance_20-Sep-2026 (1).xlsx",Guidance,23
2026-09-20,guidance [Revisions by Announced Date],Company,announced 2023-04-27,Revenue,Guidance,Guidance,FY 2023,FY,2023,,2023-12-31,414654240,434589540,range,"414,654,240.00 - 434,589,540.00",Mex$000,MXN,"filings/capitaliq/Estimates/Guidance/SPGlobal_GrupoBimbo,S.A.B.deC.V._Guidance_20-Sep-2026 (1).xlsx",Guidance,23
2026-09-20,guidance [Revisions by Announced Date],Company,announced 2023-07-25,Revenue,Guidance,Guidance,FY 2023,FY,2023,,2023-12-31,402693060,422628360,range,"402,693,060.00 - 422,628,360.00",Mex$000,MXN,"filings/capitaliq/Estimates/Guidance/SPGlobal_GrupoBimbo,S.A.B.deC.V._Guidance_20-Sep-2026 (1).xlsx",Guidance,23
2026-09-20,guidance [Revisions by Announced Date],Company,announced 2023-10-26,Revenue,Guidance,Guidance,FY 2023,FY,2023,,2023-12-31,402693060,422628360,range,"402,693,060.00 - 422,628,360.00",Mex$000,MXN,"filings/capitaliq/Estimates/Guidance/SPGlobal_GrupoBimbo,S.A.B.deC.V._Guidance_20-Sep-2026 (1).xlsx",Guidance,23
2026-09-20,guidance [Revisions by Announced Date],Company,announced 2024-02-19,Revenue,Guidance,Guidance,FY 2024,FY,2024,,2024-12-31,403877790,423871740,range,"403,877,790.00 - 423,871,740.00",Mex$000,MXN,"filings/capitaliq/Estimates/Guidance/SPGlobal_GrupoBimbo,S.A.B.deC.V._Guidance_20-Sep-2026 (1).xlsx",Guidance,23
2026-09-20,guidance [Revisions by Announced Date],Company,announced 2024-04-22,Revenue,Guidance,Guidance,FY 2024,FY,2024,,2024-12-31,399879000,403877790,range,"399,879,000.00 - 403,877,790.00",Mex$000,MXN,"filings/capitaliq/Estimates/Guidance/SPGlobal_GrupoBimbo,S.A.B.deC.V._Guidance_20-Sep-2026 (1).xlsx",Guidance,23
2026-09-20,guidance [Revisions by Announced Date],Company,announced 2024-07-24,Revenue,Guidance,Guidance,FY 2024,FY,2024,,2024-12-31,399879000,403877790,range,"399,879,000.00 - 403,877,790.00",Mex$000,MXN,"filings/capitaliq/Estimates/Guidance/SPGlobal_GrupoBimbo,S.A.B.deC.V._Guidance_20-Sep-2026 (1).xlsx",Guidance,23
2026-09-20,guidance [Revisions by Announced Date],Company,announced 2024-10-29,Revenue,Guidance,Guidance,FY 2024,FY,2024,,2024-12-31,399879000,403877790,range,"399,879,000.00 - 403,877,790.00",Mex$000,MXN,"filings/capitaliq/Estimates/Guidance/SPGlobal_GrupoBimbo,S.A.B.deC.V._Guidance_20-Sep-2026 (1).xlsx",Guidance,23
2026-09-20,guidance [Revisions by Announced Date],Company,announced 2025-02-27,Revenue,Guidance,Guidance,FY 2025,FY,2025,,2025-12-31,449168500,,GL,"449,168,500.00 GL",Mex$000,MXN,"filings/capitaliq/Estimates/Guidance/SPGlobal_GrupoBimbo,S.A.B.deC.V._Guidance_20-Sep-2026 (1).xlsx",Guidance,23
2026-09-20,guidance [Revisions by Announced Date],Company,announced 2025-04-29,Revenue,Guidance,Guidance,FY 2025,FY,2025,,2025-12-31,436918450,445085150,range,"436,918,450.00 - 445,085,150.00",Mex$000,MXN,"filings/capitaliq/Estimates/Guidance/SPGlobal_GrupoBimbo,S.A.B.deC.V._Guidance_20-Sep-2026 (1).xlsx",Guidance,23
2026-09-20,guidance [Revisions by Announced Date],Company,announced 2025-07-24,Revenue,Guidance,Guidance,FY 2025,FY,2025,,2025-12-31,424668400,432835100,range,"424,668,400.00 - 432,835,100.00",Mex$000,MXN,"filings/capitaliq/Estimates/Guidance/SPGlobal_GrupoBimbo,S.A.B.deC.V._Guidance_20-Sep-2026 (1).xlsx",Guidance,23
2026-09-20,guidance [Revisions by Announced Date],Company,announced 2025-08-12,Revenue,Guidance,Guidance,FY 2025,FY,2025,,2025-12-31,424668400,432835100,range,"424,668,400.00 - 432,835,100.00",Mex$000,MXN,"filings/capitaliq/Estimates/Guidance/SPGlobal_GrupoBimbo,S.A.B.deC.V._Guidance_20-Sep-2026 (1).xlsx",Guidance,23
2026-09-20,guidance [Revisions by Announced Date],Company,announced 2025-10-28,Revenue,Guidance,Guidance,FY 2025,FY,2025,,2025-12-31,424668400,432835100,range,"424,668,400.00 - 432,835,100.00",Mex$000,MXN,"filings/capitaliq/Estimates/Guidance/SPGlobal_GrupoBimbo,S.A.B.deC.V._Guidance_20-Sep-2026 (1).xlsx",Guidance,23
2026-09-20,guidance [Revisions by Announced Date],Company,announced 2026-02-26,Revenue,Guidance,Guidance,FY 2026,FY,2026,,2026-12-31,426952000,,,426952000,Mex$000,MXN,"filings/capitaliq/Estimates/Guidance/SPGlobal_GrupoBimbo,S.A.B.deC.V._Guidance_20-Sep-2026 (1).xlsx",Guidance,23
2026-09-20,guidance [Revisions by Announced Date],Company,announced 2026-04-29,Revenue,Guidance,Guidance,FY 2026,FY,2026,,2026-12-31,414143440,426952000,range,"414,143,440.00 - 426,952,000.00",Mex$000,MXN,"filings/capitaliq/Estimates/Guidance/SPGlobal_GrupoBimbo,S.A.B.deC.V._Guidance_20-Sep-2026 (1).xlsx",Guidance,23
2026-09-20,guidance [Revisions by Announced Date],Company,announced 2026-06-15,Revenue,Guidance,Guidance,FY 2026,FY,2026,,2026-12-31,414143440,426952000,range,"414,143,440.00 - 426,952,000.00",Mex$000,MXN,"filings/capitaliq/Estimates/Guidance/SPGlobal_GrupoBimbo,S.A.B.deC.V._Guidance_20-Sep-2026 (1).xlsx",Guidance,23
2026-09-20,guidance [Revisions by Announced Date],Company,announced 2026-07-23,Revenue,Guidance,Guidance,FY 2026,FY,2026,,2026-12-31,414143440,426952000,range,"414,143,440.00 - 426,952,000.00",Mex$000,MXN,"filings/capitaliq/Estimates/Guidance/SPGlobal_GrupoBimbo,S.A.B.deC.V._Guidance_20-Sep-2026 (1).xlsx",Guidance,23
2026-09-20,guidance [Revisions by Announced Date],Company,announced 2020-07-27,Revenue,As Of Guidance,Guidance Date,FY 2020,FY,2020,,2020-12-31,,,text,7/27/2020,date,MXN,"filings/capitaliq/Estimates/Guidance/SPGlobal_GrupoBimbo,S.A.B.deC.V._Guidance_20-Sep-2026 (1).xlsx",Guidance,25
2026-09-20,guidance [Revisions by Announced Date],Company,announced 2020-10-21,Revenue,As Of Guidance,Guidance Date,FY 2020,FY,2020,,2020-12-31,,,text,10/21/2020,date,MXN,"filings/capitaliq/Estimates/Guidance/SPGlobal_GrupoBimbo,S.A.B.deC.V._Guidance_20-Sep-2026 (1).xlsx",Guidance,25
2026-09-20,guidance [Revisions by Announced Date],Company,announced 2021-02-24,Revenue,As Of Guidance,Guidance Date,FY 2021,FY,2021,,2021-12-31,,,text,2/24/2021,date,MXN,"filings/capitaliq/Estimates/Guidance/SPGlobal_GrupoBimbo,S.A.B.deC.V._Guidance_20-Sep-2026 (1).xlsx",Guidance,25
2026-09-20,guidance [Revisions by Announced Date],Company,announced 2021-04-28,Revenue,As Of Guidance,Guidance Date,FY 2021,FY,2021,,2021-12-31,,,text,4/28/2021,date,MXN,"filings/capitaliq/Estimates/Guidance/SPGlobal_GrupoBimbo,S.A.B.deC.V._Guidance_20-Sep-2026 (1).xlsx",Guidance,25
2026-09-20,guidance [Revisions by Announced Date],Company,announced 2021-10-28,Revenue,As Of Guidance,Guidance Date,FY 2021,FY,2021,,2021-12-31,,,text,10/28/2021,date,MXN,"filings/capitaliq/Estimates/Guidance/SPGlobal_GrupoBimbo,S.A.B.deC.V._Guidance_20-Sep-2026 (1).xlsx",Guidance,25
2026-09-20,guidance [Revisions by Announced Date],Company,announced 2021-10-28,Revenue,As Of Guidance,Guidance Date,FY 2022,FY,2022,,2022-12-31,,,text,10/28/2021,date,MXN,"filings/capitaliq/Estimates/Guidance/SPGlobal_GrupoBimbo,S.A.B.deC.V._Guidance_20-Sep-2026 (1).xlsx",Guidance,25
2026-09-20,guidance [Revisions by Announced Date],Company,announced 2022-02-22,Revenue,As Of Guidance,Guidance Date,FY 2022,FY,2022,,2022-12-31,,,text,2/22/2022,date,MXN,"filings/capitaliq/Estimates/Guidance/SPGlobal_GrupoBimbo,S.A.B.deC.V._Guidance_20-Sep-2026 (1).xlsx",Guidance,25
2026-09-20,guidance [Revisions by Announced Date],Company,announced 2022-04-26,Revenue,As Of Guidance,Guidance Date,FY 2022,FY,2022,,2022-12-31,,,text,4/26/2022,date,MXN,"filings/capitaliq/Estimates/Guidance/SPGlobal_GrupoBimbo,S.A.B.deC.V._Guidance_20-Sep-2026 (1).xlsx",Guidance,25
2026-09-20,guidance [Revisions by Announced Date],Company,announced 2022-07-21,Revenue,As Of Guidance,Guidance Date,FY 2022,FY,2022,,2022-12-31,,,text,7/21/2022,date,MXN,"filings/capitaliq/Estimates/Guidance/SPGlobal_GrupoBimbo,S.A.B.deC.V._Guidance_20-Sep-2026 (1).xlsx",Guidance,25
2026-09-20,guidance [Revisions by Announced Date],Company,announced 2022-10-27,Revenue,As Of Guidance,Guidance Date,FY 2022,FY,2022,,2022-12-31,,,text,10/27/2022,date,MXN,"filings/capitaliq/Estimates/Guidance/SPGlobal_GrupoBimbo,S.A.B.deC.V._Guidance_20-Sep-2026 (1).xlsx",Guidance,25
2026-09-20,guidance [Revisions by Announced Date],Company,announced 2023-02-22,Revenue,As Of Guidance,Guidance Date,FY 2023,FY,2023,,2023-12-31,,,text,2/22/2023,date,MXN,"filings/capitaliq/Estimates/Guidance/SPGlobal_GrupoBimbo,S.A.B.deC.V._Guidance_20-Sep-2026 (1).xlsx",Guidance,25
2026-09-20,guidance [Revisions by Announced Date],Company,announced 2023-04-27,Revenue,As Of Guidance,Guidance Date,FY 2023,FY,2023,,2023-12-31,,,text,4/27/2023,date,MXN,"filings/capitaliq/Estimates/Guidance/SPGlobal_GrupoBimbo,S.A.B.deC.V._Guidance_20-Sep-2026 (1).xlsx",Guidance,25
2026-09-20,guidance [Revisions by Announced Date],Company,announced 2023-07-25,Revenue,As Of Guidance,Guidance Date,FY 2023,FY,2023,,2023-12-31,,,text,7/25/2023,date,MXN,"filings/capitaliq/Estimates/Guidance/SPGlobal_GrupoBimbo,S.A.B.deC.V._Guidance_20-Sep-2026 (1).xlsx",Guidance,25
2026-09-20,guidance [Revisions by Announced Date],Company,announced 2023-10-26,Revenue,As Of Guidance,Guidance Date,FY 2023,FY,2023,,2023-12-31,,,text,10/26/2023,date,MXN,"filings/capitaliq/Estimates/Guidance/SPGlobal_GrupoBimbo,S.A.B.deC.V._Guidance_20-Sep-2026 (1).xlsx",Guidance,25
2026-09-20,guidance [Revisions by Announced Date],Company,announced 2024-02-19,Revenue,As Of Guidance,Guidance Date,FY 2024,FY,2024,,2024-12-31,,,text,2/19/2024,date,MXN,"filings/capitaliq/Estimates/Guidance/SPGlobal_GrupoBimbo,S.A.B.deC.V._Guidance_20-Sep-2026 (1).xlsx",Guidance,25
2026-09-20,guidance [Revisions by Announced Date],Company,announced 2024-04-22,Revenue,As Of Guidance,Guidance Date,FY 2024,FY,2024,,2024-12-31,,,text,4/22/2024,date,MXN,"filings/capitaliq/Estimates/Guidance/SPGlobal_GrupoBimbo,S.A.B.deC.V._Guidance_20-Sep-2026 (1).xlsx",Guidance,25
2026-09-20,guidance [Revisions by Announced Date],Company,announced 2024-07-24,Revenue,As Of Guidance,Guidance Date,FY 2024,FY,2024,,2024-12-31,,,text,7/24/2024,date,MXN,"filings/capitaliq/Estimates/Guidance/SPGlobal_GrupoBimbo,S.A.B.deC.V._Guidance_20-Sep-2026 (1).xlsx",Guidance,25
2026-09-20,guidance [Revisions by Announced Date],Company,announced 2024-10-29,Revenue,As Of Guidance,Guidance Date,FY 2024,FY,2024,,2024-12-31,,,text,10/29/2024,date,MXN,"filings/capitaliq/Estimates/Guidance/SPGlobal_GrupoBimbo,S.A.B.deC.V._Guidance_20-Sep-2026 (1).xlsx",Guidance,25
2026-09-20,guidance [Revisions by Announced Date],Company,announced 2025-02-27,Revenue,As Of Guidance,Guidance Date,FY 2025,FY,2025,,2025-12-31,,,text,2/26/2025,date,MXN,"filings/capitaliq/Estimates/Guidance/SPGlobal_GrupoBimbo,S.A.B.deC.V._Guidance_20-Sep-2026 (1).xlsx",Guidance,25
2026-09-20,guidance [Revisions by Announced Date],Company,announced 2025-04-29,Revenue,As Of Guidance,Guidance Date,FY 2025,FY,2025,,2025-12-31,,,text,4/29/2025,date,MXN,"filings/capitaliq/Estimates/Guidance/SPGlobal_GrupoBimbo,S.A.B.deC.V._Guidance_20-Sep-2026 (1).xlsx",Guidance,25
2026-09-20,guidance [Revisions by Announced Date],Company,announced 2025-07-24,Revenue,As Of Guidance,Guidance Date,FY 2025,FY,2025,,2025-12-31,,,text,7/24/2025,date,MXN,"filings/capitaliq/Estimates/Guidance/SPGlobal_GrupoBimbo,S.A.B.deC.V._Guidance_20-Sep-2026 (1).xlsx",Guidance,25
2026-09-20,guidance [Revisions by Announced Date],Company,announced 2025-08-12,Revenue,As Of Guidance,Guidance Date,FY 2025,FY,2025,,2025-12-31,,,text,8/12/2025,date,MXN,"filings/capitaliq/Estimates/Guidance/SPGlobal_GrupoBimbo,S.A.B.deC.V._Guidance_20-Sep-2026 (1).xlsx",Guidance,25
2026-09-20,guidance [Revisions by Announced Date],Company,announced 2025-10-28,Revenue,As Of Guidance,Guidance Date,FY 2025,FY,2025,,2025-12-31,,,text,10/28/2025,date,MXN,"filings/capitaliq/Estimates/Guidance/SPGlobal_GrupoBimbo,S.A.B.deC.V._Guidance_20-Sep-2026 (1).xlsx",Guidance,25
2026-09-20,guidance [Revisions by Announced Date],Company,announced 2026-02-26,Revenue,As Of Guidance,Guidance Date,FY 2026,FY,2026,,2026-12-31,,,text,2/26/2026,date,MXN,"filings/capitaliq/Estimates/Guidance/SPGlobal_GrupoBimbo,S.A.B.deC.V._Guidance_20-Sep-2026 (1).xlsx",Guidance,25
2026-09-20,guidance [Revisions by Announced Date],Company,announced 2026-04-29,Revenue,As Of Guidance,Guidance Date,FY 2026,FY,2026,,2026-12-31,,,text,4/29/2026,date,MXN,"filings/capitaliq/Estimates/Guidance/SPGlobal_GrupoBimbo,S.A.B.deC.V._Guidance_20-Sep-2026 (1).xlsx",Guidance,25
2026-09-20,guidance [Revisions by Announced Date],Company,announced 2026-06-15,Revenue,As Of Guidance,Guidance Date,FY 2026,FY,2026,,2026-12-31,,,text,6/15/2026,date,MXN,"filings/capitaliq/Estimates/Guidance/SPGlobal_GrupoBimbo,S.A.B.deC.V._Guidance_20-Sep-2026 (1).xlsx",Guidance,25
2026-09-20,guidance [Revisions by Announced Date],Company,announced 2026-07-23,Revenue,As Of Guidance,Guidance Date,FY 2026,FY,2026,,2026-12-31,,,text,7/23/2026,date,MXN,"filings/capitaliq/Estimates/Guidance/SPGlobal_GrupoBimbo,S.A.B.deC.V._Guidance_20-Sep-2026 (1).xlsx",Guidance,25
2026-09-20,guidance [Revisions by Announced Date],Company,announced 2020-07-27,Revenue,As Of Guidance,Consensus Estimate,FY 2020,FY,2020,,2020-12-31,323597916.86,,,323597916.86,Mex$000,MXN,"filings/capitaliq/Estimates/Guidance/SPGlobal_GrupoBimbo,S.A.B.deC.V._Guidance_20-Sep-2026 (1).xlsx",Guidance,26
2026-09-20,guidance [Revisions by Announced Date],Company,announced 2020-10-21,Revenue,As Of Guidance,Consensus Estimate,FY 2020,FY,2020,,2020-12-31,329074497.63,,,329074497.63,Mex$000,MXN,"filings/capitaliq/Estimates/Guidance/SPGlobal_GrupoBimbo,S.A.B.deC.V._Guidance_20-Sep-2026 (1).xlsx",Guidance,26
2026-09-20,guidance [Revisions by Announced Date],Company,announced 2021-02-24,Revenue,As Of Guidance,Consensus Estimate,FY 2021,FY,2021,,2021-12-31,325104969.86,,,325104969.86,Mex$000,MXN,"filings/capitaliq/Estimates/Guidance/SPGlobal_GrupoBimbo,S.A.B.deC.V._Guidance_20-Sep-2026 (1).xlsx",Guidance,26
2026-09-20,guidance [Revisions by Announced Date],Company,announced 2021-04-28,Revenue,As Of Guidance,Consensus Estimate,FY 2021,FY,2021,,2021-12-31,323520363.68,,,323520363.68,Mex$000,MXN,"filings/capitaliq/Estimates/Guidance/SPGlobal_GrupoBimbo,S.A.B.deC.V._Guidance_20-Sep-2026 (1).xlsx",Guidance,26
2026-09-20,guidance [Revisions by Announced Date],Company,announced 2021-10-28,Revenue,As Of Guidance,Consensus Estimate,FY 2021,FY,2021,,2021-12-31,336590786.71,,,336590786.71,Mex$000,MXN,"filings/capitaliq/Estimates/Guidance/SPGlobal_GrupoBimbo,S.A.B.deC.V._Guidance_20-Sep-2026 (1).xlsx",Guidance,26
2026-09-20,guidance [Revisions by Announced Date],Company,announced 2021-10-28,Revenue,As Of Guidance,Consensus Estimate,FY 2022,FY,2022,,2022-12-31,351190404.32,,,351190404.32,Mex$000,MXN,"filings/capitaliq/Estimates/Guidance/SPGlobal_GrupoBimbo,S.A.B.deC.V._Guidance_20-Sep-2026 (1).xlsx",Guidance,26
2026-09-20,guidance [Revisions by Announced Date],Company,announced 2022-02-22,Revenue,As Of Guidance,Consensus Estimate,FY 2022,FY,2022,,2022-12-31,361461806.56,,,361461806.56,Mex$000,MXN,"filings/capitaliq/Estimates/Guidance/SPGlobal_GrupoBimbo,S.A.B.deC.V._Guidance_20-Sep-2026 (1).xlsx",Guidance,26
2026-09-20,guidance [Revisions by Announced Date],Company,announced 2022-04-26,Revenue,As Of Guidance,Consensus Estimate,FY 2022,FY,2022,,2022-12-31,376583419.74,,,376583419.74,Mex$000,MXN,"filings/capitaliq/Estimates/Guidance/SPGlobal_GrupoBimbo,S.A.B.deC.V._Guidance_20-Sep-2026 (1).xlsx",Guidance,26
2026-09-20,guidance [Revisions by Announced Date],Company,announced 2022-07-21,Revenue,As Of Guidance,Consensus Estimate,FY 2022,FY,2022,,2022-12-31,386589001.07,,,386589001.07,Mex$000,MXN,"filings/capitaliq/Estimates/Guidance/SPGlobal_GrupoBimbo,S.A.B.deC.V._Guidance_20-Sep-2026 (1).xlsx",Guidance,26
2026-09-20,guidance [Revisions by Announced Date],Company,announced 2022-10-27,Revenue,As Of Guidance,Consensus Estimate,FY 2022,FY,2022,,2022-12-31,394389388.87,,,394389388.87,Mex$000,MXN,"filings/capitaliq/Estimates/Guidance/SPGlobal_GrupoBimbo,S.A.B.deC.V._Guidance_20-Sep-2026 (1).xlsx",Guidance,26
2026-09-20,guidance [Revisions by Announced Date],Company,announced 2023-02-22,Revenue,As Of Guidance,Consensus Estimate,FY 2023,FY,2023,,2023-12-31,427058276.67,,,427058276.67,Mex$000,MXN,"filings/capitaliq/Estimates/Guidance/SPGlobal_GrupoBimbo,S.A.B.deC.V._Guidance_20-Sep-2026 (1).xlsx",Guidance,26
2026-09-20,guidance [Revisions by Announced Date],Company,announced 2023-04-27,Revenue,As Of Guidance,Consensus Estimate,FY 2023,FY,2023,,2023-12-31,426836924.76,,,426836924.76,Mex$000,MXN,"filings/capitaliq/Estimates/Guidance/SPGlobal_GrupoBimbo,S.A.B.deC.V._Guidance_20-Sep-2026 (1).xlsx",Guidance,26
2026-09-20,guidance [Revisions by Announced Date],Company,announced 2023-07-25,Revenue,As Of Guidance,Consensus Estimate,FY 2023,FY,2023,,2023-12-31,421177555.02,,,421177555.02,Mex$000,MXN,"filings/capitaliq/Estimates/Guidance/SPGlobal_GrupoBimbo,S.A.B.deC.V._Guidance_20-Sep-2026 (1).xlsx",Guidance,26
2026-09-20,guidance [Revisions by Announced Date],Company,announced 2023-10-26,Revenue,As Of Guidance,Consensus Estimate,FY 2023,FY,2023,,2023-12-31,415640822.4,,,415640822.4,Mex$000,MXN,"filings/capitaliq/Estimates/Guidance/SPGlobal_GrupoBimbo,S.A.B.deC.V._Guidance_20-Sep-2026 (1).xlsx",Guidance,26
2026-09-20,guidance [Revisions by Announced Date],Company,announced 2024-02-19,Revenue,As Of Guidance,Consensus Estimate,FY 2024,FY,2024,,2024-12-31,427973803.06,,,427973803.06,Mex$000,MXN,"filings/capitaliq/Estimates/Guidance/SPGlobal_GrupoBimbo,S.A.B.deC.V._Guidance_20-Sep-2026 (1).xlsx",Guidance,26
2026-09-20,guidance [Revisions by Announced Date],Company,announced 2024-04-22,Revenue,As Of Guidance,Consensus Estimate,FY 2024,FY,2024,,2024-12-31,417690275.18,,,417690275.18,Mex$000,MXN,"filings/capitaliq/Estimates/Guidance/SPGlobal_GrupoBimbo,S.A.B.deC.V._Guidance_20-Sep-2026 (1).xlsx",Guidance,26
2026-09-20,guidance [Revisions by Announced Date],Company,announced 2024-07-24,Revenue,As Of Guidance,Consensus Estimate,FY 2024,FY,2024,,2024-12-31,407063586.27,,,407063586.27,Mex$000,MXN,"filings/capitaliq/Estimates/Guidance/SPGlobal_GrupoBimbo,S.A.B.deC.V._Guidance_20-Sep-2026 (1).xlsx",Guidance,26
2026-09-20,guidance [Revisions by Announced Date],Company,announced 2024-10-29,Revenue,As Of Guidance,Consensus Estimate,FY 2024,FY,2024,,2024-12-31,409647453,,,409647453,Mex$000,MXN,"filings/capitaliq/Estimates/Guidance/SPGlobal_GrupoBimbo,S.A.B.deC.V._Guidance_20-Sep-2026 (1).xlsx",Guidance,26
2026-09-20,guidance [Revisions by Announced Date],Company,announced 2025-02-27,Revenue,As Of Guidance,Consensus Estimate,FY 2025,FY,2025,,2025-12-31,439552957.55,,,439552957.55,Mex$000,MXN,"filings/capitaliq/Estimates/Guidance/SPGlobal_GrupoBimbo,S.A.B.deC.V._Guidance_20-Sep-2026 (1).xlsx",Guidance,26
2026-09-20,guidance [Revisions by Announced Date],Company,announced 2025-04-29,Revenue,As Of Guidance,Consensus Estimate,FY 2025,FY,2025,,2025-12-31,443160335.02,,,443160335.02,Mex$000,MXN,"filings/capitaliq/Estimates/Guidance/SPGlobal_GrupoBimbo,S.A.B.deC.V._Guidance_20-Sep-2026 (1).xlsx",Guidance,26
2026-09-20,guidance [Revisions by Announced Date],Company,announced 2025-07-24,Revenue,As Of Guidance,Consensus Estimate,FY 2025,FY,2025,,2025-12-31,435365194.42,,,435365194.42,Mex$000,MXN,"filings/capitaliq/Estimates/Guidance/SPGlobal_GrupoBimbo,S.A.B.deC.V._Guidance_20-Sep-2026 (1).xlsx",Guidance,26
2026-09-20,guidance [Revisions by Announced Date],Company,announced 2025-08-12,Revenue,As Of Guidance,Consensus Estimate,FY 2025,FY,2025,,2025-12-31,432851929.03,,,432851929.03,Mex$000,MXN,"filings/capitaliq/Estimates/Guidance/SPGlobal_GrupoBimbo,S.A.B.deC.V._Guidance_20-Sep-2026 (1).xlsx",Guidance,26
2026-09-20,guidance [Revisions by Announced Date],Company,announced 2025-10-28,Revenue,As Of Guidance,Consensus Estimate,FY 2025,FY,2025,,2025-12-31,430243954.67,,,430243954.67,Mex$000,MXN,"filings/capitaliq/Estimates/Guidance/SPGlobal_GrupoBimbo,S.A.B.deC.V._Guidance_20-Sep-2026 (1).xlsx",Guidance,26
2026-09-20,guidance [Revisions by Announced Date],Company,announced 2026-02-26,Revenue,As Of Guidance,Consensus Estimate,FY 2026,FY,2026,,2026-12-31,444508000,,,444508000,Mex$000,MXN,"filings/capitaliq/Estimates/Guidance/SPGlobal_GrupoBimbo,S.A.B.deC.V._Guidance_20-Sep-2026 (1).xlsx",Guidance,26
2026-09-20,guidance [Revisions by Announced Date],Company,announced 2026-04-29,Revenue,As Of Guidance,Consensus Estimate,FY 2026,FY,2026,,2026-12-31,428047991.4,,,428047991.4,Mex$000,MXN,"filings/capitaliq/Estimates/Guidance/SPGlobal_GrupoBimbo,S.A.B.deC.V._Guidance_20-Sep-2026 (1).xlsx",Guidance,26
2026-09-20,guidance [Revisions by Announced Date],Company,announced 2026-06-15,Revenue,As Of Guidance,Consensus Estimate,FY 2026,FY,2026,,2026-12-31,426444821.16,,,426444821.16,Mex$000,MXN,"filings/capitaliq/Estimates/Guidance/SPGlobal_GrupoBimbo,S.A.B.deC.V._Guidance_20-Sep-2026 (1).xlsx",Guidance,26
2026-09-20,guidance [Revisions by Announced Date],Company,announced 2026-07-23,Revenue,As Of Guidance,Consensus Estimate,FY 2026,FY,2026,,2026-12-31,425625085.82,,,425625085.82,Mex$000,MXN,"filings/capitaliq/Estimates/Guidance/SPGlobal_GrupoBimbo,S.A.B.deC.V._Guidance_20-Sep-2026 (1).xlsx",Guidance,26
2026-09-20,guidance [Revisions by Announced Date],Company,announced 2020-07-27,Revenue,As Of Guidance,% Difference,FY 2020,FY,2020,,2020-12-31,-0.77,,,-0.77,%,MXN,"filings/capitaliq/Estimates/Guidance/SPGlobal_GrupoBimbo,S.A.B.deC.V._Guidance_20-Sep-2026 (1).xlsx",Guidance,27
2026-09-20,guidance [Revisions by Announced Date],Company,announced 2020-10-21,Revenue,As Of Guidance,% Difference,FY 2020,FY,2020,,2020-12-31,-2.42,,,-2.42,%,MXN,"filings/capitaliq/Estimates/Guidance/SPGlobal_GrupoBimbo,S.A.B.deC.V._Guidance_20-Sep-2026 (1).xlsx",Guidance,27
2026-09-20,guidance [Revisions by Announced Date],Company,announced 2021-02-24,Revenue,As Of Guidance,% Difference,FY 2021,FY,2021,,2021-12-31,1.83,,,1.83,%,MXN,"filings/capitaliq/Estimates/Guidance/SPGlobal_GrupoBimbo,S.A.B.deC.V._Guidance_20-Sep-2026 (1).xlsx",Guidance,27
2026-09-20,guidance [Revisions by Announced Date],Company,announced 2021-04-28,Revenue,As Of Guidance,% Difference,FY 2021,FY,2021,,2021-12-31,-0.74,,,-0.74,%,MXN,"filings/capitaliq/Estimates/Guidance/SPGlobal_GrupoBimbo,S.A.B.deC.V._Guidance_20-Sep-2026 (1).xlsx",Guidance,27
2026-09-20,guidance [Revisions by Announced Date],Company,announced 2021-10-28,Revenue,As Of Guidance,% Difference,FY 2021,FY,2021,,2021-12-31,0,,,0,%,MXN,"filings/capitaliq/Estimates/Guidance/SPGlobal_GrupoBimbo,S.A.B.deC.V._Guidance_20-Sep-2026 (1).xlsx",Guidance,27
2026-09-20,guidance [Revisions by Announced Date],Company,announced 2021-10-28,Revenue,As Of Guidance,% Difference,FY 2022,FY,2022,,2022-12-31,0,,,0,%,MXN,"filings/capitaliq/Estimates/Guidance/SPGlobal_GrupoBimbo,S.A.B.deC.V._Guidance_20-Sep-2026 (1).xlsx",Guidance,27
2026-09-20,guidance [Revisions by Announced Date],Company,announced 2022-02-22,Revenue,As Of Guidance,% Difference,FY 2022,FY,2022,,2022-12-31,0.38,,,0.38,%,MXN,"filings/capitaliq/Estimates/Guidance/SPGlobal_GrupoBimbo,S.A.B.deC.V._Guidance_20-Sep-2026 (1).xlsx",Guidance,27
2026-09-20,guidance [Revisions by Announced Date],Company,announced 2022-04-26,Revenue,As Of Guidance,% Difference,FY 2022,FY,2022,,2022-12-31,1.91,,,1.91,%,MXN,"filings/capitaliq/Estimates/Guidance/SPGlobal_GrupoBimbo,S.A.B.deC.V._Guidance_20-Sep-2026 (1).xlsx",Guidance,27
2026-09-20,guidance [Revisions by Announced Date],Company,announced 2022-07-21,Revenue,As Of Guidance,% Difference,FY 2022,FY,2022,,2022-12-31,1.98,,,1.98,%,MXN,"filings/capitaliq/Estimates/Guidance/SPGlobal_GrupoBimbo,S.A.B.deC.V._Guidance_20-Sep-2026 (1).xlsx",Guidance,27
2026-09-20,guidance [Revisions by Announced Date],Company,announced 2022-10-27,Revenue,As Of Guidance,% Difference,FY 2022,FY,2022,,2022-12-31,1.73,,,1.73,%,MXN,"filings/capitaliq/Estimates/Guidance/SPGlobal_GrupoBimbo,S.A.B.deC.V._Guidance_20-Sep-2026 (1).xlsx",Guidance,27
2026-09-20,guidance [Revisions by Announced Date],Company,announced 2023-02-22,Revenue,As Of Guidance,% Difference,FY 2023,FY,2023,,2023-12-31,0,,,0,%,MXN,"filings/capitaliq/Estimates/Guidance/SPGlobal_GrupoBimbo,S.A.B.deC.V._Guidance_20-Sep-2026 (1).xlsx",Guidance,27
2026-09-20,guidance [Revisions by Announced Date],Company,announced 2023-04-27,Revenue,As Of Guidance,% Difference,FY 2023,FY,2023,,2023-12-31,0,,,0,%,MXN,"filings/capitaliq/Estimates/Guidance/SPGlobal_GrupoBimbo,S.A.B.deC.V._Guidance_20-Sep-2026 (1).xlsx",Guidance,27
2026-09-20,guidance [Revisions by Announced Date],Company,announced 2023-07-25,Revenue,As Of Guidance,% Difference,FY 2023,FY,2023,,2023-12-31,0,,,0,%,MXN,"filings/capitaliq/Estimates/Guidance/SPGlobal_GrupoBimbo,S.A.B.deC.V._Guidance_20-Sep-2026 (1).xlsx",Guidance,27
2026-09-20,guidance [Revisions by Announced Date],Company,announced 2023-10-26,Revenue,As Of Guidance,% Difference,FY 2023,FY,2023,,2023-12-31,0,,,0,%,MXN,"filings/capitaliq/Estimates/Guidance/SPGlobal_GrupoBimbo,S.A.B.deC.V._Guidance_20-Sep-2026 (1).xlsx",Guidance,27
2026-09-20,guidance [Revisions by Announced Date],Company,announced 2024-02-19,Revenue,As Of Guidance,% Difference,FY 2024,FY,2024,,2024-12-31,-0.96,,,-0.96,%,MXN,"filings/capitaliq/Estimates/Guidance/SPGlobal_GrupoBimbo,S.A.B.deC.V._Guidance_20-Sep-2026 (1).xlsx",Guidance,27
2026-09-20,guidance [Revisions by Announced Date],Company,announced 2024-04-22,Revenue,As Of Guidance,% Difference,FY 2024,FY,2024,,2024-12-31,-3.31,,,-3.31,%,MXN,"filings/capitaliq/Estimates/Guidance/SPGlobal_GrupoBimbo,S.A.B.deC.V._Guidance_20-Sep-2026 (1).xlsx",Guidance,27
2026-09-20,guidance [Revisions by Announced Date],Company,announced 2024-07-24,Revenue,As Of Guidance,% Difference,FY 2024,FY,2024,,2024-12-31,-0.78,,,-0.78,%,MXN,"filings/capitaliq/Estimates/Guidance/SPGlobal_GrupoBimbo,S.A.B.deC.V._Guidance_20-Sep-2026 (1).xlsx",Guidance,27
2026-09-20,guidance [Revisions by Announced Date],Company,announced 2024-10-29,Revenue,As Of Guidance,% Difference,FY 2024,FY,2024,,2024-12-31,-1.41,,,-1.41,%,MXN,"filings/capitaliq/Estimates/Guidance/SPGlobal_GrupoBimbo,S.A.B.deC.V._Guidance_20-Sep-2026 (1).xlsx",Guidance,27
2026-09-20,guidance [Revisions by Announced Date],Company,announced 2025-02-27,Revenue,As Of Guidance,% Difference,FY 2025,FY,2025,,2025-12-31,2.19,,,2.19,%,MXN,"filings/capitaliq/Estimates/Guidance/SPGlobal_GrupoBimbo,S.A.B.deC.V._Guidance_20-Sep-2026 (1).xlsx",Guidance,27
2026-09-20,guidance [Revisions by Announced Date],Company,announced 2025-04-29,Revenue,As Of Guidance,% Difference,FY 2025,FY,2025,,2025-12-31,0,,,0,%,MXN,"filings/capitaliq/Estimates/Guidance/SPGlobal_GrupoBimbo,S.A.B.deC.V._Guidance_20-Sep-2026 (1).xlsx",Guidance,27
2026-09-20,guidance [Revisions by Announced Date],Company,announced 2025-07-24,Revenue,As Of Guidance,% Difference,FY 2025,FY,2025,,2025-12-31,-0.58,,,-0.58,%,MXN,"filings/capitaliq/Estimates/Guidance/SPGlobal_GrupoBimbo,S.A.B.deC.V._Guidance_20-Sep-2026 (1).xlsx",Guidance,27
2026-09-20,guidance [Revisions by Announced Date],Company,announced 2025-08-12,Revenue,As Of Guidance,% Difference,FY 2025,FY,2025,,2025-12-31,0,,,0,%,MXN,"filings/capitaliq/Estimates/Guidance/SPGlobal_GrupoBimbo,S.A.B.deC.V._Guidance_20-Sep-2026 (1).xlsx",Guidance,27
2026-09-20,guidance [Revisions by Announced Date],Company,announced 2025-10-28,Revenue,As Of Guidance,% Difference,FY 2025,FY,2025,,2025-12-31,0,,,0,%,MXN,"filings/capitaliq/Estimates/Guidance/SPGlobal_GrupoBimbo,S.A.B.deC.V._Guidance_20-Sep-2026 (1).xlsx",Guidance,27
2026-09-20,guidance [Revisions by Announced Date],Company,announced 2026-02-26,Revenue,As Of Guidance,% Difference,FY 2026,FY,2026,,2026-12-31,-3.95,,,-3.95,%,MXN,"filings/capitaliq/Estimates/Guidance/SPGlobal_GrupoBimbo,S.A.B.deC.V._Guidance_20-Sep-2026 (1).xlsx",Guidance,27
2026-09-20,guidance [Revisions by Announced Date],Company,announced 2026-04-29,Revenue,As Of Guidance,% Difference,FY 2026,FY,2026,,2026-12-31,-0.26,,,-0.26,%,MXN,"filings/capitaliq/Estimates/Guidance/SPGlobal_GrupoBimbo,S.A.B.deC.V._Guidance_20-Sep-2026 (1).xlsx",Guidance,27
2026-09-20,guidance [Revisions by Announced Date],Company,announced 2026-06-15,Revenue,As Of Guidance,% Difference,FY 2026,FY,2026,,2026-12-31,0,,,0,%,MXN,"filings/capitaliq/Estimates/Guidance/SPGlobal_GrupoBimbo,S.A.B.deC.V._Guidance_20-Sep-2026 (1).xlsx",Guidance,27
2026-09-20,guidance [Revisions by Announced Date],Company,announced 2026-07-23,Revenue,As Of Guidance,% Difference,FY 2026,FY,2026,,2026-12-31,0,,,0,%,MXN,"filings/capitaliq/Estimates/Guidance/SPGlobal_GrupoBimbo,S.A.B.deC.V._Guidance_20-Sep-2026 (1).xlsx",Guidance,27
2026-09-20,guidance [Revisions by Announced Date],Company,announced 2020-07-27,Revenue,As Of Guidance,Days before actual,FY 2020,FY,2020,,2020-12-31,212,,,212,days,MXN,"filings/capitaliq/Estimates/Guidance/SPGlobal_GrupoBimbo,S.A.B.deC.V._Guidance_20-Sep-2026 (1).xlsx",Guidance,28
2026-09-20,guidance [Revisions by Announced Date],Company,announced 2020-10-21,Revenue,As Of Guidance,Days before actual,FY 2020,FY,2020,,2020-12-31,126,,,126,days,MXN,"filings/capitaliq/Estimates/Guidance/SPGlobal_GrupoBimbo,S.A.B.deC.V._Guidance_20-Sep-2026 (1).xlsx",Guidance,28
2026-09-20,guidance [Revisions by Announced Date],Company,announced 2021-02-24,Revenue,As Of Guidance,Days before actual,FY 2021,FY,2021,,2021-12-31,364,,,364,days,MXN,"filings/capitaliq/Estimates/Guidance/SPGlobal_GrupoBimbo,S.A.B.deC.V._Guidance_20-Sep-2026 (1).xlsx",Guidance,28
2026-09-20,guidance [Revisions by Announced Date],Company,announced 2021-04-28,Revenue,As Of Guidance,Days before actual,FY 2021,FY,2021,,2021-12-31,301,,,301,days,MXN,"filings/capitaliq/Estimates/Guidance/SPGlobal_GrupoBimbo,S.A.B.deC.V._Guidance_20-Sep-2026 (1).xlsx",Guidance,28
2026-09-20,guidance [Revisions by Announced Date],Company,announced 2021-10-28,Revenue,As Of Guidance,Days before actual,FY 2021,FY,2021,,2021-12-31,118,,,118,days,MXN,"filings/capitaliq/Estimates/Guidance/SPGlobal_GrupoBimbo,S.A.B.deC.V._Guidance_20-Sep-2026 (1).xlsx",Guidance,28
2026-09-20,guidance [Revisions by Announced Date],Company,announced 2021-10-28,Revenue,As Of Guidance,Days before actual,FY 2022,FY,2022,,2022-12-31,482,,,482,days,MXN,"filings/capitaliq/Estimates/Guidance/SPGlobal_GrupoBimbo,S.A.B.deC.V._Guidance_20-Sep-2026 (1).xlsx",Guidance,28
2026-09-20,guidance [Revisions by Announced Date],Company,announced 2022-02-22,Revenue,As Of Guidance,Days before actual,FY 2022,FY,2022,,2022-12-31,365,,,365,days,MXN,"filings/capitaliq/Estimates/Guidance/SPGlobal_GrupoBimbo,S.A.B.deC.V._Guidance_20-Sep-2026 (1).xlsx",Guidance,28
2026-09-20,guidance [Revisions by Announced Date],Company,announced 2022-04-26,Revenue,As Of Guidance,Days before actual,FY 2022,FY,2022,,2022-12-31,302,,,302,days,MXN,"filings/capitaliq/Estimates/Guidance/SPGlobal_GrupoBimbo,S.A.B.deC.V._Guidance_20-Sep-2026 (1).xlsx",Guidance,28
2026-09-20,guidance [Revisions by Announced Date],Company,announced 2022-07-21,Revenue,As Of Guidance,Days before actual,FY 2022,FY,2022,,2022-12-31,216,,,216,days,MXN,"filings/capitaliq/Estimates/Guidance/SPGlobal_GrupoBimbo,S.A.B.deC.V._Guidance_20-Sep-2026 (1).xlsx",Guidance,28
2026-09-20,guidance [Revisions by Announced Date],Company,announced 2022-10-27,Revenue,As Of Guidance,Days before actual,FY 2022,FY,2022,,2022-12-31,118,,,118,days,MXN,"filings/capitaliq/Estimates/Guidance/SPGlobal_GrupoBimbo,S.A.B.deC.V._Guidance_20-Sep-2026 (1).xlsx",Guidance,28
2026-09-20,guidance [Revisions by Announced Date],Company,announced 2023-02-22,Revenue,As Of Guidance,Days before actual,FY 2023,FY,2023,,2023-12-31,362,,,362,days,MXN,"filings/capitaliq/Estimates/Guidance/SPGlobal_GrupoBimbo,S.A.B.deC.V._Guidance_20-Sep-2026 (1).xlsx",Guidance,28
2026-09-20,guidance [Revisions by Announced Date],Company,announced 2023-04-27,Revenue,As Of Guidance,Days before actual,FY 2023,FY,2023,,2023-12-31,298,,,298,days,MXN,"filings/capitaliq/Estimates/Guidance/SPGlobal_GrupoBimbo,S.A.B.deC.V._Guidance_20-Sep-2026 (1).xlsx",Guidance,28
2026-09-20,guidance [Revisions by Announced Date],Company,announced 2023-07-25,Revenue,As Of Guidance,Days before actual,FY 2023,FY,2023,,2023-12-31,209,,,209,days,MXN,"filings/capitaliq/Estimates/Guidance/SPGlobal_GrupoBimbo,S.A.B.deC.V._Guidance_20-Sep-2026 (1).xlsx",Guidance,28
2026-09-20,guidance [Revisions by Announced Date],Company,announced 2023-10-26,Revenue,As Of Guidance,Days before actual,FY 2023,FY,2023,,2023-12-31,116,,,116,days,MXN,"filings/capitaliq/Estimates/Guidance/SPGlobal_GrupoBimbo,S.A.B.deC.V._Guidance_20-Sep-2026 (1).xlsx",Guidance,28
2026-09-20,guidance [Revisions by Announced Date],Company,announced 2024-02-19,Revenue,As Of Guidance,Days before actual,FY 2024,FY,2024,,2024-12-31,374,,,374,days,MXN,"filings/capitaliq/Estimates/Guidance/SPGlobal_GrupoBimbo,S.A.B.deC.V._Guidance_20-Sep-2026 (1).xlsx",Guidance,28
2026-09-20,guidance [Revisions by Announced Date],Company,announced 2024-04-22,Revenue,As Of Guidance,Days before actual,FY 2024,FY,2024,,2024-12-31,311,,,311,days,MXN,"filings/capitaliq/Estimates/Guidance/SPGlobal_GrupoBimbo,S.A.B.deC.V._Guidance_20-Sep-2026 (1).xlsx",Guidance,28
2026-09-20,guidance [Revisions by Announced Date],Company,announced 2024-07-24,Revenue,As Of Guidance,Days before actual,FY 2024,FY,2024,,2024-12-31,218,,,218,days,MXN,"filings/capitaliq/Estimates/Guidance/SPGlobal_GrupoBimbo,S.A.B.deC.V._Guidance_20-Sep-2026 (1).xlsx",Guidance,28
2026-09-20,guidance [Revisions by Announced Date],Company,announced 2024-10-29,Revenue,As Of Guidance,Days before actual,FY 2024,FY,2024,,2024-12-31,121,,,121,days,MXN,"filings/capitaliq/Estimates/Guidance/SPGlobal_GrupoBimbo,S.A.B.deC.V._Guidance_20-Sep-2026 (1).xlsx",Guidance,28
2026-09-20,guidance [Revisions by Announced Date],Company,announced 2025-02-27,Revenue,As Of Guidance,Days before actual,FY 2025,FY,2025,,2025-12-31,363,,,363,days,MXN,"filings/capitaliq/Estimates/Guidance/SPGlobal_GrupoBimbo,S.A.B.deC.V._Guidance_20-Sep-2026 (1).xlsx",Guidance,28
2026-09-20,guidance [Revisions by Announced Date],Company,announced 2025-04-29,Revenue,As Of Guidance,Days before actual,FY 2025,FY,2025,,2025-12-31,302,,,302,days,MXN,"filings/capitaliq/Estimates/Guidance/SPGlobal_GrupoBimbo,S.A.B.deC.V._Guidance_20-Sep-2026 (1).xlsx",Guidance,28
2026-09-20,guidance [Revisions by Announced Date],Company,announced 2025-07-24,Revenue,As Of Guidance,Days before actual,FY 2025,FY,2025,,2025-12-31,216,,,216,days,MXN,"filings/capitaliq/Estimates/Guidance/SPGlobal_GrupoBimbo,S.A.B.deC.V._Guidance_20-Sep-2026 (1).xlsx",Guidance,28
2026-09-20,guidance [Revisions by Announced Date],Company,announced 2025-08-12,Revenue,As Of Guidance,Days before actual,FY 2025,FY,2025,,2025-12-31,197,,,197,days,MXN,"filings/capitaliq/Estimates/Guidance/SPGlobal_GrupoBimbo,S.A.B.deC.V._Guidance_20-Sep-2026 (1).xlsx",Guidance,28
2026-09-20,guidance [Revisions by Announced Date],Company,announced 2025-10-28,Revenue,As Of Guidance,Days before actual,FY 2025,FY,2025,,2025-12-31,120,,,120,days,MXN,"filings/capitaliq/Estimates/Guidance/SPGlobal_GrupoBimbo,S.A.B.deC.V._Guidance_20-Sep-2026 (1).xlsx",Guidance,28
2026-09-20,guidance [Revisions by Announced Date],Company,announced 2026-02-26,Revenue,As Of Guidance,Days before actual,FY 2026,FY,2026,,2026-12-31,189,,,189,days,MXN,"filings/capitaliq/Estimates/Guidance/SPGlobal_GrupoBimbo,S.A.B.deC.V._Guidance_20-Sep-2026 (1).xlsx",Guidance,28
2026-09-20,guidance [Revisions by Announced Date],Company,announced 2026-04-29,Revenue,As Of Guidance,Days before actual,FY 2026,FY,2026,,2026-12-31,127,,,127,days,MXN,"filings/capitaliq/Estimates/Guidance/SPGlobal_GrupoBimbo,S.A.B.deC.V._Guidance_20-Sep-2026 (1).xlsx",Guidance,28
2026-09-20,guidance [Revisions by Announced Date],Company,announced 2026-06-15,Revenue,As Of Guidance,Days before actual,FY 2026,FY,2026,,2026-12-31,80,,,80,days,MXN,"filings/capitaliq/Estimates/Guidance/SPGlobal_GrupoBimbo,S.A.B.deC.V._Guidance_20-Sep-2026 (1).xlsx",Guidance,28
2026-09-20,guidance [Revisions by Announced Date],Company,announced 2026-07-23,Revenue,As Of Guidance,Days before actual,FY 2026,FY,2026,,2026-12-31,42,,,42,days,MXN,"filings/capitaliq/Estimates/Guidance/SPGlobal_GrupoBimbo,S.A.B.deC.V._Guidance_20-Sep-2026 (1).xlsx",Guidance,28
2026-09-20,guidance [Revisions by Announced Date],Company,announced 2020-07-27,Revenue,Actual/Latest,Actual/Latest Date,FY 2020,FY,2020,,2020-12-31,,,text,2/24/2021,date,MXN,"filings/capitaliq/Estimates/Guidance/SPGlobal_GrupoBimbo,S.A.B.deC.V._Guidance_20-Sep-2026 (1).xlsx",Guidance,30
2026-09-20,guidance [Revisions by Announced Date],Company,announced 2020-10-21,Revenue,Actual/Latest,Actual/Latest Date,FY 2020,FY,2020,,2020-12-31,,,text,2/24/2021,date,MXN,"filings/capitaliq/Estimates/Guidance/SPGlobal_GrupoBimbo,S.A.B.deC.V._Guidance_20-Sep-2026 (1).xlsx",Guidance,30
2026-09-20,guidance [Revisions by Announced Date],Company,announced 2021-02-24,Revenue,Actual/Latest,Actual/Latest Date,FY 2021,FY,2021,,2021-12-31,,,text,2/23/2022,date,MXN,"filings/capitaliq/Estimates/Guidance/SPGlobal_GrupoBimbo,S.A.B.deC.V._Guidance_20-Sep-2026 (1).xlsx",Guidance,30
2026-09-20,guidance [Revisions by Announced Date],Company,announced 2021-04-28,Revenue,Actual/Latest,Actual/Latest Date,FY 2021,FY,2021,,2021-12-31,,,text,2/23/2022,date,MXN,"filings/capitaliq/Estimates/Guidance/SPGlobal_GrupoBimbo,S.A.B.deC.V._Guidance_20-Sep-2026 (1).xlsx",Guidance,30
2026-09-20,guidance [Revisions by Announced Date],Company,announced 2021-10-28,Revenue,Actual/Latest,Actual/Latest Date,FY 2021,FY,2021,,2021-12-31,,,text,2/23/2022,date,MXN,"filings/capitaliq/Estimates/Guidance/SPGlobal_GrupoBimbo,S.A.B.deC.V._Guidance_20-Sep-2026 (1).xlsx",Guidance,30
2026-09-20,guidance [Revisions by Announced Date],Company,announced 2021-10-28,Revenue,Actual/Latest,Actual/Latest Date,FY 2022,FY,2022,,2022-12-31,,,text,2/22/2023,date,MXN,"filings/capitaliq/Estimates/Guidance/SPGlobal_GrupoBimbo,S.A.B.deC.V._Guidance_20-Sep-2026 (1).xlsx",Guidance,30
2026-09-20,guidance [Revisions by Announced Date],Company,announced 2022-02-22,Revenue,Actual/Latest,Actual/Latest Date,FY 2022,FY,2022,,2022-12-31,,,text,2/22/2023,date,MXN,"filings/capitaliq/Estimates/Guidance/SPGlobal_GrupoBimbo,S.A.B.deC.V._Guidance_20-Sep-2026 (1).xlsx",Guidance,30
2026-09-20,guidance [Revisions by Announced Date],Company,announced 2022-04-26,Revenue,Actual/Latest,Actual/Latest Date,FY 2022,FY,2022,,2022-12-31,,,text,2/22/2023,date,MXN,"filings/capitaliq/Estimates/Guidance/SPGlobal_GrupoBimbo,S.A.B.deC.V._Guidance_20-Sep-2026 (1).xlsx",Guidance,30
2026-09-20,guidance [Revisions by Announced Date],Company,announced 2022-07-21,Revenue,Actual/Latest,Actual/Latest Date,FY 2022,FY,2022,,2022-12-31,,,text,2/22/2023,date,MXN,"filings/capitaliq/Estimates/Guidance/SPGlobal_GrupoBimbo,S.A.B.deC.V._Guidance_20-Sep-2026 (1).xlsx",Guidance,30
2026-09-20,guidance [Revisions by Announced Date],Company,announced 2022-10-27,Revenue,Actual/Latest,Actual/Latest Date,FY 2022,FY,2022,,2022-12-31,,,text,2/22/2023,date,MXN,"filings/capitaliq/Estimates/Guidance/SPGlobal_GrupoBimbo,S.A.B.deC.V._Guidance_20-Sep-2026 (1).xlsx",Guidance,30
2026-09-20,guidance [Revisions by Announced Date],Company,announced 2023-02-22,Revenue,Actual/Latest,Actual/Latest Date,FY 2023,FY,2023,,2023-12-31,,,text,2/19/2024,date,MXN,"filings/capitaliq/Estimates/Guidance/SPGlobal_GrupoBimbo,S.A.B.deC.V._Guidance_20-Sep-2026 (1).xlsx",Guidance,30
2026-09-20,guidance [Revisions by Announced Date],Company,announced 2023-04-27,Revenue,Actual/Latest,Actual/Latest Date,FY 2023,FY,2023,,2023-12-31,,,text,2/19/2024,date,MXN,"filings/capitaliq/Estimates/Guidance/SPGlobal_GrupoBimbo,S.A.B.deC.V._Guidance_20-Sep-2026 (1).xlsx",Guidance,30
2026-09-20,guidance [Revisions by Announced Date],Company,announced 2023-07-25,Revenue,Actual/Latest,Actual/Latest Date,FY 2023,FY,2023,,2023-12-31,,,text,2/19/2024,date,MXN,"filings/capitaliq/Estimates/Guidance/SPGlobal_GrupoBimbo,S.A.B.deC.V._Guidance_20-Sep-2026 (1).xlsx",Guidance,30
2026-09-20,guidance [Revisions by Announced Date],Company,announced 2023-10-26,Revenue,Actual/Latest,Actual/Latest Date,FY 2023,FY,2023,,2023-12-31,,,text,2/19/2024,date,MXN,"filings/capitaliq/Estimates/Guidance/SPGlobal_GrupoBimbo,S.A.B.deC.V._Guidance_20-Sep-2026 (1).xlsx",Guidance,30
2026-09-20,guidance [Revisions by Announced Date],Company,announced 2024-02-19,Revenue,Actual/Latest,Actual/Latest Date,FY 2024,FY,2024,,2024-12-31,,,text,2/27/2025,date,MXN,"filings/capitaliq/Estimates/Guidance/SPGlobal_GrupoBimbo,S.A.B.deC.V._Guidance_20-Sep-2026 (1).xlsx",Guidance,30
2026-09-20,guidance [Revisions by Announced Date],Company,announced 2024-04-22,Revenue,Actual/Latest,Actual/Latest Date,FY 2024,FY,2024,,2024-12-31,,,text,2/27/2025,date,MXN,"filings/capitaliq/Estimates/Guidance/SPGlobal_GrupoBimbo,S.A.B.deC.V._Guidance_20-Sep-2026 (1).xlsx",Guidance,30
2026-09-20,guidance [Revisions by Announced Date],Company,announced 2024-07-24,Revenue,Actual/Latest,Actual/Latest Date,FY 2024,FY,2024,,2024-12-31,,,text,2/27/2025,date,MXN,"filings/capitaliq/Estimates/Guidance/SPGlobal_GrupoBimbo,S.A.B.deC.V._Guidance_20-Sep-2026 (1).xlsx",Guidance,30
2026-09-20,guidance [Revisions by Announced Date],Company,announced 2024-10-29,Revenue,Actual/Latest,Actual/Latest Date,FY 2024,FY,2024,,2024-12-31,,,text,2/27/2025,date,MXN,"filings/capitaliq/Estimates/Guidance/SPGlobal_GrupoBimbo,S.A.B.deC.V._Guidance_20-Sep-2026 (1).xlsx",Guidance,30
2026-09-20,guidance [Revisions by Announced Date],Company,announced 2025-02-27,Revenue,Actual/Latest,Actual/Latest Date,FY 2025,FY,2025,,2025-12-31,,,text,2/25/2026,date,MXN,"filings/capitaliq/Estimates/Guidance/SPGlobal_GrupoBimbo,S.A.B.deC.V._Guidance_20-Sep-2026 (1).xlsx",Guidance,30
2026-09-20,guidance [Revisions by Announced Date],Company,announced 2025-04-29,Revenue,Actual/Latest,Actual/Latest Date,FY 2025,FY,2025,,2025-12-31,,,text,2/25/2026,date,MXN,"filings/capitaliq/Estimates/Guidance/SPGlobal_GrupoBimbo,S.A.B.deC.V._Guidance_20-Sep-2026 (1).xlsx",Guidance,30
2026-09-20,guidance [Revisions by Announced Date],Company,announced 2025-07-24,Revenue,Actual/Latest,Actual/Latest Date,FY 2025,FY,2025,,2025-12-31,,,text,2/25/2026,date,MXN,"filings/capitaliq/Estimates/Guidance/SPGlobal_GrupoBimbo,S.A.B.deC.V._Guidance_20-Sep-2026 (1).xlsx",Guidance,30
2026-09-20,guidance [Revisions by Announced Date],Company,announced 2025-08-12,Revenue,Actual/Latest,Actual/Latest Date,FY 2025,FY,2025,,2025-12-31,,,text,2/25/2026,date,MXN,"filings/capitaliq/Estimates/Guidance/SPGlobal_GrupoBimbo,S.A.B.deC.V._Guidance_20-Sep-2026 (1).xlsx",Guidance,30
2026-09-20,guidance [Revisions by Announced Date],Company,announced 2025-10-28,Revenue,Actual/Latest,Actual/Latest Date,FY 2025,FY,2025,,2025-12-31,,,text,2/25/2026,date,MXN,"filings/capitaliq/Estimates/Guidance/SPGlobal_GrupoBimbo,S.A.B.deC.V._Guidance_20-Sep-2026 (1).xlsx",Guidance,30
2026-09-20,guidance [Revisions by Announced Date],Company,announced 2026-02-26,Revenue,Actual/Latest,Actual/Latest Date,FY 2026,FY,2026,,2026-12-31,,,text,9/3/2026,date,MXN,"filings/capitaliq/Estimates/Guidance/SPGlobal_GrupoBimbo,S.A.B.deC.V._Guidance_20-Sep-2026 (1).xlsx",Guidance,30
2026-09-20,guidance [Revisions by Announced Date],Company,announced 2026-04-29,Revenue,Actual/Latest,Actual/Latest Date,FY 2026,FY,2026,,2026-12-31,,,text,9/3/2026,date,MXN,"filings/capitaliq/Estimates/Guidance/SPGlobal_GrupoBimbo,S.A.B.deC.V._Guidance_20-Sep-2026 (1).xlsx",Guidance,30
2026-09-20,guidance [Revisions by Announced Date],Company,announced 2026-06-15,Revenue,Actual/Latest,Actual/Latest Date,FY 2026,FY,2026,,2026-12-31,,,text,9/3/2026,date,MXN,"filings/capitaliq/Estimates/Guidance/SPGlobal_GrupoBimbo,S.A.B.deC.V._Guidance_20-Sep-2026 (1).xlsx",Guidance,30
2026-09-20,guidance [Revisions by Announced Date],Company,announced 2026-07-23,Revenue,Actual/Latest,Actual/Latest Date,FY 2026,FY,2026,,2026-12-31,,,text,9/3/2026,date,MXN,"filings/capitaliq/Estimates/Guidance/SPGlobal_GrupoBimbo,S.A.B.deC.V._Guidance_20-Sep-2026 (1).xlsx",Guidance,30
2026-09-20,guidance [Revisions by Announced Date],Company,announced 2020-07-27,Revenue,Actual/Latest,Guidance,FY 2020,FY,2020,,2020-12-31,321118600,,,321118600,Mex$000,MXN,"filings/capitaliq/Estimates/Guidance/SPGlobal_GrupoBimbo,S.A.B.deC.V._Guidance_20-Sep-2026 (1).xlsx",Guidance,31
2026-09-20,guidance [Revisions by Announced Date],Company,announced 2020-10-21,Revenue,Actual/Latest,Guidance,FY 2020,FY,2020,,2020-12-31,321118600,,,321118600,Mex$000,MXN,"filings/capitaliq/Estimates/Guidance/SPGlobal_GrupoBimbo,S.A.B.deC.V._Guidance_20-Sep-2026 (1).xlsx",Guidance,31
2026-09-20,guidance [Revisions by Announced Date],Company,announced 2021-02-24,Revenue,Actual/Latest,Guidance,FY 2021,FY,2021,,2021-12-31,331051000,,,331051000,Mex$000,MXN,"filings/capitaliq/Estimates/Guidance/SPGlobal_GrupoBimbo,S.A.B.deC.V._Guidance_20-Sep-2026 (1).xlsx",Guidance,31
2026-09-20,guidance [Revisions by Announced Date],Company,announced 2021-04-28,Revenue,Actual/Latest,Guidance,FY 2021,FY,2021,,2021-12-31,321118600,,,321118600,Mex$000,MXN,"filings/capitaliq/Estimates/Guidance/SPGlobal_GrupoBimbo,S.A.B.deC.V._Guidance_20-Sep-2026 (1).xlsx",Guidance,31
2026-09-20,guidance [Revisions by Announced Date],Company,announced 2021-10-28,Revenue,Actual/Latest,Guidance,FY 2021,FY,2021,,2021-12-31,334361510,340982530,range,"334,361,510.00 - 340,982,530.00",Mex$000,MXN,"filings/capitaliq/Estimates/Guidance/SPGlobal_GrupoBimbo,S.A.B.deC.V._Guidance_20-Sep-2026 (1).xlsx",Guidance,31
2026-09-20,guidance [Revisions by Announced Date],Company,announced 2021-10-28,Revenue,Actual/Latest,Guidance,FY 2022,FY,2022,,2022-12-31,347735970.4,361441481.8,range,"347,735,970.40 - 361,441,481.80",Mex$000,MXN,"filings/capitaliq/Estimates/Guidance/SPGlobal_GrupoBimbo,S.A.B.deC.V._Guidance_20-Sep-2026 (1).xlsx",Guidance,31
2026-09-20,guidance [Revisions by Announced Date],Company,announced 2022-02-22,Revenue,Actual/Latest,Guidance,FY 2022,FY,2022,,2022-12-31,362842480,380286830,range,"362,842,480.00 - 380,286,830.00",Mex$000,MXN,"filings/capitaliq/Estimates/Guidance/SPGlobal_GrupoBimbo,S.A.B.deC.V._Guidance_20-Sep-2026 (1).xlsx",Guidance,31
2026-09-20,guidance [Revisions by Announced Date],Company,announced 2022-04-26,Revenue,Actual/Latest,Guidance,FY 2022,FY,2022,,2022-12-31,383775700,,GL,"383,775,700.00 GL",Mex$000,MXN,"filings/capitaliq/Estimates/Guidance/SPGlobal_GrupoBimbo,S.A.B.deC.V._Guidance_20-Sep-2026 (1).xlsx",Guidance,31
2026-09-20,guidance [Revisions by Announced Date],Company,announced 2022-07-21,Revenue,Actual/Latest,Guidance,FY 2022,FY,2022,,2022-12-31,394242310,408197790,range,"394,242,310.00 - 408,197,790.00",Mex$000,MXN,"filings/capitaliq/Estimates/Guidance/SPGlobal_GrupoBimbo,S.A.B.deC.V._Guidance_20-Sep-2026 (1).xlsx",Guidance,31
2026-09-20,guidance [Revisions by Announced Date],Company,announced 2022-10-27,Revenue,Actual/Latest,Guidance,FY 2022,FY,2022,,2022-12-31,401220050,415175530,range,"401,220,050.00 - 415,175,530.00",Mex$000,MXN,"filings/capitaliq/Estimates/Guidance/SPGlobal_GrupoBimbo,S.A.B.deC.V._Guidance_20-Sep-2026 (1).xlsx",Guidance,31
2026-09-20,guidance [Revisions by Announced Date],Company,announced 2023-02-22,Revenue,Actual/Latest,Guidance,FY 2023,FY,2023,,2023-12-31,414654240,434589540,range,"414,654,240.00 - 434,589,540.00",Mex$000,MXN,"filings/capitaliq/Estimates/Guidance/SPGlobal_GrupoBimbo,S.A.B.deC.V._Guidance_20-Sep-2026 (1).xlsx",Guidance,31
2026-09-20,guidance [Revisions by Announced Date],Company,announced 2023-04-27,Revenue,Actual/Latest,Guidance,FY 2023,FY,2023,,2023-12-31,414654240,434589540,range,"414,654,240.00 - 434,589,540.00",Mex$000,MXN,"filings/capitaliq/Estimates/Guidance/SPGlobal_GrupoBimbo,S.A.B.deC.V._Guidance_20-Sep-2026 (1).xlsx",Guidance,31
2026-09-20,guidance [Revisions by Announced Date],Company,announced 2023-07-25,Revenue,Actual/Latest,Guidance,FY 2023,FY,2023,,2023-12-31,402693060,422628360,range,"402,693,060.00 - 422,628,360.00",Mex$000,MXN,"filings/capitaliq/Estimates/Guidance/SPGlobal_GrupoBimbo,S.A.B.deC.V._Guidance_20-Sep-2026 (1).xlsx",Guidance,31
2026-09-20,guidance [Revisions by Announced Date],Company,announced 2023-10-26,Revenue,Actual/Latest,Guidance,FY 2023,FY,2023,,2023-12-31,402693060,422628360,range,"402,693,060.00 - 422,628,360.00",Mex$000,MXN,"filings/capitaliq/Estimates/Guidance/SPGlobal_GrupoBimbo,S.A.B.deC.V._Guidance_20-Sep-2026 (1).xlsx",Guidance,31
2026-09-20,guidance [Revisions by Announced Date],Company,announced 2024-02-19,Revenue,Actual/Latest,Guidance,FY 2024,FY,2024,,2024-12-31,403877790,423871740,range,"403,877,790.00 - 423,871,740.00",Mex$000,MXN,"filings/capitaliq/Estimates/Guidance/SPGlobal_GrupoBimbo,S.A.B.deC.V._Guidance_20-Sep-2026 (1).xlsx",Guidance,31
2026-09-20,guidance [Revisions by Announced Date],Company,announced 2024-04-22,Revenue,Actual/Latest,Guidance,FY 2024,FY,2024,,2024-12-31,399879000,403877790,range,"399,879,000.00 - 403,877,790.00",Mex$000,MXN,"filings/capitaliq/Estimates/Guidance/SPGlobal_GrupoBimbo,S.A.B.deC.V._Guidance_20-Sep-2026 (1).xlsx",Guidance,31
2026-09-20,guidance [Revisions by Announced Date],Company,announced 2024-07-24,Revenue,Actual/Latest,Guidance,FY 2024,FY,2024,,2024-12-31,399879000,403877790,range,"399,879,000.00 - 403,877,790.00",Mex$000,MXN,"filings/capitaliq/Estimates/Guidance/SPGlobal_GrupoBimbo,S.A.B.deC.V._Guidance_20-Sep-2026 (1).xlsx",Guidance,31
2026-09-20,guidance [Revisions by Announced Date],Company,announced 2024-10-29,Revenue,Actual/Latest,Guidance,FY 2024,FY,2024,,2024-12-31,399879000,403877790,range,"399,879,000.00 - 403,877,790.00",Mex$000,MXN,"filings/capitaliq/Estimates/Guidance/SPGlobal_GrupoBimbo,S.A.B.deC.V._Guidance_20-Sep-2026 (1).xlsx",Guidance,31
2026-09-20,guidance [Revisions by Announced Date],Company,announced 2025-02-27,Revenue,Actual/Latest,Guidance,FY 2025,FY,2025,,2025-12-31,449168500,,GL,"449,168,500.00 GL",Mex$000,MXN,"filings/capitaliq/Estimates/Guidance/SPGlobal_GrupoBimbo,S.A.B.deC.V._Guidance_20-Sep-2026 (1).xlsx",Guidance,31
2026-09-20,guidance [Revisions by Announced Date],Company,announced 2025-04-29,Revenue,Actual/Latest,Guidance,FY 2025,FY,2025,,2025-12-31,436918450,445085150,range,"436,918,450.00 - 445,085,150.00",Mex$000,MXN,"filings/capitaliq/Estimates/Guidance/SPGlobal_GrupoBimbo,S.A.B.deC.V._Guidance_20-Sep-2026 (1).xlsx",Guidance,31
2026-09-20,guidance [Revisions by Announced Date],Company,announced 2025-07-24,Revenue,Actual/Latest,Guidance,FY 2025,FY,2025,,2025-12-31,424668400,432835100,range,"424,668,400.00 - 432,835,100.00",Mex$000,MXN,"filings/capitaliq/Estimates/Guidance/SPGlobal_GrupoBimbo,S.A.B.deC.V._Guidance_20-Sep-2026 (1).xlsx",Guidance,31
2026-09-20,guidance [Revisions by Announced Date],Company,announced 2025-08-12,Revenue,Actual/Latest,Guidance,FY 2025,FY,2025,,2025-12-31,424668400,432835100,range,"424,668,400.00 - 432,835,100.00",Mex$000,MXN,"filings/capitaliq/Estimates/Guidance/SPGlobal_GrupoBimbo,S.A.B.deC.V._Guidance_20-Sep-2026 (1).xlsx",Guidance,31
2026-09-20,guidance [Revisions by Announced Date],Company,announced 2025-10-28,Revenue,Actual/Latest,Guidance,FY 2025,FY,2025,,2025-12-31,424668400,432835100,range,"424,668,400.00 - 432,835,100.00",Mex$000,MXN,"filings/capitaliq/Estimates/Guidance/SPGlobal_GrupoBimbo,S.A.B.deC.V._Guidance_20-Sep-2026 (1).xlsx",Guidance,31
2026-09-20,guidance [Revisions by Announced Date],Company,announced 2026-02-26,Revenue,Actual/Latest,Guidance,FY 2026,FY,2026,,2026-12-31,426952000,,,426952000,Mex$000,MXN,"filings/capitaliq/Estimates/Guidance/SPGlobal_GrupoBimbo,S.A.B.deC.V._Guidance_20-Sep-2026 (1).xlsx",Guidance,31
2026-09-20,guidance [Revisions by Announced Date],Company,announced 2026-04-29,Revenue,Actual/Latest,Guidance,FY 2026,FY,2026,,2026-12-31,414143440,426952000,range,"414,143,440.00 - 426,952,000.00",Mex$000,MXN,"filings/capitaliq/Estimates/Guidance/SPGlobal_GrupoBimbo,S.A.B.deC.V._Guidance_20-Sep-2026 (1).xlsx",Guidance,31
2026-09-20,guidance [Revisions by Announced Date],Company,announced 2026-06-15,Revenue,Actual/Latest,Guidance,FY 2026,FY,2026,,2026-12-31,414143440,426952000,range,"414,143,440.00 - 426,952,000.00",Mex$000,MXN,"filings/capitaliq/Estimates/Guidance/SPGlobal_GrupoBimbo,S.A.B.deC.V._Guidance_20-Sep-2026 (1).xlsx",Guidance,31
2026-09-20,guidance [Revisions by Announced Date],Company,announced 2026-07-23,Revenue,Actual/Latest,Guidance,FY 2026,FY,2026,,2026-12-31,414143440,426952000,range,"414,143,440.00 - 426,952,000.00",Mex$000,MXN,"filings/capitaliq/Estimates/Guidance/SPGlobal_GrupoBimbo,S.A.B.deC.V._Guidance_20-Sep-2026 (1).xlsx",Guidance,31
2026-09-20,guidance [Revisions by Announced Date],Company,announced 2020-07-27,Revenue,Actual/Latest,Consensus Estimate,FY 2020,FY,2020,,2020-12-31,330126454.42,,,330126454.42,Mex$000,MXN,"filings/capitaliq/Estimates/Guidance/SPGlobal_GrupoBimbo,S.A.B.deC.V._Guidance_20-Sep-2026 (1).xlsx",Guidance,32
2026-09-20,guidance [Revisions by Announced Date],Company,announced 2020-10-21,Revenue,Actual/Latest,Consensus Estimate,FY 2020,FY,2020,,2020-12-31,330126454.42,,,330126454.42,Mex$000,MXN,"filings/capitaliq/Estimates/Guidance/SPGlobal_GrupoBimbo,S.A.B.deC.V._Guidance_20-Sep-2026 (1).xlsx",Guidance,32
2026-09-20,guidance [Revisions by Announced Date],Company,announced 2021-02-24,Revenue,Actual/Latest,Consensus Estimate,FY 2021,FY,2021,,2021-12-31,341288849.76,,,341288849.76,Mex$000,MXN,"filings/capitaliq/Estimates/Guidance/SPGlobal_GrupoBimbo,S.A.B.deC.V._Guidance_20-Sep-2026 (1).xlsx",Guidance,32
2026-09-20,guidance [Revisions by Announced Date],Company,announced 2021-04-28,Revenue,Actual/Latest,Consensus Estimate,FY 2021,FY,2021,,2021-12-31,341288849.76,,,341288849.76,Mex$000,MXN,"filings/capitaliq/Estimates/Guidance/SPGlobal_GrupoBimbo,S.A.B.deC.V._Guidance_20-Sep-2026 (1).xlsx",Guidance,32
2026-09-20,guidance [Revisions by Announced Date],Company,announced 2021-10-28,Revenue,Actual/Latest,Consensus Estimate,FY 2021,FY,2021,,2021-12-31,341288849.76,,,341288849.76,Mex$000,MXN,"filings/capitaliq/Estimates/Guidance/SPGlobal_GrupoBimbo,S.A.B.deC.V._Guidance_20-Sep-2026 (1).xlsx",Guidance,32
2026-09-20,guidance [Revisions by Announced Date],Company,announced 2021-10-28,Revenue,Actual/Latest,Consensus Estimate,FY 2022,FY,2022,,2022-12-31,401268533.15,,,401268533.15,Mex$000,MXN,"filings/capitaliq/Estimates/Guidance/SPGlobal_GrupoBimbo,S.A.B.deC.V._Guidance_20-Sep-2026 (1).xlsx",Guidance,32
2026-09-20,guidance [Revisions by Announced Date],Company,announced 2022-02-22,Revenue,Actual/Latest,Consensus Estimate,FY 2022,FY,2022,,2022-12-31,401268533.15,,,401268533.15,Mex$000,MXN,"filings/capitaliq/Estimates/Guidance/SPGlobal_GrupoBimbo,S.A.B.deC.V._Guidance_20-Sep-2026 (1).xlsx",Guidance,32
2026-09-20,guidance [Revisions by Announced Date],Company,announced 2022-04-26,Revenue,Actual/Latest,Consensus Estimate,FY 2022,FY,2022,,2022-12-31,401268533.15,,,401268533.15,Mex$000,MXN,"filings/capitaliq/Estimates/Guidance/SPGlobal_GrupoBimbo,S.A.B.deC.V._Guidance_20-Sep-2026 (1).xlsx",Guidance,32
2026-09-20,guidance [Revisions by Announced Date],Company,announced 2022-07-21,Revenue,Actual/Latest,Consensus Estimate,FY 2022,FY,2022,,2022-12-31,401268533.15,,,401268533.15,Mex$000,MXN,"filings/capitaliq/Estimates/Guidance/SPGlobal_GrupoBimbo,S.A.B.deC.V._Guidance_20-Sep-2026 (1).xlsx",Guidance,32
2026-09-20,guidance [Revisions by Announced Date],Company,announced 2022-10-27,Revenue,Actual/Latest,Consensus Estimate,FY 2022,FY,2022,,2022-12-31,401268533.15,,,401268533.15,Mex$000,MXN,"filings/capitaliq/Estimates/Guidance/SPGlobal_GrupoBimbo,S.A.B.deC.V._Guidance_20-Sep-2026 (1).xlsx",Guidance,32
2026-09-20,guidance [Revisions by Announced Date],Company,announced 2023-02-22,Revenue,Actual/Latest,Consensus Estimate,FY 2023,FY,2023,,2023-12-31,404788711.54,,,404788711.54,Mex$000,MXN,"filings/capitaliq/Estimates/Guidance/SPGlobal_GrupoBimbo,S.A.B.deC.V._Guidance_20-Sep-2026 (1).xlsx",Guidance,32
2026-09-20,guidance [Revisions by Announced Date],Company,announced 2023-04-27,Revenue,Actual/Latest,Consensus Estimate,FY 2023,FY,2023,,2023-12-31,404788711.54,,,404788711.54,Mex$000,MXN,"filings/capitaliq/Estimates/Guidance/SPGlobal_GrupoBimbo,S.A.B.deC.V._Guidance_20-Sep-2026 (1).xlsx",Guidance,32
2026-09-20,guidance [Revisions by Announced Date],Company,announced 2023-07-25,Revenue,Actual/Latest,Consensus Estimate,FY 2023,FY,2023,,2023-12-31,404788711.54,,,404788711.54,Mex$000,MXN,"filings/capitaliq/Estimates/Guidance/SPGlobal_GrupoBimbo,S.A.B.deC.V._Guidance_20-Sep-2026 (1).xlsx",Guidance,32
2026-09-20,guidance [Revisions by Announced Date],Company,announced 2023-10-26,Revenue,Actual/Latest,Consensus Estimate,FY 2023,FY,2023,,2023-12-31,404788711.54,,,404788711.54,Mex$000,MXN,"filings/capitaliq/Estimates/Guidance/SPGlobal_GrupoBimbo,S.A.B.deC.V._Guidance_20-Sep-2026 (1).xlsx",Guidance,32
2026-09-20,guidance [Revisions by Announced Date],Company,announced 2024-02-19,Revenue,Actual/Latest,Consensus Estimate,FY 2024,FY,2024,,2024-12-31,411475048.2,,,411475048.2,Mex$000,MXN,"filings/capitaliq/Estimates/Guidance/SPGlobal_GrupoBimbo,S.A.B.deC.V._Guidance_20-Sep-2026 (1).xlsx",Guidance,32
2026-09-20,guidance [Revisions by Announced Date],Company,announced 2024-04-22,Revenue,Actual/Latest,Consensus Estimate,FY 2024,FY,2024,,2024-12-31,411475048.2,,,411475048.2,Mex$000,MXN,"filings/capitaliq/Estimates/Guidance/SPGlobal_GrupoBimbo,S.A.B.deC.V._Guidance_20-Sep-2026 (1).xlsx",Guidance,32
2026-09-20,guidance [Revisions by Announced Date],Company,announced 2024-07-24,Revenue,Actual/Latest,Consensus Estimate,FY 2024,FY,2024,,2024-12-31,411475048.2,,,411475048.2,Mex$000,MXN,"filings/capitaliq/Estimates/Guidance/SPGlobal_GrupoBimbo,S.A.B.deC.V._Guidance_20-Sep-2026 (1).xlsx",Guidance,32
2026-09-20,guidance [Revisions by Announced Date],Company,announced 2024-10-29,Revenue,Actual/Latest,Consensus Estimate,FY 2024,FY,2024,,2024-12-31,411475048.2,,,411475048.2,Mex$000,MXN,"filings/capitaliq/Estimates/Guidance/SPGlobal_GrupoBimbo,S.A.B.deC.V._Guidance_20-Sep-2026 (1).xlsx",Guidance,32
2026-09-20,guidance [Revisions by Announced Date],Company,announced 2025-02-27,Revenue,Actual/Latest,Consensus Estimate,FY 2025,FY,2025,,2025-12-31,427332437.59,,,427332437.59,Mex$000,MXN,"filings/capitaliq/Estimates/Guidance/SPGlobal_GrupoBimbo,S.A.B.deC.V._Guidance_20-Sep-2026 (1).xlsx",Guidance,32
2026-09-20,guidance [Revisions by Announced Date],Company,announced 2025-04-29,Revenue,Actual/Latest,Consensus Estimate,FY 2025,FY,2025,,2025-12-31,427332437.59,,,427332437.59,Mex$000,MXN,"filings/capitaliq/Estimates/Guidance/SPGlobal_GrupoBimbo,S.A.B.deC.V._Guidance_20-Sep-2026 (1).xlsx",Guidance,32
2026-09-20,guidance [Revisions by Announced Date],Company,announced 2025-07-24,Revenue,Actual/Latest,Consensus Estimate,FY 2025,FY,2025,,2025-12-31,427332437.59,,,427332437.59,Mex$000,MXN,"filings/capitaliq/Estimates/Guidance/SPGlobal_GrupoBimbo,S.A.B.deC.V._Guidance_20-Sep-2026 (1).xlsx",Guidance,32
2026-09-20,guidance [Revisions by Announced Date],Company,announced 2025-08-12,Revenue,Actual/Latest,Consensus Estimate,FY 2025,FY,2025,,2025-12-31,427332437.59,,,427332437.59,Mex$000,MXN,"filings/capitaliq/Estimates/Guidance/SPGlobal_GrupoBimbo,S.A.B.deC.V._Guidance_20-Sep-2026 (1).xlsx",Guidance,32
2026-09-20,guidance [Revisions by Announced Date],Company,announced 2025-10-28,Revenue,Actual/Latest,Consensus Estimate,FY 2025,FY,2025,,2025-12-31,427332437.59,,,427332437.59,Mex$000,MXN,"filings/capitaliq/Estimates/Guidance/SPGlobal_GrupoBimbo,S.A.B.deC.V._Guidance_20-Sep-2026 (1).xlsx",Guidance,32
2026-09-20,guidance [Revisions by Announced Date],Company,announced 2026-02-26,Revenue,Actual/Latest,Consensus Estimate,FY 2026,FY,2026,,2026-12-31,426274732.54,,,426274732.54,Mex$000,MXN,"filings/capitaliq/Estimates/Guidance/SPGlobal_GrupoBimbo,S.A.B.deC.V._Guidance_20-Sep-2026 (1).xlsx",Guidance,32
2026-09-20,guidance [Revisions by Announced Date],Company,announced 2026-04-29,Revenue,Actual/Latest,Consensus Estimate,FY 2026,FY,2026,,2026-12-31,426274732.54,,,426274732.54,Mex$000,MXN,"filings/capitaliq/Estimates/Guidance/SPGlobal_GrupoBimbo,S.A.B.deC.V._Guidance_20-Sep-2026 (1).xlsx",Guidance,32
2026-09-20,guidance [Revisions by Announced Date],Company,announced 2026-06-15,Revenue,Actual/Latest,Consensus Estimate,FY 2026,FY,2026,,2026-12-31,426274732.54,,,426274732.54,Mex$000,MXN,"filings/capitaliq/Estimates/Guidance/SPGlobal_GrupoBimbo,S.A.B.deC.V._Guidance_20-Sep-2026 (1).xlsx",Guidance,32
2026-09-20,guidance [Revisions by Announced Date],Company,announced 2026-07-23,Revenue,Actual/Latest,Consensus Estimate,FY 2026,FY,2026,,2026-12-31,426274732.54,,,426274732.54,Mex$000,MXN,"filings/capitaliq/Estimates/Guidance/SPGlobal_GrupoBimbo,S.A.B.deC.V._Guidance_20-Sep-2026 (1).xlsx",Guidance,32
2026-09-20,guidance [Revisions by Announced Date],Company,announced 2020-07-27,Revenue,Actual/Latest,% Difference,FY 2020,FY,2020,,2020-12-31,2.81,,,2.81,%,MXN,"filings/capitaliq/Estimates/Guidance/SPGlobal_GrupoBimbo,S.A.B.deC.V._Guidance_20-Sep-2026 (1).xlsx",Guidance,33
2026-09-20,guidance [Revisions by Announced Date],Company,announced 2020-10-21,Revenue,Actual/Latest,% Difference,FY 2020,FY,2020,,2020-12-31,2.81,,,2.81,%,MXN,"filings/capitaliq/Estimates/Guidance/SPGlobal_GrupoBimbo,S.A.B.deC.V._Guidance_20-Sep-2026 (1).xlsx",Guidance,33
2026-09-20,guidance [Revisions by Announced Date],Company,announced 2021-02-24,Revenue,Actual/Latest,% Difference,FY 2021,FY,2021,,2021-12-31,3.09,,,3.09,%,MXN,"filings/capitaliq/Estimates/Guidance/SPGlobal_GrupoBimbo,S.A.B.deC.V._Guidance_20-Sep-2026 (1).xlsx",Guidance,33
2026-09-20,guidance [Revisions by Announced Date],Company,announced 2021-04-28,Revenue,Actual/Latest,% Difference,FY 2021,FY,2021,,2021-12-31,6.28,,,6.28,%,MXN,"filings/capitaliq/Estimates/Guidance/SPGlobal_GrupoBimbo,S.A.B.deC.V._Guidance_20-Sep-2026 (1).xlsx",Guidance,33
2026-09-20,guidance [Revisions by Announced Date],Company,announced 2021-10-28,Revenue,Actual/Latest,% Difference,FY 2021,FY,2021,,2021-12-31,0.09,,,0.09,%,MXN,"filings/capitaliq/Estimates/Guidance/SPGlobal_GrupoBimbo,S.A.B.deC.V._Guidance_20-Sep-2026 (1).xlsx",Guidance,33
2026-09-20,guidance [Revisions by Announced Date],Company,announced 2021-10-28,Revenue,Actual/Latest,% Difference,FY 2022,FY,2022,,2022-12-31,11.02,,,11.02,%,MXN,"filings/capitaliq/Estimates/Guidance/SPGlobal_GrupoBimbo,S.A.B.deC.V._Guidance_20-Sep-2026 (1).xlsx",Guidance,33
2026-09-20,guidance [Revisions by Announced Date],Company,announced 2022-02-22,Revenue,Actual/Latest,% Difference,FY 2022,FY,2022,,2022-12-31,5.52,,,5.52,%,MXN,"filings/capitaliq/Estimates/Guidance/SPGlobal_GrupoBimbo,S.A.B.deC.V._Guidance_20-Sep-2026 (1).xlsx",Guidance,33
2026-09-20,guidance [Revisions by Announced Date],Company,announced 2022-04-26,Revenue,Actual/Latest,% Difference,FY 2022,FY,2022,,2022-12-31,4.56,,,4.56,%,MXN,"filings/capitaliq/Estimates/Guidance/SPGlobal_GrupoBimbo,S.A.B.deC.V._Guidance_20-Sep-2026 (1).xlsx",Guidance,33
2026-09-20,guidance [Revisions by Announced Date],Company,announced 2022-07-21,Revenue,Actual/Latest,% Difference,FY 2022,FY,2022,,2022-12-31,0,,,0,%,MXN,"filings/capitaliq/Estimates/Guidance/SPGlobal_GrupoBimbo,S.A.B.deC.V._Guidance_20-Sep-2026 (1).xlsx",Guidance,33
2026-09-20,guidance [Revisions by Announced Date],Company,announced 2022-10-27,Revenue,Actual/Latest,% Difference,FY 2022,FY,2022,,2022-12-31,0,,,0,%,MXN,"filings/capitaliq/Estimates/Guidance/SPGlobal_GrupoBimbo,S.A.B.deC.V._Guidance_20-Sep-2026 (1).xlsx",Guidance,33
2026-09-20,guidance [Revisions by Announced Date],Company,announced 2023-02-22,Revenue,Actual/Latest,% Difference,FY 2023,FY,2023,,2023-12-31,-2.38,,,-2.38,%,MXN,"filings/capitaliq/Estimates/Guidance/SPGlobal_GrupoBimbo,S.A.B.deC.V._Guidance_20-Sep-2026 (1).xlsx",Guidance,33
2026-09-20,guidance [Revisions by Announced Date],Company,announced 2023-04-27,Revenue,Actual/Latest,% Difference,FY 2023,FY,2023,,2023-12-31,-2.38,,,-2.38,%,MXN,"filings/capitaliq/Estimates/Guidance/SPGlobal_GrupoBimbo,S.A.B.deC.V._Guidance_20-Sep-2026 (1).xlsx",Guidance,33
2026-09-20,guidance [Revisions by Announced Date],Company,announced 2023-07-25,Revenue,Actual/Latest,% Difference,FY 2023,FY,2023,,2023-12-31,0,,,0,%,MXN,"filings/capitaliq/Estimates/Guidance/SPGlobal_GrupoBimbo,S.A.B.deC.V._Guidance_20-Sep-2026 (1).xlsx",Guidance,33
2026-09-20,guidance [Revisions by Announced Date],Company,announced 2023-10-26,Revenue,Actual/Latest,% Difference,FY 2023,FY,2023,,2023-12-31,0,,,0,%,MXN,"filings/capitaliq/Estimates/Guidance/SPGlobal_GrupoBimbo,S.A.B.deC.V._Guidance_20-Sep-2026 (1).xlsx",Guidance,33
2026-09-20,guidance [Revisions by Announced Date],Company,announced 2024-02-19,Revenue,Actual/Latest,% Difference,FY 2024,FY,2024,,2024-12-31,0,,,0,%,MXN,"filings/capitaliq/Estimates/Guidance/SPGlobal_GrupoBimbo,S.A.B.deC.V._Guidance_20-Sep-2026 (1).xlsx",Guidance,33
2026-09-20,guidance [Revisions by Announced Date],Company,announced 2024-04-22,Revenue,Actual/Latest,% Difference,FY 2024,FY,2024,,2024-12-31,1.88,,,1.88,%,MXN,"filings/capitaliq/Estimates/Guidance/SPGlobal_GrupoBimbo,S.A.B.deC.V._Guidance_20-Sep-2026 (1).xlsx",Guidance,33
2026-09-20,guidance [Revisions by Announced Date],Company,announced 2024-07-24,Revenue,Actual/Latest,% Difference,FY 2024,FY,2024,,2024-12-31,1.88,,,1.88,%,MXN,"filings/capitaliq/Estimates/Guidance/SPGlobal_GrupoBimbo,S.A.B.deC.V._Guidance_20-Sep-2026 (1).xlsx",Guidance,33
2026-09-20,guidance [Revisions by Announced Date],Company,announced 2024-10-29,Revenue,Actual/Latest,% Difference,FY 2024,FY,2024,,2024-12-31,1.88,,,1.88,%,MXN,"filings/capitaliq/Estimates/Guidance/SPGlobal_GrupoBimbo,S.A.B.deC.V._Guidance_20-Sep-2026 (1).xlsx",Guidance,33
2026-09-20,guidance [Revisions by Announced Date],Company,announced 2025-02-27,Revenue,Actual/Latest,% Difference,FY 2025,FY,2025,,2025-12-31,-4.86,,,-4.86,%,MXN,"filings/capitaliq/Estimates/Guidance/SPGlobal_GrupoBimbo,S.A.B.deC.V._Guidance_20-Sep-2026 (1).xlsx",Guidance,33
2026-09-20,guidance [Revisions by Announced Date],Company,announced 2025-04-29,Revenue,Actual/Latest,% Difference,FY 2025,FY,2025,,2025-12-31,-2.19,,,-2.19,%,MXN,"filings/capitaliq/Estimates/Guidance/SPGlobal_GrupoBimbo,S.A.B.deC.V._Guidance_20-Sep-2026 (1).xlsx",Guidance,33
2026-09-20,guidance [Revisions by Announced Date],Company,announced 2025-07-24,Revenue,Actual/Latest,% Difference,FY 2025,FY,2025,,2025-12-31,0,,,0,%,MXN,"filings/capitaliq/Estimates/Guidance/SPGlobal_GrupoBimbo,S.A.B.deC.V._Guidance_20-Sep-2026 (1).xlsx",Guidance,33
2026-09-20,guidance [Revisions by Announced Date],Company,announced 2025-08-12,Revenue,Actual/Latest,% Difference,FY 2025,FY,2025,,2025-12-31,0,,,0,%,MXN,"filings/capitaliq/Estimates/Guidance/SPGlobal_GrupoBimbo,S.A.B.deC.V._Guidance_20-Sep-2026 (1).xlsx",Guidance,33
2026-09-20,guidance [Revisions by Announced Date],Company,announced 2025-10-28,Revenue,Actual/Latest,% Difference,FY 2025,FY,2025,,2025-12-31,0,,,0,%,MXN,"filings/capitaliq/Estimates/Guidance/SPGlobal_GrupoBimbo,S.A.B.deC.V._Guidance_20-Sep-2026 (1).xlsx",Guidance,33
2026-09-20,guidance [Revisions by Announced Date],Company,announced 2026-02-26,Revenue,Actual/Latest,% Difference,FY 2026,FY,2026,,2026-12-31,-0.16,,,-0.16,%,MXN,"filings/capitaliq/Estimates/Guidance/SPGlobal_GrupoBimbo,S.A.B.deC.V._Guidance_20-Sep-2026 (1).xlsx",Guidance,33
2026-09-20,guidance [Revisions by Announced Date],Company,announced 2026-04-29,Revenue,Actual/Latest,% Difference,FY 2026,FY,2026,,2026-12-31,0,,,0,%,MXN,"filings/capitaliq/Estimates/Guidance/SPGlobal_GrupoBimbo,S.A.B.deC.V._Guidance_20-Sep-2026 (1).xlsx",Guidance,33
2026-09-20,guidance [Revisions by Announced Date],Company,announced 2026-06-15,Revenue,Actual/Latest,% Difference,FY 2026,FY,2026,,2026-12-31,0,,,0,%,MXN,"filings/capitaliq/Estimates/Guidance/SPGlobal_GrupoBimbo,S.A.B.deC.V._Guidance_20-Sep-2026 (1).xlsx",Guidance,33
2026-09-20,guidance [Revisions by Announced Date],Company,announced 2026-07-23,Revenue,Actual/Latest,% Difference,FY 2026,FY,2026,,2026-12-31,0,,,0,%,MXN,"filings/capitaliq/Estimates/Guidance/SPGlobal_GrupoBimbo,S.A.B.deC.V._Guidance_20-Sep-2026 (1).xlsx",Guidance,33
2026-09-20,guidance [Revisions by Announced Date],Company,announced 2020-07-27,Revenue,Actual/Latest,Actual,FY 2020,FY,2020,,2020-12-31,331051000,,,331051000,Mex$000,MXN,"filings/capitaliq/Estimates/Guidance/SPGlobal_GrupoBimbo,S.A.B.deC.V._Guidance_20-Sep-2026 (1).xlsx",Guidance,34
2026-09-20,guidance [Revisions by Announced Date],Company,announced 2020-10-21,Revenue,Actual/Latest,Actual,FY 2020,FY,2020,,2020-12-31,331051000,,,331051000,Mex$000,MXN,"filings/capitaliq/Estimates/Guidance/SPGlobal_GrupoBimbo,S.A.B.deC.V._Guidance_20-Sep-2026 (1).xlsx",Guidance,34
2026-09-20,guidance [Revisions by Announced Date],Company,announced 2021-02-24,Revenue,Actual/Latest,Actual,FY 2021,FY,2021,,2021-12-31,348887000,,,348887000,Mex$000,MXN,"filings/capitaliq/Estimates/Guidance/SPGlobal_GrupoBimbo,S.A.B.deC.V._Guidance_20-Sep-2026 (1).xlsx",Guidance,34
2026-09-20,guidance [Revisions by Announced Date],Company,announced 2021-04-28,Revenue,Actual/Latest,Actual,FY 2021,FY,2021,,2021-12-31,348887000,,,348887000,Mex$000,MXN,"filings/capitaliq/Estimates/Guidance/SPGlobal_GrupoBimbo,S.A.B.deC.V._Guidance_20-Sep-2026 (1).xlsx",Guidance,34
2026-09-20,guidance [Revisions by Announced Date],Company,announced 2021-10-28,Revenue,Actual/Latest,Actual,FY 2021,FY,2021,,2021-12-31,348887000,,,348887000,Mex$000,MXN,"filings/capitaliq/Estimates/Guidance/SPGlobal_GrupoBimbo,S.A.B.deC.V._Guidance_20-Sep-2026 (1).xlsx",Guidance,34
2026-09-20,guidance [Revisions by Announced Date],Company,announced 2021-10-28,Revenue,Actual/Latest,Actual,FY 2022,FY,2022,,2022-12-31,398706000,,,398706000,Mex$000,MXN,"filings/capitaliq/Estimates/Guidance/SPGlobal_GrupoBimbo,S.A.B.deC.V._Guidance_20-Sep-2026 (1).xlsx",Guidance,34
2026-09-20,guidance [Revisions by Announced Date],Company,announced 2022-02-22,Revenue,Actual/Latest,Actual,FY 2022,FY,2022,,2022-12-31,398706000,,,398706000,Mex$000,MXN,"filings/capitaliq/Estimates/Guidance/SPGlobal_GrupoBimbo,S.A.B.deC.V._Guidance_20-Sep-2026 (1).xlsx",Guidance,34
2026-09-20,guidance [Revisions by Announced Date],Company,announced 2022-04-26,Revenue,Actual/Latest,Actual,FY 2022,FY,2022,,2022-12-31,398706000,,,398706000,Mex$000,MXN,"filings/capitaliq/Estimates/Guidance/SPGlobal_GrupoBimbo,S.A.B.deC.V._Guidance_20-Sep-2026 (1).xlsx",Guidance,34
2026-09-20,guidance [Revisions by Announced Date],Company,announced 2022-07-21,Revenue,Actual/Latest,Actual,FY 2022,FY,2022,,2022-12-31,398706000,,,398706000,Mex$000,MXN,"filings/capitaliq/Estimates/Guidance/SPGlobal_GrupoBimbo,S.A.B.deC.V._Guidance_20-Sep-2026 (1).xlsx",Guidance,34
2026-09-20,guidance [Revisions by Announced Date],Company,announced 2022-10-27,Revenue,Actual/Latest,Actual,FY 2022,FY,2022,,2022-12-31,398706000,,,398706000,Mex$000,MXN,"filings/capitaliq/Estimates/Guidance/SPGlobal_GrupoBimbo,S.A.B.deC.V._Guidance_20-Sep-2026 (1).xlsx",Guidance,34
2026-09-20,guidance [Revisions by Announced Date],Company,announced 2023-02-22,Revenue,Actual/Latest,Actual,FY 2023,FY,2023,,2023-12-31,399879000,,,399879000,Mex$000,MXN,"filings/capitaliq/Estimates/Guidance/SPGlobal_GrupoBimbo,S.A.B.deC.V._Guidance_20-Sep-2026 (1).xlsx",Guidance,34
2026-09-20,guidance [Revisions by Announced Date],Company,announced 2023-04-27,Revenue,Actual/Latest,Actual,FY 2023,FY,2023,,2023-12-31,399879000,,,399879000,Mex$000,MXN,"filings/capitaliq/Estimates/Guidance/SPGlobal_GrupoBimbo,S.A.B.deC.V._Guidance_20-Sep-2026 (1).xlsx",Guidance,34
2026-09-20,guidance [Revisions by Announced Date],Company,announced 2023-07-25,Revenue,Actual/Latest,Actual,FY 2023,FY,2023,,2023-12-31,399879000,,,399879000,Mex$000,MXN,"filings/capitaliq/Estimates/Guidance/SPGlobal_GrupoBimbo,S.A.B.deC.V._Guidance_20-Sep-2026 (1).xlsx",Guidance,34
2026-09-20,guidance [Revisions by Announced Date],Company,announced 2023-10-26,Revenue,Actual/Latest,Actual,FY 2023,FY,2023,,2023-12-31,399879000,,,399879000,Mex$000,MXN,"filings/capitaliq/Estimates/Guidance/SPGlobal_GrupoBimbo,S.A.B.deC.V._Guidance_20-Sep-2026 (1).xlsx",Guidance,34
2026-09-20,guidance [Revisions by Announced Date],Company,announced 2024-02-19,Revenue,Actual/Latest,Actual,FY 2024,FY,2024,,2024-12-31,408335000,,,408335000,Mex$000,MXN,"filings/capitaliq/Estimates/Guidance/SPGlobal_GrupoBimbo,S.A.B.deC.V._Guidance_20-Sep-2026 (1).xlsx",Guidance,34
2026-09-20,guidance [Revisions by Announced Date],Company,announced 2024-04-22,Revenue,Actual/Latest,Actual,FY 2024,FY,2024,,2024-12-31,408335000,,,408335000,Mex$000,MXN,"filings/capitaliq/Estimates/Guidance/SPGlobal_GrupoBimbo,S.A.B.deC.V._Guidance_20-Sep-2026 (1).xlsx",Guidance,34
2026-09-20,guidance [Revisions by Announced Date],Company,announced 2024-07-24,Revenue,Actual/Latest,Actual,FY 2024,FY,2024,,2024-12-31,408335000,,,408335000,Mex$000,MXN,"filings/capitaliq/Estimates/Guidance/SPGlobal_GrupoBimbo,S.A.B.deC.V._Guidance_20-Sep-2026 (1).xlsx",Guidance,34
2026-09-20,guidance [Revisions by Announced Date],Company,announced 2024-10-29,Revenue,Actual/Latest,Actual,FY 2024,FY,2024,,2024-12-31,408335000,,,408335000,Mex$000,MXN,"filings/capitaliq/Estimates/Guidance/SPGlobal_GrupoBimbo,S.A.B.deC.V._Guidance_20-Sep-2026 (1).xlsx",Guidance,34
2026-09-20,guidance [Revisions by Announced Date],Company,announced 2025-02-27,Revenue,Actual/Latest,Actual,FY 2025,FY,2025,,2025-12-31,426952000,,,426952000,Mex$000,MXN,"filings/capitaliq/Estimates/Guidance/SPGlobal_GrupoBimbo,S.A.B.deC.V._Guidance_20-Sep-2026 (1).xlsx",Guidance,34
2026-09-20,guidance [Revisions by Announced Date],Company,announced 2025-04-29,Revenue,Actual/Latest,Actual,FY 2025,FY,2025,,2025-12-31,426952000,,,426952000,Mex$000,MXN,"filings/capitaliq/Estimates/Guidance/SPGlobal_GrupoBimbo,S.A.B.deC.V._Guidance_20-Sep-2026 (1).xlsx",Guidance,34
2026-09-20,guidance [Revisions by Announced Date],Company,announced 2025-07-24,Revenue,Actual/Latest,Actual,FY 2025,FY,2025,,2025-12-31,426952000,,,426952000,Mex$000,MXN,"filings/capitaliq/Estimates/Guidance/SPGlobal_GrupoBimbo,S.A.B.deC.V._Guidance_20-Sep-2026 (1).xlsx",Guidance,34
2026-09-20,guidance [Revisions by Announced Date],Company,announced 2025-08-12,Revenue,Actual/Latest,Actual,FY 2025,FY,2025,,2025-12-31,426952000,,,426952000,Mex$000,MXN,"filings/capitaliq/Estimates/Guidance/SPGlobal_GrupoBimbo,S.A.B.deC.V._Guidance_20-Sep-2026 (1).xlsx",Guidance,34
2026-09-20,guidance [Revisions by Announced Date],Company,announced 2025-10-28,Revenue,Actual/Latest,Actual,FY 2025,FY,2025,,2025-12-31,426952000,,,426952000,Mex$000,MXN,"filings/capitaliq/Estimates/Guidance/SPGlobal_GrupoBimbo,S.A.B.deC.V._Guidance_20-Sep-2026 (1).xlsx",Guidance,34
2026-09-20,guidance [Revisions by Announced Date],Company,announced 2020-07-27,Revenue,Actual/Latest,% Difference,FY 2020,FY,2020,,2020-12-31,3.09,,,3.09,%,MXN,"filings/capitaliq/Estimates/Guidance/SPGlobal_GrupoBimbo,S.A.B.deC.V._Guidance_20-Sep-2026 (1).xlsx",Guidance,35
2026-09-20,guidance [Revisions by Announced Date],Company,announced 2020-10-21,Revenue,Actual/Latest,% Difference,FY 2020,FY,2020,,2020-12-31,3.09,,,3.09,%,MXN,"filings/capitaliq/Estimates/Guidance/SPGlobal_GrupoBimbo,S.A.B.deC.V._Guidance_20-Sep-2026 (1).xlsx",Guidance,35
2026-09-20,guidance [Revisions by Announced Date],Company,announced 2021-02-24,Revenue,Actual/Latest,% Difference,FY 2021,FY,2021,,2021-12-31,2.32,,,2.32,%,MXN,"filings/capitaliq/Estimates/Guidance/SPGlobal_GrupoBimbo,S.A.B.deC.V._Guidance_20-Sep-2026 (1).xlsx",Guidance,35
2026-09-20,guidance [Revisions by Announced Date],Company,announced 2021-04-28,Revenue,Actual/Latest,% Difference,FY 2021,FY,2021,,2021-12-31,2.32,,,2.32,%,MXN,"filings/capitaliq/Estimates/Guidance/SPGlobal_GrupoBimbo,S.A.B.deC.V._Guidance_20-Sep-2026 (1).xlsx",Guidance,35
2026-09-20,guidance [Revisions by Announced Date],Company,announced 2021-10-28,Revenue,Actual/Latest,% Difference,FY 2021,FY,2021,,2021-12-31,2.32,,,2.32,%,MXN,"filings/capitaliq/Estimates/Guidance/SPGlobal_GrupoBimbo,S.A.B.deC.V._Guidance_20-Sep-2026 (1).xlsx",Guidance,35
2026-09-20,guidance [Revisions by Announced Date],Company,announced 2021-10-28,Revenue,Actual/Latest,% Difference,FY 2022,FY,2022,,2022-12-31,-0.63,,,-0.63,%,MXN,"filings/capitaliq/Estimates/Guidance/SPGlobal_GrupoBimbo,S.A.B.deC.V._Guidance_20-Sep-2026 (1).xlsx",Guidance,35
2026-09-20,guidance [Revisions by Announced Date],Company,announced 2022-02-22,Revenue,Actual/Latest,% Difference,FY 2022,FY,2022,,2022-12-31,-0.63,,,-0.63,%,MXN,"filings/capitaliq/Estimates/Guidance/SPGlobal_GrupoBimbo,S.A.B.deC.V._Guidance_20-Sep-2026 (1).xlsx",Guidance,35
2026-09-20,guidance [Revisions by Announced Date],Company,announced 2022-04-26,Revenue,Actual/Latest,% Difference,FY 2022,FY,2022,,2022-12-31,-0.63,,,-0.63,%,MXN,"filings/capitaliq/Estimates/Guidance/SPGlobal_GrupoBimbo,S.A.B.deC.V._Guidance_20-Sep-2026 (1).xlsx",Guidance,35
2026-09-20,guidance [Revisions by Announced Date],Company,announced 2022-07-21,Revenue,Actual/Latest,% Difference,FY 2022,FY,2022,,2022-12-31,-0.63,,,-0.63,%,MXN,"filings/capitaliq/Estimates/Guidance/SPGlobal_GrupoBimbo,S.A.B.deC.V._Guidance_20-Sep-2026 (1).xlsx",Guidance,35
2026-09-20,guidance [Revisions by Announced Date],Company,announced 2022-10-27,Revenue,Actual/Latest,% Difference,FY 2022,FY,2022,,2022-12-31,-0.63,,,-0.63,%,MXN,"filings/capitaliq/Estimates/Guidance/SPGlobal_GrupoBimbo,S.A.B.deC.V._Guidance_20-Sep-2026 (1).xlsx",Guidance,35
2026-09-20,guidance [Revisions by Announced Date],Company,announced 2023-02-22,Revenue,Actual/Latest,% Difference,FY 2023,FY,2023,,2023-12-31,-0.7,,,-0.7,%,MXN,"filings/capitaliq/Estimates/Guidance/SPGlobal_GrupoBimbo,S.A.B.deC.V._Guidance_20-Sep-2026 (1).xlsx",Guidance,35
2026-09-20,guidance [Revisions by Announced Date],Company,announced 2023-04-27,Revenue,Actual/Latest,% Difference,FY 2023,FY,2023,,2023-12-31,-0.7,,,-0.7,%,MXN,"filings/capitaliq/Estimates/Guidance/SPGlobal_GrupoBimbo,S.A.B.deC.V._Guidance_20-Sep-2026 (1).xlsx",Guidance,35
2026-09-20,guidance [Revisions by Announced Date],Company,announced 2023-07-25,Revenue,Actual/Latest,% Difference,FY 2023,FY,2023,,2023-12-31,-0.7,,,-0.7,%,MXN,"filings/capitaliq/Estimates/Guidance/SPGlobal_GrupoBimbo,S.A.B.deC.V._Guidance_20-Sep-2026 (1).xlsx",Guidance,35
2026-09-20,guidance [Revisions by Announced Date],Company,announced 2023-10-26,Revenue,Actual/Latest,% Difference,FY 2023,FY,2023,,2023-12-31,-0.7,,,-0.7,%,MXN,"filings/capitaliq/Estimates/Guidance/SPGlobal_GrupoBimbo,S.A.B.deC.V._Guidance_20-Sep-2026 (1).xlsx",Guidance,35
2026-09-20,guidance [Revisions by Announced Date],Company,announced 2024-02-19,Revenue,Actual/Latest,% Difference,FY 2024,FY,2024,,2024-12-31,1.1,,,1.1,%,MXN,"filings/capitaliq/Estimates/Guidance/SPGlobal_GrupoBimbo,S.A.B.deC.V._Guidance_20-Sep-2026 (1).xlsx",Guidance,35
2026-09-20,guidance [Revisions by Announced Date],Company,announced 2024-04-22,Revenue,Actual/Latest,% Difference,FY 2024,FY,2024,,2024-12-31,1.1,,,1.1,%,MXN,"filings/capitaliq/Estimates/Guidance/SPGlobal_GrupoBimbo,S.A.B.deC.V._Guidance_20-Sep-2026 (1).xlsx",Guidance,35
2026-09-20,guidance [Revisions by Announced Date],Company,announced 2024-07-24,Revenue,Actual/Latest,% Difference,FY 2024,FY,2024,,2024-12-31,1.1,,,1.1,%,MXN,"filings/capitaliq/Estimates/Guidance/SPGlobal_GrupoBimbo,S.A.B.deC.V._Guidance_20-Sep-2026 (1).xlsx",Guidance,35
2026-09-20,guidance [Revisions by Announced Date],Company,announced 2024-10-29,Revenue,Actual/Latest,% Difference,FY 2024,FY,2024,,2024-12-31,1.1,,,1.1,%,MXN,"filings/capitaliq/Estimates/Guidance/SPGlobal_GrupoBimbo,S.A.B.deC.V._Guidance_20-Sep-2026 (1).xlsx",Guidance,35
2026-09-20,guidance [Revisions by Announced Date],Company,announced 2020-02-21,EBITDA,Guidance,Guidance,FY 2020,FY,2020,,2020-12-31,34763040,36434340,range,"34,763,040.00 - 36,434,340.00",Mex$000,MXN,"filings/capitaliq/Estimates/Guidance/SPGlobal_GrupoBimbo,S.A.B.deC.V._Guidance_20-Sep-2026 (1).xlsx",Guidance,37
2026-09-20,guidance [Revisions by Announced Date],Company,announced 2020-07-27,EBITDA,Guidance,Guidance,FY 2020,FY,2020,,2020-12-31,38439900,39776940,range,"38,439,900.00 - 39,776,940.00",Mex$000,MXN,"filings/capitaliq/Estimates/Guidance/SPGlobal_GrupoBimbo,S.A.B.deC.V._Guidance_20-Sep-2026 (1).xlsx",Guidance,37
2026-09-20,guidance [Revisions by Announced Date],Company,announced 2020-10-21,EBITDA,Guidance,Guidance,FY 2020,FY,2020,,2020-12-31,38439900,39776940,range,"38,439,900.00 - 39,776,940.00",Mex$000,MXN,"filings/capitaliq/Estimates/Guidance/SPGlobal_GrupoBimbo,S.A.B.deC.V._Guidance_20-Sep-2026 (1).xlsx",Guidance,37
2026-09-20,guidance [Revisions by Announced Date],Company,announced 2021-02-24,EBITDA,Guidance,Guidance,FY 2021,FY,2021,,2021-12-31,45193000,,,45193000,Mex$000,MXN,"filings/capitaliq/Estimates/Guidance/SPGlobal_GrupoBimbo,S.A.B.deC.V._Guidance_20-Sep-2026 (1).xlsx",Guidance,37
2026-09-20,guidance [Revisions by Announced Date],Company,announced 2021-04-28,EBITDA,Guidance,Guidance,FY 2021,FY,2021,,2021-12-31,38439900,39776940,range,"38,439,900.00 - 39,776,940.00",Mex$000,MXN,"filings/capitaliq/Estimates/Guidance/SPGlobal_GrupoBimbo,S.A.B.deC.V._Guidance_20-Sep-2026 (1).xlsx",Guidance,37
2026-09-20,guidance [Revisions by Announced Date],Company,announced 2021-10-28,EBITDA,Guidance,Guidance,FY 2021,FY,2021,,2021-12-31,48356510,49260370,range,"48,356,510.00 - 49,260,370.00",Mex$000,MXN,"filings/capitaliq/Estimates/Guidance/SPGlobal_GrupoBimbo,S.A.B.deC.V._Guidance_20-Sep-2026 (1).xlsx",Guidance,37
2026-09-20,guidance [Revisions by Announced Date],Company,announced 2021-10-28,EBITDA,Guidance,Guidance,FY 2022,FY,2022,,2022-12-31,50290770.4,53693803.3,range,"50,290,770.40 - 53,693,803.30",Mex$000,MXN,"filings/capitaliq/Estimates/Guidance/SPGlobal_GrupoBimbo,S.A.B.deC.V._Guidance_20-Sep-2026 (1).xlsx",Guidance,37
2026-09-20,guidance [Revisions by Announced Date],Company,announced 2022-02-22,EBITDA,Guidance,Guidance,FY 2022,FY,2022,,2022-12-31,52620460,53604020,range,"52,620,460.00 - 53,604,020.00",Mex$000,MXN,"filings/capitaliq/Estimates/Guidance/SPGlobal_GrupoBimbo,S.A.B.deC.V._Guidance_20-Sep-2026 (1).xlsx",Guidance,37
2026-09-20,guidance [Revisions by Announced Date],Company,announced 2022-04-26,EBITDA,Guidance,Guidance,FY 2022,FY,2022,,2022-12-31,51145120,53604020,range,"51,145,120.00 - 53,604,020.00",Mex$000,MXN,"filings/capitaliq/Estimates/Guidance/SPGlobal_GrupoBimbo,S.A.B.deC.V._Guidance_20-Sep-2026 (1).xlsx",Guidance,37
2026-09-20,guidance [Revisions by Announced Date],Company,announced 2022-07-21,EBITDA,Guidance,Guidance,FY 2022,FY,2022,,2022-12-31,52620460,53604020,range,"52,620,460.00 - 53,604,020.00",Mex$000,MXN,"filings/capitaliq/Estimates/Guidance/SPGlobal_GrupoBimbo,S.A.B.deC.V._Guidance_20-Sep-2026 (1).xlsx",Guidance,37
2026-09-20,guidance [Revisions by Announced Date],Company,announced 2022-10-27,EBITDA,Guidance,Guidance,FY 2022,FY,2022,,2022-12-31,54095800,,GL,"54,095,800.00 GL",Mex$000,MXN,"filings/capitaliq/Estimates/Guidance/SPGlobal_GrupoBimbo,S.A.B.deC.V._Guidance_20-Sep-2026 (1).xlsx",Guidance,37
2026-09-20,guidance [Revisions by Announced Date],Company,announced 2023-02-22,EBITDA,Guidance,Guidance,FY 2023,FY,2023,,2023-12-31,57186150,58255050,range,"57,186,150.00 - 58,255,050.00",Mex$000,MXN,"filings/capitaliq/Estimates/Guidance/SPGlobal_GrupoBimbo,S.A.B.deC.V._Guidance_20-Sep-2026 (1).xlsx",Guidance,37
2026-09-20,guidance [Revisions by Announced Date],Company,announced 2023-04-27,EBITDA,Guidance,Guidance,FY 2023,FY,2023,,2023-12-31,57186150,58255050,range,"57,186,150.00 - 58,255,050.00",Mex$000,MXN,"filings/capitaliq/Estimates/Guidance/SPGlobal_GrupoBimbo,S.A.B.deC.V._Guidance_20-Sep-2026 (1).xlsx",Guidance,37
2026-09-20,guidance [Revisions by Announced Date],Company,announced 2023-07-25,EBITDA,Guidance,Guidance,FY 2023,FY,2023,,2023-12-31,55582800,58255050,range,"55,582,800.00 - 58,255,050.00",Mex$000,MXN,"filings/capitaliq/Estimates/Guidance/SPGlobal_GrupoBimbo,S.A.B.deC.V._Guidance_20-Sep-2026 (1).xlsx",Guidance,37
2026-09-20,guidance [Revisions by Announced Date],Company,announced 2023-10-26,EBITDA,Guidance,Guidance,FY 2023,FY,2023,,2023-12-31,55582800,58255050,range,"55,582,800.00 - 58,255,050.00",Mex$000,MXN,"filings/capitaliq/Estimates/Guidance/SPGlobal_GrupoBimbo,S.A.B.deC.V._Guidance_20-Sep-2026 (1).xlsx",Guidance,37
2026-09-20,guidance [Revisions by Announced Date],Company,announced 2024-02-19,EBITDA,Guidance,Guidance,FY 2024,FY,2024,,2024-12-31,55491420,58238520,range,"55,491,420.00 - 58,238,520.00",Mex$000,MXN,"filings/capitaliq/Estimates/Guidance/SPGlobal_GrupoBimbo,S.A.B.deC.V._Guidance_20-Sep-2026 (1).xlsx",Guidance,37
2026-09-20,guidance [Revisions by Announced Date],Company,announced 2024-04-22,EBITDA,Guidance,Guidance,FY 2024,FY,2024,,2024-12-31,55491420,56590260,range,"55,491,420.00 - 56,590,260.00",Mex$000,MXN,"filings/capitaliq/Estimates/Guidance/SPGlobal_GrupoBimbo,S.A.B.deC.V._Guidance_20-Sep-2026 (1).xlsx",Guidance,37
2026-09-20,guidance [Revisions by Announced Date],Company,announced 2024-07-24,EBITDA,Guidance,Guidance,FY 2024,FY,2024,,2024-12-31,55491420,56590260,range,"55,491,420.00 - 56,590,260.00",Mex$000,MXN,"filings/capitaliq/Estimates/Guidance/SPGlobal_GrupoBimbo,S.A.B.deC.V._Guidance_20-Sep-2026 (1).xlsx",Guidance,37
2026-09-20,guidance [Revisions by Announced Date],Company,announced 2024-10-29,EBITDA,Guidance,Guidance,FY 2024,FY,2024,,2024-12-31,55491420,56590260,range,"55,491,420.00 - 56,590,260.00",Mex$000,MXN,"filings/capitaliq/Estimates/Guidance/SPGlobal_GrupoBimbo,S.A.B.deC.V._Guidance_20-Sep-2026 (1).xlsx",Guidance,37
2026-09-20,guidance [Revisions by Announced Date],Company,announced 2025-02-27,EBITDA,Guidance,Guidance,FY 2025,FY,2025,,2025-12-31,66027769.5,,GL,"66,027,769.50 GL",Mex$000,MXN,"filings/capitaliq/Estimates/Guidance/SPGlobal_GrupoBimbo,S.A.B.deC.V._Guidance_20-Sep-2026 (1).xlsx",Guidance,37
2026-09-20,guidance [Revisions by Announced Date],Company,announced 2025-04-29,EBITDA,Guidance,Guidance,FY 2025,FY,2025,,2025-12-31,57692960,58802440,range,"57,692,960.00 - 58,802,440.00",Mex$000,MXN,"filings/capitaliq/Estimates/Guidance/SPGlobal_GrupoBimbo,S.A.B.deC.V._Guidance_20-Sep-2026 (1).xlsx",Guidance,37
2026-09-20,guidance [Revisions by Announced Date],Company,announced 2025-07-24,EBITDA,Guidance,Guidance,FY 2025,FY,2025,,2025-12-31,57754902.4,,GL,"57,754,902.40 GL",Mex$000,MXN,"filings/capitaliq/Estimates/Guidance/SPGlobal_GrupoBimbo,S.A.B.deC.V._Guidance_20-Sep-2026 (1).xlsx",Guidance,37
2026-09-20,guidance [Revisions by Announced Date],Company,announced 2025-08-12,EBITDA,Guidance,Guidance,FY 2025,FY,2025,,2025-12-31,56028740,58802440,range,"56,028,740.00 - 58,802,440.00",Mex$000,MXN,"filings/capitaliq/Estimates/Guidance/SPGlobal_GrupoBimbo,S.A.B.deC.V._Guidance_20-Sep-2026 (1).xlsx",Guidance,37
2026-09-20,guidance [Revisions by Announced Date],Company,announced 2025-10-29,EBITDA,Guidance,Guidance,FY 2025,FY,2025,,2025-12-31,56028740,58802440,range,"56,028,740.00 - 58,802,440.00",Mex$000,MXN,"filings/capitaliq/Estimates/Guidance/SPGlobal_GrupoBimbo,S.A.B.deC.V._Guidance_20-Sep-2026 (1).xlsx",Guidance,37
2026-09-20,guidance [Revisions by Announced Date],Company,announced 2026-02-26,EBITDA,Guidance,Guidance,FY 2026,FY,2026,,2026-12-31,59456000,,GL,"59,456,000.00 GL",Mex$000,MXN,"filings/capitaliq/Estimates/Guidance/SPGlobal_GrupoBimbo,S.A.B.deC.V._Guidance_20-Sep-2026 (1).xlsx",Guidance,37
2026-09-20,guidance [Revisions by Announced Date],Company,announced 2026-04-29,EBITDA,Guidance,Guidance,FY 2026,FY,2026,,2026-12-31,60050798.8,64042800,range,"60,050,798.80 - 64,042,800.00",Mex$000,MXN,"filings/capitaliq/Estimates/Guidance/SPGlobal_GrupoBimbo,S.A.B.deC.V._Guidance_20-Sep-2026 (1).xlsx",Guidance,37
2026-09-20,guidance [Revisions by Announced Date],Company,announced 2026-06-15,EBITDA,Guidance,Guidance,FY 2026,FY,2026,,2026-12-31,60050798.8,64042800,range,"60,050,798.80 - 64,042,800.00",Mex$000,MXN,"filings/capitaliq/Estimates/Guidance/SPGlobal_GrupoBimbo,S.A.B.deC.V._Guidance_20-Sep-2026 (1).xlsx",Guidance,37
2026-09-20,guidance [Revisions by Announced Date],Company,announced 2026-07-23,EBITDA,Guidance,Guidance,FY 2026,FY,2026,,2026-12-31,60464942.2,64469752,range,"60,464,942.20 - 64,469,752.00",Mex$000,MXN,"filings/capitaliq/Estimates/Guidance/SPGlobal_GrupoBimbo,S.A.B.deC.V._Guidance_20-Sep-2026 (1).xlsx",Guidance,37
2026-09-20,guidance [Revisions by Announced Date],Company,announced 2020-02-21,EBITDA,As Of Guidance,Guidance Date,FY 2020,FY,2020,,2020-12-31,,,text,2/21/2020,date,MXN,"filings/capitaliq/Estimates/Guidance/SPGlobal_GrupoBimbo,S.A.B.deC.V._Guidance_20-Sep-2026 (1).xlsx",Guidance,39
2026-09-20,guidance [Revisions by Announced Date],Company,announced 2020-07-27,EBITDA,As Of Guidance,Guidance Date,FY 2020,FY,2020,,2020-12-31,,,text,7/27/2020,date,MXN,"filings/capitaliq/Estimates/Guidance/SPGlobal_GrupoBimbo,S.A.B.deC.V._Guidance_20-Sep-2026 (1).xlsx",Guidance,39
2026-09-20,guidance [Revisions by Announced Date],Company,announced 2020-10-21,EBITDA,As Of Guidance,Guidance Date,FY 2020,FY,2020,,2020-12-31,,,text,10/21/2020,date,MXN,"filings/capitaliq/Estimates/Guidance/SPGlobal_GrupoBimbo,S.A.B.deC.V._Guidance_20-Sep-2026 (1).xlsx",Guidance,39
2026-09-20,guidance [Revisions by Announced Date],Company,announced 2021-02-24,EBITDA,As Of Guidance,Guidance Date,FY 2021,FY,2021,,2021-12-31,,,text,2/24/2021,date,MXN,"filings/capitaliq/Estimates/Guidance/SPGlobal_GrupoBimbo,S.A.B.deC.V._Guidance_20-Sep-2026 (1).xlsx",Guidance,39
2026-09-20,guidance [Revisions by Announced Date],Company,announced 2021-04-28,EBITDA,As Of Guidance,Guidance Date,FY 2021,FY,2021,,2021-12-31,,,text,4/28/2021,date,MXN,"filings/capitaliq/Estimates/Guidance/SPGlobal_GrupoBimbo,S.A.B.deC.V._Guidance_20-Sep-2026 (1).xlsx",Guidance,39
2026-09-20,guidance [Revisions by Announced Date],Company,announced 2021-10-28,EBITDA,As Of Guidance,Guidance Date,FY 2021,FY,2021,,2021-12-31,,,text,10/28/2021,date,MXN,"filings/capitaliq/Estimates/Guidance/SPGlobal_GrupoBimbo,S.A.B.deC.V._Guidance_20-Sep-2026 (1).xlsx",Guidance,39
2026-09-20,guidance [Revisions by Announced Date],Company,announced 2021-10-28,EBITDA,As Of Guidance,Guidance Date,FY 2022,FY,2022,,2022-12-31,,,text,10/28/2021,date,MXN,"filings/capitaliq/Estimates/Guidance/SPGlobal_GrupoBimbo,S.A.B.deC.V._Guidance_20-Sep-2026 (1).xlsx",Guidance,39
2026-09-20,guidance [Revisions by Announced Date],Company,announced 2022-02-22,EBITDA,As Of Guidance,Guidance Date,FY 2022,FY,2022,,2022-12-31,,,text,2/22/2022,date,MXN,"filings/capitaliq/Estimates/Guidance/SPGlobal_GrupoBimbo,S.A.B.deC.V._Guidance_20-Sep-2026 (1).xlsx",Guidance,39
2026-09-20,guidance [Revisions by Announced Date],Company,announced 2022-04-26,EBITDA,As Of Guidance,Guidance Date,FY 2022,FY,2022,,2022-12-31,,,text,4/26/2022,date,MXN,"filings/capitaliq/Estimates/Guidance/SPGlobal_GrupoBimbo,S.A.B.deC.V._Guidance_20-Sep-2026 (1).xlsx",Guidance,39
2026-09-20,guidance [Revisions by Announced Date],Company,announced 2022-07-21,EBITDA,As Of Guidance,Guidance Date,FY 2022,FY,2022,,2022-12-31,,,text,7/21/2022,date,MXN,"filings/capitaliq/Estimates/Guidance/SPGlobal_GrupoBimbo,S.A.B.deC.V._Guidance_20-Sep-2026 (1).xlsx",Guidance,39
2026-09-20,guidance [Revisions by Announced Date],Company,announced 2022-10-27,EBITDA,As Of Guidance,Guidance Date,FY 2022,FY,2022,,2022-12-31,,,text,10/27/2022,date,MXN,"filings/capitaliq/Estimates/Guidance/SPGlobal_GrupoBimbo,S.A.B.deC.V._Guidance_20-Sep-2026 (1).xlsx",Guidance,39
2026-09-20,guidance [Revisions by Announced Date],Company,announced 2023-02-22,EBITDA,As Of Guidance,Guidance Date,FY 2023,FY,2023,,2023-12-31,,,text,2/22/2023,date,MXN,"filings/capitaliq/Estimates/Guidance/SPGlobal_GrupoBimbo,S.A.B.deC.V._Guidance_20-Sep-2026 (1).xlsx",Guidance,39
2026-09-20,guidance [Revisions by Announced Date],Company,announced 2023-04-27,EBITDA,As Of Guidance,Guidance Date,FY 2023,FY,2023,,2023-12-31,,,text,4/27/2023,date,MXN,"filings/capitaliq/Estimates/Guidance/SPGlobal_GrupoBimbo,S.A.B.deC.V._Guidance_20-Sep-2026 (1).xlsx",Guidance,39
2026-09-20,guidance [Revisions by Announced Date],Company,announced 2023-07-25,EBITDA,As Of Guidance,Guidance Date,FY 2023,FY,2023,,2023-12-31,,,text,7/25/2023,date,MXN,"filings/capitaliq/Estimates/Guidance/SPGlobal_GrupoBimbo,S.A.B.deC.V._Guidance_20-Sep-2026 (1).xlsx",Guidance,39
2026-09-20,guidance [Revisions by Announced Date],Company,announced 2023-10-26,EBITDA,As Of Guidance,Guidance Date,FY 2023,FY,2023,,2023-12-31,,,text,10/26/2023,date,MXN,"filings/capitaliq/Estimates/Guidance/SPGlobal_GrupoBimbo,S.A.B.deC.V._Guidance_20-Sep-2026 (1).xlsx",Guidance,39
2026-09-20,guidance [Revisions by Announced Date],Company,announced 2024-02-19,EBITDA,As Of Guidance,Guidance Date,FY 2024,FY,2024,,2024-12-31,,,text,2/19/2024,date,MXN,"filings/capitaliq/Estimates/Guidance/SPGlobal_GrupoBimbo,S.A.B.deC.V._Guidance_20-Sep-2026 (1).xlsx",Guidance,39
2026-09-20,guidance [Revisions by Announced Date],Company,announced 2024-04-22,EBITDA,As Of Guidance,Guidance Date,FY 2024,FY,2024,,2024-12-31,,,text,4/22/2024,date,MXN,"filings/capitaliq/Estimates/Guidance/SPGlobal_GrupoBimbo,S.A.B.deC.V._Guidance_20-Sep-2026 (1).xlsx",Guidance,39
2026-09-20,guidance [Revisions by Announced Date],Company,announced 2024-07-24,EBITDA,As Of Guidance,Guidance Date,FY 2024,FY,2024,,2024-12-31,,,text,7/24/2024,date,MXN,"filings/capitaliq/Estimates/Guidance/SPGlobal_GrupoBimbo,S.A.B.deC.V._Guidance_20-Sep-2026 (1).xlsx",Guidance,39
2026-09-20,guidance [Revisions by Announced Date],Company,announced 2024-10-29,EBITDA,As Of Guidance,Guidance Date,FY 2024,FY,2024,,2024-12-31,,,text,10/29/2024,date,MXN,"filings/capitaliq/Estimates/Guidance/SPGlobal_GrupoBimbo,S.A.B.deC.V._Guidance_20-Sep-2026 (1).xlsx",Guidance,39
2026-09-20,guidance [Revisions by Announced Date],Company,announced 2025-02-27,EBITDA,As Of Guidance,Guidance Date,FY 2025,FY,2025,,2025-12-31,,,text,2/26/2025,date,MXN,"filings/capitaliq/Estimates/Guidance/SPGlobal_GrupoBimbo,S.A.B.deC.V._Guidance_20-Sep-2026 (1).xlsx",Guidance,39
2026-09-20,guidance [Revisions by Announced Date],Company,announced 2025-04-29,EBITDA,As Of Guidance,Guidance Date,FY 2025,FY,2025,,2025-12-31,,,text,4/29/2025,date,MXN,"filings/capitaliq/Estimates/Guidance/SPGlobal_GrupoBimbo,S.A.B.deC.V._Guidance_20-Sep-2026 (1).xlsx",Guidance,39
2026-09-20,guidance [Revisions by Announced Date],Company,announced 2025-07-24,EBITDA,As Of Guidance,Guidance Date,FY 2025,FY,2025,,2025-12-31,,,text,7/24/2025,date,MXN,"filings/capitaliq/Estimates/Guidance/SPGlobal_GrupoBimbo,S.A.B.deC.V._Guidance_20-Sep-2026 (1).xlsx",Guidance,39
2026-09-20,guidance [Revisions by Announced Date],Company,announced 2025-08-12,EBITDA,As Of Guidance,Guidance Date,FY 2025,FY,2025,,2025-12-31,,,text,8/12/2025,date,MXN,"filings/capitaliq/Estimates/Guidance/SPGlobal_GrupoBimbo,S.A.B.deC.V._Guidance_20-Sep-2026 (1).xlsx",Guidance,39
2026-09-20,guidance [Revisions by Announced Date],Company,announced 2025-10-29,EBITDA,As Of Guidance,Guidance Date,FY 2025,FY,2025,,2025-12-31,,,text,10/29/2025,date,MXN,"filings/capitaliq/Estimates/Guidance/SPGlobal_GrupoBimbo,S.A.B.deC.V._Guidance_20-Sep-2026 (1).xlsx",Guidance,39
2026-09-20,guidance [Revisions by Announced Date],Company,announced 2026-02-26,EBITDA,As Of Guidance,Guidance Date,FY 2026,FY,2026,,2026-12-31,,,text,2/26/2026,date,MXN,"filings/capitaliq/Estimates/Guidance/SPGlobal_GrupoBimbo,S.A.B.deC.V._Guidance_20-Sep-2026 (1).xlsx",Guidance,39
2026-09-20,guidance [Revisions by Announced Date],Company,announced 2026-04-29,EBITDA,As Of Guidance,Guidance Date,FY 2026,FY,2026,,2026-12-31,,,text,4/29/2026,date,MXN,"filings/capitaliq/Estimates/Guidance/SPGlobal_GrupoBimbo,S.A.B.deC.V._Guidance_20-Sep-2026 (1).xlsx",Guidance,39
2026-09-20,guidance [Revisions by Announced Date],Company,announced 2026-06-15,EBITDA,As Of Guidance,Guidance Date,FY 2026,FY,2026,,2026-12-31,,,text,6/15/2026,date,MXN,"filings/capitaliq/Estimates/Guidance/SPGlobal_GrupoBimbo,S.A.B.deC.V._Guidance_20-Sep-2026 (1).xlsx",Guidance,39
2026-09-20,guidance [Revisions by Announced Date],Company,announced 2026-07-23,EBITDA,As Of Guidance,Guidance Date,FY 2026,FY,2026,,2026-12-31,,,text,7/23/2026,date,MXN,"filings/capitaliq/Estimates/Guidance/SPGlobal_GrupoBimbo,S.A.B.deC.V._Guidance_20-Sep-2026 (1).xlsx",Guidance,39
2026-09-20,guidance [Revisions by Announced Date],Company,announced 2020-02-21,EBITDA,As Of Guidance,Consensus Estimate,FY 2020,FY,2020,,2020-12-31,34317558.97,,,34317558.97,Mex$000,MXN,"filings/capitaliq/Estimates/Guidance/SPGlobal_GrupoBimbo,S.A.B.deC.V._Guidance_20-Sep-2026 (1).xlsx",Guidance,40
2026-09-20,guidance [Revisions by Announced Date],Company,announced 2020-07-27,EBITDA,As Of Guidance,Consensus Estimate,FY 2020,FY,2020,,2020-12-31,39463053.95,,,39463053.95,Mex$000,MXN,"filings/capitaliq/Estimates/Guidance/SPGlobal_GrupoBimbo,S.A.B.deC.V._Guidance_20-Sep-2026 (1).xlsx",Guidance,40
2026-09-20,guidance [Revisions by Announced Date],Company,announced 2020-10-21,EBITDA,As Of Guidance,Consensus Estimate,FY 2020,FY,2020,,2020-12-31,43300237.95,,,43300237.95,Mex$000,MXN,"filings/capitaliq/Estimates/Guidance/SPGlobal_GrupoBimbo,S.A.B.deC.V._Guidance_20-Sep-2026 (1).xlsx",Guidance,40
2026-09-20,guidance [Revisions by Announced Date],Company,announced 2021-02-24,EBITDA,As Of Guidance,Consensus Estimate,FY 2021,FY,2021,,2021-12-31,42995015.36,,,42995015.36,Mex$000,MXN,"filings/capitaliq/Estimates/Guidance/SPGlobal_GrupoBimbo,S.A.B.deC.V._Guidance_20-Sep-2026 (1).xlsx",Guidance,40
2026-09-20,guidance [Revisions by Announced Date],Company,announced 2021-04-28,EBITDA,As Of Guidance,Consensus Estimate,FY 2021,FY,2021,,2021-12-31,43987660.94,,,43987660.94,Mex$000,MXN,"filings/capitaliq/Estimates/Guidance/SPGlobal_GrupoBimbo,S.A.B.deC.V._Guidance_20-Sep-2026 (1).xlsx",Guidance,40
2026-09-20,guidance [Revisions by Announced Date],Company,announced 2021-10-28,EBITDA,As Of Guidance,Consensus Estimate,FY 2021,FY,2021,,2021-12-31,47742853.9,,,47742853.9,Mex$000,MXN,"filings/capitaliq/Estimates/Guidance/SPGlobal_GrupoBimbo,S.A.B.deC.V._Guidance_20-Sep-2026 (1).xlsx",Guidance,40
2026-09-20,guidance [Revisions by Announced Date],Company,announced 2021-10-28,EBITDA,As Of Guidance,Consensus Estimate,FY 2022,FY,2022,,2022-12-31,48202877.12,,,48202877.12,Mex$000,MXN,"filings/capitaliq/Estimates/Guidance/SPGlobal_GrupoBimbo,S.A.B.deC.V._Guidance_20-Sep-2026 (1).xlsx",Guidance,40
2026-09-20,guidance [Revisions by Announced Date],Company,announced 2022-02-22,EBITDA,As Of Guidance,Consensus Estimate,FY 2022,FY,2022,,2022-12-31,51932828.64,,,51932828.64,Mex$000,MXN,"filings/capitaliq/Estimates/Guidance/SPGlobal_GrupoBimbo,S.A.B.deC.V._Guidance_20-Sep-2026 (1).xlsx",Guidance,40
2026-09-20,guidance [Revisions by Announced Date],Company,announced 2022-04-26,EBITDA,As Of Guidance,Consensus Estimate,FY 2022,FY,2022,,2022-12-31,51417764.89,,,51417764.89,Mex$000,MXN,"filings/capitaliq/Estimates/Guidance/SPGlobal_GrupoBimbo,S.A.B.deC.V._Guidance_20-Sep-2026 (1).xlsx",Guidance,40
2026-09-20,guidance [Revisions by Announced Date],Company,announced 2022-07-21,EBITDA,As Of Guidance,Consensus Estimate,FY 2022,FY,2022,,2022-12-31,52612878.31,,,52612878.31,Mex$000,MXN,"filings/capitaliq/Estimates/Guidance/SPGlobal_GrupoBimbo,S.A.B.deC.V._Guidance_20-Sep-2026 (1).xlsx",Guidance,40
2026-09-20,guidance [Revisions by Announced Date],Company,announced 2022-10-27,EBITDA,As Of Guidance,Consensus Estimate,FY 2022,FY,2022,,2022-12-31,53307420.39,,,53307420.39,Mex$000,MXN,"filings/capitaliq/Estimates/Guidance/SPGlobal_GrupoBimbo,S.A.B.deC.V._Guidance_20-Sep-2026 (1).xlsx",Guidance,40
2026-09-20,guidance [Revisions by Announced Date],Company,announced 2023-02-22,EBITDA,As Of Guidance,Consensus Estimate,FY 2023,FY,2023,,2023-12-31,56450129.2,,,56450129.2,Mex$000,MXN,"filings/capitaliq/Estimates/Guidance/SPGlobal_GrupoBimbo,S.A.B.deC.V._Guidance_20-Sep-2026 (1).xlsx",Guidance,40
2026-09-20,guidance [Revisions by Announced Date],Company,announced 2023-04-27,EBITDA,As Of Guidance,Consensus Estimate,FY 2023,FY,2023,,2023-12-31,57163512.32,,,57163512.32,Mex$000,MXN,"filings/capitaliq/Estimates/Guidance/SPGlobal_GrupoBimbo,S.A.B.deC.V._Guidance_20-Sep-2026 (1).xlsx",Guidance,40
2026-09-20,guidance [Revisions by Announced Date],Company,announced 2023-07-25,EBITDA,As Of Guidance,Consensus Estimate,FY 2023,FY,2023,,2023-12-31,58521447.18,,,58521447.18,Mex$000,MXN,"filings/capitaliq/Estimates/Guidance/SPGlobal_GrupoBimbo,S.A.B.deC.V._Guidance_20-Sep-2026 (1).xlsx",Guidance,40
2026-09-20,guidance [Revisions by Announced Date],Company,announced 2023-10-26,EBITDA,As Of Guidance,Consensus Estimate,FY 2023,FY,2023,,2023-12-31,57778203.14,,,57778203.14,Mex$000,MXN,"filings/capitaliq/Estimates/Guidance/SPGlobal_GrupoBimbo,S.A.B.deC.V._Guidance_20-Sep-2026 (1).xlsx",Guidance,40
2026-09-20,guidance [Revisions by Announced Date],Company,announced 2024-02-19,EBITDA,As Of Guidance,Consensus Estimate,FY 2024,FY,2024,,2024-12-31,61919545.65,,,61919545.65,Mex$000,MXN,"filings/capitaliq/Estimates/Guidance/SPGlobal_GrupoBimbo,S.A.B.deC.V._Guidance_20-Sep-2026 (1).xlsx",Guidance,40
2026-09-20,guidance [Revisions by Announced Date],Company,announced 2024-04-22,EBITDA,As Of Guidance,Consensus Estimate,FY 2024,FY,2024,,2024-12-31,58704228.1,,,58704228.1,Mex$000,MXN,"filings/capitaliq/Estimates/Guidance/SPGlobal_GrupoBimbo,S.A.B.deC.V._Guidance_20-Sep-2026 (1).xlsx",Guidance,40
2026-09-20,guidance [Revisions by Announced Date],Company,announced 2024-07-24,EBITDA,As Of Guidance,Consensus Estimate,FY 2024,FY,2024,,2024-12-31,56040271.88,,,56040271.88,Mex$000,MXN,"filings/capitaliq/Estimates/Guidance/SPGlobal_GrupoBimbo,S.A.B.deC.V._Guidance_20-Sep-2026 (1).xlsx",Guidance,40
2026-09-20,guidance [Revisions by Announced Date],Company,announced 2024-10-29,EBITDA,As Of Guidance,Consensus Estimate,FY 2024,FY,2024,,2024-12-31,56076855.86,,,56076855.86,Mex$000,MXN,"filings/capitaliq/Estimates/Guidance/SPGlobal_GrupoBimbo,S.A.B.deC.V._Guidance_20-Sep-2026 (1).xlsx",Guidance,40
2026-09-20,guidance [Revisions by Announced Date],Company,announced 2025-02-27,EBITDA,As Of Guidance,Consensus Estimate,FY 2025,FY,2025,,2025-12-31,62045452.65,,,62045452.65,Mex$000,MXN,"filings/capitaliq/Estimates/Guidance/SPGlobal_GrupoBimbo,S.A.B.deC.V._Guidance_20-Sep-2026 (1).xlsx",Guidance,40
2026-09-20,guidance [Revisions by Announced Date],Company,announced 2025-04-29,EBITDA,As Of Guidance,Consensus Estimate,FY 2025,FY,2025,,2025-12-31,60512433.73,,,60512433.73,Mex$000,MXN,"filings/capitaliq/Estimates/Guidance/SPGlobal_GrupoBimbo,S.A.B.deC.V._Guidance_20-Sep-2026 (1).xlsx",Guidance,40
2026-09-20,guidance [Revisions by Announced Date],Company,announced 2025-07-24,EBITDA,As Of Guidance,Consensus Estimate,FY 2025,FY,2025,,2025-12-31,59064563,,,59064563,Mex$000,MXN,"filings/capitaliq/Estimates/Guidance/SPGlobal_GrupoBimbo,S.A.B.deC.V._Guidance_20-Sep-2026 (1).xlsx",Guidance,40
2026-09-20,guidance [Revisions by Announced Date],Company,announced 2025-08-12,EBITDA,As Of Guidance,Consensus Estimate,FY 2025,FY,2025,,2025-12-31,59138738.8,,,59138738.8,Mex$000,MXN,"filings/capitaliq/Estimates/Guidance/SPGlobal_GrupoBimbo,S.A.B.deC.V._Guidance_20-Sep-2026 (1).xlsx",Guidance,40
2026-09-20,guidance [Revisions by Announced Date],Company,announced 2025-10-29,EBITDA,As Of Guidance,Consensus Estimate,FY 2025,FY,2025,,2025-12-31,59627935.71,,,59627935.71,Mex$000,MXN,"filings/capitaliq/Estimates/Guidance/SPGlobal_GrupoBimbo,S.A.B.deC.V._Guidance_20-Sep-2026 (1).xlsx",Guidance,40
2026-09-20,guidance [Revisions by Announced Date],Company,announced 2026-02-26,EBITDA,As Of Guidance,Consensus Estimate,FY 2026,FY,2026,,2026-12-31,63334760.23,,,63334760.23,Mex$000,MXN,"filings/capitaliq/Estimates/Guidance/SPGlobal_GrupoBimbo,S.A.B.deC.V._Guidance_20-Sep-2026 (1).xlsx",Guidance,40
2026-09-20,guidance [Revisions by Announced Date],Company,announced 2026-04-29,EBITDA,As Of Guidance,Consensus Estimate,FY 2026,FY,2026,,2026-12-31,60879780.21,,,60879780.21,Mex$000,MXN,"filings/capitaliq/Estimates/Guidance/SPGlobal_GrupoBimbo,S.A.B.deC.V._Guidance_20-Sep-2026 (1).xlsx",Guidance,40
2026-09-20,guidance [Revisions by Announced Date],Company,announced 2026-06-15,EBITDA,As Of Guidance,Consensus Estimate,FY 2026,FY,2026,,2026-12-31,62283113.71,,,62283113.71,Mex$000,MXN,"filings/capitaliq/Estimates/Guidance/SPGlobal_GrupoBimbo,S.A.B.deC.V._Guidance_20-Sep-2026 (1).xlsx",Guidance,40
2026-09-20,guidance [Revisions by Announced Date],Company,announced 2026-07-23,EBITDA,As Of Guidance,Consensus Estimate,FY 2026,FY,2026,,2026-12-31,62283139.61,,,62283139.61,Mex$000,MXN,"filings/capitaliq/Estimates/Guidance/SPGlobal_GrupoBimbo,S.A.B.deC.V._Guidance_20-Sep-2026 (1).xlsx",Guidance,40
2026-09-20,guidance [Revisions by Announced Date],Company,announced 2020-02-21,EBITDA,As Of Guidance,% Difference,FY 2020,FY,2020,,2020-12-31,1.3,,,1.3,%,MXN,"filings/capitaliq/Estimates/Guidance/SPGlobal_GrupoBimbo,S.A.B.deC.V._Guidance_20-Sep-2026 (1).xlsx",Guidance,41
2026-09-20,guidance [Revisions by Announced Date],Company,announced 2020-07-27,EBITDA,As Of Guidance,% Difference,FY 2020,FY,2020,,2020-12-31,0,,,0,%,MXN,"filings/capitaliq/Estimates/Guidance/SPGlobal_GrupoBimbo,S.A.B.deC.V._Guidance_20-Sep-2026 (1).xlsx",Guidance,41
2026-09-20,guidance [Revisions by Announced Date],Company,announced 2020-10-21,EBITDA,As Of Guidance,% Difference,FY 2020,FY,2020,,2020-12-31,-8.14,,,-8.14,%,MXN,"filings/capitaliq/Estimates/Guidance/SPGlobal_GrupoBimbo,S.A.B.deC.V._Guidance_20-Sep-2026 (1).xlsx",Guidance,41
2026-09-20,guidance [Revisions by Announced Date],Company,announced 2021-02-24,EBITDA,As Of Guidance,% Difference,FY 2021,FY,2021,,2021-12-31,5.11,,,5.11,%,MXN,"filings/capitaliq/Estimates/Guidance/SPGlobal_GrupoBimbo,S.A.B.deC.V._Guidance_20-Sep-2026 (1).xlsx",Guidance,41
2026-09-20,guidance [Revisions by Announced Date],Company,announced 2021-04-28,EBITDA,As Of Guidance,% Difference,FY 2021,FY,2021,,2021-12-31,-9.57,,,-9.57,%,MXN,"filings/capitaliq/Estimates/Guidance/SPGlobal_GrupoBimbo,S.A.B.deC.V._Guidance_20-Sep-2026 (1).xlsx",Guidance,41
2026-09-20,guidance [Revisions by Announced Date],Company,announced 2021-10-28,EBITDA,As Of Guidance,% Difference,FY 2021,FY,2021,,2021-12-31,1.29,,,1.29,%,MXN,"filings/capitaliq/Estimates/Guidance/SPGlobal_GrupoBimbo,S.A.B.deC.V._Guidance_20-Sep-2026 (1).xlsx",Guidance,41
2026-09-20,guidance [Revisions by Announced Date],Company,announced 2021-10-28,EBITDA,As Of Guidance,% Difference,FY 2022,FY,2022,,2022-12-31,4.33,,,4.33,%,MXN,"filings/capitaliq/Estimates/Guidance/SPGlobal_GrupoBimbo,S.A.B.deC.V._Guidance_20-Sep-2026 (1).xlsx",Guidance,41
2026-09-20,guidance [Revisions by Announced Date],Company,announced 2022-02-22,EBITDA,As Of Guidance,% Difference,FY 2022,FY,2022,,2022-12-31,1.32,,,1.32,%,MXN,"filings/capitaliq/Estimates/Guidance/SPGlobal_GrupoBimbo,S.A.B.deC.V._Guidance_20-Sep-2026 (1).xlsx",Guidance,41
2026-09-20,guidance [Revisions by Announced Date],Company,announced 2022-04-26,EBITDA,As Of Guidance,% Difference,FY 2022,FY,2022,,2022-12-31,0,,,0,%,MXN,"filings/capitaliq/Estimates/Guidance/SPGlobal_GrupoBimbo,S.A.B.deC.V._Guidance_20-Sep-2026 (1).xlsx",Guidance,41
2026-09-20,guidance [Revisions by Announced Date],Company,announced 2022-07-21,EBITDA,As Of Guidance,% Difference,FY 2022,FY,2022,,2022-12-31,0.01,,,0.01,%,MXN,"filings/capitaliq/Estimates/Guidance/SPGlobal_GrupoBimbo,S.A.B.deC.V._Guidance_20-Sep-2026 (1).xlsx",Guidance,41
2026-09-20,guidance [Revisions by Announced Date],Company,announced 2022-10-27,EBITDA,As Of Guidance,% Difference,FY 2022,FY,2022,,2022-12-31,1.48,,,1.48,%,MXN,"filings/capitaliq/Estimates/Guidance/SPGlobal_GrupoBimbo,S.A.B.deC.V._Guidance_20-Sep-2026 (1).xlsx",Guidance,41
2026-09-20,guidance [Revisions by Announced Date],Company,announced 2023-02-22,EBITDA,As Of Guidance,% Difference,FY 2023,FY,2023,,2023-12-31,1.3,,,1.3,%,MXN,"filings/capitaliq/Estimates/Guidance/SPGlobal_GrupoBimbo,S.A.B.deC.V._Guidance_20-Sep-2026 (1).xlsx",Guidance,41
2026-09-20,guidance [Revisions by Announced Date],Company,announced 2023-04-27,EBITDA,As Of Guidance,% Difference,FY 2023,FY,2023,,2023-12-31,0.04,,,0.04,%,MXN,"filings/capitaliq/Estimates/Guidance/SPGlobal_GrupoBimbo,S.A.B.deC.V._Guidance_20-Sep-2026 (1).xlsx",Guidance,41
2026-09-20,guidance [Revisions by Announced Date],Company,announced 2023-07-25,EBITDA,As Of Guidance,% Difference,FY 2023,FY,2023,,2023-12-31,-0.46,,,-0.46,%,MXN,"filings/capitaliq/Estimates/Guidance/SPGlobal_GrupoBimbo,S.A.B.deC.V._Guidance_20-Sep-2026 (1).xlsx",Guidance,41
2026-09-20,guidance [Revisions by Announced Date],Company,announced 2023-10-26,EBITDA,As Of Guidance,% Difference,FY 2023,FY,2023,,2023-12-31,0,,,0,%,MXN,"filings/capitaliq/Estimates/Guidance/SPGlobal_GrupoBimbo,S.A.B.deC.V._Guidance_20-Sep-2026 (1).xlsx",Guidance,41
2026-09-20,guidance [Revisions by Announced Date],Company,announced 2024-02-19,EBITDA,As Of Guidance,% Difference,FY 2024,FY,2024,,2024-12-31,-5.94,,,-5.94,%,MXN,"filings/capitaliq/Estimates/Guidance/SPGlobal_GrupoBimbo,S.A.B.deC.V._Guidance_20-Sep-2026 (1).xlsx",Guidance,41
2026-09-20,guidance [Revisions by Announced Date],Company,announced 2024-04-22,EBITDA,As Of Guidance,% Difference,FY 2024,FY,2024,,2024-12-31,-3.6,,,-3.6,%,MXN,"filings/capitaliq/Estimates/Guidance/SPGlobal_GrupoBimbo,S.A.B.deC.V._Guidance_20-Sep-2026 (1).xlsx",Guidance,41
2026-09-20,guidance [Revisions by Announced Date],Company,announced 2024-07-24,EBITDA,As Of Guidance,% Difference,FY 2024,FY,2024,,2024-12-31,0,,,0,%,MXN,"filings/capitaliq/Estimates/Guidance/SPGlobal_GrupoBimbo,S.A.B.deC.V._Guidance_20-Sep-2026 (1).xlsx",Guidance,41
2026-09-20,guidance [Revisions by Announced Date],Company,announced 2024-10-29,EBITDA,As Of Guidance,% Difference,FY 2024,FY,2024,,2024-12-31,0,,,0,%,MXN,"filings/capitaliq/Estimates/Guidance/SPGlobal_GrupoBimbo,S.A.B.deC.V._Guidance_20-Sep-2026 (1).xlsx",Guidance,41
2026-09-20,guidance [Revisions by Announced Date],Company,announced 2025-02-27,EBITDA,As Of Guidance,% Difference,FY 2025,FY,2025,,2025-12-31,6.42,,,6.42,%,MXN,"filings/capitaliq/Estimates/Guidance/SPGlobal_GrupoBimbo,S.A.B.deC.V._Guidance_20-Sep-2026 (1).xlsx",Guidance,41
2026-09-20,guidance [Revisions by Announced Date],Company,announced 2025-04-29,EBITDA,As Of Guidance,% Difference,FY 2025,FY,2025,,2025-12-31,-2.83,,,-2.83,%,MXN,"filings/capitaliq/Estimates/Guidance/SPGlobal_GrupoBimbo,S.A.B.deC.V._Guidance_20-Sep-2026 (1).xlsx",Guidance,41
2026-09-20,guidance [Revisions by Announced Date],Company,announced 2025-07-24,EBITDA,As Of Guidance,% Difference,FY 2025,FY,2025,,2025-12-31,-2.22,,,-2.22,%,MXN,"filings/capitaliq/Estimates/Guidance/SPGlobal_GrupoBimbo,S.A.B.deC.V._Guidance_20-Sep-2026 (1).xlsx",Guidance,41
2026-09-20,guidance [Revisions by Announced Date],Company,announced 2025-08-12,EBITDA,As Of Guidance,% Difference,FY 2025,FY,2025,,2025-12-31,-0.57,,,-0.57,%,MXN,"filings/capitaliq/Estimates/Guidance/SPGlobal_GrupoBimbo,S.A.B.deC.V._Guidance_20-Sep-2026 (1).xlsx",Guidance,41
2026-09-20,guidance [Revisions by Announced Date],Company,announced 2025-10-29,EBITDA,As Of Guidance,% Difference,FY 2025,FY,2025,,2025-12-31,-1.38,,,-1.38,%,MXN,"filings/capitaliq/Estimates/Guidance/SPGlobal_GrupoBimbo,S.A.B.deC.V._Guidance_20-Sep-2026 (1).xlsx",Guidance,41
2026-09-20,guidance [Revisions by Announced Date],Company,announced 2026-02-26,EBITDA,As Of Guidance,% Difference,FY 2026,FY,2026,,2026-12-31,-6.12,,,-6.12,%,MXN,"filings/capitaliq/Estimates/Guidance/SPGlobal_GrupoBimbo,S.A.B.deC.V._Guidance_20-Sep-2026 (1).xlsx",Guidance,41
2026-09-20,guidance [Revisions by Announced Date],Company,announced 2026-04-29,EBITDA,As Of Guidance,% Difference,FY 2026,FY,2026,,2026-12-31,0,,,0,%,MXN,"filings/capitaliq/Estimates/Guidance/SPGlobal_GrupoBimbo,S.A.B.deC.V._Guidance_20-Sep-2026 (1).xlsx",Guidance,41
2026-09-20,guidance [Revisions by Announced Date],Company,announced 2026-06-15,EBITDA,As Of Guidance,% Difference,FY 2026,FY,2026,,2026-12-31,0,,,0,%,MXN,"filings/capitaliq/Estimates/Guidance/SPGlobal_GrupoBimbo,S.A.B.deC.V._Guidance_20-Sep-2026 (1).xlsx",Guidance,41
2026-09-20,guidance [Revisions by Announced Date],Company,announced 2026-07-23,EBITDA,As Of Guidance,% Difference,FY 2026,FY,2026,,2026-12-31,0,,,0,%,MXN,"filings/capitaliq/Estimates/Guidance/SPGlobal_GrupoBimbo,S.A.B.deC.V._Guidance_20-Sep-2026 (1).xlsx",Guidance,41
2026-09-20,guidance [Revisions by Announced Date],Company,announced 2020-02-21,EBITDA,As Of Guidance,Days before actual,FY 2020,FY,2020,,2020-12-31,369,,,369,days,MXN,"filings/capitaliq/Estimates/Guidance/SPGlobal_GrupoBimbo,S.A.B.deC.V._Guidance_20-Sep-2026 (1).xlsx",Guidance,42
2026-09-20,guidance [Revisions by Announced Date],Company,announced 2020-07-27,EBITDA,As Of Guidance,Days before actual,FY 2020,FY,2020,,2020-12-31,212,,,212,days,MXN,"filings/capitaliq/Estimates/Guidance/SPGlobal_GrupoBimbo,S.A.B.deC.V._Guidance_20-Sep-2026 (1).xlsx",Guidance,42
2026-09-20,guidance [Revisions by Announced Date],Company,announced 2020-10-21,EBITDA,As Of Guidance,Days before actual,FY 2020,FY,2020,,2020-12-31,126,,,126,days,MXN,"filings/capitaliq/Estimates/Guidance/SPGlobal_GrupoBimbo,S.A.B.deC.V._Guidance_20-Sep-2026 (1).xlsx",Guidance,42
2026-09-20,guidance [Revisions by Announced Date],Company,announced 2021-02-24,EBITDA,As Of Guidance,Days before actual,FY 2021,FY,2021,,2021-12-31,364,,,364,days,MXN,"filings/capitaliq/Estimates/Guidance/SPGlobal_GrupoBimbo,S.A.B.deC.V._Guidance_20-Sep-2026 (1).xlsx",Guidance,42
2026-09-20,guidance [Revisions by Announced Date],Company,announced 2021-04-28,EBITDA,As Of Guidance,Days before actual,FY 2021,FY,2021,,2021-12-31,301,,,301,days,MXN,"filings/capitaliq/Estimates/Guidance/SPGlobal_GrupoBimbo,S.A.B.deC.V._Guidance_20-Sep-2026 (1).xlsx",Guidance,42
2026-09-20,guidance [Revisions by Announced Date],Company,announced 2021-10-28,EBITDA,As Of Guidance,Days before actual,FY 2021,FY,2021,,2021-12-31,118,,,118,days,MXN,"filings/capitaliq/Estimates/Guidance/SPGlobal_GrupoBimbo,S.A.B.deC.V._Guidance_20-Sep-2026 (1).xlsx",Guidance,42
2026-09-20,guidance [Revisions by Announced Date],Company,announced 2021-10-28,EBITDA,As Of Guidance,Days before actual,FY 2022,FY,2022,,2022-12-31,482,,,482,days,MXN,"filings/capitaliq/Estimates/Guidance/SPGlobal_GrupoBimbo,S.A.B.deC.V._Guidance_20-Sep-2026 (1).xlsx",Guidance,42
2026-09-20,guidance [Revisions by Announced Date],Company,announced 2022-02-22,EBITDA,As Of Guidance,Days before actual,FY 2022,FY,2022,,2022-12-31,365,,,365,days,MXN,"filings/capitaliq/Estimates/Guidance/SPGlobal_GrupoBimbo,S.A.B.deC.V._Guidance_20-Sep-2026 (1).xlsx",Guidance,42
2026-09-20,guidance [Revisions by Announced Date],Company,announced 2022-04-26,EBITDA,As Of Guidance,Days before actual,FY 2022,FY,2022,,2022-12-31,302,,,302,days,MXN,"filings/capitaliq/Estimates/Guidance/SPGlobal_GrupoBimbo,S.A.B.deC.V._Guidance_20-Sep-2026 (1).xlsx",Guidance,42
2026-09-20,guidance [Revisions by Announced Date],Company,announced 2022-07-21,EBITDA,As Of Guidance,Days before actual,FY 2022,FY,2022,,2022-12-31,216,,,216,days,MXN,"filings/capitaliq/Estimates/Guidance/SPGlobal_GrupoBimbo,S.A.B.deC.V._Guidance_20-Sep-2026 (1).xlsx",Guidance,42
2026-09-20,guidance [Revisions by Announced Date],Company,announced 2022-10-27,EBITDA,As Of Guidance,Days before actual,FY 2022,FY,2022,,2022-12-31,118,,,118,days,MXN,"filings/capitaliq/Estimates/Guidance/SPGlobal_GrupoBimbo,S.A.B.deC.V._Guidance_20-Sep-2026 (1).xlsx",Guidance,42
2026-09-20,guidance [Revisions by Announced Date],Company,announced 2023-02-22,EBITDA,As Of Guidance,Days before actual,FY 2023,FY,2023,,2023-12-31,362,,,362,days,MXN,"filings/capitaliq/Estimates/Guidance/SPGlobal_GrupoBimbo,S.A.B.deC.V._Guidance_20-Sep-2026 (1).xlsx",Guidance,42
2026-09-20,guidance [Revisions by Announced Date],Company,announced 2023-04-27,EBITDA,As Of Guidance,Days before actual,FY 2023,FY,2023,,2023-12-31,298,,,298,days,MXN,"filings/capitaliq/Estimates/Guidance/SPGlobal_GrupoBimbo,S.A.B.deC.V._Guidance_20-Sep-2026 (1).xlsx",Guidance,42
2026-09-20,guidance [Revisions by Announced Date],Company,announced 2023-07-25,EBITDA,As Of Guidance,Days before actual,FY 2023,FY,2023,,2023-12-31,209,,,209,days,MXN,"filings/capitaliq/Estimates/Guidance/SPGlobal_GrupoBimbo,S.A.B.deC.V._Guidance_20-Sep-2026 (1).xlsx",Guidance,42
2026-09-20,guidance [Revisions by Announced Date],Company,announced 2023-10-26,EBITDA,As Of Guidance,Days before actual,FY 2023,FY,2023,,2023-12-31,116,,,116,days,MXN,"filings/capitaliq/Estimates/Guidance/SPGlobal_GrupoBimbo,S.A.B.deC.V._Guidance_20-Sep-2026 (1).xlsx",Guidance,42
2026-09-20,guidance [Revisions by Announced Date],Company,announced 2024-02-19,EBITDA,As Of Guidance,Days before actual,FY 2024,FY,2024,,2024-12-31,374,,,374,days,MXN,"filings/capitaliq/Estimates/Guidance/SPGlobal_GrupoBimbo,S.A.B.deC.V._Guidance_20-Sep-2026 (1).xlsx",Guidance,42
2026-09-20,guidance [Revisions by Announced Date],Company,announced 2024-04-22,EBITDA,As Of Guidance,Days before actual,FY 2024,FY,2024,,2024-12-31,311,,,311,days,MXN,"filings/capitaliq/Estimates/Guidance/SPGlobal_GrupoBimbo,S.A.B.deC.V._Guidance_20-Sep-2026 (1).xlsx",Guidance,42
2026-09-20,guidance [Revisions by Announced Date],Company,announced 2024-07-24,EBITDA,As Of Guidance,Days before actual,FY 2024,FY,2024,,2024-12-31,218,,,218,days,MXN,"filings/capitaliq/Estimates/Guidance/SPGlobal_GrupoBimbo,S.A.B.deC.V._Guidance_20-Sep-2026 (1).xlsx",Guidance,42
2026-09-20,guidance [Revisions by Announced Date],Company,announced 2024-10-29,EBITDA,As Of Guidance,Days before actual,FY 2024,FY,2024,,2024-12-31,121,,,121,days,MXN,"filings/capitaliq/Estimates/Guidance/SPGlobal_GrupoBimbo,S.A.B.deC.V._Guidance_20-Sep-2026 (1).xlsx",Guidance,42
2026-09-20,guidance [Revisions by Announced Date],Company,announced 2025-02-27,EBITDA,As Of Guidance,Days before actual,FY 2025,FY,2025,,2025-12-31,363,,,363,days,MXN,"filings/capitaliq/Estimates/Guidance/SPGlobal_GrupoBimbo,S.A.B.deC.V._Guidance_20-Sep-2026 (1).xlsx",Guidance,42
2026-09-20,guidance [Revisions by Announced Date],Company,announced 2025-04-29,EBITDA,As Of Guidance,Days before actual,FY 2025,FY,2025,,2025-12-31,302,,,302,days,MXN,"filings/capitaliq/Estimates/Guidance/SPGlobal_GrupoBimbo,S.A.B.deC.V._Guidance_20-Sep-2026 (1).xlsx",Guidance,42
2026-09-20,guidance [Revisions by Announced Date],Company,announced 2025-07-24,EBITDA,As Of Guidance,Days before actual,FY 2025,FY,2025,,2025-12-31,216,,,216,days,MXN,"filings/capitaliq/Estimates/Guidance/SPGlobal_GrupoBimbo,S.A.B.deC.V._Guidance_20-Sep-2026 (1).xlsx",Guidance,42
2026-09-20,guidance [Revisions by Announced Date],Company,announced 2025-08-12,EBITDA,As Of Guidance,Days before actual,FY 2025,FY,2025,,2025-12-31,197,,,197,days,MXN,"filings/capitaliq/Estimates/Guidance/SPGlobal_GrupoBimbo,S.A.B.deC.V._Guidance_20-Sep-2026 (1).xlsx",Guidance,42
2026-09-20,guidance [Revisions by Announced Date],Company,announced 2025-10-29,EBITDA,As Of Guidance,Days before actual,FY 2025,FY,2025,,2025-12-31,119,,,119,days,MXN,"filings/capitaliq/Estimates/Guidance/SPGlobal_GrupoBimbo,S.A.B.deC.V._Guidance_20-Sep-2026 (1).xlsx",Guidance,42
2026-09-20,guidance [Revisions by Announced Date],Company,announced 2026-02-26,EBITDA,As Of Guidance,Days before actual,FY 2026,FY,2026,,2026-12-31,189,,,189,days,MXN,"filings/capitaliq/Estimates/Guidance/SPGlobal_GrupoBimbo,S.A.B.deC.V._Guidance_20-Sep-2026 (1).xlsx",Guidance,42
2026-09-20,guidance [Revisions by Announced Date],Company,announced 2026-04-29,EBITDA,As Of Guidance,Days before actual,FY 2026,FY,2026,,2026-12-31,127,,,127,days,MXN,"filings/capitaliq/Estimates/Guidance/SPGlobal_GrupoBimbo,S.A.B.deC.V._Guidance_20-Sep-2026 (1).xlsx",Guidance,42
2026-09-20,guidance [Revisions by Announced Date],Company,announced 2026-06-15,EBITDA,As Of Guidance,Days before actual,FY 2026,FY,2026,,2026-12-31,80,,,80,days,MXN,"filings/capitaliq/Estimates/Guidance/SPGlobal_GrupoBimbo,S.A.B.deC.V._Guidance_20-Sep-2026 (1).xlsx",Guidance,42
2026-09-20,guidance [Revisions by Announced Date],Company,announced 2026-07-23,EBITDA,As Of Guidance,Days before actual,FY 2026,FY,2026,,2026-12-31,42,,,42,days,MXN,"filings/capitaliq/Estimates/Guidance/SPGlobal_GrupoBimbo,S.A.B.deC.V._Guidance_20-Sep-2026 (1).xlsx",Guidance,42
2026-09-20,guidance [Revisions by Announced Date],Company,announced 2020-02-21,EBITDA,Actual/Latest,Actual/Latest Date,FY 2020,FY,2020,,2020-12-31,,,text,2/24/2021,date,MXN,"filings/capitaliq/Estimates/Guidance/SPGlobal_GrupoBimbo,S.A.B.deC.V._Guidance_20-Sep-2026 (1).xlsx",Guidance,44
2026-09-20,guidance [Revisions by Announced Date],Company,announced 2020-07-27,EBITDA,Actual/Latest,Actual/Latest Date,FY 2020,FY,2020,,2020-12-31,,,text,2/24/2021,date,MXN,"filings/capitaliq/Estimates/Guidance/SPGlobal_GrupoBimbo,S.A.B.deC.V._Guidance_20-Sep-2026 (1).xlsx",Guidance,44
2026-09-20,guidance [Revisions by Announced Date],Company,announced 2020-10-21,EBITDA,Actual/Latest,Actual/Latest Date,FY 2020,FY,2020,,2020-12-31,,,text,2/24/2021,date,MXN,"filings/capitaliq/Estimates/Guidance/SPGlobal_GrupoBimbo,S.A.B.deC.V._Guidance_20-Sep-2026 (1).xlsx",Guidance,44
2026-09-20,guidance [Revisions by Announced Date],Company,announced 2021-02-24,EBITDA,Actual/Latest,Actual/Latest Date,FY 2021,FY,2021,,2021-12-31,,,text,2/23/2022,date,MXN,"filings/capitaliq/Estimates/Guidance/SPGlobal_GrupoBimbo,S.A.B.deC.V._Guidance_20-Sep-2026 (1).xlsx",Guidance,44
2026-09-20,guidance [Revisions by Announced Date],Company,announced 2021-04-28,EBITDA,Actual/Latest,Actual/Latest Date,FY 2021,FY,2021,,2021-12-31,,,text,2/23/2022,date,MXN,"filings/capitaliq/Estimates/Guidance/SPGlobal_GrupoBimbo,S.A.B.deC.V._Guidance_20-Sep-2026 (1).xlsx",Guidance,44
2026-09-20,guidance [Revisions by Announced Date],Company,announced 2021-10-28,EBITDA,Actual/Latest,Actual/Latest Date,FY 2021,FY,2021,,2021-12-31,,,text,2/23/2022,date,MXN,"filings/capitaliq/Estimates/Guidance/SPGlobal_GrupoBimbo,S.A.B.deC.V._Guidance_20-Sep-2026 (1).xlsx",Guidance,44
2026-09-20,guidance [Revisions by Announced Date],Company,announced 2021-10-28,EBITDA,Actual/Latest,Actual/Latest Date,FY 2022,FY,2022,,2022-12-31,,,text,2/22/2023,date,MXN,"filings/capitaliq/Estimates/Guidance/SPGlobal_GrupoBimbo,S.A.B.deC.V._Guidance_20-Sep-2026 (1).xlsx",Guidance,44
2026-09-20,guidance [Revisions by Announced Date],Company,announced 2022-02-22,EBITDA,Actual/Latest,Actual/Latest Date,FY 2022,FY,2022,,2022-12-31,,,text,2/22/2023,date,MXN,"filings/capitaliq/Estimates/Guidance/SPGlobal_GrupoBimbo,S.A.B.deC.V._Guidance_20-Sep-2026 (1).xlsx",Guidance,44
2026-09-20,guidance [Revisions by Announced Date],Company,announced 2022-04-26,EBITDA,Actual/Latest,Actual/Latest Date,FY 2022,FY,2022,,2022-12-31,,,text,2/22/2023,date,MXN,"filings/capitaliq/Estimates/Guidance/SPGlobal_GrupoBimbo,S.A.B.deC.V._Guidance_20-Sep-2026 (1).xlsx",Guidance,44
2026-09-20,guidance [Revisions by Announced Date],Company,announced 2022-07-21,EBITDA,Actual/Latest,Actual/Latest Date,FY 2022,FY,2022,,2022-12-31,,,text,2/22/2023,date,MXN,"filings/capitaliq/Estimates/Guidance/SPGlobal_GrupoBimbo,S.A.B.deC.V._Guidance_20-Sep-2026 (1).xlsx",Guidance,44
2026-09-20,guidance [Revisions by Announced Date],Company,announced 2022-10-27,EBITDA,Actual/Latest,Actual/Latest Date,FY 2022,FY,2022,,2022-12-31,,,text,2/22/2023,date,MXN,"filings/capitaliq/Estimates/Guidance/SPGlobal_GrupoBimbo,S.A.B.deC.V._Guidance_20-Sep-2026 (1).xlsx",Guidance,44
2026-09-20,guidance [Revisions by Announced Date],Company,announced 2023-02-22,EBITDA,Actual/Latest,Actual/Latest Date,FY 2023,FY,2023,,2023-12-31,,,text,2/19/2024,date,MXN,"filings/capitaliq/Estimates/Guidance/SPGlobal_GrupoBimbo,S.A.B.deC.V._Guidance_20-Sep-2026 (1).xlsx",Guidance,44
2026-09-20,guidance [Revisions by Announced Date],Company,announced 2023-04-27,EBITDA,Actual/Latest,Actual/Latest Date,FY 2023,FY,2023,,2023-12-31,,,text,2/19/2024,date,MXN,"filings/capitaliq/Estimates/Guidance/SPGlobal_GrupoBimbo,S.A.B.deC.V._Guidance_20-Sep-2026 (1).xlsx",Guidance,44
2026-09-20,guidance [Revisions by Announced Date],Company,announced 2023-07-25,EBITDA,Actual/Latest,Actual/Latest Date,FY 2023,FY,2023,,2023-12-31,,,text,2/19/2024,date,MXN,"filings/capitaliq/Estimates/Guidance/SPGlobal_GrupoBimbo,S.A.B.deC.V._Guidance_20-Sep-2026 (1).xlsx",Guidance,44
2026-09-20,guidance [Revisions by Announced Date],Company,announced 2023-10-26,EBITDA,Actual/Latest,Actual/Latest Date,FY 2023,FY,2023,,2023-12-31,,,text,2/19/2024,date,MXN,"filings/capitaliq/Estimates/Guidance/SPGlobal_GrupoBimbo,S.A.B.deC.V._Guidance_20-Sep-2026 (1).xlsx",Guidance,44
2026-09-20,guidance [Revisions by Announced Date],Company,announced 2024-02-19,EBITDA,Actual/Latest,Actual/Latest Date,FY 2024,FY,2024,,2024-12-31,,,text,2/27/2025,date,MXN,"filings/capitaliq/Estimates/Guidance/SPGlobal_GrupoBimbo,S.A.B.deC.V._Guidance_20-Sep-2026 (1).xlsx",Guidance,44
2026-09-20,guidance [Revisions by Announced Date],Company,announced 2024-04-22,EBITDA,Actual/Latest,Actual/Latest Date,FY 2024,FY,2024,,2024-12-31,,,text,2/27/2025,date,MXN,"filings/capitaliq/Estimates/Guidance/SPGlobal_GrupoBimbo,S.A.B.deC.V._Guidance_20-Sep-2026 (1).xlsx",Guidance,44
2026-09-20,guidance [Revisions by Announced Date],Company,announced 2024-07-24,EBITDA,Actual/Latest,Actual/Latest Date,FY 2024,FY,2024,,2024-12-31,,,text,2/27/2025,date,MXN,"filings/capitaliq/Estimates/Guidance/SPGlobal_GrupoBimbo,S.A.B.deC.V._Guidance_20-Sep-2026 (1).xlsx",Guidance,44
2026-09-20,guidance [Revisions by Announced Date],Company,announced 2024-10-29,EBITDA,Actual/Latest,Actual/Latest Date,FY 2024,FY,2024,,2024-12-31,,,text,2/27/2025,date,MXN,"filings/capitaliq/Estimates/Guidance/SPGlobal_GrupoBimbo,S.A.B.deC.V._Guidance_20-Sep-2026 (1).xlsx",Guidance,44
2026-09-20,guidance [Revisions by Announced Date],Company,announced 2025-02-27,EBITDA,Actual/Latest,Actual/Latest Date,FY 2025,FY,2025,,2025-12-31,,,text,2/25/2026,date,MXN,"filings/capitaliq/Estimates/Guidance/SPGlobal_GrupoBimbo,S.A.B.deC.V._Guidance_20-Sep-2026 (1).xlsx",Guidance,44
2026-09-20,guidance [Revisions by Announced Date],Company,announced 2025-04-29,EBITDA,Actual/Latest,Actual/Latest Date,FY 2025,FY,2025,,2025-12-31,,,text,2/25/2026,date,MXN,"filings/capitaliq/Estimates/Guidance/SPGlobal_GrupoBimbo,S.A.B.deC.V._Guidance_20-Sep-2026 (1).xlsx",Guidance,44
2026-09-20,guidance [Revisions by Announced Date],Company,announced 2025-07-24,EBITDA,Actual/Latest,Actual/Latest Date,FY 2025,FY,2025,,2025-12-31,,,text,2/25/2026,date,MXN,"filings/capitaliq/Estimates/Guidance/SPGlobal_GrupoBimbo,S.A.B.deC.V._Guidance_20-Sep-2026 (1).xlsx",Guidance,44
2026-09-20,guidance [Revisions by Announced Date],Company,announced 2025-08-12,EBITDA,Actual/Latest,Actual/Latest Date,FY 2025,FY,2025,,2025-12-31,,,text,2/25/2026,date,MXN,"filings/capitaliq/Estimates/Guidance/SPGlobal_GrupoBimbo,S.A.B.deC.V._Guidance_20-Sep-2026 (1).xlsx",Guidance,44
2026-09-20,guidance [Revisions by Announced Date],Company,announced 2025-10-29,EBITDA,Actual/Latest,Actual/Latest Date,FY 2025,FY,2025,,2025-12-31,,,text,2/25/2026,date,MXN,"filings/capitaliq/Estimates/Guidance/SPGlobal_GrupoBimbo,S.A.B.deC.V._Guidance_20-Sep-2026 (1).xlsx",Guidance,44
2026-09-20,guidance [Revisions by Announced Date],Company,announced 2026-02-26,EBITDA,Actual/Latest,Actual/Latest Date,FY 2026,FY,2026,,2026-12-31,,,text,9/3/2026,date,MXN,"filings/capitaliq/Estimates/Guidance/SPGlobal_GrupoBimbo,S.A.B.deC.V._Guidance_20-Sep-2026 (1).xlsx",Guidance,44
2026-09-20,guidance [Revisions by Announced Date],Company,announced 2026-04-29,EBITDA,Actual/Latest,Actual/Latest Date,FY 2026,FY,2026,,2026-12-31,,,text,9/3/2026,date,MXN,"filings/capitaliq/Estimates/Guidance/SPGlobal_GrupoBimbo,S.A.B.deC.V._Guidance_20-Sep-2026 (1).xlsx",Guidance,44
2026-09-20,guidance [Revisions by Announced Date],Company,announced 2026-06-15,EBITDA,Actual/Latest,Actual/Latest Date,FY 2026,FY,2026,,2026-12-31,,,text,9/3/2026,date,MXN,"filings/capitaliq/Estimates/Guidance/SPGlobal_GrupoBimbo,S.A.B.deC.V._Guidance_20-Sep-2026 (1).xlsx",Guidance,44
2026-09-20,guidance [Revisions by Announced Date],Company,announced 2026-07-23,EBITDA,Actual/Latest,Actual/Latest Date,FY 2026,FY,2026,,2026-12-31,,,text,9/3/2026,date,MXN,"filings/capitaliq/Estimates/Guidance/SPGlobal_GrupoBimbo,S.A.B.deC.V._Guidance_20-Sep-2026 (1).xlsx",Guidance,44
2026-09-20,guidance [Revisions by Announced Date],Company,announced 2020-02-21,EBITDA,Actual/Latest,Guidance,FY 2020,FY,2020,,2020-12-31,34763040,36434340,range,"34,763,040.00 - 36,434,340.00",Mex$000,MXN,"filings/capitaliq/Estimates/Guidance/SPGlobal_GrupoBimbo,S.A.B.deC.V._Guidance_20-Sep-2026 (1).xlsx",Guidance,45
2026-09-20,guidance [Revisions by Announced Date],Company,announced 2020-07-27,EBITDA,Actual/Latest,Guidance,FY 2020,FY,2020,,2020-12-31,38439900,39776940,range,"38,439,900.00 - 39,776,940.00",Mex$000,MXN,"filings/capitaliq/Estimates/Guidance/SPGlobal_GrupoBimbo,S.A.B.deC.V._Guidance_20-Sep-2026 (1).xlsx",Guidance,45
2026-09-20,guidance [Revisions by Announced Date],Company,announced 2020-10-21,EBITDA,Actual/Latest,Guidance,FY 2020,FY,2020,,2020-12-31,38439900,39776940,range,"38,439,900.00 - 39,776,940.00",Mex$000,MXN,"filings/capitaliq/Estimates/Guidance/SPGlobal_GrupoBimbo,S.A.B.deC.V._Guidance_20-Sep-2026 (1).xlsx",Guidance,45
2026-09-20,guidance [Revisions by Announced Date],Company,announced 2021-02-24,EBITDA,Actual/Latest,Guidance,FY 2021,FY,2021,,2021-12-31,45193000,,,45193000,Mex$000,MXN,"filings/capitaliq/Estimates/Guidance/SPGlobal_GrupoBimbo,S.A.B.deC.V._Guidance_20-Sep-2026 (1).xlsx",Guidance,45
2026-09-20,guidance [Revisions by Announced Date],Company,announced 2021-04-28,EBITDA,Actual/Latest,Guidance,FY 2021,FY,2021,,2021-12-31,38439900,39776940,range,"38,439,900.00 - 39,776,940.00",Mex$000,MXN,"filings/capitaliq/Estimates/Guidance/SPGlobal_GrupoBimbo,S.A.B.deC.V._Guidance_20-Sep-2026 (1).xlsx",Guidance,45
2026-09-20,guidance [Revisions by Announced Date],Company,announced 2021-10-28,EBITDA,Actual/Latest,Guidance,FY 2021,FY,2021,,2021-12-31,48356510,49260370,range,"48,356,510.00 - 49,260,370.00",Mex$000,MXN,"filings/capitaliq/Estimates/Guidance/SPGlobal_GrupoBimbo,S.A.B.deC.V._Guidance_20-Sep-2026 (1).xlsx",Guidance,45
2026-09-20,guidance [Revisions by Announced Date],Company,announced 2021-10-28,EBITDA,Actual/Latest,Guidance,FY 2022,FY,2022,,2022-12-31,50290770.4,53693803.3,range,"50,290,770.40 - 53,693,803.30",Mex$000,MXN,"filings/capitaliq/Estimates/Guidance/SPGlobal_GrupoBimbo,S.A.B.deC.V._Guidance_20-Sep-2026 (1).xlsx",Guidance,45
2026-09-20,guidance [Revisions by Announced Date],Company,announced 2022-02-22,EBITDA,Actual/Latest,Guidance,FY 2022,FY,2022,,2022-12-31,52620460,53604020,range,"52,620,460.00 - 53,604,020.00",Mex$000,MXN,"filings/capitaliq/Estimates/Guidance/SPGlobal_GrupoBimbo,S.A.B.deC.V._Guidance_20-Sep-2026 (1).xlsx",Guidance,45
2026-09-20,guidance [Revisions by Announced Date],Company,announced 2022-04-26,EBITDA,Actual/Latest,Guidance,FY 2022,FY,2022,,2022-12-31,51145120,53604020,range,"51,145,120.00 - 53,604,020.00",Mex$000,MXN,"filings/capitaliq/Estimates/Guidance/SPGlobal_GrupoBimbo,S.A.B.deC.V._Guidance_20-Sep-2026 (1).xlsx",Guidance,45
2026-09-20,guidance [Revisions by Announced Date],Company,announced 2022-07-21,EBITDA,Actual/Latest,Guidance,FY 2022,FY,2022,,2022-12-31,52620460,53604020,range,"52,620,460.00 - 53,604,020.00",Mex$000,MXN,"filings/capitaliq/Estimates/Guidance/SPGlobal_GrupoBimbo,S.A.B.deC.V._Guidance_20-Sep-2026 (1).xlsx",Guidance,45
2026-09-20,guidance [Revisions by Announced Date],Company,announced 2022-10-27,EBITDA,Actual/Latest,Guidance,FY 2022,FY,2022,,2022-12-31,54095800,,GL,"54,095,800.00 GL",Mex$000,MXN,"filings/capitaliq/Estimates/Guidance/SPGlobal_GrupoBimbo,S.A.B.deC.V._Guidance_20-Sep-2026 (1).xlsx",Guidance,45
2026-09-20,guidance [Revisions by Announced Date],Company,announced 2023-02-22,EBITDA,Actual/Latest,Guidance,FY 2023,FY,2023,,2023-12-31,57186150,58255050,range,"57,186,150.00 - 58,255,050.00",Mex$000,MXN,"filings/capitaliq/Estimates/Guidance/SPGlobal_GrupoBimbo,S.A.B.deC.V._Guidance_20-Sep-2026 (1).xlsx",Guidance,45
2026-09-20,guidance [Revisions by Announced Date],Company,announced 2023-04-27,EBITDA,Actual/Latest,Guidance,FY 2023,FY,2023,,2023-12-31,57186150,58255050,range,"57,186,150.00 - 58,255,050.00",Mex$000,MXN,"filings/capitaliq/Estimates/Guidance/SPGlobal_GrupoBimbo,S.A.B.deC.V._Guidance_20-Sep-2026 (1).xlsx",Guidance,45
2026-09-20,guidance [Revisions by Announced Date],Company,announced 2023-07-25,EBITDA,Actual/Latest,Guidance,FY 2023,FY,2023,,2023-12-31,55582800,58255050,range,"55,582,800.00 - 58,255,050.00",Mex$000,MXN,"filings/capitaliq/Estimates/Guidance/SPGlobal_GrupoBimbo,S.A.B.deC.V._Guidance_20-Sep-2026 (1).xlsx",Guidance,45
2026-09-20,guidance [Revisions by Announced Date],Company,announced 2023-10-26,EBITDA,Actual/Latest,Guidance,FY 2023,FY,2023,,2023-12-31,55582800,58255050,range,"55,582,800.00 - 58,255,050.00",Mex$000,MXN,"filings/capitaliq/Estimates/Guidance/SPGlobal_GrupoBimbo,S.A.B.deC.V._Guidance_20-Sep-2026 (1).xlsx",Guidance,45
2026-09-20,guidance [Revisions by Announced Date],Company,announced 2024-02-19,EBITDA,Actual/Latest,Guidance,FY 2024,FY,2024,,2024-12-31,55491420,58238520,range,"55,491,420.00 - 58,238,520.00",Mex$000,MXN,"filings/capitaliq/Estimates/Guidance/SPGlobal_GrupoBimbo,S.A.B.deC.V._Guidance_20-Sep-2026 (1).xlsx",Guidance,45
2026-09-20,guidance [Revisions by Announced Date],Company,announced 2024-04-22,EBITDA,Actual/Latest,Guidance,FY 2024,FY,2024,,2024-12-31,55491420,56590260,range,"55,491,420.00 - 56,590,260.00",Mex$000,MXN,"filings/capitaliq/Estimates/Guidance/SPGlobal_GrupoBimbo,S.A.B.deC.V._Guidance_20-Sep-2026 (1).xlsx",Guidance,45
2026-09-20,guidance [Revisions by Announced Date],Company,announced 2024-07-24,EBITDA,Actual/Latest,Guidance,FY 2024,FY,2024,,2024-12-31,55491420,56590260,range,"55,491,420.00 - 56,590,260.00",Mex$000,MXN,"filings/capitaliq/Estimates/Guidance/SPGlobal_GrupoBimbo,S.A.B.deC.V._Guidance_20-Sep-2026 (1).xlsx",Guidance,45
2026-09-20,guidance [Revisions by Announced Date],Company,announced 2024-10-29,EBITDA,Actual/Latest,Guidance,FY 2024,FY,2024,,2024-12-31,55491420,56590260,range,"55,491,420.00 - 56,590,260.00",Mex$000,MXN,"filings/capitaliq/Estimates/Guidance/SPGlobal_GrupoBimbo,S.A.B.deC.V._Guidance_20-Sep-2026 (1).xlsx",Guidance,45
2026-09-20,guidance [Revisions by Announced Date],Company,announced 2025-02-27,EBITDA,Actual/Latest,Guidance,FY 2025,FY,2025,,2025-12-31,66027769.5,,GL,"66,027,769.50 GL",Mex$000,MXN,"filings/capitaliq/Estimates/Guidance/SPGlobal_GrupoBimbo,S.A.B.deC.V._Guidance_20-Sep-2026 (1).xlsx",Guidance,45
2026-09-20,guidance [Revisions by Announced Date],Company,announced 2025-04-29,EBITDA,Actual/Latest,Guidance,FY 2025,FY,2025,,2025-12-31,57692960,58802440,range,"57,692,960.00 - 58,802,440.00",Mex$000,MXN,"filings/capitaliq/Estimates/Guidance/SPGlobal_GrupoBimbo,S.A.B.deC.V._Guidance_20-Sep-2026 (1).xlsx",Guidance,45
2026-09-20,guidance [Revisions by Announced Date],Company,announced 2025-07-24,EBITDA,Actual/Latest,Guidance,FY 2025,FY,2025,,2025-12-31,57754902.4,,GL,"57,754,902.40 GL",Mex$000,MXN,"filings/capitaliq/Estimates/Guidance/SPGlobal_GrupoBimbo,S.A.B.deC.V._Guidance_20-Sep-2026 (1).xlsx",Guidance,45
2026-09-20,guidance [Revisions by Announced Date],Company,announced 2025-08-12,EBITDA,Actual/Latest,Guidance,FY 2025,FY,2025,,2025-12-31,56028740,58802440,range,"56,028,740.00 - 58,802,440.00",Mex$000,MXN,"filings/capitaliq/Estimates/Guidance/SPGlobal_GrupoBimbo,S.A.B.deC.V._Guidance_20-Sep-2026 (1).xlsx",Guidance,45
2026-09-20,guidance [Revisions by Announced Date],Company,announced 2025-10-29,EBITDA,Actual/Latest,Guidance,FY 2025,FY,2025,,2025-12-31,56028740,58802440,range,"56,028,740.00 - 58,802,440.00",Mex$000,MXN,"filings/capitaliq/Estimates/Guidance/SPGlobal_GrupoBimbo,S.A.B.deC.V._Guidance_20-Sep-2026 (1).xlsx",Guidance,45
2026-09-20,guidance [Revisions by Announced Date],Company,announced 2026-02-26,EBITDA,Actual/Latest,Guidance,FY 2026,FY,2026,,2026-12-31,59456000,,GL,"59,456,000.00 GL",Mex$000,MXN,"filings/capitaliq/Estimates/Guidance/SPGlobal_GrupoBimbo,S.A.B.deC.V._Guidance_20-Sep-2026 (1).xlsx",Guidance,45
2026-09-20,guidance [Revisions by Announced Date],Company,announced 2026-04-29,EBITDA,Actual/Latest,Guidance,FY 2026,FY,2026,,2026-12-31,60050798.8,64042800,range,"60,050,798.80 - 64,042,800.00",Mex$000,MXN,"filings/capitaliq/Estimates/Guidance/SPGlobal_GrupoBimbo,S.A.B.deC.V._Guidance_20-Sep-2026 (1).xlsx",Guidance,45
2026-09-20,guidance [Revisions by Announced Date],Company,announced 2026-06-15,EBITDA,Actual/Latest,Guidance,FY 2026,FY,2026,,2026-12-31,60050798.8,64042800,range,"60,050,798.80 - 64,042,800.00",Mex$000,MXN,"filings/capitaliq/Estimates/Guidance/SPGlobal_GrupoBimbo,S.A.B.deC.V._Guidance_20-Sep-2026 (1).xlsx",Guidance,45
2026-09-20,guidance [Revisions by Announced Date],Company,announced 2026-07-23,EBITDA,Actual/Latest,Guidance,FY 2026,FY,2026,,2026-12-31,60464942.2,64469752,range,"60,464,942.20 - 64,469,752.00",Mex$000,MXN,"filings/capitaliq/Estimates/Guidance/SPGlobal_GrupoBimbo,S.A.B.deC.V._Guidance_20-Sep-2026 (1).xlsx",Guidance,45
2026-09-20,guidance [Revisions by Announced Date],Company,announced 2021-02-24,EBITDA,Actual/Latest,Consensus Estimate,FY 2021,FY,2021,,2021-12-31,48910496.1,,,48910496.1,Mex$000,MXN,"filings/capitaliq/Estimates/Guidance/SPGlobal_GrupoBimbo,S.A.B.deC.V._Guidance_20-Sep-2026 (1).xlsx",Guidance,46
2026-09-20,guidance [Revisions by Announced Date],Company,announced 2021-04-28,EBITDA,Actual/Latest,Consensus Estimate,FY 2021,FY,2021,,2021-12-31,48910496.1,,,48910496.1,Mex$000,MXN,"filings/capitaliq/Estimates/Guidance/SPGlobal_GrupoBimbo,S.A.B.deC.V._Guidance_20-Sep-2026 (1).xlsx",Guidance,46
2026-09-20,guidance [Revisions by Announced Date],Company,announced 2021-10-28,EBITDA,Actual/Latest,Consensus Estimate,FY 2021,FY,2021,,2021-12-31,48910496.1,,,48910496.1,Mex$000,MXN,"filings/capitaliq/Estimates/Guidance/SPGlobal_GrupoBimbo,S.A.B.deC.V._Guidance_20-Sep-2026 (1).xlsx",Guidance,46
2026-09-20,guidance [Revisions by Announced Date],Company,announced 2021-10-28,EBITDA,Actual/Latest,Consensus Estimate,FY 2022,FY,2022,,2022-12-31,54158100.81,,,54158100.81,Mex$000,MXN,"filings/capitaliq/Estimates/Guidance/SPGlobal_GrupoBimbo,S.A.B.deC.V._Guidance_20-Sep-2026 (1).xlsx",Guidance,46
2026-09-20,guidance [Revisions by Announced Date],Company,announced 2022-02-22,EBITDA,Actual/Latest,Consensus Estimate,FY 2022,FY,2022,,2022-12-31,54158100.81,,,54158100.81,Mex$000,MXN,"filings/capitaliq/Estimates/Guidance/SPGlobal_GrupoBimbo,S.A.B.deC.V._Guidance_20-Sep-2026 (1).xlsx",Guidance,46
2026-09-20,guidance [Revisions by Announced Date],Company,announced 2022-04-26,EBITDA,Actual/Latest,Consensus Estimate,FY 2022,FY,2022,,2022-12-31,54158100.81,,,54158100.81,Mex$000,MXN,"filings/capitaliq/Estimates/Guidance/SPGlobal_GrupoBimbo,S.A.B.deC.V._Guidance_20-Sep-2026 (1).xlsx",Guidance,46
2026-09-20,guidance [Revisions by Announced Date],Company,announced 2022-07-21,EBITDA,Actual/Latest,Consensus Estimate,FY 2022,FY,2022,,2022-12-31,54158100.81,,,54158100.81,Mex$000,MXN,"filings/capitaliq/Estimates/Guidance/SPGlobal_GrupoBimbo,S.A.B.deC.V._Guidance_20-Sep-2026 (1).xlsx",Guidance,46
2026-09-20,guidance [Revisions by Announced Date],Company,announced 2022-10-27,EBITDA,Actual/Latest,Consensus Estimate,FY 2022,FY,2022,,2022-12-31,54158100.81,,,54158100.81,Mex$000,MXN,"filings/capitaliq/Estimates/Guidance/SPGlobal_GrupoBimbo,S.A.B.deC.V._Guidance_20-Sep-2026 (1).xlsx",Guidance,46
2026-09-20,guidance [Revisions by Announced Date],Company,announced 2023-02-22,EBITDA,Actual/Latest,Consensus Estimate,FY 2023,FY,2023,,2023-12-31,55765416.95,,,55765416.95,Mex$000,MXN,"filings/capitaliq/Estimates/Guidance/SPGlobal_GrupoBimbo,S.A.B.deC.V._Guidance_20-Sep-2026 (1).xlsx",Guidance,46
2026-09-20,guidance [Revisions by Announced Date],Company,announced 2023-04-27,EBITDA,Actual/Latest,Consensus Estimate,FY 2023,FY,2023,,2023-12-31,55765416.95,,,55765416.95,Mex$000,MXN,"filings/capitaliq/Estimates/Guidance/SPGlobal_GrupoBimbo,S.A.B.deC.V._Guidance_20-Sep-2026 (1).xlsx",Guidance,46
2026-09-20,guidance [Revisions by Announced Date],Company,announced 2023-07-25,EBITDA,Actual/Latest,Consensus Estimate,FY 2023,FY,2023,,2023-12-31,55765416.95,,,55765416.95,Mex$000,MXN,"filings/capitaliq/Estimates/Guidance/SPGlobal_GrupoBimbo,S.A.B.deC.V._Guidance_20-Sep-2026 (1).xlsx",Guidance,46
2026-09-20,guidance [Revisions by Announced Date],Company,announced 2023-10-26,EBITDA,Actual/Latest,Consensus Estimate,FY 2023,FY,2023,,2023-12-31,55765416.95,,,55765416.95,Mex$000,MXN,"filings/capitaliq/Estimates/Guidance/SPGlobal_GrupoBimbo,S.A.B.deC.V._Guidance_20-Sep-2026 (1).xlsx",Guidance,46
2026-09-20,guidance [Revisions by Announced Date],Company,announced 2024-02-19,EBITDA,Actual/Latest,Consensus Estimate,FY 2024,FY,2024,,2024-12-31,56370702.42,,,56370702.42,Mex$000,MXN,"filings/capitaliq/Estimates/Guidance/SPGlobal_GrupoBimbo,S.A.B.deC.V._Guidance_20-Sep-2026 (1).xlsx",Guidance,46
2026-09-20,guidance [Revisions by Announced Date],Company,announced 2024-04-22,EBITDA,Actual/Latest,Consensus Estimate,FY 2024,FY,2024,,2024-12-31,56370702.42,,,56370702.42,Mex$000,MXN,"filings/capitaliq/Estimates/Guidance/SPGlobal_GrupoBimbo,S.A.B.deC.V._Guidance_20-Sep-2026 (1).xlsx",Guidance,46
2026-09-20,guidance [Revisions by Announced Date],Company,announced 2024-07-24,EBITDA,Actual/Latest,Consensus Estimate,FY 2024,FY,2024,,2024-12-31,56370702.42,,,56370702.42,Mex$000,MXN,"filings/capitaliq/Estimates/Guidance/SPGlobal_GrupoBimbo,S.A.B.deC.V._Guidance_20-Sep-2026 (1).xlsx",Guidance,46
2026-09-20,guidance [Revisions by Announced Date],Company,announced 2024-10-29,EBITDA,Actual/Latest,Consensus Estimate,FY 2024,FY,2024,,2024-12-31,56370702.42,,,56370702.42,Mex$000,MXN,"filings/capitaliq/Estimates/Guidance/SPGlobal_GrupoBimbo,S.A.B.deC.V._Guidance_20-Sep-2026 (1).xlsx",Guidance,46
2026-09-20,guidance [Revisions by Announced Date],Company,announced 2025-02-27,EBITDA,Actual/Latest,Consensus Estimate,FY 2025,FY,2025,,2025-12-31,58498817.24,,,58498817.24,Mex$000,MXN,"filings/capitaliq/Estimates/Guidance/SPGlobal_GrupoBimbo,S.A.B.deC.V._Guidance_20-Sep-2026 (1).xlsx",Guidance,46
2026-09-20,guidance [Revisions by Announced Date],Company,announced 2025-04-29,EBITDA,Actual/Latest,Consensus Estimate,FY 2025,FY,2025,,2025-12-31,58498817.24,,,58498817.24,Mex$000,MXN,"filings/capitaliq/Estimates/Guidance/SPGlobal_GrupoBimbo,S.A.B.deC.V._Guidance_20-Sep-2026 (1).xlsx",Guidance,46
2026-09-20,guidance [Revisions by Announced Date],Company,announced 2025-07-24,EBITDA,Actual/Latest,Consensus Estimate,FY 2025,FY,2025,,2025-12-31,58498817.24,,,58498817.24,Mex$000,MXN,"filings/capitaliq/Estimates/Guidance/SPGlobal_GrupoBimbo,S.A.B.deC.V._Guidance_20-Sep-2026 (1).xlsx",Guidance,46
2026-09-20,guidance [Revisions by Announced Date],Company,announced 2025-08-12,EBITDA,Actual/Latest,Consensus Estimate,FY 2025,FY,2025,,2025-12-31,58498817.24,,,58498817.24,Mex$000,MXN,"filings/capitaliq/Estimates/Guidance/SPGlobal_GrupoBimbo,S.A.B.deC.V._Guidance_20-Sep-2026 (1).xlsx",Guidance,46
2026-09-20,guidance [Revisions by Announced Date],Company,announced 2025-10-29,EBITDA,Actual/Latest,Consensus Estimate,FY 2025,FY,2025,,2025-12-31,58498817.24,,,58498817.24,Mex$000,MXN,"filings/capitaliq/Estimates/Guidance/SPGlobal_GrupoBimbo,S.A.B.deC.V._Guidance_20-Sep-2026 (1).xlsx",Guidance,46
2026-09-20,guidance [Revisions by Announced Date],Company,announced 2026-02-26,EBITDA,Actual/Latest,Consensus Estimate,FY 2026,FY,2026,,2026-12-31,62116885.73,,,62116885.73,Mex$000,MXN,"filings/capitaliq/Estimates/Guidance/SPGlobal_GrupoBimbo,S.A.B.deC.V._Guidance_20-Sep-2026 (1).xlsx",Guidance,46
2026-09-20,guidance [Revisions by Announced Date],Company,announced 2026-04-29,EBITDA,Actual/Latest,Consensus Estimate,FY 2026,FY,2026,,2026-12-31,62116885.73,,,62116885.73,Mex$000,MXN,"filings/capitaliq/Estimates/Guidance/SPGlobal_GrupoBimbo,S.A.B.deC.V._Guidance_20-Sep-2026 (1).xlsx",Guidance,46
2026-09-20,guidance [Revisions by Announced Date],Company,announced 2026-06-15,EBITDA,Actual/Latest,Consensus Estimate,FY 2026,FY,2026,,2026-12-31,62116885.73,,,62116885.73,Mex$000,MXN,"filings/capitaliq/Estimates/Guidance/SPGlobal_GrupoBimbo,S.A.B.deC.V._Guidance_20-Sep-2026 (1).xlsx",Guidance,46
2026-09-20,guidance [Revisions by Announced Date],Company,announced 2026-07-23,EBITDA,Actual/Latest,Consensus Estimate,FY 2026,FY,2026,,2026-12-31,62116885.73,,,62116885.73,Mex$000,MXN,"filings/capitaliq/Estimates/Guidance/SPGlobal_GrupoBimbo,S.A.B.deC.V._Guidance_20-Sep-2026 (1).xlsx",Guidance,46
2026-09-20,guidance [Revisions by Announced Date],Company,announced 2020-02-21,EBITDA,Actual/Latest,% Difference,FY 2020,FY,2020,,2020-12-31,20.43,,,20.43,%,MXN,"filings/capitaliq/Estimates/Guidance/SPGlobal_GrupoBimbo,S.A.B.deC.V._Guidance_20-Sep-2026 (1).xlsx",Guidance,47
2026-09-20,guidance [Revisions by Announced Date],Company,announced 2020-07-27,EBITDA,Actual/Latest,% Difference,FY 2020,FY,2020,,2020-12-31,10.31,,,10.31,%,MXN,"filings/capitaliq/Estimates/Guidance/SPGlobal_GrupoBimbo,S.A.B.deC.V._Guidance_20-Sep-2026 (1).xlsx",Guidance,47
2026-09-20,guidance [Revisions by Announced Date],Company,announced 2020-10-21,EBITDA,Actual/Latest,% Difference,FY 2020,FY,2020,,2020-12-31,10.31,,,10.31,%,MXN,"filings/capitaliq/Estimates/Guidance/SPGlobal_GrupoBimbo,S.A.B.deC.V._Guidance_20-Sep-2026 (1).xlsx",Guidance,47
2026-09-20,guidance [Revisions by Announced Date],Company,announced 2021-02-24,EBITDA,Actual/Latest,% Difference,FY 2021,FY,2021,,2021-12-31,8.23,,,8.23,%,MXN,"filings/capitaliq/Estimates/Guidance/SPGlobal_GrupoBimbo,S.A.B.deC.V._Guidance_20-Sep-2026 (1).xlsx",Guidance,47
2026-09-20,guidance [Revisions by Announced Date],Company,announced 2021-04-28,EBITDA,Actual/Latest,% Difference,FY 2021,FY,2021,,2021-12-31,22.96,,,22.96,%,MXN,"filings/capitaliq/Estimates/Guidance/SPGlobal_GrupoBimbo,S.A.B.deC.V._Guidance_20-Sep-2026 (1).xlsx",Guidance,47
2026-09-20,guidance [Revisions by Announced Date],Company,announced 2021-10-28,EBITDA,Actual/Latest,% Difference,FY 2021,FY,2021,,2021-12-31,0,,,0,%,MXN,"filings/capitaliq/Estimates/Guidance/SPGlobal_GrupoBimbo,S.A.B.deC.V._Guidance_20-Sep-2026 (1).xlsx",Guidance,47
2026-09-20,guidance [Revisions by Announced Date],Company,announced 2021-10-28,EBITDA,Actual/Latest,% Difference,FY 2022,FY,2022,,2022-12-31,0.86,,,0.86,%,MXN,"filings/capitaliq/Estimates/Guidance/SPGlobal_GrupoBimbo,S.A.B.deC.V._Guidance_20-Sep-2026 (1).xlsx",Guidance,47
2026-09-20,guidance [Revisions by Announced Date],Company,announced 2022-02-22,EBITDA,Actual/Latest,% Difference,FY 2022,FY,2022,,2022-12-31,1.03,,,1.03,%,MXN,"filings/capitaliq/Estimates/Guidance/SPGlobal_GrupoBimbo,S.A.B.deC.V._Guidance_20-Sep-2026 (1).xlsx",Guidance,47
2026-09-20,guidance [Revisions by Announced Date],Company,announced 2022-04-26,EBITDA,Actual/Latest,% Difference,FY 2022,FY,2022,,2022-12-31,1.03,,,1.03,%,MXN,"filings/capitaliq/Estimates/Guidance/SPGlobal_GrupoBimbo,S.A.B.deC.V._Guidance_20-Sep-2026 (1).xlsx",Guidance,47
2026-09-20,guidance [Revisions by Announced Date],Company,announced 2022-07-21,EBITDA,Actual/Latest,% Difference,FY 2022,FY,2022,,2022-12-31,1.03,,,1.03,%,MXN,"filings/capitaliq/Estimates/Guidance/SPGlobal_GrupoBimbo,S.A.B.deC.V._Guidance_20-Sep-2026 (1).xlsx",Guidance,47
2026-09-20,guidance [Revisions by Announced Date],Company,announced 2022-10-27,EBITDA,Actual/Latest,% Difference,FY 2022,FY,2022,,2022-12-31,0.12,,,0.12,%,MXN,"filings/capitaliq/Estimates/Guidance/SPGlobal_GrupoBimbo,S.A.B.deC.V._Guidance_20-Sep-2026 (1).xlsx",Guidance,47
2026-09-20,guidance [Revisions by Announced Date],Company,announced 2023-02-22,EBITDA,Actual/Latest,% Difference,FY 2023,FY,2023,,2023-12-31,-2.48,,,-2.48,%,MXN,"filings/capitaliq/Estimates/Guidance/SPGlobal_GrupoBimbo,S.A.B.deC.V._Guidance_20-Sep-2026 (1).xlsx",Guidance,47
2026-09-20,guidance [Revisions by Announced Date],Company,announced 2023-04-27,EBITDA,Actual/Latest,% Difference,FY 2023,FY,2023,,2023-12-31,-2.48,,,-2.48,%,MXN,"filings/capitaliq/Estimates/Guidance/SPGlobal_GrupoBimbo,S.A.B.deC.V._Guidance_20-Sep-2026 (1).xlsx",Guidance,47
2026-09-20,guidance [Revisions by Announced Date],Company,announced 2023-07-25,EBITDA,Actual/Latest,% Difference,FY 2023,FY,2023,,2023-12-31,0,,,0,%,MXN,"filings/capitaliq/Estimates/Guidance/SPGlobal_GrupoBimbo,S.A.B.deC.V._Guidance_20-Sep-2026 (1).xlsx",Guidance,47
2026-09-20,guidance [Revisions by Announced Date],Company,announced 2023-10-26,EBITDA,Actual/Latest,% Difference,FY 2023,FY,2023,,2023-12-31,0,,,0,%,MXN,"filings/capitaliq/Estimates/Guidance/SPGlobal_GrupoBimbo,S.A.B.deC.V._Guidance_20-Sep-2026 (1).xlsx",Guidance,47
2026-09-20,guidance [Revisions by Announced Date],Company,announced 2024-02-19,EBITDA,Actual/Latest,% Difference,FY 2024,FY,2024,,2024-12-31,0,,,0,%,MXN,"filings/capitaliq/Estimates/Guidance/SPGlobal_GrupoBimbo,S.A.B.deC.V._Guidance_20-Sep-2026 (1).xlsx",Guidance,47
2026-09-20,guidance [Revisions by Announced Date],Company,announced 2024-04-22,EBITDA,Actual/Latest,% Difference,FY 2024,FY,2024,,2024-12-31,0,,,0,%,MXN,"filings/capitaliq/Estimates/Guidance/SPGlobal_GrupoBimbo,S.A.B.deC.V._Guidance_20-Sep-2026 (1).xlsx",Guidance,47
2026-09-20,guidance [Revisions by Announced Date],Company,announced 2024-07-24,EBITDA,Actual/Latest,% Difference,FY 2024,FY,2024,,2024-12-31,0,,,0,%,MXN,"filings/capitaliq/Estimates/Guidance/SPGlobal_GrupoBimbo,S.A.B.deC.V._Guidance_20-Sep-2026 (1).xlsx",Guidance,47
2026-09-20,guidance [Revisions by Announced Date],Company,announced 2024-10-29,EBITDA,Actual/Latest,% Difference,FY 2024,FY,2024,,2024-12-31,0,,,0,%,MXN,"filings/capitaliq/Estimates/Guidance/SPGlobal_GrupoBimbo,S.A.B.deC.V._Guidance_20-Sep-2026 (1).xlsx",Guidance,47
2026-09-20,guidance [Revisions by Announced Date],Company,announced 2025-02-27,EBITDA,Actual/Latest,% Difference,FY 2025,FY,2025,,2025-12-31,-11.4,,,-11.4,%,MXN,"filings/capitaliq/Estimates/Guidance/SPGlobal_GrupoBimbo,S.A.B.deC.V._Guidance_20-Sep-2026 (1).xlsx",Guidance,47
2026-09-20,guidance [Revisions by Announced Date],Company,announced 2025-04-29,EBITDA,Actual/Latest,% Difference,FY 2025,FY,2025,,2025-12-31,0,,,0,%,MXN,"filings/capitaliq/Estimates/Guidance/SPGlobal_GrupoBimbo,S.A.B.deC.V._Guidance_20-Sep-2026 (1).xlsx",Guidance,47
2026-09-20,guidance [Revisions by Announced Date],Company,announced 2025-07-24,EBITDA,Actual/Latest,% Difference,FY 2025,FY,2025,,2025-12-31,1.29,,,1.29,%,MXN,"filings/capitaliq/Estimates/Guidance/SPGlobal_GrupoBimbo,S.A.B.deC.V._Guidance_20-Sep-2026 (1).xlsx",Guidance,47
2026-09-20,guidance [Revisions by Announced Date],Company,announced 2025-08-12,EBITDA,Actual/Latest,% Difference,FY 2025,FY,2025,,2025-12-31,0,,,0,%,MXN,"filings/capitaliq/Estimates/Guidance/SPGlobal_GrupoBimbo,S.A.B.deC.V._Guidance_20-Sep-2026 (1).xlsx",Guidance,47
2026-09-20,guidance [Revisions by Announced Date],Company,announced 2025-10-29,EBITDA,Actual/Latest,% Difference,FY 2025,FY,2025,,2025-12-31,0,,,0,%,MXN,"filings/capitaliq/Estimates/Guidance/SPGlobal_GrupoBimbo,S.A.B.deC.V._Guidance_20-Sep-2026 (1).xlsx",Guidance,47
2026-09-20,guidance [Revisions by Announced Date],Company,announced 2026-02-26,EBITDA,Actual/Latest,% Difference,FY 2026,FY,2026,,2026-12-31,4.48,,,4.48,%,MXN,"filings/capitaliq/Estimates/Guidance/SPGlobal_GrupoBimbo,S.A.B.deC.V._Guidance_20-Sep-2026 (1).xlsx",Guidance,47
2026-09-20,guidance [Revisions by Announced Date],Company,announced 2026-04-29,EBITDA,Actual/Latest,% Difference,FY 2026,FY,2026,,2026-12-31,0,,,0,%,MXN,"filings/capitaliq/Estimates/Guidance/SPGlobal_GrupoBimbo,S.A.B.deC.V._Guidance_20-Sep-2026 (1).xlsx",Guidance,47
2026-09-20,guidance [Revisions by Announced Date],Company,announced 2026-06-15,EBITDA,Actual/Latest,% Difference,FY 2026,FY,2026,,2026-12-31,0,,,0,%,MXN,"filings/capitaliq/Estimates/Guidance/SPGlobal_GrupoBimbo,S.A.B.deC.V._Guidance_20-Sep-2026 (1).xlsx",Guidance,47
2026-09-20,guidance [Revisions by Announced Date],Company,announced 2026-07-23,EBITDA,Actual/Latest,% Difference,FY 2026,FY,2026,,2026-12-31,0,,,0,%,MXN,"filings/capitaliq/Estimates/Guidance/SPGlobal_GrupoBimbo,S.A.B.deC.V._Guidance_20-Sep-2026 (1).xlsx",Guidance,47
2026-09-20,guidance [Revisions by Announced Date],Company,announced 2020-02-21,EBITDA,Actual/Latest,Actual,FY 2020,FY,2020,,2020-12-31,45193000,,,45193000,Mex$000,MXN,"filings/capitaliq/Estimates/Guidance/SPGlobal_GrupoBimbo,S.A.B.deC.V._Guidance_20-Sep-2026 (1).xlsx",Guidance,48
2026-09-20,guidance [Revisions by Announced Date],Company,announced 2020-07-27,EBITDA,Actual/Latest,Actual,FY 2020,FY,2020,,2020-12-31,45193000,,,45193000,Mex$000,MXN,"filings/capitaliq/Estimates/Guidance/SPGlobal_GrupoBimbo,S.A.B.deC.V._Guidance_20-Sep-2026 (1).xlsx",Guidance,48
2026-09-20,guidance [Revisions by Announced Date],Company,announced 2020-10-21,EBITDA,Actual/Latest,Actual,FY 2020,FY,2020,,2020-12-31,45193000,,,45193000,Mex$000,MXN,"filings/capitaliq/Estimates/Guidance/SPGlobal_GrupoBimbo,S.A.B.deC.V._Guidance_20-Sep-2026 (1).xlsx",Guidance,48
2026-09-20,guidance [Revisions by Announced Date],Company,announced 2021-02-24,EBITDA,Actual/Latest,Actual,FY 2021,FY,2021,,2021-12-31,49178000,,,49178000,Mex$000,MXN,"filings/capitaliq/Estimates/Guidance/SPGlobal_GrupoBimbo,S.A.B.deC.V._Guidance_20-Sep-2026 (1).xlsx",Guidance,48
2026-09-20,guidance [Revisions by Announced Date],Company,announced 2021-04-28,EBITDA,Actual/Latest,Actual,FY 2021,FY,2021,,2021-12-31,49178000,,,49178000,Mex$000,MXN,"filings/capitaliq/Estimates/Guidance/SPGlobal_GrupoBimbo,S.A.B.deC.V._Guidance_20-Sep-2026 (1).xlsx",Guidance,48
2026-09-20,guidance [Revisions by Announced Date],Company,announced 2021-10-28,EBITDA,Actual/Latest,Actual,FY 2021,FY,2021,,2021-12-31,49178000,,,49178000,Mex$000,MXN,"filings/capitaliq/Estimates/Guidance/SPGlobal_GrupoBimbo,S.A.B.deC.V._Guidance_20-Sep-2026 (1).xlsx",Guidance,48
2026-09-20,guidance [Revisions by Announced Date],Company,announced 2021-10-28,EBITDA,Actual/Latest,Actual,FY 2022,FY,2022,,2022-12-31,53445000,,,53445000,Mex$000,MXN,"filings/capitaliq/Estimates/Guidance/SPGlobal_GrupoBimbo,S.A.B.deC.V._Guidance_20-Sep-2026 (1).xlsx",Guidance,48
2026-09-20,guidance [Revisions by Announced Date],Company,announced 2022-02-22,EBITDA,Actual/Latest,Actual,FY 2022,FY,2022,,2022-12-31,53445000,,,53445000,Mex$000,MXN,"filings/capitaliq/Estimates/Guidance/SPGlobal_GrupoBimbo,S.A.B.deC.V._Guidance_20-Sep-2026 (1).xlsx",Guidance,48
2026-09-20,guidance [Revisions by Announced Date],Company,announced 2022-04-26,EBITDA,Actual/Latest,Actual,FY 2022,FY,2022,,2022-12-31,53445000,,,53445000,Mex$000,MXN,"filings/capitaliq/Estimates/Guidance/SPGlobal_GrupoBimbo,S.A.B.deC.V._Guidance_20-Sep-2026 (1).xlsx",Guidance,48
2026-09-20,guidance [Revisions by Announced Date],Company,announced 2022-07-21,EBITDA,Actual/Latest,Actual,FY 2022,FY,2022,,2022-12-31,53445000,,,53445000,Mex$000,MXN,"filings/capitaliq/Estimates/Guidance/SPGlobal_GrupoBimbo,S.A.B.deC.V._Guidance_20-Sep-2026 (1).xlsx",Guidance,48
2026-09-20,guidance [Revisions by Announced Date],Company,announced 2022-10-27,EBITDA,Actual/Latest,Actual,FY 2022,FY,2022,,2022-12-31,53445000,,,53445000,Mex$000,MXN,"filings/capitaliq/Estimates/Guidance/SPGlobal_GrupoBimbo,S.A.B.deC.V._Guidance_20-Sep-2026 (1).xlsx",Guidance,48
2026-09-20,guidance [Revisions by Announced Date],Company,announced 2023-02-22,EBITDA,Actual/Latest,Actual,FY 2023,FY,2023,,2023-12-31,54942000,,,54942000,Mex$000,MXN,"filings/capitaliq/Estimates/Guidance/SPGlobal_GrupoBimbo,S.A.B.deC.V._Guidance_20-Sep-2026 (1).xlsx",Guidance,48
2026-09-20,guidance [Revisions by Announced Date],Company,announced 2023-04-27,EBITDA,Actual/Latest,Actual,FY 2023,FY,2023,,2023-12-31,54942000,,,54942000,Mex$000,MXN,"filings/capitaliq/Estimates/Guidance/SPGlobal_GrupoBimbo,S.A.B.deC.V._Guidance_20-Sep-2026 (1).xlsx",Guidance,48
2026-09-20,guidance [Revisions by Announced Date],Company,announced 2023-07-25,EBITDA,Actual/Latest,Actual,FY 2023,FY,2023,,2023-12-31,54942000,,,54942000,Mex$000,MXN,"filings/capitaliq/Estimates/Guidance/SPGlobal_GrupoBimbo,S.A.B.deC.V._Guidance_20-Sep-2026 (1).xlsx",Guidance,48
2026-09-20,guidance [Revisions by Announced Date],Company,announced 2023-10-26,EBITDA,Actual/Latest,Actual,FY 2023,FY,2023,,2023-12-31,54942000,,,54942000,Mex$000,MXN,"filings/capitaliq/Estimates/Guidance/SPGlobal_GrupoBimbo,S.A.B.deC.V._Guidance_20-Sep-2026 (1).xlsx",Guidance,48
2026-09-20,guidance [Revisions by Announced Date],Company,announced 2024-02-19,EBITDA,Actual/Latest,Actual,FY 2024,FY,2024,,2024-12-31,55474000,,,55474000,Mex$000,MXN,"filings/capitaliq/Estimates/Guidance/SPGlobal_GrupoBimbo,S.A.B.deC.V._Guidance_20-Sep-2026 (1).xlsx",Guidance,48
2026-09-20,guidance [Revisions by Announced Date],Company,announced 2024-04-22,EBITDA,Actual/Latest,Actual,FY 2024,FY,2024,,2024-12-31,55474000,,,55474000,Mex$000,MXN,"filings/capitaliq/Estimates/Guidance/SPGlobal_GrupoBimbo,S.A.B.deC.V._Guidance_20-Sep-2026 (1).xlsx",Guidance,48
2026-09-20,guidance [Revisions by Announced Date],Company,announced 2024-07-24,EBITDA,Actual/Latest,Actual,FY 2024,FY,2024,,2024-12-31,55474000,,,55474000,Mex$000,MXN,"filings/capitaliq/Estimates/Guidance/SPGlobal_GrupoBimbo,S.A.B.deC.V._Guidance_20-Sep-2026 (1).xlsx",Guidance,48
2026-09-20,guidance [Revisions by Announced Date],Company,announced 2024-10-29,EBITDA,Actual/Latest,Actual,FY 2024,FY,2024,,2024-12-31,55474000,,,55474000,Mex$000,MXN,"filings/capitaliq/Estimates/Guidance/SPGlobal_GrupoBimbo,S.A.B.deC.V._Guidance_20-Sep-2026 (1).xlsx",Guidance,48
2026-09-20,guidance [Revisions by Announced Date],Company,announced 2025-02-27,EBITDA,Actual/Latest,Actual,FY 2025,FY,2025,,2025-12-31,59456000,,,59456000,Mex$000,MXN,"filings/capitaliq/Estimates/Guidance/SPGlobal_GrupoBimbo,S.A.B.deC.V._Guidance_20-Sep-2026 (1).xlsx",Guidance,48
2026-09-20,guidance [Revisions by Announced Date],Company,announced 2025-04-29,EBITDA,Actual/Latest,Actual,FY 2025,FY,2025,,2025-12-31,59456000,,,59456000,Mex$000,MXN,"filings/capitaliq/Estimates/Guidance/SPGlobal_GrupoBimbo,S.A.B.deC.V._Guidance_20-Sep-2026 (1).xlsx",Guidance,48
2026-09-20,guidance [Revisions by Announced Date],Company,announced 2025-07-24,EBITDA,Actual/Latest,Actual,FY 2025,FY,2025,,2025-12-31,59456000,,,59456000,Mex$000,MXN,"filings/capitaliq/Estimates/Guidance/SPGlobal_GrupoBimbo,S.A.B.deC.V._Guidance_20-Sep-2026 (1).xlsx",Guidance,48
2026-09-20,guidance [Revisions by Announced Date],Company,announced 2025-08-12,EBITDA,Actual/Latest,Actual,FY 2025,FY,2025,,2025-12-31,59456000,,,59456000,Mex$000,MXN,"filings/capitaliq/Estimates/Guidance/SPGlobal_GrupoBimbo,S.A.B.deC.V._Guidance_20-Sep-2026 (1).xlsx",Guidance,48
2026-09-20,guidance [Revisions by Announced Date],Company,announced 2025-10-29,EBITDA,Actual/Latest,Actual,FY 2025,FY,2025,,2025-12-31,59456000,,,59456000,Mex$000,MXN,"filings/capitaliq/Estimates/Guidance/SPGlobal_GrupoBimbo,S.A.B.deC.V._Guidance_20-Sep-2026 (1).xlsx",Guidance,48
2026-09-20,guidance [Revisions by Announced Date],Company,announced 2020-02-21,EBITDA,Actual/Latest,% Difference,FY 2020,FY,2020,,2020-12-31,13.62,,,13.62,%,MXN,"filings/capitaliq/Estimates/Guidance/SPGlobal_GrupoBimbo,S.A.B.deC.V._Guidance_20-Sep-2026 (1).xlsx",Guidance,49
2026-09-20,guidance [Revisions by Announced Date],Company,announced 2020-07-27,EBITDA,Actual/Latest,% Difference,FY 2020,FY,2020,,2020-12-31,13.62,,,13.62,%,MXN,"filings/capitaliq/Estimates/Guidance/SPGlobal_GrupoBimbo,S.A.B.deC.V._Guidance_20-Sep-2026 (1).xlsx",Guidance,49
2026-09-20,guidance [Revisions by Announced Date],Company,announced 2020-10-21,EBITDA,Actual/Latest,% Difference,FY 2020,FY,2020,,2020-12-31,13.62,,,13.62,%,MXN,"filings/capitaliq/Estimates/Guidance/SPGlobal_GrupoBimbo,S.A.B.deC.V._Guidance_20-Sep-2026 (1).xlsx",Guidance,49
2026-09-20,guidance [Revisions by Announced Date],Company,announced 2021-10-28,EBITDA,Actual/Latest,% Difference,FY 2022,FY,2022,,2022-12-31,-1.2,,,-1.2,%,MXN,"filings/capitaliq/Estimates/Guidance/SPGlobal_GrupoBimbo,S.A.B.deC.V._Guidance_20-Sep-2026 (1).xlsx",Guidance,49
2026-09-20,guidance [Revisions by Announced Date],Company,announced 2022-02-22,EBITDA,Actual/Latest,% Difference,FY 2022,FY,2022,,2022-12-31,-1.2,,,-1.2,%,MXN,"filings/capitaliq/Estimates/Guidance/SPGlobal_GrupoBimbo,S.A.B.deC.V._Guidance_20-Sep-2026 (1).xlsx",Guidance,49
2026-09-20,guidance [Revisions by Announced Date],Company,announced 2022-04-26,EBITDA,Actual/Latest,% Difference,FY 2022,FY,2022,,2022-12-31,-1.2,,,-1.2,%,MXN,"filings/capitaliq/Estimates/Guidance/SPGlobal_GrupoBimbo,S.A.B.deC.V._Guidance_20-Sep-2026 (1).xlsx",Guidance,49
2026-09-20,guidance [Revisions by Announced Date],Company,announced 2022-07-21,EBITDA,Actual/Latest,% Difference,FY 2022,FY,2022,,2022-12-31,-1.2,,,-1.2,%,MXN,"filings/capitaliq/Estimates/Guidance/SPGlobal_GrupoBimbo,S.A.B.deC.V._Guidance_20-Sep-2026 (1).xlsx",Guidance,49
2026-09-20,guidance [Revisions by Announced Date],Company,announced 2022-10-27,EBITDA,Actual/Latest,% Difference,FY 2022,FY,2022,,2022-12-31,-1.2,,,-1.2,%,MXN,"filings/capitaliq/Estimates/Guidance/SPGlobal_GrupoBimbo,S.A.B.deC.V._Guidance_20-Sep-2026 (1).xlsx",Guidance,49
2026-09-20,guidance [Revisions by Announced Date],Company,announced 2023-02-22,EBITDA,Actual/Latest,% Difference,FY 2023,FY,2023,,2023-12-31,-1.15,,,-1.15,%,MXN,"filings/capitaliq/Estimates/Guidance/SPGlobal_GrupoBimbo,S.A.B.deC.V._Guidance_20-Sep-2026 (1).xlsx",Guidance,49
2026-09-20,guidance [Revisions by Announced Date],Company,announced 2023-04-27,EBITDA,Actual/Latest,% Difference,FY 2023,FY,2023,,2023-12-31,-1.15,,,-1.15,%,MXN,"filings/capitaliq/Estimates/Guidance/SPGlobal_GrupoBimbo,S.A.B.deC.V._Guidance_20-Sep-2026 (1).xlsx",Guidance,49
2026-09-20,guidance [Revisions by Announced Date],Company,announced 2023-07-25,EBITDA,Actual/Latest,% Difference,FY 2023,FY,2023,,2023-12-31,-1.15,,,-1.15,%,MXN,"filings/capitaliq/Estimates/Guidance/SPGlobal_GrupoBimbo,S.A.B.deC.V._Guidance_20-Sep-2026 (1).xlsx",Guidance,49
2026-09-20,guidance [Revisions by Announced Date],Company,announced 2023-10-26,EBITDA,Actual/Latest,% Difference,FY 2023,FY,2023,,2023-12-31,-1.15,,,-1.15,%,MXN,"filings/capitaliq/Estimates/Guidance/SPGlobal_GrupoBimbo,S.A.B.deC.V._Guidance_20-Sep-2026 (1).xlsx",Guidance,49
2026-09-20,guidance [Revisions by Announced Date],Company,announced 2024-02-19,EBITDA,Actual/Latest,% Difference,FY 2024,FY,2024,,2024-12-31,-0.03,,,-0.03,%,MXN,"filings/capitaliq/Estimates/Guidance/SPGlobal_GrupoBimbo,S.A.B.deC.V._Guidance_20-Sep-2026 (1).xlsx",Guidance,49
2026-09-20,guidance [Revisions by Announced Date],Company,announced 2024-04-22,EBITDA,Actual/Latest,% Difference,FY 2024,FY,2024,,2024-12-31,-0.03,,,-0.03,%,MXN,"filings/capitaliq/Estimates/Guidance/SPGlobal_GrupoBimbo,S.A.B.deC.V._Guidance_20-Sep-2026 (1).xlsx",Guidance,49
2026-09-20,guidance [Revisions by Announced Date],Company,announced 2024-07-24,EBITDA,Actual/Latest,% Difference,FY 2024,FY,2024,,2024-12-31,-0.03,,,-0.03,%,MXN,"filings/capitaliq/Estimates/Guidance/SPGlobal_GrupoBimbo,S.A.B.deC.V._Guidance_20-Sep-2026 (1).xlsx",Guidance,49
2026-09-20,guidance [Revisions by Announced Date],Company,announced 2024-10-29,EBITDA,Actual/Latest,% Difference,FY 2024,FY,2024,,2024-12-31,-0.03,,,-0.03,%,MXN,"filings/capitaliq/Estimates/Guidance/SPGlobal_GrupoBimbo,S.A.B.deC.V._Guidance_20-Sep-2026 (1).xlsx",Guidance,49
2026-09-20,guidance [Revisions by Announced Date],Company,announced 2025-02-27,EBITDA,Actual/Latest,% Difference,FY 2025,FY,2025,,2025-12-31,1.11,,,1.11,%,MXN,"filings/capitaliq/Estimates/Guidance/SPGlobal_GrupoBimbo,S.A.B.deC.V._Guidance_20-Sep-2026 (1).xlsx",Guidance,49
2026-09-20,guidance [Revisions by Announced Date],Company,announced 2025-04-29,EBITDA,Actual/Latest,% Difference,FY 2025,FY,2025,,2025-12-31,1.11,,,1.11,%,MXN,"filings/capitaliq/Estimates/Guidance/SPGlobal_GrupoBimbo,S.A.B.deC.V._Guidance_20-Sep-2026 (1).xlsx",Guidance,49
2026-09-20,guidance [Revisions by Announced Date],Company,announced 2025-07-24,EBITDA,Actual/Latest,% Difference,FY 2025,FY,2025,,2025-12-31,1.11,,,1.11,%,MXN,"filings/capitaliq/Estimates/Guidance/SPGlobal_GrupoBimbo,S.A.B.deC.V._Guidance_20-Sep-2026 (1).xlsx",Guidance,49
2026-09-20,guidance [Revisions by Announced Date],Company,announced 2025-08-12,EBITDA,Actual/Latest,% Difference,FY 2025,FY,2025,,2025-12-31,1.11,,,1.11,%,MXN,"filings/capitaliq/Estimates/Guidance/SPGlobal_GrupoBimbo,S.A.B.deC.V._Guidance_20-Sep-2026 (1).xlsx",Guidance,49
2026-09-20,guidance [Revisions by Announced Date],Company,announced 2025-10-29,EBITDA,Actual/Latest,% Difference,FY 2025,FY,2025,,2025-12-31,1.11,,,1.11,%,MXN,"filings/capitaliq/Estimates/Guidance/SPGlobal_GrupoBimbo,S.A.B.deC.V._Guidance_20-Sep-2026 (1).xlsx",Guidance,49
2026-09-20,guidance [Revisions by Announced Date],Company,announced 2018-02-23,Effective Tax Rate (%),Guidance,Guidance,FY 2018,FY,2018,,2018-12-31,40.0,43.0,range,40.00 - 43.00,%,MXN,"filings/capitaliq/Estimates/Guidance/SPGlobal_GrupoBimbo,S.A.B.deC.V._Guidance_20-Sep-2026 (1).xlsx",Guidance,51
2026-09-20,guidance [Revisions by Announced Date],Company,announced 2019-02-22,Effective Tax Rate (%),Guidance,Guidance,FY 2019,FY,2019,,2019-12-31,40.0,43.0,range,40.00 - 43.00,%,MXN,"filings/capitaliq/Estimates/Guidance/SPGlobal_GrupoBimbo,S.A.B.deC.V._Guidance_20-Sep-2026 (1).xlsx",Guidance,51
2026-09-20,guidance [Revisions by Announced Date],Company,announced 2020-02-21,Effective Tax Rate (%),Guidance,Guidance,FY 2020,FY,2020,,2020-12-31,39.1,,,39.1,%,MXN,"filings/capitaliq/Estimates/Guidance/SPGlobal_GrupoBimbo,S.A.B.deC.V._Guidance_20-Sep-2026 (1).xlsx",Guidance,51
2026-09-20,guidance [Revisions by Announced Date],Company,announced 2020-07-27,Effective Tax Rate (%),Guidance,Guidance,FY 2020,FY,2020,,2020-12-31,39.0,40.0,range,39.00 - 40.00,%,MXN,"filings/capitaliq/Estimates/Guidance/SPGlobal_GrupoBimbo,S.A.B.deC.V._Guidance_20-Sep-2026 (1).xlsx",Guidance,51
2026-09-20,guidance [Revisions by Announced Date],Company,announced 2020-10-21,Effective Tax Rate (%),Guidance,Guidance,FY 2020,FY,2020,,2020-12-31,34.0,39.0,range,34.00 - 39.00,%,MXN,"filings/capitaliq/Estimates/Guidance/SPGlobal_GrupoBimbo,S.A.B.deC.V._Guidance_20-Sep-2026 (1).xlsx",Guidance,51
2026-09-20,guidance [Revisions by Announced Date],Company,announced 2021-02-24,Effective Tax Rate (%),Guidance,Guidance,FY 2021,FY,2021,,2021-12-31,34.0,39.0,range,34.00 - 39.00,%,MXN,"filings/capitaliq/Estimates/Guidance/SPGlobal_GrupoBimbo,S.A.B.deC.V._Guidance_20-Sep-2026 (1).xlsx",Guidance,51
2026-09-20,guidance [Revisions by Announced Date],Company,announced 2021-04-28,Effective Tax Rate (%),Guidance,Guidance,FY 2021,FY,2021,,2021-12-31,34.0,39.0,range,34.00 - 39.00,%,MXN,"filings/capitaliq/Estimates/Guidance/SPGlobal_GrupoBimbo,S.A.B.deC.V._Guidance_20-Sep-2026 (1).xlsx",Guidance,51
2026-09-20,guidance [Revisions by Announced Date],Company,announced 2021-10-28,Effective Tax Rate (%),Guidance,Guidance,FY 2021,FY,2021,,2021-12-31,34.0,39.0,range,34.00 - 39.00,%,MXN,"filings/capitaliq/Estimates/Guidance/SPGlobal_GrupoBimbo,S.A.B.deC.V._Guidance_20-Sep-2026 (1).xlsx",Guidance,51
2026-09-20,guidance [Revisions by Announced Date],Company,announced 2021-10-28,Effective Tax Rate (%),Guidance,Guidance,FY 2022,FY,2022,,2022-12-31,34.0,36.0,range,34.00 - 36.00,%,MXN,"filings/capitaliq/Estimates/Guidance/SPGlobal_GrupoBimbo,S.A.B.deC.V._Guidance_20-Sep-2026 (1).xlsx",Guidance,51
2026-09-20,guidance [Revisions by Announced Date],Company,announced 2022-02-22,Effective Tax Rate (%),Guidance,Guidance,FY 2022,FY,2022,,2022-12-31,30.0,36.0,range,30.00 - 36.00,%,MXN,"filings/capitaliq/Estimates/Guidance/SPGlobal_GrupoBimbo,S.A.B.deC.V._Guidance_20-Sep-2026 (1).xlsx",Guidance,51
2026-09-20,guidance [Revisions by Announced Date],Company,announced 2022-04-26,Effective Tax Rate (%),Guidance,Guidance,FY 2022,FY,2022,,2022-12-31,30.0,36.0,range,30.00 - 36.00,%,MXN,"filings/capitaliq/Estimates/Guidance/SPGlobal_GrupoBimbo,S.A.B.deC.V._Guidance_20-Sep-2026 (1).xlsx",Guidance,51
2026-09-20,guidance [Revisions by Announced Date],Company,announced 2022-07-21,Effective Tax Rate (%),Guidance,Guidance,FY 2022,FY,2022,,2022-12-31,30.0,36.0,range,30.00 - 36.00,%,MXN,"filings/capitaliq/Estimates/Guidance/SPGlobal_GrupoBimbo,S.A.B.deC.V._Guidance_20-Sep-2026 (1).xlsx",Guidance,51
2026-09-20,guidance [Revisions by Announced Date],Company,announced 2022-10-27,Effective Tax Rate (%),Guidance,Guidance,FY 2022,FY,2022,,2022-12-31,30.0,36.0,range,30.00 - 36.00,%,MXN,"filings/capitaliq/Estimates/Guidance/SPGlobal_GrupoBimbo,S.A.B.deC.V._Guidance_20-Sep-2026 (1).xlsx",Guidance,51
2026-09-20,guidance [Revisions by Announced Date],Company,announced 2023-02-22,Effective Tax Rate (%),Guidance,Guidance,FY 2023,FY,2023,,2023-12-31,30.0,36.0,range,30.00 - 36.00,%,MXN,"filings/capitaliq/Estimates/Guidance/SPGlobal_GrupoBimbo,S.A.B.deC.V._Guidance_20-Sep-2026 (1).xlsx",Guidance,51
2026-09-20,guidance [Revisions by Announced Date],Company,announced 2023-04-27,Effective Tax Rate (%),Guidance,Guidance,FY 2023,FY,2023,,2023-12-31,30.0,36.0,range,30.00 - 36.00,%,MXN,"filings/capitaliq/Estimates/Guidance/SPGlobal_GrupoBimbo,S.A.B.deC.V._Guidance_20-Sep-2026 (1).xlsx",Guidance,51
2026-09-20,guidance [Revisions by Announced Date],Company,announced 2023-07-25,Effective Tax Rate (%),Guidance,Guidance,FY 2023,FY,2023,,2023-12-31,30.0,36.0,range,30.00 - 36.00,%,MXN,"filings/capitaliq/Estimates/Guidance/SPGlobal_GrupoBimbo,S.A.B.deC.V._Guidance_20-Sep-2026 (1).xlsx",Guidance,51
2026-09-20,guidance [Revisions by Announced Date],Company,announced 2023-10-26,Effective Tax Rate (%),Guidance,Guidance,FY 2023,FY,2023,,2023-12-31,30.0,36.0,range,30.00 - 36.00,%,MXN,"filings/capitaliq/Estimates/Guidance/SPGlobal_GrupoBimbo,S.A.B.deC.V._Guidance_20-Sep-2026 (1).xlsx",Guidance,51
2026-09-20,guidance [Revisions by Announced Date],Company,announced 2018-02-23,Effective Tax Rate (%),As Of Guidance,Guidance Date,FY 2018,FY,2018,,2018-12-31,,,text,2/23/2018,%,MXN,"filings/capitaliq/Estimates/Guidance/SPGlobal_GrupoBimbo,S.A.B.deC.V._Guidance_20-Sep-2026 (1).xlsx",Guidance,53
2026-09-20,guidance [Revisions by Announced Date],Company,announced 2019-02-22,Effective Tax Rate (%),As Of Guidance,Guidance Date,FY 2019,FY,2019,,2019-12-31,,,text,2/22/2019,%,MXN,"filings/capitaliq/Estimates/Guidance/SPGlobal_GrupoBimbo,S.A.B.deC.V._Guidance_20-Sep-2026 (1).xlsx",Guidance,53
2026-09-20,guidance [Revisions by Announced Date],Company,announced 2020-02-21,Effective Tax Rate (%),As Of Guidance,Guidance Date,FY 2020,FY,2020,,2020-12-31,,,text,2/21/2020,%,MXN,"filings/capitaliq/Estimates/Guidance/SPGlobal_GrupoBimbo,S.A.B.deC.V._Guidance_20-Sep-2026 (1).xlsx",Guidance,53
2026-09-20,guidance [Revisions by Announced Date],Company,announced 2020-07-27,Effective Tax Rate (%),As Of Guidance,Guidance Date,FY 2020,FY,2020,,2020-12-31,,,text,7/27/2020,%,MXN,"filings/capitaliq/Estimates/Guidance/SPGlobal_GrupoBimbo,S.A.B.deC.V._Guidance_20-Sep-2026 (1).xlsx",Guidance,53
2026-09-20,guidance [Revisions by Announced Date],Company,announced 2020-10-21,Effective Tax Rate (%),As Of Guidance,Guidance Date,FY 2020,FY,2020,,2020-12-31,,,text,10/21/2020,%,MXN,"filings/capitaliq/Estimates/Guidance/SPGlobal_GrupoBimbo,S.A.B.deC.V._Guidance_20-Sep-2026 (1).xlsx",Guidance,53
2026-09-20,guidance [Revisions by Announced Date],Company,announced 2021-02-24,Effective Tax Rate (%),As Of Guidance,Guidance Date,FY 2021,FY,2021,,2021-12-31,,,text,2/24/2021,%,MXN,"filings/capitaliq/Estimates/Guidance/SPGlobal_GrupoBimbo,S.A.B.deC.V._Guidance_20-Sep-2026 (1).xlsx",Guidance,53
2026-09-20,guidance [Revisions by Announced Date],Company,announced 2021-04-28,Effective Tax Rate (%),As Of Guidance,Guidance Date,FY 2021,FY,2021,,2021-12-31,,,text,4/28/2021,%,MXN,"filings/capitaliq/Estimates/Guidance/SPGlobal_GrupoBimbo,S.A.B.deC.V._Guidance_20-Sep-2026 (1).xlsx",Guidance,53
2026-09-20,guidance [Revisions by Announced Date],Company,announced 2021-10-28,Effective Tax Rate (%),As Of Guidance,Guidance Date,FY 2021,FY,2021,,2021-12-31,,,text,10/28/2021,%,MXN,"filings/capitaliq/Estimates/Guidance/SPGlobal_GrupoBimbo,S.A.B.deC.V._Guidance_20-Sep-2026 (1).xlsx",Guidance,53
2026-09-20,guidance [Revisions by Announced Date],Company,announced 2021-10-28,Effective Tax Rate (%),As Of Guidance,Guidance Date,FY 2022,FY,2022,,2022-12-31,,,text,10/28/2021,%,MXN,"filings/capitaliq/Estimates/Guidance/SPGlobal_GrupoBimbo,S.A.B.deC.V._Guidance_20-Sep-2026 (1).xlsx",Guidance,53
2026-09-20,guidance [Revisions by Announced Date],Company,announced 2022-02-22,Effective Tax Rate (%),As Of Guidance,Guidance Date,FY 2022,FY,2022,,2022-12-31,,,text,2/22/2022,%,MXN,"filings/capitaliq/Estimates/Guidance/SPGlobal_GrupoBimbo,S.A.B.deC.V._Guidance_20-Sep-2026 (1).xlsx",Guidance,53
2026-09-20,guidance [Revisions by Announced Date],Company,announced 2022-04-26,Effective Tax Rate (%),As Of Guidance,Guidance Date,FY 2022,FY,2022,,2022-12-31,,,text,4/26/2022,%,MXN,"filings/capitaliq/Estimates/Guidance/SPGlobal_GrupoBimbo,S.A.B.deC.V._Guidance_20-Sep-2026 (1).xlsx",Guidance,53
2026-09-20,guidance [Revisions by Announced Date],Company,announced 2022-07-21,Effective Tax Rate (%),As Of Guidance,Guidance Date,FY 2022,FY,2022,,2022-12-31,,,text,7/21/2022,%,MXN,"filings/capitaliq/Estimates/Guidance/SPGlobal_GrupoBimbo,S.A.B.deC.V._Guidance_20-Sep-2026 (1).xlsx",Guidance,53
2026-09-20,guidance [Revisions by Announced Date],Company,announced 2022-10-27,Effective Tax Rate (%),As Of Guidance,Guidance Date,FY 2022,FY,2022,,2022-12-31,,,text,10/27/2022,%,MXN,"filings/capitaliq/Estimates/Guidance/SPGlobal_GrupoBimbo,S.A.B.deC.V._Guidance_20-Sep-2026 (1).xlsx",Guidance,53
2026-09-20,guidance [Revisions by Announced Date],Company,announced 2023-02-22,Effective Tax Rate (%),As Of Guidance,Guidance Date,FY 2023,FY,2023,,2023-12-31,,,text,2/22/2023,%,MXN,"filings/capitaliq/Estimates/Guidance/SPGlobal_GrupoBimbo,S.A.B.deC.V._Guidance_20-Sep-2026 (1).xlsx",Guidance,53
2026-09-20,guidance [Revisions by Announced Date],Company,announced 2023-04-27,Effective Tax Rate (%),As Of Guidance,Guidance Date,FY 2023,FY,2023,,2023-12-31,,,text,4/27/2023,%,MXN,"filings/capitaliq/Estimates/Guidance/SPGlobal_GrupoBimbo,S.A.B.deC.V._Guidance_20-Sep-2026 (1).xlsx",Guidance,53
2026-09-20,guidance [Revisions by Announced Date],Company,announced 2023-07-25,Effective Tax Rate (%),As Of Guidance,Guidance Date,FY 2023,FY,2023,,2023-12-31,,,text,7/25/2023,%,MXN,"filings/capitaliq/Estimates/Guidance/SPGlobal_GrupoBimbo,S.A.B.deC.V._Guidance_20-Sep-2026 (1).xlsx",Guidance,53
2026-09-20,guidance [Revisions by Announced Date],Company,announced 2023-10-26,Effective Tax Rate (%),As Of Guidance,Guidance Date,FY 2023,FY,2023,,2023-12-31,,,text,10/26/2023,%,MXN,"filings/capitaliq/Estimates/Guidance/SPGlobal_GrupoBimbo,S.A.B.deC.V._Guidance_20-Sep-2026 (1).xlsx",Guidance,53
2026-09-20,guidance [Revisions by Announced Date],Company,announced 2020-10-21,Effective Tax Rate (%),As Of Guidance,Consensus Estimate,FY 2020,FY,2020,,2020-12-31,39.4,,,39.4,%,MXN,"filings/capitaliq/Estimates/Guidance/SPGlobal_GrupoBimbo,S.A.B.deC.V._Guidance_20-Sep-2026 (1).xlsx",Guidance,54
2026-09-20,guidance [Revisions by Announced Date],Company,announced 2020-10-21,Effective Tax Rate (%),As Of Guidance,% Difference,FY 2020,FY,2020,,2020-12-31,-1.02,,,-1.02,%,MXN,"filings/capitaliq/Estimates/Guidance/SPGlobal_GrupoBimbo,S.A.B.deC.V._Guidance_20-Sep-2026 (1).xlsx",Guidance,55
2026-09-20,guidance [Revisions by Announced Date],Company,announced 2018-02-23,Effective Tax Rate (%),As Of Guidance,Days before actual,FY 2018,FY,2018,,2018-12-31,363,,,363,%,MXN,"filings/capitaliq/Estimates/Guidance/SPGlobal_GrupoBimbo,S.A.B.deC.V._Guidance_20-Sep-2026 (1).xlsx",Guidance,56
2026-09-20,guidance [Revisions by Announced Date],Company,announced 2019-02-22,Effective Tax Rate (%),As Of Guidance,Days before actual,FY 2019,FY,2019,,2019-12-31,363,,,363,%,MXN,"filings/capitaliq/Estimates/Guidance/SPGlobal_GrupoBimbo,S.A.B.deC.V._Guidance_20-Sep-2026 (1).xlsx",Guidance,56
2026-09-20,guidance [Revisions by Announced Date],Company,announced 2020-02-21,Effective Tax Rate (%),As Of Guidance,Days before actual,FY 2020,FY,2020,,2020-12-31,369,,,369,%,MXN,"filings/capitaliq/Estimates/Guidance/SPGlobal_GrupoBimbo,S.A.B.deC.V._Guidance_20-Sep-2026 (1).xlsx",Guidance,56
2026-09-20,guidance [Revisions by Announced Date],Company,announced 2020-07-27,Effective Tax Rate (%),As Of Guidance,Days before actual,FY 2020,FY,2020,,2020-12-31,212,,,212,%,MXN,"filings/capitaliq/Estimates/Guidance/SPGlobal_GrupoBimbo,S.A.B.deC.V._Guidance_20-Sep-2026 (1).xlsx",Guidance,56
2026-09-20,guidance [Revisions by Announced Date],Company,announced 2020-10-21,Effective Tax Rate (%),As Of Guidance,Days before actual,FY 2020,FY,2020,,2020-12-31,126,,,126,%,MXN,"filings/capitaliq/Estimates/Guidance/SPGlobal_GrupoBimbo,S.A.B.deC.V._Guidance_20-Sep-2026 (1).xlsx",Guidance,56
2026-09-20,guidance [Revisions by Announced Date],Company,announced 2021-02-24,Effective Tax Rate (%),As Of Guidance,Days before actual,FY 2021,FY,2021,,2021-12-31,363,,,363,%,MXN,"filings/capitaliq/Estimates/Guidance/SPGlobal_GrupoBimbo,S.A.B.deC.V._Guidance_20-Sep-2026 (1).xlsx",Guidance,56
2026-09-20,guidance [Revisions by Announced Date],Company,announced 2021-04-28,Effective Tax Rate (%),As Of Guidance,Days before actual,FY 2021,FY,2021,,2021-12-31,300,,,300,%,MXN,"filings/capitaliq/Estimates/Guidance/SPGlobal_GrupoBimbo,S.A.B.deC.V._Guidance_20-Sep-2026 (1).xlsx",Guidance,56
2026-09-20,guidance [Revisions by Announced Date],Company,announced 2021-10-28,Effective Tax Rate (%),As Of Guidance,Days before actual,FY 2021,FY,2021,,2021-12-31,117,,,117,%,MXN,"filings/capitaliq/Estimates/Guidance/SPGlobal_GrupoBimbo,S.A.B.deC.V._Guidance_20-Sep-2026 (1).xlsx",Guidance,56
2026-09-20,guidance [Revisions by Announced Date],Company,announced 2021-10-28,Effective Tax Rate (%),As Of Guidance,Days before actual,FY 2022,FY,2022,,2022-12-31,578,,,578,%,MXN,"filings/capitaliq/Estimates/Guidance/SPGlobal_GrupoBimbo,S.A.B.deC.V._Guidance_20-Sep-2026 (1).xlsx",Guidance,56
2026-09-20,guidance [Revisions by Announced Date],Company,announced 2022-02-22,Effective Tax Rate (%),As Of Guidance,Days before actual,FY 2022,FY,2022,,2022-12-31,461,,,461,%,MXN,"filings/capitaliq/Estimates/Guidance/SPGlobal_GrupoBimbo,S.A.B.deC.V._Guidance_20-Sep-2026 (1).xlsx",Guidance,56
2026-09-20,guidance [Revisions by Announced Date],Company,announced 2022-04-26,Effective Tax Rate (%),As Of Guidance,Days before actual,FY 2022,FY,2022,,2022-12-31,398,,,398,%,MXN,"filings/capitaliq/Estimates/Guidance/SPGlobal_GrupoBimbo,S.A.B.deC.V._Guidance_20-Sep-2026 (1).xlsx",Guidance,56
2026-09-20,guidance [Revisions by Announced Date],Company,announced 2022-07-21,Effective Tax Rate (%),As Of Guidance,Days before actual,FY 2022,FY,2022,,2022-12-31,312,,,312,%,MXN,"filings/capitaliq/Estimates/Guidance/SPGlobal_GrupoBimbo,S.A.B.deC.V._Guidance_20-Sep-2026 (1).xlsx",Guidance,56
2026-09-20,guidance [Revisions by Announced Date],Company,announced 2022-10-27,Effective Tax Rate (%),As Of Guidance,Days before actual,FY 2022,FY,2022,,2022-12-31,214,,,214,%,MXN,"filings/capitaliq/Estimates/Guidance/SPGlobal_GrupoBimbo,S.A.B.deC.V._Guidance_20-Sep-2026 (1).xlsx",Guidance,56
2026-09-20,guidance [Revisions by Announced Date],Company,announced 2023-02-22,Effective Tax Rate (%),As Of Guidance,Days before actual,FY 2023,FY,2023,,2023-12-31,362,,,362,%,MXN,"filings/capitaliq/Estimates/Guidance/SPGlobal_GrupoBimbo,S.A.B.deC.V._Guidance_20-Sep-2026 (1).xlsx",Guidance,56
2026-09-20,guidance [Revisions by Announced Date],Company,announced 2023-04-27,Effective Tax Rate (%),As Of Guidance,Days before actual,FY 2023,FY,2023,,2023-12-31,298,,,298,%,MXN,"filings/capitaliq/Estimates/Guidance/SPGlobal_GrupoBimbo,S.A.B.deC.V._Guidance_20-Sep-2026 (1).xlsx",Guidance,56
2026-09-20,guidance [Revisions by Announced Date],Company,announced 2023-07-25,Effective Tax Rate (%),As Of Guidance,Days before actual,FY 2023,FY,2023,,2023-12-31,209,,,209,%,MXN,"filings/capitaliq/Estimates/Guidance/SPGlobal_GrupoBimbo,S.A.B.deC.V._Guidance_20-Sep-2026 (1).xlsx",Guidance,56
2026-09-20,guidance [Revisions by Announced Date],Company,announced 2023-10-26,Effective Tax Rate (%),As Of Guidance,Days before actual,FY 2023,FY,2023,,2023-12-31,116,,,116,%,MXN,"filings/capitaliq/Estimates/Guidance/SPGlobal_GrupoBimbo,S.A.B.deC.V._Guidance_20-Sep-2026 (1).xlsx",Guidance,56
2026-09-20,guidance [Revisions by Announced Date],Company,announced 2018-02-23,Effective Tax Rate (%),Actual/Latest,Actual/Latest Date,FY 2018,FY,2018,,2018-12-31,,,text,2/21/2019,%,MXN,"filings/capitaliq/Estimates/Guidance/SPGlobal_GrupoBimbo,S.A.B.deC.V._Guidance_20-Sep-2026 (1).xlsx",Guidance,58
2026-09-20,guidance [Revisions by Announced Date],Company,announced 2019-02-22,Effective Tax Rate (%),Actual/Latest,Actual/Latest Date,FY 2019,FY,2019,,2019-12-31,,,text,2/20/2020,%,MXN,"filings/capitaliq/Estimates/Guidance/SPGlobal_GrupoBimbo,S.A.B.deC.V._Guidance_20-Sep-2026 (1).xlsx",Guidance,58
2026-09-20,guidance [Revisions by Announced Date],Company,announced 2020-02-21,Effective Tax Rate (%),Actual/Latest,Actual/Latest Date,FY 2020,FY,2020,,2020-12-31,,,text,2/24/2021,%,MXN,"filings/capitaliq/Estimates/Guidance/SPGlobal_GrupoBimbo,S.A.B.deC.V._Guidance_20-Sep-2026 (1).xlsx",Guidance,58
2026-09-20,guidance [Revisions by Announced Date],Company,announced 2020-07-27,Effective Tax Rate (%),Actual/Latest,Actual/Latest Date,FY 2020,FY,2020,,2020-12-31,,,text,2/24/2021,%,MXN,"filings/capitaliq/Estimates/Guidance/SPGlobal_GrupoBimbo,S.A.B.deC.V._Guidance_20-Sep-2026 (1).xlsx",Guidance,58
2026-09-20,guidance [Revisions by Announced Date],Company,announced 2020-10-21,Effective Tax Rate (%),Actual/Latest,Actual/Latest Date,FY 2020,FY,2020,,2020-12-31,,,text,2/24/2021,%,MXN,"filings/capitaliq/Estimates/Guidance/SPGlobal_GrupoBimbo,S.A.B.deC.V._Guidance_20-Sep-2026 (1).xlsx",Guidance,58
2026-09-20,guidance [Revisions by Announced Date],Company,announced 2021-02-24,Effective Tax Rate (%),Actual/Latest,Actual/Latest Date,FY 2021,FY,2021,,2021-12-31,,,text,2/22/2022,%,MXN,"filings/capitaliq/Estimates/Guidance/SPGlobal_GrupoBimbo,S.A.B.deC.V._Guidance_20-Sep-2026 (1).xlsx",Guidance,58
2026-09-20,guidance [Revisions by Announced Date],Company,announced 2021-04-28,Effective Tax Rate (%),Actual/Latest,Actual/Latest Date,FY 2021,FY,2021,,2021-12-31,,,text,2/22/2022,%,MXN,"filings/capitaliq/Estimates/Guidance/SPGlobal_GrupoBimbo,S.A.B.deC.V._Guidance_20-Sep-2026 (1).xlsx",Guidance,58
2026-09-20,guidance [Revisions by Announced Date],Company,announced 2021-10-28,Effective Tax Rate (%),Actual/Latest,Actual/Latest Date,FY 2021,FY,2021,,2021-12-31,,,text,2/22/2022,%,MXN,"filings/capitaliq/Estimates/Guidance/SPGlobal_GrupoBimbo,S.A.B.deC.V._Guidance_20-Sep-2026 (1).xlsx",Guidance,58
2026-09-20,guidance [Revisions by Announced Date],Company,announced 2021-10-28,Effective Tax Rate (%),Actual/Latest,Actual/Latest Date,FY 2022,FY,2022,,2022-12-31,,,text,5/29/2023,%,MXN,"filings/capitaliq/Estimates/Guidance/SPGlobal_GrupoBimbo,S.A.B.deC.V._Guidance_20-Sep-2026 (1).xlsx",Guidance,58
2026-09-20,guidance [Revisions by Announced Date],Company,announced 2022-02-22,Effective Tax Rate (%),Actual/Latest,Actual/Latest Date,FY 2022,FY,2022,,2022-12-31,,,text,5/29/2023,%,MXN,"filings/capitaliq/Estimates/Guidance/SPGlobal_GrupoBimbo,S.A.B.deC.V._Guidance_20-Sep-2026 (1).xlsx",Guidance,58
2026-09-20,guidance [Revisions by Announced Date],Company,announced 2022-04-26,Effective Tax Rate (%),Actual/Latest,Actual/Latest Date,FY 2022,FY,2022,,2022-12-31,,,text,5/29/2023,%,MXN,"filings/capitaliq/Estimates/Guidance/SPGlobal_GrupoBimbo,S.A.B.deC.V._Guidance_20-Sep-2026 (1).xlsx",Guidance,58
2026-09-20,guidance [Revisions by Announced Date],Company,announced 2022-07-21,Effective Tax Rate (%),Actual/Latest,Actual/Latest Date,FY 2022,FY,2022,,2022-12-31,,,text,5/29/2023,%,MXN,"filings/capitaliq/Estimates/Guidance/SPGlobal_GrupoBimbo,S.A.B.deC.V._Guidance_20-Sep-2026 (1).xlsx",Guidance,58
2026-09-20,guidance [Revisions by Announced Date],Company,announced 2022-10-27,Effective Tax Rate (%),Actual/Latest,Actual/Latest Date,FY 2022,FY,2022,,2022-12-31,,,text,5/29/2023,%,MXN,"filings/capitaliq/Estimates/Guidance/SPGlobal_GrupoBimbo,S.A.B.deC.V._Guidance_20-Sep-2026 (1).xlsx",Guidance,58
2026-09-20,guidance [Revisions by Announced Date],Company,announced 2023-02-22,Effective Tax Rate (%),Actual/Latest,Actual/Latest Date,FY 2023,FY,2023,,2023-12-31,,,text,2/19/2024,%,MXN,"filings/capitaliq/Estimates/Guidance/SPGlobal_GrupoBimbo,S.A.B.deC.V._Guidance_20-Sep-2026 (1).xlsx",Guidance,58
2026-09-20,guidance [Revisions by Announced Date],Company,announced 2023-04-27,Effective Tax Rate (%),Actual/Latest,Actual/Latest Date,FY 2023,FY,2023,,2023-12-31,,,text,2/19/2024,%,MXN,"filings/capitaliq/Estimates/Guidance/SPGlobal_GrupoBimbo,S.A.B.deC.V._Guidance_20-Sep-2026 (1).xlsx",Guidance,58
2026-09-20,guidance [Revisions by Announced Date],Company,announced 2023-07-25,Effective Tax Rate (%),Actual/Latest,Actual/Latest Date,FY 2023,FY,2023,,2023-12-31,,,text,2/19/2024,%,MXN,"filings/capitaliq/Estimates/Guidance/SPGlobal_GrupoBimbo,S.A.B.deC.V._Guidance_20-Sep-2026 (1).xlsx",Guidance,58
2026-09-20,guidance [Revisions by Announced Date],Company,announced 2023-10-26,Effective Tax Rate (%),Actual/Latest,Actual/Latest Date,FY 2023,FY,2023,,2023-12-31,,,text,2/19/2024,%,MXN,"filings/capitaliq/Estimates/Guidance/SPGlobal_GrupoBimbo,S.A.B.deC.V._Guidance_20-Sep-2026 (1).xlsx",Guidance,58
2026-09-20,guidance [Revisions by Announced Date],Company,announced 2018-02-23,Effective Tax Rate (%),Actual/Latest,Guidance,FY 2018,FY,2018,,2018-12-31,40.0,43.0,range,40.00 - 43.00,%,MXN,"filings/capitaliq/Estimates/Guidance/SPGlobal_GrupoBimbo,S.A.B.deC.V._Guidance_20-Sep-2026 (1).xlsx",Guidance,59
2026-09-20,guidance [Revisions by Announced Date],Company,announced 2019-02-22,Effective Tax Rate (%),Actual/Latest,Guidance,FY 2019,FY,2019,,2019-12-31,40.0,43.0,range,40.00 - 43.00,%,MXN,"filings/capitaliq/Estimates/Guidance/SPGlobal_GrupoBimbo,S.A.B.deC.V._Guidance_20-Sep-2026 (1).xlsx",Guidance,59
2026-09-20,guidance [Revisions by Announced Date],Company,announced 2020-02-21,Effective Tax Rate (%),Actual/Latest,Guidance,FY 2020,FY,2020,,2020-12-31,39.1,,,39.1,%,MXN,"filings/capitaliq/Estimates/Guidance/SPGlobal_GrupoBimbo,S.A.B.deC.V._Guidance_20-Sep-2026 (1).xlsx",Guidance,59
2026-09-20,guidance [Revisions by Announced Date],Company,announced 2020-07-27,Effective Tax Rate (%),Actual/Latest,Guidance,FY 2020,FY,2020,,2020-12-31,39.0,40.0,range,39.00 - 40.00,%,MXN,"filings/capitaliq/Estimates/Guidance/SPGlobal_GrupoBimbo,S.A.B.deC.V._Guidance_20-Sep-2026 (1).xlsx",Guidance,59
2026-09-20,guidance [Revisions by Announced Date],Company,announced 2020-10-21,Effective Tax Rate (%),Actual/Latest,Guidance,FY 2020,FY,2020,,2020-12-31,34.0,39.0,range,34.00 - 39.00,%,MXN,"filings/capitaliq/Estimates/Guidance/SPGlobal_GrupoBimbo,S.A.B.deC.V._Guidance_20-Sep-2026 (1).xlsx",Guidance,59
2026-09-20,guidance [Revisions by Announced Date],Company,announced 2021-02-24,Effective Tax Rate (%),Actual/Latest,Guidance,FY 2021,FY,2021,,2021-12-31,34.0,39.0,range,34.00 - 39.00,%,MXN,"filings/capitaliq/Estimates/Guidance/SPGlobal_GrupoBimbo,S.A.B.deC.V._Guidance_20-Sep-2026 (1).xlsx",Guidance,59
2026-09-20,guidance [Revisions by Announced Date],Company,announced 2021-04-28,Effective Tax Rate (%),Actual/Latest,Guidance,FY 2021,FY,2021,,2021-12-31,34.0,39.0,range,34.00 - 39.00,%,MXN,"filings/capitaliq/Estimates/Guidance/SPGlobal_GrupoBimbo,S.A.B.deC.V._Guidance_20-Sep-2026 (1).xlsx",Guidance,59
2026-09-20,guidance [Revisions by Announced Date],Company,announced 2021-10-28,Effective Tax Rate (%),Actual/Latest,Guidance,FY 2021,FY,2021,,2021-12-31,34.0,39.0,range,34.00 - 39.00,%,MXN,"filings/capitaliq/Estimates/Guidance/SPGlobal_GrupoBimbo,S.A.B.deC.V._Guidance_20-Sep-2026 (1).xlsx",Guidance,59
2026-09-20,guidance [Revisions by Announced Date],Company,announced 2021-10-28,Effective Tax Rate (%),Actual/Latest,Guidance,FY 2022,FY,2022,,2022-12-31,34.0,36.0,range,34.00 - 36.00,%,MXN,"filings/capitaliq/Estimates/Guidance/SPGlobal_GrupoBimbo,S.A.B.deC.V._Guidance_20-Sep-2026 (1).xlsx",Guidance,59
2026-09-20,guidance [Revisions by Announced Date],Company,announced 2022-02-22,Effective Tax Rate (%),Actual/Latest,Guidance,FY 2022,FY,2022,,2022-12-31,30.0,36.0,range,30.00 - 36.00,%,MXN,"filings/capitaliq/Estimates/Guidance/SPGlobal_GrupoBimbo,S.A.B.deC.V._Guidance_20-Sep-2026 (1).xlsx",Guidance,59
2026-09-20,guidance [Revisions by Announced Date],Company,announced 2022-04-26,Effective Tax Rate (%),Actual/Latest,Guidance,FY 2022,FY,2022,,2022-12-31,30.0,36.0,range,30.00 - 36.00,%,MXN,"filings/capitaliq/Estimates/Guidance/SPGlobal_GrupoBimbo,S.A.B.deC.V._Guidance_20-Sep-2026 (1).xlsx",Guidance,59
2026-09-20,guidance [Revisions by Announced Date],Company,announced 2022-07-21,Effective Tax Rate (%),Actual/Latest,Guidance,FY 2022,FY,2022,,2022-12-31,30.0,36.0,range,30.00 - 36.00,%,MXN,"filings/capitaliq/Estimates/Guidance/SPGlobal_GrupoBimbo,S.A.B.deC.V._Guidance_20-Sep-2026 (1).xlsx",Guidance,59
2026-09-20,guidance [Revisions by Announced Date],Company,announced 2022-10-27,Effective Tax Rate (%),Actual/Latest,Guidance,FY 2022,FY,2022,,2022-12-31,30.0,36.0,range,30.00 - 36.00,%,MXN,"filings/capitaliq/Estimates/Guidance/SPGlobal_GrupoBimbo,S.A.B.deC.V._Guidance_20-Sep-2026 (1).xlsx",Guidance,59
2026-09-20,guidance [Revisions by Announced Date],Company,announced 2023-02-22,Effective Tax Rate (%),Actual/Latest,Guidance,FY 2023,FY,2023,,2023-12-31,30.0,36.0,range,30.00 - 36.00,%,MXN,"filings/capitaliq/Estimates/Guidance/SPGlobal_GrupoBimbo,S.A.B.deC.V._Guidance_20-Sep-2026 (1).xlsx",Guidance,59
2026-09-20,guidance [Revisions by Announced Date],Company,announced 2023-04-27,Effective Tax Rate (%),Actual/Latest,Guidance,FY 2023,FY,2023,,2023-12-31,30.0,36.0,range,30.00 - 36.00,%,MXN,"filings/capitaliq/Estimates/Guidance/SPGlobal_GrupoBimbo,S.A.B.deC.V._Guidance_20-Sep-2026 (1).xlsx",Guidance,59
2026-09-20,guidance [Revisions by Announced Date],Company,announced 2023-07-25,Effective Tax Rate (%),Actual/Latest,Guidance,FY 2023,FY,2023,,2023-12-31,30.0,36.0,range,30.00 - 36.00,%,MXN,"filings/capitaliq/Estimates/Guidance/SPGlobal_GrupoBimbo,S.A.B.deC.V._Guidance_20-Sep-2026 (1).xlsx",Guidance,59
2026-09-20,guidance [Revisions by Announced Date],Company,announced 2023-10-26,Effective Tax Rate (%),Actual/Latest,Guidance,FY 2023,FY,2023,,2023-12-31,30.0,36.0,range,30.00 - 36.00,%,MXN,"filings/capitaliq/Estimates/Guidance/SPGlobal_GrupoBimbo,S.A.B.deC.V._Guidance_20-Sep-2026 (1).xlsx",Guidance,59
2026-09-20,guidance [Revisions by Announced Date],Company,announced 2018-02-23,Effective Tax Rate (%),Actual/Latest,Consensus Estimate,FY 2018,FY,2018,,2018-12-31,39.75,,,39.75,%,MXN,"filings/capitaliq/Estimates/Guidance/SPGlobal_GrupoBimbo,S.A.B.deC.V._Guidance_20-Sep-2026 (1).xlsx",Guidance,60
2026-09-20,guidance [Revisions by Announced Date],Company,announced 2019-02-22,Effective Tax Rate (%),Actual/Latest,Consensus Estimate,FY 2019,FY,2019,,2019-12-31,40,,,40,%,MXN,"filings/capitaliq/Estimates/Guidance/SPGlobal_GrupoBimbo,S.A.B.deC.V._Guidance_20-Sep-2026 (1).xlsx",Guidance,60
2026-09-20,guidance [Revisions by Announced Date],Company,announced 2020-02-21,Effective Tax Rate (%),Actual/Latest,Consensus Estimate,FY 2020,FY,2020,,2020-12-31,38.5,,,38.5,%,MXN,"filings/capitaliq/Estimates/Guidance/SPGlobal_GrupoBimbo,S.A.B.deC.V._Guidance_20-Sep-2026 (1).xlsx",Guidance,60
2026-09-20,guidance [Revisions by Announced Date],Company,announced 2020-07-27,Effective Tax Rate (%),Actual/Latest,Consensus Estimate,FY 2020,FY,2020,,2020-12-31,38.5,,,38.5,%,MXN,"filings/capitaliq/Estimates/Guidance/SPGlobal_GrupoBimbo,S.A.B.deC.V._Guidance_20-Sep-2026 (1).xlsx",Guidance,60
2026-09-20,guidance [Revisions by Announced Date],Company,announced 2020-10-21,Effective Tax Rate (%),Actual/Latest,Consensus Estimate,FY 2020,FY,2020,,2020-12-31,38.5,,,38.5,%,MXN,"filings/capitaliq/Estimates/Guidance/SPGlobal_GrupoBimbo,S.A.B.deC.V._Guidance_20-Sep-2026 (1).xlsx",Guidance,60
2026-09-20,guidance [Revisions by Announced Date],Company,announced 2021-02-24,Effective Tax Rate (%),Actual/Latest,Consensus Estimate,FY 2021,FY,2021,,2021-12-31,35.9,,,35.9,%,MXN,"filings/capitaliq/Estimates/Guidance/SPGlobal_GrupoBimbo,S.A.B.deC.V._Guidance_20-Sep-2026 (1).xlsx",Guidance,60
2026-09-20,guidance [Revisions by Announced Date],Company,announced 2021-04-28,Effective Tax Rate (%),Actual/Latest,Consensus Estimate,FY 2021,FY,2021,,2021-12-31,35.9,,,35.9,%,MXN,"filings/capitaliq/Estimates/Guidance/SPGlobal_GrupoBimbo,S.A.B.deC.V._Guidance_20-Sep-2026 (1).xlsx",Guidance,60
2026-09-20,guidance [Revisions by Announced Date],Company,announced 2021-10-28,Effective Tax Rate (%),Actual/Latest,Consensus Estimate,FY 2021,FY,2021,,2021-12-31,35.9,,,35.9,%,MXN,"filings/capitaliq/Estimates/Guidance/SPGlobal_GrupoBimbo,S.A.B.deC.V._Guidance_20-Sep-2026 (1).xlsx",Guidance,60
2026-09-20,guidance [Revisions by Announced Date],Company,announced 2021-10-28,Effective Tax Rate (%),Actual/Latest,Consensus Estimate,FY 2022,FY,2022,,2022-12-31,32.45,,,32.45,%,MXN,"filings/capitaliq/Estimates/Guidance/SPGlobal_GrupoBimbo,S.A.B.deC.V._Guidance_20-Sep-2026 (1).xlsx",Guidance,60
2026-09-20,guidance [Revisions by Announced Date],Company,announced 2022-02-22,Effective Tax Rate (%),Actual/Latest,Consensus Estimate,FY 2022,FY,2022,,2022-12-31,32.45,,,32.45,%,MXN,"filings/capitaliq/Estimates/Guidance/SPGlobal_GrupoBimbo,S.A.B.deC.V._Guidance_20-Sep-2026 (1).xlsx",Guidance,60
2026-09-20,guidance [Revisions by Announced Date],Company,announced 2022-04-26,Effective Tax Rate (%),Actual/Latest,Consensus Estimate,FY 2022,FY,2022,,2022-12-31,32.45,,,32.45,%,MXN,"filings/capitaliq/Estimates/Guidance/SPGlobal_GrupoBimbo,S.A.B.deC.V._Guidance_20-Sep-2026 (1).xlsx",Guidance,60
2026-09-20,guidance [Revisions by Announced Date],Company,announced 2022-07-21,Effective Tax Rate (%),Actual/Latest,Consensus Estimate,FY 2022,FY,2022,,2022-12-31,32.45,,,32.45,%,MXN,"filings/capitaliq/Estimates/Guidance/SPGlobal_GrupoBimbo,S.A.B.deC.V._Guidance_20-Sep-2026 (1).xlsx",Guidance,60
2026-09-20,guidance [Revisions by Announced Date],Company,announced 2022-10-27,Effective Tax Rate (%),Actual/Latest,Consensus Estimate,FY 2022,FY,2022,,2022-12-31,32.45,,,32.45,%,MXN,"filings/capitaliq/Estimates/Guidance/SPGlobal_GrupoBimbo,S.A.B.deC.V._Guidance_20-Sep-2026 (1).xlsx",Guidance,60
2026-09-20,guidance [Revisions by Announced Date],Company,announced 2023-02-22,Effective Tax Rate (%),Actual/Latest,Consensus Estimate,FY 2023,FY,2023,,2023-12-31,32.7,,,32.7,%,MXN,"filings/capitaliq/Estimates/Guidance/SPGlobal_GrupoBimbo,S.A.B.deC.V._Guidance_20-Sep-2026 (1).xlsx",Guidance,60
2026-09-20,guidance [Revisions by Announced Date],Company,announced 2023-04-27,Effective Tax Rate (%),Actual/Latest,Consensus Estimate,FY 2023,FY,2023,,2023-12-31,32.7,,,32.7,%,MXN,"filings/capitaliq/Estimates/Guidance/SPGlobal_GrupoBimbo,S.A.B.deC.V._Guidance_20-Sep-2026 (1).xlsx",Guidance,60
2026-09-20,guidance [Revisions by Announced Date],Company,announced 2023-07-25,Effective Tax Rate (%),Actual/Latest,Consensus Estimate,FY 2023,FY,2023,,2023-12-31,32.7,,,32.7,%,MXN,"filings/capitaliq/Estimates/Guidance/SPGlobal_GrupoBimbo,S.A.B.deC.V._Guidance_20-Sep-2026 (1).xlsx",Guidance,60
2026-09-20,guidance [Revisions by Announced Date],Company,announced 2023-10-26,Effective Tax Rate (%),Actual/Latest,Consensus Estimate,FY 2023,FY,2023,,2023-12-31,32.7,,,32.7,%,MXN,"filings/capitaliq/Estimates/Guidance/SPGlobal_GrupoBimbo,S.A.B.deC.V._Guidance_20-Sep-2026 (1).xlsx",Guidance,60
2026-09-20,guidance [Revisions by Announced Date],Company,announced 2018-02-23,Effective Tax Rate (%),Actual/Latest,% Difference,FY 2018,FY,2018,,2018-12-31,-0.63,,,-0.63,%,MXN,"filings/capitaliq/Estimates/Guidance/SPGlobal_GrupoBimbo,S.A.B.deC.V._Guidance_20-Sep-2026 (1).xlsx",Guidance,61
2026-09-20,guidance [Revisions by Announced Date],Company,announced 2019-02-22,Effective Tax Rate (%),Actual/Latest,% Difference,FY 2019,FY,2019,,2019-12-31,0,,,0,%,MXN,"filings/capitaliq/Estimates/Guidance/SPGlobal_GrupoBimbo,S.A.B.deC.V._Guidance_20-Sep-2026 (1).xlsx",Guidance,61
2026-09-20,guidance [Revisions by Announced Date],Company,announced 2020-02-21,Effective Tax Rate (%),Actual/Latest,% Difference,FY 2020,FY,2020,,2020-12-31,-1.53,,,-1.53,%,MXN,"filings/capitaliq/Estimates/Guidance/SPGlobal_GrupoBimbo,S.A.B.deC.V._Guidance_20-Sep-2026 (1).xlsx",Guidance,61
2026-09-20,guidance [Revisions by Announced Date],Company,announced 2020-07-27,Effective Tax Rate (%),Actual/Latest,% Difference,FY 2020,FY,2020,,2020-12-31,-1.28,,,-1.28,%,MXN,"filings/capitaliq/Estimates/Guidance/SPGlobal_GrupoBimbo,S.A.B.deC.V._Guidance_20-Sep-2026 (1).xlsx",Guidance,61
2026-09-20,guidance [Revisions by Announced Date],Company,announced 2020-10-21,Effective Tax Rate (%),Actual/Latest,% Difference,FY 2020,FY,2020,,2020-12-31,0,,,0,%,MXN,"filings/capitaliq/Estimates/Guidance/SPGlobal_GrupoBimbo,S.A.B.deC.V._Guidance_20-Sep-2026 (1).xlsx",Guidance,61
2026-09-20,guidance [Revisions by Announced Date],Company,announced 2021-02-24,Effective Tax Rate (%),Actual/Latest,% Difference,FY 2021,FY,2021,,2021-12-31,0,,,0,%,MXN,"filings/capitaliq/Estimates/Guidance/SPGlobal_GrupoBimbo,S.A.B.deC.V._Guidance_20-Sep-2026 (1).xlsx",Guidance,61
2026-09-20,guidance [Revisions by Announced Date],Company,announced 2021-04-28,Effective Tax Rate (%),Actual/Latest,% Difference,FY 2021,FY,2021,,2021-12-31,0,,,0,%,MXN,"filings/capitaliq/Estimates/Guidance/SPGlobal_GrupoBimbo,S.A.B.deC.V._Guidance_20-Sep-2026 (1).xlsx",Guidance,61
2026-09-20,guidance [Revisions by Announced Date],Company,announced 2021-10-28,Effective Tax Rate (%),Actual/Latest,% Difference,FY 2021,FY,2021,,2021-12-31,0,,,0,%,MXN,"filings/capitaliq/Estimates/Guidance/SPGlobal_GrupoBimbo,S.A.B.deC.V._Guidance_20-Sep-2026 (1).xlsx",Guidance,61
2026-09-20,guidance [Revisions by Announced Date],Company,announced 2021-10-28,Effective Tax Rate (%),Actual/Latest,% Difference,FY 2022,FY,2022,,2022-12-31,-4.56,,,-4.56,%,MXN,"filings/capitaliq/Estimates/Guidance/SPGlobal_GrupoBimbo,S.A.B.deC.V._Guidance_20-Sep-2026 (1).xlsx",Guidance,61
2026-09-20,guidance [Revisions by Announced Date],Company,announced 2022-02-22,Effective Tax Rate (%),Actual/Latest,% Difference,FY 2022,FY,2022,,2022-12-31,0,,,0,%,MXN,"filings/capitaliq/Estimates/Guidance/SPGlobal_GrupoBimbo,S.A.B.deC.V._Guidance_20-Sep-2026 (1).xlsx",Guidance,61
2026-09-20,guidance [Revisions by Announced Date],Company,announced 2022-04-26,Effective Tax Rate (%),Actual/Latest,% Difference,FY 2022,FY,2022,,2022-12-31,0,,,0,%,MXN,"filings/capitaliq/Estimates/Guidance/SPGlobal_GrupoBimbo,S.A.B.deC.V._Guidance_20-Sep-2026 (1).xlsx",Guidance,61
2026-09-20,guidance [Revisions by Announced Date],Company,announced 2022-07-21,Effective Tax Rate (%),Actual/Latest,% Difference,FY 2022,FY,2022,,2022-12-31,0,,,0,%,MXN,"filings/capitaliq/Estimates/Guidance/SPGlobal_GrupoBimbo,S.A.B.deC.V._Guidance_20-Sep-2026 (1).xlsx",Guidance,61
2026-09-20,guidance [Revisions by Announced Date],Company,announced 2022-10-27,Effective Tax Rate (%),Actual/Latest,% Difference,FY 2022,FY,2022,,2022-12-31,0,,,0,%,MXN,"filings/capitaliq/Estimates/Guidance/SPGlobal_GrupoBimbo,S.A.B.deC.V._Guidance_20-Sep-2026 (1).xlsx",Guidance,61
2026-09-20,guidance [Revisions by Announced Date],Company,announced 2023-02-22,Effective Tax Rate (%),Actual/Latest,% Difference,FY 2023,FY,2023,,2023-12-31,0,,,0,%,MXN,"filings/capitaliq/Estimates/Guidance/SPGlobal_GrupoBimbo,S.A.B.deC.V._Guidance_20-Sep-2026 (1).xlsx",Guidance,61
2026-09-20,guidance [Revisions by Announced Date],Company,announced 2023-04-27,Effective Tax Rate (%),Actual/Latest,% Difference,FY 2023,FY,2023,,2023-12-31,0,,,0,%,MXN,"filings/capitaliq/Estimates/Guidance/SPGlobal_GrupoBimbo,S.A.B.deC.V._Guidance_20-Sep-2026 (1).xlsx",Guidance,61
2026-09-20,guidance [Revisions by Announced Date],Company,announced 2023-07-25,Effective Tax Rate (%),Actual/Latest,% Difference,FY 2023,FY,2023,,2023-12-31,0,,,0,%,MXN,"filings/capitaliq/Estimates/Guidance/SPGlobal_GrupoBimbo,S.A.B.deC.V._Guidance_20-Sep-2026 (1).xlsx",Guidance,61
2026-09-20,guidance [Revisions by Announced Date],Company,announced 2023-10-26,Effective Tax Rate (%),Actual/Latest,% Difference,FY 2023,FY,2023,,2023-12-31,0,,,0,%,MXN,"filings/capitaliq/Estimates/Guidance/SPGlobal_GrupoBimbo,S.A.B.deC.V._Guidance_20-Sep-2026 (1).xlsx",Guidance,61
2026-09-20,guidance [Revisions by Announced Date],Company,announced 2018-02-23,Effective Tax Rate (%),Actual/Latest,Actual,FY 2018,FY,2018,,2018-12-31,41.83,,,41.83,%,MXN,"filings/capitaliq/Estimates/Guidance/SPGlobal_GrupoBimbo,S.A.B.deC.V._Guidance_20-Sep-2026 (1).xlsx",Guidance,62
2026-09-20,guidance [Revisions by Announced Date],Company,announced 2019-02-22,Effective Tax Rate (%),Actual/Latest,Actual,FY 2019,FY,2019,,2019-12-31,39.09,,,39.09,%,MXN,"filings/capitaliq/Estimates/Guidance/SPGlobal_GrupoBimbo,S.A.B.deC.V._Guidance_20-Sep-2026 (1).xlsx",Guidance,62
2026-09-20,guidance [Revisions by Announced Date],Company,announced 2020-02-21,Effective Tax Rate (%),Actual/Latest,Actual,FY 2020,FY,2020,,2020-12-31,36.99,,,36.99,%,MXN,"filings/capitaliq/Estimates/Guidance/SPGlobal_GrupoBimbo,S.A.B.deC.V._Guidance_20-Sep-2026 (1).xlsx",Guidance,62
2026-09-20,guidance [Revisions by Announced Date],Company,announced 2020-07-27,Effective Tax Rate (%),Actual/Latest,Actual,FY 2020,FY,2020,,2020-12-31,36.99,,,36.99,%,MXN,"filings/capitaliq/Estimates/Guidance/SPGlobal_GrupoBimbo,S.A.B.deC.V._Guidance_20-Sep-2026 (1).xlsx",Guidance,62
2026-09-20,guidance [Revisions by Announced Date],Company,announced 2020-10-21,Effective Tax Rate (%),Actual/Latest,Actual,FY 2020,FY,2020,,2020-12-31,36.99,,,36.99,%,MXN,"filings/capitaliq/Estimates/Guidance/SPGlobal_GrupoBimbo,S.A.B.deC.V._Guidance_20-Sep-2026 (1).xlsx",Guidance,62
2026-09-20,guidance [Revisions by Announced Date],Company,announced 2021-02-24,Effective Tax Rate (%),Actual/Latest,Actual,FY 2021,FY,2021,,2021-12-31,34.04,,,34.04,%,MXN,"filings/capitaliq/Estimates/Guidance/SPGlobal_GrupoBimbo,S.A.B.deC.V._Guidance_20-Sep-2026 (1).xlsx",Guidance,62
2026-09-20,guidance [Revisions by Announced Date],Company,announced 2021-04-28,Effective Tax Rate (%),Actual/Latest,Actual,FY 2021,FY,2021,,2021-12-31,34.04,,,34.04,%,MXN,"filings/capitaliq/Estimates/Guidance/SPGlobal_GrupoBimbo,S.A.B.deC.V._Guidance_20-Sep-2026 (1).xlsx",Guidance,62
2026-09-20,guidance [Revisions by Announced Date],Company,announced 2021-10-28,Effective Tax Rate (%),Actual/Latest,Actual,FY 2021,FY,2021,,2021-12-31,34.04,,,34.04,%,MXN,"filings/capitaliq/Estimates/Guidance/SPGlobal_GrupoBimbo,S.A.B.deC.V._Guidance_20-Sep-2026 (1).xlsx",Guidance,62
2026-09-20,guidance [Revisions by Announced Date],Company,announced 2021-10-28,Effective Tax Rate (%),Actual/Latest,Actual,FY 2022,FY,2022,,2022-12-31,31.35,,,31.35,%,MXN,"filings/capitaliq/Estimates/Guidance/SPGlobal_GrupoBimbo,S.A.B.deC.V._Guidance_20-Sep-2026 (1).xlsx",Guidance,62
2026-09-20,guidance [Revisions by Announced Date],Company,announced 2022-02-22,Effective Tax Rate (%),Actual/Latest,Actual,FY 2022,FY,2022,,2022-12-31,31.35,,,31.35,%,MXN,"filings/capitaliq/Estimates/Guidance/SPGlobal_GrupoBimbo,S.A.B.deC.V._Guidance_20-Sep-2026 (1).xlsx",Guidance,62
2026-09-20,guidance [Revisions by Announced Date],Company,announced 2022-04-26,Effective Tax Rate (%),Actual/Latest,Actual,FY 2022,FY,2022,,2022-12-31,31.35,,,31.35,%,MXN,"filings/capitaliq/Estimates/Guidance/SPGlobal_GrupoBimbo,S.A.B.deC.V._Guidance_20-Sep-2026 (1).xlsx",Guidance,62
2026-09-20,guidance [Revisions by Announced Date],Company,announced 2022-07-21,Effective Tax Rate (%),Actual/Latest,Actual,FY 2022,FY,2022,,2022-12-31,31.35,,,31.35,%,MXN,"filings/capitaliq/Estimates/Guidance/SPGlobal_GrupoBimbo,S.A.B.deC.V._Guidance_20-Sep-2026 (1).xlsx",Guidance,62
2026-09-20,guidance [Revisions by Announced Date],Company,announced 2022-10-27,Effective Tax Rate (%),Actual/Latest,Actual,FY 2022,FY,2022,,2022-12-31,31.35,,,31.35,%,MXN,"filings/capitaliq/Estimates/Guidance/SPGlobal_GrupoBimbo,S.A.B.deC.V._Guidance_20-Sep-2026 (1).xlsx",Guidance,62
2026-09-20,guidance [Revisions by Announced Date],Company,announced 2023-02-22,Effective Tax Rate (%),Actual/Latest,Actual,FY 2023,FY,2023,,2023-12-31,33.11,,,33.11,%,MXN,"filings/capitaliq/Estimates/Guidance/SPGlobal_GrupoBimbo,S.A.B.deC.V._Guidance_20-Sep-2026 (1).xlsx",Guidance,62
2026-09-20,guidance [Revisions by Announced Date],Company,announced 2023-04-27,Effective Tax Rate (%),Actual/Latest,Actual,FY 2023,FY,2023,,2023-12-31,33.11,,,33.11,%,MXN,"filings/capitaliq/Estimates/Guidance/SPGlobal_GrupoBimbo,S.A.B.deC.V._Guidance_20-Sep-2026 (1).xlsx",Guidance,62
2026-09-20,guidance [Revisions by Announced Date],Company,announced 2023-07-25,Effective Tax Rate (%),Actual/Latest,Actual,FY 2023,FY,2023,,2023-12-31,33.11,,,33.11,%,MXN,"filings/capitaliq/Estimates/Guidance/SPGlobal_GrupoBimbo,S.A.B.deC.V._Guidance_20-Sep-2026 (1).xlsx",Guidance,62
2026-09-20,guidance [Revisions by Announced Date],Company,announced 2023-10-26,Effective Tax Rate (%),Actual/Latest,Actual,FY 2023,FY,2023,,2023-12-31,33.11,,,33.11,%,MXN,"filings/capitaliq/Estimates/Guidance/SPGlobal_GrupoBimbo,S.A.B.deC.V._Guidance_20-Sep-2026 (1).xlsx",Guidance,62
2026-09-20,guidance [Revisions by Announced Date],Company,announced 2019-02-22,Effective Tax Rate (%),Actual/Latest,% Difference,FY 2019,FY,2019,,2019-12-31,-2.28,,,-2.28,%,MXN,"filings/capitaliq/Estimates/Guidance/SPGlobal_GrupoBimbo,S.A.B.deC.V._Guidance_20-Sep-2026 (1).xlsx",Guidance,63
2026-09-20,guidance [Revisions by Announced Date],Company,announced 2020-02-21,Effective Tax Rate (%),Actual/Latest,% Difference,FY 2020,FY,2020,,2020-12-31,-5.15,,,-5.15,%,MXN,"filings/capitaliq/Estimates/Guidance/SPGlobal_GrupoBimbo,S.A.B.deC.V._Guidance_20-Sep-2026 (1).xlsx",Guidance,63
2026-09-20,guidance [Revisions by Announced Date],Company,announced 2020-07-27,Effective Tax Rate (%),Actual/Latest,% Difference,FY 2020,FY,2020,,2020-12-31,-5.15,,,-5.15,%,MXN,"filings/capitaliq/Estimates/Guidance/SPGlobal_GrupoBimbo,S.A.B.deC.V._Guidance_20-Sep-2026 (1).xlsx",Guidance,63
2026-09-20,guidance [Revisions by Announced Date],Company,announced 2020-10-21,Effective Tax Rate (%),Actual/Latest,% Difference,FY 2020,FY,2020,,2020-12-31,-5.15,,,-5.15,%,MXN,"filings/capitaliq/Estimates/Guidance/SPGlobal_GrupoBimbo,S.A.B.deC.V._Guidance_20-Sep-2026 (1).xlsx",Guidance,63
2026-09-20,guidance [Revisions by Announced Date],Company,announced 2012-02-23,Capital Expenditures,Guidance,Guidance,FY 2012,FY,2012,,2012-12-31,10001550,,,10001550,Mex$000,MXN,"filings/capitaliq/Estimates/Guidance/SPGlobal_GrupoBimbo,S.A.B.deC.V._Guidance_20-Sep-2026 (1).xlsx",Guidance,65
2026-09-20,guidance [Revisions by Announced Date],Company,announced 2018-02-23,Capital Expenditures,Guidance,Guidance,FY 2018,FY,2018,,2018-12-31,14857200,15785775,range,"14,857,200.00 - 15,785,775.00",Mex$000,MXN,"filings/capitaliq/Estimates/Guidance/SPGlobal_GrupoBimbo,S.A.B.deC.V._Guidance_20-Sep-2026 (1).xlsx",Guidance,65
2026-09-20,guidance [Revisions by Announced Date],Company,announced 2019-02-22,Capital Expenditures,Guidance,Guidance,FY 2019,FY,2019,,2019-12-31,15316400,17230950,range,"15,316,400.00 - 17,230,950.00",Mex$000,MXN,"filings/capitaliq/Estimates/Guidance/SPGlobal_GrupoBimbo,S.A.B.deC.V._Guidance_20-Sep-2026 (1).xlsx",Guidance,65
2026-09-20,guidance [Revisions by Announced Date],Company,announced 2019-07-23,Capital Expenditures,Guidance,Guidance,FY 2019,FY,2019,,2019-12-31,13389040,14345400,range,"13,389,040.00 - 14,345,400.00",Mex$000,MXN,"filings/capitaliq/Estimates/Guidance/SPGlobal_GrupoBimbo,S.A.B.deC.V._Guidance_20-Sep-2026 (1).xlsx",Guidance,65
2026-09-20,guidance [Revisions by Announced Date],Company,announced 2019-10-25,Capital Expenditures,Guidance,Guidance,FY 2019,FY,2019,,2019-12-31,13343540,,,13343540,Mex$000,MXN,"filings/capitaliq/Estimates/Guidance/SPGlobal_GrupoBimbo,S.A.B.deC.V._Guidance_20-Sep-2026 (1).xlsx",Guidance,65
2026-09-20,guidance [Revisions by Announced Date],Company,announced 2020-02-21,Capital Expenditures,Guidance,Guidance,FY 2020,FY,2020,,2020-12-31,13203540,15089760,range,"13,203,540.00 - 15,089,760.00",Mex$000,MXN,"filings/capitaliq/Estimates/Guidance/SPGlobal_GrupoBimbo,S.A.B.deC.V._Guidance_20-Sep-2026 (1).xlsx",Guidance,65
2026-09-20,guidance [Revisions by Announced Date],Company,announced 2020-07-27,Capital Expenditures,Guidance,Guidance,FY 2020,FY,2020,,2020-12-31,14309880,16511400,range,"14,309,880.00 - 16,511,400.00",Mex$000,MXN,"filings/capitaliq/Estimates/Guidance/SPGlobal_GrupoBimbo,S.A.B.deC.V._Guidance_20-Sep-2026 (1).xlsx",Guidance,65
2026-09-20,guidance [Revisions by Announced Date],Company,announced 2020-10-21,Capital Expenditures,Guidance,Guidance,FY 2020,FY,2020,,2020-12-31,11594880,12648960,range,"11,594,880.00 - 12,648,960.00",Mex$000,MXN,"filings/capitaliq/Estimates/Guidance/SPGlobal_GrupoBimbo,S.A.B.deC.V._Guidance_20-Sep-2026 (1).xlsx",Guidance,65
2026-09-20,guidance [Revisions by Announced Date],Company,announced 2021-02-24,Capital Expenditures,Guidance,Guidance,FY 2021,FY,2021,,2021-12-31,20439400,,,20439400,Mex$000,MXN,"filings/capitaliq/Estimates/Guidance/SPGlobal_GrupoBimbo,S.A.B.deC.V._Guidance_20-Sep-2026 (1).xlsx",Guidance,65
2026-09-20,guidance [Revisions by Announced Date],Company,announced 2021-04-28,Capital Expenditures,Guidance,Guidance,FY 2021,FY,2021,,2021-12-31,17970390,19967100,range,"17,970,390.00 - 19,967,100.00",Mex$000,MXN,"filings/capitaliq/Estimates/Guidance/SPGlobal_GrupoBimbo,S.A.B.deC.V._Guidance_20-Sep-2026 (1).xlsx",Guidance,65
2026-09-20,guidance [Revisions by Announced Date],Company,announced 2021-10-28,Capital Expenditures,Guidance,Guidance,FY 2021,FY,2021,,2021-12-31,18294300,20327000,range,"18,294,300.00 - 20,327,000.00",Mex$000,MXN,"filings/capitaliq/Estimates/Guidance/SPGlobal_GrupoBimbo,S.A.B.deC.V._Guidance_20-Sep-2026 (1).xlsx",Guidance,65
2026-09-20,guidance [Revisions by Announced Date],Company,announced 2021-10-28,Capital Expenditures,Guidance,Guidance,FY 2022,FY,2022,,2022-12-31,18294300,,,18294300,Mex$000,MXN,"filings/capitaliq/Estimates/Guidance/SPGlobal_GrupoBimbo,S.A.B.deC.V._Guidance_20-Sep-2026 (1).xlsx",Guidance,65
2026-09-20,guidance [Revisions by Announced Date],Company,announced 2022-02-22,Capital Expenditures,Guidance,Guidance,FY 2022,FY,2022,,2022-12-31,30445950,,,30445950,Mex$000,MXN,"filings/capitaliq/Estimates/Guidance/SPGlobal_GrupoBimbo,S.A.B.deC.V._Guidance_20-Sep-2026 (1).xlsx",Guidance,65
2026-09-20,guidance [Revisions by Announced Date],Company,announced 2022-04-26,Capital Expenditures,Guidance,Guidance,FY 2022,FY,2022,,2022-12-31,30542250,,,30542250,Mex$000,MXN,"filings/capitaliq/Estimates/Guidance/SPGlobal_GrupoBimbo,S.A.B.deC.V._Guidance_20-Sep-2026 (1).xlsx",Guidance,65
2026-09-20,guidance [Revisions by Announced Date],Company,announced 2022-07-21,Capital Expenditures,Guidance,Guidance,FY 2022,FY,2022,,2022-12-31,26854230,28919940,range,"26,854,230.00 - 28,919,940.00",Mex$000,MXN,"filings/capitaliq/Estimates/Guidance/SPGlobal_GrupoBimbo,S.A.B.deC.V._Guidance_20-Sep-2026 (1).xlsx",Guidance,65
2026-09-20,guidance [Revisions by Announced Date],Company,announced 2022-10-27,Capital Expenditures,Guidance,Guidance,FY 2022,FY,2022,,2022-12-31,25769380,,,25769380,Mex$000,MXN,"filings/capitaliq/Estimates/Guidance/SPGlobal_GrupoBimbo,S.A.B.deC.V._Guidance_20-Sep-2026 (1).xlsx",Guidance,65
2026-09-20,guidance [Revisions by Announced Date],Company,announced 2023-02-22,Capital Expenditures,Guidance,Guidance,FY 2023,FY,2023,,2023-12-31,31215570,36724200,range,"31,215,570.00 - 36,724,200.00",Mex$000,MXN,"filings/capitaliq/Estimates/Guidance/SPGlobal_GrupoBimbo,S.A.B.deC.V._Guidance_20-Sep-2026 (1).xlsx",Guidance,65
2026-09-20,guidance [Revisions by Announced Date],Company,announced 2023-04-27,Capital Expenditures,Guidance,Guidance,FY 2023,FY,2023,,2023-12-31,30731070,36154200,range,"30,731,070.00 - 36,154,200.00",Mex$000,MXN,"filings/capitaliq/Estimates/Guidance/SPGlobal_GrupoBimbo,S.A.B.deC.V._Guidance_20-Sep-2026 (1).xlsx",Guidance,65
2026-09-20,guidance [Revisions by Announced Date],Company,announced 2023-07-25,Capital Expenditures,Guidance,Guidance,FY 2023,FY,2023,,2023-12-31,28721670,33790200,range,"28,721,670.00 - 33,790,200.00",Mex$000,MXN,"filings/capitaliq/Estimates/Guidance/SPGlobal_GrupoBimbo,S.A.B.deC.V._Guidance_20-Sep-2026 (1).xlsx",Guidance,65
2026-09-20,guidance [Revisions by Announced Date],Company,announced 2023-10-26,Capital Expenditures,Guidance,Guidance,FY 2023,FY,2023,,2023-12-31,30988110,36456600,range,"30,988,110.00 - 36,456,600.00",Mex$000,MXN,"filings/capitaliq/Estimates/Guidance/SPGlobal_GrupoBimbo,S.A.B.deC.V._Guidance_20-Sep-2026 (1).xlsx",Guidance,65
2026-09-20,guidance [Revisions by Announced Date],Company,announced 2024-02-19,Capital Expenditures,Guidance,Guidance,FY 2024,FY,2024,,2024-12-31,30704400,34116000,range,"30,704,400.00 - 34,116,000.00",Mex$000,MXN,"filings/capitaliq/Estimates/Guidance/SPGlobal_GrupoBimbo,S.A.B.deC.V._Guidance_20-Sep-2026 (1).xlsx",Guidance,65
2026-09-20,guidance [Revisions by Announced Date],Company,announced 2024-10-29,Capital Expenditures,Guidance,Guidance,FY 2024,FY,2024,,2024-12-31,36007740,,,36007740,Mex$000,MXN,"filings/capitaliq/Estimates/Guidance/SPGlobal_GrupoBimbo,S.A.B.deC.V._Guidance_20-Sep-2026 (1).xlsx",Guidance,65
2026-09-20,guidance [Revisions by Announced Date],Company,announced 2025-02-27,Capital Expenditures,Guidance,Guidance,FY 2025,FY,2025,,2025-12-31,28660380,30707550,range,"28,660,380.00 - 30,707,550.00",Mex$000,MXN,"filings/capitaliq/Estimates/Guidance/SPGlobal_GrupoBimbo,S.A.B.deC.V._Guidance_20-Sep-2026 (1).xlsx",Guidance,65
2026-09-20,guidance [Revisions by Announced Date],Company,announced 2025-04-29,Capital Expenditures,Guidance,Guidance,FY 2025,FY,2025,,2025-12-31,27388480,29344800,range,"27,388,480.00 - 29,344,800.00",Mex$000,MXN,"filings/capitaliq/Estimates/Guidance/SPGlobal_GrupoBimbo,S.A.B.deC.V._Guidance_20-Sep-2026 (1).xlsx",Guidance,65
2026-09-20,guidance [Revisions by Announced Date],Company,announced 2025-07-24,Capital Expenditures,Guidance,Guidance,FY 2025,FY,2025,,2025-12-31,24143600,26000800,range,"24,143,600.00 - 26,000,800.00",Mex$000,MXN,"filings/capitaliq/Estimates/Guidance/SPGlobal_GrupoBimbo,S.A.B.deC.V._Guidance_20-Sep-2026 (1).xlsx",Guidance,65
2026-09-20,guidance [Revisions by Announced Date],Company,announced 2025-08-12,Capital Expenditures,Guidance,Guidance,FY 2025,FY,2025,,2025-12-31,24113050,25967900,range,"24,113,050.00 - 25,967,900.00",Mex$000,MXN,"filings/capitaliq/Estimates/Guidance/SPGlobal_GrupoBimbo,S.A.B.deC.V._Guidance_20-Sep-2026 (1).xlsx",Guidance,65
2026-09-20,guidance [Revisions by Announced Date],Company,announced 2025-10-28,Capital Expenditures,Guidance,Guidance,FY 2025,FY,2025,,2025-12-31,23927410,,,23927410,Mex$000,MXN,"filings/capitaliq/Estimates/Guidance/SPGlobal_GrupoBimbo,S.A.B.deC.V._Guidance_20-Sep-2026 (1).xlsx",Guidance,65
2026-09-20,guidance [Revisions by Announced Date],Company,announced 2025-10-29,Capital Expenditures,Guidance,Guidance,FY 2025,FY,2025,,2025-12-31,23918960,25758880,range,"23,918,960.00 - 25,758,880.00",Mex$000,MXN,"filings/capitaliq/Estimates/Guidance/SPGlobal_GrupoBimbo,S.A.B.deC.V._Guidance_20-Sep-2026 (1).xlsx",Guidance,65
2026-09-20,guidance [Revisions by Announced Date],Company,announced 2026-02-26,Capital Expenditures,Guidance,Guidance,FY 2026,FY,2026,,2026-12-31,20646360,24087420,range,"20,646,360.00 - 24,087,420.00",Mex$000,MXN,"filings/capitaliq/Estimates/Guidance/SPGlobal_GrupoBimbo,S.A.B.deC.V._Guidance_20-Sep-2026 (1).xlsx",Guidance,65
2026-09-20,guidance [Revisions by Announced Date],Company,announced 2026-04-29,Capital Expenditures,Guidance,Guidance,FY 2026,FY,2026,,2026-12-31,20978760,24475220,range,"20,978,760.00 - 24,475,220.00",Mex$000,MXN,"filings/capitaliq/Estimates/Guidance/SPGlobal_GrupoBimbo,S.A.B.deC.V._Guidance_20-Sep-2026 (1).xlsx",Guidance,65
2026-09-20,guidance [Revisions by Announced Date],Company,announced 2026-06-15,Capital Expenditures,Guidance,Guidance,FY 2026,FY,2026,,2026-12-31,20639760,24079720,range,"20,639,760.00 - 24,079,720.00",Mex$000,MXN,"filings/capitaliq/Estimates/Guidance/SPGlobal_GrupoBimbo,S.A.B.deC.V._Guidance_20-Sep-2026 (1).xlsx",Guidance,65
2026-09-20,guidance [Revisions by Announced Date],Company,announced 2026-07-23,Capital Expenditures,Guidance,Guidance,FY 2026,FY,2026,,2026-12-31,17519700,21023640,range,"17,519,700.00 - 21,023,640.00",Mex$000,MXN,"filings/capitaliq/Estimates/Guidance/SPGlobal_GrupoBimbo,S.A.B.deC.V._Guidance_20-Sep-2026 (1).xlsx",Guidance,65
2026-09-20,guidance [Revisions by Announced Date],Company,announced 2012-02-23,Capital Expenditures,As Of Guidance,Guidance Date,FY 2012,FY,2012,,2012-12-31,,,text,2/23/2012,date,MXN,"filings/capitaliq/Estimates/Guidance/SPGlobal_GrupoBimbo,S.A.B.deC.V._Guidance_20-Sep-2026 (1).xlsx",Guidance,67
2026-09-20,guidance [Revisions by Announced Date],Company,announced 2018-02-23,Capital Expenditures,As Of Guidance,Guidance Date,FY 2018,FY,2018,,2018-12-31,,,text,2/23/2018,date,MXN,"filings/capitaliq/Estimates/Guidance/SPGlobal_GrupoBimbo,S.A.B.deC.V._Guidance_20-Sep-2026 (1).xlsx",Guidance,67
2026-09-20,guidance [Revisions by Announced Date],Company,announced 2019-02-22,Capital Expenditures,As Of Guidance,Guidance Date,FY 2019,FY,2019,,2019-12-31,,,text,2/22/2019,date,MXN,"filings/capitaliq/Estimates/Guidance/SPGlobal_GrupoBimbo,S.A.B.deC.V._Guidance_20-Sep-2026 (1).xlsx",Guidance,67
2026-09-20,guidance [Revisions by Announced Date],Company,announced 2019-07-23,Capital Expenditures,As Of Guidance,Guidance Date,FY 2019,FY,2019,,2019-12-31,,,text,7/23/2019,date,MXN,"filings/capitaliq/Estimates/Guidance/SPGlobal_GrupoBimbo,S.A.B.deC.V._Guidance_20-Sep-2026 (1).xlsx",Guidance,67
2026-09-20,guidance [Revisions by Announced Date],Company,announced 2019-10-25,Capital Expenditures,As Of Guidance,Guidance Date,FY 2019,FY,2019,,2019-12-31,,,text,10/25/2019,date,MXN,"filings/capitaliq/Estimates/Guidance/SPGlobal_GrupoBimbo,S.A.B.deC.V._Guidance_20-Sep-2026 (1).xlsx",Guidance,67
2026-09-20,guidance [Revisions by Announced Date],Company,announced 2020-02-21,Capital Expenditures,As Of Guidance,Guidance Date,FY 2020,FY,2020,,2020-12-31,,,text,2/21/2020,date,MXN,"filings/capitaliq/Estimates/Guidance/SPGlobal_GrupoBimbo,S.A.B.deC.V._Guidance_20-Sep-2026 (1).xlsx",Guidance,67
2026-09-20,guidance [Revisions by Announced Date],Company,announced 2020-07-27,Capital Expenditures,As Of Guidance,Guidance Date,FY 2020,FY,2020,,2020-12-31,,,text,7/27/2020,date,MXN,"filings/capitaliq/Estimates/Guidance/SPGlobal_GrupoBimbo,S.A.B.deC.V._Guidance_20-Sep-2026 (1).xlsx",Guidance,67
2026-09-20,guidance [Revisions by Announced Date],Company,announced 2020-10-21,Capital Expenditures,As Of Guidance,Guidance Date,FY 2020,FY,2020,,2020-12-31,,,text,10/21/2020,date,MXN,"filings/capitaliq/Estimates/Guidance/SPGlobal_GrupoBimbo,S.A.B.deC.V._Guidance_20-Sep-2026 (1).xlsx",Guidance,67
2026-09-20,guidance [Revisions by Announced Date],Company,announced 2021-02-24,Capital Expenditures,As Of Guidance,Guidance Date,FY 2021,FY,2021,,2021-12-31,,,text,2/24/2021,date,MXN,"filings/capitaliq/Estimates/Guidance/SPGlobal_GrupoBimbo,S.A.B.deC.V._Guidance_20-Sep-2026 (1).xlsx",Guidance,67
2026-09-20,guidance [Revisions by Announced Date],Company,announced 2021-04-28,Capital Expenditures,As Of Guidance,Guidance Date,FY 2021,FY,2021,,2021-12-31,,,text,4/28/2021,date,MXN,"filings/capitaliq/Estimates/Guidance/SPGlobal_GrupoBimbo,S.A.B.deC.V._Guidance_20-Sep-2026 (1).xlsx",Guidance,67
2026-09-20,guidance [Revisions by Announced Date],Company,announced 2021-10-28,Capital Expenditures,As Of Guidance,Guidance Date,FY 2021,FY,2021,,2021-12-31,,,text,10/28/2021,date,MXN,"filings/capitaliq/Estimates/Guidance/SPGlobal_GrupoBimbo,S.A.B.deC.V._Guidance_20-Sep-2026 (1).xlsx",Guidance,67
2026-09-20,guidance [Revisions by Announced Date],Company,announced 2021-10-28,Capital Expenditures,As Of Guidance,Guidance Date,FY 2022,FY,2022,,2022-12-31,,,text,10/28/2021,date,MXN,"filings/capitaliq/Estimates/Guidance/SPGlobal_GrupoBimbo,S.A.B.deC.V._Guidance_20-Sep-2026 (1).xlsx",Guidance,67
2026-09-20,guidance [Revisions by Announced Date],Company,announced 2022-02-22,Capital Expenditures,As Of Guidance,Guidance Date,FY 2022,FY,2022,,2022-12-31,,,text,2/22/2022,date,MXN,"filings/capitaliq/Estimates/Guidance/SPGlobal_GrupoBimbo,S.A.B.deC.V._Guidance_20-Sep-2026 (1).xlsx",Guidance,67
2026-09-20,guidance [Revisions by Announced Date],Company,announced 2022-04-26,Capital Expenditures,As Of Guidance,Guidance Date,FY 2022,FY,2022,,2022-12-31,,,text,4/26/2022,date,MXN,"filings/capitaliq/Estimates/Guidance/SPGlobal_GrupoBimbo,S.A.B.deC.V._Guidance_20-Sep-2026 (1).xlsx",Guidance,67
2026-09-20,guidance [Revisions by Announced Date],Company,announced 2022-07-21,Capital Expenditures,As Of Guidance,Guidance Date,FY 2022,FY,2022,,2022-12-31,,,text,7/21/2022,date,MXN,"filings/capitaliq/Estimates/Guidance/SPGlobal_GrupoBimbo,S.A.B.deC.V._Guidance_20-Sep-2026 (1).xlsx",Guidance,67
2026-09-20,guidance [Revisions by Announced Date],Company,announced 2022-10-27,Capital Expenditures,As Of Guidance,Guidance Date,FY 2022,FY,2022,,2022-12-31,,,text,10/27/2022,date,MXN,"filings/capitaliq/Estimates/Guidance/SPGlobal_GrupoBimbo,S.A.B.deC.V._Guidance_20-Sep-2026 (1).xlsx",Guidance,67
2026-09-20,guidance [Revisions by Announced Date],Company,announced 2023-02-22,Capital Expenditures,As Of Guidance,Guidance Date,FY 2023,FY,2023,,2023-12-31,,,text,2/22/2023,date,MXN,"filings/capitaliq/Estimates/Guidance/SPGlobal_GrupoBimbo,S.A.B.deC.V._Guidance_20-Sep-2026 (1).xlsx",Guidance,67
2026-09-20,guidance [Revisions by Announced Date],Company,announced 2023-04-27,Capital Expenditures,As Of Guidance,Guidance Date,FY 2023,FY,2023,,2023-12-31,,,text,4/27/2023,date,MXN,"filings/capitaliq/Estimates/Guidance/SPGlobal_GrupoBimbo,S.A.B.deC.V._Guidance_20-Sep-2026 (1).xlsx",Guidance,67
2026-09-20,guidance [Revisions by Announced Date],Company,announced 2023-07-25,Capital Expenditures,As Of Guidance,Guidance Date,FY 2023,FY,2023,,2023-12-31,,,text,7/25/2023,date,MXN,"filings/capitaliq/Estimates/Guidance/SPGlobal_GrupoBimbo,S.A.B.deC.V._Guidance_20-Sep-2026 (1).xlsx",Guidance,67
2026-09-20,guidance [Revisions by Announced Date],Company,announced 2023-10-26,Capital Expenditures,As Of Guidance,Guidance Date,FY 2023,FY,2023,,2023-12-31,,,text,10/26/2023,date,MXN,"filings/capitaliq/Estimates/Guidance/SPGlobal_GrupoBimbo,S.A.B.deC.V._Guidance_20-Sep-2026 (1).xlsx",Guidance,67
2026-09-20,guidance [Revisions by Announced Date],Company,announced 2024-02-19,Capital Expenditures,As Of Guidance,Guidance Date,FY 2024,FY,2024,,2024-12-31,,,text,2/19/2024,date,MXN,"filings/capitaliq/Estimates/Guidance/SPGlobal_GrupoBimbo,S.A.B.deC.V._Guidance_20-Sep-2026 (1).xlsx",Guidance,67
2026-09-20,guidance [Revisions by Announced Date],Company,announced 2024-10-29,Capital Expenditures,As Of Guidance,Guidance Date,FY 2024,FY,2024,,2024-12-31,,,text,10/29/2024,date,MXN,"filings/capitaliq/Estimates/Guidance/SPGlobal_GrupoBimbo,S.A.B.deC.V._Guidance_20-Sep-2026 (1).xlsx",Guidance,67
2026-09-20,guidance [Revisions by Announced Date],Company,announced 2025-02-27,Capital Expenditures,As Of Guidance,Guidance Date,FY 2025,FY,2025,,2025-12-31,,,text,2/26/2025,date,MXN,"filings/capitaliq/Estimates/Guidance/SPGlobal_GrupoBimbo,S.A.B.deC.V._Guidance_20-Sep-2026 (1).xlsx",Guidance,67
2026-09-20,guidance [Revisions by Announced Date],Company,announced 2025-04-29,Capital Expenditures,As Of Guidance,Guidance Date,FY 2025,FY,2025,,2025-12-31,,,text,4/29/2025,date,MXN,"filings/capitaliq/Estimates/Guidance/SPGlobal_GrupoBimbo,S.A.B.deC.V._Guidance_20-Sep-2026 (1).xlsx",Guidance,67
2026-09-20,guidance [Revisions by Announced Date],Company,announced 2025-07-24,Capital Expenditures,As Of Guidance,Guidance Date,FY 2025,FY,2025,,2025-12-31,,,text,7/24/2025,date,MXN,"filings/capitaliq/Estimates/Guidance/SPGlobal_GrupoBimbo,S.A.B.deC.V._Guidance_20-Sep-2026 (1).xlsx",Guidance,67
2026-09-20,guidance [Revisions by Announced Date],Company,announced 2025-08-12,Capital Expenditures,As Of Guidance,Guidance Date,FY 2025,FY,2025,,2025-12-31,,,text,8/12/2025,date,MXN,"filings/capitaliq/Estimates/Guidance/SPGlobal_GrupoBimbo,S.A.B.deC.V._Guidance_20-Sep-2026 (1).xlsx",Guidance,67
2026-09-20,guidance [Revisions by Announced Date],Company,announced 2025-10-28,Capital Expenditures,As Of Guidance,Guidance Date,FY 2025,FY,2025,,2025-12-31,,,text,10/28/2025,date,MXN,"filings/capitaliq/Estimates/Guidance/SPGlobal_GrupoBimbo,S.A.B.deC.V._Guidance_20-Sep-2026 (1).xlsx",Guidance,67
2026-09-20,guidance [Revisions by Announced Date],Company,announced 2025-10-29,Capital Expenditures,As Of Guidance,Guidance Date,FY 2025,FY,2025,,2025-12-31,,,text,10/29/2025,date,MXN,"filings/capitaliq/Estimates/Guidance/SPGlobal_GrupoBimbo,S.A.B.deC.V._Guidance_20-Sep-2026 (1).xlsx",Guidance,67
2026-09-20,guidance [Revisions by Announced Date],Company,announced 2026-02-26,Capital Expenditures,As Of Guidance,Guidance Date,FY 2026,FY,2026,,2026-12-31,,,text,2/26/2026,date,MXN,"filings/capitaliq/Estimates/Guidance/SPGlobal_GrupoBimbo,S.A.B.deC.V._Guidance_20-Sep-2026 (1).xlsx",Guidance,67
2026-09-20,guidance [Revisions by Announced Date],Company,announced 2026-04-29,Capital Expenditures,As Of Guidance,Guidance Date,FY 2026,FY,2026,,2026-12-31,,,text,4/29/2026,date,MXN,"filings/capitaliq/Estimates/Guidance/SPGlobal_GrupoBimbo,S.A.B.deC.V._Guidance_20-Sep-2026 (1).xlsx",Guidance,67
2026-09-20,guidance [Revisions by Announced Date],Company,announced 2026-06-15,Capital Expenditures,As Of Guidance,Guidance Date,FY 2026,FY,2026,,2026-12-31,,,text,6/15/2026,date,MXN,"filings/capitaliq/Estimates/Guidance/SPGlobal_GrupoBimbo,S.A.B.deC.V._Guidance_20-Sep-2026 (1).xlsx",Guidance,67
2026-09-20,guidance [Revisions by Announced Date],Company,announced 2026-07-23,Capital Expenditures,As Of Guidance,Guidance Date,FY 2026,FY,2026,,2026-12-31,,,text,7/23/2026,date,MXN,"filings/capitaliq/Estimates/Guidance/SPGlobal_GrupoBimbo,S.A.B.deC.V._Guidance_20-Sep-2026 (1).xlsx",Guidance,67
2026-09-20,guidance [Revisions by Announced Date],Company,announced 2012-02-23,Capital Expenditures,As Of Guidance,Consensus Estimate,FY 2012,FY,2012,,2012-12-31,7002316,,,7002316,Mex$000,MXN,"filings/capitaliq/Estimates/Guidance/SPGlobal_GrupoBimbo,S.A.B.deC.V._Guidance_20-Sep-2026 (1).xlsx",Guidance,68
2026-09-20,guidance [Revisions by Announced Date],Company,announced 2018-02-23,Capital Expenditures,As Of Guidance,Consensus Estimate,FY 2018,FY,2018,,2018-12-31,10884000,,,10884000,Mex$000,MXN,"filings/capitaliq/Estimates/Guidance/SPGlobal_GrupoBimbo,S.A.B.deC.V._Guidance_20-Sep-2026 (1).xlsx",Guidance,68
2026-09-20,guidance [Revisions by Announced Date],Company,announced 2019-02-22,Capital Expenditures,As Of Guidance,Consensus Estimate,FY 2019,FY,2019,,2019-12-31,15860090.66,,,15860090.66,Mex$000,MXN,"filings/capitaliq/Estimates/Guidance/SPGlobal_GrupoBimbo,S.A.B.deC.V._Guidance_20-Sep-2026 (1).xlsx",Guidance,68
2026-09-20,guidance [Revisions by Announced Date],Company,announced 2019-07-23,Capital Expenditures,As Of Guidance,Consensus Estimate,FY 2019,FY,2019,,2019-12-31,15591144.67,,,15591144.67,Mex$000,MXN,"filings/capitaliq/Estimates/Guidance/SPGlobal_GrupoBimbo,S.A.B.deC.V._Guidance_20-Sep-2026 (1).xlsx",Guidance,68
2026-09-20,guidance [Revisions by Announced Date],Company,announced 2019-10-25,Capital Expenditures,As Of Guidance,Consensus Estimate,FY 2019,FY,2019,,2019-12-31,14495467.04,,,14495467.04,Mex$000,MXN,"filings/capitaliq/Estimates/Guidance/SPGlobal_GrupoBimbo,S.A.B.deC.V._Guidance_20-Sep-2026 (1).xlsx",Guidance,68
2026-09-20,guidance [Revisions by Announced Date],Company,announced 2020-07-27,Capital Expenditures,As Of Guidance,Consensus Estimate,FY 2020,FY,2020,,2020-12-31,15049377.47,,,15049377.47,Mex$000,MXN,"filings/capitaliq/Estimates/Guidance/SPGlobal_GrupoBimbo,S.A.B.deC.V._Guidance_20-Sep-2026 (1).xlsx",Guidance,68
2026-09-20,guidance [Revisions by Announced Date],Company,announced 2020-10-21,Capital Expenditures,As Of Guidance,Consensus Estimate,FY 2020,FY,2020,,2020-12-31,15172333.33,,,15172333.33,Mex$000,MXN,"filings/capitaliq/Estimates/Guidance/SPGlobal_GrupoBimbo,S.A.B.deC.V._Guidance_20-Sep-2026 (1).xlsx",Guidance,68
2026-09-20,guidance [Revisions by Announced Date],Company,announced 2021-02-24,Capital Expenditures,As Of Guidance,Consensus Estimate,FY 2021,FY,2021,,2021-12-31,16393800.35,,,16393800.35,Mex$000,MXN,"filings/capitaliq/Estimates/Guidance/SPGlobal_GrupoBimbo,S.A.B.deC.V._Guidance_20-Sep-2026 (1).xlsx",Guidance,68
2026-09-20,guidance [Revisions by Announced Date],Company,announced 2021-04-28,Capital Expenditures,As Of Guidance,Consensus Estimate,FY 2021,FY,2021,,2021-12-31,18283022.93,,,18283022.93,Mex$000,MXN,"filings/capitaliq/Estimates/Guidance/SPGlobal_GrupoBimbo,S.A.B.deC.V._Guidance_20-Sep-2026 (1).xlsx",Guidance,68
2026-09-20,guidance [Revisions by Announced Date],Company,announced 2021-10-28,Capital Expenditures,As Of Guidance,Consensus Estimate,FY 2021,FY,2021,,2021-12-31,19595934.9,,,19595934.9,Mex$000,MXN,"filings/capitaliq/Estimates/Guidance/SPGlobal_GrupoBimbo,S.A.B.deC.V._Guidance_20-Sep-2026 (1).xlsx",Guidance,68
2026-09-20,guidance [Revisions by Announced Date],Company,announced 2021-10-28,Capital Expenditures,As Of Guidance,Consensus Estimate,FY 2022,FY,2022,,2022-12-31,17687863.82,,,17687863.82,Mex$000,MXN,"filings/capitaliq/Estimates/Guidance/SPGlobal_GrupoBimbo,S.A.B.deC.V._Guidance_20-Sep-2026 (1).xlsx",Guidance,68
2026-09-20,guidance [Revisions by Announced Date],Company,announced 2022-02-22,Capital Expenditures,As Of Guidance,Consensus Estimate,FY 2022,FY,2022,,2022-12-31,19172451.28,,,19172451.28,Mex$000,MXN,"filings/capitaliq/Estimates/Guidance/SPGlobal_GrupoBimbo,S.A.B.deC.V._Guidance_20-Sep-2026 (1).xlsx",Guidance,68
2026-09-20,guidance [Revisions by Announced Date],Company,announced 2022-04-26,Capital Expenditures,As Of Guidance,Consensus Estimate,FY 2022,FY,2022,,2022-12-31,31356318.62,,,31356318.62,Mex$000,MXN,"filings/capitaliq/Estimates/Guidance/SPGlobal_GrupoBimbo,S.A.B.deC.V._Guidance_20-Sep-2026 (1).xlsx",Guidance,68
2026-09-20,guidance [Revisions by Announced Date],Company,announced 2022-07-21,Capital Expenditures,As Of Guidance,Consensus Estimate,FY 2022,FY,2022,,2022-12-31,29744454.9,,,29744454.9,Mex$000,MXN,"filings/capitaliq/Estimates/Guidance/SPGlobal_GrupoBimbo,S.A.B.deC.V._Guidance_20-Sep-2026 (1).xlsx",Guidance,68
2026-09-20,guidance [Revisions by Announced Date],Company,announced 2022-10-27,Capital Expenditures,As Of Guidance,Consensus Estimate,FY 2022,FY,2022,,2022-12-31,28304318.62,,,28304318.62,Mex$000,MXN,"filings/capitaliq/Estimates/Guidance/SPGlobal_GrupoBimbo,S.A.B.deC.V._Guidance_20-Sep-2026 (1).xlsx",Guidance,68
2026-09-20,guidance [Revisions by Announced Date],Company,announced 2023-02-22,Capital Expenditures,As Of Guidance,Consensus Estimate,FY 2023,FY,2023,,2023-12-31,25205133.58,,,25205133.58,Mex$000,MXN,"filings/capitaliq/Estimates/Guidance/SPGlobal_GrupoBimbo,S.A.B.deC.V._Guidance_20-Sep-2026 (1).xlsx",Guidance,68
2026-09-20,guidance [Revisions by Announced Date],Company,announced 2023-04-27,Capital Expenditures,As Of Guidance,Consensus Estimate,FY 2023,FY,2023,,2023-12-31,30433696.58,,,30433696.58,Mex$000,MXN,"filings/capitaliq/Estimates/Guidance/SPGlobal_GrupoBimbo,S.A.B.deC.V._Guidance_20-Sep-2026 (1).xlsx",Guidance,68
2026-09-20,guidance [Revisions by Announced Date],Company,announced 2023-07-25,Capital Expenditures,As Of Guidance,Consensus Estimate,FY 2023,FY,2023,,2023-12-31,32150863.24,,,32150863.24,Mex$000,MXN,"filings/capitaliq/Estimates/Guidance/SPGlobal_GrupoBimbo,S.A.B.deC.V._Guidance_20-Sep-2026 (1).xlsx",Guidance,68
2026-09-20,guidance [Revisions by Announced Date],Company,announced 2023-10-26,Capital Expenditures,As Of Guidance,Consensus Estimate,FY 2023,FY,2023,,2023-12-31,32622294.86,,,32622294.86,Mex$000,MXN,"filings/capitaliq/Estimates/Guidance/SPGlobal_GrupoBimbo,S.A.B.deC.V._Guidance_20-Sep-2026 (1).xlsx",Guidance,68
2026-09-20,guidance [Revisions by Announced Date],Company,announced 2024-02-19,Capital Expenditures,As Of Guidance,Consensus Estimate,FY 2024,FY,2024,,2024-12-31,26814136.7,,,26814136.7,Mex$000,MXN,"filings/capitaliq/Estimates/Guidance/SPGlobal_GrupoBimbo,S.A.B.deC.V._Guidance_20-Sep-2026 (1).xlsx",Guidance,68
2026-09-20,guidance [Revisions by Announced Date],Company,announced 2024-10-29,Capital Expenditures,As Of Guidance,Consensus Estimate,FY 2024,FY,2024,,2024-12-31,32246062.97,,,32246062.97,Mex$000,MXN,"filings/capitaliq/Estimates/Guidance/SPGlobal_GrupoBimbo,S.A.B.deC.V._Guidance_20-Sep-2026 (1).xlsx",Guidance,68
2026-09-20,guidance [Revisions by Announced Date],Company,announced 2025-02-27,Capital Expenditures,As Of Guidance,Consensus Estimate,FY 2025,FY,2025,,2025-12-31,28661977.06,,,28661977.06,Mex$000,MXN,"filings/capitaliq/Estimates/Guidance/SPGlobal_GrupoBimbo,S.A.B.deC.V._Guidance_20-Sep-2026 (1).xlsx",Guidance,68
2026-09-20,guidance [Revisions by Announced Date],Company,announced 2025-04-29,Capital Expenditures,As Of Guidance,Consensus Estimate,FY 2025,FY,2025,,2025-12-31,29014299.79,,,29014299.79,Mex$000,MXN,"filings/capitaliq/Estimates/Guidance/SPGlobal_GrupoBimbo,S.A.B.deC.V._Guidance_20-Sep-2026 (1).xlsx",Guidance,68
2026-09-20,guidance [Revisions by Announced Date],Company,announced 2025-07-24,Capital Expenditures,As Of Guidance,Consensus Estimate,FY 2025,FY,2025,,2025-12-31,28333510.03,,,28333510.03,Mex$000,MXN,"filings/capitaliq/Estimates/Guidance/SPGlobal_GrupoBimbo,S.A.B.deC.V._Guidance_20-Sep-2026 (1).xlsx",Guidance,68
2026-09-20,guidance [Revisions by Announced Date],Company,announced 2025-08-12,Capital Expenditures,As Of Guidance,Consensus Estimate,FY 2025,FY,2025,,2025-12-31,27109585.26,,,27109585.26,Mex$000,MXN,"filings/capitaliq/Estimates/Guidance/SPGlobal_GrupoBimbo,S.A.B.deC.V._Guidance_20-Sep-2026 (1).xlsx",Guidance,68
2026-09-20,guidance [Revisions by Announced Date],Company,announced 2025-10-28,Capital Expenditures,As Of Guidance,Consensus Estimate,FY 2025,FY,2025,,2025-12-31,28250751.16,,,28250751.16,Mex$000,MXN,"filings/capitaliq/Estimates/Guidance/SPGlobal_GrupoBimbo,S.A.B.deC.V._Guidance_20-Sep-2026 (1).xlsx",Guidance,68
2026-09-20,guidance [Revisions by Announced Date],Company,announced 2025-10-29,Capital Expenditures,As Of Guidance,Consensus Estimate,FY 2025,FY,2025,,2025-12-31,27367918.6,,,27367918.6,Mex$000,MXN,"filings/capitaliq/Estimates/Guidance/SPGlobal_GrupoBimbo,S.A.B.deC.V._Guidance_20-Sep-2026 (1).xlsx",Guidance,68
2026-09-20,guidance [Revisions by Announced Date],Company,announced 2026-02-26,Capital Expenditures,As Of Guidance,Consensus Estimate,FY 2026,FY,2026,,2026-12-31,27010000,,,27010000,Mex$000,MXN,"filings/capitaliq/Estimates/Guidance/SPGlobal_GrupoBimbo,S.A.B.deC.V._Guidance_20-Sep-2026 (1).xlsx",Guidance,68
2026-09-20,guidance [Revisions by Announced Date],Company,announced 2026-04-29,Capital Expenditures,As Of Guidance,Consensus Estimate,FY 2026,FY,2026,,2026-12-31,24853423.82,,,24853423.82,Mex$000,MXN,"filings/capitaliq/Estimates/Guidance/SPGlobal_GrupoBimbo,S.A.B.deC.V._Guidance_20-Sep-2026 (1).xlsx",Guidance,68
2026-09-20,guidance [Revisions by Announced Date],Company,announced 2026-06-15,Capital Expenditures,As Of Guidance,Consensus Estimate,FY 2026,FY,2026,,2026-12-31,22104275.93,,,22104275.93,Mex$000,MXN,"filings/capitaliq/Estimates/Guidance/SPGlobal_GrupoBimbo,S.A.B.deC.V._Guidance_20-Sep-2026 (1).xlsx",Guidance,68
2026-09-20,guidance [Revisions by Announced Date],Company,announced 2026-07-23,Capital Expenditures,As Of Guidance,Consensus Estimate,FY 2026,FY,2026,,2026-12-31,22395456.95,,,22395456.95,Mex$000,MXN,"filings/capitaliq/Estimates/Guidance/SPGlobal_GrupoBimbo,S.A.B.deC.V._Guidance_20-Sep-2026 (1).xlsx",Guidance,68
2026-09-20,guidance [Revisions by Announced Date],Company,announced 2012-02-23,Capital Expenditures,As Of Guidance,% Difference,FY 2012,FY,2012,,2012-12-31,42.83,,,42.83,%,MXN,"filings/capitaliq/Estimates/Guidance/SPGlobal_GrupoBimbo,S.A.B.deC.V._Guidance_20-Sep-2026 (1).xlsx",Guidance,69
2026-09-20,guidance [Revisions by Announced Date],Company,announced 2018-02-23,Capital Expenditures,As Of Guidance,% Difference,FY 2018,FY,2018,,2018-12-31,36.5,,,36.5,%,MXN,"filings/capitaliq/Estimates/Guidance/SPGlobal_GrupoBimbo,S.A.B.deC.V._Guidance_20-Sep-2026 (1).xlsx",Guidance,69
2026-09-20,guidance [Revisions by Announced Date],Company,announced 2019-02-22,Capital Expenditures,As Of Guidance,% Difference,FY 2019,FY,2019,,2019-12-31,0,,,0,%,MXN,"filings/capitaliq/Estimates/Guidance/SPGlobal_GrupoBimbo,S.A.B.deC.V._Guidance_20-Sep-2026 (1).xlsx",Guidance,69
2026-09-20,guidance [Revisions by Announced Date],Company,announced 2019-07-23,Capital Expenditures,As Of Guidance,% Difference,FY 2019,FY,2019,,2019-12-31,-7.99,,,-7.99,%,MXN,"filings/capitaliq/Estimates/Guidance/SPGlobal_GrupoBimbo,S.A.B.deC.V._Guidance_20-Sep-2026 (1).xlsx",Guidance,69
2026-09-20,guidance [Revisions by Announced Date],Company,announced 2019-10-25,Capital Expenditures,As Of Guidance,% Difference,FY 2019,FY,2019,,2019-12-31,-7.95,,,-7.95,%,MXN,"filings/capitaliq/Estimates/Guidance/SPGlobal_GrupoBimbo,S.A.B.deC.V._Guidance_20-Sep-2026 (1).xlsx",Guidance,69
2026-09-20,guidance [Revisions by Announced Date],Company,announced 2020-02-21,Capital Expenditures,As Of Guidance,% Difference,FY 2020,FY,2020,,2020-12-31,0,,,0,%,MXN,"filings/capitaliq/Estimates/Guidance/SPGlobal_GrupoBimbo,S.A.B.deC.V._Guidance_20-Sep-2026 (1).xlsx",Guidance,69
2026-09-20,guidance [Revisions by Announced Date],Company,announced 2020-07-27,Capital Expenditures,As Of Guidance,% Difference,FY 2020,FY,2020,,2020-12-31,0,,,0,%,MXN,"filings/capitaliq/Estimates/Guidance/SPGlobal_GrupoBimbo,S.A.B.deC.V._Guidance_20-Sep-2026 (1).xlsx",Guidance,69
2026-09-20,guidance [Revisions by Announced Date],Company,announced 2020-10-21,Capital Expenditures,As Of Guidance,% Difference,FY 2020,FY,2020,,2020-12-31,-16.63,,,-16.63,%,MXN,"filings/capitaliq/Estimates/Guidance/SPGlobal_GrupoBimbo,S.A.B.deC.V._Guidance_20-Sep-2026 (1).xlsx",Guidance,69
2026-09-20,guidance [Revisions by Announced Date],Company,announced 2021-02-24,Capital Expenditures,As Of Guidance,% Difference,FY 2021,FY,2021,,2021-12-31,24.68,,,24.68,%,MXN,"filings/capitaliq/Estimates/Guidance/SPGlobal_GrupoBimbo,S.A.B.deC.V._Guidance_20-Sep-2026 (1).xlsx",Guidance,69
2026-09-20,guidance [Revisions by Announced Date],Company,announced 2021-04-28,Capital Expenditures,As Of Guidance,% Difference,FY 2021,FY,2021,,2021-12-31,0,,,0,%,MXN,"filings/capitaliq/Estimates/Guidance/SPGlobal_GrupoBimbo,S.A.B.deC.V._Guidance_20-Sep-2026 (1).xlsx",Guidance,69
2026-09-20,guidance [Revisions by Announced Date],Company,announced 2021-10-28,Capital Expenditures,As Of Guidance,% Difference,FY 2021,FY,2021,,2021-12-31,0,,,0,%,MXN,"filings/capitaliq/Estimates/Guidance/SPGlobal_GrupoBimbo,S.A.B.deC.V._Guidance_20-Sep-2026 (1).xlsx",Guidance,69
2026-09-20,guidance [Revisions by Announced Date],Company,announced 2021-10-28,Capital Expenditures,As Of Guidance,% Difference,FY 2022,FY,2022,,2022-12-31,3.43,,,3.43,%,MXN,"filings/capitaliq/Estimates/Guidance/SPGlobal_GrupoBimbo,S.A.B.deC.V._Guidance_20-Sep-2026 (1).xlsx",Guidance,69
2026-09-20,guidance [Revisions by Announced Date],Company,announced 2022-02-22,Capital Expenditures,As Of Guidance,% Difference,FY 2022,FY,2022,,2022-12-31,58.8,,,58.8,%,MXN,"filings/capitaliq/Estimates/Guidance/SPGlobal_GrupoBimbo,S.A.B.deC.V._Guidance_20-Sep-2026 (1).xlsx",Guidance,69
2026-09-20,guidance [Revisions by Announced Date],Company,announced 2022-04-26,Capital Expenditures,As Of Guidance,% Difference,FY 2022,FY,2022,,2022-12-31,-2.6,,,-2.6,%,MXN,"filings/capitaliq/Estimates/Guidance/SPGlobal_GrupoBimbo,S.A.B.deC.V._Guidance_20-Sep-2026 (1).xlsx",Guidance,69
2026-09-20,guidance [Revisions by Announced Date],Company,announced 2022-07-21,Capital Expenditures,As Of Guidance,% Difference,FY 2022,FY,2022,,2022-12-31,-2.77,,,-2.77,%,MXN,"filings/capitaliq/Estimates/Guidance/SPGlobal_GrupoBimbo,S.A.B.deC.V._Guidance_20-Sep-2026 (1).xlsx",Guidance,69
2026-09-20,guidance [Revisions by Announced Date],Company,announced 2022-10-27,Capital Expenditures,As Of Guidance,% Difference,FY 2022,FY,2022,,2022-12-31,-8.96,,,-8.96,%,MXN,"filings/capitaliq/Estimates/Guidance/SPGlobal_GrupoBimbo,S.A.B.deC.V._Guidance_20-Sep-2026 (1).xlsx",Guidance,69
2026-09-20,guidance [Revisions by Announced Date],Company,announced 2023-02-22,Capital Expenditures,As Of Guidance,% Difference,FY 2023,FY,2023,,2023-12-31,23.85,,,23.85,%,MXN,"filings/capitaliq/Estimates/Guidance/SPGlobal_GrupoBimbo,S.A.B.deC.V._Guidance_20-Sep-2026 (1).xlsx",Guidance,69
2026-09-20,guidance [Revisions by Announced Date],Company,announced 2023-04-27,Capital Expenditures,As Of Guidance,% Difference,FY 2023,FY,2023,,2023-12-31,0.98,,,0.98,%,MXN,"filings/capitaliq/Estimates/Guidance/SPGlobal_GrupoBimbo,S.A.B.deC.V._Guidance_20-Sep-2026 (1).xlsx",Guidance,69
2026-09-20,guidance [Revisions by Announced Date],Company,announced 2023-07-25,Capital Expenditures,As Of Guidance,% Difference,FY 2023,FY,2023,,2023-12-31,0,,,0,%,MXN,"filings/capitaliq/Estimates/Guidance/SPGlobal_GrupoBimbo,S.A.B.deC.V._Guidance_20-Sep-2026 (1).xlsx",Guidance,69
2026-09-20,guidance [Revisions by Announced Date],Company,announced 2023-10-26,Capital Expenditures,As Of Guidance,% Difference,FY 2023,FY,2023,,2023-12-31,0,,,0,%,MXN,"filings/capitaliq/Estimates/Guidance/SPGlobal_GrupoBimbo,S.A.B.deC.V._Guidance_20-Sep-2026 (1).xlsx",Guidance,69
2026-09-20,guidance [Revisions by Announced Date],Company,announced 2024-02-19,Capital Expenditures,As Of Guidance,% Difference,FY 2024,FY,2024,,2024-12-31,14.51,,,14.51,%,MXN,"filings/capitaliq/Estimates/Guidance/SPGlobal_GrupoBimbo,S.A.B.deC.V._Guidance_20-Sep-2026 (1).xlsx",Guidance,69
2026-09-20,guidance [Revisions by Announced Date],Company,announced 2024-10-29,Capital Expenditures,As Of Guidance,% Difference,FY 2024,FY,2024,,2024-12-31,11.67,,,11.67,%,MXN,"filings/capitaliq/Estimates/Guidance/SPGlobal_GrupoBimbo,S.A.B.deC.V._Guidance_20-Sep-2026 (1).xlsx",Guidance,69
2026-09-20,guidance [Revisions by Announced Date],Company,announced 2025-02-27,Capital Expenditures,As Of Guidance,% Difference,FY 2025,FY,2025,,2025-12-31,0,,,0,%,MXN,"filings/capitaliq/Estimates/Guidance/SPGlobal_GrupoBimbo,S.A.B.deC.V._Guidance_20-Sep-2026 (1).xlsx",Guidance,69
2026-09-20,guidance [Revisions by Announced Date],Company,announced 2025-04-29,Capital Expenditures,As Of Guidance,% Difference,FY 2025,FY,2025,,2025-12-31,0,,,0,%,MXN,"filings/capitaliq/Estimates/Guidance/SPGlobal_GrupoBimbo,S.A.B.deC.V._Guidance_20-Sep-2026 (1).xlsx",Guidance,69
2026-09-20,guidance [Revisions by Announced Date],Company,announced 2025-07-24,Capital Expenditures,As Of Guidance,% Difference,FY 2025,FY,2025,,2025-12-31,-8.23,,,-8.23,%,MXN,"filings/capitaliq/Estimates/Guidance/SPGlobal_GrupoBimbo,S.A.B.deC.V._Guidance_20-Sep-2026 (1).xlsx",Guidance,69
2026-09-20,guidance [Revisions by Announced Date],Company,announced 2025-08-12,Capital Expenditures,As Of Guidance,% Difference,FY 2025,FY,2025,,2025-12-31,-4.21,,,-4.21,%,MXN,"filings/capitaliq/Estimates/Guidance/SPGlobal_GrupoBimbo,S.A.B.deC.V._Guidance_20-Sep-2026 (1).xlsx",Guidance,69
2026-09-20,guidance [Revisions by Announced Date],Company,announced 2025-10-28,Capital Expenditures,As Of Guidance,% Difference,FY 2025,FY,2025,,2025-12-31,-15.3,,,-15.3,%,MXN,"filings/capitaliq/Estimates/Guidance/SPGlobal_GrupoBimbo,S.A.B.deC.V._Guidance_20-Sep-2026 (1).xlsx",Guidance,69
2026-09-20,guidance [Revisions by Announced Date],Company,announced 2025-10-29,Capital Expenditures,As Of Guidance,% Difference,FY 2025,FY,2025,,2025-12-31,-5.88,,,-5.88,%,MXN,"filings/capitaliq/Estimates/Guidance/SPGlobal_GrupoBimbo,S.A.B.deC.V._Guidance_20-Sep-2026 (1).xlsx",Guidance,69
2026-09-20,guidance [Revisions by Announced Date],Company,announced 2026-02-26,Capital Expenditures,As Of Guidance,% Difference,FY 2026,FY,2026,,2026-12-31,-10.82,,,-10.82,%,MXN,"filings/capitaliq/Estimates/Guidance/SPGlobal_GrupoBimbo,S.A.B.deC.V._Guidance_20-Sep-2026 (1).xlsx",Guidance,69
2026-09-20,guidance [Revisions by Announced Date],Company,announced 2026-04-29,Capital Expenditures,As Of Guidance,% Difference,FY 2026,FY,2026,,2026-12-31,-1.52,,,-1.52,%,MXN,"filings/capitaliq/Estimates/Guidance/SPGlobal_GrupoBimbo,S.A.B.deC.V._Guidance_20-Sep-2026 (1).xlsx",Guidance,69
2026-09-20,guidance [Revisions by Announced Date],Company,announced 2026-06-15,Capital Expenditures,As Of Guidance,% Difference,FY 2026,FY,2026,,2026-12-31,0,,,0,%,MXN,"filings/capitaliq/Estimates/Guidance/SPGlobal_GrupoBimbo,S.A.B.deC.V._Guidance_20-Sep-2026 (1).xlsx",Guidance,69
2026-09-20,guidance [Revisions by Announced Date],Company,announced 2026-07-23,Capital Expenditures,As Of Guidance,% Difference,FY 2026,FY,2026,,2026-12-31,-6.13,,,-6.13,%,MXN,"filings/capitaliq/Estimates/Guidance/SPGlobal_GrupoBimbo,S.A.B.deC.V._Guidance_20-Sep-2026 (1).xlsx",Guidance,69
2026-09-20,guidance [Revisions by Announced Date],Company,announced 2018-02-23,Capital Expenditures,As Of Guidance,Days before actual,FY 2018,FY,2018,,2018-12-31,364,,,364,days,MXN,"filings/capitaliq/Estimates/Guidance/SPGlobal_GrupoBimbo,S.A.B.deC.V._Guidance_20-Sep-2026 (1).xlsx",Guidance,70
2026-09-20,guidance [Revisions by Announced Date],Company,announced 2019-02-22,Capital Expenditures,As Of Guidance,Days before actual,FY 2019,FY,2019,,2019-12-31,363,,,363,days,MXN,"filings/capitaliq/Estimates/Guidance/SPGlobal_GrupoBimbo,S.A.B.deC.V._Guidance_20-Sep-2026 (1).xlsx",Guidance,70
2026-09-20,guidance [Revisions by Announced Date],Company,announced 2019-07-23,Capital Expenditures,As Of Guidance,Days before actual,FY 2019,FY,2019,,2019-12-31,212,,,212,days,MXN,"filings/capitaliq/Estimates/Guidance/SPGlobal_GrupoBimbo,S.A.B.deC.V._Guidance_20-Sep-2026 (1).xlsx",Guidance,70
2026-09-20,guidance [Revisions by Announced Date],Company,announced 2019-10-25,Capital Expenditures,As Of Guidance,Days before actual,FY 2019,FY,2019,,2019-12-31,118,,,118,days,MXN,"filings/capitaliq/Estimates/Guidance/SPGlobal_GrupoBimbo,S.A.B.deC.V._Guidance_20-Sep-2026 (1).xlsx",Guidance,70
2026-09-20,guidance [Revisions by Announced Date],Company,announced 2020-02-21,Capital Expenditures,As Of Guidance,Days before actual,FY 2020,FY,2020,,2020-12-31,369,,,369,days,MXN,"filings/capitaliq/Estimates/Guidance/SPGlobal_GrupoBimbo,S.A.B.deC.V._Guidance_20-Sep-2026 (1).xlsx",Guidance,70
2026-09-20,guidance [Revisions by Announced Date],Company,announced 2020-07-27,Capital Expenditures,As Of Guidance,Days before actual,FY 2020,FY,2020,,2020-12-31,212,,,212,days,MXN,"filings/capitaliq/Estimates/Guidance/SPGlobal_GrupoBimbo,S.A.B.deC.V._Guidance_20-Sep-2026 (1).xlsx",Guidance,70
2026-09-20,guidance [Revisions by Announced Date],Company,announced 2020-10-21,Capital Expenditures,As Of Guidance,Days before actual,FY 2020,FY,2020,,2020-12-31,126,,,126,days,MXN,"filings/capitaliq/Estimates/Guidance/SPGlobal_GrupoBimbo,S.A.B.deC.V._Guidance_20-Sep-2026 (1).xlsx",Guidance,70
2026-09-20,guidance [Revisions by Announced Date],Company,announced 2021-02-24,Capital Expenditures,As Of Guidance,Days before actual,FY 2021,FY,2021,,2021-12-31,363,,,363,days,MXN,"filings/capitaliq/Estimates/Guidance/SPGlobal_GrupoBimbo,S.A.B.deC.V._Guidance_20-Sep-2026 (1).xlsx",Guidance,70
2026-09-20,guidance [Revisions by Announced Date],Company,announced 2021-04-28,Capital Expenditures,As Of Guidance,Days before actual,FY 2021,FY,2021,,2021-12-31,300,,,300,days,MXN,"filings/capitaliq/Estimates/Guidance/SPGlobal_GrupoBimbo,S.A.B.deC.V._Guidance_20-Sep-2026 (1).xlsx",Guidance,70
2026-09-20,guidance [Revisions by Announced Date],Company,announced 2021-10-28,Capital Expenditures,As Of Guidance,Days before actual,FY 2021,FY,2021,,2021-12-31,117,,,117,days,MXN,"filings/capitaliq/Estimates/Guidance/SPGlobal_GrupoBimbo,S.A.B.deC.V._Guidance_20-Sep-2026 (1).xlsx",Guidance,70
2026-09-20,guidance [Revisions by Announced Date],Company,announced 2021-10-28,Capital Expenditures,As Of Guidance,Days before actual,FY 2022,FY,2022,,2022-12-31,578,,,578,days,MXN,"filings/capitaliq/Estimates/Guidance/SPGlobal_GrupoBimbo,S.A.B.deC.V._Guidance_20-Sep-2026 (1).xlsx",Guidance,70
2026-09-20,guidance [Revisions by Announced Date],Company,announced 2022-02-22,Capital Expenditures,As Of Guidance,Days before actual,FY 2022,FY,2022,,2022-12-31,461,,,461,days,MXN,"filings/capitaliq/Estimates/Guidance/SPGlobal_GrupoBimbo,S.A.B.deC.V._Guidance_20-Sep-2026 (1).xlsx",Guidance,70
2026-09-20,guidance [Revisions by Announced Date],Company,announced 2022-04-26,Capital Expenditures,As Of Guidance,Days before actual,FY 2022,FY,2022,,2022-12-31,398,,,398,days,MXN,"filings/capitaliq/Estimates/Guidance/SPGlobal_GrupoBimbo,S.A.B.deC.V._Guidance_20-Sep-2026 (1).xlsx",Guidance,70
2026-09-20,guidance [Revisions by Announced Date],Company,announced 2022-07-21,Capital Expenditures,As Of Guidance,Days before actual,FY 2022,FY,2022,,2022-12-31,312,,,312,days,MXN,"filings/capitaliq/Estimates/Guidance/SPGlobal_GrupoBimbo,S.A.B.deC.V._Guidance_20-Sep-2026 (1).xlsx",Guidance,70
2026-09-20,guidance [Revisions by Announced Date],Company,announced 2022-10-27,Capital Expenditures,As Of Guidance,Days before actual,FY 2022,FY,2022,,2022-12-31,214,,,214,days,MXN,"filings/capitaliq/Estimates/Guidance/SPGlobal_GrupoBimbo,S.A.B.deC.V._Guidance_20-Sep-2026 (1).xlsx",Guidance,70
2026-09-20,guidance [Revisions by Announced Date],Company,announced 2023-02-22,Capital Expenditures,As Of Guidance,Days before actual,FY 2023,FY,2023,,2023-12-31,362,,,362,days,MXN,"filings/capitaliq/Estimates/Guidance/SPGlobal_GrupoBimbo,S.A.B.deC.V._Guidance_20-Sep-2026 (1).xlsx",Guidance,70
2026-09-20,guidance [Revisions by Announced Date],Company,announced 2023-04-27,Capital Expenditures,As Of Guidance,Days before actual,FY 2023,FY,2023,,2023-12-31,298,,,298,days,MXN,"filings/capitaliq/Estimates/Guidance/SPGlobal_GrupoBimbo,S.A.B.deC.V._Guidance_20-Sep-2026 (1).xlsx",Guidance,70
2026-09-20,guidance [Revisions by Announced Date],Company,announced 2023-07-25,Capital Expenditures,As Of Guidance,Days before actual,FY 2023,FY,2023,,2023-12-31,209,,,209,days,MXN,"filings/capitaliq/Estimates/Guidance/SPGlobal_GrupoBimbo,S.A.B.deC.V._Guidance_20-Sep-2026 (1).xlsx",Guidance,70
2026-09-20,guidance [Revisions by Announced Date],Company,announced 2023-10-26,Capital Expenditures,As Of Guidance,Days before actual,FY 2023,FY,2023,,2023-12-31,116,,,116,days,MXN,"filings/capitaliq/Estimates/Guidance/SPGlobal_GrupoBimbo,S.A.B.deC.V._Guidance_20-Sep-2026 (1).xlsx",Guidance,70
2026-09-20,guidance [Revisions by Announced Date],Company,announced 2024-02-19,Capital Expenditures,As Of Guidance,Days before actual,FY 2024,FY,2024,,2024-12-31,374,,,374,days,MXN,"filings/capitaliq/Estimates/Guidance/SPGlobal_GrupoBimbo,S.A.B.deC.V._Guidance_20-Sep-2026 (1).xlsx",Guidance,70
2026-09-20,guidance [Revisions by Announced Date],Company,announced 2024-10-29,Capital Expenditures,As Of Guidance,Days before actual,FY 2024,FY,2024,,2024-12-31,121,,,121,days,MXN,"filings/capitaliq/Estimates/Guidance/SPGlobal_GrupoBimbo,S.A.B.deC.V._Guidance_20-Sep-2026 (1).xlsx",Guidance,70
2026-09-20,guidance [Revisions by Announced Date],Company,announced 2025-02-27,Capital Expenditures,As Of Guidance,Days before actual,FY 2025,FY,2025,,2025-12-31,363,,,363,days,MXN,"filings/capitaliq/Estimates/Guidance/SPGlobal_GrupoBimbo,S.A.B.deC.V._Guidance_20-Sep-2026 (1).xlsx",Guidance,70
2026-09-20,guidance [Revisions by Announced Date],Company,announced 2025-04-29,Capital Expenditures,As Of Guidance,Days before actual,FY 2025,FY,2025,,2025-12-31,302,,,302,days,MXN,"filings/capitaliq/Estimates/Guidance/SPGlobal_GrupoBimbo,S.A.B.deC.V._Guidance_20-Sep-2026 (1).xlsx",Guidance,70
2026-09-20,guidance [Revisions by Announced Date],Company,announced 2025-07-24,Capital Expenditures,As Of Guidance,Days before actual,FY 2025,FY,2025,,2025-12-31,216,,,216,days,MXN,"filings/capitaliq/Estimates/Guidance/SPGlobal_GrupoBimbo,S.A.B.deC.V._Guidance_20-Sep-2026 (1).xlsx",Guidance,70
2026-09-20,guidance [Revisions by Announced Date],Company,announced 2025-08-12,Capital Expenditures,As Of Guidance,Days before actual,FY 2025,FY,2025,,2025-12-31,197,,,197,days,MXN,"filings/capitaliq/Estimates/Guidance/SPGlobal_GrupoBimbo,S.A.B.deC.V._Guidance_20-Sep-2026 (1).xlsx",Guidance,70
2026-09-20,guidance [Revisions by Announced Date],Company,announced 2025-10-28,Capital Expenditures,As Of Guidance,Days before actual,FY 2025,FY,2025,,2025-12-31,120,,,120,days,MXN,"filings/capitaliq/Estimates/Guidance/SPGlobal_GrupoBimbo,S.A.B.deC.V._Guidance_20-Sep-2026 (1).xlsx",Guidance,70
2026-09-20,guidance [Revisions by Announced Date],Company,announced 2025-10-29,Capital Expenditures,As Of Guidance,Days before actual,FY 2025,FY,2025,,2025-12-31,119,,,119,days,MXN,"filings/capitaliq/Estimates/Guidance/SPGlobal_GrupoBimbo,S.A.B.deC.V._Guidance_20-Sep-2026 (1).xlsx",Guidance,70
2026-09-20,guidance [Revisions by Announced Date],Company,announced 2026-02-26,Capital Expenditures,As Of Guidance,Days before actual,FY 2026,FY,2026,,2026-12-31,189,,,189,days,MXN,"filings/capitaliq/Estimates/Guidance/SPGlobal_GrupoBimbo,S.A.B.deC.V._Guidance_20-Sep-2026 (1).xlsx",Guidance,70
2026-09-20,guidance [Revisions by Announced Date],Company,announced 2026-04-29,Capital Expenditures,As Of Guidance,Days before actual,FY 2026,FY,2026,,2026-12-31,127,,,127,days,MXN,"filings/capitaliq/Estimates/Guidance/SPGlobal_GrupoBimbo,S.A.B.deC.V._Guidance_20-Sep-2026 (1).xlsx",Guidance,70
2026-09-20,guidance [Revisions by Announced Date],Company,announced 2026-06-15,Capital Expenditures,As Of Guidance,Days before actual,FY 2026,FY,2026,,2026-12-31,80,,,80,days,MXN,"filings/capitaliq/Estimates/Guidance/SPGlobal_GrupoBimbo,S.A.B.deC.V._Guidance_20-Sep-2026 (1).xlsx",Guidance,70
2026-09-20,guidance [Revisions by Announced Date],Company,announced 2026-07-23,Capital Expenditures,As Of Guidance,Days before actual,FY 2026,FY,2026,,2026-12-31,42,,,42,days,MXN,"filings/capitaliq/Estimates/Guidance/SPGlobal_GrupoBimbo,S.A.B.deC.V._Guidance_20-Sep-2026 (1).xlsx",Guidance,70
2026-09-20,guidance [Revisions by Announced Date],Company,announced 2018-02-23,Capital Expenditures,Actual/Latest,Actual/Latest Date,FY 2018,FY,2018,,2018-12-31,,,text,2/22/2019,date,MXN,"filings/capitaliq/Estimates/Guidance/SPGlobal_GrupoBimbo,S.A.B.deC.V._Guidance_20-Sep-2026 (1).xlsx",Guidance,72
2026-09-20,guidance [Revisions by Announced Date],Company,announced 2019-02-22,Capital Expenditures,Actual/Latest,Actual/Latest Date,FY 2019,FY,2019,,2019-12-31,,,text,2/20/2020,date,MXN,"filings/capitaliq/Estimates/Guidance/SPGlobal_GrupoBimbo,S.A.B.deC.V._Guidance_20-Sep-2026 (1).xlsx",Guidance,72
2026-09-20,guidance [Revisions by Announced Date],Company,announced 2019-07-23,Capital Expenditures,Actual/Latest,Actual/Latest Date,FY 2019,FY,2019,,2019-12-31,,,text,2/20/2020,date,MXN,"filings/capitaliq/Estimates/Guidance/SPGlobal_GrupoBimbo,S.A.B.deC.V._Guidance_20-Sep-2026 (1).xlsx",Guidance,72
2026-09-20,guidance [Revisions by Announced Date],Company,announced 2019-10-25,Capital Expenditures,Actual/Latest,Actual/Latest Date,FY 2019,FY,2019,,2019-12-31,,,text,2/20/2020,date,MXN,"filings/capitaliq/Estimates/Guidance/SPGlobal_GrupoBimbo,S.A.B.deC.V._Guidance_20-Sep-2026 (1).xlsx",Guidance,72
2026-09-20,guidance [Revisions by Announced Date],Company,announced 2020-02-21,Capital Expenditures,Actual/Latest,Actual/Latest Date,FY 2020,FY,2020,,2020-12-31,,,text,2/24/2021,date,MXN,"filings/capitaliq/Estimates/Guidance/SPGlobal_GrupoBimbo,S.A.B.deC.V._Guidance_20-Sep-2026 (1).xlsx",Guidance,72
2026-09-20,guidance [Revisions by Announced Date],Company,announced 2020-07-27,Capital Expenditures,Actual/Latest,Actual/Latest Date,FY 2020,FY,2020,,2020-12-31,,,text,2/24/2021,date,MXN,"filings/capitaliq/Estimates/Guidance/SPGlobal_GrupoBimbo,S.A.B.deC.V._Guidance_20-Sep-2026 (1).xlsx",Guidance,72
2026-09-20,guidance [Revisions by Announced Date],Company,announced 2020-10-21,Capital Expenditures,Actual/Latest,Actual/Latest Date,FY 2020,FY,2020,,2020-12-31,,,text,2/24/2021,date,MXN,"filings/capitaliq/Estimates/Guidance/SPGlobal_GrupoBimbo,S.A.B.deC.V._Guidance_20-Sep-2026 (1).xlsx",Guidance,72
2026-09-20,guidance [Revisions by Announced Date],Company,announced 2021-02-24,Capital Expenditures,Actual/Latest,Actual/Latest Date,FY 2021,FY,2021,,2021-12-31,,,text,2/22/2022,date,MXN,"filings/capitaliq/Estimates/Guidance/SPGlobal_GrupoBimbo,S.A.B.deC.V._Guidance_20-Sep-2026 (1).xlsx",Guidance,72
2026-09-20,guidance [Revisions by Announced Date],Company,announced 2021-04-28,Capital Expenditures,Actual/Latest,Actual/Latest Date,FY 2021,FY,2021,,2021-12-31,,,text,2/22/2022,date,MXN,"filings/capitaliq/Estimates/Guidance/SPGlobal_GrupoBimbo,S.A.B.deC.V._Guidance_20-Sep-2026 (1).xlsx",Guidance,72
2026-09-20,guidance [Revisions by Announced Date],Company,announced 2021-10-28,Capital Expenditures,Actual/Latest,Actual/Latest Date,FY 2021,FY,2021,,2021-12-31,,,text,2/22/2022,date,MXN,"filings/capitaliq/Estimates/Guidance/SPGlobal_GrupoBimbo,S.A.B.deC.V._Guidance_20-Sep-2026 (1).xlsx",Guidance,72
2026-09-20,guidance [Revisions by Announced Date],Company,announced 2021-10-28,Capital Expenditures,Actual/Latest,Actual/Latest Date,FY 2022,FY,2022,,2022-12-31,,,text,5/29/2023,date,MXN,"filings/capitaliq/Estimates/Guidance/SPGlobal_GrupoBimbo,S.A.B.deC.V._Guidance_20-Sep-2026 (1).xlsx",Guidance,72
2026-09-20,guidance [Revisions by Announced Date],Company,announced 2022-02-22,Capital Expenditures,Actual/Latest,Actual/Latest Date,FY 2022,FY,2022,,2022-12-31,,,text,5/29/2023,date,MXN,"filings/capitaliq/Estimates/Guidance/SPGlobal_GrupoBimbo,S.A.B.deC.V._Guidance_20-Sep-2026 (1).xlsx",Guidance,72
2026-09-20,guidance [Revisions by Announced Date],Company,announced 2022-04-26,Capital Expenditures,Actual/Latest,Actual/Latest Date,FY 2022,FY,2022,,2022-12-31,,,text,5/29/2023,date,MXN,"filings/capitaliq/Estimates/Guidance/SPGlobal_GrupoBimbo,S.A.B.deC.V._Guidance_20-Sep-2026 (1).xlsx",Guidance,72
2026-09-20,guidance [Revisions by Announced Date],Company,announced 2022-07-21,Capital Expenditures,Actual/Latest,Actual/Latest Date,FY 2022,FY,2022,,2022-12-31,,,text,5/29/2023,date,MXN,"filings/capitaliq/Estimates/Guidance/SPGlobal_GrupoBimbo,S.A.B.deC.V._Guidance_20-Sep-2026 (1).xlsx",Guidance,72
2026-09-20,guidance [Revisions by Announced Date],Company,announced 2022-10-27,Capital Expenditures,Actual/Latest,Actual/Latest Date,FY 2022,FY,2022,,2022-12-31,,,text,5/29/2023,date,MXN,"filings/capitaliq/Estimates/Guidance/SPGlobal_GrupoBimbo,S.A.B.deC.V._Guidance_20-Sep-2026 (1).xlsx",Guidance,72
2026-09-20,guidance [Revisions by Announced Date],Company,announced 2023-02-22,Capital Expenditures,Actual/Latest,Actual/Latest Date,FY 2023,FY,2023,,2023-12-31,,,text,2/19/2024,date,MXN,"filings/capitaliq/Estimates/Guidance/SPGlobal_GrupoBimbo,S.A.B.deC.V._Guidance_20-Sep-2026 (1).xlsx",Guidance,72
2026-09-20,guidance [Revisions by Announced Date],Company,announced 2023-04-27,Capital Expenditures,Actual/Latest,Actual/Latest Date,FY 2023,FY,2023,,2023-12-31,,,text,2/19/2024,date,MXN,"filings/capitaliq/Estimates/Guidance/SPGlobal_GrupoBimbo,S.A.B.deC.V._Guidance_20-Sep-2026 (1).xlsx",Guidance,72
2026-09-20,guidance [Revisions by Announced Date],Company,announced 2023-07-25,Capital Expenditures,Actual/Latest,Actual/Latest Date,FY 2023,FY,2023,,2023-12-31,,,text,2/19/2024,date,MXN,"filings/capitaliq/Estimates/Guidance/SPGlobal_GrupoBimbo,S.A.B.deC.V._Guidance_20-Sep-2026 (1).xlsx",Guidance,72
2026-09-20,guidance [Revisions by Announced Date],Company,announced 2023-10-26,Capital Expenditures,Actual/Latest,Actual/Latest Date,FY 2023,FY,2023,,2023-12-31,,,text,2/19/2024,date,MXN,"filings/capitaliq/Estimates/Guidance/SPGlobal_GrupoBimbo,S.A.B.deC.V._Guidance_20-Sep-2026 (1).xlsx",Guidance,72
2026-09-20,guidance [Revisions by Announced Date],Company,announced 2024-02-19,Capital Expenditures,Actual/Latest,Actual/Latest Date,FY 2024,FY,2024,,2024-12-31,,,text,2/26/2025,date,MXN,"filings/capitaliq/Estimates/Guidance/SPGlobal_GrupoBimbo,S.A.B.deC.V._Guidance_20-Sep-2026 (1).xlsx",Guidance,72
2026-09-20,guidance [Revisions by Announced Date],Company,announced 2024-10-29,Capital Expenditures,Actual/Latest,Actual/Latest Date,FY 2024,FY,2024,,2024-12-31,,,text,2/26/2025,date,MXN,"filings/capitaliq/Estimates/Guidance/SPGlobal_GrupoBimbo,S.A.B.deC.V._Guidance_20-Sep-2026 (1).xlsx",Guidance,72
2026-09-20,guidance [Revisions by Announced Date],Company,announced 2025-02-27,Capital Expenditures,Actual/Latest,Actual/Latest Date,FY 2025,FY,2025,,2025-12-31,,,text,2/24/2026,date,MXN,"filings/capitaliq/Estimates/Guidance/SPGlobal_GrupoBimbo,S.A.B.deC.V._Guidance_20-Sep-2026 (1).xlsx",Guidance,72
2026-09-20,guidance [Revisions by Announced Date],Company,announced 2025-04-29,Capital Expenditures,Actual/Latest,Actual/Latest Date,FY 2025,FY,2025,,2025-12-31,,,text,2/24/2026,date,MXN,"filings/capitaliq/Estimates/Guidance/SPGlobal_GrupoBimbo,S.A.B.deC.V._Guidance_20-Sep-2026 (1).xlsx",Guidance,72
2026-09-20,guidance [Revisions by Announced Date],Company,announced 2025-07-24,Capital Expenditures,Actual/Latest,Actual/Latest Date,FY 2025,FY,2025,,2025-12-31,,,text,2/24/2026,date,MXN,"filings/capitaliq/Estimates/Guidance/SPGlobal_GrupoBimbo,S.A.B.deC.V._Guidance_20-Sep-2026 (1).xlsx",Guidance,72
2026-09-20,guidance [Revisions by Announced Date],Company,announced 2025-08-12,Capital Expenditures,Actual/Latest,Actual/Latest Date,FY 2025,FY,2025,,2025-12-31,,,text,2/24/2026,date,MXN,"filings/capitaliq/Estimates/Guidance/SPGlobal_GrupoBimbo,S.A.B.deC.V._Guidance_20-Sep-2026 (1).xlsx",Guidance,72
2026-09-20,guidance [Revisions by Announced Date],Company,announced 2025-10-28,Capital Expenditures,Actual/Latest,Actual/Latest Date,FY 2025,FY,2025,,2025-12-31,,,text,2/24/2026,date,MXN,"filings/capitaliq/Estimates/Guidance/SPGlobal_GrupoBimbo,S.A.B.deC.V._Guidance_20-Sep-2026 (1).xlsx",Guidance,72
2026-09-20,guidance [Revisions by Announced Date],Company,announced 2025-10-29,Capital Expenditures,Actual/Latest,Actual/Latest Date,FY 2025,FY,2025,,2025-12-31,,,text,2/24/2026,date,MXN,"filings/capitaliq/Estimates/Guidance/SPGlobal_GrupoBimbo,S.A.B.deC.V._Guidance_20-Sep-2026 (1).xlsx",Guidance,72
2026-09-20,guidance [Revisions by Announced Date],Company,announced 2026-02-26,Capital Expenditures,Actual/Latest,Actual/Latest Date,FY 2026,FY,2026,,2026-12-31,,,text,9/3/2026,date,MXN,"filings/capitaliq/Estimates/Guidance/SPGlobal_GrupoBimbo,S.A.B.deC.V._Guidance_20-Sep-2026 (1).xlsx",Guidance,72
2026-09-20,guidance [Revisions by Announced Date],Company,announced 2026-04-29,Capital Expenditures,Actual/Latest,Actual/Latest Date,FY 2026,FY,2026,,2026-12-31,,,text,9/3/2026,date,MXN,"filings/capitaliq/Estimates/Guidance/SPGlobal_GrupoBimbo,S.A.B.deC.V._Guidance_20-Sep-2026 (1).xlsx",Guidance,72
2026-09-20,guidance [Revisions by Announced Date],Company,announced 2026-06-15,Capital Expenditures,Actual/Latest,Actual/Latest Date,FY 2026,FY,2026,,2026-12-31,,,text,9/3/2026,date,MXN,"filings/capitaliq/Estimates/Guidance/SPGlobal_GrupoBimbo,S.A.B.deC.V._Guidance_20-Sep-2026 (1).xlsx",Guidance,72
2026-09-20,guidance [Revisions by Announced Date],Company,announced 2026-07-23,Capital Expenditures,Actual/Latest,Actual/Latest Date,FY 2026,FY,2026,,2026-12-31,,,text,9/3/2026,date,MXN,"filings/capitaliq/Estimates/Guidance/SPGlobal_GrupoBimbo,S.A.B.deC.V._Guidance_20-Sep-2026 (1).xlsx",Guidance,72
2026-09-20,guidance [Revisions by Announced Date],Company,announced 2012-02-23,Capital Expenditures,Actual/Latest,Guidance,FY 2012,FY,2012,,2012-12-31,10001550,,,10001550,Mex$000,MXN,"filings/capitaliq/Estimates/Guidance/SPGlobal_GrupoBimbo,S.A.B.deC.V._Guidance_20-Sep-2026 (1).xlsx",Guidance,73
2026-09-20,guidance [Revisions by Announced Date],Company,announced 2018-02-23,Capital Expenditures,Actual/Latest,Guidance,FY 2018,FY,2018,,2018-12-31,14857200,15785775,range,"14,857,200.00 - 15,785,775.00",Mex$000,MXN,"filings/capitaliq/Estimates/Guidance/SPGlobal_GrupoBimbo,S.A.B.deC.V._Guidance_20-Sep-2026 (1).xlsx",Guidance,73
2026-09-20,guidance [Revisions by Announced Date],Company,announced 2019-02-22,Capital Expenditures,Actual/Latest,Guidance,FY 2019,FY,2019,,2019-12-31,15316400,17230950,range,"15,316,400.00 - 17,230,950.00",Mex$000,MXN,"filings/capitaliq/Estimates/Guidance/SPGlobal_GrupoBimbo,S.A.B.deC.V._Guidance_20-Sep-2026 (1).xlsx",Guidance,73
2026-09-20,guidance [Revisions by Announced Date],Company,announced 2019-07-23,Capital Expenditures,Actual/Latest,Guidance,FY 2019,FY,2019,,2019-12-31,13389040,14345400,range,"13,389,040.00 - 14,345,400.00",Mex$000,MXN,"filings/capitaliq/Estimates/Guidance/SPGlobal_GrupoBimbo,S.A.B.deC.V._Guidance_20-Sep-2026 (1).xlsx",Guidance,73
2026-09-20,guidance [Revisions by Announced Date],Company,announced 2019-10-25,Capital Expenditures,Actual/Latest,Guidance,FY 2019,FY,2019,,2019-12-31,13343540,,,13343540,Mex$000,MXN,"filings/capitaliq/Estimates/Guidance/SPGlobal_GrupoBimbo,S.A.B.deC.V._Guidance_20-Sep-2026 (1).xlsx",Guidance,73
2026-09-20,guidance [Revisions by Announced Date],Company,announced 2020-02-21,Capital Expenditures,Actual/Latest,Guidance,FY 2020,FY,2020,,2020-12-31,13203540,15089760,range,"13,203,540.00 - 15,089,760.00",Mex$000,MXN,"filings/capitaliq/Estimates/Guidance/SPGlobal_GrupoBimbo,S.A.B.deC.V._Guidance_20-Sep-2026 (1).xlsx",Guidance,73
2026-09-20,guidance [Revisions by Announced Date],Company,announced 2020-07-27,Capital Expenditures,Actual/Latest,Guidance,FY 2020,FY,2020,,2020-12-31,14309880,16511400,range,"14,309,880.00 - 16,511,400.00",Mex$000,MXN,"filings/capitaliq/Estimates/Guidance/SPGlobal_GrupoBimbo,S.A.B.deC.V._Guidance_20-Sep-2026 (1).xlsx",Guidance,73
2026-09-20,guidance [Revisions by Announced Date],Company,announced 2020-10-21,Capital Expenditures,Actual/Latest,Guidance,FY 2020,FY,2020,,2020-12-31,11594880,12648960,range,"11,594,880.00 - 12,648,960.00",Mex$000,MXN,"filings/capitaliq/Estimates/Guidance/SPGlobal_GrupoBimbo,S.A.B.deC.V._Guidance_20-Sep-2026 (1).xlsx",Guidance,73
2026-09-20,guidance [Revisions by Announced Date],Company,announced 2021-02-24,Capital Expenditures,Actual/Latest,Guidance,FY 2021,FY,2021,,2021-12-31,20439400,,,20439400,Mex$000,MXN,"filings/capitaliq/Estimates/Guidance/SPGlobal_GrupoBimbo,S.A.B.deC.V._Guidance_20-Sep-2026 (1).xlsx",Guidance,73
2026-09-20,guidance [Revisions by Announced Date],Company,announced 2021-04-28,Capital Expenditures,Actual/Latest,Guidance,FY 2021,FY,2021,,2021-12-31,17970390,19967100,range,"17,970,390.00 - 19,967,100.00",Mex$000,MXN,"filings/capitaliq/Estimates/Guidance/SPGlobal_GrupoBimbo,S.A.B.deC.V._Guidance_20-Sep-2026 (1).xlsx",Guidance,73
2026-09-20,guidance [Revisions by Announced Date],Company,announced 2021-10-28,Capital Expenditures,Actual/Latest,Guidance,FY 2021,FY,2021,,2021-12-31,18294300,20327000,range,"18,294,300.00 - 20,327,000.00",Mex$000,MXN,"filings/capitaliq/Estimates/Guidance/SPGlobal_GrupoBimbo,S.A.B.deC.V._Guidance_20-Sep-2026 (1).xlsx",Guidance,73
2026-09-20,guidance [Revisions by Announced Date],Company,announced 2021-10-28,Capital Expenditures,Actual/Latest,Guidance,FY 2022,FY,2022,,2022-12-31,18294300,,,18294300,Mex$000,MXN,"filings/capitaliq/Estimates/Guidance/SPGlobal_GrupoBimbo,S.A.B.deC.V._Guidance_20-Sep-2026 (1).xlsx",Guidance,73
2026-09-20,guidance [Revisions by Announced Date],Company,announced 2022-02-22,Capital Expenditures,Actual/Latest,Guidance,FY 2022,FY,2022,,2022-12-31,30445950,,,30445950,Mex$000,MXN,"filings/capitaliq/Estimates/Guidance/SPGlobal_GrupoBimbo,S.A.B.deC.V._Guidance_20-Sep-2026 (1).xlsx",Guidance,73
2026-09-20,guidance [Revisions by Announced Date],Company,announced 2022-04-26,Capital Expenditures,Actual/Latest,Guidance,FY 2022,FY,2022,,2022-12-31,30542250,,,30542250,Mex$000,MXN,"filings/capitaliq/Estimates/Guidance/SPGlobal_GrupoBimbo,S.A.B.deC.V._Guidance_20-Sep-2026 (1).xlsx",Guidance,73
2026-09-20,guidance [Revisions by Announced Date],Company,announced 2022-07-21,Capital Expenditures,Actual/Latest,Guidance,FY 2022,FY,2022,,2022-12-31,26854230,28919940,range,"26,854,230.00 - 28,919,940.00",Mex$000,MXN,"filings/capitaliq/Estimates/Guidance/SPGlobal_GrupoBimbo,S.A.B.deC.V._Guidance_20-Sep-2026 (1).xlsx",Guidance,73
2026-09-20,guidance [Revisions by Announced Date],Company,announced 2022-10-27,Capital Expenditures,Actual/Latest,Guidance,FY 2022,FY,2022,,2022-12-31,25769380,,,25769380,Mex$000,MXN,"filings/capitaliq/Estimates/Guidance/SPGlobal_GrupoBimbo,S.A.B.deC.V._Guidance_20-Sep-2026 (1).xlsx",Guidance,73
2026-09-20,guidance [Revisions by Announced Date],Company,announced 2023-02-22,Capital Expenditures,Actual/Latest,Guidance,FY 2023,FY,2023,,2023-12-31,31215570,36724200,range,"31,215,570.00 - 36,724,200.00",Mex$000,MXN,"filings/capitaliq/Estimates/Guidance/SPGlobal_GrupoBimbo,S.A.B.deC.V._Guidance_20-Sep-2026 (1).xlsx",Guidance,73
2026-09-20,guidance [Revisions by Announced Date],Company,announced 2023-04-27,Capital Expenditures,Actual/Latest,Guidance,FY 2023,FY,2023,,2023-12-31,30731070,36154200,range,"30,731,070.00 - 36,154,200.00",Mex$000,MXN,"filings/capitaliq/Estimates/Guidance/SPGlobal_GrupoBimbo,S.A.B.deC.V._Guidance_20-Sep-2026 (1).xlsx",Guidance,73
2026-09-20,guidance [Revisions by Announced Date],Company,announced 2023-07-25,Capital Expenditures,Actual/Latest,Guidance,FY 2023,FY,2023,,2023-12-31,28721670,33790200,range,"28,721,670.00 - 33,790,200.00",Mex$000,MXN,"filings/capitaliq/Estimates/Guidance/SPGlobal_GrupoBimbo,S.A.B.deC.V._Guidance_20-Sep-2026 (1).xlsx",Guidance,73
2026-09-20,guidance [Revisions by Announced Date],Company,announced 2023-10-26,Capital Expenditures,Actual/Latest,Guidance,FY 2023,FY,2023,,2023-12-31,30988110,36456600,range,"30,988,110.00 - 36,456,600.00",Mex$000,MXN,"filings/capitaliq/Estimates/Guidance/SPGlobal_GrupoBimbo,S.A.B.deC.V._Guidance_20-Sep-2026 (1).xlsx",Guidance,73
2026-09-20,guidance [Revisions by Announced Date],Company,announced 2024-02-19,Capital Expenditures,Actual/Latest,Guidance,FY 2024,FY,2024,,2024-12-31,30704400,34116000,range,"30,704,400.00 - 34,116,000.00",Mex$000,MXN,"filings/capitaliq/Estimates/Guidance/SPGlobal_GrupoBimbo,S.A.B.deC.V._Guidance_20-Sep-2026 (1).xlsx",Guidance,73
2026-09-20,guidance [Revisions by Announced Date],Company,announced 2024-10-29,Capital Expenditures,Actual/Latest,Guidance,FY 2024,FY,2024,,2024-12-31,36007740,,,36007740,Mex$000,MXN,"filings/capitaliq/Estimates/Guidance/SPGlobal_GrupoBimbo,S.A.B.deC.V._Guidance_20-Sep-2026 (1).xlsx",Guidance,73
2026-09-20,guidance [Revisions by Announced Date],Company,announced 2025-02-27,Capital Expenditures,Actual/Latest,Guidance,FY 2025,FY,2025,,2025-12-31,28660380,30707550,range,"28,660,380.00 - 30,707,550.00",Mex$000,MXN,"filings/capitaliq/Estimates/Guidance/SPGlobal_GrupoBimbo,S.A.B.deC.V._Guidance_20-Sep-2026 (1).xlsx",Guidance,73
2026-09-20,guidance [Revisions by Announced Date],Company,announced 2025-04-29,Capital Expenditures,Actual/Latest,Guidance,FY 2025,FY,2025,,2025-12-31,27388480,29344800,range,"27,388,480.00 - 29,344,800.00",Mex$000,MXN,"filings/capitaliq/Estimates/Guidance/SPGlobal_GrupoBimbo,S.A.B.deC.V._Guidance_20-Sep-2026 (1).xlsx",Guidance,73
2026-09-20,guidance [Revisions by Announced Date],Company,announced 2025-07-24,Capital Expenditures,Actual/Latest,Guidance,FY 2025,FY,2025,,2025-12-31,24143600,26000800,range,"24,143,600.00 - 26,000,800.00",Mex$000,MXN,"filings/capitaliq/Estimates/Guidance/SPGlobal_GrupoBimbo,S.A.B.deC.V._Guidance_20-Sep-2026 (1).xlsx",Guidance,73
2026-09-20,guidance [Revisions by Announced Date],Company,announced 2025-08-12,Capital Expenditures,Actual/Latest,Guidance,FY 2025,FY,2025,,2025-12-31,24113050,25967900,range,"24,113,050.00 - 25,967,900.00",Mex$000,MXN,"filings/capitaliq/Estimates/Guidance/SPGlobal_GrupoBimbo,S.A.B.deC.V._Guidance_20-Sep-2026 (1).xlsx",Guidance,73
2026-09-20,guidance [Revisions by Announced Date],Company,announced 2025-10-28,Capital Expenditures,Actual/Latest,Guidance,FY 2025,FY,2025,,2025-12-31,23927410,,,23927410,Mex$000,MXN,"filings/capitaliq/Estimates/Guidance/SPGlobal_GrupoBimbo,S.A.B.deC.V._Guidance_20-Sep-2026 (1).xlsx",Guidance,73
2026-09-20,guidance [Revisions by Announced Date],Company,announced 2025-10-29,Capital Expenditures,Actual/Latest,Guidance,FY 2025,FY,2025,,2025-12-31,23918960,25758880,range,"23,918,960.00 - 25,758,880.00",Mex$000,MXN,"filings/capitaliq/Estimates/Guidance/SPGlobal_GrupoBimbo,S.A.B.deC.V._Guidance_20-Sep-2026 (1).xlsx",Guidance,73
2026-09-20,guidance [Revisions by Announced Date],Company,announced 2026-02-26,Capital Expenditures,Actual/Latest,Guidance,FY 2026,FY,2026,,2026-12-31,20646360,24087420,range,"20,646,360.00 - 24,087,420.00",Mex$000,MXN,"filings/capitaliq/Estimates/Guidance/SPGlobal_GrupoBimbo,S.A.B.deC.V._Guidance_20-Sep-2026 (1).xlsx",Guidance,73
2026-09-20,guidance [Revisions by Announced Date],Company,announced 2026-04-29,Capital Expenditures,Actual/Latest,Guidance,FY 2026,FY,2026,,2026-12-31,20978760,24475220,range,"20,978,760.00 - 24,475,220.00",Mex$000,MXN,"filings/capitaliq/Estimates/Guidance/SPGlobal_GrupoBimbo,S.A.B.deC.V._Guidance_20-Sep-2026 (1).xlsx",Guidance,73
2026-09-20,guidance [Revisions by Announced Date],Company,announced 2026-06-15,Capital Expenditures,Actual/Latest,Guidance,FY 2026,FY,2026,,2026-12-31,20639760,24079720,range,"20,639,760.00 - 24,079,720.00",Mex$000,MXN,"filings/capitaliq/Estimates/Guidance/SPGlobal_GrupoBimbo,S.A.B.deC.V._Guidance_20-Sep-2026 (1).xlsx",Guidance,73
2026-09-20,guidance [Revisions by Announced Date],Company,announced 2026-07-23,Capital Expenditures,Actual/Latest,Guidance,FY 2026,FY,2026,,2026-12-31,17519700,21023640,range,"17,519,700.00 - 21,023,640.00",Mex$000,MXN,"filings/capitaliq/Estimates/Guidance/SPGlobal_GrupoBimbo,S.A.B.deC.V._Guidance_20-Sep-2026 (1).xlsx",Guidance,73
2026-09-20,guidance [Revisions by Announced Date],Company,announced 2018-02-23,Capital Expenditures,Actual/Latest,Consensus Estimate,FY 2018,FY,2018,,2018-12-31,15568386.98,,,15568386.98,Mex$000,MXN,"filings/capitaliq/Estimates/Guidance/SPGlobal_GrupoBimbo,S.A.B.deC.V._Guidance_20-Sep-2026 (1).xlsx",Guidance,74
2026-09-20,guidance [Revisions by Announced Date],Company,announced 2019-02-22,Capital Expenditures,Actual/Latest,Consensus Estimate,FY 2019,FY,2019,,2019-12-31,13950268.02,,,13950268.02,Mex$000,MXN,"filings/capitaliq/Estimates/Guidance/SPGlobal_GrupoBimbo,S.A.B.deC.V._Guidance_20-Sep-2026 (1).xlsx",Guidance,74
2026-09-20,guidance [Revisions by Announced Date],Company,announced 2019-07-23,Capital Expenditures,Actual/Latest,Consensus Estimate,FY 2019,FY,2019,,2019-12-31,13950268.02,,,13950268.02,Mex$000,MXN,"filings/capitaliq/Estimates/Guidance/SPGlobal_GrupoBimbo,S.A.B.deC.V._Guidance_20-Sep-2026 (1).xlsx",Guidance,74
2026-09-20,guidance [Revisions by Announced Date],Company,announced 2019-10-25,Capital Expenditures,Actual/Latest,Consensus Estimate,FY 2019,FY,2019,,2019-12-31,13950268.02,,,13950268.02,Mex$000,MXN,"filings/capitaliq/Estimates/Guidance/SPGlobal_GrupoBimbo,S.A.B.deC.V._Guidance_20-Sep-2026 (1).xlsx",Guidance,74
2026-09-20,guidance [Revisions by Announced Date],Company,announced 2020-02-21,Capital Expenditures,Actual/Latest,Consensus Estimate,FY 2020,FY,2020,,2020-12-31,12839271.57,,,12839271.57,Mex$000,MXN,"filings/capitaliq/Estimates/Guidance/SPGlobal_GrupoBimbo,S.A.B.deC.V._Guidance_20-Sep-2026 (1).xlsx",Guidance,74
2026-09-20,guidance [Revisions by Announced Date],Company,announced 2020-07-27,Capital Expenditures,Actual/Latest,Consensus Estimate,FY 2020,FY,2020,,2020-12-31,12839271.57,,,12839271.57,Mex$000,MXN,"filings/capitaliq/Estimates/Guidance/SPGlobal_GrupoBimbo,S.A.B.deC.V._Guidance_20-Sep-2026 (1).xlsx",Guidance,74
2026-09-20,guidance [Revisions by Announced Date],Company,announced 2020-10-21,Capital Expenditures,Actual/Latest,Consensus Estimate,FY 2020,FY,2020,,2020-12-31,12839271.57,,,12839271.57,Mex$000,MXN,"filings/capitaliq/Estimates/Guidance/SPGlobal_GrupoBimbo,S.A.B.deC.V._Guidance_20-Sep-2026 (1).xlsx",Guidance,74
2026-09-20,guidance [Revisions by Announced Date],Company,announced 2021-02-24,Capital Expenditures,Actual/Latest,Consensus Estimate,FY 2021,FY,2021,,2021-12-31,20157096.87,,,20157096.87,Mex$000,MXN,"filings/capitaliq/Estimates/Guidance/SPGlobal_GrupoBimbo,S.A.B.deC.V._Guidance_20-Sep-2026 (1).xlsx",Guidance,74
2026-09-20,guidance [Revisions by Announced Date],Company,announced 2021-04-28,Capital Expenditures,Actual/Latest,Consensus Estimate,FY 2021,FY,2021,,2021-12-31,20157096.87,,,20157096.87,Mex$000,MXN,"filings/capitaliq/Estimates/Guidance/SPGlobal_GrupoBimbo,S.A.B.deC.V._Guidance_20-Sep-2026 (1).xlsx",Guidance,74
2026-09-20,guidance [Revisions by Announced Date],Company,announced 2021-10-28,Capital Expenditures,Actual/Latest,Consensus Estimate,FY 2021,FY,2021,,2021-12-31,20157096.87,,,20157096.87,Mex$000,MXN,"filings/capitaliq/Estimates/Guidance/SPGlobal_GrupoBimbo,S.A.B.deC.V._Guidance_20-Sep-2026 (1).xlsx",Guidance,74
2026-09-20,guidance [Revisions by Announced Date],Company,announced 2021-10-28,Capital Expenditures,Actual/Latest,Consensus Estimate,FY 2022,FY,2022,,2022-12-31,26828400.84,,,26828400.84,Mex$000,MXN,"filings/capitaliq/Estimates/Guidance/SPGlobal_GrupoBimbo,S.A.B.deC.V._Guidance_20-Sep-2026 (1).xlsx",Guidance,74
2026-09-20,guidance [Revisions by Announced Date],Company,announced 2022-02-22,Capital Expenditures,Actual/Latest,Consensus Estimate,FY 2022,FY,2022,,2022-12-31,26828400.84,,,26828400.84,Mex$000,MXN,"filings/capitaliq/Estimates/Guidance/SPGlobal_GrupoBimbo,S.A.B.deC.V._Guidance_20-Sep-2026 (1).xlsx",Guidance,74
2026-09-20,guidance [Revisions by Announced Date],Company,announced 2022-04-26,Capital Expenditures,Actual/Latest,Consensus Estimate,FY 2022,FY,2022,,2022-12-31,26828400.84,,,26828400.84,Mex$000,MXN,"filings/capitaliq/Estimates/Guidance/SPGlobal_GrupoBimbo,S.A.B.deC.V._Guidance_20-Sep-2026 (1).xlsx",Guidance,74
2026-09-20,guidance [Revisions by Announced Date],Company,announced 2022-07-21,Capital Expenditures,Actual/Latest,Consensus Estimate,FY 2022,FY,2022,,2022-12-31,26828400.84,,,26828400.84,Mex$000,MXN,"filings/capitaliq/Estimates/Guidance/SPGlobal_GrupoBimbo,S.A.B.deC.V._Guidance_20-Sep-2026 (1).xlsx",Guidance,74
2026-09-20,guidance [Revisions by Announced Date],Company,announced 2022-10-27,Capital Expenditures,Actual/Latest,Consensus Estimate,FY 2022,FY,2022,,2022-12-31,26828400.84,,,26828400.84,Mex$000,MXN,"filings/capitaliq/Estimates/Guidance/SPGlobal_GrupoBimbo,S.A.B.deC.V._Guidance_20-Sep-2026 (1).xlsx",Guidance,74
2026-09-20,guidance [Revisions by Announced Date],Company,announced 2023-02-22,Capital Expenditures,Actual/Latest,Consensus Estimate,FY 2023,FY,2023,,2023-12-31,31137808.51,,,31137808.51,Mex$000,MXN,"filings/capitaliq/Estimates/Guidance/SPGlobal_GrupoBimbo,S.A.B.deC.V._Guidance_20-Sep-2026 (1).xlsx",Guidance,74
2026-09-20,guidance [Revisions by Announced Date],Company,announced 2023-04-27,Capital Expenditures,Actual/Latest,Consensus Estimate,FY 2023,FY,2023,,2023-12-31,31137808.51,,,31137808.51,Mex$000,MXN,"filings/capitaliq/Estimates/Guidance/SPGlobal_GrupoBimbo,S.A.B.deC.V._Guidance_20-Sep-2026 (1).xlsx",Guidance,74
2026-09-20,guidance [Revisions by Announced Date],Company,announced 2023-07-25,Capital Expenditures,Actual/Latest,Consensus Estimate,FY 2023,FY,2023,,2023-12-31,31137808.51,,,31137808.51,Mex$000,MXN,"filings/capitaliq/Estimates/Guidance/SPGlobal_GrupoBimbo,S.A.B.deC.V._Guidance_20-Sep-2026 (1).xlsx",Guidance,74
2026-09-20,guidance [Revisions by Announced Date],Company,announced 2023-10-26,Capital Expenditures,Actual/Latest,Consensus Estimate,FY 2023,FY,2023,,2023-12-31,31137808.51,,,31137808.51,Mex$000,MXN,"filings/capitaliq/Estimates/Guidance/SPGlobal_GrupoBimbo,S.A.B.deC.V._Guidance_20-Sep-2026 (1).xlsx",Guidance,74
2026-09-20,guidance [Revisions by Announced Date],Company,announced 2024-02-19,Capital Expenditures,Actual/Latest,Consensus Estimate,FY 2024,FY,2024,,2024-12-31,32811154.42,,,32811154.42,Mex$000,MXN,"filings/capitaliq/Estimates/Guidance/SPGlobal_GrupoBimbo,S.A.B.deC.V._Guidance_20-Sep-2026 (1).xlsx",Guidance,74
2026-09-20,guidance [Revisions by Announced Date],Company,announced 2024-10-29,Capital Expenditures,Actual/Latest,Consensus Estimate,FY 2024,FY,2024,,2024-12-31,32811154.42,,,32811154.42,Mex$000,MXN,"filings/capitaliq/Estimates/Guidance/SPGlobal_GrupoBimbo,S.A.B.deC.V._Guidance_20-Sep-2026 (1).xlsx",Guidance,74
2026-09-20,guidance [Revisions by Announced Date],Company,announced 2026-02-26,Capital Expenditures,Actual/Latest,Consensus Estimate,FY 2026,FY,2026,,2026-12-31,21978765.56,,,21978765.56,Mex$000,MXN,"filings/capitaliq/Estimates/Guidance/SPGlobal_GrupoBimbo,S.A.B.deC.V._Guidance_20-Sep-2026 (1).xlsx",Guidance,74
2026-09-20,guidance [Revisions by Announced Date],Company,announced 2026-04-29,Capital Expenditures,Actual/Latest,Consensus Estimate,FY 2026,FY,2026,,2026-12-31,21978765.56,,,21978765.56,Mex$000,MXN,"filings/capitaliq/Estimates/Guidance/SPGlobal_GrupoBimbo,S.A.B.deC.V._Guidance_20-Sep-2026 (1).xlsx",Guidance,74
2026-09-20,guidance [Revisions by Announced Date],Company,announced 2026-06-15,Capital Expenditures,Actual/Latest,Consensus Estimate,FY 2026,FY,2026,,2026-12-31,21978765.56,,,21978765.56,Mex$000,MXN,"filings/capitaliq/Estimates/Guidance/SPGlobal_GrupoBimbo,S.A.B.deC.V._Guidance_20-Sep-2026 (1).xlsx",Guidance,74
2026-09-20,guidance [Revisions by Announced Date],Company,announced 2026-07-23,Capital Expenditures,Actual/Latest,Consensus Estimate,FY 2026,FY,2026,,2026-12-31,21978765.56,,,21978765.56,Mex$000,MXN,"filings/capitaliq/Estimates/Guidance/SPGlobal_GrupoBimbo,S.A.B.deC.V._Guidance_20-Sep-2026 (1).xlsx",Guidance,74
2026-09-20,guidance [Revisions by Announced Date],Company,announced 2018-02-23,Capital Expenditures,Actual/Latest,% Difference,FY 2018,FY,2018,,2018-12-31,0,,,0,%,MXN,"filings/capitaliq/Estimates/Guidance/SPGlobal_GrupoBimbo,S.A.B.deC.V._Guidance_20-Sep-2026 (1).xlsx",Guidance,75
2026-09-20,guidance [Revisions by Announced Date],Company,announced 2019-02-22,Capital Expenditures,Actual/Latest,% Difference,FY 2019,FY,2019,,2019-12-31,-8.92,,,-8.92,%,MXN,"filings/capitaliq/Estimates/Guidance/SPGlobal_GrupoBimbo,S.A.B.deC.V._Guidance_20-Sep-2026 (1).xlsx",Guidance,75
2026-09-20,guidance [Revisions by Announced Date],Company,announced 2019-07-23,Capital Expenditures,Actual/Latest,% Difference,FY 2019,FY,2019,,2019-12-31,0,,,0,%,MXN,"filings/capitaliq/Estimates/Guidance/SPGlobal_GrupoBimbo,S.A.B.deC.V._Guidance_20-Sep-2026 (1).xlsx",Guidance,75
2026-09-20,guidance [Revisions by Announced Date],Company,announced 2019-10-25,Capital Expenditures,Actual/Latest,% Difference,FY 2019,FY,2019,,2019-12-31,4.55,,,4.55,%,MXN,"filings/capitaliq/Estimates/Guidance/SPGlobal_GrupoBimbo,S.A.B.deC.V._Guidance_20-Sep-2026 (1).xlsx",Guidance,75
2026-09-20,guidance [Revisions by Announced Date],Company,announced 2020-02-21,Capital Expenditures,Actual/Latest,% Difference,FY 2020,FY,2020,,2020-12-31,-2.76,,,-2.76,%,MXN,"filings/capitaliq/Estimates/Guidance/SPGlobal_GrupoBimbo,S.A.B.deC.V._Guidance_20-Sep-2026 (1).xlsx",Guidance,75
2026-09-20,guidance [Revisions by Announced Date],Company,announced 2020-07-27,Capital Expenditures,Actual/Latest,% Difference,FY 2020,FY,2020,,2020-12-31,-10.28,,,-10.28,%,MXN,"filings/capitaliq/Estimates/Guidance/SPGlobal_GrupoBimbo,S.A.B.deC.V._Guidance_20-Sep-2026 (1).xlsx",Guidance,75
2026-09-20,guidance [Revisions by Announced Date],Company,announced 2020-10-21,Capital Expenditures,Actual/Latest,% Difference,FY 2020,FY,2020,,2020-12-31,1.5,,,1.5,%,MXN,"filings/capitaliq/Estimates/Guidance/SPGlobal_GrupoBimbo,S.A.B.deC.V._Guidance_20-Sep-2026 (1).xlsx",Guidance,75
2026-09-20,guidance [Revisions by Announced Date],Company,announced 2021-02-24,Capital Expenditures,Actual/Latest,% Difference,FY 2021,FY,2021,,2021-12-31,-1.38,,,-1.38,%,MXN,"filings/capitaliq/Estimates/Guidance/SPGlobal_GrupoBimbo,S.A.B.deC.V._Guidance_20-Sep-2026 (1).xlsx",Guidance,75
2026-09-20,guidance [Revisions by Announced Date],Company,announced 2021-04-28,Capital Expenditures,Actual/Latest,% Difference,FY 2021,FY,2021,,2021-12-31,0.95,,,0.95,%,MXN,"filings/capitaliq/Estimates/Guidance/SPGlobal_GrupoBimbo,S.A.B.deC.V._Guidance_20-Sep-2026 (1).xlsx",Guidance,75
2026-09-20,guidance [Revisions by Announced Date],Company,announced 2021-10-28,Capital Expenditures,Actual/Latest,% Difference,FY 2021,FY,2021,,2021-12-31,0,,,0,%,MXN,"filings/capitaliq/Estimates/Guidance/SPGlobal_GrupoBimbo,S.A.B.deC.V._Guidance_20-Sep-2026 (1).xlsx",Guidance,75
2026-09-20,guidance [Revisions by Announced Date],Company,announced 2021-10-28,Capital Expenditures,Actual/Latest,% Difference,FY 2022,FY,2022,,2022-12-31,46.65,,,46.65,%,MXN,"filings/capitaliq/Estimates/Guidance/SPGlobal_GrupoBimbo,S.A.B.deC.V._Guidance_20-Sep-2026 (1).xlsx",Guidance,75
2026-09-20,guidance [Revisions by Announced Date],Company,announced 2022-02-22,Capital Expenditures,Actual/Latest,% Difference,FY 2022,FY,2022,,2022-12-31,-11.88,,,-11.88,%,MXN,"filings/capitaliq/Estimates/Guidance/SPGlobal_GrupoBimbo,S.A.B.deC.V._Guidance_20-Sep-2026 (1).xlsx",Guidance,75
2026-09-20,guidance [Revisions by Announced Date],Company,announced 2022-04-26,Capital Expenditures,Actual/Latest,% Difference,FY 2022,FY,2022,,2022-12-31,-12.16,,,-12.16,%,MXN,"filings/capitaliq/Estimates/Guidance/SPGlobal_GrupoBimbo,S.A.B.deC.V._Guidance_20-Sep-2026 (1).xlsx",Guidance,75
2026-09-20,guidance [Revisions by Announced Date],Company,announced 2022-07-21,Capital Expenditures,Actual/Latest,% Difference,FY 2022,FY,2022,,2022-12-31,-0.1,,,-0.1,%,MXN,"filings/capitaliq/Estimates/Guidance/SPGlobal_GrupoBimbo,S.A.B.deC.V._Guidance_20-Sep-2026 (1).xlsx",Guidance,75
2026-09-20,guidance [Revisions by Announced Date],Company,announced 2022-10-27,Capital Expenditures,Actual/Latest,% Difference,FY 2022,FY,2022,,2022-12-31,4.11,,,4.11,%,MXN,"filings/capitaliq/Estimates/Guidance/SPGlobal_GrupoBimbo,S.A.B.deC.V._Guidance_20-Sep-2026 (1).xlsx",Guidance,75
2026-09-20,guidance [Revisions by Announced Date],Company,announced 2023-02-22,Capital Expenditures,Actual/Latest,% Difference,FY 2023,FY,2023,,2023-12-31,-0.25,,,-0.25,%,MXN,"filings/capitaliq/Estimates/Guidance/SPGlobal_GrupoBimbo,S.A.B.deC.V._Guidance_20-Sep-2026 (1).xlsx",Guidance,75
2026-09-20,guidance [Revisions by Announced Date],Company,announced 2023-04-27,Capital Expenditures,Actual/Latest,% Difference,FY 2023,FY,2023,,2023-12-31,0,,,0,%,MXN,"filings/capitaliq/Estimates/Guidance/SPGlobal_GrupoBimbo,S.A.B.deC.V._Guidance_20-Sep-2026 (1).xlsx",Guidance,75
2026-09-20,guidance [Revisions by Announced Date],Company,announced 2023-07-25,Capital Expenditures,Actual/Latest,% Difference,FY 2023,FY,2023,,2023-12-31,0,,,0,%,MXN,"filings/capitaliq/Estimates/Guidance/SPGlobal_GrupoBimbo,S.A.B.deC.V._Guidance_20-Sep-2026 (1).xlsx",Guidance,75
2026-09-20,guidance [Revisions by Announced Date],Company,announced 2023-10-26,Capital Expenditures,Actual/Latest,% Difference,FY 2023,FY,2023,,2023-12-31,0,,,0,%,MXN,"filings/capitaliq/Estimates/Guidance/SPGlobal_GrupoBimbo,S.A.B.deC.V._Guidance_20-Sep-2026 (1).xlsx",Guidance,75
2026-09-20,guidance [Revisions by Announced Date],Company,announced 2024-02-19,Capital Expenditures,Actual/Latest,% Difference,FY 2024,FY,2024,,2024-12-31,0,,,0,%,MXN,"filings/capitaliq/Estimates/Guidance/SPGlobal_GrupoBimbo,S.A.B.deC.V._Guidance_20-Sep-2026 (1).xlsx",Guidance,75
2026-09-20,guidance [Revisions by Announced Date],Company,announced 2024-10-29,Capital Expenditures,Actual/Latest,% Difference,FY 2024,FY,2024,,2024-12-31,-8.88,,,-8.88,%,MXN,"filings/capitaliq/Estimates/Guidance/SPGlobal_GrupoBimbo,S.A.B.deC.V._Guidance_20-Sep-2026 (1).xlsx",Guidance,75
2026-09-20,guidance [Revisions by Announced Date],Company,announced 2025-02-27,Capital Expenditures,Actual/Latest,% Difference,FY 2025,FY,2025,,2025-12-31,-11.35,,,-11.35,%,MXN,"filings/capitaliq/Estimates/Guidance/SPGlobal_GrupoBimbo,S.A.B.deC.V._Guidance_20-Sep-2026 (1).xlsx",Guidance,75
2026-09-20,guidance [Revisions by Announced Date],Company,announced 2025-04-29,Capital Expenditures,Actual/Latest,% Difference,FY 2025,FY,2025,,2025-12-31,-7.24,,,-7.24,%,MXN,"filings/capitaliq/Estimates/Guidance/SPGlobal_GrupoBimbo,S.A.B.deC.V._Guidance_20-Sep-2026 (1).xlsx",Guidance,75
2026-09-20,guidance [Revisions by Announced Date],Company,announced 2025-07-24,Capital Expenditures,Actual/Latest,% Difference,FY 2025,FY,2025,,2025-12-31,0,,,0,%,MXN,"filings/capitaliq/Estimates/Guidance/SPGlobal_GrupoBimbo,S.A.B.deC.V._Guidance_20-Sep-2026 (1).xlsx",Guidance,75
2026-09-20,guidance [Revisions by Announced Date],Company,announced 2025-08-12,Capital Expenditures,Actual/Latest,% Difference,FY 2025,FY,2025,,2025-12-31,0,,,0,%,MXN,"filings/capitaliq/Estimates/Guidance/SPGlobal_GrupoBimbo,S.A.B.deC.V._Guidance_20-Sep-2026 (1).xlsx",Guidance,75
2026-09-20,guidance [Revisions by Announced Date],Company,announced 2025-10-28,Capital Expenditures,Actual/Latest,% Difference,FY 2025,FY,2025,,2025-12-31,6.18,,,6.18,%,MXN,"filings/capitaliq/Estimates/Guidance/SPGlobal_GrupoBimbo,S.A.B.deC.V._Guidance_20-Sep-2026 (1).xlsx",Guidance,75
2026-09-20,guidance [Revisions by Announced Date],Company,announced 2025-10-29,Capital Expenditures,Actual/Latest,% Difference,FY 2025,FY,2025,,2025-12-31,0,,,0,%,MXN,"filings/capitaliq/Estimates/Guidance/SPGlobal_GrupoBimbo,S.A.B.deC.V._Guidance_20-Sep-2026 (1).xlsx",Guidance,75
2026-09-20,guidance [Revisions by Announced Date],Company,announced 2026-02-26,Capital Expenditures,Actual/Latest,% Difference,FY 2026,FY,2026,,2026-12-31,0,,,0,%,MXN,"filings/capitaliq/Estimates/Guidance/SPGlobal_GrupoBimbo,S.A.B.deC.V._Guidance_20-Sep-2026 (1).xlsx",Guidance,75
2026-09-20,guidance [Revisions by Announced Date],Company,announced 2026-04-29,Capital Expenditures,Actual/Latest,% Difference,FY 2026,FY,2026,,2026-12-31,0,,,0,%,MXN,"filings/capitaliq/Estimates/Guidance/SPGlobal_GrupoBimbo,S.A.B.deC.V._Guidance_20-Sep-2026 (1).xlsx",Guidance,75
2026-09-20,guidance [Revisions by Announced Date],Company,announced 2026-06-15,Capital Expenditures,Actual/Latest,% Difference,FY 2026,FY,2026,,2026-12-31,0,,,0,%,MXN,"filings/capitaliq/Estimates/Guidance/SPGlobal_GrupoBimbo,S.A.B.deC.V._Guidance_20-Sep-2026 (1).xlsx",Guidance,75
2026-09-20,guidance [Revisions by Announced Date],Company,announced 2026-07-23,Capital Expenditures,Actual/Latest,% Difference,FY 2026,FY,2026,,2026-12-31,4.54,,,4.54,%,MXN,"filings/capitaliq/Estimates/Guidance/SPGlobal_GrupoBimbo,S.A.B.deC.V._Guidance_20-Sep-2026 (1).xlsx",Guidance,75
2026-09-20,guidance [Revisions by Announced Date],Company,announced 2018-02-23,Capital Expenditures,Actual/Latest,Actual,FY 2018,FY,2018,,2018-12-31,15067000,,,15067000,Mex$000,MXN,"filings/capitaliq/Estimates/Guidance/SPGlobal_GrupoBimbo,S.A.B.deC.V._Guidance_20-Sep-2026 (1).xlsx",Guidance,76
2026-09-20,guidance [Revisions by Announced Date],Company,announced 2019-02-22,Capital Expenditures,Actual/Latest,Actual,FY 2019,FY,2019,,2019-12-31,13117103,,,13117103,Mex$000,MXN,"filings/capitaliq/Estimates/Guidance/SPGlobal_GrupoBimbo,S.A.B.deC.V._Guidance_20-Sep-2026 (1).xlsx",Guidance,76
2026-09-20,guidance [Revisions by Announced Date],Company,announced 2019-07-23,Capital Expenditures,Actual/Latest,Actual,FY 2019,FY,2019,,2019-12-31,13117103,,,13117103,Mex$000,MXN,"filings/capitaliq/Estimates/Guidance/SPGlobal_GrupoBimbo,S.A.B.deC.V._Guidance_20-Sep-2026 (1).xlsx",Guidance,76
2026-09-20,guidance [Revisions by Announced Date],Company,announced 2019-10-25,Capital Expenditures,Actual/Latest,Actual,FY 2019,FY,2019,,2019-12-31,13117103,,,13117103,Mex$000,MXN,"filings/capitaliq/Estimates/Guidance/SPGlobal_GrupoBimbo,S.A.B.deC.V._Guidance_20-Sep-2026 (1).xlsx",Guidance,76
2026-09-20,guidance [Revisions by Announced Date],Company,announced 2020-02-21,Capital Expenditures,Actual/Latest,Actual,FY 2020,FY,2020,,2020-12-31,13218088,,,13218088,Mex$000,MXN,"filings/capitaliq/Estimates/Guidance/SPGlobal_GrupoBimbo,S.A.B.deC.V._Guidance_20-Sep-2026 (1).xlsx",Guidance,76
2026-09-20,guidance [Revisions by Announced Date],Company,announced 2020-07-27,Capital Expenditures,Actual/Latest,Actual,FY 2020,FY,2020,,2020-12-31,13218088,,,13218088,Mex$000,MXN,"filings/capitaliq/Estimates/Guidance/SPGlobal_GrupoBimbo,S.A.B.deC.V._Guidance_20-Sep-2026 (1).xlsx",Guidance,76
2026-09-20,guidance [Revisions by Announced Date],Company,announced 2020-10-21,Capital Expenditures,Actual/Latest,Actual,FY 2020,FY,2020,,2020-12-31,13218088,,,13218088,Mex$000,MXN,"filings/capitaliq/Estimates/Guidance/SPGlobal_GrupoBimbo,S.A.B.deC.V._Guidance_20-Sep-2026 (1).xlsx",Guidance,76
2026-09-20,guidance [Revisions by Announced Date],Company,announced 2021-02-24,Capital Expenditures,Actual/Latest,Actual,FY 2021,FY,2021,,2021-12-31,20671245,,,20671245,Mex$000,MXN,"filings/capitaliq/Estimates/Guidance/SPGlobal_GrupoBimbo,S.A.B.deC.V._Guidance_20-Sep-2026 (1).xlsx",Guidance,76
2026-09-20,guidance [Revisions by Announced Date],Company,announced 2021-04-28,Capital Expenditures,Actual/Latest,Actual,FY 2021,FY,2021,,2021-12-31,20671245,,,20671245,Mex$000,MXN,"filings/capitaliq/Estimates/Guidance/SPGlobal_GrupoBimbo,S.A.B.deC.V._Guidance_20-Sep-2026 (1).xlsx",Guidance,76
2026-09-20,guidance [Revisions by Announced Date],Company,announced 2021-10-28,Capital Expenditures,Actual/Latest,Actual,FY 2021,FY,2021,,2021-12-31,20671245,,,20671245,Mex$000,MXN,"filings/capitaliq/Estimates/Guidance/SPGlobal_GrupoBimbo,S.A.B.deC.V._Guidance_20-Sep-2026 (1).xlsx",Guidance,76
2026-09-20,guidance [Revisions by Announced Date],Company,announced 2021-10-28,Capital Expenditures,Actual/Latest,Actual,FY 2022,FY,2022,,2022-12-31,28669000,,,28669000,Mex$000,MXN,"filings/capitaliq/Estimates/Guidance/SPGlobal_GrupoBimbo,S.A.B.deC.V._Guidance_20-Sep-2026 (1).xlsx",Guidance,76
2026-09-20,guidance [Revisions by Announced Date],Company,announced 2022-02-22,Capital Expenditures,Actual/Latest,Actual,FY 2022,FY,2022,,2022-12-31,28669000,,,28669000,Mex$000,MXN,"filings/capitaliq/Estimates/Guidance/SPGlobal_GrupoBimbo,S.A.B.deC.V._Guidance_20-Sep-2026 (1).xlsx",Guidance,76
2026-09-20,guidance [Revisions by Announced Date],Company,announced 2022-04-26,Capital Expenditures,Actual/Latest,Actual,FY 2022,FY,2022,,2022-12-31,28669000,,,28669000,Mex$000,MXN,"filings/capitaliq/Estimates/Guidance/SPGlobal_GrupoBimbo,S.A.B.deC.V._Guidance_20-Sep-2026 (1).xlsx",Guidance,76
2026-09-20,guidance [Revisions by Announced Date],Company,announced 2022-07-21,Capital Expenditures,Actual/Latest,Actual,FY 2022,FY,2022,,2022-12-31,28669000,,,28669000,Mex$000,MXN,"filings/capitaliq/Estimates/Guidance/SPGlobal_GrupoBimbo,S.A.B.deC.V._Guidance_20-Sep-2026 (1).xlsx",Guidance,76
2026-09-20,guidance [Revisions by Announced Date],Company,announced 2022-10-27,Capital Expenditures,Actual/Latest,Actual,FY 2022,FY,2022,,2022-12-31,28669000,,,28669000,Mex$000,MXN,"filings/capitaliq/Estimates/Guidance/SPGlobal_GrupoBimbo,S.A.B.deC.V._Guidance_20-Sep-2026 (1).xlsx",Guidance,76
2026-09-20,guidance [Revisions by Announced Date],Company,announced 2023-02-22,Capital Expenditures,Actual/Latest,Actual,FY 2023,FY,2023,,2023-12-31,34754237,,,34754237,Mex$000,MXN,"filings/capitaliq/Estimates/Guidance/SPGlobal_GrupoBimbo,S.A.B.deC.V._Guidance_20-Sep-2026 (1).xlsx",Guidance,76
2026-09-20,guidance [Revisions by Announced Date],Company,announced 2023-04-27,Capital Expenditures,Actual/Latest,Actual,FY 2023,FY,2023,,2023-12-31,34754237,,,34754237,Mex$000,MXN,"filings/capitaliq/Estimates/Guidance/SPGlobal_GrupoBimbo,S.A.B.deC.V._Guidance_20-Sep-2026 (1).xlsx",Guidance,76
2026-09-20,guidance [Revisions by Announced Date],Company,announced 2023-07-25,Capital Expenditures,Actual/Latest,Actual,FY 2023,FY,2023,,2023-12-31,34754237,,,34754237,Mex$000,MXN,"filings/capitaliq/Estimates/Guidance/SPGlobal_GrupoBimbo,S.A.B.deC.V._Guidance_20-Sep-2026 (1).xlsx",Guidance,76
2026-09-20,guidance [Revisions by Announced Date],Company,announced 2023-10-26,Capital Expenditures,Actual/Latest,Actual,FY 2023,FY,2023,,2023-12-31,34754237,,,34754237,Mex$000,MXN,"filings/capitaliq/Estimates/Guidance/SPGlobal_GrupoBimbo,S.A.B.deC.V._Guidance_20-Sep-2026 (1).xlsx",Guidance,76
2026-09-20,guidance [Revisions by Announced Date],Company,announced 2024-02-19,Capital Expenditures,Actual/Latest,Actual,FY 2024,FY,2024,,2024-12-31,29402773,,,29402773,Mex$000,MXN,"filings/capitaliq/Estimates/Guidance/SPGlobal_GrupoBimbo,S.A.B.deC.V._Guidance_20-Sep-2026 (1).xlsx",Guidance,76
2026-09-20,guidance [Revisions by Announced Date],Company,announced 2024-10-29,Capital Expenditures,Actual/Latest,Actual,FY 2024,FY,2024,,2024-12-31,29402773,,,29402773,Mex$000,MXN,"filings/capitaliq/Estimates/Guidance/SPGlobal_GrupoBimbo,S.A.B.deC.V._Guidance_20-Sep-2026 (1).xlsx",Guidance,76
2026-09-20,guidance [Revisions by Announced Date],Company,announced 2025-02-27,Capital Expenditures,Actual/Latest,Actual,FY 2025,FY,2025,,2025-12-31,22529475,,,22529475,Mex$000,MXN,"filings/capitaliq/Estimates/Guidance/SPGlobal_GrupoBimbo,S.A.B.deC.V._Guidance_20-Sep-2026 (1).xlsx",Guidance,76
2026-09-20,guidance [Revisions by Announced Date],Company,announced 2025-04-29,Capital Expenditures,Actual/Latest,Actual,FY 2025,FY,2025,,2025-12-31,22529475,,,22529475,Mex$000,MXN,"filings/capitaliq/Estimates/Guidance/SPGlobal_GrupoBimbo,S.A.B.deC.V._Guidance_20-Sep-2026 (1).xlsx",Guidance,76
2026-09-20,guidance [Revisions by Announced Date],Company,announced 2025-07-24,Capital Expenditures,Actual/Latest,Actual,FY 2025,FY,2025,,2025-12-31,22529475,,,22529475,Mex$000,MXN,"filings/capitaliq/Estimates/Guidance/SPGlobal_GrupoBimbo,S.A.B.deC.V._Guidance_20-Sep-2026 (1).xlsx",Guidance,76
2026-09-20,guidance [Revisions by Announced Date],Company,announced 2025-08-12,Capital Expenditures,Actual/Latest,Actual,FY 2025,FY,2025,,2025-12-31,22529475,,,22529475,Mex$000,MXN,"filings/capitaliq/Estimates/Guidance/SPGlobal_GrupoBimbo,S.A.B.deC.V._Guidance_20-Sep-2026 (1).xlsx",Guidance,76
2026-09-20,guidance [Revisions by Announced Date],Company,announced 2025-10-28,Capital Expenditures,Actual/Latest,Actual,FY 2025,FY,2025,,2025-12-31,22529475,,,22529475,Mex$000,MXN,"filings/capitaliq/Estimates/Guidance/SPGlobal_GrupoBimbo,S.A.B.deC.V._Guidance_20-Sep-2026 (1).xlsx",Guidance,76
2026-09-20,guidance [Revisions by Announced Date],Company,announced 2025-10-29,Capital Expenditures,Actual/Latest,Actual,FY 2025,FY,2025,,2025-12-31,22529475,,,22529475,Mex$000,MXN,"filings/capitaliq/Estimates/Guidance/SPGlobal_GrupoBimbo,S.A.B.deC.V._Guidance_20-Sep-2026 (1).xlsx",Guidance,76
2026-09-20,guidance [Revisions by Announced Date],Company,announced 2019-02-22,Capital Expenditures,Actual/Latest,% Difference,FY 2019,FY,2019,,2019-12-31,-1.7,,,-1.7,%,MXN,"filings/capitaliq/Estimates/Guidance/SPGlobal_GrupoBimbo,S.A.B.deC.V._Guidance_20-Sep-2026 (1).xlsx",Guidance,77
2026-09-20,guidance [Revisions by Announced Date],Company,announced 2019-07-23,Capital Expenditures,Actual/Latest,% Difference,FY 2019,FY,2019,,2019-12-31,-1.7,,,-1.7,%,MXN,"filings/capitaliq/Estimates/Guidance/SPGlobal_GrupoBimbo,S.A.B.deC.V._Guidance_20-Sep-2026 (1).xlsx",Guidance,77
2026-09-20,guidance [Revisions by Announced Date],Company,announced 2019-10-25,Capital Expenditures,Actual/Latest,% Difference,FY 2019,FY,2019,,2019-12-31,-1.7,,,-1.7,%,MXN,"filings/capitaliq/Estimates/Guidance/SPGlobal_GrupoBimbo,S.A.B.deC.V._Guidance_20-Sep-2026 (1).xlsx",Guidance,77
2026-09-20,guidance [Revisions by Announced Date],Company,announced 2020-02-21,Capital Expenditures,Actual/Latest,% Difference,FY 2020,FY,2020,,2020-12-31,4.5,,,4.5,%,MXN,"filings/capitaliq/Estimates/Guidance/SPGlobal_GrupoBimbo,S.A.B.deC.V._Guidance_20-Sep-2026 (1).xlsx",Guidance,77
2026-09-20,guidance [Revisions by Announced Date],Company,announced 2020-07-27,Capital Expenditures,Actual/Latest,% Difference,FY 2020,FY,2020,,2020-12-31,4.5,,,4.5,%,MXN,"filings/capitaliq/Estimates/Guidance/SPGlobal_GrupoBimbo,S.A.B.deC.V._Guidance_20-Sep-2026 (1).xlsx",Guidance,77
2026-09-20,guidance [Revisions by Announced Date],Company,announced 2020-10-21,Capital Expenditures,Actual/Latest,% Difference,FY 2020,FY,2020,,2020-12-31,4.5,,,4.5,%,MXN,"filings/capitaliq/Estimates/Guidance/SPGlobal_GrupoBimbo,S.A.B.deC.V._Guidance_20-Sep-2026 (1).xlsx",Guidance,77
2026-09-20,guidance [Revisions by Announced Date],Company,announced 2021-02-24,Capital Expenditures,Actual/Latest,% Difference,FY 2021,FY,2021,,2021-12-31,1.69,,,1.69,%,MXN,"filings/capitaliq/Estimates/Guidance/SPGlobal_GrupoBimbo,S.A.B.deC.V._Guidance_20-Sep-2026 (1).xlsx",Guidance,77
2026-09-20,guidance [Revisions by Announced Date],Company,announced 2021-04-28,Capital Expenditures,Actual/Latest,% Difference,FY 2021,FY,2021,,2021-12-31,1.69,,,1.69,%,MXN,"filings/capitaliq/Estimates/Guidance/SPGlobal_GrupoBimbo,S.A.B.deC.V._Guidance_20-Sep-2026 (1).xlsx",Guidance,77
2026-09-20,guidance [Revisions by Announced Date],Company,announced 2021-10-28,Capital Expenditures,Actual/Latest,% Difference,FY 2021,FY,2021,,2021-12-31,1.69,,,1.69,%,MXN,"filings/capitaliq/Estimates/Guidance/SPGlobal_GrupoBimbo,S.A.B.deC.V._Guidance_20-Sep-2026 (1).xlsx",Guidance,77
2026-09-20,guidance [Revisions by Announced Date],Company,announced 2021-10-28,Capital Expenditures,Actual/Latest,% Difference,FY 2022,FY,2022,,2022-12-31,11.25,,,11.25,%,MXN,"filings/capitaliq/Estimates/Guidance/SPGlobal_GrupoBimbo,S.A.B.deC.V._Guidance_20-Sep-2026 (1).xlsx",Guidance,77
2026-09-20,guidance [Revisions by Announced Date],Company,announced 2022-02-22,Capital Expenditures,Actual/Latest,% Difference,FY 2022,FY,2022,,2022-12-31,11.25,,,11.25,%,MXN,"filings/capitaliq/Estimates/Guidance/SPGlobal_GrupoBimbo,S.A.B.deC.V._Guidance_20-Sep-2026 (1).xlsx",Guidance,77
2026-09-20,guidance [Revisions by Announced Date],Company,announced 2022-04-26,Capital Expenditures,Actual/Latest,% Difference,FY 2022,FY,2022,,2022-12-31,11.25,,,11.25,%,MXN,"filings/capitaliq/Estimates/Guidance/SPGlobal_GrupoBimbo,S.A.B.deC.V._Guidance_20-Sep-2026 (1).xlsx",Guidance,77
2026-09-20,guidance [Revisions by Announced Date],Company,announced 2022-07-21,Capital Expenditures,Actual/Latest,% Difference,FY 2022,FY,2022,,2022-12-31,11.25,,,11.25,%,MXN,"filings/capitaliq/Estimates/Guidance/SPGlobal_GrupoBimbo,S.A.B.deC.V._Guidance_20-Sep-2026 (1).xlsx",Guidance,77
2026-09-20,guidance [Revisions by Announced Date],Company,announced 2022-10-27,Capital Expenditures,Actual/Latest,% Difference,FY 2022,FY,2022,,2022-12-31,11.25,,,11.25,%,MXN,"filings/capitaliq/Estimates/Guidance/SPGlobal_GrupoBimbo,S.A.B.deC.V._Guidance_20-Sep-2026 (1).xlsx",Guidance,77
2026-09-20,guidance [Revisions by Announced Date],Company,announced 2024-02-19,Capital Expenditures,Actual/Latest,% Difference,FY 2024,FY,2024,,2024-12-31,-18.34,,,-18.34,%,MXN,"filings/capitaliq/Estimates/Guidance/SPGlobal_GrupoBimbo,S.A.B.deC.V._Guidance_20-Sep-2026 (1).xlsx",Guidance,77
2026-09-20,guidance [Revisions by Announced Date],Company,announced 2024-10-29,Capital Expenditures,Actual/Latest,% Difference,FY 2024,FY,2024,,2024-12-31,-18.34,,,-18.34,%,MXN,"filings/capitaliq/Estimates/Guidance/SPGlobal_GrupoBimbo,S.A.B.deC.V._Guidance_20-Sep-2026 (1).xlsx",Guidance,77
2026-09-20,guidance [Revisions by Announced Date],Company,announced 2025-02-27,Capital Expenditures,Actual/Latest,% Difference,FY 2025,FY,2025,,2025-12-31,-5.81,,,-5.81,%,MXN,"filings/capitaliq/Estimates/Guidance/SPGlobal_GrupoBimbo,S.A.B.deC.V._Guidance_20-Sep-2026 (1).xlsx",Guidance,77
2026-09-20,guidance [Revisions by Announced Date],Company,announced 2025-04-29,Capital Expenditures,Actual/Latest,% Difference,FY 2025,FY,2025,,2025-12-31,-5.81,,,-5.81,%,MXN,"filings/capitaliq/Estimates/Guidance/SPGlobal_GrupoBimbo,S.A.B.deC.V._Guidance_20-Sep-2026 (1).xlsx",Guidance,77
2026-09-20,guidance [Revisions by Announced Date],Company,announced 2025-07-24,Capital Expenditures,Actual/Latest,% Difference,FY 2025,FY,2025,,2025-12-31,-5.81,,,-5.81,%,MXN,"filings/capitaliq/Estimates/Guidance/SPGlobal_GrupoBimbo,S.A.B.deC.V._Guidance_20-Sep-2026 (1).xlsx",Guidance,77
2026-09-20,guidance [Revisions by Announced Date],Company,announced 2025-08-12,Capital Expenditures,Actual/Latest,% Difference,FY 2025,FY,2025,,2025-12-31,-5.81,,,-5.81,%,MXN,"filings/capitaliq/Estimates/Guidance/SPGlobal_GrupoBimbo,S.A.B.deC.V._Guidance_20-Sep-2026 (1).xlsx",Guidance,77
2026-09-20,guidance [Revisions by Announced Date],Company,announced 2025-10-28,Capital Expenditures,Actual/Latest,% Difference,FY 2025,FY,2025,,2025-12-31,-5.81,,,-5.81,%,MXN,"filings/capitaliq/Estimates/Guidance/SPGlobal_GrupoBimbo,S.A.B.deC.V._Guidance_20-Sep-2026 (1).xlsx",Guidance,77
2026-09-20,guidance [Revisions by Announced Date],Company,announced 2025-10-29,Capital Expenditures,Actual/Latest,% Difference,FY 2025,FY,2025,,2025-12-31,-5.81,,,-5.81,%,MXN,"filings/capitaliq/Estimates/Guidance/SPGlobal_GrupoBimbo,S.A.B.deC.V._Guidance_20-Sep-2026 (1).xlsx",Guidance,77
2026-09-20,guidance [Current by Period],Company,latest guidance per period,Revenue,Guidance,Guidance,FY 2020,FY,2020,,2020-12-31,321118600,,,321118600,Mex$000,MXN,"filings/capitaliq/Estimates/Guidance/SPGlobal_GrupoBimbo,S.A.B.deC.V._Guidance_20-Sep-2026.xlsx",Guidance,23
2026-09-20,guidance [Current by Period],Company,latest guidance per period,Revenue,Guidance,Guidance,FY 2021,FY,2021,,2021-12-31,334361510,340982530,range,"334,361,510.00 - 340,982,530.00",Mex$000,MXN,"filings/capitaliq/Estimates/Guidance/SPGlobal_GrupoBimbo,S.A.B.deC.V._Guidance_20-Sep-2026.xlsx",Guidance,23
2026-09-20,guidance [Current by Period],Company,latest guidance per period,Revenue,Guidance,Guidance,FY 2022,FY,2022,,2022-12-31,401220050,415175530,range,"401,220,050.00 - 415,175,530.00",Mex$000,MXN,"filings/capitaliq/Estimates/Guidance/SPGlobal_GrupoBimbo,S.A.B.deC.V._Guidance_20-Sep-2026.xlsx",Guidance,23
2026-09-20,guidance [Current by Period],Company,latest guidance per period,Revenue,Guidance,Guidance,FY 2023,FY,2023,,2023-12-31,402693060,422628360,range,"402,693,060.00 - 422,628,360.00",Mex$000,MXN,"filings/capitaliq/Estimates/Guidance/SPGlobal_GrupoBimbo,S.A.B.deC.V._Guidance_20-Sep-2026.xlsx",Guidance,23
2026-09-20,guidance [Current by Period],Company,latest guidance per period,Revenue,Guidance,Guidance,FY 2024,FY,2024,,2024-12-31,399879000,403877790,range,"399,879,000.00 - 403,877,790.00",Mex$000,MXN,"filings/capitaliq/Estimates/Guidance/SPGlobal_GrupoBimbo,S.A.B.deC.V._Guidance_20-Sep-2026.xlsx",Guidance,23
2026-09-20,guidance [Current by Period],Company,latest guidance per period,Revenue,Guidance,Guidance,FY 2025,FY,2025,,2025-12-31,424668400,432835100,range,"424,668,400.00 - 432,835,100.00",Mex$000,MXN,"filings/capitaliq/Estimates/Guidance/SPGlobal_GrupoBimbo,S.A.B.deC.V._Guidance_20-Sep-2026.xlsx",Guidance,23
2026-09-20,guidance [Current by Period],Company,latest guidance per period,Revenue,Guidance,Guidance,FY 2026,FY,2026,,2026-12-31,414143440,426952000,range,"414,143,440.00 - 426,952,000.00",Mex$000,MXN,"filings/capitaliq/Estimates/Guidance/SPGlobal_GrupoBimbo,S.A.B.deC.V._Guidance_20-Sep-2026.xlsx",Guidance,23
2026-09-20,guidance [Current by Period],Company,latest guidance per period,Revenue,As Of Guidance,Guidance Date,FY 2020,FY,2020,,2020-12-31,,,text,10/21/2020,date,MXN,"filings/capitaliq/Estimates/Guidance/SPGlobal_GrupoBimbo,S.A.B.deC.V._Guidance_20-Sep-2026.xlsx",Guidance,25
2026-09-20,guidance [Current by Period],Company,latest guidance per period,Revenue,As Of Guidance,Guidance Date,FY 2021,FY,2021,,2021-12-31,,,text,10/28/2021,date,MXN,"filings/capitaliq/Estimates/Guidance/SPGlobal_GrupoBimbo,S.A.B.deC.V._Guidance_20-Sep-2026.xlsx",Guidance,25
2026-09-20,guidance [Current by Period],Company,latest guidance per period,Revenue,As Of Guidance,Guidance Date,FY 2022,FY,2022,,2022-12-31,,,text,10/27/2022,date,MXN,"filings/capitaliq/Estimates/Guidance/SPGlobal_GrupoBimbo,S.A.B.deC.V._Guidance_20-Sep-2026.xlsx",Guidance,25
2026-09-20,guidance [Current by Period],Company,latest guidance per period,Revenue,As Of Guidance,Guidance Date,FY 2023,FY,2023,,2023-12-31,,,text,10/26/2023,date,MXN,"filings/capitaliq/Estimates/Guidance/SPGlobal_GrupoBimbo,S.A.B.deC.V._Guidance_20-Sep-2026.xlsx",Guidance,25
2026-09-20,guidance [Current by Period],Company,latest guidance per period,Revenue,As Of Guidance,Guidance Date,FY 2024,FY,2024,,2024-12-31,,,text,10/29/2024,date,MXN,"filings/capitaliq/Estimates/Guidance/SPGlobal_GrupoBimbo,S.A.B.deC.V._Guidance_20-Sep-2026.xlsx",Guidance,25
2026-09-20,guidance [Current by Period],Company,latest guidance per period,Revenue,As Of Guidance,Guidance Date,FY 2025,FY,2025,,2025-12-31,,,text,10/28/2025,date,MXN,"filings/capitaliq/Estimates/Guidance/SPGlobal_GrupoBimbo,S.A.B.deC.V._Guidance_20-Sep-2026.xlsx",Guidance,25
2026-09-20,guidance [Current by Period],Company,latest guidance per period,Revenue,As Of Guidance,Guidance Date,FY 2026,FY,2026,,2026-12-31,,,text,7/23/2026,date,MXN,"filings/capitaliq/Estimates/Guidance/SPGlobal_GrupoBimbo,S.A.B.deC.V._Guidance_20-Sep-2026.xlsx",Guidance,25
2026-09-20,guidance [Current by Period],Company,latest guidance per period,Revenue,As Of Guidance,Consensus Estimate,FY 2020,FY,2020,,2020-12-31,329074497.63,,,329074497.63,Mex$000,MXN,"filings/capitaliq/Estimates/Guidance/SPGlobal_GrupoBimbo,S.A.B.deC.V._Guidance_20-Sep-2026.xlsx",Guidance,26
2026-09-20,guidance [Current by Period],Company,latest guidance per period,Revenue,As Of Guidance,Consensus Estimate,FY 2021,FY,2021,,2021-12-31,336590786.71,,,336590786.71,Mex$000,MXN,"filings/capitaliq/Estimates/Guidance/SPGlobal_GrupoBimbo,S.A.B.deC.V._Guidance_20-Sep-2026.xlsx",Guidance,26
2026-09-20,guidance [Current by Period],Company,latest guidance per period,Revenue,As Of Guidance,Consensus Estimate,FY 2022,FY,2022,,2022-12-31,394389388.87,,,394389388.87,Mex$000,MXN,"filings/capitaliq/Estimates/Guidance/SPGlobal_GrupoBimbo,S.A.B.deC.V._Guidance_20-Sep-2026.xlsx",Guidance,26
2026-09-20,guidance [Current by Period],Company,latest guidance per period,Revenue,As Of Guidance,Consensus Estimate,FY 2023,FY,2023,,2023-12-31,415640822.4,,,415640822.4,Mex$000,MXN,"filings/capitaliq/Estimates/Guidance/SPGlobal_GrupoBimbo,S.A.B.deC.V._Guidance_20-Sep-2026.xlsx",Guidance,26
2026-09-20,guidance [Current by Period],Company,latest guidance per period,Revenue,As Of Guidance,Consensus Estimate,FY 2024,FY,2024,,2024-12-31,409647453,,,409647453,Mex$000,MXN,"filings/capitaliq/Estimates/Guidance/SPGlobal_GrupoBimbo,S.A.B.deC.V._Guidance_20-Sep-2026.xlsx",Guidance,26
2026-09-20,guidance [Current by Period],Company,latest guidance per period,Revenue,As Of Guidance,Consensus Estimate,FY 2025,FY,2025,,2025-12-31,430243954.67,,,430243954.67,Mex$000,MXN,"filings/capitaliq/Estimates/Guidance/SPGlobal_GrupoBimbo,S.A.B.deC.V._Guidance_20-Sep-2026.xlsx",Guidance,26
2026-09-20,guidance [Current by Period],Company,latest guidance per period,Revenue,As Of Guidance,Consensus Estimate,FY 2026,FY,2026,,2026-12-31,425625085.82,,,425625085.82,Mex$000,MXN,"filings/capitaliq/Estimates/Guidance/SPGlobal_GrupoBimbo,S.A.B.deC.V._Guidance_20-Sep-2026.xlsx",Guidance,26
2026-09-20,guidance [Current by Period],Company,latest guidance per period,Revenue,As Of Guidance,% Difference,FY 2020,FY,2020,,2020-12-31,-2.42,,,-2.42,%,MXN,"filings/capitaliq/Estimates/Guidance/SPGlobal_GrupoBimbo,S.A.B.deC.V._Guidance_20-Sep-2026.xlsx",Guidance,27
2026-09-20,guidance [Current by Period],Company,latest guidance per period,Revenue,As Of Guidance,% Difference,FY 2021,FY,2021,,2021-12-31,0,,,0,%,MXN,"filings/capitaliq/Estimates/Guidance/SPGlobal_GrupoBimbo,S.A.B.deC.V._Guidance_20-Sep-2026.xlsx",Guidance,27
2026-09-20,guidance [Current by Period],Company,latest guidance per period,Revenue,As Of Guidance,% Difference,FY 2022,FY,2022,,2022-12-31,1.73,,,1.73,%,MXN,"filings/capitaliq/Estimates/Guidance/SPGlobal_GrupoBimbo,S.A.B.deC.V._Guidance_20-Sep-2026.xlsx",Guidance,27
2026-09-20,guidance [Current by Period],Company,latest guidance per period,Revenue,As Of Guidance,% Difference,FY 2023,FY,2023,,2023-12-31,0,,,0,%,MXN,"filings/capitaliq/Estimates/Guidance/SPGlobal_GrupoBimbo,S.A.B.deC.V._Guidance_20-Sep-2026.xlsx",Guidance,27
2026-09-20,guidance [Current by Period],Company,latest guidance per period,Revenue,As Of Guidance,% Difference,FY 2024,FY,2024,,2024-12-31,-1.41,,,-1.41,%,MXN,"filings/capitaliq/Estimates/Guidance/SPGlobal_GrupoBimbo,S.A.B.deC.V._Guidance_20-Sep-2026.xlsx",Guidance,27
2026-09-20,guidance [Current by Period],Company,latest guidance per period,Revenue,As Of Guidance,% Difference,FY 2025,FY,2025,,2025-12-31,0,,,0,%,MXN,"filings/capitaliq/Estimates/Guidance/SPGlobal_GrupoBimbo,S.A.B.deC.V._Guidance_20-Sep-2026.xlsx",Guidance,27
2026-09-20,guidance [Current by Period],Company,latest guidance per period,Revenue,As Of Guidance,% Difference,FY 2026,FY,2026,,2026-12-31,0,,,0,%,MXN,"filings/capitaliq/Estimates/Guidance/SPGlobal_GrupoBimbo,S.A.B.deC.V._Guidance_20-Sep-2026.xlsx",Guidance,27
2026-09-20,guidance [Current by Period],Company,latest guidance per period,Revenue,As Of Guidance,Days before actual,FY 2020,FY,2020,,2020-12-31,126,,,126,days,MXN,"filings/capitaliq/Estimates/Guidance/SPGlobal_GrupoBimbo,S.A.B.deC.V._Guidance_20-Sep-2026.xlsx",Guidance,28
2026-09-20,guidance [Current by Period],Company,latest guidance per period,Revenue,As Of Guidance,Days before actual,FY 2021,FY,2021,,2021-12-31,118,,,118,days,MXN,"filings/capitaliq/Estimates/Guidance/SPGlobal_GrupoBimbo,S.A.B.deC.V._Guidance_20-Sep-2026.xlsx",Guidance,28
2026-09-20,guidance [Current by Period],Company,latest guidance per period,Revenue,As Of Guidance,Days before actual,FY 2022,FY,2022,,2022-12-31,118,,,118,days,MXN,"filings/capitaliq/Estimates/Guidance/SPGlobal_GrupoBimbo,S.A.B.deC.V._Guidance_20-Sep-2026.xlsx",Guidance,28
2026-09-20,guidance [Current by Period],Company,latest guidance per period,Revenue,As Of Guidance,Days before actual,FY 2023,FY,2023,,2023-12-31,116,,,116,days,MXN,"filings/capitaliq/Estimates/Guidance/SPGlobal_GrupoBimbo,S.A.B.deC.V._Guidance_20-Sep-2026.xlsx",Guidance,28
2026-09-20,guidance [Current by Period],Company,latest guidance per period,Revenue,As Of Guidance,Days before actual,FY 2024,FY,2024,,2024-12-31,121,,,121,days,MXN,"filings/capitaliq/Estimates/Guidance/SPGlobal_GrupoBimbo,S.A.B.deC.V._Guidance_20-Sep-2026.xlsx",Guidance,28
2026-09-20,guidance [Current by Period],Company,latest guidance per period,Revenue,As Of Guidance,Days before actual,FY 2025,FY,2025,,2025-12-31,120,,,120,days,MXN,"filings/capitaliq/Estimates/Guidance/SPGlobal_GrupoBimbo,S.A.B.deC.V._Guidance_20-Sep-2026.xlsx",Guidance,28
2026-09-20,guidance [Current by Period],Company,latest guidance per period,Revenue,As Of Guidance,Days before actual,FY 2026,FY,2026,,2026-12-31,42,,,42,days,MXN,"filings/capitaliq/Estimates/Guidance/SPGlobal_GrupoBimbo,S.A.B.deC.V._Guidance_20-Sep-2026.xlsx",Guidance,28
2026-09-20,guidance [Current by Period],Company,latest guidance per period,Revenue,Actual/Latest,Actual/Latest Date,FY 2020,FY,2020,,2020-12-31,,,text,2/24/2021,date,MXN,"filings/capitaliq/Estimates/Guidance/SPGlobal_GrupoBimbo,S.A.B.deC.V._Guidance_20-Sep-2026.xlsx",Guidance,30
2026-09-20,guidance [Current by Period],Company,latest guidance per period,Revenue,Actual/Latest,Actual/Latest Date,FY 2021,FY,2021,,2021-12-31,,,text,2/23/2022,date,MXN,"filings/capitaliq/Estimates/Guidance/SPGlobal_GrupoBimbo,S.A.B.deC.V._Guidance_20-Sep-2026.xlsx",Guidance,30
2026-09-20,guidance [Current by Period],Company,latest guidance per period,Revenue,Actual/Latest,Actual/Latest Date,FY 2022,FY,2022,,2022-12-31,,,text,2/22/2023,date,MXN,"filings/capitaliq/Estimates/Guidance/SPGlobal_GrupoBimbo,S.A.B.deC.V._Guidance_20-Sep-2026.xlsx",Guidance,30
2026-09-20,guidance [Current by Period],Company,latest guidance per period,Revenue,Actual/Latest,Actual/Latest Date,FY 2023,FY,2023,,2023-12-31,,,text,2/19/2024,date,MXN,"filings/capitaliq/Estimates/Guidance/SPGlobal_GrupoBimbo,S.A.B.deC.V._Guidance_20-Sep-2026.xlsx",Guidance,30
2026-09-20,guidance [Current by Period],Company,latest guidance per period,Revenue,Actual/Latest,Actual/Latest Date,FY 2024,FY,2024,,2024-12-31,,,text,2/27/2025,date,MXN,"filings/capitaliq/Estimates/Guidance/SPGlobal_GrupoBimbo,S.A.B.deC.V._Guidance_20-Sep-2026.xlsx",Guidance,30
2026-09-20,guidance [Current by Period],Company,latest guidance per period,Revenue,Actual/Latest,Actual/Latest Date,FY 2025,FY,2025,,2025-12-31,,,text,2/25/2026,date,MXN,"filings/capitaliq/Estimates/Guidance/SPGlobal_GrupoBimbo,S.A.B.deC.V._Guidance_20-Sep-2026.xlsx",Guidance,30
2026-09-20,guidance [Current by Period],Company,latest guidance per period,Revenue,Actual/Latest,Actual/Latest Date,FY 2026,FY,2026,,2026-12-31,,,text,9/3/2026,date,MXN,"filings/capitaliq/Estimates/Guidance/SPGlobal_GrupoBimbo,S.A.B.deC.V._Guidance_20-Sep-2026.xlsx",Guidance,30
2026-09-20,guidance [Current by Period],Company,latest guidance per period,Revenue,Actual/Latest,Guidance,FY 2020,FY,2020,,2020-12-31,321118600,,,321118600,Mex$000,MXN,"filings/capitaliq/Estimates/Guidance/SPGlobal_GrupoBimbo,S.A.B.deC.V._Guidance_20-Sep-2026.xlsx",Guidance,31
2026-09-20,guidance [Current by Period],Company,latest guidance per period,Revenue,Actual/Latest,Guidance,FY 2021,FY,2021,,2021-12-31,334361510,340982530,range,"334,361,510.00 - 340,982,530.00",Mex$000,MXN,"filings/capitaliq/Estimates/Guidance/SPGlobal_GrupoBimbo,S.A.B.deC.V._Guidance_20-Sep-2026.xlsx",Guidance,31
2026-09-20,guidance [Current by Period],Company,latest guidance per period,Revenue,Actual/Latest,Guidance,FY 2022,FY,2022,,2022-12-31,401220050,415175530,range,"401,220,050.00 - 415,175,530.00",Mex$000,MXN,"filings/capitaliq/Estimates/Guidance/SPGlobal_GrupoBimbo,S.A.B.deC.V._Guidance_20-Sep-2026.xlsx",Guidance,31
2026-09-20,guidance [Current by Period],Company,latest guidance per period,Revenue,Actual/Latest,Guidance,FY 2023,FY,2023,,2023-12-31,402693060,422628360,range,"402,693,060.00 - 422,628,360.00",Mex$000,MXN,"filings/capitaliq/Estimates/Guidance/SPGlobal_GrupoBimbo,S.A.B.deC.V._Guidance_20-Sep-2026.xlsx",Guidance,31
2026-09-20,guidance [Current by Period],Company,latest guidance per period,Revenue,Actual/Latest,Guidance,FY 2024,FY,2024,,2024-12-31,399879000,403877790,range,"399,879,000.00 - 403,877,790.00",Mex$000,MXN,"filings/capitaliq/Estimates/Guidance/SPGlobal_GrupoBimbo,S.A.B.deC.V._Guidance_20-Sep-2026.xlsx",Guidance,31
2026-09-20,guidance [Current by Period],Company,latest guidance per period,Revenue,Actual/Latest,Guidance,FY 2025,FY,2025,,2025-12-31,424668400,432835100,range,"424,668,400.00 - 432,835,100.00",Mex$000,MXN,"filings/capitaliq/Estimates/Guidance/SPGlobal_GrupoBimbo,S.A.B.deC.V._Guidance_20-Sep-2026.xlsx",Guidance,31
2026-09-20,guidance [Current by Period],Company,latest guidance per period,Revenue,Actual/Latest,Guidance,FY 2026,FY,2026,,2026-12-31,414143440,426952000,range,"414,143,440.00 - 426,952,000.00",Mex$000,MXN,"filings/capitaliq/Estimates/Guidance/SPGlobal_GrupoBimbo,S.A.B.deC.V._Guidance_20-Sep-2026.xlsx",Guidance,31
2026-09-20,guidance [Current by Period],Company,latest guidance per period,Revenue,Actual/Latest,Consensus Estimate,FY 2020,FY,2020,,2020-12-31,330126454.42,,,330126454.42,Mex$000,MXN,"filings/capitaliq/Estimates/Guidance/SPGlobal_GrupoBimbo,S.A.B.deC.V._Guidance_20-Sep-2026.xlsx",Guidance,32
2026-09-20,guidance [Current by Period],Company,latest guidance per period,Revenue,Actual/Latest,Consensus Estimate,FY 2021,FY,2021,,2021-12-31,341288849.76,,,341288849.76,Mex$000,MXN,"filings/capitaliq/Estimates/Guidance/SPGlobal_GrupoBimbo,S.A.B.deC.V._Guidance_20-Sep-2026.xlsx",Guidance,32
2026-09-20,guidance [Current by Period],Company,latest guidance per period,Revenue,Actual/Latest,Consensus Estimate,FY 2022,FY,2022,,2022-12-31,401268533.15,,,401268533.15,Mex$000,MXN,"filings/capitaliq/Estimates/Guidance/SPGlobal_GrupoBimbo,S.A.B.deC.V._Guidance_20-Sep-2026.xlsx",Guidance,32
2026-09-20,guidance [Current by Period],Company,latest guidance per period,Revenue,Actual/Latest,Consensus Estimate,FY 2023,FY,2023,,2023-12-31,404788711.54,,,404788711.54,Mex$000,MXN,"filings/capitaliq/Estimates/Guidance/SPGlobal_GrupoBimbo,S.A.B.deC.V._Guidance_20-Sep-2026.xlsx",Guidance,32
2026-09-20,guidance [Current by Period],Company,latest guidance per period,Revenue,Actual/Latest,Consensus Estimate,FY 2024,FY,2024,,2024-12-31,411475048.2,,,411475048.2,Mex$000,MXN,"filings/capitaliq/Estimates/Guidance/SPGlobal_GrupoBimbo,S.A.B.deC.V._Guidance_20-Sep-2026.xlsx",Guidance,32
2026-09-20,guidance [Current by Period],Company,latest guidance per period,Revenue,Actual/Latest,Consensus Estimate,FY 2025,FY,2025,,2025-12-31,427332437.59,,,427332437.59,Mex$000,MXN,"filings/capitaliq/Estimates/Guidance/SPGlobal_GrupoBimbo,S.A.B.deC.V._Guidance_20-Sep-2026.xlsx",Guidance,32
2026-09-20,guidance [Current by Period],Company,latest guidance per period,Revenue,Actual/Latest,Consensus Estimate,FY 2026,FY,2026,,2026-12-31,426274732.54,,,426274732.54,Mex$000,MXN,"filings/capitaliq/Estimates/Guidance/SPGlobal_GrupoBimbo,S.A.B.deC.V._Guidance_20-Sep-2026.xlsx",Guidance,32
2026-09-20,guidance [Current by Period],Company,latest guidance per period,Revenue,Actual/Latest,% Difference,FY 2020,FY,2020,,2020-12-31,2.81,,,2.81,%,MXN,"filings/capitaliq/Estimates/Guidance/SPGlobal_GrupoBimbo,S.A.B.deC.V._Guidance_20-Sep-2026.xlsx",Guidance,33
2026-09-20,guidance [Current by Period],Company,latest guidance per period,Revenue,Actual/Latest,% Difference,FY 2021,FY,2021,,2021-12-31,0.09,,,0.09,%,MXN,"filings/capitaliq/Estimates/Guidance/SPGlobal_GrupoBimbo,S.A.B.deC.V._Guidance_20-Sep-2026.xlsx",Guidance,33
2026-09-20,guidance [Current by Period],Company,latest guidance per period,Revenue,Actual/Latest,% Difference,FY 2022,FY,2022,,2022-12-31,0,,,0,%,MXN,"filings/capitaliq/Estimates/Guidance/SPGlobal_GrupoBimbo,S.A.B.deC.V._Guidance_20-Sep-2026.xlsx",Guidance,33
2026-09-20,guidance [Current by Period],Company,latest guidance per period,Revenue,Actual/Latest,% Difference,FY 2023,FY,2023,,2023-12-31,0,,,0,%,MXN,"filings/capitaliq/Estimates/Guidance/SPGlobal_GrupoBimbo,S.A.B.deC.V._Guidance_20-Sep-2026.xlsx",Guidance,33
2026-09-20,guidance [Current by Period],Company,latest guidance per period,Revenue,Actual/Latest,% Difference,FY 2024,FY,2024,,2024-12-31,1.88,,,1.88,%,MXN,"filings/capitaliq/Estimates/Guidance/SPGlobal_GrupoBimbo,S.A.B.deC.V._Guidance_20-Sep-2026.xlsx",Guidance,33
2026-09-20,guidance [Current by Period],Company,latest guidance per period,Revenue,Actual/Latest,% Difference,FY 2025,FY,2025,,2025-12-31,0,,,0,%,MXN,"filings/capitaliq/Estimates/Guidance/SPGlobal_GrupoBimbo,S.A.B.deC.V._Guidance_20-Sep-2026.xlsx",Guidance,33
2026-09-20,guidance [Current by Period],Company,latest guidance per period,Revenue,Actual/Latest,% Difference,FY 2026,FY,2026,,2026-12-31,0,,,0,%,MXN,"filings/capitaliq/Estimates/Guidance/SPGlobal_GrupoBimbo,S.A.B.deC.V._Guidance_20-Sep-2026.xlsx",Guidance,33
2026-09-20,guidance [Current by Period],Company,latest guidance per period,Revenue,Actual/Latest,Actual,FY 2020,FY,2020,,2020-12-31,331051000,,,331051000,Mex$000,MXN,"filings/capitaliq/Estimates/Guidance/SPGlobal_GrupoBimbo,S.A.B.deC.V._Guidance_20-Sep-2026.xlsx",Guidance,34
2026-09-20,guidance [Current by Period],Company,latest guidance per period,Revenue,Actual/Latest,Actual,FY 2021,FY,2021,,2021-12-31,348887000,,,348887000,Mex$000,MXN,"filings/capitaliq/Estimates/Guidance/SPGlobal_GrupoBimbo,S.A.B.deC.V._Guidance_20-Sep-2026.xlsx",Guidance,34
2026-09-20,guidance [Current by Period],Company,latest guidance per period,Revenue,Actual/Latest,Actual,FY 2022,FY,2022,,2022-12-31,398706000,,,398706000,Mex$000,MXN,"filings/capitaliq/Estimates/Guidance/SPGlobal_GrupoBimbo,S.A.B.deC.V._Guidance_20-Sep-2026.xlsx",Guidance,34
2026-09-20,guidance [Current by Period],Company,latest guidance per period,Revenue,Actual/Latest,Actual,FY 2023,FY,2023,,2023-12-31,399879000,,,399879000,Mex$000,MXN,"filings/capitaliq/Estimates/Guidance/SPGlobal_GrupoBimbo,S.A.B.deC.V._Guidance_20-Sep-2026.xlsx",Guidance,34
2026-09-20,guidance [Current by Period],Company,latest guidance per period,Revenue,Actual/Latest,Actual,FY 2024,FY,2024,,2024-12-31,408335000,,,408335000,Mex$000,MXN,"filings/capitaliq/Estimates/Guidance/SPGlobal_GrupoBimbo,S.A.B.deC.V._Guidance_20-Sep-2026.xlsx",Guidance,34
2026-09-20,guidance [Current by Period],Company,latest guidance per period,Revenue,Actual/Latest,Actual,FY 2025,FY,2025,,2025-12-31,426952000,,,426952000,Mex$000,MXN,"filings/capitaliq/Estimates/Guidance/SPGlobal_GrupoBimbo,S.A.B.deC.V._Guidance_20-Sep-2026.xlsx",Guidance,34
2026-09-20,guidance [Current by Period],Company,latest guidance per period,Revenue,Actual/Latest,% Difference,FY 2020,FY,2020,,2020-12-31,3.09,,,3.09,%,MXN,"filings/capitaliq/Estimates/Guidance/SPGlobal_GrupoBimbo,S.A.B.deC.V._Guidance_20-Sep-2026.xlsx",Guidance,35
2026-09-20,guidance [Current by Period],Company,latest guidance per period,Revenue,Actual/Latest,% Difference,FY 2021,FY,2021,,2021-12-31,2.32,,,2.32,%,MXN,"filings/capitaliq/Estimates/Guidance/SPGlobal_GrupoBimbo,S.A.B.deC.V._Guidance_20-Sep-2026.xlsx",Guidance,35
2026-09-20,guidance [Current by Period],Company,latest guidance per period,Revenue,Actual/Latest,% Difference,FY 2022,FY,2022,,2022-12-31,-0.63,,,-0.63,%,MXN,"filings/capitaliq/Estimates/Guidance/SPGlobal_GrupoBimbo,S.A.B.deC.V._Guidance_20-Sep-2026.xlsx",Guidance,35
2026-09-20,guidance [Current by Period],Company,latest guidance per period,Revenue,Actual/Latest,% Difference,FY 2023,FY,2023,,2023-12-31,-0.7,,,-0.7,%,MXN,"filings/capitaliq/Estimates/Guidance/SPGlobal_GrupoBimbo,S.A.B.deC.V._Guidance_20-Sep-2026.xlsx",Guidance,35
2026-09-20,guidance [Current by Period],Company,latest guidance per period,Revenue,Actual/Latest,% Difference,FY 2024,FY,2024,,2024-12-31,1.1,,,1.1,%,MXN,"filings/capitaliq/Estimates/Guidance/SPGlobal_GrupoBimbo,S.A.B.deC.V._Guidance_20-Sep-2026.xlsx",Guidance,35
2026-09-20,guidance [Current by Period],Company,latest guidance per period,EBITDA,Guidance,Guidance,FY 2020,FY,2020,,2020-12-31,38439900,39776940,range,"38,439,900.00 - 39,776,940.00",Mex$000,MXN,"filings/capitaliq/Estimates/Guidance/SPGlobal_GrupoBimbo,S.A.B.deC.V._Guidance_20-Sep-2026.xlsx",Guidance,37
2026-09-20,guidance [Current by Period],Company,latest guidance per period,EBITDA,Guidance,Guidance,FY 2021,FY,2021,,2021-12-31,48356510,49260370,range,"48,356,510.00 - 49,260,370.00",Mex$000,MXN,"filings/capitaliq/Estimates/Guidance/SPGlobal_GrupoBimbo,S.A.B.deC.V._Guidance_20-Sep-2026.xlsx",Guidance,37
2026-09-20,guidance [Current by Period],Company,latest guidance per period,EBITDA,Guidance,Guidance,FY 2022,FY,2022,,2022-12-31,54095800,,GL,"54,095,800.00 GL",Mex$000,MXN,"filings/capitaliq/Estimates/Guidance/SPGlobal_GrupoBimbo,S.A.B.deC.V._Guidance_20-Sep-2026.xlsx",Guidance,37
2026-09-20,guidance [Current by Period],Company,latest guidance per period,EBITDA,Guidance,Guidance,FY 2023,FY,2023,,2023-12-31,55582800,58255050,range,"55,582,800.00 - 58,255,050.00",Mex$000,MXN,"filings/capitaliq/Estimates/Guidance/SPGlobal_GrupoBimbo,S.A.B.deC.V._Guidance_20-Sep-2026.xlsx",Guidance,37
2026-09-20,guidance [Current by Period],Company,latest guidance per period,EBITDA,Guidance,Guidance,FY 2024,FY,2024,,2024-12-31,55491420,56590260,range,"55,491,420.00 - 56,590,260.00",Mex$000,MXN,"filings/capitaliq/Estimates/Guidance/SPGlobal_GrupoBimbo,S.A.B.deC.V._Guidance_20-Sep-2026.xlsx",Guidance,37
2026-09-20,guidance [Current by Period],Company,latest guidance per period,EBITDA,Guidance,Guidance,FY 2025,FY,2025,,2025-12-31,56028740,58802440,range,"56,028,740.00 - 58,802,440.00",Mex$000,MXN,"filings/capitaliq/Estimates/Guidance/SPGlobal_GrupoBimbo,S.A.B.deC.V._Guidance_20-Sep-2026.xlsx",Guidance,37
2026-09-20,guidance [Current by Period],Company,latest guidance per period,EBITDA,Guidance,Guidance,FY 2026,FY,2026,,2026-12-31,60464942.2,64469752,range,"60,464,942.20 - 64,469,752.00",Mex$000,MXN,"filings/capitaliq/Estimates/Guidance/SPGlobal_GrupoBimbo,S.A.B.deC.V._Guidance_20-Sep-2026.xlsx",Guidance,37
2026-09-20,guidance [Current by Period],Company,latest guidance per period,EBITDA,As Of Guidance,Guidance Date,FY 2020,FY,2020,,2020-12-31,,,text,10/21/2020,date,MXN,"filings/capitaliq/Estimates/Guidance/SPGlobal_GrupoBimbo,S.A.B.deC.V._Guidance_20-Sep-2026.xlsx",Guidance,39
2026-09-20,guidance [Current by Period],Company,latest guidance per period,EBITDA,As Of Guidance,Guidance Date,FY 2021,FY,2021,,2021-12-31,,,text,10/28/2021,date,MXN,"filings/capitaliq/Estimates/Guidance/SPGlobal_GrupoBimbo,S.A.B.deC.V._Guidance_20-Sep-2026.xlsx",Guidance,39
2026-09-20,guidance [Current by Period],Company,latest guidance per period,EBITDA,As Of Guidance,Guidance Date,FY 2022,FY,2022,,2022-12-31,,,text,10/27/2022,date,MXN,"filings/capitaliq/Estimates/Guidance/SPGlobal_GrupoBimbo,S.A.B.deC.V._Guidance_20-Sep-2026.xlsx",Guidance,39
2026-09-20,guidance [Current by Period],Company,latest guidance per period,EBITDA,As Of Guidance,Guidance Date,FY 2023,FY,2023,,2023-12-31,,,text,10/26/2023,date,MXN,"filings/capitaliq/Estimates/Guidance/SPGlobal_GrupoBimbo,S.A.B.deC.V._Guidance_20-Sep-2026.xlsx",Guidance,39
2026-09-20,guidance [Current by Period],Company,latest guidance per period,EBITDA,As Of Guidance,Guidance Date,FY 2024,FY,2024,,2024-12-31,,,text,10/29/2024,date,MXN,"filings/capitaliq/Estimates/Guidance/SPGlobal_GrupoBimbo,S.A.B.deC.V._Guidance_20-Sep-2026.xlsx",Guidance,39
2026-09-20,guidance [Current by Period],Company,latest guidance per period,EBITDA,As Of Guidance,Guidance Date,FY 2025,FY,2025,,2025-12-31,,,text,10/29/2025,date,MXN,"filings/capitaliq/Estimates/Guidance/SPGlobal_GrupoBimbo,S.A.B.deC.V._Guidance_20-Sep-2026.xlsx",Guidance,39
2026-09-20,guidance [Current by Period],Company,latest guidance per period,EBITDA,As Of Guidance,Guidance Date,FY 2026,FY,2026,,2026-12-31,,,text,7/23/2026,date,MXN,"filings/capitaliq/Estimates/Guidance/SPGlobal_GrupoBimbo,S.A.B.deC.V._Guidance_20-Sep-2026.xlsx",Guidance,39
2026-09-20,guidance [Current by Period],Company,latest guidance per period,EBITDA,As Of Guidance,Consensus Estimate,FY 2020,FY,2020,,2020-12-31,43300237.95,,,43300237.95,Mex$000,MXN,"filings/capitaliq/Estimates/Guidance/SPGlobal_GrupoBimbo,S.A.B.deC.V._Guidance_20-Sep-2026.xlsx",Guidance,40
2026-09-20,guidance [Current by Period],Company,latest guidance per period,EBITDA,As Of Guidance,Consensus Estimate,FY 2021,FY,2021,,2021-12-31,47742853.9,,,47742853.9,Mex$000,MXN,"filings/capitaliq/Estimates/Guidance/SPGlobal_GrupoBimbo,S.A.B.deC.V._Guidance_20-Sep-2026.xlsx",Guidance,40
2026-09-20,guidance [Current by Period],Company,latest guidance per period,EBITDA,As Of Guidance,Consensus Estimate,FY 2022,FY,2022,,2022-12-31,53307420.39,,,53307420.39,Mex$000,MXN,"filings/capitaliq/Estimates/Guidance/SPGlobal_GrupoBimbo,S.A.B.deC.V._Guidance_20-Sep-2026.xlsx",Guidance,40
2026-09-20,guidance [Current by Period],Company,latest guidance per period,EBITDA,As Of Guidance,Consensus Estimate,FY 2023,FY,2023,,2023-12-31,57778203.14,,,57778203.14,Mex$000,MXN,"filings/capitaliq/Estimates/Guidance/SPGlobal_GrupoBimbo,S.A.B.deC.V._Guidance_20-Sep-2026.xlsx",Guidance,40
2026-09-20,guidance [Current by Period],Company,latest guidance per period,EBITDA,As Of Guidance,Consensus Estimate,FY 2024,FY,2024,,2024-12-31,56076855.86,,,56076855.86,Mex$000,MXN,"filings/capitaliq/Estimates/Guidance/SPGlobal_GrupoBimbo,S.A.B.deC.V._Guidance_20-Sep-2026.xlsx",Guidance,40
2026-09-20,guidance [Current by Period],Company,latest guidance per period,EBITDA,As Of Guidance,Consensus Estimate,FY 2025,FY,2025,,2025-12-31,59627935.71,,,59627935.71,Mex$000,MXN,"filings/capitaliq/Estimates/Guidance/SPGlobal_GrupoBimbo,S.A.B.deC.V._Guidance_20-Sep-2026.xlsx",Guidance,40
2026-09-20,guidance [Current by Period],Company,latest guidance per period,EBITDA,As Of Guidance,Consensus Estimate,FY 2026,FY,2026,,2026-12-31,62283139.61,,,62283139.61,Mex$000,MXN,"filings/capitaliq/Estimates/Guidance/SPGlobal_GrupoBimbo,S.A.B.deC.V._Guidance_20-Sep-2026.xlsx",Guidance,40
2026-09-20,guidance [Current by Period],Company,latest guidance per period,EBITDA,As Of Guidance,% Difference,FY 2020,FY,2020,,2020-12-31,-8.14,,,-8.14,%,MXN,"filings/capitaliq/Estimates/Guidance/SPGlobal_GrupoBimbo,S.A.B.deC.V._Guidance_20-Sep-2026.xlsx",Guidance,41
2026-09-20,guidance [Current by Period],Company,latest guidance per period,EBITDA,As Of Guidance,% Difference,FY 2021,FY,2021,,2021-12-31,1.29,,,1.29,%,MXN,"filings/capitaliq/Estimates/Guidance/SPGlobal_GrupoBimbo,S.A.B.deC.V._Guidance_20-Sep-2026.xlsx",Guidance,41
2026-09-20,guidance [Current by Period],Company,latest guidance per period,EBITDA,As Of Guidance,% Difference,FY 2022,FY,2022,,2022-12-31,1.48,,,1.48,%,MXN,"filings/capitaliq/Estimates/Guidance/SPGlobal_GrupoBimbo,S.A.B.deC.V._Guidance_20-Sep-2026.xlsx",Guidance,41
2026-09-20,guidance [Current by Period],Company,latest guidance per period,EBITDA,As Of Guidance,% Difference,FY 2023,FY,2023,,2023-12-31,0,,,0,%,MXN,"filings/capitaliq/Estimates/Guidance/SPGlobal_GrupoBimbo,S.A.B.deC.V._Guidance_20-Sep-2026.xlsx",Guidance,41
2026-09-20,guidance [Current by Period],Company,latest guidance per period,EBITDA,As Of Guidance,% Difference,FY 2024,FY,2024,,2024-12-31,0,,,0,%,MXN,"filings/capitaliq/Estimates/Guidance/SPGlobal_GrupoBimbo,S.A.B.deC.V._Guidance_20-Sep-2026.xlsx",Guidance,41
2026-09-20,guidance [Current by Period],Company,latest guidance per period,EBITDA,As Of Guidance,% Difference,FY 2025,FY,2025,,2025-12-31,-1.38,,,-1.38,%,MXN,"filings/capitaliq/Estimates/Guidance/SPGlobal_GrupoBimbo,S.A.B.deC.V._Guidance_20-Sep-2026.xlsx",Guidance,41
2026-09-20,guidance [Current by Period],Company,latest guidance per period,EBITDA,As Of Guidance,% Difference,FY 2026,FY,2026,,2026-12-31,0,,,0,%,MXN,"filings/capitaliq/Estimates/Guidance/SPGlobal_GrupoBimbo,S.A.B.deC.V._Guidance_20-Sep-2026.xlsx",Guidance,41
2026-09-20,guidance [Current by Period],Company,latest guidance per period,EBITDA,As Of Guidance,Days before actual,FY 2020,FY,2020,,2020-12-31,126,,,126,days,MXN,"filings/capitaliq/Estimates/Guidance/SPGlobal_GrupoBimbo,S.A.B.deC.V._Guidance_20-Sep-2026.xlsx",Guidance,42
2026-09-20,guidance [Current by Period],Company,latest guidance per period,EBITDA,As Of Guidance,Days before actual,FY 2021,FY,2021,,2021-12-31,118,,,118,days,MXN,"filings/capitaliq/Estimates/Guidance/SPGlobal_GrupoBimbo,S.A.B.deC.V._Guidance_20-Sep-2026.xlsx",Guidance,42
2026-09-20,guidance [Current by Period],Company,latest guidance per period,EBITDA,As Of Guidance,Days before actual,FY 2022,FY,2022,,2022-12-31,118,,,118,days,MXN,"filings/capitaliq/Estimates/Guidance/SPGlobal_GrupoBimbo,S.A.B.deC.V._Guidance_20-Sep-2026.xlsx",Guidance,42
2026-09-20,guidance [Current by Period],Company,latest guidance per period,EBITDA,As Of Guidance,Days before actual,FY 2023,FY,2023,,2023-12-31,116,,,116,days,MXN,"filings/capitaliq/Estimates/Guidance/SPGlobal_GrupoBimbo,S.A.B.deC.V._Guidance_20-Sep-2026.xlsx",Guidance,42
2026-09-20,guidance [Current by Period],Company,latest guidance per period,EBITDA,As Of Guidance,Days before actual,FY 2024,FY,2024,,2024-12-31,121,,,121,days,MXN,"filings/capitaliq/Estimates/Guidance/SPGlobal_GrupoBimbo,S.A.B.deC.V._Guidance_20-Sep-2026.xlsx",Guidance,42
2026-09-20,guidance [Current by Period],Company,latest guidance per period,EBITDA,As Of Guidance,Days before actual,FY 2025,FY,2025,,2025-12-31,119,,,119,days,MXN,"filings/capitaliq/Estimates/Guidance/SPGlobal_GrupoBimbo,S.A.B.deC.V._Guidance_20-Sep-2026.xlsx",Guidance,42
2026-09-20,guidance [Current by Period],Company,latest guidance per period,EBITDA,As Of Guidance,Days before actual,FY 2026,FY,2026,,2026-12-31,42,,,42,days,MXN,"filings/capitaliq/Estimates/Guidance/SPGlobal_GrupoBimbo,S.A.B.deC.V._Guidance_20-Sep-2026.xlsx",Guidance,42
2026-09-20,guidance [Current by Period],Company,latest guidance per period,EBITDA,Actual/Latest,Actual/Latest Date,FY 2020,FY,2020,,2020-12-31,,,text,2/24/2021,date,MXN,"filings/capitaliq/Estimates/Guidance/SPGlobal_GrupoBimbo,S.A.B.deC.V._Guidance_20-Sep-2026.xlsx",Guidance,44
2026-09-20,guidance [Current by Period],Company,latest guidance per period,EBITDA,Actual/Latest,Actual/Latest Date,FY 2021,FY,2021,,2021-12-31,,,text,2/23/2022,date,MXN,"filings/capitaliq/Estimates/Guidance/SPGlobal_GrupoBimbo,S.A.B.deC.V._Guidance_20-Sep-2026.xlsx",Guidance,44
2026-09-20,guidance [Current by Period],Company,latest guidance per period,EBITDA,Actual/Latest,Actual/Latest Date,FY 2022,FY,2022,,2022-12-31,,,text,2/22/2023,date,MXN,"filings/capitaliq/Estimates/Guidance/SPGlobal_GrupoBimbo,S.A.B.deC.V._Guidance_20-Sep-2026.xlsx",Guidance,44
2026-09-20,guidance [Current by Period],Company,latest guidance per period,EBITDA,Actual/Latest,Actual/Latest Date,FY 2023,FY,2023,,2023-12-31,,,text,2/19/2024,date,MXN,"filings/capitaliq/Estimates/Guidance/SPGlobal_GrupoBimbo,S.A.B.deC.V._Guidance_20-Sep-2026.xlsx",Guidance,44
2026-09-20,guidance [Current by Period],Company,latest guidance per period,EBITDA,Actual/Latest,Actual/Latest Date,FY 2024,FY,2024,,2024-12-31,,,text,2/27/2025,date,MXN,"filings/capitaliq/Estimates/Guidance/SPGlobal_GrupoBimbo,S.A.B.deC.V._Guidance_20-Sep-2026.xlsx",Guidance,44
2026-09-20,guidance [Current by Period],Company,latest guidance per period,EBITDA,Actual/Latest,Actual/Latest Date,FY 2025,FY,2025,,2025-12-31,,,text,2/25/2026,date,MXN,"filings/capitaliq/Estimates/Guidance/SPGlobal_GrupoBimbo,S.A.B.deC.V._Guidance_20-Sep-2026.xlsx",Guidance,44
2026-09-20,guidance [Current by Period],Company,latest guidance per period,EBITDA,Actual/Latest,Actual/Latest Date,FY 2026,FY,2026,,2026-12-31,,,text,9/3/2026,date,MXN,"filings/capitaliq/Estimates/Guidance/SPGlobal_GrupoBimbo,S.A.B.deC.V._Guidance_20-Sep-2026.xlsx",Guidance,44
2026-09-20,guidance [Current by Period],Company,latest guidance per period,EBITDA,Actual/Latest,Guidance,FY 2020,FY,2020,,2020-12-31,38439900,39776940,range,"38,439,900.00 - 39,776,940.00",Mex$000,MXN,"filings/capitaliq/Estimates/Guidance/SPGlobal_GrupoBimbo,S.A.B.deC.V._Guidance_20-Sep-2026.xlsx",Guidance,45
2026-09-20,guidance [Current by Period],Company,latest guidance per period,EBITDA,Actual/Latest,Guidance,FY 2021,FY,2021,,2021-12-31,48356510,49260370,range,"48,356,510.00 - 49,260,370.00",Mex$000,MXN,"filings/capitaliq/Estimates/Guidance/SPGlobal_GrupoBimbo,S.A.B.deC.V._Guidance_20-Sep-2026.xlsx",Guidance,45
2026-09-20,guidance [Current by Period],Company,latest guidance per period,EBITDA,Actual/Latest,Guidance,FY 2022,FY,2022,,2022-12-31,54095800,,GL,"54,095,800.00 GL",Mex$000,MXN,"filings/capitaliq/Estimates/Guidance/SPGlobal_GrupoBimbo,S.A.B.deC.V._Guidance_20-Sep-2026.xlsx",Guidance,45
2026-09-20,guidance [Current by Period],Company,latest guidance per period,EBITDA,Actual/Latest,Guidance,FY 2023,FY,2023,,2023-12-31,55582800,58255050,range,"55,582,800.00 - 58,255,050.00",Mex$000,MXN,"filings/capitaliq/Estimates/Guidance/SPGlobal_GrupoBimbo,S.A.B.deC.V._Guidance_20-Sep-2026.xlsx",Guidance,45
2026-09-20,guidance [Current by Period],Company,latest guidance per period,EBITDA,Actual/Latest,Guidance,FY 2024,FY,2024,,2024-12-31,55491420,56590260,range,"55,491,420.00 - 56,590,260.00",Mex$000,MXN,"filings/capitaliq/Estimates/Guidance/SPGlobal_GrupoBimbo,S.A.B.deC.V._Guidance_20-Sep-2026.xlsx",Guidance,45
2026-09-20,guidance [Current by Period],Company,latest guidance per period,EBITDA,Actual/Latest,Guidance,FY 2025,FY,2025,,2025-12-31,56028740,58802440,range,"56,028,740.00 - 58,802,440.00",Mex$000,MXN,"filings/capitaliq/Estimates/Guidance/SPGlobal_GrupoBimbo,S.A.B.deC.V._Guidance_20-Sep-2026.xlsx",Guidance,45
2026-09-20,guidance [Current by Period],Company,latest guidance per period,EBITDA,Actual/Latest,Guidance,FY 2026,FY,2026,,2026-12-31,60464942.2,64469752,range,"60,464,942.20 - 64,469,752.00",Mex$000,MXN,"filings/capitaliq/Estimates/Guidance/SPGlobal_GrupoBimbo,S.A.B.deC.V._Guidance_20-Sep-2026.xlsx",Guidance,45
2026-09-20,guidance [Current by Period],Company,latest guidance per period,EBITDA,Actual/Latest,Consensus Estimate,FY 2021,FY,2021,,2021-12-31,48910496.1,,,48910496.1,Mex$000,MXN,"filings/capitaliq/Estimates/Guidance/SPGlobal_GrupoBimbo,S.A.B.deC.V._Guidance_20-Sep-2026.xlsx",Guidance,46
2026-09-20,guidance [Current by Period],Company,latest guidance per period,EBITDA,Actual/Latest,Consensus Estimate,FY 2022,FY,2022,,2022-12-31,54158100.81,,,54158100.81,Mex$000,MXN,"filings/capitaliq/Estimates/Guidance/SPGlobal_GrupoBimbo,S.A.B.deC.V._Guidance_20-Sep-2026.xlsx",Guidance,46
2026-09-20,guidance [Current by Period],Company,latest guidance per period,EBITDA,Actual/Latest,Consensus Estimate,FY 2023,FY,2023,,2023-12-31,55765416.95,,,55765416.95,Mex$000,MXN,"filings/capitaliq/Estimates/Guidance/SPGlobal_GrupoBimbo,S.A.B.deC.V._Guidance_20-Sep-2026.xlsx",Guidance,46
2026-09-20,guidance [Current by Period],Company,latest guidance per period,EBITDA,Actual/Latest,Consensus Estimate,FY 2024,FY,2024,,2024-12-31,56370702.42,,,56370702.42,Mex$000,MXN,"filings/capitaliq/Estimates/Guidance/SPGlobal_GrupoBimbo,S.A.B.deC.V._Guidance_20-Sep-2026.xlsx",Guidance,46
2026-09-20,guidance [Current by Period],Company,latest guidance per period,EBITDA,Actual/Latest,Consensus Estimate,FY 2025,FY,2025,,2025-12-31,58498817.24,,,58498817.24,Mex$000,MXN,"filings/capitaliq/Estimates/Guidance/SPGlobal_GrupoBimbo,S.A.B.deC.V._Guidance_20-Sep-2026.xlsx",Guidance,46
2026-09-20,guidance [Current by Period],Company,latest guidance per period,EBITDA,Actual/Latest,Consensus Estimate,FY 2026,FY,2026,,2026-12-31,62116885.73,,,62116885.73,Mex$000,MXN,"filings/capitaliq/Estimates/Guidance/SPGlobal_GrupoBimbo,S.A.B.deC.V._Guidance_20-Sep-2026.xlsx",Guidance,46
2026-09-20,guidance [Current by Period],Company,latest guidance per period,EBITDA,Actual/Latest,% Difference,FY 2020,FY,2020,,2020-12-31,10.31,,,10.31,%,MXN,"filings/capitaliq/Estimates/Guidance/SPGlobal_GrupoBimbo,S.A.B.deC.V._Guidance_20-Sep-2026.xlsx",Guidance,47
2026-09-20,guidance [Current by Period],Company,latest guidance per period,EBITDA,Actual/Latest,% Difference,FY 2021,FY,2021,,2021-12-31,0,,,0,%,MXN,"filings/capitaliq/Estimates/Guidance/SPGlobal_GrupoBimbo,S.A.B.deC.V._Guidance_20-Sep-2026.xlsx",Guidance,47
2026-09-20,guidance [Current by Period],Company,latest guidance per period,EBITDA,Actual/Latest,% Difference,FY 2022,FY,2022,,2022-12-31,0.12,,,0.12,%,MXN,"filings/capitaliq/Estimates/Guidance/SPGlobal_GrupoBimbo,S.A.B.deC.V._Guidance_20-Sep-2026.xlsx",Guidance,47
2026-09-20,guidance [Current by Period],Company,latest guidance per period,EBITDA,Actual/Latest,% Difference,FY 2023,FY,2023,,2023-12-31,0,,,0,%,MXN,"filings/capitaliq/Estimates/Guidance/SPGlobal_GrupoBimbo,S.A.B.deC.V._Guidance_20-Sep-2026.xlsx",Guidance,47
2026-09-20,guidance [Current by Period],Company,latest guidance per period,EBITDA,Actual/Latest,% Difference,FY 2024,FY,2024,,2024-12-31,0,,,0,%,MXN,"filings/capitaliq/Estimates/Guidance/SPGlobal_GrupoBimbo,S.A.B.deC.V._Guidance_20-Sep-2026.xlsx",Guidance,47
2026-09-20,guidance [Current by Period],Company,latest guidance per period,EBITDA,Actual/Latest,% Difference,FY 2025,FY,2025,,2025-12-31,0,,,0,%,MXN,"filings/capitaliq/Estimates/Guidance/SPGlobal_GrupoBimbo,S.A.B.deC.V._Guidance_20-Sep-2026.xlsx",Guidance,47
2026-09-20,guidance [Current by Period],Company,latest guidance per period,EBITDA,Actual/Latest,% Difference,FY 2026,FY,2026,,2026-12-31,0,,,0,%,MXN,"filings/capitaliq/Estimates/Guidance/SPGlobal_GrupoBimbo,S.A.B.deC.V._Guidance_20-Sep-2026.xlsx",Guidance,47
2026-09-20,guidance [Current by Period],Company,latest guidance per period,EBITDA,Actual/Latest,Actual,FY 2020,FY,2020,,2020-12-31,45193000,,,45193000,Mex$000,MXN,"filings/capitaliq/Estimates/Guidance/SPGlobal_GrupoBimbo,S.A.B.deC.V._Guidance_20-Sep-2026.xlsx",Guidance,48
2026-09-20,guidance [Current by Period],Company,latest guidance per period,EBITDA,Actual/Latest,Actual,FY 2021,FY,2021,,2021-12-31,49178000,,,49178000,Mex$000,MXN,"filings/capitaliq/Estimates/Guidance/SPGlobal_GrupoBimbo,S.A.B.deC.V._Guidance_20-Sep-2026.xlsx",Guidance,48
2026-09-20,guidance [Current by Period],Company,latest guidance per period,EBITDA,Actual/Latest,Actual,FY 2022,FY,2022,,2022-12-31,53445000,,,53445000,Mex$000,MXN,"filings/capitaliq/Estimates/Guidance/SPGlobal_GrupoBimbo,S.A.B.deC.V._Guidance_20-Sep-2026.xlsx",Guidance,48
2026-09-20,guidance [Current by Period],Company,latest guidance per period,EBITDA,Actual/Latest,Actual,FY 2023,FY,2023,,2023-12-31,54942000,,,54942000,Mex$000,MXN,"filings/capitaliq/Estimates/Guidance/SPGlobal_GrupoBimbo,S.A.B.deC.V._Guidance_20-Sep-2026.xlsx",Guidance,48
2026-09-20,guidance [Current by Period],Company,latest guidance per period,EBITDA,Actual/Latest,Actual,FY 2024,FY,2024,,2024-12-31,55474000,,,55474000,Mex$000,MXN,"filings/capitaliq/Estimates/Guidance/SPGlobal_GrupoBimbo,S.A.B.deC.V._Guidance_20-Sep-2026.xlsx",Guidance,48
2026-09-20,guidance [Current by Period],Company,latest guidance per period,EBITDA,Actual/Latest,Actual,FY 2025,FY,2025,,2025-12-31,59456000,,,59456000,Mex$000,MXN,"filings/capitaliq/Estimates/Guidance/SPGlobal_GrupoBimbo,S.A.B.deC.V._Guidance_20-Sep-2026.xlsx",Guidance,48
2026-09-20,guidance [Current by Period],Company,latest guidance per period,EBITDA,Actual/Latest,% Difference,FY 2020,FY,2020,,2020-12-31,13.62,,,13.62,%,MXN,"filings/capitaliq/Estimates/Guidance/SPGlobal_GrupoBimbo,S.A.B.deC.V._Guidance_20-Sep-2026.xlsx",Guidance,49
2026-09-20,guidance [Current by Period],Company,latest guidance per period,EBITDA,Actual/Latest,% Difference,FY 2022,FY,2022,,2022-12-31,-1.2,,,-1.2,%,MXN,"filings/capitaliq/Estimates/Guidance/SPGlobal_GrupoBimbo,S.A.B.deC.V._Guidance_20-Sep-2026.xlsx",Guidance,49
2026-09-20,guidance [Current by Period],Company,latest guidance per period,EBITDA,Actual/Latest,% Difference,FY 2023,FY,2023,,2023-12-31,-1.15,,,-1.15,%,MXN,"filings/capitaliq/Estimates/Guidance/SPGlobal_GrupoBimbo,S.A.B.deC.V._Guidance_20-Sep-2026.xlsx",Guidance,49
2026-09-20,guidance [Current by Period],Company,latest guidance per period,EBITDA,Actual/Latest,% Difference,FY 2024,FY,2024,,2024-12-31,-0.03,,,-0.03,%,MXN,"filings/capitaliq/Estimates/Guidance/SPGlobal_GrupoBimbo,S.A.B.deC.V._Guidance_20-Sep-2026.xlsx",Guidance,49
2026-09-20,guidance [Current by Period],Company,latest guidance per period,EBITDA,Actual/Latest,% Difference,FY 2025,FY,2025,,2025-12-31,1.11,,,1.11,%,MXN,"filings/capitaliq/Estimates/Guidance/SPGlobal_GrupoBimbo,S.A.B.deC.V._Guidance_20-Sep-2026.xlsx",Guidance,49
2026-09-20,guidance [Current by Period],Company,latest guidance per period,Effective Tax Rate (%),Guidance,Guidance,FY 2018,FY,2018,,2018-12-31,40.0,43.0,range,40.00 - 43.00,%,MXN,"filings/capitaliq/Estimates/Guidance/SPGlobal_GrupoBimbo,S.A.B.deC.V._Guidance_20-Sep-2026.xlsx",Guidance,51
2026-09-20,guidance [Current by Period],Company,latest guidance per period,Effective Tax Rate (%),Guidance,Guidance,FY 2019,FY,2019,,2019-12-31,40.0,43.0,range,40.00 - 43.00,%,MXN,"filings/capitaliq/Estimates/Guidance/SPGlobal_GrupoBimbo,S.A.B.deC.V._Guidance_20-Sep-2026.xlsx",Guidance,51
2026-09-20,guidance [Current by Period],Company,latest guidance per period,Effective Tax Rate (%),Guidance,Guidance,FY 2020,FY,2020,,2020-12-31,34.0,39.0,range,34.00 - 39.00,%,MXN,"filings/capitaliq/Estimates/Guidance/SPGlobal_GrupoBimbo,S.A.B.deC.V._Guidance_20-Sep-2026.xlsx",Guidance,51
2026-09-20,guidance [Current by Period],Company,latest guidance per period,Effective Tax Rate (%),Guidance,Guidance,FY 2021,FY,2021,,2021-12-31,34.0,39.0,range,34.00 - 39.00,%,MXN,"filings/capitaliq/Estimates/Guidance/SPGlobal_GrupoBimbo,S.A.B.deC.V._Guidance_20-Sep-2026.xlsx",Guidance,51
2026-09-20,guidance [Current by Period],Company,latest guidance per period,Effective Tax Rate (%),Guidance,Guidance,FY 2022,FY,2022,,2022-12-31,30.0,36.0,range,30.00 - 36.00,%,MXN,"filings/capitaliq/Estimates/Guidance/SPGlobal_GrupoBimbo,S.A.B.deC.V._Guidance_20-Sep-2026.xlsx",Guidance,51
2026-09-20,guidance [Current by Period],Company,latest guidance per period,Effective Tax Rate (%),Guidance,Guidance,FY 2023,FY,2023,,2023-12-31,30.0,36.0,range,30.00 - 36.00,%,MXN,"filings/capitaliq/Estimates/Guidance/SPGlobal_GrupoBimbo,S.A.B.deC.V._Guidance_20-Sep-2026.xlsx",Guidance,51
2026-09-20,guidance [Current by Period],Company,latest guidance per period,Effective Tax Rate (%),As Of Guidance,Guidance Date,FY 2018,FY,2018,,2018-12-31,,,text,2/23/2018,%,MXN,"filings/capitaliq/Estimates/Guidance/SPGlobal_GrupoBimbo,S.A.B.deC.V._Guidance_20-Sep-2026.xlsx",Guidance,53
2026-09-20,guidance [Current by Period],Company,latest guidance per period,Effective Tax Rate (%),As Of Guidance,Guidance Date,FY 2019,FY,2019,,2019-12-31,,,text,2/22/2019,%,MXN,"filings/capitaliq/Estimates/Guidance/SPGlobal_GrupoBimbo,S.A.B.deC.V._Guidance_20-Sep-2026.xlsx",Guidance,53
2026-09-20,guidance [Current by Period],Company,latest guidance per period,Effective Tax Rate (%),As Of Guidance,Guidance Date,FY 2020,FY,2020,,2020-12-31,,,text,10/21/2020,%,MXN,"filings/capitaliq/Estimates/Guidance/SPGlobal_GrupoBimbo,S.A.B.deC.V._Guidance_20-Sep-2026.xlsx",Guidance,53
2026-09-20,guidance [Current by Period],Company,latest guidance per period,Effective Tax Rate (%),As Of Guidance,Guidance Date,FY 2021,FY,2021,,2021-12-31,,,text,10/28/2021,%,MXN,"filings/capitaliq/Estimates/Guidance/SPGlobal_GrupoBimbo,S.A.B.deC.V._Guidance_20-Sep-2026.xlsx",Guidance,53
2026-09-20,guidance [Current by Period],Company,latest guidance per period,Effective Tax Rate (%),As Of Guidance,Guidance Date,FY 2022,FY,2022,,2022-12-31,,,text,10/27/2022,%,MXN,"filings/capitaliq/Estimates/Guidance/SPGlobal_GrupoBimbo,S.A.B.deC.V._Guidance_20-Sep-2026.xlsx",Guidance,53
2026-09-20,guidance [Current by Period],Company,latest guidance per period,Effective Tax Rate (%),As Of Guidance,Guidance Date,FY 2023,FY,2023,,2023-12-31,,,text,10/26/2023,%,MXN,"filings/capitaliq/Estimates/Guidance/SPGlobal_GrupoBimbo,S.A.B.deC.V._Guidance_20-Sep-2026.xlsx",Guidance,53
2026-09-20,guidance [Current by Period],Company,latest guidance per period,Effective Tax Rate (%),As Of Guidance,Consensus Estimate,FY 2020,FY,2020,,2020-12-31,39.4,,,39.4,%,MXN,"filings/capitaliq/Estimates/Guidance/SPGlobal_GrupoBimbo,S.A.B.deC.V._Guidance_20-Sep-2026.xlsx",Guidance,54
2026-09-20,guidance [Current by Period],Company,latest guidance per period,Effective Tax Rate (%),As Of Guidance,% Difference,FY 2020,FY,2020,,2020-12-31,-1.02,,,-1.02,%,MXN,"filings/capitaliq/Estimates/Guidance/SPGlobal_GrupoBimbo,S.A.B.deC.V._Guidance_20-Sep-2026.xlsx",Guidance,55
2026-09-20,guidance [Current by Period],Company,latest guidance per period,Effective Tax Rate (%),As Of Guidance,Days before actual,FY 2018,FY,2018,,2018-12-31,363,,,363,%,MXN,"filings/capitaliq/Estimates/Guidance/SPGlobal_GrupoBimbo,S.A.B.deC.V._Guidance_20-Sep-2026.xlsx",Guidance,56
2026-09-20,guidance [Current by Period],Company,latest guidance per period,Effective Tax Rate (%),As Of Guidance,Days before actual,FY 2019,FY,2019,,2019-12-31,363,,,363,%,MXN,"filings/capitaliq/Estimates/Guidance/SPGlobal_GrupoBimbo,S.A.B.deC.V._Guidance_20-Sep-2026.xlsx",Guidance,56
2026-09-20,guidance [Current by Period],Company,latest guidance per period,Effective Tax Rate (%),As Of Guidance,Days before actual,FY 2020,FY,2020,,2020-12-31,126,,,126,%,MXN,"filings/capitaliq/Estimates/Guidance/SPGlobal_GrupoBimbo,S.A.B.deC.V._Guidance_20-Sep-2026.xlsx",Guidance,56
2026-09-20,guidance [Current by Period],Company,latest guidance per period,Effective Tax Rate (%),As Of Guidance,Days before actual,FY 2021,FY,2021,,2021-12-31,117,,,117,%,MXN,"filings/capitaliq/Estimates/Guidance/SPGlobal_GrupoBimbo,S.A.B.deC.V._Guidance_20-Sep-2026.xlsx",Guidance,56
2026-09-20,guidance [Current by Period],Company,latest guidance per period,Effective Tax Rate (%),As Of Guidance,Days before actual,FY 2022,FY,2022,,2022-12-31,214,,,214,%,MXN,"filings/capitaliq/Estimates/Guidance/SPGlobal_GrupoBimbo,S.A.B.deC.V._Guidance_20-Sep-2026.xlsx",Guidance,56
2026-09-20,guidance [Current by Period],Company,latest guidance per period,Effective Tax Rate (%),As Of Guidance,Days before actual,FY 2023,FY,2023,,2023-12-31,116,,,116,%,MXN,"filings/capitaliq/Estimates/Guidance/SPGlobal_GrupoBimbo,S.A.B.deC.V._Guidance_20-Sep-2026.xlsx",Guidance,56
2026-09-20,guidance [Current by Period],Company,latest guidance per period,Effective Tax Rate (%),Actual/Latest,Actual/Latest Date,FY 2018,FY,2018,,2018-12-31,,,text,2/21/2019,%,MXN,"filings/capitaliq/Estimates/Guidance/SPGlobal_GrupoBimbo,S.A.B.deC.V._Guidance_20-Sep-2026.xlsx",Guidance,58
2026-09-20,guidance [Current by Period],Company,latest guidance per period,Effective Tax Rate (%),Actual/Latest,Actual/Latest Date,FY 2019,FY,2019,,2019-12-31,,,text,2/20/2020,%,MXN,"filings/capitaliq/Estimates/Guidance/SPGlobal_GrupoBimbo,S.A.B.deC.V._Guidance_20-Sep-2026.xlsx",Guidance,58
2026-09-20,guidance [Current by Period],Company,latest guidance per period,Effective Tax Rate (%),Actual/Latest,Actual/Latest Date,FY 2020,FY,2020,,2020-12-31,,,text,2/24/2021,%,MXN,"filings/capitaliq/Estimates/Guidance/SPGlobal_GrupoBimbo,S.A.B.deC.V._Guidance_20-Sep-2026.xlsx",Guidance,58
2026-09-20,guidance [Current by Period],Company,latest guidance per period,Effective Tax Rate (%),Actual/Latest,Actual/Latest Date,FY 2021,FY,2021,,2021-12-31,,,text,2/22/2022,%,MXN,"filings/capitaliq/Estimates/Guidance/SPGlobal_GrupoBimbo,S.A.B.deC.V._Guidance_20-Sep-2026.xlsx",Guidance,58
2026-09-20,guidance [Current by Period],Company,latest guidance per period,Effective Tax Rate (%),Actual/Latest,Actual/Latest Date,FY 2022,FY,2022,,2022-12-31,,,text,5/29/2023,%,MXN,"filings/capitaliq/Estimates/Guidance/SPGlobal_GrupoBimbo,S.A.B.deC.V._Guidance_20-Sep-2026.xlsx",Guidance,58
2026-09-20,guidance [Current by Period],Company,latest guidance per period,Effective Tax Rate (%),Actual/Latest,Actual/Latest Date,FY 2023,FY,2023,,2023-12-31,,,text,2/19/2024,%,MXN,"filings/capitaliq/Estimates/Guidance/SPGlobal_GrupoBimbo,S.A.B.deC.V._Guidance_20-Sep-2026.xlsx",Guidance,58
2026-09-20,guidance [Current by Period],Company,latest guidance per period,Effective Tax Rate (%),Actual/Latest,Guidance,FY 2018,FY,2018,,2018-12-31,40.0,43.0,range,40.00 - 43.00,%,MXN,"filings/capitaliq/Estimates/Guidance/SPGlobal_GrupoBimbo,S.A.B.deC.V._Guidance_20-Sep-2026.xlsx",Guidance,59
2026-09-20,guidance [Current by Period],Company,latest guidance per period,Effective Tax Rate (%),Actual/Latest,Guidance,FY 2019,FY,2019,,2019-12-31,40.0,43.0,range,40.00 - 43.00,%,MXN,"filings/capitaliq/Estimates/Guidance/SPGlobal_GrupoBimbo,S.A.B.deC.V._Guidance_20-Sep-2026.xlsx",Guidance,59
2026-09-20,guidance [Current by Period],Company,latest guidance per period,Effective Tax Rate (%),Actual/Latest,Guidance,FY 2020,FY,2020,,2020-12-31,34.0,39.0,range,34.00 - 39.00,%,MXN,"filings/capitaliq/Estimates/Guidance/SPGlobal_GrupoBimbo,S.A.B.deC.V._Guidance_20-Sep-2026.xlsx",Guidance,59
2026-09-20,guidance [Current by Period],Company,latest guidance per period,Effective Tax Rate (%),Actual/Latest,Guidance,FY 2021,FY,2021,,2021-12-31,34.0,39.0,range,34.00 - 39.00,%,MXN,"filings/capitaliq/Estimates/Guidance/SPGlobal_GrupoBimbo,S.A.B.deC.V._Guidance_20-Sep-2026.xlsx",Guidance,59
2026-09-20,guidance [Current by Period],Company,latest guidance per period,Effective Tax Rate (%),Actual/Latest,Guidance,FY 2022,FY,2022,,2022-12-31,30.0,36.0,range,30.00 - 36.00,%,MXN,"filings/capitaliq/Estimates/Guidance/SPGlobal_GrupoBimbo,S.A.B.deC.V._Guidance_20-Sep-2026.xlsx",Guidance,59
2026-09-20,guidance [Current by Period],Company,latest guidance per period,Effective Tax Rate (%),Actual/Latest,Guidance,FY 2023,FY,2023,,2023-12-31,30.0,36.0,range,30.00 - 36.00,%,MXN,"filings/capitaliq/Estimates/Guidance/SPGlobal_GrupoBimbo,S.A.B.deC.V._Guidance_20-Sep-2026.xlsx",Guidance,59
2026-09-20,guidance [Current by Period],Company,latest guidance per period,Effective Tax Rate (%),Actual/Latest,Consensus Estimate,FY 2018,FY,2018,,2018-12-31,39.75,,,39.75,%,MXN,"filings/capitaliq/Estimates/Guidance/SPGlobal_GrupoBimbo,S.A.B.deC.V._Guidance_20-Sep-2026.xlsx",Guidance,60
2026-09-20,guidance [Current by Period],Company,latest guidance per period,Effective Tax Rate (%),Actual/Latest,Consensus Estimate,FY 2019,FY,2019,,2019-12-31,40,,,40,%,MXN,"filings/capitaliq/Estimates/Guidance/SPGlobal_GrupoBimbo,S.A.B.deC.V._Guidance_20-Sep-2026.xlsx",Guidance,60
2026-09-20,guidance [Current by Period],Company,latest guidance per period,Effective Tax Rate (%),Actual/Latest,Consensus Estimate,FY 2020,FY,2020,,2020-12-31,38.5,,,38.5,%,MXN,"filings/capitaliq/Estimates/Guidance/SPGlobal_GrupoBimbo,S.A.B.deC.V._Guidance_20-Sep-2026.xlsx",Guidance,60
2026-09-20,guidance [Current by Period],Company,latest guidance per period,Effective Tax Rate (%),Actual/Latest,Consensus Estimate,FY 2021,FY,2021,,2021-12-31,35.9,,,35.9,%,MXN,"filings/capitaliq/Estimates/Guidance/SPGlobal_GrupoBimbo,S.A.B.deC.V._Guidance_20-Sep-2026.xlsx",Guidance,60
2026-09-20,guidance [Current by Period],Company,latest guidance per period,Effective Tax Rate (%),Actual/Latest,Consensus Estimate,FY 2022,FY,2022,,2022-12-31,32.45,,,32.45,%,MXN,"filings/capitaliq/Estimates/Guidance/SPGlobal_GrupoBimbo,S.A.B.deC.V._Guidance_20-Sep-2026.xlsx",Guidance,60
2026-09-20,guidance [Current by Period],Company,latest guidance per period,Effective Tax Rate (%),Actual/Latest,Consensus Estimate,FY 2023,FY,2023,,2023-12-31,32.7,,,32.7,%,MXN,"filings/capitaliq/Estimates/Guidance/SPGlobal_GrupoBimbo,S.A.B.deC.V._Guidance_20-Sep-2026.xlsx",Guidance,60
2026-09-20,guidance [Current by Period],Company,latest guidance per period,Effective Tax Rate (%),Actual/Latest,% Difference,FY 2018,FY,2018,,2018-12-31,-0.63,,,-0.63,%,MXN,"filings/capitaliq/Estimates/Guidance/SPGlobal_GrupoBimbo,S.A.B.deC.V._Guidance_20-Sep-2026.xlsx",Guidance,61
2026-09-20,guidance [Current by Period],Company,latest guidance per period,Effective Tax Rate (%),Actual/Latest,% Difference,FY 2019,FY,2019,,2019-12-31,0,,,0,%,MXN,"filings/capitaliq/Estimates/Guidance/SPGlobal_GrupoBimbo,S.A.B.deC.V._Guidance_20-Sep-2026.xlsx",Guidance,61
2026-09-20,guidance [Current by Period],Company,latest guidance per period,Effective Tax Rate (%),Actual/Latest,% Difference,FY 2020,FY,2020,,2020-12-31,0,,,0,%,MXN,"filings/capitaliq/Estimates/Guidance/SPGlobal_GrupoBimbo,S.A.B.deC.V._Guidance_20-Sep-2026.xlsx",Guidance,61
2026-09-20,guidance [Current by Period],Company,latest guidance per period,Effective Tax Rate (%),Actual/Latest,% Difference,FY 2021,FY,2021,,2021-12-31,0,,,0,%,MXN,"filings/capitaliq/Estimates/Guidance/SPGlobal_GrupoBimbo,S.A.B.deC.V._Guidance_20-Sep-2026.xlsx",Guidance,61
2026-09-20,guidance [Current by Period],Company,latest guidance per period,Effective Tax Rate (%),Actual/Latest,% Difference,FY 2022,FY,2022,,2022-12-31,0,,,0,%,MXN,"filings/capitaliq/Estimates/Guidance/SPGlobal_GrupoBimbo,S.A.B.deC.V._Guidance_20-Sep-2026.xlsx",Guidance,61
2026-09-20,guidance [Current by Period],Company,latest guidance per period,Effective Tax Rate (%),Actual/Latest,% Difference,FY 2023,FY,2023,,2023-12-31,0,,,0,%,MXN,"filings/capitaliq/Estimates/Guidance/SPGlobal_GrupoBimbo,S.A.B.deC.V._Guidance_20-Sep-2026.xlsx",Guidance,61
2026-09-20,guidance [Current by Period],Company,latest guidance per period,Effective Tax Rate (%),Actual/Latest,Actual,FY 2018,FY,2018,,2018-12-31,41.83,,,41.83,%,MXN,"filings/capitaliq/Estimates/Guidance/SPGlobal_GrupoBimbo,S.A.B.deC.V._Guidance_20-Sep-2026.xlsx",Guidance,62
2026-09-20,guidance [Current by Period],Company,latest guidance per period,Effective Tax Rate (%),Actual/Latest,Actual,FY 2019,FY,2019,,2019-12-31,39.09,,,39.09,%,MXN,"filings/capitaliq/Estimates/Guidance/SPGlobal_GrupoBimbo,S.A.B.deC.V._Guidance_20-Sep-2026.xlsx",Guidance,62
2026-09-20,guidance [Current by Period],Company,latest guidance per period,Effective Tax Rate (%),Actual/Latest,Actual,FY 2020,FY,2020,,2020-12-31,36.99,,,36.99,%,MXN,"filings/capitaliq/Estimates/Guidance/SPGlobal_GrupoBimbo,S.A.B.deC.V._Guidance_20-Sep-2026.xlsx",Guidance,62
2026-09-20,guidance [Current by Period],Company,latest guidance per period,Effective Tax Rate (%),Actual/Latest,Actual,FY 2021,FY,2021,,2021-12-31,34.04,,,34.04,%,MXN,"filings/capitaliq/Estimates/Guidance/SPGlobal_GrupoBimbo,S.A.B.deC.V._Guidance_20-Sep-2026.xlsx",Guidance,62
2026-09-20,guidance [Current by Period],Company,latest guidance per period,Effective Tax Rate (%),Actual/Latest,Actual,FY 2022,FY,2022,,2022-12-31,31.35,,,31.35,%,MXN,"filings/capitaliq/Estimates/Guidance/SPGlobal_GrupoBimbo,S.A.B.deC.V._Guidance_20-Sep-2026.xlsx",Guidance,62
2026-09-20,guidance [Current by Period],Company,latest guidance per period,Effective Tax Rate (%),Actual/Latest,Actual,FY 2023,FY,2023,,2023-12-31,33.11,,,33.11,%,MXN,"filings/capitaliq/Estimates/Guidance/SPGlobal_GrupoBimbo,S.A.B.deC.V._Guidance_20-Sep-2026.xlsx",Guidance,62
2026-09-20,guidance [Current by Period],Company,latest guidance per period,Effective Tax Rate (%),Actual/Latest,% Difference,FY 2019,FY,2019,,2019-12-31,-2.28,,,-2.28,%,MXN,"filings/capitaliq/Estimates/Guidance/SPGlobal_GrupoBimbo,S.A.B.deC.V._Guidance_20-Sep-2026.xlsx",Guidance,63
2026-09-20,guidance [Current by Period],Company,latest guidance per period,Effective Tax Rate (%),Actual/Latest,% Difference,FY 2020,FY,2020,,2020-12-31,-5.15,,,-5.15,%,MXN,"filings/capitaliq/Estimates/Guidance/SPGlobal_GrupoBimbo,S.A.B.deC.V._Guidance_20-Sep-2026.xlsx",Guidance,63
2026-09-20,guidance [Current by Period],Company,latest guidance per period,Capital Expenditures,Guidance,Guidance,FY 2012,FY,2012,,2012-12-31,10001550,,,10001550,Mex$000,MXN,"filings/capitaliq/Estimates/Guidance/SPGlobal_GrupoBimbo,S.A.B.deC.V._Guidance_20-Sep-2026.xlsx",Guidance,65
2026-09-20,guidance [Current by Period],Company,latest guidance per period,Capital Expenditures,Guidance,Guidance,FY 2018,FY,2018,,2018-12-31,14857200,15785775,range,"14,857,200.00 - 15,785,775.00",Mex$000,MXN,"filings/capitaliq/Estimates/Guidance/SPGlobal_GrupoBimbo,S.A.B.deC.V._Guidance_20-Sep-2026.xlsx",Guidance,65
2026-09-20,guidance [Current by Period],Company,latest guidance per period,Capital Expenditures,Guidance,Guidance,FY 2019,FY,2019,,2019-12-31,13343540,,,13343540,Mex$000,MXN,"filings/capitaliq/Estimates/Guidance/SPGlobal_GrupoBimbo,S.A.B.deC.V._Guidance_20-Sep-2026.xlsx",Guidance,65
2026-09-20,guidance [Current by Period],Company,latest guidance per period,Capital Expenditures,Guidance,Guidance,FY 2020,FY,2020,,2020-12-31,11594880,12648960,range,"11,594,880.00 - 12,648,960.00",Mex$000,MXN,"filings/capitaliq/Estimates/Guidance/SPGlobal_GrupoBimbo,S.A.B.deC.V._Guidance_20-Sep-2026.xlsx",Guidance,65
2026-09-20,guidance [Current by Period],Company,latest guidance per period,Capital Expenditures,Guidance,Guidance,FY 2021,FY,2021,,2021-12-31,18294300,20327000,range,"18,294,300.00 - 20,327,000.00",Mex$000,MXN,"filings/capitaliq/Estimates/Guidance/SPGlobal_GrupoBimbo,S.A.B.deC.V._Guidance_20-Sep-2026.xlsx",Guidance,65
2026-09-20,guidance [Current by Period],Company,latest guidance per period,Capital Expenditures,Guidance,Guidance,FY 2022,FY,2022,,2022-12-31,25769380,,,25769380,Mex$000,MXN,"filings/capitaliq/Estimates/Guidance/SPGlobal_GrupoBimbo,S.A.B.deC.V._Guidance_20-Sep-2026.xlsx",Guidance,65
2026-09-20,guidance [Current by Period],Company,latest guidance per period,Capital Expenditures,Guidance,Guidance,FY 2023,FY,2023,,2023-12-31,30988110,36456600,range,"30,988,110.00 - 36,456,600.00",Mex$000,MXN,"filings/capitaliq/Estimates/Guidance/SPGlobal_GrupoBimbo,S.A.B.deC.V._Guidance_20-Sep-2026.xlsx",Guidance,65
2026-09-20,guidance [Current by Period],Company,latest guidance per period,Capital Expenditures,Guidance,Guidance,FY 2024,FY,2024,,2024-12-31,36007740,,,36007740,Mex$000,MXN,"filings/capitaliq/Estimates/Guidance/SPGlobal_GrupoBimbo,S.A.B.deC.V._Guidance_20-Sep-2026.xlsx",Guidance,65
2026-09-20,guidance [Current by Period],Company,latest guidance per period,Capital Expenditures,Guidance,Guidance,FY 2025,FY,2025,,2025-12-31,23918960,25758880,range,"23,918,960.00 - 25,758,880.00",Mex$000,MXN,"filings/capitaliq/Estimates/Guidance/SPGlobal_GrupoBimbo,S.A.B.deC.V._Guidance_20-Sep-2026.xlsx",Guidance,65
2026-09-20,guidance [Current by Period],Company,latest guidance per period,Capital Expenditures,Guidance,Guidance,FY 2026,FY,2026,,2026-12-31,17519700,21023640,range,"17,519,700.00 - 21,023,640.00",Mex$000,MXN,"filings/capitaliq/Estimates/Guidance/SPGlobal_GrupoBimbo,S.A.B.deC.V._Guidance_20-Sep-2026.xlsx",Guidance,65
2026-09-20,guidance [Current by Period],Company,latest guidance per period,Capital Expenditures,As Of Guidance,Guidance Date,FY 2012,FY,2012,,2012-12-31,,,text,2/23/2012,date,MXN,"filings/capitaliq/Estimates/Guidance/SPGlobal_GrupoBimbo,S.A.B.deC.V._Guidance_20-Sep-2026.xlsx",Guidance,67
2026-09-20,guidance [Current by Period],Company,latest guidance per period,Capital Expenditures,As Of Guidance,Guidance Date,FY 2018,FY,2018,,2018-12-31,,,text,2/23/2018,date,MXN,"filings/capitaliq/Estimates/Guidance/SPGlobal_GrupoBimbo,S.A.B.deC.V._Guidance_20-Sep-2026.xlsx",Guidance,67
2026-09-20,guidance [Current by Period],Company,latest guidance per period,Capital Expenditures,As Of Guidance,Guidance Date,FY 2019,FY,2019,,2019-12-31,,,text,10/25/2019,date,MXN,"filings/capitaliq/Estimates/Guidance/SPGlobal_GrupoBimbo,S.A.B.deC.V._Guidance_20-Sep-2026.xlsx",Guidance,67
2026-09-20,guidance [Current by Period],Company,latest guidance per period,Capital Expenditures,As Of Guidance,Guidance Date,FY 2020,FY,2020,,2020-12-31,,,text,10/21/2020,date,MXN,"filings/capitaliq/Estimates/Guidance/SPGlobal_GrupoBimbo,S.A.B.deC.V._Guidance_20-Sep-2026.xlsx",Guidance,67
2026-09-20,guidance [Current by Period],Company,latest guidance per period,Capital Expenditures,As Of Guidance,Guidance Date,FY 2021,FY,2021,,2021-12-31,,,text,10/28/2021,date,MXN,"filings/capitaliq/Estimates/Guidance/SPGlobal_GrupoBimbo,S.A.B.deC.V._Guidance_20-Sep-2026.xlsx",Guidance,67
2026-09-20,guidance [Current by Period],Company,latest guidance per period,Capital Expenditures,As Of Guidance,Guidance Date,FY 2022,FY,2022,,2022-12-31,,,text,10/27/2022,date,MXN,"filings/capitaliq/Estimates/Guidance/SPGlobal_GrupoBimbo,S.A.B.deC.V._Guidance_20-Sep-2026.xlsx",Guidance,67
2026-09-20,guidance [Current by Period],Company,latest guidance per period,Capital Expenditures,As Of Guidance,Guidance Date,FY 2023,FY,2023,,2023-12-31,,,text,10/26/2023,date,MXN,"filings/capitaliq/Estimates/Guidance/SPGlobal_GrupoBimbo,S.A.B.deC.V._Guidance_20-Sep-2026.xlsx",Guidance,67
2026-09-20,guidance [Current by Period],Company,latest guidance per period,Capital Expenditures,As Of Guidance,Guidance Date,FY 2024,FY,2024,,2024-12-31,,,text,10/29/2024,date,MXN,"filings/capitaliq/Estimates/Guidance/SPGlobal_GrupoBimbo,S.A.B.deC.V._Guidance_20-Sep-2026.xlsx",Guidance,67
2026-09-20,guidance [Current by Period],Company,latest guidance per period,Capital Expenditures,As Of Guidance,Guidance Date,FY 2025,FY,2025,,2025-12-31,,,text,10/29/2025,date,MXN,"filings/capitaliq/Estimates/Guidance/SPGlobal_GrupoBimbo,S.A.B.deC.V._Guidance_20-Sep-2026.xlsx",Guidance,67
2026-09-20,guidance [Current by Period],Company,latest guidance per period,Capital Expenditures,As Of Guidance,Guidance Date,FY 2026,FY,2026,,2026-12-31,,,text,7/23/2026,date,MXN,"filings/capitaliq/Estimates/Guidance/SPGlobal_GrupoBimbo,S.A.B.deC.V._Guidance_20-Sep-2026.xlsx",Guidance,67
2026-09-20,guidance [Current by Period],Company,latest guidance per period,Capital Expenditures,As Of Guidance,Consensus Estimate,FY 2012,FY,2012,,2012-12-31,7002316,,,7002316,Mex$000,MXN,"filings/capitaliq/Estimates/Guidance/SPGlobal_GrupoBimbo,S.A.B.deC.V._Guidance_20-Sep-2026.xlsx",Guidance,68
2026-09-20,guidance [Current by Period],Company,latest guidance per period,Capital Expenditures,As Of Guidance,Consensus Estimate,FY 2018,FY,2018,,2018-12-31,10884000,,,10884000,Mex$000,MXN,"filings/capitaliq/Estimates/Guidance/SPGlobal_GrupoBimbo,S.A.B.deC.V._Guidance_20-Sep-2026.xlsx",Guidance,68
2026-09-20,guidance [Current by Period],Company,latest guidance per period,Capital Expenditures,As Of Guidance,Consensus Estimate,FY 2019,FY,2019,,2019-12-31,14495467.04,,,14495467.04,Mex$000,MXN,"filings/capitaliq/Estimates/Guidance/SPGlobal_GrupoBimbo,S.A.B.deC.V._Guidance_20-Sep-2026.xlsx",Guidance,68
2026-09-20,guidance [Current by Period],Company,latest guidance per period,Capital Expenditures,As Of Guidance,Consensus Estimate,FY 2020,FY,2020,,2020-12-31,15172333.33,,,15172333.33,Mex$000,MXN,"filings/capitaliq/Estimates/Guidance/SPGlobal_GrupoBimbo,S.A.B.deC.V._Guidance_20-Sep-2026.xlsx",Guidance,68
2026-09-20,guidance [Current by Period],Company,latest guidance per period,Capital Expenditures,As Of Guidance,Consensus Estimate,FY 2021,FY,2021,,2021-12-31,19595934.9,,,19595934.9,Mex$000,MXN,"filings/capitaliq/Estimates/Guidance/SPGlobal_GrupoBimbo,S.A.B.deC.V._Guidance_20-Sep-2026.xlsx",Guidance,68
2026-09-20,guidance [Current by Period],Company,latest guidance per period,Capital Expenditures,As Of Guidance,Consensus Estimate,FY 2022,FY,2022,,2022-12-31,28304318.62,,,28304318.62,Mex$000,MXN,"filings/capitaliq/Estimates/Guidance/SPGlobal_GrupoBimbo,S.A.B.deC.V._Guidance_20-Sep-2026.xlsx",Guidance,68
2026-09-20,guidance [Current by Period],Company,latest guidance per period,Capital Expenditures,As Of Guidance,Consensus Estimate,FY 2023,FY,2023,,2023-12-31,32622294.86,,,32622294.86,Mex$000,MXN,"filings/capitaliq/Estimates/Guidance/SPGlobal_GrupoBimbo,S.A.B.deC.V._Guidance_20-Sep-2026.xlsx",Guidance,68
2026-09-20,guidance [Current by Period],Company,latest guidance per period,Capital Expenditures,As Of Guidance,Consensus Estimate,FY 2024,FY,2024,,2024-12-31,32246062.97,,,32246062.97,Mex$000,MXN,"filings/capitaliq/Estimates/Guidance/SPGlobal_GrupoBimbo,S.A.B.deC.V._Guidance_20-Sep-2026.xlsx",Guidance,68
2026-09-20,guidance [Current by Period],Company,latest guidance per period,Capital Expenditures,As Of Guidance,Consensus Estimate,FY 2025,FY,2025,,2025-12-31,27367918.6,,,27367918.6,Mex$000,MXN,"filings/capitaliq/Estimates/Guidance/SPGlobal_GrupoBimbo,S.A.B.deC.V._Guidance_20-Sep-2026.xlsx",Guidance,68
2026-09-20,guidance [Current by Period],Company,latest guidance per period,Capital Expenditures,As Of Guidance,Consensus Estimate,FY 2026,FY,2026,,2026-12-31,22395456.95,,,22395456.95,Mex$000,MXN,"filings/capitaliq/Estimates/Guidance/SPGlobal_GrupoBimbo,S.A.B.deC.V._Guidance_20-Sep-2026.xlsx",Guidance,68
2026-09-20,guidance [Current by Period],Company,latest guidance per period,Capital Expenditures,As Of Guidance,% Difference,FY 2012,FY,2012,,2012-12-31,42.83,,,42.83,%,MXN,"filings/capitaliq/Estimates/Guidance/SPGlobal_GrupoBimbo,S.A.B.deC.V._Guidance_20-Sep-2026.xlsx",Guidance,69
2026-09-20,guidance [Current by Period],Company,latest guidance per period,Capital Expenditures,As Of Guidance,% Difference,FY 2018,FY,2018,,2018-12-31,36.5,,,36.5,%,MXN,"filings/capitaliq/Estimates/Guidance/SPGlobal_GrupoBimbo,S.A.B.deC.V._Guidance_20-Sep-2026.xlsx",Guidance,69
2026-09-20,guidance [Current by Period],Company,latest guidance per period,Capital Expenditures,As Of Guidance,% Difference,FY 2019,FY,2019,,2019-12-31,-7.95,,,-7.95,%,MXN,"filings/capitaliq/Estimates/Guidance/SPGlobal_GrupoBimbo,S.A.B.deC.V._Guidance_20-Sep-2026.xlsx",Guidance,69
2026-09-20,guidance [Current by Period],Company,latest guidance per period,Capital Expenditures,As Of Guidance,% Difference,FY 2020,FY,2020,,2020-12-31,-16.63,,,-16.63,%,MXN,"filings/capitaliq/Estimates/Guidance/SPGlobal_GrupoBimbo,S.A.B.deC.V._Guidance_20-Sep-2026.xlsx",Guidance,69
2026-09-20,guidance [Current by Period],Company,latest guidance per period,Capital Expenditures,As Of Guidance,% Difference,FY 2021,FY,2021,,2021-12-31,0,,,0,%,MXN,"filings/capitaliq/Estimates/Guidance/SPGlobal_GrupoBimbo,S.A.B.deC.V._Guidance_20-Sep-2026.xlsx",Guidance,69
2026-09-20,guidance [Current by Period],Company,latest guidance per period,Capital Expenditures,As Of Guidance,% Difference,FY 2022,FY,2022,,2022-12-31,-8.96,,,-8.96,%,MXN,"filings/capitaliq/Estimates/Guidance/SPGlobal_GrupoBimbo,S.A.B.deC.V._Guidance_20-Sep-2026.xlsx",Guidance,69
2026-09-20,guidance [Current by Period],Company,latest guidance per period,Capital Expenditures,As Of Guidance,% Difference,FY 2023,FY,2023,,2023-12-31,0,,,0,%,MXN,"filings/capitaliq/Estimates/Guidance/SPGlobal_GrupoBimbo,S.A.B.deC.V._Guidance_20-Sep-2026.xlsx",Guidance,69
2026-09-20,guidance [Current by Period],Company,latest guidance per period,Capital Expenditures,As Of Guidance,% Difference,FY 2024,FY,2024,,2024-12-31,11.67,,,11.67,%,MXN,"filings/capitaliq/Estimates/Guidance/SPGlobal_GrupoBimbo,S.A.B.deC.V._Guidance_20-Sep-2026.xlsx",Guidance,69
2026-09-20,guidance [Current by Period],Company,latest guidance per period,Capital Expenditures,As Of Guidance,% Difference,FY 2025,FY,2025,,2025-12-31,-5.88,,,-5.88,%,MXN,"filings/capitaliq/Estimates/Guidance/SPGlobal_GrupoBimbo,S.A.B.deC.V._Guidance_20-Sep-2026.xlsx",Guidance,69
2026-09-20,guidance [Current by Period],Company,latest guidance per period,Capital Expenditures,As Of Guidance,% Difference,FY 2026,FY,2026,,2026-12-31,-6.13,,,-6.13,%,MXN,"filings/capitaliq/Estimates/Guidance/SPGlobal_GrupoBimbo,S.A.B.deC.V._Guidance_20-Sep-2026.xlsx",Guidance,69
2026-09-20,guidance [Current by Period],Company,latest guidance per period,Capital Expenditures,As Of Guidance,Days before actual,FY 2018,FY,2018,,2018-12-31,364,,,364,days,MXN,"filings/capitaliq/Estimates/Guidance/SPGlobal_GrupoBimbo,S.A.B.deC.V._Guidance_20-Sep-2026.xlsx",Guidance,70
2026-09-20,guidance [Current by Period],Company,latest guidance per period,Capital Expenditures,As Of Guidance,Days before actual,FY 2019,FY,2019,,2019-12-31,118,,,118,days,MXN,"filings/capitaliq/Estimates/Guidance/SPGlobal_GrupoBimbo,S.A.B.deC.V._Guidance_20-Sep-2026.xlsx",Guidance,70
2026-09-20,guidance [Current by Period],Company,latest guidance per period,Capital Expenditures,As Of Guidance,Days before actual,FY 2020,FY,2020,,2020-12-31,126,,,126,days,MXN,"filings/capitaliq/Estimates/Guidance/SPGlobal_GrupoBimbo,S.A.B.deC.V._Guidance_20-Sep-2026.xlsx",Guidance,70
2026-09-20,guidance [Current by Period],Company,latest guidance per period,Capital Expenditures,As Of Guidance,Days before actual,FY 2021,FY,2021,,2021-12-31,117,,,117,days,MXN,"filings/capitaliq/Estimates/Guidance/SPGlobal_GrupoBimbo,S.A.B.deC.V._Guidance_20-Sep-2026.xlsx",Guidance,70
2026-09-20,guidance [Current by Period],Company,latest guidance per period,Capital Expenditures,As Of Guidance,Days before actual,FY 2022,FY,2022,,2022-12-31,214,,,214,days,MXN,"filings/capitaliq/Estimates/Guidance/SPGlobal_GrupoBimbo,S.A.B.deC.V._Guidance_20-Sep-2026.xlsx",Guidance,70
2026-09-20,guidance [Current by Period],Company,latest guidance per period,Capital Expenditures,As Of Guidance,Days before actual,FY 2023,FY,2023,,2023-12-31,116,,,116,days,MXN,"filings/capitaliq/Estimates/Guidance/SPGlobal_GrupoBimbo,S.A.B.deC.V._Guidance_20-Sep-2026.xlsx",Guidance,70
2026-09-20,guidance [Current by Period],Company,latest guidance per period,Capital Expenditures,As Of Guidance,Days before actual,FY 2024,FY,2024,,2024-12-31,121,,,121,days,MXN,"filings/capitaliq/Estimates/Guidance/SPGlobal_GrupoBimbo,S.A.B.deC.V._Guidance_20-Sep-2026.xlsx",Guidance,70
2026-09-20,guidance [Current by Period],Company,latest guidance per period,Capital Expenditures,As Of Guidance,Days before actual,FY 2025,FY,2025,,2025-12-31,119,,,119,days,MXN,"filings/capitaliq/Estimates/Guidance/SPGlobal_GrupoBimbo,S.A.B.deC.V._Guidance_20-Sep-2026.xlsx",Guidance,70
2026-09-20,guidance [Current by Period],Company,latest guidance per period,Capital Expenditures,As Of Guidance,Days before actual,FY 2026,FY,2026,,2026-12-31,42,,,42,days,MXN,"filings/capitaliq/Estimates/Guidance/SPGlobal_GrupoBimbo,S.A.B.deC.V._Guidance_20-Sep-2026.xlsx",Guidance,70
2026-09-20,guidance [Current by Period],Company,latest guidance per period,Capital Expenditures,Actual/Latest,Actual/Latest Date,FY 2018,FY,2018,,2018-12-31,,,text,2/22/2019,date,MXN,"filings/capitaliq/Estimates/Guidance/SPGlobal_GrupoBimbo,S.A.B.deC.V._Guidance_20-Sep-2026.xlsx",Guidance,72
2026-09-20,guidance [Current by Period],Company,latest guidance per period,Capital Expenditures,Actual/Latest,Actual/Latest Date,FY 2019,FY,2019,,2019-12-31,,,text,2/20/2020,date,MXN,"filings/capitaliq/Estimates/Guidance/SPGlobal_GrupoBimbo,S.A.B.deC.V._Guidance_20-Sep-2026.xlsx",Guidance,72
2026-09-20,guidance [Current by Period],Company,latest guidance per period,Capital Expenditures,Actual/Latest,Actual/Latest Date,FY 2020,FY,2020,,2020-12-31,,,text,2/24/2021,date,MXN,"filings/capitaliq/Estimates/Guidance/SPGlobal_GrupoBimbo,S.A.B.deC.V._Guidance_20-Sep-2026.xlsx",Guidance,72
2026-09-20,guidance [Current by Period],Company,latest guidance per period,Capital Expenditures,Actual/Latest,Actual/Latest Date,FY 2021,FY,2021,,2021-12-31,,,text,2/22/2022,date,MXN,"filings/capitaliq/Estimates/Guidance/SPGlobal_GrupoBimbo,S.A.B.deC.V._Guidance_20-Sep-2026.xlsx",Guidance,72
2026-09-20,guidance [Current by Period],Company,latest guidance per period,Capital Expenditures,Actual/Latest,Actual/Latest Date,FY 2022,FY,2022,,2022-12-31,,,text,5/29/2023,date,MXN,"filings/capitaliq/Estimates/Guidance/SPGlobal_GrupoBimbo,S.A.B.deC.V._Guidance_20-Sep-2026.xlsx",Guidance,72
2026-09-20,guidance [Current by Period],Company,latest guidance per period,Capital Expenditures,Actual/Latest,Actual/Latest Date,FY 2023,FY,2023,,2023-12-31,,,text,2/19/2024,date,MXN,"filings/capitaliq/Estimates/Guidance/SPGlobal_GrupoBimbo,S.A.B.deC.V._Guidance_20-Sep-2026.xlsx",Guidance,72
2026-09-20,guidance [Current by Period],Company,latest guidance per period,Capital Expenditures,Actual/Latest,Actual/Latest Date,FY 2024,FY,2024,,2024-12-31,,,text,2/26/2025,date,MXN,"filings/capitaliq/Estimates/Guidance/SPGlobal_GrupoBimbo,S.A.B.deC.V._Guidance_20-Sep-2026.xlsx",Guidance,72
2026-09-20,guidance [Current by Period],Company,latest guidance per period,Capital Expenditures,Actual/Latest,Actual/Latest Date,FY 2025,FY,2025,,2025-12-31,,,text,2/24/2026,date,MXN,"filings/capitaliq/Estimates/Guidance/SPGlobal_GrupoBimbo,S.A.B.deC.V._Guidance_20-Sep-2026.xlsx",Guidance,72
2026-09-20,guidance [Current by Period],Company,latest guidance per period,Capital Expenditures,Actual/Latest,Actual/Latest Date,FY 2026,FY,2026,,2026-12-31,,,text,9/3/2026,date,MXN,"filings/capitaliq/Estimates/Guidance/SPGlobal_GrupoBimbo,S.A.B.deC.V._Guidance_20-Sep-2026.xlsx",Guidance,72
2026-09-20,guidance [Current by Period],Company,latest guidance per period,Capital Expenditures,Actual/Latest,Guidance,FY 2012,FY,2012,,2012-12-31,10001550,,,10001550,Mex$000,MXN,"filings/capitaliq/Estimates/Guidance/SPGlobal_GrupoBimbo,S.A.B.deC.V._Guidance_20-Sep-2026.xlsx",Guidance,73
2026-09-20,guidance [Current by Period],Company,latest guidance per period,Capital Expenditures,Actual/Latest,Guidance,FY 2018,FY,2018,,2018-12-31,14857200,15785775,range,"14,857,200.00 - 15,785,775.00",Mex$000,MXN,"filings/capitaliq/Estimates/Guidance/SPGlobal_GrupoBimbo,S.A.B.deC.V._Guidance_20-Sep-2026.xlsx",Guidance,73
2026-09-20,guidance [Current by Period],Company,latest guidance per period,Capital Expenditures,Actual/Latest,Guidance,FY 2019,FY,2019,,2019-12-31,13343540,,,13343540,Mex$000,MXN,"filings/capitaliq/Estimates/Guidance/SPGlobal_GrupoBimbo,S.A.B.deC.V._Guidance_20-Sep-2026.xlsx",Guidance,73
2026-09-20,guidance [Current by Period],Company,latest guidance per period,Capital Expenditures,Actual/Latest,Guidance,FY 2020,FY,2020,,2020-12-31,11594880,12648960,range,"11,594,880.00 - 12,648,960.00",Mex$000,MXN,"filings/capitaliq/Estimates/Guidance/SPGlobal_GrupoBimbo,S.A.B.deC.V._Guidance_20-Sep-2026.xlsx",Guidance,73
2026-09-20,guidance [Current by Period],Company,latest guidance per period,Capital Expenditures,Actual/Latest,Guidance,FY 2021,FY,2021,,2021-12-31,18294300,20327000,range,"18,294,300.00 - 20,327,000.00",Mex$000,MXN,"filings/capitaliq/Estimates/Guidance/SPGlobal_GrupoBimbo,S.A.B.deC.V._Guidance_20-Sep-2026.xlsx",Guidance,73
2026-09-20,guidance [Current by Period],Company,latest guidance per period,Capital Expenditures,Actual/Latest,Guidance,FY 2022,FY,2022,,2022-12-31,25769380,,,25769380,Mex$000,MXN,"filings/capitaliq/Estimates/Guidance/SPGlobal_GrupoBimbo,S.A.B.deC.V._Guidance_20-Sep-2026.xlsx",Guidance,73
2026-09-20,guidance [Current by Period],Company,latest guidance per period,Capital Expenditures,Actual/Latest,Guidance,FY 2023,FY,2023,,2023-12-31,30988110,36456600,range,"30,988,110.00 - 36,456,600.00",Mex$000,MXN,"filings/capitaliq/Estimates/Guidance/SPGlobal_GrupoBimbo,S.A.B.deC.V._Guidance_20-Sep-2026.xlsx",Guidance,73
2026-09-20,guidance [Current by Period],Company,latest guidance per period,Capital Expenditures,Actual/Latest,Guidance,FY 2024,FY,2024,,2024-12-31,36007740,,,36007740,Mex$000,MXN,"filings/capitaliq/Estimates/Guidance/SPGlobal_GrupoBimbo,S.A.B.deC.V._Guidance_20-Sep-2026.xlsx",Guidance,73
2026-09-20,guidance [Current by Period],Company,latest guidance per period,Capital Expenditures,Actual/Latest,Guidance,FY 2025,FY,2025,,2025-12-31,23918960,25758880,range,"23,918,960.00 - 25,758,880.00",Mex$000,MXN,"filings/capitaliq/Estimates/Guidance/SPGlobal_GrupoBimbo,S.A.B.deC.V._Guidance_20-Sep-2026.xlsx",Guidance,73
2026-09-20,guidance [Current by Period],Company,latest guidance per period,Capital Expenditures,Actual/Latest,Guidance,FY 2026,FY,2026,,2026-12-31,17519700,21023640,range,"17,519,700.00 - 21,023,640.00",Mex$000,MXN,"filings/capitaliq/Estimates/Guidance/SPGlobal_GrupoBimbo,S.A.B.deC.V._Guidance_20-Sep-2026.xlsx",Guidance,73
2026-09-20,guidance [Current by Period],Company,latest guidance per period,Capital Expenditures,Actual/Latest,Consensus Estimate,FY 2018,FY,2018,,2018-12-31,15568386.98,,,15568386.98,Mex$000,MXN,"filings/capitaliq/Estimates/Guidance/SPGlobal_GrupoBimbo,S.A.B.deC.V._Guidance_20-Sep-2026.xlsx",Guidance,74
2026-09-20,guidance [Current by Period],Company,latest guidance per period,Capital Expenditures,Actual/Latest,Consensus Estimate,FY 2019,FY,2019,,2019-12-31,13950268.02,,,13950268.02,Mex$000,MXN,"filings/capitaliq/Estimates/Guidance/SPGlobal_GrupoBimbo,S.A.B.deC.V._Guidance_20-Sep-2026.xlsx",Guidance,74
2026-09-20,guidance [Current by Period],Company,latest guidance per period,Capital Expenditures,Actual/Latest,Consensus Estimate,FY 2020,FY,2020,,2020-12-31,12839271.57,,,12839271.57,Mex$000,MXN,"filings/capitaliq/Estimates/Guidance/SPGlobal_GrupoBimbo,S.A.B.deC.V._Guidance_20-Sep-2026.xlsx",Guidance,74
2026-09-20,guidance [Current by Period],Company,latest guidance per period,Capital Expenditures,Actual/Latest,Consensus Estimate,FY 2021,FY,2021,,2021-12-31,20157096.87,,,20157096.87,Mex$000,MXN,"filings/capitaliq/Estimates/Guidance/SPGlobal_GrupoBimbo,S.A.B.deC.V._Guidance_20-Sep-2026.xlsx",Guidance,74
2026-09-20,guidance [Current by Period],Company,latest guidance per period,Capital Expenditures,Actual/Latest,Consensus Estimate,FY 2022,FY,2022,,2022-12-31,26828400.84,,,26828400.84,Mex$000,MXN,"filings/capitaliq/Estimates/Guidance/SPGlobal_GrupoBimbo,S.A.B.deC.V._Guidance_20-Sep-2026.xlsx",Guidance,74
2026-09-20,guidance [Current by Period],Company,latest guidance per period,Capital Expenditures,Actual/Latest,Consensus Estimate,FY 2023,FY,2023,,2023-12-31,31137808.51,,,31137808.51,Mex$000,MXN,"filings/capitaliq/Estimates/Guidance/SPGlobal_GrupoBimbo,S.A.B.deC.V._Guidance_20-Sep-2026.xlsx",Guidance,74
2026-09-20,guidance [Current by Period],Company,latest guidance per period,Capital Expenditures,Actual/Latest,Consensus Estimate,FY 2024,FY,2024,,2024-12-31,32811154.42,,,32811154.42,Mex$000,MXN,"filings/capitaliq/Estimates/Guidance/SPGlobal_GrupoBimbo,S.A.B.deC.V._Guidance_20-Sep-2026.xlsx",Guidance,74
2026-09-20,guidance [Current by Period],Company,latest guidance per period,Capital Expenditures,Actual/Latest,Consensus Estimate,FY 2026,FY,2026,,2026-12-31,21978765.56,,,21978765.56,Mex$000,MXN,"filings/capitaliq/Estimates/Guidance/SPGlobal_GrupoBimbo,S.A.B.deC.V._Guidance_20-Sep-2026.xlsx",Guidance,74
2026-09-20,guidance [Current by Period],Company,latest guidance per period,Capital Expenditures,Actual/Latest,% Difference,FY 2018,FY,2018,,2018-12-31,0,,,0,%,MXN,"filings/capitaliq/Estimates/Guidance/SPGlobal_GrupoBimbo,S.A.B.deC.V._Guidance_20-Sep-2026.xlsx",Guidance,75
2026-09-20,guidance [Current by Period],Company,latest guidance per period,Capital Expenditures,Actual/Latest,% Difference,FY 2019,FY,2019,,2019-12-31,4.55,,,4.55,%,MXN,"filings/capitaliq/Estimates/Guidance/SPGlobal_GrupoBimbo,S.A.B.deC.V._Guidance_20-Sep-2026.xlsx",Guidance,75
2026-09-20,guidance [Current by Period],Company,latest guidance per period,Capital Expenditures,Actual/Latest,% Difference,FY 2020,FY,2020,,2020-12-31,1.5,,,1.5,%,MXN,"filings/capitaliq/Estimates/Guidance/SPGlobal_GrupoBimbo,S.A.B.deC.V._Guidance_20-Sep-2026.xlsx",Guidance,75
2026-09-20,guidance [Current by Period],Company,latest guidance per period,Capital Expenditures,Actual/Latest,% Difference,FY 2021,FY,2021,,2021-12-31,0,,,0,%,MXN,"filings/capitaliq/Estimates/Guidance/SPGlobal_GrupoBimbo,S.A.B.deC.V._Guidance_20-Sep-2026.xlsx",Guidance,75
2026-09-20,guidance [Current by Period],Company,latest guidance per period,Capital Expenditures,Actual/Latest,% Difference,FY 2022,FY,2022,,2022-12-31,4.11,,,4.11,%,MXN,"filings/capitaliq/Estimates/Guidance/SPGlobal_GrupoBimbo,S.A.B.deC.V._Guidance_20-Sep-2026.xlsx",Guidance,75
2026-09-20,guidance [Current by Period],Company,latest guidance per period,Capital Expenditures,Actual/Latest,% Difference,FY 2023,FY,2023,,2023-12-31,0,,,0,%,MXN,"filings/capitaliq/Estimates/Guidance/SPGlobal_GrupoBimbo,S.A.B.deC.V._Guidance_20-Sep-2026.xlsx",Guidance,75
2026-09-20,guidance [Current by Period],Company,latest guidance per period,Capital Expenditures,Actual/Latest,% Difference,FY 2024,FY,2024,,2024-12-31,-8.88,,,-8.88,%,MXN,"filings/capitaliq/Estimates/Guidance/SPGlobal_GrupoBimbo,S.A.B.deC.V._Guidance_20-Sep-2026.xlsx",Guidance,75
2026-09-20,guidance [Current by Period],Company,latest guidance per period,Capital Expenditures,Actual/Latest,% Difference,FY 2025,FY,2025,,2025-12-31,0,,,0,%,MXN,"filings/capitaliq/Estimates/Guidance/SPGlobal_GrupoBimbo,S.A.B.deC.V._Guidance_20-Sep-2026.xlsx",Guidance,75
2026-09-20,guidance [Current by Period],Company,latest guidance per period,Capital Expenditures,Actual/Latest,% Difference,FY 2026,FY,2026,,2026-12-31,4.54,,,4.54,%,MXN,"filings/capitaliq/Estimates/Guidance/SPGlobal_GrupoBimbo,S.A.B.deC.V._Guidance_20-Sep-2026.xlsx",Guidance,75
2026-09-20,guidance [Current by Period],Company,latest guidance per period,Capital Expenditures,Actual/Latest,Actual,FY 2018,FY,2018,,2018-12-31,15067000,,,15067000,Mex$000,MXN,"filings/capitaliq/Estimates/Guidance/SPGlobal_GrupoBimbo,S.A.B.deC.V._Guidance_20-Sep-2026.xlsx",Guidance,76
2026-09-20,guidance [Current by Period],Company,latest guidance per period,Capital Expenditures,Actual/Latest,Actual,FY 2019,FY,2019,,2019-12-31,13117103,,,13117103,Mex$000,MXN,"filings/capitaliq/Estimates/Guidance/SPGlobal_GrupoBimbo,S.A.B.deC.V._Guidance_20-Sep-2026.xlsx",Guidance,76
2026-09-20,guidance [Current by Period],Company,latest guidance per period,Capital Expenditures,Actual/Latest,Actual,FY 2020,FY,2020,,2020-12-31,13218088,,,13218088,Mex$000,MXN,"filings/capitaliq/Estimates/Guidance/SPGlobal_GrupoBimbo,S.A.B.deC.V._Guidance_20-Sep-2026.xlsx",Guidance,76
2026-09-20,guidance [Current by Period],Company,latest guidance per period,Capital Expenditures,Actual/Latest,Actual,FY 2021,FY,2021,,2021-12-31,20671245,,,20671245,Mex$000,MXN,"filings/capitaliq/Estimates/Guidance/SPGlobal_GrupoBimbo,S.A.B.deC.V._Guidance_20-Sep-2026.xlsx",Guidance,76
2026-09-20,guidance [Current by Period],Company,latest guidance per period,Capital Expenditures,Actual/Latest,Actual,FY 2022,FY,2022,,2022-12-31,28669000,,,28669000,Mex$000,MXN,"filings/capitaliq/Estimates/Guidance/SPGlobal_GrupoBimbo,S.A.B.deC.V._Guidance_20-Sep-2026.xlsx",Guidance,76
2026-09-20,guidance [Current by Period],Company,latest guidance per period,Capital Expenditures,Actual/Latest,Actual,FY 2023,FY,2023,,2023-12-31,34754237,,,34754237,Mex$000,MXN,"filings/capitaliq/Estimates/Guidance/SPGlobal_GrupoBimbo,S.A.B.deC.V._Guidance_20-Sep-2026.xlsx",Guidance,76
2026-09-20,guidance [Current by Period],Company,latest guidance per period,Capital Expenditures,Actual/Latest,Actual,FY 2024,FY,2024,,2024-12-31,29402773,,,29402773,Mex$000,MXN,"filings/capitaliq/Estimates/Guidance/SPGlobal_GrupoBimbo,S.A.B.deC.V._Guidance_20-Sep-2026.xlsx",Guidance,76
2026-09-20,guidance [Current by Period],Company,latest guidance per period,Capital Expenditures,Actual/Latest,Actual,FY 2025,FY,2025,,2025-12-31,22529475,,,22529475,Mex$000,MXN,"filings/capitaliq/Estimates/Guidance/SPGlobal_GrupoBimbo,S.A.B.deC.V._Guidance_20-Sep-2026.xlsx",Guidance,76
2026-09-20,guidance [Current by Period],Company,latest guidance per period,Capital Expenditures,Actual/Latest,% Difference,FY 2019,FY,2019,,2019-12-31,-1.7,,,-1.7,%,MXN,"filings/capitaliq/Estimates/Guidance/SPGlobal_GrupoBimbo,S.A.B.deC.V._Guidance_20-Sep-2026.xlsx",Guidance,77
2026-09-20,guidance [Current by Period],Company,latest guidance per period,Capital Expenditures,Actual/Latest,% Difference,FY 2020,FY,2020,,2020-12-31,4.5,,,4.5,%,MXN,"filings/capitaliq/Estimates/Guidance/SPGlobal_GrupoBimbo,S.A.B.deC.V._Guidance_20-Sep-2026.xlsx",Guidance,77
2026-09-20,guidance [Current by Period],Company,latest guidance per period,Capital Expenditures,Actual/Latest,% Difference,FY 2021,FY,2021,,2021-12-31,1.69,,,1.69,%,MXN,"filings/capitaliq/Estimates/Guidance/SPGlobal_GrupoBimbo,S.A.B.deC.V._Guidance_20-Sep-2026.xlsx",Guidance,77
2026-09-20,guidance [Current by Period],Company,latest guidance per period,Capital Expenditures,Actual/Latest,% Difference,FY 2022,FY,2022,,2022-12-31,11.25,,,11.25,%,MXN,"filings/capitaliq/Estimates/Guidance/SPGlobal_GrupoBimbo,S.A.B.deC.V._Guidance_20-Sep-2026.xlsx",Guidance,77
2026-09-20,guidance [Current by Period],Company,latest guidance per period,Capital Expenditures,Actual/Latest,% Difference,FY 2024,FY,2024,,2024-12-31,-18.34,,,-18.34,%,MXN,"filings/capitaliq/Estimates/Guidance/SPGlobal_GrupoBimbo,S.A.B.deC.V._Guidance_20-Sep-2026.xlsx",Guidance,77
2026-09-20,guidance [Current by Period],Company,latest guidance per period,Capital Expenditures,Actual/Latest,% Difference,FY 2025,FY,2025,,2025-12-31,-5.81,,,-5.81,%,MXN,"filings/capitaliq/Estimates/Guidance/SPGlobal_GrupoBimbo,S.A.B.deC.V._Guidance_20-Sep-2026.xlsx",Guidance,77
