period,period_end,block,metric,metric_es,value,unit,currency,source_file,sheet,row,note
3Q12,,QUARTERLY INCOME STATEMENT / ESTADO DE RESULTADOS TRIMESTRAL,Net Revenue,Ingresos Netos,43514.619,MXN millions (ratios/growth as decimals),MXN,filings/capitaliq/Investment and Market research/Bimbo_2014-10-27_Interacciones_3Q14-First-View-Canada-Bread-1/Bimbo_2014-10-27_Interacciones_3Q14-First-View-Canada-Bread-1.xls,ABC Nominal con Flujo de Efecti,12,Broker (Interacciones) spreadsheet dated 2014-10-23; duplicate file -2 is byte-identical
2Q13,,QUARTERLY INCOME STATEMENT / ESTADO DE RESULTADOS TRIMESTRAL,Net Revenue,Ingresos Netos,43275.277,MXN millions (ratios/growth as decimals),MXN,filings/capitaliq/Investment and Market research/Bimbo_2014-10-27_Interacciones_3Q14-First-View-Canada-Bread-1/Bimbo_2014-10-27_Interacciones_3Q14-First-View-Canada-Bread-1.xls,ABC Nominal con Flujo de Efecti,12,Broker (Interacciones) spreadsheet dated 2014-10-23; duplicate file -2 is byte-identical
3Q13,,QUARTERLY INCOME STATEMENT / ESTADO DE RESULTADOS TRIMESTRAL,Net Revenue,Ingresos Netos,44835.207,MXN millions (ratios/growth as decimals),MXN,filings/capitaliq/Investment and Market research/Bimbo_2014-10-27_Interacciones_3Q14-First-View-Canada-Bread-1/Bimbo_2014-10-27_Interacciones_3Q14-First-View-Canada-Bread-1.xls,ABC Nominal con Flujo de Efecti,12,Broker (Interacciones) spreadsheet dated 2014-10-23; duplicate file -2 is byte-identical
4Q13,,QUARTERLY INCOME STATEMENT / ESTADO DE RESULTADOS TRIMESTRAL,Net Revenue,Ingresos Netos,46480.306,MXN millions (ratios/growth as decimals),MXN,filings/capitaliq/Investment and Market research/Bimbo_2014-10-27_Interacciones_3Q14-First-View-Canada-Bread-1/Bimbo_2014-10-27_Interacciones_3Q14-First-View-Canada-Bread-1.xls,ABC Nominal con Flujo de Efecti,12,Broker (Interacciones) spreadsheet dated 2014-10-23; duplicate file -2 is byte-identical
1Q14,,QUARTERLY INCOME STATEMENT / ESTADO DE RESULTADOS TRIMESTRAL,Net Revenue,Ingresos Netos,41979.212,MXN millions (ratios/growth as decimals),MXN,filings/capitaliq/Investment and Market research/Bimbo_2014-10-27_Interacciones_3Q14-First-View-Canada-Bread-1/Bimbo_2014-10-27_Interacciones_3Q14-First-View-Canada-Bread-1.xls,ABC Nominal con Flujo de Efecti,12,Broker (Interacciones) spreadsheet dated 2014-10-23; duplicate file -2 is byte-identical
2Q14,,QUARTERLY INCOME STATEMENT / ESTADO DE RESULTADOS TRIMESTRAL,Net Revenue,Ingresos Netos,45539.534,MXN millions (ratios/growth as decimals),MXN,filings/capitaliq/Investment and Market research/Bimbo_2014-10-27_Interacciones_3Q14-First-View-Canada-Bread-1/Bimbo_2014-10-27_Interacciones_3Q14-First-View-Canada-Bread-1.xls,ABC Nominal con Flujo de Efecti,12,Broker (Interacciones) spreadsheet dated 2014-10-23; duplicate file -2 is byte-identical
3Q14,,QUARTERLY INCOME STATEMENT / ESTADO DE RESULTADOS TRIMESTRAL,Net Revenue,Ingresos Netos,50153.622,MXN millions (ratios/growth as decimals),MXN,filings/capitaliq/Investment and Market research/Bimbo_2014-10-27_Interacciones_3Q14-First-View-Canada-Bread-1/Bimbo_2014-10-27_Interacciones_3Q14-First-View-Canada-Bread-1.xls,ABC Nominal con Flujo de Efecti,12,Broker (Interacciones) spreadsheet dated 2014-10-23; duplicate file -2 is byte-identical
3Q12,,QUARTERLY INCOME STATEMENT / ESTADO DE RESULTADOS TRIMESTRAL,Sales Cost,Costo De Ventas,21539.536,MXN millions (ratios/growth as decimals),MXN,filings/capitaliq/Investment and Market research/Bimbo_2014-10-27_Interacciones_3Q14-First-View-Canada-Bread-1/Bimbo_2014-10-27_Interacciones_3Q14-First-View-Canada-Bread-1.xls,ABC Nominal con Flujo de Efecti,13,Broker (Interacciones) spreadsheet dated 2014-10-23; duplicate file -2 is byte-identical
2Q13,,QUARTERLY INCOME STATEMENT / ESTADO DE RESULTADOS TRIMESTRAL,Sales Cost,Costo De Ventas,20427.76,MXN millions (ratios/growth as decimals),MXN,filings/capitaliq/Investment and Market research/Bimbo_2014-10-27_Interacciones_3Q14-First-View-Canada-Bread-1/Bimbo_2014-10-27_Interacciones_3Q14-First-View-Canada-Bread-1.xls,ABC Nominal con Flujo de Efecti,13,Broker (Interacciones) spreadsheet dated 2014-10-23; duplicate file -2 is byte-identical
3Q13,,QUARTERLY INCOME STATEMENT / ESTADO DE RESULTADOS TRIMESTRAL,Sales Cost,Costo De Ventas,21351.381,MXN millions (ratios/growth as decimals),MXN,filings/capitaliq/Investment and Market research/Bimbo_2014-10-27_Interacciones_3Q14-First-View-Canada-Bread-1/Bimbo_2014-10-27_Interacciones_3Q14-First-View-Canada-Bread-1.xls,ABC Nominal con Flujo de Efecti,13,Broker (Interacciones) spreadsheet dated 2014-10-23; duplicate file -2 is byte-identical
4Q13,,QUARTERLY INCOME STATEMENT / ESTADO DE RESULTADOS TRIMESTRAL,Sales Cost,Costo De Ventas,21889.483,MXN millions (ratios/growth as decimals),MXN,filings/capitaliq/Investment and Market research/Bimbo_2014-10-27_Interacciones_3Q14-First-View-Canada-Bread-1/Bimbo_2014-10-27_Interacciones_3Q14-First-View-Canada-Bread-1.xls,ABC Nominal con Flujo de Efecti,13,Broker (Interacciones) spreadsheet dated 2014-10-23; duplicate file -2 is byte-identical
1Q14,,QUARTERLY INCOME STATEMENT / ESTADO DE RESULTADOS TRIMESTRAL,Sales Cost,Costo De Ventas,19773.73,MXN millions (ratios/growth as decimals),MXN,filings/capitaliq/Investment and Market research/Bimbo_2014-10-27_Interacciones_3Q14-First-View-Canada-Bread-1/Bimbo_2014-10-27_Interacciones_3Q14-First-View-Canada-Bread-1.xls,ABC Nominal con Flujo de Efecti,13,Broker (Interacciones) spreadsheet dated 2014-10-23; duplicate file -2 is byte-identical
2Q14,,QUARTERLY INCOME STATEMENT / ESTADO DE RESULTADOS TRIMESTRAL,Sales Cost,Costo De Ventas,21098.314,MXN millions (ratios/growth as decimals),MXN,filings/capitaliq/Investment and Market research/Bimbo_2014-10-27_Interacciones_3Q14-First-View-Canada-Bread-1/Bimbo_2014-10-27_Interacciones_3Q14-First-View-Canada-Bread-1.xls,ABC Nominal con Flujo de Efecti,13,Broker (Interacciones) spreadsheet dated 2014-10-23; duplicate file -2 is byte-identical
3Q14,,QUARTERLY INCOME STATEMENT / ESTADO DE RESULTADOS TRIMESTRAL,Sales Cost,Costo De Ventas,23417.459,MXN millions (ratios/growth as decimals),MXN,filings/capitaliq/Investment and Market research/Bimbo_2014-10-27_Interacciones_3Q14-First-View-Canada-Bread-1/Bimbo_2014-10-27_Interacciones_3Q14-First-View-Canada-Bread-1.xls,ABC Nominal con Flujo de Efecti,13,Broker (Interacciones) spreadsheet dated 2014-10-23; duplicate file -2 is byte-identical
3Q12,,QUARTERLY INCOME STATEMENT / ESTADO DE RESULTADOS TRIMESTRAL,General Expenses,Gastos Generales,18970.746,MXN millions (ratios/growth as decimals),MXN,filings/capitaliq/Investment and Market research/Bimbo_2014-10-27_Interacciones_3Q14-First-View-Canada-Bread-1/Bimbo_2014-10-27_Interacciones_3Q14-First-View-Canada-Bread-1.xls,ABC Nominal con Flujo de Efecti,14,Broker (Interacciones) spreadsheet dated 2014-10-23; duplicate file -2 is byte-identical
2Q13,,QUARTERLY INCOME STATEMENT / ESTADO DE RESULTADOS TRIMESTRAL,General Expenses,Gastos Generales,19248.75,MXN millions (ratios/growth as decimals),MXN,filings/capitaliq/Investment and Market research/Bimbo_2014-10-27_Interacciones_3Q14-First-View-Canada-Bread-1/Bimbo_2014-10-27_Interacciones_3Q14-First-View-Canada-Bread-1.xls,ABC Nominal con Flujo de Efecti,14,Broker (Interacciones) spreadsheet dated 2014-10-23; duplicate file -2 is byte-identical
3Q13,,QUARTERLY INCOME STATEMENT / ESTADO DE RESULTADOS TRIMESTRAL,General Expenses,Gastos Generales,19494.427,MXN millions (ratios/growth as decimals),MXN,filings/capitaliq/Investment and Market research/Bimbo_2014-10-27_Interacciones_3Q14-First-View-Canada-Bread-1/Bimbo_2014-10-27_Interacciones_3Q14-First-View-Canada-Bread-1.xls,ABC Nominal con Flujo de Efecti,14,Broker (Interacciones) spreadsheet dated 2014-10-23; duplicate file -2 is byte-identical
4Q13,,QUARTERLY INCOME STATEMENT / ESTADO DE RESULTADOS TRIMESTRAL,General Expenses,Gastos Generales,20961.421,MXN millions (ratios/growth as decimals),MXN,filings/capitaliq/Investment and Market research/Bimbo_2014-10-27_Interacciones_3Q14-First-View-Canada-Bread-1/Bimbo_2014-10-27_Interacciones_3Q14-First-View-Canada-Bread-1.xls,ABC Nominal con Flujo de Efecti,14,Broker (Interacciones) spreadsheet dated 2014-10-23; duplicate file -2 is byte-identical
1Q14,,QUARTERLY INCOME STATEMENT / ESTADO DE RESULTADOS TRIMESTRAL,General Expenses,Gastos Generales,19960.771,MXN millions (ratios/growth as decimals),MXN,filings/capitaliq/Investment and Market research/Bimbo_2014-10-27_Interacciones_3Q14-First-View-Canada-Bread-1/Bimbo_2014-10-27_Interacciones_3Q14-First-View-Canada-Bread-1.xls,ABC Nominal con Flujo de Efecti,14,Broker (Interacciones) spreadsheet dated 2014-10-23; duplicate file -2 is byte-identical
2Q14,,QUARTERLY INCOME STATEMENT / ESTADO DE RESULTADOS TRIMESTRAL,General Expenses,Gastos Generales,20450.435,MXN millions (ratios/growth as decimals),MXN,filings/capitaliq/Investment and Market research/Bimbo_2014-10-27_Interacciones_3Q14-First-View-Canada-Bread-1/Bimbo_2014-10-27_Interacciones_3Q14-First-View-Canada-Bread-1.xls,ABC Nominal con Flujo de Efecti,14,Broker (Interacciones) spreadsheet dated 2014-10-23; duplicate file -2 is byte-identical
3Q14,,QUARTERLY INCOME STATEMENT / ESTADO DE RESULTADOS TRIMESTRAL,General Expenses,Gastos Generales,22142.057,MXN millions (ratios/growth as decimals),MXN,filings/capitaliq/Investment and Market research/Bimbo_2014-10-27_Interacciones_3Q14-First-View-Canada-Bread-1/Bimbo_2014-10-27_Interacciones_3Q14-First-View-Canada-Bread-1.xls,ABC Nominal con Flujo de Efecti,14,Broker (Interacciones) spreadsheet dated 2014-10-23; duplicate file -2 is byte-identical
3Q12,,QUARTERLY INCOME STATEMENT / ESTADO DE RESULTADOS TRIMESTRAL,Op Earnings (losses),Utilidad (Perdida) De Op.,1342.034,MXN millions (ratios/growth as decimals),MXN,filings/capitaliq/Investment and Market research/Bimbo_2014-10-27_Interacciones_3Q14-First-View-Canada-Bread-1/Bimbo_2014-10-27_Interacciones_3Q14-First-View-Canada-Bread-1.xls,ABC Nominal con Flujo de Efecti,15,Broker (Interacciones) spreadsheet dated 2014-10-23; duplicate file -2 is byte-identical
2Q13,,QUARTERLY INCOME STATEMENT / ESTADO DE RESULTADOS TRIMESTRAL,Op Earnings (losses),Utilidad (Perdida) De Op.,2492.198,MXN millions (ratios/growth as decimals),MXN,filings/capitaliq/Investment and Market research/Bimbo_2014-10-27_Interacciones_3Q14-First-View-Canada-Bread-1/Bimbo_2014-10-27_Interacciones_3Q14-First-View-Canada-Bread-1.xls,ABC Nominal con Flujo de Efecti,15,Broker (Interacciones) spreadsheet dated 2014-10-23; duplicate file -2 is byte-identical
3Q13,,QUARTERLY INCOME STATEMENT / ESTADO DE RESULTADOS TRIMESTRAL,Op Earnings (losses),Utilidad (Perdida) De Op.,3398.487,MXN millions (ratios/growth as decimals),MXN,filings/capitaliq/Investment and Market research/Bimbo_2014-10-27_Interacciones_3Q14-First-View-Canada-Bread-1/Bimbo_2014-10-27_Interacciones_3Q14-First-View-Canada-Bread-1.xls,ABC Nominal con Flujo de Efecti,15,Broker (Interacciones) spreadsheet dated 2014-10-23; duplicate file -2 is byte-identical
4Q13,,QUARTERLY INCOME STATEMENT / ESTADO DE RESULTADOS TRIMESTRAL,Op Earnings (losses),Utilidad (Perdida) De Op.,2603.143,MXN millions (ratios/growth as decimals),MXN,filings/capitaliq/Investment and Market research/Bimbo_2014-10-27_Interacciones_3Q14-First-View-Canada-Bread-1/Bimbo_2014-10-27_Interacciones_3Q14-First-View-Canada-Bread-1.xls,ABC Nominal con Flujo de Efecti,15,Broker (Interacciones) spreadsheet dated 2014-10-23; duplicate file -2 is byte-identical
1Q14,,QUARTERLY INCOME STATEMENT / ESTADO DE RESULTADOS TRIMESTRAL,Op Earnings (losses),Utilidad (Perdida) De Op.,1543.221,MXN millions (ratios/growth as decimals),MXN,filings/capitaliq/Investment and Market research/Bimbo_2014-10-27_Interacciones_3Q14-First-View-Canada-Bread-1/Bimbo_2014-10-27_Interacciones_3Q14-First-View-Canada-Bread-1.xls,ABC Nominal con Flujo de Efecti,15,Broker (Interacciones) spreadsheet dated 2014-10-23; duplicate file -2 is byte-identical
2Q14,,QUARTERLY INCOME STATEMENT / ESTADO DE RESULTADOS TRIMESTRAL,Op Earnings (losses),Utilidad (Perdida) De Op.,3295.295,MXN millions (ratios/growth as decimals),MXN,filings/capitaliq/Investment and Market research/Bimbo_2014-10-27_Interacciones_3Q14-First-View-Canada-Bread-1/Bimbo_2014-10-27_Interacciones_3Q14-First-View-Canada-Bread-1.xls,ABC Nominal con Flujo de Efecti,15,Broker (Interacciones) spreadsheet dated 2014-10-23; duplicate file -2 is byte-identical
3Q14,,QUARTERLY INCOME STATEMENT / ESTADO DE RESULTADOS TRIMESTRAL,Op Earnings (losses),Utilidad (Perdida) De Op.,4018.12,MXN millions (ratios/growth as decimals),MXN,filings/capitaliq/Investment and Market research/Bimbo_2014-10-27_Interacciones_3Q14-First-View-Canada-Bread-1/Bimbo_2014-10-27_Interacciones_3Q14-First-View-Canada-Bread-1.xls,ABC Nominal con Flujo de Efecti,15,Broker (Interacciones) spreadsheet dated 2014-10-23; duplicate file -2 is byte-identical
3Q12,,QUARTERLY INCOME STATEMENT / ESTADO DE RESULTADOS TRIMESTRAL,Depreciation and Amortization,Depreciación,1288.818,MXN millions (ratios/growth as decimals),MXN,filings/capitaliq/Investment and Market research/Bimbo_2014-10-27_Interacciones_3Q14-First-View-Canada-Bread-1/Bimbo_2014-10-27_Interacciones_3Q14-First-View-Canada-Bread-1.xls,ABC Nominal con Flujo de Efecti,16,Broker (Interacciones) spreadsheet dated 2014-10-23; duplicate file -2 is byte-identical
2Q13,,QUARTERLY INCOME STATEMENT / ESTADO DE RESULTADOS TRIMESTRAL,Depreciation and Amortization,Depreciación,1244.11,MXN millions (ratios/growth as decimals),MXN,filings/capitaliq/Investment and Market research/Bimbo_2014-10-27_Interacciones_3Q14-First-View-Canada-Bread-1/Bimbo_2014-10-27_Interacciones_3Q14-First-View-Canada-Bread-1.xls,ABC Nominal con Flujo de Efecti,16,Broker (Interacciones) spreadsheet dated 2014-10-23; duplicate file -2 is byte-identical
3Q13,,QUARTERLY INCOME STATEMENT / ESTADO DE RESULTADOS TRIMESTRAL,Depreciation and Amortization,Depreciación,1400.128,MXN millions (ratios/growth as decimals),MXN,filings/capitaliq/Investment and Market research/Bimbo_2014-10-27_Interacciones_3Q14-First-View-Canada-Bread-1/Bimbo_2014-10-27_Interacciones_3Q14-First-View-Canada-Bread-1.xls,ABC Nominal con Flujo de Efecti,16,Broker (Interacciones) spreadsheet dated 2014-10-23; duplicate file -2 is byte-identical
4Q13,,QUARTERLY INCOME STATEMENT / ESTADO DE RESULTADOS TRIMESTRAL,Depreciation and Amortization,Depreciación,1762.847,MXN millions (ratios/growth as decimals),MXN,filings/capitaliq/Investment and Market research/Bimbo_2014-10-27_Interacciones_3Q14-First-View-Canada-Bread-1/Bimbo_2014-10-27_Interacciones_3Q14-First-View-Canada-Bread-1.xls,ABC Nominal con Flujo de Efecti,16,Broker (Interacciones) spreadsheet dated 2014-10-23; duplicate file -2 is byte-identical
1Q14,,QUARTERLY INCOME STATEMENT / ESTADO DE RESULTADOS TRIMESTRAL,Depreciation and Amortization,Depreciación,1350.277,MXN millions (ratios/growth as decimals),MXN,filings/capitaliq/Investment and Market research/Bimbo_2014-10-27_Interacciones_3Q14-First-View-Canada-Bread-1/Bimbo_2014-10-27_Interacciones_3Q14-First-View-Canada-Bread-1.xls,ABC Nominal con Flujo de Efecti,16,Broker (Interacciones) spreadsheet dated 2014-10-23; duplicate file -2 is byte-identical
2Q14,,QUARTERLY INCOME STATEMENT / ESTADO DE RESULTADOS TRIMESTRAL,Depreciation and Amortization,Depreciación,1350.959,MXN millions (ratios/growth as decimals),MXN,filings/capitaliq/Investment and Market research/Bimbo_2014-10-27_Interacciones_3Q14-First-View-Canada-Bread-1/Bimbo_2014-10-27_Interacciones_3Q14-First-View-Canada-Bread-1.xls,ABC Nominal con Flujo de Efecti,16,Broker (Interacciones) spreadsheet dated 2014-10-23; duplicate file -2 is byte-identical
3Q14,,QUARTERLY INCOME STATEMENT / ESTADO DE RESULTADOS TRIMESTRAL,Depreciation and Amortization,Depreciación,1554.545,MXN millions (ratios/growth as decimals),MXN,filings/capitaliq/Investment and Market research/Bimbo_2014-10-27_Interacciones_3Q14-First-View-Canada-Bread-1/Bimbo_2014-10-27_Interacciones_3Q14-First-View-Canada-Bread-1.xls,ABC Nominal con Flujo de Efecti,16,Broker (Interacciones) spreadsheet dated 2014-10-23; duplicate file -2 is byte-identical
3Q12,,QUARTERLY INCOME STATEMENT / ESTADO DE RESULTADOS TRIMESTRAL,EBITDA,EBITDA,2630.852,MXN millions (ratios/growth as decimals),MXN,filings/capitaliq/Investment and Market research/Bimbo_2014-10-27_Interacciones_3Q14-First-View-Canada-Bread-1/Bimbo_2014-10-27_Interacciones_3Q14-First-View-Canada-Bread-1.xls,ABC Nominal con Flujo de Efecti,17,Broker (Interacciones) spreadsheet dated 2014-10-23; duplicate file -2 is byte-identical
2Q13,,QUARTERLY INCOME STATEMENT / ESTADO DE RESULTADOS TRIMESTRAL,EBITDA,EBITDA,3736.308,MXN millions (ratios/growth as decimals),MXN,filings/capitaliq/Investment and Market research/Bimbo_2014-10-27_Interacciones_3Q14-First-View-Canada-Bread-1/Bimbo_2014-10-27_Interacciones_3Q14-First-View-Canada-Bread-1.xls,ABC Nominal con Flujo de Efecti,17,Broker (Interacciones) spreadsheet dated 2014-10-23; duplicate file -2 is byte-identical
3Q13,,QUARTERLY INCOME STATEMENT / ESTADO DE RESULTADOS TRIMESTRAL,EBITDA,EBITDA,4798.615,MXN millions (ratios/growth as decimals),MXN,filings/capitaliq/Investment and Market research/Bimbo_2014-10-27_Interacciones_3Q14-First-View-Canada-Bread-1/Bimbo_2014-10-27_Interacciones_3Q14-First-View-Canada-Bread-1.xls,ABC Nominal con Flujo de Efecti,17,Broker (Interacciones) spreadsheet dated 2014-10-23; duplicate file -2 is byte-identical
4Q13,,QUARTERLY INCOME STATEMENT / ESTADO DE RESULTADOS TRIMESTRAL,EBITDA,EBITDA,4365.99,MXN millions (ratios/growth as decimals),MXN,filings/capitaliq/Investment and Market research/Bimbo_2014-10-27_Interacciones_3Q14-First-View-Canada-Bread-1/Bimbo_2014-10-27_Interacciones_3Q14-First-View-Canada-Bread-1.xls,ABC Nominal con Flujo de Efecti,17,Broker (Interacciones) spreadsheet dated 2014-10-23; duplicate file -2 is byte-identical
1Q14,,QUARTERLY INCOME STATEMENT / ESTADO DE RESULTADOS TRIMESTRAL,EBITDA,EBITDA,2893.498,MXN millions (ratios/growth as decimals),MXN,filings/capitaliq/Investment and Market research/Bimbo_2014-10-27_Interacciones_3Q14-First-View-Canada-Bread-1/Bimbo_2014-10-27_Interacciones_3Q14-First-View-Canada-Bread-1.xls,ABC Nominal con Flujo de Efecti,17,Broker (Interacciones) spreadsheet dated 2014-10-23; duplicate file -2 is byte-identical
2Q14,,QUARTERLY INCOME STATEMENT / ESTADO DE RESULTADOS TRIMESTRAL,EBITDA,EBITDA,4646.254,MXN millions (ratios/growth as decimals),MXN,filings/capitaliq/Investment and Market research/Bimbo_2014-10-27_Interacciones_3Q14-First-View-Canada-Bread-1/Bimbo_2014-10-27_Interacciones_3Q14-First-View-Canada-Bread-1.xls,ABC Nominal con Flujo de Efecti,17,Broker (Interacciones) spreadsheet dated 2014-10-23; duplicate file -2 is byte-identical
3Q14,,QUARTERLY INCOME STATEMENT / ESTADO DE RESULTADOS TRIMESTRAL,EBITDA,EBITDA,5572.665,MXN millions (ratios/growth as decimals),MXN,filings/capitaliq/Investment and Market research/Bimbo_2014-10-27_Interacciones_3Q14-First-View-Canada-Bread-1/Bimbo_2014-10-27_Interacciones_3Q14-First-View-Canada-Bread-1.xls,ABC Nominal con Flujo de Efecti,17,Broker (Interacciones) spreadsheet dated 2014-10-23; duplicate file -2 is byte-identical
3Q12,,QUARTERLY INCOME STATEMENT / ESTADO DE RESULTADOS TRIMESTRAL,Financial Revenue,Ingresos Financieros,145.164,MXN millions (ratios/growth as decimals),MXN,filings/capitaliq/Investment and Market research/Bimbo_2014-10-27_Interacciones_3Q14-First-View-Canada-Bread-1/Bimbo_2014-10-27_Interacciones_3Q14-First-View-Canada-Bread-1.xls,ABC Nominal con Flujo de Efecti,18,Broker (Interacciones) spreadsheet dated 2014-10-23; duplicate file -2 is byte-identical
2Q13,,QUARTERLY INCOME STATEMENT / ESTADO DE RESULTADOS TRIMESTRAL,Financial Revenue,Ingresos Financieros,103.936,MXN millions (ratios/growth as decimals),MXN,filings/capitaliq/Investment and Market research/Bimbo_2014-10-27_Interacciones_3Q14-First-View-Canada-Bread-1/Bimbo_2014-10-27_Interacciones_3Q14-First-View-Canada-Bread-1.xls,ABC Nominal con Flujo de Efecti,18,Broker (Interacciones) spreadsheet dated 2014-10-23; duplicate file -2 is byte-identical
3Q13,,QUARTERLY INCOME STATEMENT / ESTADO DE RESULTADOS TRIMESTRAL,Financial Revenue,Ingresos Financieros,203.802,MXN millions (ratios/growth as decimals),MXN,filings/capitaliq/Investment and Market research/Bimbo_2014-10-27_Interacciones_3Q14-First-View-Canada-Bread-1/Bimbo_2014-10-27_Interacciones_3Q14-First-View-Canada-Bread-1.xls,ABC Nominal con Flujo de Efecti,18,Broker (Interacciones) spreadsheet dated 2014-10-23; duplicate file -2 is byte-identical
4Q13,,QUARTERLY INCOME STATEMENT / ESTADO DE RESULTADOS TRIMESTRAL,Financial Revenue,Ingresos Financieros,79.908,MXN millions (ratios/growth as decimals),MXN,filings/capitaliq/Investment and Market research/Bimbo_2014-10-27_Interacciones_3Q14-First-View-Canada-Bread-1/Bimbo_2014-10-27_Interacciones_3Q14-First-View-Canada-Bread-1.xls,ABC Nominal con Flujo de Efecti,18,Broker (Interacciones) spreadsheet dated 2014-10-23; duplicate file -2 is byte-identical
1Q14,,QUARTERLY INCOME STATEMENT / ESTADO DE RESULTADOS TRIMESTRAL,Financial Revenue,Ingresos Financieros,114.036,MXN millions (ratios/growth as decimals),MXN,filings/capitaliq/Investment and Market research/Bimbo_2014-10-27_Interacciones_3Q14-First-View-Canada-Bread-1/Bimbo_2014-10-27_Interacciones_3Q14-First-View-Canada-Bread-1.xls,ABC Nominal con Flujo de Efecti,18,Broker (Interacciones) spreadsheet dated 2014-10-23; duplicate file -2 is byte-identical
2Q14,,QUARTERLY INCOME STATEMENT / ESTADO DE RESULTADOS TRIMESTRAL,Financial Revenue,Ingresos Financieros,542.369,MXN millions (ratios/growth as decimals),MXN,filings/capitaliq/Investment and Market research/Bimbo_2014-10-27_Interacciones_3Q14-First-View-Canada-Bread-1/Bimbo_2014-10-27_Interacciones_3Q14-First-View-Canada-Bread-1.xls,ABC Nominal con Flujo de Efecti,18,Broker (Interacciones) spreadsheet dated 2014-10-23; duplicate file -2 is byte-identical
3Q14,,QUARTERLY INCOME STATEMENT / ESTADO DE RESULTADOS TRIMESTRAL,Financial Revenue,Ingresos Financieros,108.641,MXN millions (ratios/growth as decimals),MXN,filings/capitaliq/Investment and Market research/Bimbo_2014-10-27_Interacciones_3Q14-First-View-Canada-Bread-1/Bimbo_2014-10-27_Interacciones_3Q14-First-View-Canada-Bread-1.xls,ABC Nominal con Flujo de Efecti,18,Broker (Interacciones) spreadsheet dated 2014-10-23; duplicate file -2 is byte-identical
3Q12,,QUARTERLY INCOME STATEMENT / ESTADO DE RESULTADOS TRIMESTRAL,Financial Expenses,Gastos Financieros,748.612,MXN millions (ratios/growth as decimals),MXN,filings/capitaliq/Investment and Market research/Bimbo_2014-10-27_Interacciones_3Q14-First-View-Canada-Bread-1/Bimbo_2014-10-27_Interacciones_3Q14-First-View-Canada-Bread-1.xls,ABC Nominal con Flujo de Efecti,19,Broker (Interacciones) spreadsheet dated 2014-10-23; duplicate file -2 is byte-identical
2Q13,,QUARTERLY INCOME STATEMENT / ESTADO DE RESULTADOS TRIMESTRAL,Financial Expenses,Gastos Financieros,724.759,MXN millions (ratios/growth as decimals),MXN,filings/capitaliq/Investment and Market research/Bimbo_2014-10-27_Interacciones_3Q14-First-View-Canada-Bread-1/Bimbo_2014-10-27_Interacciones_3Q14-First-View-Canada-Bread-1.xls,ABC Nominal con Flujo de Efecti,19,Broker (Interacciones) spreadsheet dated 2014-10-23; duplicate file -2 is byte-identical
3Q13,,QUARTERLY INCOME STATEMENT / ESTADO DE RESULTADOS TRIMESTRAL,Financial Expenses,Gastos Financieros,814.974,MXN millions (ratios/growth as decimals),MXN,filings/capitaliq/Investment and Market research/Bimbo_2014-10-27_Interacciones_3Q14-First-View-Canada-Bread-1/Bimbo_2014-10-27_Interacciones_3Q14-First-View-Canada-Bread-1.xls,ABC Nominal con Flujo de Efecti,19,Broker (Interacciones) spreadsheet dated 2014-10-23; duplicate file -2 is byte-identical
4Q13,,QUARTERLY INCOME STATEMENT / ESTADO DE RESULTADOS TRIMESTRAL,Financial Expenses,Gastos Financieros,891.058,MXN millions (ratios/growth as decimals),MXN,filings/capitaliq/Investment and Market research/Bimbo_2014-10-27_Interacciones_3Q14-First-View-Canada-Bread-1/Bimbo_2014-10-27_Interacciones_3Q14-First-View-Canada-Bread-1.xls,ABC Nominal con Flujo de Efecti,19,Broker (Interacciones) spreadsheet dated 2014-10-23; duplicate file -2 is byte-identical
1Q14,,QUARTERLY INCOME STATEMENT / ESTADO DE RESULTADOS TRIMESTRAL,Financial Expenses,Gastos Financieros,722.669,MXN millions (ratios/growth as decimals),MXN,filings/capitaliq/Investment and Market research/Bimbo_2014-10-27_Interacciones_3Q14-First-View-Canada-Bread-1/Bimbo_2014-10-27_Interacciones_3Q14-First-View-Canada-Bread-1.xls,ABC Nominal con Flujo de Efecti,19,Broker (Interacciones) spreadsheet dated 2014-10-23; duplicate file -2 is byte-identical
2Q14,,QUARTERLY INCOME STATEMENT / ESTADO DE RESULTADOS TRIMESTRAL,Financial Expenses,Gastos Financieros,1059.119,MXN millions (ratios/growth as decimals),MXN,filings/capitaliq/Investment and Market research/Bimbo_2014-10-27_Interacciones_3Q14-First-View-Canada-Bread-1/Bimbo_2014-10-27_Interacciones_3Q14-First-View-Canada-Bread-1.xls,ABC Nominal con Flujo de Efecti,19,Broker (Interacciones) spreadsheet dated 2014-10-23; duplicate file -2 is byte-identical
3Q14,,QUARTERLY INCOME STATEMENT / ESTADO DE RESULTADOS TRIMESTRAL,Financial Expenses,Gastos Financieros,1054.581,MXN millions (ratios/growth as decimals),MXN,filings/capitaliq/Investment and Market research/Bimbo_2014-10-27_Interacciones_3Q14-First-View-Canada-Bread-1/Bimbo_2014-10-27_Interacciones_3Q14-First-View-Canada-Bread-1.xls,ABC Nominal con Flujo de Efecti,19,Broker (Interacciones) spreadsheet dated 2014-10-23; duplicate file -2 is byte-identical
3Q12,,QUARTERLY INCOME STATEMENT / ESTADO DE RESULTADOS TRIMESTRAL,Net Financial Income (Expenses),Ingresos (Gastos) Financieros Neto,-603.448,MXN millions (ratios/growth as decimals),MXN,filings/capitaliq/Investment and Market research/Bimbo_2014-10-27_Interacciones_3Q14-First-View-Canada-Bread-1/Bimbo_2014-10-27_Interacciones_3Q14-First-View-Canada-Bread-1.xls,ABC Nominal con Flujo de Efecti,20,Broker (Interacciones) spreadsheet dated 2014-10-23; duplicate file -2 is byte-identical
2Q13,,QUARTERLY INCOME STATEMENT / ESTADO DE RESULTADOS TRIMESTRAL,Net Financial Income (Expenses),Ingresos (Gastos) Financieros Neto,-620.823,MXN millions (ratios/growth as decimals),MXN,filings/capitaliq/Investment and Market research/Bimbo_2014-10-27_Interacciones_3Q14-First-View-Canada-Bread-1/Bimbo_2014-10-27_Interacciones_3Q14-First-View-Canada-Bread-1.xls,ABC Nominal con Flujo de Efecti,20,Broker (Interacciones) spreadsheet dated 2014-10-23; duplicate file -2 is byte-identical
3Q13,,QUARTERLY INCOME STATEMENT / ESTADO DE RESULTADOS TRIMESTRAL,Net Financial Income (Expenses),Ingresos (Gastos) Financieros Neto,-611.172,MXN millions (ratios/growth as decimals),MXN,filings/capitaliq/Investment and Market research/Bimbo_2014-10-27_Interacciones_3Q14-First-View-Canada-Bread-1/Bimbo_2014-10-27_Interacciones_3Q14-First-View-Canada-Bread-1.xls,ABC Nominal con Flujo de Efecti,20,Broker (Interacciones) spreadsheet dated 2014-10-23; duplicate file -2 is byte-identical
4Q13,,QUARTERLY INCOME STATEMENT / ESTADO DE RESULTADOS TRIMESTRAL,Net Financial Income (Expenses),Ingresos (Gastos) Financieros Neto,-811.15,MXN millions (ratios/growth as decimals),MXN,filings/capitaliq/Investment and Market research/Bimbo_2014-10-27_Interacciones_3Q14-First-View-Canada-Bread-1/Bimbo_2014-10-27_Interacciones_3Q14-First-View-Canada-Bread-1.xls,ABC Nominal con Flujo de Efecti,20,Broker (Interacciones) spreadsheet dated 2014-10-23; duplicate file -2 is byte-identical
1Q14,,QUARTERLY INCOME STATEMENT / ESTADO DE RESULTADOS TRIMESTRAL,Net Financial Income (Expenses),Ingresos (Gastos) Financieros Neto,-608.633,MXN millions (ratios/growth as decimals),MXN,filings/capitaliq/Investment and Market research/Bimbo_2014-10-27_Interacciones_3Q14-First-View-Canada-Bread-1/Bimbo_2014-10-27_Interacciones_3Q14-First-View-Canada-Bread-1.xls,ABC Nominal con Flujo de Efecti,20,Broker (Interacciones) spreadsheet dated 2014-10-23; duplicate file -2 is byte-identical
2Q14,,QUARTERLY INCOME STATEMENT / ESTADO DE RESULTADOS TRIMESTRAL,Net Financial Income (Expenses),Ingresos (Gastos) Financieros Neto,-516.75,MXN millions (ratios/growth as decimals),MXN,filings/capitaliq/Investment and Market research/Bimbo_2014-10-27_Interacciones_3Q14-First-View-Canada-Bread-1/Bimbo_2014-10-27_Interacciones_3Q14-First-View-Canada-Bread-1.xls,ABC Nominal con Flujo de Efecti,20,Broker (Interacciones) spreadsheet dated 2014-10-23; duplicate file -2 is byte-identical
3Q14,,QUARTERLY INCOME STATEMENT / ESTADO DE RESULTADOS TRIMESTRAL,Net Financial Income (Expenses),Ingresos (Gastos) Financieros Neto,-945.94,MXN millions (ratios/growth as decimals),MXN,filings/capitaliq/Investment and Market research/Bimbo_2014-10-27_Interacciones_3Q14-First-View-Canada-Bread-1/Bimbo_2014-10-27_Interacciones_3Q14-First-View-Canada-Bread-1.xls,ABC Nominal con Flujo de Efecti,20,Broker (Interacciones) spreadsheet dated 2014-10-23; duplicate file -2 is byte-identical
3Q12,,QUARTERLY INCOME STATEMENT / ESTADO DE RESULTADOS TRIMESTRAL,Profit (loss) Before Taxes,Utilidad (Pérdida) Antes De Imp.,746.365,MXN millions (ratios/growth as decimals),MXN,filings/capitaliq/Investment and Market research/Bimbo_2014-10-27_Interacciones_3Q14-First-View-Canada-Bread-1/Bimbo_2014-10-27_Interacciones_3Q14-First-View-Canada-Bread-1.xls,ABC Nominal con Flujo de Efecti,21,Broker (Interacciones) spreadsheet dated 2014-10-23; duplicate file -2 is byte-identical
2Q13,,QUARTERLY INCOME STATEMENT / ESTADO DE RESULTADOS TRIMESTRAL,Profit (loss) Before Taxes,Utilidad (Pérdida) Antes De Imp.,1826.602,MXN millions (ratios/growth as decimals),MXN,filings/capitaliq/Investment and Market research/Bimbo_2014-10-27_Interacciones_3Q14-First-View-Canada-Bread-1/Bimbo_2014-10-27_Interacciones_3Q14-First-View-Canada-Bread-1.xls,ABC Nominal con Flujo de Efecti,21,Broker (Interacciones) spreadsheet dated 2014-10-23; duplicate file -2 is byte-identical
3Q13,,QUARTERLY INCOME STATEMENT / ESTADO DE RESULTADOS TRIMESTRAL,Profit (loss) Before Taxes,Utilidad (Pérdida) Antes De Imp.,2766.907,MXN millions (ratios/growth as decimals),MXN,filings/capitaliq/Investment and Market research/Bimbo_2014-10-27_Interacciones_3Q14-First-View-Canada-Bread-1/Bimbo_2014-10-27_Interacciones_3Q14-First-View-Canada-Bread-1.xls,ABC Nominal con Flujo de Efecti,21,Broker (Interacciones) spreadsheet dated 2014-10-23; duplicate file -2 is byte-identical
4Q13,,QUARTERLY INCOME STATEMENT / ESTADO DE RESULTADOS TRIMESTRAL,Profit (loss) Before Taxes,Utilidad (Pérdida) Antes De Imp.,1821.056,MXN millions (ratios/growth as decimals),MXN,filings/capitaliq/Investment and Market research/Bimbo_2014-10-27_Interacciones_3Q14-First-View-Canada-Bread-1/Bimbo_2014-10-27_Interacciones_3Q14-First-View-Canada-Bread-1.xls,ABC Nominal con Flujo de Efecti,21,Broker (Interacciones) spreadsheet dated 2014-10-23; duplicate file -2 is byte-identical
1Q14,,QUARTERLY INCOME STATEMENT / ESTADO DE RESULTADOS TRIMESTRAL,Profit (loss) Before Taxes,Utilidad (Pérdida) Antes De Imp.,924.649,MXN millions (ratios/growth as decimals),MXN,filings/capitaliq/Investment and Market research/Bimbo_2014-10-27_Interacciones_3Q14-First-View-Canada-Bread-1/Bimbo_2014-10-27_Interacciones_3Q14-First-View-Canada-Bread-1.xls,ABC Nominal con Flujo de Efecti,21,Broker (Interacciones) spreadsheet dated 2014-10-23; duplicate file -2 is byte-identical
2Q14,,QUARTERLY INCOME STATEMENT / ESTADO DE RESULTADOS TRIMESTRAL,Profit (loss) Before Taxes,Utilidad (Pérdida) Antes De Imp.,2765.628,MXN millions (ratios/growth as decimals),MXN,filings/capitaliq/Investment and Market research/Bimbo_2014-10-27_Interacciones_3Q14-First-View-Canada-Bread-1/Bimbo_2014-10-27_Interacciones_3Q14-First-View-Canada-Bread-1.xls,ABC Nominal con Flujo de Efecti,21,Broker (Interacciones) spreadsheet dated 2014-10-23; duplicate file -2 is byte-identical
3Q14,,QUARTERLY INCOME STATEMENT / ESTADO DE RESULTADOS TRIMESTRAL,Profit (loss) Before Taxes,Utilidad (Pérdida) Antes De Imp.,3062.556,MXN millions (ratios/growth as decimals),MXN,filings/capitaliq/Investment and Market research/Bimbo_2014-10-27_Interacciones_3Q14-First-View-Canada-Bread-1/Bimbo_2014-10-27_Interacciones_3Q14-First-View-Canada-Bread-1.xls,ABC Nominal con Flujo de Efecti,21,Broker (Interacciones) spreadsheet dated 2014-10-23; duplicate file -2 is byte-identical
3Q12,,QUARTERLY INCOME STATEMENT / ESTADO DE RESULTADOS TRIMESTRAL,Earnings Taxes,Impuestos A La Utilidad,236.331,MXN millions (ratios/growth as decimals),MXN,filings/capitaliq/Investment and Market research/Bimbo_2014-10-27_Interacciones_3Q14-First-View-Canada-Bread-1/Bimbo_2014-10-27_Interacciones_3Q14-First-View-Canada-Bread-1.xls,ABC Nominal con Flujo de Efecti,22,Broker (Interacciones) spreadsheet dated 2014-10-23; duplicate file -2 is byte-identical
2Q13,,QUARTERLY INCOME STATEMENT / ESTADO DE RESULTADOS TRIMESTRAL,Earnings Taxes,Impuestos A La Utilidad,770.25,MXN millions (ratios/growth as decimals),MXN,filings/capitaliq/Investment and Market research/Bimbo_2014-10-27_Interacciones_3Q14-First-View-Canada-Bread-1/Bimbo_2014-10-27_Interacciones_3Q14-First-View-Canada-Bread-1.xls,ABC Nominal con Flujo de Efecti,22,Broker (Interacciones) spreadsheet dated 2014-10-23; duplicate file -2 is byte-identical
3Q13,,QUARTERLY INCOME STATEMENT / ESTADO DE RESULTADOS TRIMESTRAL,Earnings Taxes,Impuestos A La Utilidad,1077.301,MXN millions (ratios/growth as decimals),MXN,filings/capitaliq/Investment and Market research/Bimbo_2014-10-27_Interacciones_3Q14-First-View-Canada-Bread-1/Bimbo_2014-10-27_Interacciones_3Q14-First-View-Canada-Bread-1.xls,ABC Nominal con Flujo de Efecti,22,Broker (Interacciones) spreadsheet dated 2014-10-23; duplicate file -2 is byte-identical
4Q13,,QUARTERLY INCOME STATEMENT / ESTADO DE RESULTADOS TRIMESTRAL,Earnings Taxes,Impuestos A La Utilidad,491.998,MXN millions (ratios/growth as decimals),MXN,filings/capitaliq/Investment and Market research/Bimbo_2014-10-27_Interacciones_3Q14-First-View-Canada-Bread-1/Bimbo_2014-10-27_Interacciones_3Q14-First-View-Canada-Bread-1.xls,ABC Nominal con Flujo de Efecti,22,Broker (Interacciones) spreadsheet dated 2014-10-23; duplicate file -2 is byte-identical
1Q14,,QUARTERLY INCOME STATEMENT / ESTADO DE RESULTADOS TRIMESTRAL,Earnings Taxes,Impuestos A La Utilidad,359.156,MXN millions (ratios/growth as decimals),MXN,filings/capitaliq/Investment and Market research/Bimbo_2014-10-27_Interacciones_3Q14-First-View-Canada-Bread-1/Bimbo_2014-10-27_Interacciones_3Q14-First-View-Canada-Bread-1.xls,ABC Nominal con Flujo de Efecti,22,Broker (Interacciones) spreadsheet dated 2014-10-23; duplicate file -2 is byte-identical
2Q14,,QUARTERLY INCOME STATEMENT / ESTADO DE RESULTADOS TRIMESTRAL,Earnings Taxes,Impuestos A La Utilidad,1030.931,MXN millions (ratios/growth as decimals),MXN,filings/capitaliq/Investment and Market research/Bimbo_2014-10-27_Interacciones_3Q14-First-View-Canada-Bread-1/Bimbo_2014-10-27_Interacciones_3Q14-First-View-Canada-Bread-1.xls,ABC Nominal con Flujo de Efecti,22,Broker (Interacciones) spreadsheet dated 2014-10-23; duplicate file -2 is byte-identical
3Q14,,QUARTERLY INCOME STATEMENT / ESTADO DE RESULTADOS TRIMESTRAL,Earnings Taxes,Impuestos A La Utilidad,1121.899,MXN millions (ratios/growth as decimals),MXN,filings/capitaliq/Investment and Market research/Bimbo_2014-10-27_Interacciones_3Q14-First-View-Canada-Bread-1/Bimbo_2014-10-27_Interacciones_3Q14-First-View-Canada-Bread-1.xls,ABC Nominal con Flujo de Efecti,22,Broker (Interacciones) spreadsheet dated 2014-10-23; duplicate file -2 is byte-identical
3Q12,,QUARTERLY INCOME STATEMENT / ESTADO DE RESULTADOS TRIMESTRAL,Incurred Tax,Impuesto Causado,885.388,MXN millions (ratios/growth as decimals),MXN,filings/capitaliq/Investment and Market research/Bimbo_2014-10-27_Interacciones_3Q14-First-View-Canada-Bread-1/Bimbo_2014-10-27_Interacciones_3Q14-First-View-Canada-Bread-1.xls,ABC Nominal con Flujo de Efecti,23,Broker (Interacciones) spreadsheet dated 2014-10-23; duplicate file -2 is byte-identical
2Q13,,QUARTERLY INCOME STATEMENT / ESTADO DE RESULTADOS TRIMESTRAL,Incurred Tax,Impuesto Causado,-81.702,MXN millions (ratios/growth as decimals),MXN,filings/capitaliq/Investment and Market research/Bimbo_2014-10-27_Interacciones_3Q14-First-View-Canada-Bread-1/Bimbo_2014-10-27_Interacciones_3Q14-First-View-Canada-Bread-1.xls,ABC Nominal con Flujo de Efecti,23,Broker (Interacciones) spreadsheet dated 2014-10-23; duplicate file -2 is byte-identical
3Q13,,QUARTERLY INCOME STATEMENT / ESTADO DE RESULTADOS TRIMESTRAL,Incurred Tax,Impuesto Causado,763.54,MXN millions (ratios/growth as decimals),MXN,filings/capitaliq/Investment and Market research/Bimbo_2014-10-27_Interacciones_3Q14-First-View-Canada-Bread-1/Bimbo_2014-10-27_Interacciones_3Q14-First-View-Canada-Bread-1.xls,ABC Nominal con Flujo de Efecti,23,Broker (Interacciones) spreadsheet dated 2014-10-23; duplicate file -2 is byte-identical
4Q13,,QUARTERLY INCOME STATEMENT / ESTADO DE RESULTADOS TRIMESTRAL,Incurred Tax,Impuesto Causado,1035.487,MXN millions (ratios/growth as decimals),MXN,filings/capitaliq/Investment and Market research/Bimbo_2014-10-27_Interacciones_3Q14-First-View-Canada-Bread-1/Bimbo_2014-10-27_Interacciones_3Q14-First-View-Canada-Bread-1.xls,ABC Nominal con Flujo de Efecti,23,Broker (Interacciones) spreadsheet dated 2014-10-23; duplicate file -2 is byte-identical
1Q14,,QUARTERLY INCOME STATEMENT / ESTADO DE RESULTADOS TRIMESTRAL,Incurred Tax,Impuesto Causado,651.071,MXN millions (ratios/growth as decimals),MXN,filings/capitaliq/Investment and Market research/Bimbo_2014-10-27_Interacciones_3Q14-First-View-Canada-Bread-1/Bimbo_2014-10-27_Interacciones_3Q14-First-View-Canada-Bread-1.xls,ABC Nominal con Flujo de Efecti,23,Broker (Interacciones) spreadsheet dated 2014-10-23; duplicate file -2 is byte-identical
2Q14,,QUARTERLY INCOME STATEMENT / ESTADO DE RESULTADOS TRIMESTRAL,Incurred Tax,Impuesto Causado,880.841,MXN millions (ratios/growth as decimals),MXN,filings/capitaliq/Investment and Market research/Bimbo_2014-10-27_Interacciones_3Q14-First-View-Canada-Bread-1/Bimbo_2014-10-27_Interacciones_3Q14-First-View-Canada-Bread-1.xls,ABC Nominal con Flujo de Efecti,23,Broker (Interacciones) spreadsheet dated 2014-10-23; duplicate file -2 is byte-identical
3Q14,,QUARTERLY INCOME STATEMENT / ESTADO DE RESULTADOS TRIMESTRAL,Incurred Tax,Impuesto Causado,1066.948,MXN millions (ratios/growth as decimals),MXN,filings/capitaliq/Investment and Market research/Bimbo_2014-10-27_Interacciones_3Q14-First-View-Canada-Bread-1/Bimbo_2014-10-27_Interacciones_3Q14-First-View-Canada-Bread-1.xls,ABC Nominal con Flujo de Efecti,23,Broker (Interacciones) spreadsheet dated 2014-10-23; duplicate file -2 is byte-identical
3Q12,,QUARTERLY INCOME STATEMENT / ESTADO DE RESULTADOS TRIMESTRAL,Differed Tax,Impuesto Diferido,-649.057,MXN millions (ratios/growth as decimals),MXN,filings/capitaliq/Investment and Market research/Bimbo_2014-10-27_Interacciones_3Q14-First-View-Canada-Bread-1/Bimbo_2014-10-27_Interacciones_3Q14-First-View-Canada-Bread-1.xls,ABC Nominal con Flujo de Efecti,24,Broker (Interacciones) spreadsheet dated 2014-10-23; duplicate file -2 is byte-identical
2Q13,,QUARTERLY INCOME STATEMENT / ESTADO DE RESULTADOS TRIMESTRAL,Differed Tax,Impuesto Diferido,851.952,MXN millions (ratios/growth as decimals),MXN,filings/capitaliq/Investment and Market research/Bimbo_2014-10-27_Interacciones_3Q14-First-View-Canada-Bread-1/Bimbo_2014-10-27_Interacciones_3Q14-First-View-Canada-Bread-1.xls,ABC Nominal con Flujo de Efecti,24,Broker (Interacciones) spreadsheet dated 2014-10-23; duplicate file -2 is byte-identical
3Q13,,QUARTERLY INCOME STATEMENT / ESTADO DE RESULTADOS TRIMESTRAL,Differed Tax,Impuesto Diferido,313.761,MXN millions (ratios/growth as decimals),MXN,filings/capitaliq/Investment and Market research/Bimbo_2014-10-27_Interacciones_3Q14-First-View-Canada-Bread-1/Bimbo_2014-10-27_Interacciones_3Q14-First-View-Canada-Bread-1.xls,ABC Nominal con Flujo de Efecti,24,Broker (Interacciones) spreadsheet dated 2014-10-23; duplicate file -2 is byte-identical
4Q13,,QUARTERLY INCOME STATEMENT / ESTADO DE RESULTADOS TRIMESTRAL,Differed Tax,Impuesto Diferido,-543.489,MXN millions (ratios/growth as decimals),MXN,filings/capitaliq/Investment and Market research/Bimbo_2014-10-27_Interacciones_3Q14-First-View-Canada-Bread-1/Bimbo_2014-10-27_Interacciones_3Q14-First-View-Canada-Bread-1.xls,ABC Nominal con Flujo de Efecti,24,Broker (Interacciones) spreadsheet dated 2014-10-23; duplicate file -2 is byte-identical
1Q14,,QUARTERLY INCOME STATEMENT / ESTADO DE RESULTADOS TRIMESTRAL,Differed Tax,Impuesto Diferido,-291.915,MXN millions (ratios/growth as decimals),MXN,filings/capitaliq/Investment and Market research/Bimbo_2014-10-27_Interacciones_3Q14-First-View-Canada-Bread-1/Bimbo_2014-10-27_Interacciones_3Q14-First-View-Canada-Bread-1.xls,ABC Nominal con Flujo de Efecti,24,Broker (Interacciones) spreadsheet dated 2014-10-23; duplicate file -2 is byte-identical
2Q14,,QUARTERLY INCOME STATEMENT / ESTADO DE RESULTADOS TRIMESTRAL,Differed Tax,Impuesto Diferido,150.09,MXN millions (ratios/growth as decimals),MXN,filings/capitaliq/Investment and Market research/Bimbo_2014-10-27_Interacciones_3Q14-First-View-Canada-Bread-1/Bimbo_2014-10-27_Interacciones_3Q14-First-View-Canada-Bread-1.xls,ABC Nominal con Flujo de Efecti,24,Broker (Interacciones) spreadsheet dated 2014-10-23; duplicate file -2 is byte-identical
3Q14,,QUARTERLY INCOME STATEMENT / ESTADO DE RESULTADOS TRIMESTRAL,Differed Tax,Impuesto Diferido,54.951,MXN millions (ratios/growth as decimals),MXN,filings/capitaliq/Investment and Market research/Bimbo_2014-10-27_Interacciones_3Q14-First-View-Canada-Bread-1/Bimbo_2014-10-27_Interacciones_3Q14-First-View-Canada-Bread-1.xls,ABC Nominal con Flujo de Efecti,24,Broker (Interacciones) spreadsheet dated 2014-10-23; duplicate file -2 is byte-identical
3Q12,,QUARTERLY INCOME STATEMENT / ESTADO DE RESULTADOS TRIMESTRAL,Non-controlling Stake on Net Profit,Particip. No Cont. En La Ut(Pérd Neta),142.354,MXN millions (ratios/growth as decimals),MXN,filings/capitaliq/Investment and Market research/Bimbo_2014-10-27_Interacciones_3Q14-First-View-Canada-Bread-1/Bimbo_2014-10-27_Interacciones_3Q14-First-View-Canada-Bread-1.xls,ABC Nominal con Flujo de Efecti,25,Broker (Interacciones) spreadsheet dated 2014-10-23; duplicate file -2 is byte-identical
2Q13,,QUARTERLY INCOME STATEMENT / ESTADO DE RESULTADOS TRIMESTRAL,Non-controlling Stake on Net Profit,Particip. No Cont. En La Ut(Pérd Neta),119.47,MXN millions (ratios/growth as decimals),MXN,filings/capitaliq/Investment and Market research/Bimbo_2014-10-27_Interacciones_3Q14-First-View-Canada-Bread-1/Bimbo_2014-10-27_Interacciones_3Q14-First-View-Canada-Bread-1.xls,ABC Nominal con Flujo de Efecti,25,Broker (Interacciones) spreadsheet dated 2014-10-23; duplicate file -2 is byte-identical
3Q13,,QUARTERLY INCOME STATEMENT / ESTADO DE RESULTADOS TRIMESTRAL,Non-controlling Stake on Net Profit,Particip. No Cont. En La Ut(Pérd Neta),92.419,MXN millions (ratios/growth as decimals),MXN,filings/capitaliq/Investment and Market research/Bimbo_2014-10-27_Interacciones_3Q14-First-View-Canada-Bread-1/Bimbo_2014-10-27_Interacciones_3Q14-First-View-Canada-Bread-1.xls,ABC Nominal con Flujo de Efecti,25,Broker (Interacciones) spreadsheet dated 2014-10-23; duplicate file -2 is byte-identical
4Q13,,QUARTERLY INCOME STATEMENT / ESTADO DE RESULTADOS TRIMESTRAL,Non-controlling Stake on Net Profit,Particip. No Cont. En La Ut(Pérd Neta),52.538,MXN millions (ratios/growth as decimals),MXN,filings/capitaliq/Investment and Market research/Bimbo_2014-10-27_Interacciones_3Q14-First-View-Canada-Bread-1/Bimbo_2014-10-27_Interacciones_3Q14-First-View-Canada-Bread-1.xls,ABC Nominal con Flujo de Efecti,25,Broker (Interacciones) spreadsheet dated 2014-10-23; duplicate file -2 is byte-identical
1Q14,,QUARTERLY INCOME STATEMENT / ESTADO DE RESULTADOS TRIMESTRAL,Non-controlling Stake on Net Profit,Particip. No Cont. En La Ut(Pérd Neta),52.108,MXN millions (ratios/growth as decimals),MXN,filings/capitaliq/Investment and Market research/Bimbo_2014-10-27_Interacciones_3Q14-First-View-Canada-Bread-1/Bimbo_2014-10-27_Interacciones_3Q14-First-View-Canada-Bread-1.xls,ABC Nominal con Flujo de Efecti,25,Broker (Interacciones) spreadsheet dated 2014-10-23; duplicate file -2 is byte-identical
2Q14,,QUARTERLY INCOME STATEMENT / ESTADO DE RESULTADOS TRIMESTRAL,Non-controlling Stake on Net Profit,Particip. No Cont. En La Ut(Pérd Neta),117.935,MXN millions (ratios/growth as decimals),MXN,filings/capitaliq/Investment and Market research/Bimbo_2014-10-27_Interacciones_3Q14-First-View-Canada-Bread-1/Bimbo_2014-10-27_Interacciones_3Q14-First-View-Canada-Bread-1.xls,ABC Nominal con Flujo de Efecti,25,Broker (Interacciones) spreadsheet dated 2014-10-23; duplicate file -2 is byte-identical
3Q14,,QUARTERLY INCOME STATEMENT / ESTADO DE RESULTADOS TRIMESTRAL,Non-controlling Stake on Net Profit,Particip. No Cont. En La Ut(Pérd Neta),23.97,MXN millions (ratios/growth as decimals),MXN,filings/capitaliq/Investment and Market research/Bimbo_2014-10-27_Interacciones_3Q14-First-View-Canada-Bread-1/Bimbo_2014-10-27_Interacciones_3Q14-First-View-Canada-Bread-1.xls,ABC Nominal con Flujo de Efecti,25,Broker (Interacciones) spreadsheet dated 2014-10-23; duplicate file -2 is byte-identical
3Q12,,QUARTERLY INCOME STATEMENT / ESTADO DE RESULTADOS TRIMESTRAL,Net Profit,Utilidad (Pérdida) Neta Mayoritaria,367.68,MXN millions (ratios/growth as decimals),MXN,filings/capitaliq/Investment and Market research/Bimbo_2014-10-27_Interacciones_3Q14-First-View-Canada-Bread-1/Bimbo_2014-10-27_Interacciones_3Q14-First-View-Canada-Bread-1.xls,ABC Nominal con Flujo de Efecti,26,Broker (Interacciones) spreadsheet dated 2014-10-23; duplicate file -2 is byte-identical
2Q13,,QUARTERLY INCOME STATEMENT / ESTADO DE RESULTADOS TRIMESTRAL,Net Profit,Utilidad (Pérdida) Neta Mayoritaria,936.882,MXN millions (ratios/growth as decimals),MXN,filings/capitaliq/Investment and Market research/Bimbo_2014-10-27_Interacciones_3Q14-First-View-Canada-Bread-1/Bimbo_2014-10-27_Interacciones_3Q14-First-View-Canada-Bread-1.xls,ABC Nominal con Flujo de Efecti,26,Broker (Interacciones) spreadsheet dated 2014-10-23; duplicate file -2 is byte-identical
3Q13,,QUARTERLY INCOME STATEMENT / ESTADO DE RESULTADOS TRIMESTRAL,Net Profit,Utilidad (Pérdida) Neta Mayoritaria,1597.187,MXN millions (ratios/growth as decimals),MXN,filings/capitaliq/Investment and Market research/Bimbo_2014-10-27_Interacciones_3Q14-First-View-Canada-Bread-1/Bimbo_2014-10-27_Interacciones_3Q14-First-View-Canada-Bread-1.xls,ABC Nominal con Flujo de Efecti,26,Broker (Interacciones) spreadsheet dated 2014-10-23; duplicate file -2 is byte-identical
4Q13,,QUARTERLY INCOME STATEMENT / ESTADO DE RESULTADOS TRIMESTRAL,Net Profit,Utilidad (Pérdida) Neta Mayoritaria,1276.52,MXN millions (ratios/growth as decimals),MXN,filings/capitaliq/Investment and Market research/Bimbo_2014-10-27_Interacciones_3Q14-First-View-Canada-Bread-1/Bimbo_2014-10-27_Interacciones_3Q14-First-View-Canada-Bread-1.xls,ABC Nominal con Flujo de Efecti,26,Broker (Interacciones) spreadsheet dated 2014-10-23; duplicate file -2 is byte-identical
1Q14,,QUARTERLY INCOME STATEMENT / ESTADO DE RESULTADOS TRIMESTRAL,Net Profit,Utilidad (Pérdida) Neta Mayoritaria,513.385,MXN millions (ratios/growth as decimals),MXN,filings/capitaliq/Investment and Market research/Bimbo_2014-10-27_Interacciones_3Q14-First-View-Canada-Bread-1/Bimbo_2014-10-27_Interacciones_3Q14-First-View-Canada-Bread-1.xls,ABC Nominal con Flujo de Efecti,26,Broker (Interacciones) spreadsheet dated 2014-10-23; duplicate file -2 is byte-identical
2Q14,,QUARTERLY INCOME STATEMENT / ESTADO DE RESULTADOS TRIMESTRAL,Net Profit,Utilidad (Pérdida) Neta Mayoritaria,1616.762,MXN millions (ratios/growth as decimals),MXN,filings/capitaliq/Investment and Market research/Bimbo_2014-10-27_Interacciones_3Q14-First-View-Canada-Bread-1/Bimbo_2014-10-27_Interacciones_3Q14-First-View-Canada-Bread-1.xls,ABC Nominal con Flujo de Efecti,26,Broker (Interacciones) spreadsheet dated 2014-10-23; duplicate file -2 is byte-identical
3Q14,,QUARTERLY INCOME STATEMENT / ESTADO DE RESULTADOS TRIMESTRAL,Net Profit,Utilidad (Pérdida) Neta Mayoritaria,1916.687,MXN millions (ratios/growth as decimals),MXN,filings/capitaliq/Investment and Market research/Bimbo_2014-10-27_Interacciones_3Q14-First-View-Canada-Bread-1/Bimbo_2014-10-27_Interacciones_3Q14-First-View-Canada-Bread-1.xls,ABC Nominal con Flujo de Efecti,26,Broker (Interacciones) spreadsheet dated 2014-10-23; duplicate file -2 is byte-identical
3Q12,,QUARTERLY INCOME STATEMENT / ESTADO DE RESULTADOS TRIMESTRAL,Earnings per Share (EPS),Utilidad por acción,0.07817656063956456,MXN millions (ratios/growth as decimals),MXN,filings/capitaliq/Investment and Market research/Bimbo_2014-10-27_Interacciones_3Q14-First-View-Canada-Bread-1/Bimbo_2014-10-27_Interacciones_3Q14-First-View-Canada-Bread-1.xls,ABC Nominal con Flujo de Efecti,27,Broker (Interacciones) spreadsheet dated 2014-10-23; duplicate file -2 is byte-identical
2Q13,,QUARTERLY INCOME STATEMENT / ESTADO DE RESULTADOS TRIMESTRAL,Earnings per Share (EPS),Utilidad por acción,0.199200969552645,MXN millions (ratios/growth as decimals),MXN,filings/capitaliq/Investment and Market research/Bimbo_2014-10-27_Interacciones_3Q14-First-View-Canada-Bread-1/Bimbo_2014-10-27_Interacciones_3Q14-First-View-Canada-Bread-1.xls,ABC Nominal con Flujo de Efecti,27,Broker (Interacciones) spreadsheet dated 2014-10-23; duplicate file -2 is byte-identical
3Q13,,QUARTERLY INCOME STATEMENT / ESTADO DE RESULTADOS TRIMESTRAL,Earnings per Share (EPS),Utilidad por acción,0.3395958071100527,MXN millions (ratios/growth as decimals),MXN,filings/capitaliq/Investment and Market research/Bimbo_2014-10-27_Interacciones_3Q14-First-View-Canada-Bread-1/Bimbo_2014-10-27_Interacciones_3Q14-First-View-Canada-Bread-1.xls,ABC Nominal con Flujo de Efecti,27,Broker (Interacciones) spreadsheet dated 2014-10-23; duplicate file -2 is byte-identical
4Q13,,QUARTERLY INCOME STATEMENT / ESTADO DE RESULTADOS TRIMESTRAL,Earnings per Share (EPS),Utilidad por acción,0.27141520666780067,MXN millions (ratios/growth as decimals),MXN,filings/capitaliq/Investment and Market research/Bimbo_2014-10-27_Interacciones_3Q14-First-View-Canada-Bread-1/Bimbo_2014-10-27_Interacciones_3Q14-First-View-Canada-Bread-1.xls,ABC Nominal con Flujo de Efecti,27,Broker (Interacciones) spreadsheet dated 2014-10-23; duplicate file -2 is byte-identical
1Q14,,QUARTERLY INCOME STATEMENT / ESTADO DE RESULTADOS TRIMESTRAL,Earnings per Share (EPS),Utilidad por acción,0.10915653172308216,MXN millions (ratios/growth as decimals),MXN,filings/capitaliq/Investment and Market research/Bimbo_2014-10-27_Interacciones_3Q14-First-View-Canada-Bread-1/Bimbo_2014-10-27_Interacciones_3Q14-First-View-Canada-Bread-1.xls,ABC Nominal con Flujo de Efecti,27,Broker (Interacciones) spreadsheet dated 2014-10-23; duplicate file -2 is byte-identical
2Q14,,QUARTERLY INCOME STATEMENT / ESTADO DE RESULTADOS TRIMESTRAL,Earnings per Share (EPS),Utilidad por acción,0.343757866984181,MXN millions (ratios/growth as decimals),MXN,filings/capitaliq/Investment and Market research/Bimbo_2014-10-27_Interacciones_3Q14-First-View-Canada-Bread-1/Bimbo_2014-10-27_Interacciones_3Q14-First-View-Canada-Bread-1.xls,ABC Nominal con Flujo de Efecti,27,Broker (Interacciones) spreadsheet dated 2014-10-23; duplicate file -2 is byte-identical
3Q14,,QUARTERLY INCOME STATEMENT / ESTADO DE RESULTADOS TRIMESTRAL,Earnings per Share (EPS),Utilidad por acción,0.40752827861881274,MXN millions (ratios/growth as decimals),MXN,filings/capitaliq/Investment and Market research/Bimbo_2014-10-27_Interacciones_3Q14-First-View-Canada-Bread-1/Bimbo_2014-10-27_Interacciones_3Q14-First-View-Canada-Bread-1.xls,ABC Nominal con Flujo de Efecti,27,Broker (Interacciones) spreadsheet dated 2014-10-23; duplicate file -2 is byte-identical
3Q12,,QUARTERLY INCOME STATEMENT / ESTADO DE RESULTADOS TRIMESTRAL,Net Revenue,Ingresos Netos,0.348736755864049,MXN millions (ratios/growth as decimals),MXN,filings/capitaliq/Investment and Market research/Bimbo_2014-10-27_Interacciones_3Q14-First-View-Canada-Bread-1/Bimbo_2014-10-27_Interacciones_3Q14-First-View-Canada-Bread-1.xls,ABC Nominal con Flujo de Efecti,30,Broker (Interacciones) spreadsheet dated 2014-10-23; duplicate file -2 is byte-identical
2Q13,,QUARTERLY INCOME STATEMENT / ESTADO DE RESULTADOS TRIMESTRAL,Net Revenue,Ingresos Netos,-0.000994889605043808,MXN millions (ratios/growth as decimals),MXN,filings/capitaliq/Investment and Market research/Bimbo_2014-10-27_Interacciones_3Q14-First-View-Canada-Bread-1/Bimbo_2014-10-27_Interacciones_3Q14-First-View-Canada-Bread-1.xls,ABC Nominal con Flujo de Efecti,30,Broker (Interacciones) spreadsheet dated 2014-10-23; duplicate file -2 is byte-identical
3Q13,,QUARTERLY INCOME STATEMENT / ESTADO DE RESULTADOS TRIMESTRAL,Net Revenue,Ingresos Netos,0.030348145757636,MXN millions (ratios/growth as decimals),MXN,filings/capitaliq/Investment and Market research/Bimbo_2014-10-27_Interacciones_3Q14-First-View-Canada-Bread-1/Bimbo_2014-10-27_Interacciones_3Q14-First-View-Canada-Bread-1.xls,ABC Nominal con Flujo de Efecti,30,Broker (Interacciones) spreadsheet dated 2014-10-23; duplicate file -2 is byte-identical
4Q13,,QUARTERLY INCOME STATEMENT / ESTADO DE RESULTADOS TRIMESTRAL,Net Revenue,Ingresos Netos,0.0265514639680378,MXN millions (ratios/growth as decimals),MXN,filings/capitaliq/Investment and Market research/Bimbo_2014-10-27_Interacciones_3Q14-First-View-Canada-Bread-1/Bimbo_2014-10-27_Interacciones_3Q14-First-View-Canada-Bread-1.xls,ABC Nominal con Flujo de Efecti,30,Broker (Interacciones) spreadsheet dated 2014-10-23; duplicate file -2 is byte-identical
1Q14,,QUARTERLY INCOME STATEMENT / ESTADO DE RESULTADOS TRIMESTRAL,Net Revenue,Ingresos Netos,0.0126577356200625,MXN millions (ratios/growth as decimals),MXN,filings/capitaliq/Investment and Market research/Bimbo_2014-10-27_Interacciones_3Q14-First-View-Canada-Bread-1/Bimbo_2014-10-27_Interacciones_3Q14-First-View-Canada-Bread-1.xls,ABC Nominal con Flujo de Efecti,30,Broker (Interacciones) spreadsheet dated 2014-10-23; duplicate file -2 is byte-identical
2Q14,,QUARTERLY INCOME STATEMENT / ESTADO DE RESULTADOS TRIMESTRAL,Net Revenue,Ingresos Netos,0.0523221838649351,MXN millions (ratios/growth as decimals),MXN,filings/capitaliq/Investment and Market research/Bimbo_2014-10-27_Interacciones_3Q14-First-View-Canada-Bread-1/Bimbo_2014-10-27_Interacciones_3Q14-First-View-Canada-Bread-1.xls,ABC Nominal con Flujo de Efecti,30,Broker (Interacciones) spreadsheet dated 2014-10-23; duplicate file -2 is byte-identical
3Q14,,QUARTERLY INCOME STATEMENT / ESTADO DE RESULTADOS TRIMESTRAL,Net Revenue,Ingresos Netos,0.118621399472963,MXN millions (ratios/growth as decimals),MXN,filings/capitaliq/Investment and Market research/Bimbo_2014-10-27_Interacciones_3Q14-First-View-Canada-Bread-1/Bimbo_2014-10-27_Interacciones_3Q14-First-View-Canada-Bread-1.xls,ABC Nominal con Flujo de Efecti,30,Broker (Interacciones) spreadsheet dated 2014-10-23; duplicate file -2 is byte-identical
3Q12,,QUARTERLY INCOME STATEMENT / ESTADO DE RESULTADOS TRIMESTRAL,Op Earnings (losses),Utilidad (Perdida) De Op.,-0.563918872768593,MXN millions (ratios/growth as decimals),MXN,filings/capitaliq/Investment and Market research/Bimbo_2014-10-27_Interacciones_3Q14-First-View-Canada-Bread-1/Bimbo_2014-10-27_Interacciones_3Q14-First-View-Canada-Bread-1.xls,ABC Nominal con Flujo de Efecti,31,Broker (Interacciones) spreadsheet dated 2014-10-23; duplicate file -2 is byte-identical
2Q13,,QUARTERLY INCOME STATEMENT / ESTADO DE RESULTADOS TRIMESTRAL,Op Earnings (losses),Utilidad (Perdida) De Op.,0.200812748804341,MXN millions (ratios/growth as decimals),MXN,filings/capitaliq/Investment and Market research/Bimbo_2014-10-27_Interacciones_3Q14-First-View-Canada-Bread-1/Bimbo_2014-10-27_Interacciones_3Q14-First-View-Canada-Bread-1.xls,ABC Nominal con Flujo de Efecti,31,Broker (Interacciones) spreadsheet dated 2014-10-23; duplicate file -2 is byte-identical
3Q13,,QUARTERLY INCOME STATEMENT / ESTADO DE RESULTADOS TRIMESTRAL,Op Earnings (losses),Utilidad (Perdida) De Op.,1.53234046231317,MXN millions (ratios/growth as decimals),MXN,filings/capitaliq/Investment and Market research/Bimbo_2014-10-27_Interacciones_3Q14-First-View-Canada-Bread-1/Bimbo_2014-10-27_Interacciones_3Q14-First-View-Canada-Bread-1.xls,ABC Nominal con Flujo de Efecti,31,Broker (Interacciones) spreadsheet dated 2014-10-23; duplicate file -2 is byte-identical
4Q13,,QUARTERLY INCOME STATEMENT / ESTADO DE RESULTADOS TRIMESTRAL,Op Earnings (losses),Utilidad (Perdida) De Op.,0.157545622267766,MXN millions (ratios/growth as decimals),MXN,filings/capitaliq/Investment and Market research/Bimbo_2014-10-27_Interacciones_3Q14-First-View-Canada-Bread-1/Bimbo_2014-10-27_Interacciones_3Q14-First-View-Canada-Bread-1.xls,ABC Nominal con Flujo de Efecti,31,Broker (Interacciones) spreadsheet dated 2014-10-23; duplicate file -2 is byte-identical
1Q14,,QUARTERLY INCOME STATEMENT / ESTADO DE RESULTADOS TRIMESTRAL,Op Earnings (losses),Utilidad (Perdida) De Op.,-0.223530352948753,MXN millions (ratios/growth as decimals),MXN,filings/capitaliq/Investment and Market research/Bimbo_2014-10-27_Interacciones_3Q14-First-View-Canada-Bread-1/Bimbo_2014-10-27_Interacciones_3Q14-First-View-Canada-Bread-1.xls,ABC Nominal con Flujo de Efecti,31,Broker (Interacciones) spreadsheet dated 2014-10-23; duplicate file -2 is byte-identical
2Q14,,QUARTERLY INCOME STATEMENT / ESTADO DE RESULTADOS TRIMESTRAL,Op Earnings (losses),Utilidad (Perdida) De Op.,0.322244460512366,MXN millions (ratios/growth as decimals),MXN,filings/capitaliq/Investment and Market research/Bimbo_2014-10-27_Interacciones_3Q14-First-View-Canada-Bread-1/Bimbo_2014-10-27_Interacciones_3Q14-First-View-Canada-Bread-1.xls,ABC Nominal con Flujo de Efecti,31,Broker (Interacciones) spreadsheet dated 2014-10-23; duplicate file -2 is byte-identical
3Q14,,QUARTERLY INCOME STATEMENT / ESTADO DE RESULTADOS TRIMESTRAL,Op Earnings (losses),Utilidad (Perdida) De Op.,0.182326135130132,MXN millions (ratios/growth as decimals),MXN,filings/capitaliq/Investment and Market research/Bimbo_2014-10-27_Interacciones_3Q14-First-View-Canada-Bread-1/Bimbo_2014-10-27_Interacciones_3Q14-First-View-Canada-Bread-1.xls,ABC Nominal con Flujo de Efecti,31,Broker (Interacciones) spreadsheet dated 2014-10-23; duplicate file -2 is byte-identical
3Q12,,QUARTERLY INCOME STATEMENT / ESTADO DE RESULTADOS TRIMESTRAL,EBITDA,EBITDA,-0.345513292225972,MXN millions (ratios/growth as decimals),MXN,filings/capitaliq/Investment and Market research/Bimbo_2014-10-27_Interacciones_3Q14-First-View-Canada-Bread-1/Bimbo_2014-10-27_Interacciones_3Q14-First-View-Canada-Bread-1.xls,ABC Nominal con Flujo de Efecti,32,Broker (Interacciones) spreadsheet dated 2014-10-23; duplicate file -2 is byte-identical
2Q13,,QUARTERLY INCOME STATEMENT / ESTADO DE RESULTADOS TRIMESTRAL,EBITDA,EBITDA,0.113465142116029,MXN millions (ratios/growth as decimals),MXN,filings/capitaliq/Investment and Market research/Bimbo_2014-10-27_Interacciones_3Q14-First-View-Canada-Bread-1/Bimbo_2014-10-27_Interacciones_3Q14-First-View-Canada-Bread-1.xls,ABC Nominal con Flujo de Efecti,32,Broker (Interacciones) spreadsheet dated 2014-10-23; duplicate file -2 is byte-identical
3Q13,,QUARTERLY INCOME STATEMENT / ESTADO DE RESULTADOS TRIMESTRAL,EBITDA,EBITDA,0.823977555559947,MXN millions (ratios/growth as decimals),MXN,filings/capitaliq/Investment and Market research/Bimbo_2014-10-27_Interacciones_3Q14-First-View-Canada-Bread-1/Bimbo_2014-10-27_Interacciones_3Q14-First-View-Canada-Bread-1.xls,ABC Nominal con Flujo de Efecti,32,Broker (Interacciones) spreadsheet dated 2014-10-23; duplicate file -2 is byte-identical
4Q13,,QUARTERLY INCOME STATEMENT / ESTADO DE RESULTADOS TRIMESTRAL,EBITDA,EBITDA,0.161445249808398,MXN millions (ratios/growth as decimals),MXN,filings/capitaliq/Investment and Market research/Bimbo_2014-10-27_Interacciones_3Q14-First-View-Canada-Bread-1/Bimbo_2014-10-27_Interacciones_3Q14-First-View-Canada-Bread-1.xls,ABC Nominal con Flujo de Efecti,32,Broker (Interacciones) spreadsheet dated 2014-10-23; duplicate file -2 is byte-identical
1Q14,,QUARTERLY INCOME STATEMENT / ESTADO DE RESULTADOS TRIMESTRAL,EBITDA,EBITDA,-0.102662212485765,MXN millions (ratios/growth as decimals),MXN,filings/capitaliq/Investment and Market research/Bimbo_2014-10-27_Interacciones_3Q14-First-View-Canada-Bread-1/Bimbo_2014-10-27_Interacciones_3Q14-First-View-Canada-Bread-1.xls,ABC Nominal con Flujo de Efecti,32,Broker (Interacciones) spreadsheet dated 2014-10-23; duplicate file -2 is byte-identical
2Q14,,QUARTERLY INCOME STATEMENT / ESTADO DE RESULTADOS TRIMESTRAL,EBITDA,EBITDA,0.243541485337932,MXN millions (ratios/growth as decimals),MXN,filings/capitaliq/Investment and Market research/Bimbo_2014-10-27_Interacciones_3Q14-First-View-Canada-Bread-1/Bimbo_2014-10-27_Interacciones_3Q14-First-View-Canada-Bread-1.xls,ABC Nominal con Flujo de Efecti,32,Broker (Interacciones) spreadsheet dated 2014-10-23; duplicate file -2 is byte-identical
3Q14,,QUARTERLY INCOME STATEMENT / ESTADO DE RESULTADOS TRIMESTRAL,EBITDA,EBITDA,0.161306960445878,MXN millions (ratios/growth as decimals),MXN,filings/capitaliq/Investment and Market research/Bimbo_2014-10-27_Interacciones_3Q14-First-View-Canada-Bread-1/Bimbo_2014-10-27_Interacciones_3Q14-First-View-Canada-Bread-1.xls,ABC Nominal con Flujo de Efecti,32,Broker (Interacciones) spreadsheet dated 2014-10-23; duplicate file -2 is byte-identical
3Q12,,QUARTERLY INCOME STATEMENT / ESTADO DE RESULTADOS TRIMESTRAL,Net Financial Income (Expenses),Ingresos (Gastos) Financieros Neto,-14088.313559322,MXN millions (ratios/growth as decimals),MXN,filings/capitaliq/Investment and Market research/Bimbo_2014-10-27_Interacciones_3Q14-First-View-Canada-Bread-1/Bimbo_2014-10-27_Interacciones_3Q14-First-View-Canada-Bread-1.xls,ABC Nominal con Flujo de Efecti,33,Broker (Interacciones) spreadsheet dated 2014-10-23; duplicate file -2 is byte-identical
2Q13,,QUARTERLY INCOME STATEMENT / ESTADO DE RESULTADOS TRIMESTRAL,Net Financial Income (Expenses),Ingresos (Gastos) Financieros Neto,1.33305221789538,MXN millions (ratios/growth as decimals),MXN,filings/capitaliq/Investment and Market research/Bimbo_2014-10-27_Interacciones_3Q14-First-View-Canada-Bread-1/Bimbo_2014-10-27_Interacciones_3Q14-First-View-Canada-Bread-1.xls,ABC Nominal con Flujo de Efecti,33,Broker (Interacciones) spreadsheet dated 2014-10-23; duplicate file -2 is byte-identical
3Q13,,QUARTERLY INCOME STATEMENT / ESTADO DE RESULTADOS TRIMESTRAL,Net Financial Income (Expenses),Ingresos (Gastos) Financieros Neto,-0.644522087730094,MXN millions (ratios/growth as decimals),MXN,filings/capitaliq/Investment and Market research/Bimbo_2014-10-27_Interacciones_3Q14-First-View-Canada-Bread-1/Bimbo_2014-10-27_Interacciones_3Q14-First-View-Canada-Bread-1.xls,ABC Nominal con Flujo de Efecti,33,Broker (Interacciones) spreadsheet dated 2014-10-23; duplicate file -2 is byte-identical
4Q13,,QUARTERLY INCOME STATEMENT / ESTADO DE RESULTADOS TRIMESTRAL,Net Financial Income (Expenses),Ingresos (Gastos) Financieros Neto,0.17913232707264,MXN millions (ratios/growth as decimals),MXN,filings/capitaliq/Investment and Market research/Bimbo_2014-10-27_Interacciones_3Q14-First-View-Canada-Bread-1/Bimbo_2014-10-27_Interacciones_3Q14-First-View-Canada-Bread-1.xls,ABC Nominal con Flujo de Efecti,33,Broker (Interacciones) spreadsheet dated 2014-10-23; duplicate file -2 is byte-identical
1Q14,,QUARTERLY INCOME STATEMENT / ESTADO DE RESULTADOS TRIMESTRAL,Net Financial Income (Expenses),Ingresos (Gastos) Financieros Neto,1.73371342169153,MXN millions (ratios/growth as decimals),MXN,filings/capitaliq/Investment and Market research/Bimbo_2014-10-27_Interacciones_3Q14-First-View-Canada-Bread-1/Bimbo_2014-10-27_Interacciones_3Q14-First-View-Canada-Bread-1.xls,ABC Nominal con Flujo de Efecti,33,Broker (Interacciones) spreadsheet dated 2014-10-23; duplicate file -2 is byte-identical
2Q14,,QUARTERLY INCOME STATEMENT / ESTADO DE RESULTADOS TRIMESTRAL,Net Financial Income (Expenses),Ingresos (Gastos) Financieros Neto,-0.371489712796942,MXN millions (ratios/growth as decimals),MXN,filings/capitaliq/Investment and Market research/Bimbo_2014-10-27_Interacciones_3Q14-First-View-Canada-Bread-1/Bimbo_2014-10-27_Interacciones_3Q14-First-View-Canada-Bread-1.xls,ABC Nominal con Flujo de Efecti,33,Broker (Interacciones) spreadsheet dated 2014-10-23; duplicate file -2 is byte-identical
3Q14,,QUARTERLY INCOME STATEMENT / ESTADO DE RESULTADOS TRIMESTRAL,Net Financial Income (Expenses),Ingresos (Gastos) Financieros Neto,-0.0252592602621033,MXN millions (ratios/growth as decimals),MXN,filings/capitaliq/Investment and Market research/Bimbo_2014-10-27_Interacciones_3Q14-First-View-Canada-Bread-1/Bimbo_2014-10-27_Interacciones_3Q14-First-View-Canada-Bread-1.xls,ABC Nominal con Flujo de Efecti,33,Broker (Interacciones) spreadsheet dated 2014-10-23; duplicate file -2 is byte-identical
3Q12,,QUARTERLY INCOME STATEMENT / ESTADO DE RESULTADOS TRIMESTRAL,Earnings Taxes,Impuestos A La Utilidad,-0.788928553247242,MXN millions (ratios/growth as decimals),MXN,filings/capitaliq/Investment and Market research/Bimbo_2014-10-27_Interacciones_3Q14-First-View-Canada-Bread-1/Bimbo_2014-10-27_Interacciones_3Q14-First-View-Canada-Bread-1.xls,ABC Nominal con Flujo de Efecti,34,Broker (Interacciones) spreadsheet dated 2014-10-23; duplicate file -2 is byte-identical
2Q13,,QUARTERLY INCOME STATEMENT / ESTADO DE RESULTADOS TRIMESTRAL,Earnings Taxes,Impuestos A La Utilidad,0.546301724068705,MXN millions (ratios/growth as decimals),MXN,filings/capitaliq/Investment and Market research/Bimbo_2014-10-27_Interacciones_3Q14-First-View-Canada-Bread-1/Bimbo_2014-10-27_Interacciones_3Q14-First-View-Canada-Bread-1.xls,ABC Nominal con Flujo de Efecti,34,Broker (Interacciones) spreadsheet dated 2014-10-23; duplicate file -2 is byte-identical
3Q13,,QUARTERLY INCOME STATEMENT / ESTADO DE RESULTADOS TRIMESTRAL,Earnings Taxes,Impuestos A La Utilidad,3.55844133863098,MXN millions (ratios/growth as decimals),MXN,filings/capitaliq/Investment and Market research/Bimbo_2014-10-27_Interacciones_3Q14-First-View-Canada-Bread-1/Bimbo_2014-10-27_Interacciones_3Q14-First-View-Canada-Bread-1.xls,ABC Nominal con Flujo de Efecti,34,Broker (Interacciones) spreadsheet dated 2014-10-23; duplicate file -2 is byte-identical
4Q13,,QUARTERLY INCOME STATEMENT / ESTADO DE RESULTADOS TRIMESTRAL,Earnings Taxes,Impuestos A La Utilidad,-0.565344761632154,MXN millions (ratios/growth as decimals),MXN,filings/capitaliq/Investment and Market research/Bimbo_2014-10-27_Interacciones_3Q14-First-View-Canada-Bread-1/Bimbo_2014-10-27_Interacciones_3Q14-First-View-Canada-Bread-1.xls,ABC Nominal con Flujo de Efecti,34,Broker (Interacciones) spreadsheet dated 2014-10-23; duplicate file -2 is byte-identical
1Q14,,QUARTERLY INCOME STATEMENT / ESTADO DE RESULTADOS TRIMESTRAL,Earnings Taxes,Impuestos A La Utilidad,-0.333575789063514,MXN millions (ratios/growth as decimals),MXN,filings/capitaliq/Investment and Market research/Bimbo_2014-10-27_Interacciones_3Q14-First-View-Canada-Bread-1/Bimbo_2014-10-27_Interacciones_3Q14-First-View-Canada-Bread-1.xls,ABC Nominal con Flujo de Efecti,34,Broker (Interacciones) spreadsheet dated 2014-10-23; duplicate file -2 is byte-identical
2Q14,,QUARTERLY INCOME STATEMENT / ESTADO DE RESULTADOS TRIMESTRAL,Earnings Taxes,Impuestos A La Utilidad,0.338436871145731,MXN millions (ratios/growth as decimals),MXN,filings/capitaliq/Investment and Market research/Bimbo_2014-10-27_Interacciones_3Q14-First-View-Canada-Bread-1/Bimbo_2014-10-27_Interacciones_3Q14-First-View-Canada-Bread-1.xls,ABC Nominal con Flujo de Efecti,34,Broker (Interacciones) spreadsheet dated 2014-10-23; duplicate file -2 is byte-identical
3Q14,,QUARTERLY INCOME STATEMENT / ESTADO DE RESULTADOS TRIMESTRAL,Earnings Taxes,Impuestos A La Utilidad,0.0413979008652177,MXN millions (ratios/growth as decimals),MXN,filings/capitaliq/Investment and Market research/Bimbo_2014-10-27_Interacciones_3Q14-First-View-Canada-Bread-1/Bimbo_2014-10-27_Interacciones_3Q14-First-View-Canada-Bread-1.xls,ABC Nominal con Flujo de Efecti,34,Broker (Interacciones) spreadsheet dated 2014-10-23; duplicate file -2 is byte-identical
3Q12,,QUARTERLY INCOME STATEMENT / ESTADO DE RESULTADOS TRIMESTRAL,Non-controlling Stake on Net Profit,Particip. No Cont. En La Ut(Pérd Neta),2.16644793914184,MXN millions (ratios/growth as decimals),MXN,filings/capitaliq/Investment and Market research/Bimbo_2014-10-27_Interacciones_3Q14-First-View-Canada-Bread-1/Bimbo_2014-10-27_Interacciones_3Q14-First-View-Canada-Bread-1.xls,ABC Nominal con Flujo de Efecti,35,Broker (Interacciones) spreadsheet dated 2014-10-23; duplicate file -2 is byte-identical
2Q13,,QUARTERLY INCOME STATEMENT / ESTADO DE RESULTADOS TRIMESTRAL,Non-controlling Stake on Net Profit,Particip. No Cont. En La Ut(Pérd Neta),0.131237572199602,MXN millions (ratios/growth as decimals),MXN,filings/capitaliq/Investment and Market research/Bimbo_2014-10-27_Interacciones_3Q14-First-View-Canada-Bread-1/Bimbo_2014-10-27_Interacciones_3Q14-First-View-Canada-Bread-1.xls,ABC Nominal con Flujo de Efecti,35,Broker (Interacciones) spreadsheet dated 2014-10-23; duplicate file -2 is byte-identical
3Q13,,QUARTERLY INCOME STATEMENT / ESTADO DE RESULTADOS TRIMESTRAL,Non-controlling Stake on Net Profit,Particip. No Cont. En La Ut(Pérd Neta),-0.350780448740463,MXN millions (ratios/growth as decimals),MXN,filings/capitaliq/Investment and Market research/Bimbo_2014-10-27_Interacciones_3Q14-First-View-Canada-Bread-1/Bimbo_2014-10-27_Interacciones_3Q14-First-View-Canada-Bread-1.xls,ABC Nominal con Flujo de Efecti,35,Broker (Interacciones) spreadsheet dated 2014-10-23; duplicate file -2 is byte-identical
4Q13,,QUARTERLY INCOME STATEMENT / ESTADO DE RESULTADOS TRIMESTRAL,Non-controlling Stake on Net Profit,Particip. No Cont. En La Ut(Pérd Neta),-0.235544044466431,MXN millions (ratios/growth as decimals),MXN,filings/capitaliq/Investment and Market research/Bimbo_2014-10-27_Interacciones_3Q14-First-View-Canada-Bread-1/Bimbo_2014-10-27_Interacciones_3Q14-First-View-Canada-Bread-1.xls,ABC Nominal con Flujo de Efecti,35,Broker (Interacciones) spreadsheet dated 2014-10-23; duplicate file -2 is byte-identical
1Q14,,QUARTERLY INCOME STATEMENT / ESTADO DE RESULTADOS TRIMESTRAL,Non-controlling Stake on Net Profit,Particip. No Cont. En La Ut(Pérd Neta),-0.342825793595742,MXN millions (ratios/growth as decimals),MXN,filings/capitaliq/Investment and Market research/Bimbo_2014-10-27_Interacciones_3Q14-First-View-Canada-Bread-1/Bimbo_2014-10-27_Interacciones_3Q14-First-View-Canada-Bread-1.xls,ABC Nominal con Flujo de Efecti,35,Broker (Interacciones) spreadsheet dated 2014-10-23; duplicate file -2 is byte-identical
2Q14,,QUARTERLY INCOME STATEMENT / ESTADO DE RESULTADOS TRIMESTRAL,Non-controlling Stake on Net Profit,Particip. No Cont. En La Ut(Pérd Neta),-0.0128484138277391,MXN millions (ratios/growth as decimals),MXN,filings/capitaliq/Investment and Market research/Bimbo_2014-10-27_Interacciones_3Q14-First-View-Canada-Bread-1/Bimbo_2014-10-27_Interacciones_3Q14-First-View-Canada-Bread-1.xls,ABC Nominal con Flujo de Efecti,35,Broker (Interacciones) spreadsheet dated 2014-10-23; duplicate file -2 is byte-identical
3Q14,,QUARTERLY INCOME STATEMENT / ESTADO DE RESULTADOS TRIMESTRAL,Non-controlling Stake on Net Profit,Particip. No Cont. En La Ut(Pérd Neta),-0.740637747649292,MXN millions (ratios/growth as decimals),MXN,filings/capitaliq/Investment and Market research/Bimbo_2014-10-27_Interacciones_3Q14-First-View-Canada-Bread-1/Bimbo_2014-10-27_Interacciones_3Q14-First-View-Canada-Bread-1.xls,ABC Nominal con Flujo de Efecti,35,Broker (Interacciones) spreadsheet dated 2014-10-23; duplicate file -2 is byte-identical
3Q12,,QUARTERLY INCOME STATEMENT / ESTADO DE RESULTADOS TRIMESTRAL,Net Profit,Utilidad (Pérdida) Neta Mayoritaria,-0.820733797880867,MXN millions (ratios/growth as decimals),MXN,filings/capitaliq/Investment and Market research/Bimbo_2014-10-27_Interacciones_3Q14-First-View-Canada-Bread-1/Bimbo_2014-10-27_Interacciones_3Q14-First-View-Canada-Bread-1.xls,ABC Nominal con Flujo de Efecti,36,Broker (Interacciones) spreadsheet dated 2014-10-23; duplicate file -2 is byte-identical
2Q13,,QUARTERLY INCOME STATEMENT / ESTADO DE RESULTADOS TRIMESTRAL,Net Profit,Utilidad (Pérdida) Neta Mayoritaria,0.0608521176120234,MXN millions (ratios/growth as decimals),MXN,filings/capitaliq/Investment and Market research/Bimbo_2014-10-27_Interacciones_3Q14-First-View-Canada-Bread-1/Bimbo_2014-10-27_Interacciones_3Q14-First-View-Canada-Bread-1.xls,ABC Nominal con Flujo de Efecti,36,Broker (Interacciones) spreadsheet dated 2014-10-23; duplicate file -2 is byte-identical
3Q13,,QUARTERLY INCOME STATEMENT / ESTADO DE RESULTADOS TRIMESTRAL,Net Profit,Utilidad (Pérdida) Neta Mayoritaria,3.34395942123585,MXN millions (ratios/growth as decimals),MXN,filings/capitaliq/Investment and Market research/Bimbo_2014-10-27_Interacciones_3Q14-First-View-Canada-Bread-1/Bimbo_2014-10-27_Interacciones_3Q14-First-View-Canada-Bread-1.xls,ABC Nominal con Flujo de Efecti,36,Broker (Interacciones) spreadsheet dated 2014-10-23; duplicate file -2 is byte-identical
4Q13,,QUARTERLY INCOME STATEMENT / ESTADO DE RESULTADOS TRIMESTRAL,Net Profit,Utilidad (Pérdida) Neta Mayoritaria,6.2220147776005,MXN millions (ratios/growth as decimals),MXN,filings/capitaliq/Investment and Market research/Bimbo_2014-10-27_Interacciones_3Q14-First-View-Canada-Bread-1/Bimbo_2014-10-27_Interacciones_3Q14-First-View-Canada-Bread-1.xls,ABC Nominal con Flujo de Efecti,36,Broker (Interacciones) spreadsheet dated 2014-10-23; duplicate file -2 is byte-identical
1Q14,,QUARTERLY INCOME STATEMENT / ESTADO DE RESULTADOS TRIMESTRAL,Net Profit,Utilidad (Pérdida) Neta Mayoritaria,-0.0985480475286606,MXN millions (ratios/growth as decimals),MXN,filings/capitaliq/Investment and Market research/Bimbo_2014-10-27_Interacciones_3Q14-First-View-Canada-Bread-1/Bimbo_2014-10-27_Interacciones_3Q14-First-View-Canada-Bread-1.xls,ABC Nominal con Flujo de Efecti,36,Broker (Interacciones) spreadsheet dated 2014-10-23; duplicate file -2 is byte-identical
2Q14,,QUARTERLY INCOME STATEMENT / ESTADO DE RESULTADOS TRIMESTRAL,Net Profit,Utilidad (Pérdida) Neta Mayoritaria,0.72568370403103,MXN millions (ratios/growth as decimals),MXN,filings/capitaliq/Investment and Market research/Bimbo_2014-10-27_Interacciones_3Q14-First-View-Canada-Bread-1/Bimbo_2014-10-27_Interacciones_3Q14-First-View-Canada-Bread-1.xls,ABC Nominal con Flujo de Efecti,36,Broker (Interacciones) spreadsheet dated 2014-10-23; duplicate file -2 is byte-identical
3Q14,,QUARTERLY INCOME STATEMENT / ESTADO DE RESULTADOS TRIMESTRAL,Net Profit,Utilidad (Pérdida) Neta Mayoritaria,0.200039193907789,MXN millions (ratios/growth as decimals),MXN,filings/capitaliq/Investment and Market research/Bimbo_2014-10-27_Interacciones_3Q14-First-View-Canada-Bread-1/Bimbo_2014-10-27_Interacciones_3Q14-First-View-Canada-Bread-1.xls,ABC Nominal con Flujo de Efecti,36,Broker (Interacciones) spreadsheet dated 2014-10-23; duplicate file -2 is byte-identical
3Q12,,QUARTERLY INCOME STATEMENT / ESTADO DE RESULTADOS TRIMESTRAL,Earnings per Share (EPS),Utilidad por acción,-0.820733797880867,MXN millions (ratios/growth as decimals),MXN,filings/capitaliq/Investment and Market research/Bimbo_2014-10-27_Interacciones_3Q14-First-View-Canada-Bread-1/Bimbo_2014-10-27_Interacciones_3Q14-First-View-Canada-Bread-1.xls,ABC Nominal con Flujo de Efecti,37,Broker (Interacciones) spreadsheet dated 2014-10-23; duplicate file -2 is byte-identical
2Q13,,QUARTERLY INCOME STATEMENT / ESTADO DE RESULTADOS TRIMESTRAL,Earnings per Share (EPS),Utilidad por acción,0.0608521176120234,MXN millions (ratios/growth as decimals),MXN,filings/capitaliq/Investment and Market research/Bimbo_2014-10-27_Interacciones_3Q14-First-View-Canada-Bread-1/Bimbo_2014-10-27_Interacciones_3Q14-First-View-Canada-Bread-1.xls,ABC Nominal con Flujo de Efecti,37,Broker (Interacciones) spreadsheet dated 2014-10-23; duplicate file -2 is byte-identical
3Q13,,QUARTERLY INCOME STATEMENT / ESTADO DE RESULTADOS TRIMESTRAL,Earnings per Share (EPS),Utilidad por acción,3.34395942123585,MXN millions (ratios/growth as decimals),MXN,filings/capitaliq/Investment and Market research/Bimbo_2014-10-27_Interacciones_3Q14-First-View-Canada-Bread-1/Bimbo_2014-10-27_Interacciones_3Q14-First-View-Canada-Bread-1.xls,ABC Nominal con Flujo de Efecti,37,Broker (Interacciones) spreadsheet dated 2014-10-23; duplicate file -2 is byte-identical
4Q13,,QUARTERLY INCOME STATEMENT / ESTADO DE RESULTADOS TRIMESTRAL,Earnings per Share (EPS),Utilidad por acción,6.2220147776005,MXN millions (ratios/growth as decimals),MXN,filings/capitaliq/Investment and Market research/Bimbo_2014-10-27_Interacciones_3Q14-First-View-Canada-Bread-1/Bimbo_2014-10-27_Interacciones_3Q14-First-View-Canada-Bread-1.xls,ABC Nominal con Flujo de Efecti,37,Broker (Interacciones) spreadsheet dated 2014-10-23; duplicate file -2 is byte-identical
1Q14,,QUARTERLY INCOME STATEMENT / ESTADO DE RESULTADOS TRIMESTRAL,Earnings per Share (EPS),Utilidad por acción,-0.0985480475286606,MXN millions (ratios/growth as decimals),MXN,filings/capitaliq/Investment and Market research/Bimbo_2014-10-27_Interacciones_3Q14-First-View-Canada-Bread-1/Bimbo_2014-10-27_Interacciones_3Q14-First-View-Canada-Bread-1.xls,ABC Nominal con Flujo de Efecti,37,Broker (Interacciones) spreadsheet dated 2014-10-23; duplicate file -2 is byte-identical
2Q14,,QUARTERLY INCOME STATEMENT / ESTADO DE RESULTADOS TRIMESTRAL,Earnings per Share (EPS),Utilidad por acción,0.72568370403103,MXN millions (ratios/growth as decimals),MXN,filings/capitaliq/Investment and Market research/Bimbo_2014-10-27_Interacciones_3Q14-First-View-Canada-Bread-1/Bimbo_2014-10-27_Interacciones_3Q14-First-View-Canada-Bread-1.xls,ABC Nominal con Flujo de Efecti,37,Broker (Interacciones) spreadsheet dated 2014-10-23; duplicate file -2 is byte-identical
3Q14,,QUARTERLY INCOME STATEMENT / ESTADO DE RESULTADOS TRIMESTRAL,Earnings per Share (EPS),Utilidad por acción,0.161306960445878,MXN millions (ratios/growth as decimals),MXN,filings/capitaliq/Investment and Market research/Bimbo_2014-10-27_Interacciones_3Q14-First-View-Canada-Bread-1/Bimbo_2014-10-27_Interacciones_3Q14-First-View-Canada-Bread-1.xls,ABC Nominal con Flujo de Efecti,37,Broker (Interacciones) spreadsheet dated 2014-10-23; duplicate file -2 is byte-identical
3Q12,,BALANCE SHEET / BALANCE,Total Assets,Activo Total,134352.094,MXN millions (ratios/growth as decimals),MXN,filings/capitaliq/Investment and Market research/Bimbo_2014-10-27_Interacciones_3Q14-First-View-Canada-Bread-1/Bimbo_2014-10-27_Interacciones_3Q14-First-View-Canada-Bread-1.xls,ABC Nominal con Flujo de Efecti,41,Broker (Interacciones) spreadsheet dated 2014-10-23; duplicate file -2 is byte-identical
2Q13,,BALANCE SHEET / BALANCE,Total Assets,Activo Total,135367.599,MXN millions (ratios/growth as decimals),MXN,filings/capitaliq/Investment and Market research/Bimbo_2014-10-27_Interacciones_3Q14-First-View-Canada-Bread-1/Bimbo_2014-10-27_Interacciones_3Q14-First-View-Canada-Bread-1.xls,ABC Nominal con Flujo de Efecti,41,Broker (Interacciones) spreadsheet dated 2014-10-23; duplicate file -2 is byte-identical
3Q13,,BALANCE SHEET / BALANCE,Total Assets,Activo Total,136977.876,MXN millions (ratios/growth as decimals),MXN,filings/capitaliq/Investment and Market research/Bimbo_2014-10-27_Interacciones_3Q14-First-View-Canada-Bread-1/Bimbo_2014-10-27_Interacciones_3Q14-First-View-Canada-Bread-1.xls,ABC Nominal con Flujo de Efecti,41,Broker (Interacciones) spreadsheet dated 2014-10-23; duplicate file -2 is byte-identical
4Q13,,BALANCE SHEET / BALANCE,Total Assets,Activo Total,134727.27,MXN millions (ratios/growth as decimals),MXN,filings/capitaliq/Investment and Market research/Bimbo_2014-10-27_Interacciones_3Q14-First-View-Canada-Bread-1/Bimbo_2014-10-27_Interacciones_3Q14-First-View-Canada-Bread-1.xls,ABC Nominal con Flujo de Efecti,41,Broker (Interacciones) spreadsheet dated 2014-10-23; duplicate file -2 is byte-identical
1Q14,,BALANCE SHEET / BALANCE,Total Assets,Activo Total,134348.871,MXN millions (ratios/growth as decimals),MXN,filings/capitaliq/Investment and Market research/Bimbo_2014-10-27_Interacciones_3Q14-First-View-Canada-Bread-1/Bimbo_2014-10-27_Interacciones_3Q14-First-View-Canada-Bread-1.xls,ABC Nominal con Flujo de Efecti,41,Broker (Interacciones) spreadsheet dated 2014-10-23; duplicate file -2 is byte-identical
2Q14,,BALANCE SHEET / BALANCE,Total Assets,Activo Total,162247.728,MXN millions (ratios/growth as decimals),MXN,filings/capitaliq/Investment and Market research/Bimbo_2014-10-27_Interacciones_3Q14-First-View-Canada-Bread-1/Bimbo_2014-10-27_Interacciones_3Q14-First-View-Canada-Bread-1.xls,ABC Nominal con Flujo de Efecti,41,Broker (Interacciones) spreadsheet dated 2014-10-23; duplicate file -2 is byte-identical
3Q14,,BALANCE SHEET / BALANCE,Total Assets,Activo Total,164028.123,MXN millions (ratios/growth as decimals),MXN,filings/capitaliq/Investment and Market research/Bimbo_2014-10-27_Interacciones_3Q14-First-View-Canada-Bread-1/Bimbo_2014-10-27_Interacciones_3Q14-First-View-Canada-Bread-1.xls,ABC Nominal con Flujo de Efecti,41,Broker (Interacciones) spreadsheet dated 2014-10-23; duplicate file -2 is byte-identical
3Q12,,BALANCE SHEET / BALANCE,Current  assets,Activo Circulante,26913.979,MXN millions (ratios/growth as decimals),MXN,filings/capitaliq/Investment and Market research/Bimbo_2014-10-27_Interacciones_3Q14-First-View-Canada-Bread-1/Bimbo_2014-10-27_Interacciones_3Q14-First-View-Canada-Bread-1.xls,ABC Nominal con Flujo de Efecti,42,Broker (Interacciones) spreadsheet dated 2014-10-23; duplicate file -2 is byte-identical
2Q13,,BALANCE SHEET / BALANCE,Current  assets,Activo Circulante,26464.43,MXN millions (ratios/growth as decimals),MXN,filings/capitaliq/Investment and Market research/Bimbo_2014-10-27_Interacciones_3Q14-First-View-Canada-Bread-1/Bimbo_2014-10-27_Interacciones_3Q14-First-View-Canada-Bread-1.xls,ABC Nominal con Flujo de Efecti,42,Broker (Interacciones) spreadsheet dated 2014-10-23; duplicate file -2 is byte-identical
3Q13,,BALANCE SHEET / BALANCE,Current  assets,Activo Circulante,27542.422,MXN millions (ratios/growth as decimals),MXN,filings/capitaliq/Investment and Market research/Bimbo_2014-10-27_Interacciones_3Q14-First-View-Canada-Bread-1/Bimbo_2014-10-27_Interacciones_3Q14-First-View-Canada-Bread-1.xls,ABC Nominal con Flujo de Efecti,42,Broker (Interacciones) spreadsheet dated 2014-10-23; duplicate file -2 is byte-identical
4Q13,,BALANCE SHEET / BALANCE,Current  assets,Activo Circulante,24740.909,MXN millions (ratios/growth as decimals),MXN,filings/capitaliq/Investment and Market research/Bimbo_2014-10-27_Interacciones_3Q14-First-View-Canada-Bread-1/Bimbo_2014-10-27_Interacciones_3Q14-First-View-Canada-Bread-1.xls,ABC Nominal con Flujo de Efecti,42,Broker (Interacciones) spreadsheet dated 2014-10-23; duplicate file -2 is byte-identical
1Q14,,BALANCE SHEET / BALANCE,Current  assets,Activo Circulante,25092.897,MXN millions (ratios/growth as decimals),MXN,filings/capitaliq/Investment and Market research/Bimbo_2014-10-27_Interacciones_3Q14-First-View-Canada-Bread-1/Bimbo_2014-10-27_Interacciones_3Q14-First-View-Canada-Bread-1.xls,ABC Nominal con Flujo de Efecti,42,Broker (Interacciones) spreadsheet dated 2014-10-23; duplicate file -2 is byte-identical
2Q14,,BALANCE SHEET / BALANCE,Current  assets,Activo Circulante,29739.13,MXN millions (ratios/growth as decimals),MXN,filings/capitaliq/Investment and Market research/Bimbo_2014-10-27_Interacciones_3Q14-First-View-Canada-Bread-1/Bimbo_2014-10-27_Interacciones_3Q14-First-View-Canada-Bread-1.xls,ABC Nominal con Flujo de Efecti,42,Broker (Interacciones) spreadsheet dated 2014-10-23; duplicate file -2 is byte-identical
3Q14,,BALANCE SHEET / BALANCE,Current  assets,Activo Circulante,29175.787,MXN millions (ratios/growth as decimals),MXN,filings/capitaliq/Investment and Market research/Bimbo_2014-10-27_Interacciones_3Q14-First-View-Canada-Bread-1/Bimbo_2014-10-27_Interacciones_3Q14-First-View-Canada-Bread-1.xls,ABC Nominal con Flujo de Efecti,42,Broker (Interacciones) spreadsheet dated 2014-10-23; duplicate file -2 is byte-identical
3Q12,,BALANCE SHEET / BALANCE,Cash and Cash Equivalent,Efvo Y Equiv de Efvo,4281.636,MXN millions (ratios/growth as decimals),MXN,filings/capitaliq/Investment and Market research/Bimbo_2014-10-27_Interacciones_3Q14-First-View-Canada-Bread-1/Bimbo_2014-10-27_Interacciones_3Q14-First-View-Canada-Bread-1.xls,ABC Nominal con Flujo de Efecti,43,Broker (Interacciones) spreadsheet dated 2014-10-23; duplicate file -2 is byte-identical
2Q13,,BALANCE SHEET / BALANCE,Cash and Cash Equivalent,Efvo Y Equiv de Efvo,5217.646,MXN millions (ratios/growth as decimals),MXN,filings/capitaliq/Investment and Market research/Bimbo_2014-10-27_Interacciones_3Q14-First-View-Canada-Bread-1/Bimbo_2014-10-27_Interacciones_3Q14-First-View-Canada-Bread-1.xls,ABC Nominal con Flujo de Efecti,43,Broker (Interacciones) spreadsheet dated 2014-10-23; duplicate file -2 is byte-identical
3Q13,,BALANCE SHEET / BALANCE,Cash and Cash Equivalent,Efvo Y Equiv de Efvo,4993.126,MXN millions (ratios/growth as decimals),MXN,filings/capitaliq/Investment and Market research/Bimbo_2014-10-27_Interacciones_3Q14-First-View-Canada-Bread-1/Bimbo_2014-10-27_Interacciones_3Q14-First-View-Canada-Bread-1.xls,ABC Nominal con Flujo de Efecti,43,Broker (Interacciones) spreadsheet dated 2014-10-23; duplicate file -2 is byte-identical
4Q13,,BALANCE SHEET / BALANCE,Cash and Cash Equivalent,Efvo Y Equiv de Efvo,2503.98,MXN millions (ratios/growth as decimals),MXN,filings/capitaliq/Investment and Market research/Bimbo_2014-10-27_Interacciones_3Q14-First-View-Canada-Bread-1/Bimbo_2014-10-27_Interacciones_3Q14-First-View-Canada-Bread-1.xls,ABC Nominal con Flujo de Efecti,43,Broker (Interacciones) spreadsheet dated 2014-10-23; duplicate file -2 is byte-identical
1Q14,,BALANCE SHEET / BALANCE,Cash and Cash Equivalent,Efvo Y Equiv de Efvo,3578.809,MXN millions (ratios/growth as decimals),MXN,filings/capitaliq/Investment and Market research/Bimbo_2014-10-27_Interacciones_3Q14-First-View-Canada-Bread-1/Bimbo_2014-10-27_Interacciones_3Q14-First-View-Canada-Bread-1.xls,ABC Nominal con Flujo de Efecti,43,Broker (Interacciones) spreadsheet dated 2014-10-23; duplicate file -2 is byte-identical
2Q14,,BALANCE SHEET / BALANCE,Cash and Cash Equivalent,Efvo Y Equiv de Efvo,6057.292,MXN millions (ratios/growth as decimals),MXN,filings/capitaliq/Investment and Market research/Bimbo_2014-10-27_Interacciones_3Q14-First-View-Canada-Bread-1/Bimbo_2014-10-27_Interacciones_3Q14-First-View-Canada-Bread-1.xls,ABC Nominal con Flujo de Efecti,43,Broker (Interacciones) spreadsheet dated 2014-10-23; duplicate file -2 is byte-identical
3Q14,,BALANCE SHEET / BALANCE,Cash and Cash Equivalent,Efvo Y Equiv de Efvo,3601.432,MXN millions (ratios/growth as decimals),MXN,filings/capitaliq/Investment and Market research/Bimbo_2014-10-27_Interacciones_3Q14-First-View-Canada-Bread-1/Bimbo_2014-10-27_Interacciones_3Q14-First-View-Canada-Bread-1.xls,ABC Nominal con Flujo de Efecti,43,Broker (Interacciones) spreadsheet dated 2014-10-23; duplicate file -2 is byte-identical
3Q12,,BALANCE SHEET / BALANCE,Inventories,Inventarios,4540.364,MXN millions (ratios/growth as decimals),MXN,filings/capitaliq/Investment and Market research/Bimbo_2014-10-27_Interacciones_3Q14-First-View-Canada-Bread-1/Bimbo_2014-10-27_Interacciones_3Q14-First-View-Canada-Bread-1.xls,ABC Nominal con Flujo de Efecti,44,Broker (Interacciones) spreadsheet dated 2014-10-23; duplicate file -2 is byte-identical
2Q13,,BALANCE SHEET / BALANCE,Inventories,Inventarios,4234.621,MXN millions (ratios/growth as decimals),MXN,filings/capitaliq/Investment and Market research/Bimbo_2014-10-27_Interacciones_3Q14-First-View-Canada-Bread-1/Bimbo_2014-10-27_Interacciones_3Q14-First-View-Canada-Bread-1.xls,ABC Nominal con Flujo de Efecti,44,Broker (Interacciones) spreadsheet dated 2014-10-23; duplicate file -2 is byte-identical
3Q13,,BALANCE SHEET / BALANCE,Inventories,Inventarios,4255.845,MXN millions (ratios/growth as decimals),MXN,filings/capitaliq/Investment and Market research/Bimbo_2014-10-27_Interacciones_3Q14-First-View-Canada-Bread-1/Bimbo_2014-10-27_Interacciones_3Q14-First-View-Canada-Bread-1.xls,ABC Nominal con Flujo de Efecti,44,Broker (Interacciones) spreadsheet dated 2014-10-23; duplicate file -2 is byte-identical
4Q13,,BALANCE SHEET / BALANCE,Inventories,Inventarios,4729.149,MXN millions (ratios/growth as decimals),MXN,filings/capitaliq/Investment and Market research/Bimbo_2014-10-27_Interacciones_3Q14-First-View-Canada-Bread-1/Bimbo_2014-10-27_Interacciones_3Q14-First-View-Canada-Bread-1.xls,ABC Nominal con Flujo de Efecti,44,Broker (Interacciones) spreadsheet dated 2014-10-23; duplicate file -2 is byte-identical
1Q14,,BALANCE SHEET / BALANCE,Inventories,Inventarios,3905.347,MXN millions (ratios/growth as decimals),MXN,filings/capitaliq/Investment and Market research/Bimbo_2014-10-27_Interacciones_3Q14-First-View-Canada-Bread-1/Bimbo_2014-10-27_Interacciones_3Q14-First-View-Canada-Bread-1.xls,ABC Nominal con Flujo de Efecti,44,Broker (Interacciones) spreadsheet dated 2014-10-23; duplicate file -2 is byte-identical
2Q14,,BALANCE SHEET / BALANCE,Inventories,Inventarios,4598.798,MXN millions (ratios/growth as decimals),MXN,filings/capitaliq/Investment and Market research/Bimbo_2014-10-27_Interacciones_3Q14-First-View-Canada-Bread-1/Bimbo_2014-10-27_Interacciones_3Q14-First-View-Canada-Bread-1.xls,ABC Nominal con Flujo de Efecti,44,Broker (Interacciones) spreadsheet dated 2014-10-23; duplicate file -2 is byte-identical
3Q14,,BALANCE SHEET / BALANCE,Inventories,Inventarios,4743.93,MXN millions (ratios/growth as decimals),MXN,filings/capitaliq/Investment and Market research/Bimbo_2014-10-27_Interacciones_3Q14-First-View-Canada-Bread-1/Bimbo_2014-10-27_Interacciones_3Q14-First-View-Canada-Bread-1.xls,ABC Nominal con Flujo de Efecti,44,Broker (Interacciones) spreadsheet dated 2014-10-23; duplicate file -2 is byte-identical
3Q12,,BALANCE SHEET / BALANCE,Non-Current Assets,Activo No Circulante,107438.115,MXN millions (ratios/growth as decimals),MXN,filings/capitaliq/Investment and Market research/Bimbo_2014-10-27_Interacciones_3Q14-First-View-Canada-Bread-1/Bimbo_2014-10-27_Interacciones_3Q14-First-View-Canada-Bread-1.xls,ABC Nominal con Flujo de Efecti,45,Broker (Interacciones) spreadsheet dated 2014-10-23; duplicate file -2 is byte-identical
2Q13,,BALANCE SHEET / BALANCE,Non-Current Assets,Activo No Circulante,108903.169,MXN millions (ratios/growth as decimals),MXN,filings/capitaliq/Investment and Market research/Bimbo_2014-10-27_Interacciones_3Q14-First-View-Canada-Bread-1/Bimbo_2014-10-27_Interacciones_3Q14-First-View-Canada-Bread-1.xls,ABC Nominal con Flujo de Efecti,45,Broker (Interacciones) spreadsheet dated 2014-10-23; duplicate file -2 is byte-identical
3Q13,,BALANCE SHEET / BALANCE,Non-Current Assets,Activo No Circulante,109435.454,MXN millions (ratios/growth as decimals),MXN,filings/capitaliq/Investment and Market research/Bimbo_2014-10-27_Interacciones_3Q14-First-View-Canada-Bread-1/Bimbo_2014-10-27_Interacciones_3Q14-First-View-Canada-Bread-1.xls,ABC Nominal con Flujo de Efecti,45,Broker (Interacciones) spreadsheet dated 2014-10-23; duplicate file -2 is byte-identical
4Q13,,BALANCE SHEET / BALANCE,Non-Current Assets,Activo No Circulante,109986.361,MXN millions (ratios/growth as decimals),MXN,filings/capitaliq/Investment and Market research/Bimbo_2014-10-27_Interacciones_3Q14-First-View-Canada-Bread-1/Bimbo_2014-10-27_Interacciones_3Q14-First-View-Canada-Bread-1.xls,ABC Nominal con Flujo de Efecti,45,Broker (Interacciones) spreadsheet dated 2014-10-23; duplicate file -2 is byte-identical
1Q14,,BALANCE SHEET / BALANCE,Non-Current Assets,Activo No Circulante,109255.974,MXN millions (ratios/growth as decimals),MXN,filings/capitaliq/Investment and Market research/Bimbo_2014-10-27_Interacciones_3Q14-First-View-Canada-Bread-1/Bimbo_2014-10-27_Interacciones_3Q14-First-View-Canada-Bread-1.xls,ABC Nominal con Flujo de Efecti,45,Broker (Interacciones) spreadsheet dated 2014-10-23; duplicate file -2 is byte-identical
2Q14,,BALANCE SHEET / BALANCE,Non-Current Assets,Activo No Circulante,132508.598,MXN millions (ratios/growth as decimals),MXN,filings/capitaliq/Investment and Market research/Bimbo_2014-10-27_Interacciones_3Q14-First-View-Canada-Bread-1/Bimbo_2014-10-27_Interacciones_3Q14-First-View-Canada-Bread-1.xls,ABC Nominal con Flujo de Efecti,45,Broker (Interacciones) spreadsheet dated 2014-10-23; duplicate file -2 is byte-identical
3Q14,,BALANCE SHEET / BALANCE,Non-Current Assets,Activo No Circulante,134852.336,MXN millions (ratios/growth as decimals),MXN,filings/capitaliq/Investment and Market research/Bimbo_2014-10-27_Interacciones_3Q14-First-View-Canada-Bread-1/Bimbo_2014-10-27_Interacciones_3Q14-First-View-Canada-Bread-1.xls,ABC Nominal con Flujo de Efecti,45,Broker (Interacciones) spreadsheet dated 2014-10-23; duplicate file -2 is byte-identical
3Q12,,BALANCE SHEET / BALANCE,Fixed Assets,Propiedad Planta y equipo neto,41809.313,MXN millions (ratios/growth as decimals),MXN,filings/capitaliq/Investment and Market research/Bimbo_2014-10-27_Interacciones_3Q14-First-View-Canada-Bread-1/Bimbo_2014-10-27_Interacciones_3Q14-First-View-Canada-Bread-1.xls,ABC Nominal con Flujo de Efecti,46,Broker (Interacciones) spreadsheet dated 2014-10-23; duplicate file -2 is byte-identical
2Q13,,BALANCE SHEET / BALANCE,Fixed Assets,Propiedad Planta y equipo neto,41037.671,MXN millions (ratios/growth as decimals),MXN,filings/capitaliq/Investment and Market research/Bimbo_2014-10-27_Interacciones_3Q14-First-View-Canada-Bread-1/Bimbo_2014-10-27_Interacciones_3Q14-First-View-Canada-Bread-1.xls,ABC Nominal con Flujo de Efecti,46,Broker (Interacciones) spreadsheet dated 2014-10-23; duplicate file -2 is byte-identical
3Q13,,BALANCE SHEET / BALANCE,Fixed Assets,Propiedad Planta y equipo neto,41880.171,MXN millions (ratios/growth as decimals),MXN,filings/capitaliq/Investment and Market research/Bimbo_2014-10-27_Interacciones_3Q14-First-View-Canada-Bread-1/Bimbo_2014-10-27_Interacciones_3Q14-First-View-Canada-Bread-1.xls,ABC Nominal con Flujo de Efecti,46,Broker (Interacciones) spreadsheet dated 2014-10-23; duplicate file -2 is byte-identical
4Q13,,BALANCE SHEET / BALANCE,Fixed Assets,Propiedad Planta y equipo neto,42683.508,MXN millions (ratios/growth as decimals),MXN,filings/capitaliq/Investment and Market research/Bimbo_2014-10-27_Interacciones_3Q14-First-View-Canada-Bread-1/Bimbo_2014-10-27_Interacciones_3Q14-First-View-Canada-Bread-1.xls,ABC Nominal con Flujo de Efecti,46,Broker (Interacciones) spreadsheet dated 2014-10-23; duplicate file -2 is byte-identical
1Q14,,BALANCE SHEET / BALANCE,Fixed Assets,Propiedad Planta y equipo neto,42185.944,MXN millions (ratios/growth as decimals),MXN,filings/capitaliq/Investment and Market research/Bimbo_2014-10-27_Interacciones_3Q14-First-View-Canada-Bread-1/Bimbo_2014-10-27_Interacciones_3Q14-First-View-Canada-Bread-1.xls,ABC Nominal con Flujo de Efecti,46,Broker (Interacciones) spreadsheet dated 2014-10-23; duplicate file -2 is byte-identical
2Q14,,BALANCE SHEET / BALANCE,Fixed Assets,Propiedad Planta y equipo neto,47111.794,MXN millions (ratios/growth as decimals),MXN,filings/capitaliq/Investment and Market research/Bimbo_2014-10-27_Interacciones_3Q14-First-View-Canada-Bread-1/Bimbo_2014-10-27_Interacciones_3Q14-First-View-Canada-Bread-1.xls,ABC Nominal con Flujo de Efecti,46,Broker (Interacciones) spreadsheet dated 2014-10-23; duplicate file -2 is byte-identical
3Q14,,BALANCE SHEET / BALANCE,Fixed Assets,Propiedad Planta y equipo neto,47686.128,MXN millions (ratios/growth as decimals),MXN,filings/capitaliq/Investment and Market research/Bimbo_2014-10-27_Interacciones_3Q14-First-View-Canada-Bread-1/Bimbo_2014-10-27_Interacciones_3Q14-First-View-Canada-Bread-1.xls,ABC Nominal con Flujo de Efecti,46,Broker (Interacciones) spreadsheet dated 2014-10-23; duplicate file -2 is byte-identical
3Q12,,BALANCE SHEET / BALANCE,Net Intangible Assets,Activos Intangibles netos,53685.493,MXN millions (ratios/growth as decimals),MXN,filings/capitaliq/Investment and Market research/Bimbo_2014-10-27_Interacciones_3Q14-First-View-Canada-Bread-1/Bimbo_2014-10-27_Interacciones_3Q14-First-View-Canada-Bread-1.xls,ABC Nominal con Flujo de Efecti,47,Broker (Interacciones) spreadsheet dated 2014-10-23; duplicate file -2 is byte-identical
2Q13,,BALANCE SHEET / BALANCE,Net Intangible Assets,Activos Intangibles netos,56218.743,MXN millions (ratios/growth as decimals),MXN,filings/capitaliq/Investment and Market research/Bimbo_2014-10-27_Interacciones_3Q14-First-View-Canada-Bread-1/Bimbo_2014-10-27_Interacciones_3Q14-First-View-Canada-Bread-1.xls,ABC Nominal con Flujo de Efecti,47,Broker (Interacciones) spreadsheet dated 2014-10-23; duplicate file -2 is byte-identical
3Q13,,BALANCE SHEET / BALANCE,Net Intangible Assets,Activos Intangibles netos,56319.781,MXN millions (ratios/growth as decimals),MXN,filings/capitaliq/Investment and Market research/Bimbo_2014-10-27_Interacciones_3Q14-First-View-Canada-Bread-1/Bimbo_2014-10-27_Interacciones_3Q14-First-View-Canada-Bread-1.xls,ABC Nominal con Flujo de Efecti,47,Broker (Interacciones) spreadsheet dated 2014-10-23; duplicate file -2 is byte-identical
4Q13,,BALANCE SHEET / BALANCE,Net Intangible Assets,Activos Intangibles netos,56798.376,MXN millions (ratios/growth as decimals),MXN,filings/capitaliq/Investment and Market research/Bimbo_2014-10-27_Interacciones_3Q14-First-View-Canada-Bread-1/Bimbo_2014-10-27_Interacciones_3Q14-First-View-Canada-Bread-1.xls,ABC Nominal con Flujo de Efecti,47,Broker (Interacciones) spreadsheet dated 2014-10-23; duplicate file -2 is byte-identical
1Q14,,BALANCE SHEET / BALANCE,Net Intangible Assets,Activos Intangibles netos,56937.835,MXN millions (ratios/growth as decimals),MXN,filings/capitaliq/Investment and Market research/Bimbo_2014-10-27_Interacciones_3Q14-First-View-Canada-Bread-1/Bimbo_2014-10-27_Interacciones_3Q14-First-View-Canada-Bread-1.xls,ABC Nominal con Flujo de Efecti,47,Broker (Interacciones) spreadsheet dated 2014-10-23; duplicate file -2 is byte-identical
2Q14,,BALANCE SHEET / BALANCE,Net Intangible Assets,Activos Intangibles netos,75265.507,MXN millions (ratios/growth as decimals),MXN,filings/capitaliq/Investment and Market research/Bimbo_2014-10-27_Interacciones_3Q14-First-View-Canada-Bread-1/Bimbo_2014-10-27_Interacciones_3Q14-First-View-Canada-Bread-1.xls,ABC Nominal con Flujo de Efecti,47,Broker (Interacciones) spreadsheet dated 2014-10-23; duplicate file -2 is byte-identical
3Q14,,BALANCE SHEET / BALANCE,Net Intangible Assets,Activos Intangibles netos,76270.049,MXN millions (ratios/growth as decimals),MXN,filings/capitaliq/Investment and Market research/Bimbo_2014-10-27_Interacciones_3Q14-First-View-Canada-Bread-1/Bimbo_2014-10-27_Interacciones_3Q14-First-View-Canada-Bread-1.xls,ABC Nominal con Flujo de Efecti,47,Broker (Interacciones) spreadsheet dated 2014-10-23; duplicate file -2 is byte-identical
3Q12,,BALANCE SHEET / BALANCE,Total Liabilities,Pasivo Total,84658.261,MXN millions (ratios/growth as decimals),MXN,filings/capitaliq/Investment and Market research/Bimbo_2014-10-27_Interacciones_3Q14-First-View-Canada-Bread-1/Bimbo_2014-10-27_Interacciones_3Q14-First-View-Canada-Bread-1.xls,ABC Nominal con Flujo de Efecti,48,Broker (Interacciones) spreadsheet dated 2014-10-23; duplicate file -2 is byte-identical
2Q13,,BALANCE SHEET / BALANCE,Total Liabilities,Pasivo Total,89415.939,MXN millions (ratios/growth as decimals),MXN,filings/capitaliq/Investment and Market research/Bimbo_2014-10-27_Interacciones_3Q14-First-View-Canada-Bread-1/Bimbo_2014-10-27_Interacciones_3Q14-First-View-Canada-Bread-1.xls,ABC Nominal con Flujo de Efecti,48,Broker (Interacciones) spreadsheet dated 2014-10-23; duplicate file -2 is byte-identical
3Q13,,BALANCE SHEET / BALANCE,Total Liabilities,Pasivo Total,90304.857,MXN millions (ratios/growth as decimals),MXN,filings/capitaliq/Investment and Market research/Bimbo_2014-10-27_Interacciones_3Q14-First-View-Canada-Bread-1/Bimbo_2014-10-27_Interacciones_3Q14-First-View-Canada-Bread-1.xls,ABC Nominal con Flujo de Efecti,48,Broker (Interacciones) spreadsheet dated 2014-10-23; duplicate file -2 is byte-identical
4Q13,,BALANCE SHEET / BALANCE,Total Liabilities,Pasivo Total,86944.218,MXN millions (ratios/growth as decimals),MXN,filings/capitaliq/Investment and Market research/Bimbo_2014-10-27_Interacciones_3Q14-First-View-Canada-Bread-1/Bimbo_2014-10-27_Interacciones_3Q14-First-View-Canada-Bread-1.xls,ABC Nominal con Flujo de Efecti,48,Broker (Interacciones) spreadsheet dated 2014-10-23; duplicate file -2 is byte-identical
1Q14,,BALANCE SHEET / BALANCE,Total Liabilities,Pasivo Total,85574.741,MXN millions (ratios/growth as decimals),MXN,filings/capitaliq/Investment and Market research/Bimbo_2014-10-27_Interacciones_3Q14-First-View-Canada-Bread-1/Bimbo_2014-10-27_Interacciones_3Q14-First-View-Canada-Bread-1.xls,ABC Nominal con Flujo de Efecti,48,Broker (Interacciones) spreadsheet dated 2014-10-23; duplicate file -2 is byte-identical
2Q14,,BALANCE SHEET / BALANCE,Total Liabilities,Pasivo Total,111918.827,MXN millions (ratios/growth as decimals),MXN,filings/capitaliq/Investment and Market research/Bimbo_2014-10-27_Interacciones_3Q14-First-View-Canada-Bread-1/Bimbo_2014-10-27_Interacciones_3Q14-First-View-Canada-Bread-1.xls,ABC Nominal con Flujo de Efecti,48,Broker (Interacciones) spreadsheet dated 2014-10-23; duplicate file -2 is byte-identical
3Q14,,BALANCE SHEET / BALANCE,Total Liabilities,Pasivo Total,113409.17,MXN millions (ratios/growth as decimals),MXN,filings/capitaliq/Investment and Market research/Bimbo_2014-10-27_Interacciones_3Q14-First-View-Canada-Bread-1/Bimbo_2014-10-27_Interacciones_3Q14-First-View-Canada-Bread-1.xls,ABC Nominal con Flujo de Efecti,48,Broker (Interacciones) spreadsheet dated 2014-10-23; duplicate file -2 is byte-identical
3Q12,,BALANCE SHEET / BALANCE,Current Liabilities,Pasivo Circulante,23466.13,MXN millions (ratios/growth as decimals),MXN,filings/capitaliq/Investment and Market research/Bimbo_2014-10-27_Interacciones_3Q14-First-View-Canada-Bread-1/Bimbo_2014-10-27_Interacciones_3Q14-First-View-Canada-Bread-1.xls,ABC Nominal con Flujo de Efecti,49,Broker (Interacciones) spreadsheet dated 2014-10-23; duplicate file -2 is byte-identical
2Q13,,BALANCE SHEET / BALANCE,Current Liabilities,Pasivo Circulante,32294.888,MXN millions (ratios/growth as decimals),MXN,filings/capitaliq/Investment and Market research/Bimbo_2014-10-27_Interacciones_3Q14-First-View-Canada-Bread-1/Bimbo_2014-10-27_Interacciones_3Q14-First-View-Canada-Bread-1.xls,ABC Nominal con Flujo de Efecti,49,Broker (Interacciones) spreadsheet dated 2014-10-23; duplicate file -2 is byte-identical
3Q13,,BALANCE SHEET / BALANCE,Current Liabilities,Pasivo Circulante,34013.26,MXN millions (ratios/growth as decimals),MXN,filings/capitaliq/Investment and Market research/Bimbo_2014-10-27_Interacciones_3Q14-First-View-Canada-Bread-1/Bimbo_2014-10-27_Interacciones_3Q14-First-View-Canada-Bread-1.xls,ABC Nominal con Flujo de Efecti,49,Broker (Interacciones) spreadsheet dated 2014-10-23; duplicate file -2 is byte-identical
4Q13,,BALANCE SHEET / BALANCE,Current Liabilities,Pasivo Circulante,33278.196,MXN millions (ratios/growth as decimals),MXN,filings/capitaliq/Investment and Market research/Bimbo_2014-10-27_Interacciones_3Q14-First-View-Canada-Bread-1/Bimbo_2014-10-27_Interacciones_3Q14-First-View-Canada-Bread-1.xls,ABC Nominal con Flujo de Efecti,49,Broker (Interacciones) spreadsheet dated 2014-10-23; duplicate file -2 is byte-identical
1Q14,,BALANCE SHEET / BALANCE,Current Liabilities,Pasivo Circulante,32289.647,MXN millions (ratios/growth as decimals),MXN,filings/capitaliq/Investment and Market research/Bimbo_2014-10-27_Interacciones_3Q14-First-View-Canada-Bread-1/Bimbo_2014-10-27_Interacciones_3Q14-First-View-Canada-Bread-1.xls,ABC Nominal con Flujo de Efecti,49,Broker (Interacciones) spreadsheet dated 2014-10-23; duplicate file -2 is byte-identical
2Q14,,BALANCE SHEET / BALANCE,Current Liabilities,Pasivo Circulante,30403.503,MXN millions (ratios/growth as decimals),MXN,filings/capitaliq/Investment and Market research/Bimbo_2014-10-27_Interacciones_3Q14-First-View-Canada-Bread-1/Bimbo_2014-10-27_Interacciones_3Q14-First-View-Canada-Bread-1.xls,ABC Nominal con Flujo de Efecti,49,Broker (Interacciones) spreadsheet dated 2014-10-23; duplicate file -2 is byte-identical
3Q14,,BALANCE SHEET / BALANCE,Current Liabilities,Pasivo Circulante,32021.933,MXN millions (ratios/growth as decimals),MXN,filings/capitaliq/Investment and Market research/Bimbo_2014-10-27_Interacciones_3Q14-First-View-Canada-Bread-1/Bimbo_2014-10-27_Interacciones_3Q14-First-View-Canada-Bread-1.xls,ABC Nominal con Flujo de Efecti,49,Broker (Interacciones) spreadsheet dated 2014-10-23; duplicate file -2 is byte-identical
3Q12,,BALANCE SHEET / BALANCE,Suppliers,Proveedores,9274.11,MXN millions (ratios/growth as decimals),MXN,filings/capitaliq/Investment and Market research/Bimbo_2014-10-27_Interacciones_3Q14-First-View-Canada-Bread-1/Bimbo_2014-10-27_Interacciones_3Q14-First-View-Canada-Bread-1.xls,ABC Nominal con Flujo de Efecti,50,Broker (Interacciones) spreadsheet dated 2014-10-23; duplicate file -2 is byte-identical
2Q13,,BALANCE SHEET / BALANCE,Suppliers,Proveedores,9429.658,MXN millions (ratios/growth as decimals),MXN,filings/capitaliq/Investment and Market research/Bimbo_2014-10-27_Interacciones_3Q14-First-View-Canada-Bread-1/Bimbo_2014-10-27_Interacciones_3Q14-First-View-Canada-Bread-1.xls,ABC Nominal con Flujo de Efecti,50,Broker (Interacciones) spreadsheet dated 2014-10-23; duplicate file -2 is byte-identical
3Q13,,BALANCE SHEET / BALANCE,Suppliers,Proveedores,8788.374,MXN millions (ratios/growth as decimals),MXN,filings/capitaliq/Investment and Market research/Bimbo_2014-10-27_Interacciones_3Q14-First-View-Canada-Bread-1/Bimbo_2014-10-27_Interacciones_3Q14-First-View-Canada-Bread-1.xls,ABC Nominal con Flujo de Efecti,50,Broker (Interacciones) spreadsheet dated 2014-10-23; duplicate file -2 is byte-identical
4Q13,,BALANCE SHEET / BALANCE,Suppliers,Proveedores,10220.753,MXN millions (ratios/growth as decimals),MXN,filings/capitaliq/Investment and Market research/Bimbo_2014-10-27_Interacciones_3Q14-First-View-Canada-Bread-1/Bimbo_2014-10-27_Interacciones_3Q14-First-View-Canada-Bread-1.xls,ABC Nominal con Flujo de Efecti,50,Broker (Interacciones) spreadsheet dated 2014-10-23; duplicate file -2 is byte-identical
1Q14,,BALANCE SHEET / BALANCE,Suppliers,Proveedores,9429.088,MXN millions (ratios/growth as decimals),MXN,filings/capitaliq/Investment and Market research/Bimbo_2014-10-27_Interacciones_3Q14-First-View-Canada-Bread-1/Bimbo_2014-10-27_Interacciones_3Q14-First-View-Canada-Bread-1.xls,ABC Nominal con Flujo de Efecti,50,Broker (Interacciones) spreadsheet dated 2014-10-23; duplicate file -2 is byte-identical
2Q14,,BALANCE SHEET / BALANCE,Suppliers,Proveedores,11043.241,MXN millions (ratios/growth as decimals),MXN,filings/capitaliq/Investment and Market research/Bimbo_2014-10-27_Interacciones_3Q14-First-View-Canada-Bread-1/Bimbo_2014-10-27_Interacciones_3Q14-First-View-Canada-Bread-1.xls,ABC Nominal con Flujo de Efecti,50,Broker (Interacciones) spreadsheet dated 2014-10-23; duplicate file -2 is byte-identical
3Q14,,BALANCE SHEET / BALANCE,Suppliers,Proveedores,10305.234,MXN millions (ratios/growth as decimals),MXN,filings/capitaliq/Investment and Market research/Bimbo_2014-10-27_Interacciones_3Q14-First-View-Canada-Bread-1/Bimbo_2014-10-27_Interacciones_3Q14-First-View-Canada-Bread-1.xls,ABC Nominal con Flujo de Efecti,50,Broker (Interacciones) spreadsheet dated 2014-10-23; duplicate file -2 is byte-identical
3Q12,,BALANCE SHEET / BALANCE,Non-current liability,Pasivos no circulantes,61192.131,MXN millions (ratios/growth as decimals),MXN,filings/capitaliq/Investment and Market research/Bimbo_2014-10-27_Interacciones_3Q14-First-View-Canada-Bread-1/Bimbo_2014-10-27_Interacciones_3Q14-First-View-Canada-Bread-1.xls,ABC Nominal con Flujo de Efecti,51,Broker (Interacciones) spreadsheet dated 2014-10-23; duplicate file -2 is byte-identical
2Q13,,BALANCE SHEET / BALANCE,Non-current liability,Pasivos no circulantes,57121.051,MXN millions (ratios/growth as decimals),MXN,filings/capitaliq/Investment and Market research/Bimbo_2014-10-27_Interacciones_3Q14-First-View-Canada-Bread-1/Bimbo_2014-10-27_Interacciones_3Q14-First-View-Canada-Bread-1.xls,ABC Nominal con Flujo de Efecti,51,Broker (Interacciones) spreadsheet dated 2014-10-23; duplicate file -2 is byte-identical
3Q13,,BALANCE SHEET / BALANCE,Non-current liability,Pasivos no circulantes,56291.597,MXN millions (ratios/growth as decimals),MXN,filings/capitaliq/Investment and Market research/Bimbo_2014-10-27_Interacciones_3Q14-First-View-Canada-Bread-1/Bimbo_2014-10-27_Interacciones_3Q14-First-View-Canada-Bread-1.xls,ABC Nominal con Flujo de Efecti,51,Broker (Interacciones) spreadsheet dated 2014-10-23; duplicate file -2 is byte-identical
4Q13,,BALANCE SHEET / BALANCE,Non-current liability,Pasivos no circulantes,53666.022,MXN millions (ratios/growth as decimals),MXN,filings/capitaliq/Investment and Market research/Bimbo_2014-10-27_Interacciones_3Q14-First-View-Canada-Bread-1/Bimbo_2014-10-27_Interacciones_3Q14-First-View-Canada-Bread-1.xls,ABC Nominal con Flujo de Efecti,51,Broker (Interacciones) spreadsheet dated 2014-10-23; duplicate file -2 is byte-identical
1Q14,,BALANCE SHEET / BALANCE,Non-current liability,Pasivos no circulantes,53285.094,MXN millions (ratios/growth as decimals),MXN,filings/capitaliq/Investment and Market research/Bimbo_2014-10-27_Interacciones_3Q14-First-View-Canada-Bread-1/Bimbo_2014-10-27_Interacciones_3Q14-First-View-Canada-Bread-1.xls,ABC Nominal con Flujo de Efecti,51,Broker (Interacciones) spreadsheet dated 2014-10-23; duplicate file -2 is byte-identical
2Q14,,BALANCE SHEET / BALANCE,Non-current liability,Pasivos no circulantes,81515.324,MXN millions (ratios/growth as decimals),MXN,filings/capitaliq/Investment and Market research/Bimbo_2014-10-27_Interacciones_3Q14-First-View-Canada-Bread-1/Bimbo_2014-10-27_Interacciones_3Q14-First-View-Canada-Bread-1.xls,ABC Nominal con Flujo de Efecti,51,Broker (Interacciones) spreadsheet dated 2014-10-23; duplicate file -2 is byte-identical
3Q14,,BALANCE SHEET / BALANCE,Non-current liability,Pasivos no circulantes,81387.237,MXN millions (ratios/growth as decimals),MXN,filings/capitaliq/Investment and Market research/Bimbo_2014-10-27_Interacciones_3Q14-First-View-Canada-Bread-1/Bimbo_2014-10-27_Interacciones_3Q14-First-View-Canada-Bread-1.xls,ABC Nominal con Flujo de Efecti,51,Broker (Interacciones) spreadsheet dated 2014-10-23; duplicate file -2 is byte-identical
3Q12,,BALANCE SHEET / BALANCE,Total Net Debt,Deuda neta,37583.792,MXN millions (ratios/growth as decimals),MXN,filings/capitaliq/Investment and Market research/Bimbo_2014-10-27_Interacciones_3Q14-First-View-Canada-Bread-1/Bimbo_2014-10-27_Interacciones_3Q14-First-View-Canada-Bread-1.xls,ABC Nominal con Flujo de Efecti,52,Broker (Interacciones) spreadsheet dated 2014-10-23; duplicate file -2 is byte-identical
2Q13,,BALANCE SHEET / BALANCE,Total Net Debt,Deuda neta,35154.654,MXN millions (ratios/growth as decimals),MXN,filings/capitaliq/Investment and Market research/Bimbo_2014-10-27_Interacciones_3Q14-First-View-Canada-Bread-1/Bimbo_2014-10-27_Interacciones_3Q14-First-View-Canada-Bread-1.xls,ABC Nominal con Flujo de Efecti,52,Broker (Interacciones) spreadsheet dated 2014-10-23; duplicate file -2 is byte-identical
3Q13,,BALANCE SHEET / BALANCE,Total Net Debt,Deuda neta,34606.924,MXN millions (ratios/growth as decimals),MXN,filings/capitaliq/Investment and Market research/Bimbo_2014-10-27_Interacciones_3Q14-First-View-Canada-Bread-1/Bimbo_2014-10-27_Interacciones_3Q14-First-View-Canada-Bread-1.xls,ABC Nominal con Flujo de Efecti,52,Broker (Interacciones) spreadsheet dated 2014-10-23; duplicate file -2 is byte-identical
4Q13,,BALANCE SHEET / BALANCE,Total Net Debt,Deuda neta,37824.992,MXN millions (ratios/growth as decimals),MXN,filings/capitaliq/Investment and Market research/Bimbo_2014-10-27_Interacciones_3Q14-First-View-Canada-Bread-1/Bimbo_2014-10-27_Interacciones_3Q14-First-View-Canada-Bread-1.xls,ABC Nominal con Flujo de Efecti,52,Broker (Interacciones) spreadsheet dated 2014-10-23; duplicate file -2 is byte-identical
1Q14,,BALANCE SHEET / BALANCE,Total Net Debt,Deuda neta,34271.841,MXN millions (ratios/growth as decimals),MXN,filings/capitaliq/Investment and Market research/Bimbo_2014-10-27_Interacciones_3Q14-First-View-Canada-Bread-1/Bimbo_2014-10-27_Interacciones_3Q14-First-View-Canada-Bread-1.xls,ABC Nominal con Flujo de Efecti,52,Broker (Interacciones) spreadsheet dated 2014-10-23; duplicate file -2 is byte-identical
2Q14,,BALANCE SHEET / BALANCE,Total Net Debt,Deuda neta,54519.162,MXN millions (ratios/growth as decimals),MXN,filings/capitaliq/Investment and Market research/Bimbo_2014-10-27_Interacciones_3Q14-First-View-Canada-Bread-1/Bimbo_2014-10-27_Interacciones_3Q14-First-View-Canada-Bread-1.xls,ABC Nominal con Flujo de Efecti,52,Broker (Interacciones) spreadsheet dated 2014-10-23; duplicate file -2 is byte-identical
3Q14,,BALANCE SHEET / BALANCE,Total Net Debt,Deuda neta,56355.997,MXN millions (ratios/growth as decimals),MXN,filings/capitaliq/Investment and Market research/Bimbo_2014-10-27_Interacciones_3Q14-First-View-Canada-Bread-1/Bimbo_2014-10-27_Interacciones_3Q14-First-View-Canada-Bread-1.xls,ABC Nominal con Flujo de Efecti,52,Broker (Interacciones) spreadsheet dated 2014-10-23; duplicate file -2 is byte-identical
3Q12,,BALANCE SHEET / BALANCE,Total Debt,Deuda Total,41865.428,MXN millions (ratios/growth as decimals),MXN,filings/capitaliq/Investment and Market research/Bimbo_2014-10-27_Interacciones_3Q14-First-View-Canada-Bread-1/Bimbo_2014-10-27_Interacciones_3Q14-First-View-Canada-Bread-1.xls,ABC Nominal con Flujo de Efecti,53,Broker (Interacciones) spreadsheet dated 2014-10-23; duplicate file -2 is byte-identical
2Q13,,BALANCE SHEET / BALANCE,Total Debt,Deuda Total,40372.3,MXN millions (ratios/growth as decimals),MXN,filings/capitaliq/Investment and Market research/Bimbo_2014-10-27_Interacciones_3Q14-First-View-Canada-Bread-1/Bimbo_2014-10-27_Interacciones_3Q14-First-View-Canada-Bread-1.xls,ABC Nominal con Flujo de Efecti,53,Broker (Interacciones) spreadsheet dated 2014-10-23; duplicate file -2 is byte-identical
3Q13,,BALANCE SHEET / BALANCE,Total Debt,Deuda Total,39600.05,MXN millions (ratios/growth as decimals),MXN,filings/capitaliq/Investment and Market research/Bimbo_2014-10-27_Interacciones_3Q14-First-View-Canada-Bread-1/Bimbo_2014-10-27_Interacciones_3Q14-First-View-Canada-Bread-1.xls,ABC Nominal con Flujo de Efecti,53,Broker (Interacciones) spreadsheet dated 2014-10-23; duplicate file -2 is byte-identical
4Q13,,BALANCE SHEET / BALANCE,Total Debt,Deuda Total,40328.972,MXN millions (ratios/growth as decimals),MXN,filings/capitaliq/Investment and Market research/Bimbo_2014-10-27_Interacciones_3Q14-First-View-Canada-Bread-1/Bimbo_2014-10-27_Interacciones_3Q14-First-View-Canada-Bread-1.xls,ABC Nominal con Flujo de Efecti,53,Broker (Interacciones) spreadsheet dated 2014-10-23; duplicate file -2 is byte-identical
1Q14,,BALANCE SHEET / BALANCE,Total Debt,Deuda Total,37850.65,MXN millions (ratios/growth as decimals),MXN,filings/capitaliq/Investment and Market research/Bimbo_2014-10-27_Interacciones_3Q14-First-View-Canada-Bread-1/Bimbo_2014-10-27_Interacciones_3Q14-First-View-Canada-Bread-1.xls,ABC Nominal con Flujo de Efecti,53,Broker (Interacciones) spreadsheet dated 2014-10-23; duplicate file -2 is byte-identical
2Q14,,BALANCE SHEET / BALANCE,Total Debt,Deuda Total,60576.454,MXN millions (ratios/growth as decimals),MXN,filings/capitaliq/Investment and Market research/Bimbo_2014-10-27_Interacciones_3Q14-First-View-Canada-Bread-1/Bimbo_2014-10-27_Interacciones_3Q14-First-View-Canada-Bread-1.xls,ABC Nominal con Flujo de Efecti,53,Broker (Interacciones) spreadsheet dated 2014-10-23; duplicate file -2 is byte-identical
3Q14,,BALANCE SHEET / BALANCE,Total Debt,Deuda Total,59957.429,MXN millions (ratios/growth as decimals),MXN,filings/capitaliq/Investment and Market research/Bimbo_2014-10-27_Interacciones_3Q14-First-View-Canada-Bread-1/Bimbo_2014-10-27_Interacciones_3Q14-First-View-Canada-Bread-1.xls,ABC Nominal con Flujo de Efecti,53,Broker (Interacciones) spreadsheet dated 2014-10-23; duplicate file -2 is byte-identical
3Q12,,BALANCE SHEET / BALANCE,Equity,Capital Contable,49693.833,MXN millions (ratios/growth as decimals),MXN,filings/capitaliq/Investment and Market research/Bimbo_2014-10-27_Interacciones_3Q14-First-View-Canada-Bread-1/Bimbo_2014-10-27_Interacciones_3Q14-First-View-Canada-Bread-1.xls,ABC Nominal con Flujo de Efecti,54,Broker (Interacciones) spreadsheet dated 2014-10-23; duplicate file -2 is byte-identical
2Q13,,BALANCE SHEET / BALANCE,Equity,Capital Contable,45951.66,MXN millions (ratios/growth as decimals),MXN,filings/capitaliq/Investment and Market research/Bimbo_2014-10-27_Interacciones_3Q14-First-View-Canada-Bread-1/Bimbo_2014-10-27_Interacciones_3Q14-First-View-Canada-Bread-1.xls,ABC Nominal con Flujo de Efecti,54,Broker (Interacciones) spreadsheet dated 2014-10-23; duplicate file -2 is byte-identical
3Q13,,BALANCE SHEET / BALANCE,Equity,Capital Contable,46673.019,MXN millions (ratios/growth as decimals),MXN,filings/capitaliq/Investment and Market research/Bimbo_2014-10-27_Interacciones_3Q14-First-View-Canada-Bread-1/Bimbo_2014-10-27_Interacciones_3Q14-First-View-Canada-Bread-1.xls,ABC Nominal con Flujo de Efecti,54,Broker (Interacciones) spreadsheet dated 2014-10-23; duplicate file -2 is byte-identical
4Q13,,BALANCE SHEET / BALANCE,Equity,Capital Contable,47783.052,MXN millions (ratios/growth as decimals),MXN,filings/capitaliq/Investment and Market research/Bimbo_2014-10-27_Interacciones_3Q14-First-View-Canada-Bread-1/Bimbo_2014-10-27_Interacciones_3Q14-First-View-Canada-Bread-1.xls,ABC Nominal con Flujo de Efecti,54,Broker (Interacciones) spreadsheet dated 2014-10-23; duplicate file -2 is byte-identical
1Q14,,BALANCE SHEET / BALANCE,Equity,Capital Contable,48774.13,MXN millions (ratios/growth as decimals),MXN,filings/capitaliq/Investment and Market research/Bimbo_2014-10-27_Interacciones_3Q14-First-View-Canada-Bread-1/Bimbo_2014-10-27_Interacciones_3Q14-First-View-Canada-Bread-1.xls,ABC Nominal con Flujo de Efecti,54,Broker (Interacciones) spreadsheet dated 2014-10-23; duplicate file -2 is byte-identical
2Q14,,BALANCE SHEET / BALANCE,Equity,Capital Contable,50328.901,MXN millions (ratios/growth as decimals),MXN,filings/capitaliq/Investment and Market research/Bimbo_2014-10-27_Interacciones_3Q14-First-View-Canada-Bread-1/Bimbo_2014-10-27_Interacciones_3Q14-First-View-Canada-Bread-1.xls,ABC Nominal con Flujo de Efecti,54,Broker (Interacciones) spreadsheet dated 2014-10-23; duplicate file -2 is byte-identical
3Q14,,BALANCE SHEET / BALANCE,Equity,Capital Contable,50618.953,MXN millions (ratios/growth as decimals),MXN,filings/capitaliq/Investment and Market research/Bimbo_2014-10-27_Interacciones_3Q14-First-View-Canada-Bread-1/Bimbo_2014-10-27_Interacciones_3Q14-First-View-Canada-Bread-1.xls,ABC Nominal con Flujo de Efecti,54,Broker (Interacciones) spreadsheet dated 2014-10-23; duplicate file -2 is byte-identical
3Q12,,BALANCE SHEET / BALANCE,Minority Equity,Cap. Cont. Minoritario,2997.011,MXN millions (ratios/growth as decimals),MXN,filings/capitaliq/Investment and Market research/Bimbo_2014-10-27_Interacciones_3Q14-First-View-Canada-Bread-1/Bimbo_2014-10-27_Interacciones_3Q14-First-View-Canada-Bread-1.xls,ABC Nominal con Flujo de Efecti,55,Broker (Interacciones) spreadsheet dated 2014-10-23; duplicate file -2 is byte-identical
2Q13,,BALANCE SHEET / BALANCE,Minority Equity,Cap. Cont. Minoritario,1911.08,MXN millions (ratios/growth as decimals),MXN,filings/capitaliq/Investment and Market research/Bimbo_2014-10-27_Interacciones_3Q14-First-View-Canada-Bread-1/Bimbo_2014-10-27_Interacciones_3Q14-First-View-Canada-Bread-1.xls,ABC Nominal con Flujo de Efecti,55,Broker (Interacciones) spreadsheet dated 2014-10-23; duplicate file -2 is byte-identical
3Q13,,BALANCE SHEET / BALANCE,Minority Equity,Cap. Cont. Minoritario,2000.085,MXN millions (ratios/growth as decimals),MXN,filings/capitaliq/Investment and Market research/Bimbo_2014-10-27_Interacciones_3Q14-First-View-Canada-Bread-1/Bimbo_2014-10-27_Interacciones_3Q14-First-View-Canada-Bread-1.xls,ABC Nominal con Flujo de Efecti,55,Broker (Interacciones) spreadsheet dated 2014-10-23; duplicate file -2 is byte-identical
4Q13,,BALANCE SHEET / BALANCE,Minority Equity,Cap. Cont. Minoritario,2163.862,MXN millions (ratios/growth as decimals),MXN,filings/capitaliq/Investment and Market research/Bimbo_2014-10-27_Interacciones_3Q14-First-View-Canada-Bread-1/Bimbo_2014-10-27_Interacciones_3Q14-First-View-Canada-Bread-1.xls,ABC Nominal con Flujo de Efecti,55,Broker (Interacciones) spreadsheet dated 2014-10-23; duplicate file -2 is byte-identical
1Q14,,BALANCE SHEET / BALANCE,Minority Equity,Cap. Cont. Minoritario,2215.97,MXN millions (ratios/growth as decimals),MXN,filings/capitaliq/Investment and Market research/Bimbo_2014-10-27_Interacciones_3Q14-First-View-Canada-Bread-1/Bimbo_2014-10-27_Interacciones_3Q14-First-View-Canada-Bread-1.xls,ABC Nominal con Flujo de Efecti,55,Broker (Interacciones) spreadsheet dated 2014-10-23; duplicate file -2 is byte-identical
2Q14,,BALANCE SHEET / BALANCE,Minority Equity,Cap. Cont. Minoritario,2389.316,MXN millions (ratios/growth as decimals),MXN,filings/capitaliq/Investment and Market research/Bimbo_2014-10-27_Interacciones_3Q14-First-View-Canada-Bread-1/Bimbo_2014-10-27_Interacciones_3Q14-First-View-Canada-Bread-1.xls,ABC Nominal con Flujo de Efecti,55,Broker (Interacciones) spreadsheet dated 2014-10-23; duplicate file -2 is byte-identical
3Q14,,BALANCE SHEET / BALANCE,Minority Equity,Cap. Cont. Minoritario,1630.282,MXN millions (ratios/growth as decimals),MXN,filings/capitaliq/Investment and Market research/Bimbo_2014-10-27_Interacciones_3Q14-First-View-Canada-Bread-1/Bimbo_2014-10-27_Interacciones_3Q14-First-View-Canada-Bread-1.xls,ABC Nominal con Flujo de Efecti,55,Broker (Interacciones) spreadsheet dated 2014-10-23; duplicate file -2 is byte-identical
3Q12,,BALANCE SHEET / BALANCE,Majority Equity,Cap. Cont. Mayoritario,46696.822,MXN millions (ratios/growth as decimals),MXN,filings/capitaliq/Investment and Market research/Bimbo_2014-10-27_Interacciones_3Q14-First-View-Canada-Bread-1/Bimbo_2014-10-27_Interacciones_3Q14-First-View-Canada-Bread-1.xls,ABC Nominal con Flujo de Efecti,56,Broker (Interacciones) spreadsheet dated 2014-10-23; duplicate file -2 is byte-identical
2Q13,,BALANCE SHEET / BALANCE,Majority Equity,Cap. Cont. Mayoritario,44040.58,MXN millions (ratios/growth as decimals),MXN,filings/capitaliq/Investment and Market research/Bimbo_2014-10-27_Interacciones_3Q14-First-View-Canada-Bread-1/Bimbo_2014-10-27_Interacciones_3Q14-First-View-Canada-Bread-1.xls,ABC Nominal con Flujo de Efecti,56,Broker (Interacciones) spreadsheet dated 2014-10-23; duplicate file -2 is byte-identical
3Q13,,BALANCE SHEET / BALANCE,Majority Equity,Cap. Cont. Mayoritario,44672.934,MXN millions (ratios/growth as decimals),MXN,filings/capitaliq/Investment and Market research/Bimbo_2014-10-27_Interacciones_3Q14-First-View-Canada-Bread-1/Bimbo_2014-10-27_Interacciones_3Q14-First-View-Canada-Bread-1.xls,ABC Nominal con Flujo de Efecti,56,Broker (Interacciones) spreadsheet dated 2014-10-23; duplicate file -2 is byte-identical
4Q13,,BALANCE SHEET / BALANCE,Majority Equity,Cap. Cont. Mayoritario,45619.19,MXN millions (ratios/growth as decimals),MXN,filings/capitaliq/Investment and Market research/Bimbo_2014-10-27_Interacciones_3Q14-First-View-Canada-Bread-1/Bimbo_2014-10-27_Interacciones_3Q14-First-View-Canada-Bread-1.xls,ABC Nominal con Flujo de Efecti,56,Broker (Interacciones) spreadsheet dated 2014-10-23; duplicate file -2 is byte-identical
1Q14,,BALANCE SHEET / BALANCE,Majority Equity,Cap. Cont. Mayoritario,46558.16,MXN millions (ratios/growth as decimals),MXN,filings/capitaliq/Investment and Market research/Bimbo_2014-10-27_Interacciones_3Q14-First-View-Canada-Bread-1/Bimbo_2014-10-27_Interacciones_3Q14-First-View-Canada-Bread-1.xls,ABC Nominal con Flujo de Efecti,56,Broker (Interacciones) spreadsheet dated 2014-10-23; duplicate file -2 is byte-identical
2Q14,,BALANCE SHEET / BALANCE,Majority Equity,Cap. Cont. Mayoritario,47939.585,MXN millions (ratios/growth as decimals),MXN,filings/capitaliq/Investment and Market research/Bimbo_2014-10-27_Interacciones_3Q14-First-View-Canada-Bread-1/Bimbo_2014-10-27_Interacciones_3Q14-First-View-Canada-Bread-1.xls,ABC Nominal con Flujo de Efecti,56,Broker (Interacciones) spreadsheet dated 2014-10-23; duplicate file -2 is byte-identical
3Q14,,BALANCE SHEET / BALANCE,Majority Equity,Cap. Cont. Mayoritario,48988.671,MXN millions (ratios/growth as decimals),MXN,filings/capitaliq/Investment and Market research/Bimbo_2014-10-27_Interacciones_3Q14-First-View-Canada-Bread-1/Bimbo_2014-10-27_Interacciones_3Q14-First-View-Canada-Bread-1.xls,ABC Nominal con Flujo de Efecti,56,Broker (Interacciones) spreadsheet dated 2014-10-23; duplicate file -2 is byte-identical
3Q12,,BALANCE SHEET / BALANCE,Total Assets,Activo Total,0.158959102044719,MXN millions (ratios/growth as decimals),MXN,filings/capitaliq/Investment and Market research/Bimbo_2014-10-27_Interacciones_3Q14-First-View-Canada-Bread-1/Bimbo_2014-10-27_Interacciones_3Q14-First-View-Canada-Bread-1.xls,ABC Nominal con Flujo de Efecti,59,Broker (Interacciones) spreadsheet dated 2014-10-23; duplicate file -2 is byte-identical
2Q13,,BALANCE SHEET / BALANCE,Total Assets,Activo Total,-0.018787298314429,MXN millions (ratios/growth as decimals),MXN,filings/capitaliq/Investment and Market research/Bimbo_2014-10-27_Interacciones_3Q14-First-View-Canada-Bread-1/Bimbo_2014-10-27_Interacciones_3Q14-First-View-Canada-Bread-1.xls,ABC Nominal con Flujo de Efecti,59,Broker (Interacciones) spreadsheet dated 2014-10-23; duplicate file -2 is byte-identical
3Q13,,BALANCE SHEET / BALANCE,Total Assets,Activo Total,0.0195440347956169,MXN millions (ratios/growth as decimals),MXN,filings/capitaliq/Investment and Market research/Bimbo_2014-10-27_Interacciones_3Q14-First-View-Canada-Bread-1/Bimbo_2014-10-27_Interacciones_3Q14-First-View-Canada-Bread-1.xls,ABC Nominal con Flujo de Efecti,59,Broker (Interacciones) spreadsheet dated 2014-10-23; duplicate file -2 is byte-identical
4Q13,,BALANCE SHEET / BALANCE,Total Assets,Activo Total,-0.0175957897967646,MXN millions (ratios/growth as decimals),MXN,filings/capitaliq/Investment and Market research/Bimbo_2014-10-27_Interacciones_3Q14-First-View-Canada-Bread-1/Bimbo_2014-10-27_Interacciones_3Q14-First-View-Canada-Bread-1.xls,ABC Nominal con Flujo de Efecti,59,Broker (Interacciones) spreadsheet dated 2014-10-23; duplicate file -2 is byte-identical
1Q14,,BALANCE SHEET / BALANCE,Total Assets,Activo Total,0.0269827676117902,MXN millions (ratios/growth as decimals),MXN,filings/capitaliq/Investment and Market research/Bimbo_2014-10-27_Interacciones_3Q14-First-View-Canada-Bread-1/Bimbo_2014-10-27_Interacciones_3Q14-First-View-Canada-Bread-1.xls,ABC Nominal con Flujo de Efecti,59,Broker (Interacciones) spreadsheet dated 2014-10-23; duplicate file -2 is byte-identical
2Q14,,BALANCE SHEET / BALANCE,Total Assets,Activo Total,0.198571365663359,MXN millions (ratios/growth as decimals),MXN,filings/capitaliq/Investment and Market research/Bimbo_2014-10-27_Interacciones_3Q14-First-View-Canada-Bread-1/Bimbo_2014-10-27_Interacciones_3Q14-First-View-Canada-Bread-1.xls,ABC Nominal con Flujo de Efecti,59,Broker (Interacciones) spreadsheet dated 2014-10-23; duplicate file -2 is byte-identical
3Q14,,BALANCE SHEET / BALANCE,Total Assets,Activo Total,0.197478949082259,MXN millions (ratios/growth as decimals),MXN,filings/capitaliq/Investment and Market research/Bimbo_2014-10-27_Interacciones_3Q14-First-View-Canada-Bread-1/Bimbo_2014-10-27_Interacciones_3Q14-First-View-Canada-Bread-1.xls,ABC Nominal con Flujo de Efecti,59,Broker (Interacciones) spreadsheet dated 2014-10-23; duplicate file -2 is byte-identical
3Q12,,BALANCE SHEET / BALANCE,Cash and Cash Equivalent,Efvo Y Equiv de Efvo,-0.656860527832163,MXN millions (ratios/growth as decimals),MXN,filings/capitaliq/Investment and Market research/Bimbo_2014-10-27_Interacciones_3Q14-First-View-Canada-Bread-1/Bimbo_2014-10-27_Interacciones_3Q14-First-View-Canada-Bread-1.xls,ABC Nominal con Flujo de Efecti,60,Broker (Interacciones) spreadsheet dated 2014-10-23; duplicate file -2 is byte-identical
2Q13,,BALANCE SHEET / BALANCE,Cash and Cash Equivalent,Efvo Y Equiv de Efvo,0.595787056548767,MXN millions (ratios/growth as decimals),MXN,filings/capitaliq/Investment and Market research/Bimbo_2014-10-27_Interacciones_3Q14-First-View-Canada-Bread-1/Bimbo_2014-10-27_Interacciones_3Q14-First-View-Canada-Bread-1.xls,ABC Nominal con Flujo de Efecti,60,Broker (Interacciones) spreadsheet dated 2014-10-23; duplicate file -2 is byte-identical
3Q13,,BALANCE SHEET / BALANCE,Cash and Cash Equivalent,Efvo Y Equiv de Efvo,0.16617246304917,MXN millions (ratios/growth as decimals),MXN,filings/capitaliq/Investment and Market research/Bimbo_2014-10-27_Interacciones_3Q14-First-View-Canada-Bread-1/Bimbo_2014-10-27_Interacciones_3Q14-First-View-Canada-Bread-1.xls,ABC Nominal con Flujo de Efecti,60,Broker (Interacciones) spreadsheet dated 2014-10-23; duplicate file -2 is byte-identical
4Q13,,BALANCE SHEET / BALANCE,Cash and Cash Equivalent,Efvo Y Equiv de Efvo,-0.41457536619141,MXN millions (ratios/growth as decimals),MXN,filings/capitaliq/Investment and Market research/Bimbo_2014-10-27_Interacciones_3Q14-First-View-Canada-Bread-1/Bimbo_2014-10-27_Interacciones_3Q14-First-View-Canada-Bread-1.xls,ABC Nominal con Flujo de Efecti,60,Broker (Interacciones) spreadsheet dated 2014-10-23; duplicate file -2 is byte-identical
1Q14,,BALANCE SHEET / BALANCE,Cash and Cash Equivalent,Efvo Y Equiv de Efvo,-0.249767885207312,MXN millions (ratios/growth as decimals),MXN,filings/capitaliq/Investment and Market research/Bimbo_2014-10-27_Interacciones_3Q14-First-View-Canada-Bread-1/Bimbo_2014-10-27_Interacciones_3Q14-First-View-Canada-Bread-1.xls,ABC Nominal con Flujo de Efecti,60,Broker (Interacciones) spreadsheet dated 2014-10-23; duplicate file -2 is byte-identical
2Q14,,BALANCE SHEET / BALANCE,Cash and Cash Equivalent,Efvo Y Equiv de Efvo,0.16092429421237,MXN millions (ratios/growth as decimals),MXN,filings/capitaliq/Investment and Market research/Bimbo_2014-10-27_Interacciones_3Q14-First-View-Canada-Bread-1/Bimbo_2014-10-27_Interacciones_3Q14-First-View-Canada-Bread-1.xls,ABC Nominal con Flujo de Efecti,60,Broker (Interacciones) spreadsheet dated 2014-10-23; duplicate file -2 is byte-identical
3Q14,,BALANCE SHEET / BALANCE,Cash and Cash Equivalent,Efvo Y Equiv de Efvo,-0.27872198698771,MXN millions (ratios/growth as decimals),MXN,filings/capitaliq/Investment and Market research/Bimbo_2014-10-27_Interacciones_3Q14-First-View-Canada-Bread-1/Bimbo_2014-10-27_Interacciones_3Q14-First-View-Canada-Bread-1.xls,ABC Nominal con Flujo de Efecti,60,Broker (Interacciones) spreadsheet dated 2014-10-23; duplicate file -2 is byte-identical
3Q12,,BALANCE SHEET / BALANCE,Inventories,Inventarios,0.232975708524012,MXN millions (ratios/growth as decimals),MXN,filings/capitaliq/Investment and Market research/Bimbo_2014-10-27_Interacciones_3Q14-First-View-Canada-Bread-1/Bimbo_2014-10-27_Interacciones_3Q14-First-View-Canada-Bread-1.xls,ABC Nominal con Flujo de Efecti,61,Broker (Interacciones) spreadsheet dated 2014-10-23; duplicate file -2 is byte-identical
2Q13,,BALANCE SHEET / BALANCE,Inventories,Inventarios,-0.100895554204713,MXN millions (ratios/growth as decimals),MXN,filings/capitaliq/Investment and Market research/Bimbo_2014-10-27_Interacciones_3Q14-First-View-Canada-Bread-1/Bimbo_2014-10-27_Interacciones_3Q14-First-View-Canada-Bread-1.xls,ABC Nominal con Flujo de Efecti,61,Broker (Interacciones) spreadsheet dated 2014-10-23; duplicate file -2 is byte-identical
3Q13,,BALANCE SHEET / BALANCE,Inventories,Inventarios,-0.0626643590690085,MXN millions (ratios/growth as decimals),MXN,filings/capitaliq/Investment and Market research/Bimbo_2014-10-27_Interacciones_3Q14-First-View-Canada-Bread-1/Bimbo_2014-10-27_Interacciones_3Q14-First-View-Canada-Bread-1.xls,ABC Nominal con Flujo de Efecti,61,Broker (Interacciones) spreadsheet dated 2014-10-23; duplicate file -2 is byte-identical
4Q13,,BALANCE SHEET / BALANCE,Inventories,Inventarios,0.029902379045272,MXN millions (ratios/growth as decimals),MXN,filings/capitaliq/Investment and Market research/Bimbo_2014-10-27_Interacciones_3Q14-First-View-Canada-Bread-1/Bimbo_2014-10-27_Interacciones_3Q14-First-View-Canada-Bread-1.xls,ABC Nominal con Flujo de Efecti,61,Broker (Interacciones) spreadsheet dated 2014-10-23; duplicate file -2 is byte-identical
1Q14,,BALANCE SHEET / BALANCE,Inventories,Inventarios,-0.0614917038912551,MXN millions (ratios/growth as decimals),MXN,filings/capitaliq/Investment and Market research/Bimbo_2014-10-27_Interacciones_3Q14-First-View-Canada-Bread-1/Bimbo_2014-10-27_Interacciones_3Q14-First-View-Canada-Bread-1.xls,ABC Nominal con Flujo de Efecti,61,Broker (Interacciones) spreadsheet dated 2014-10-23; duplicate file -2 is byte-identical
2Q14,,BALANCE SHEET / BALANCE,Inventories,Inventarios,0.0859999041236512,MXN millions (ratios/growth as decimals),MXN,filings/capitaliq/Investment and Market research/Bimbo_2014-10-27_Interacciones_3Q14-First-View-Canada-Bread-1/Bimbo_2014-10-27_Interacciones_3Q14-First-View-Canada-Bread-1.xls,ABC Nominal con Flujo de Efecti,61,Broker (Interacciones) spreadsheet dated 2014-10-23; duplicate file -2 is byte-identical
3Q14,,BALANCE SHEET / BALANCE,Inventories,Inventarios,0.114685802701931,MXN millions (ratios/growth as decimals),MXN,filings/capitaliq/Investment and Market research/Bimbo_2014-10-27_Interacciones_3Q14-First-View-Canada-Bread-1/Bimbo_2014-10-27_Interacciones_3Q14-First-View-Canada-Bread-1.xls,ABC Nominal con Flujo de Efecti,61,Broker (Interacciones) spreadsheet dated 2014-10-23; duplicate file -2 is byte-identical
3Q12,,BALANCE SHEET / BALANCE,Fixed Assets,Propiedad Planta y equipo neto,0.216604671477877,MXN millions (ratios/growth as decimals),MXN,filings/capitaliq/Investment and Market research/Bimbo_2014-10-27_Interacciones_3Q14-First-View-Canada-Bread-1/Bimbo_2014-10-27_Interacciones_3Q14-First-View-Canada-Bread-1.xls,ABC Nominal con Flujo de Efecti,62,Broker (Interacciones) spreadsheet dated 2014-10-23; duplicate file -2 is byte-identical
2Q13,,BALANCE SHEET / BALANCE,Fixed Assets,Propiedad Planta y equipo neto,-0.0376367980546778,MXN millions (ratios/growth as decimals),MXN,filings/capitaliq/Investment and Market research/Bimbo_2014-10-27_Interacciones_3Q14-First-View-Canada-Bread-1/Bimbo_2014-10-27_Interacciones_3Q14-First-View-Canada-Bread-1.xls,ABC Nominal con Flujo de Efecti,62,Broker (Interacciones) spreadsheet dated 2014-10-23; duplicate file -2 is byte-identical
3Q13,,BALANCE SHEET / BALANCE,Fixed Assets,Propiedad Planta y equipo neto,0.00169478986655437,MXN millions (ratios/growth as decimals),MXN,filings/capitaliq/Investment and Market research/Bimbo_2014-10-27_Interacciones_3Q14-First-View-Canada-Bread-1/Bimbo_2014-10-27_Interacciones_3Q14-First-View-Canada-Bread-1.xls,ABC Nominal con Flujo de Efecti,62,Broker (Interacciones) spreadsheet dated 2014-10-23; duplicate file -2 is byte-identical
4Q13,,BALANCE SHEET / BALANCE,Fixed Assets,Propiedad Planta y equipo neto,0.015996874757209,MXN millions (ratios/growth as decimals),MXN,filings/capitaliq/Investment and Market research/Bimbo_2014-10-27_Interacciones_3Q14-First-View-Canada-Bread-1/Bimbo_2014-10-27_Interacciones_3Q14-First-View-Canada-Bread-1.xls,ABC Nominal con Flujo de Efecti,62,Broker (Interacciones) spreadsheet dated 2014-10-23; duplicate file -2 is byte-identical
1Q14,,BALANCE SHEET / BALANCE,Fixed Assets,Propiedad Planta y equipo neto,0.0513917039187708,MXN millions (ratios/growth as decimals),MXN,filings/capitaliq/Investment and Market research/Bimbo_2014-10-27_Interacciones_3Q14-First-View-Canada-Bread-1/Bimbo_2014-10-27_Interacciones_3Q14-First-View-Canada-Bread-1.xls,ABC Nominal con Flujo de Efecti,62,Broker (Interacciones) spreadsheet dated 2014-10-23; duplicate file -2 is byte-identical
2Q14,,BALANCE SHEET / BALANCE,Fixed Assets,Propiedad Planta y equipo neto,0.14801334607902,MXN millions (ratios/growth as decimals),MXN,filings/capitaliq/Investment and Market research/Bimbo_2014-10-27_Interacciones_3Q14-First-View-Canada-Bread-1/Bimbo_2014-10-27_Interacciones_3Q14-First-View-Canada-Bread-1.xls,ABC Nominal con Flujo de Efecti,62,Broker (Interacciones) spreadsheet dated 2014-10-23; duplicate file -2 is byte-identical
3Q14,,BALANCE SHEET / BALANCE,Fixed Assets,Propiedad Planta y equipo neto,0.138632600139096,MXN millions (ratios/growth as decimals),MXN,filings/capitaliq/Investment and Market research/Bimbo_2014-10-27_Interacciones_3Q14-First-View-Canada-Bread-1/Bimbo_2014-10-27_Interacciones_3Q14-First-View-Canada-Bread-1.xls,ABC Nominal con Flujo de Efecti,62,Broker (Interacciones) spreadsheet dated 2014-10-23; duplicate file -2 is byte-identical
3Q12,,BALANCE SHEET / BALANCE,Total Liabilities,Pasivo Total,0.243611592760574,MXN millions (ratios/growth as decimals),MXN,filings/capitaliq/Investment and Market research/Bimbo_2014-10-27_Interacciones_3Q14-First-View-Canada-Bread-1/Bimbo_2014-10-27_Interacciones_3Q14-First-View-Canada-Bread-1.xls,ABC Nominal con Flujo de Efecti,63,Broker (Interacciones) spreadsheet dated 2014-10-23; duplicate file -2 is byte-identical
2Q13,,BALANCE SHEET / BALANCE,Total Liabilities,Pasivo Total,0.034839113459291,MXN millions (ratios/growth as decimals),MXN,filings/capitaliq/Investment and Market research/Bimbo_2014-10-27_Interacciones_3Q14-First-View-Canada-Bread-1/Bimbo_2014-10-27_Interacciones_3Q14-First-View-Canada-Bread-1.xls,ABC Nominal con Flujo de Efecti,63,Broker (Interacciones) spreadsheet dated 2014-10-23; duplicate file -2 is byte-identical
3Q13,,BALANCE SHEET / BALANCE,Total Liabilities,Pasivo Total,0.0666987005556374,MXN millions (ratios/growth as decimals),MXN,filings/capitaliq/Investment and Market research/Bimbo_2014-10-27_Interacciones_3Q14-First-View-Canada-Bread-1/Bimbo_2014-10-27_Interacciones_3Q14-First-View-Canada-Bread-1.xls,ABC Nominal con Flujo de Efecti,63,Broker (Interacciones) spreadsheet dated 2014-10-23; duplicate file -2 is byte-identical
4Q13,,BALANCE SHEET / BALANCE,Total Liabilities,Pasivo Total,-0.034831651012767,MXN millions (ratios/growth as decimals),MXN,filings/capitaliq/Investment and Market research/Bimbo_2014-10-27_Interacciones_3Q14-First-View-Canada-Bread-1/Bimbo_2014-10-27_Interacciones_3Q14-First-View-Canada-Bread-1.xls,ABC Nominal con Flujo de Efecti,63,Broker (Interacciones) spreadsheet dated 2014-10-23; duplicate file -2 is byte-identical
1Q14,,BALANCE SHEET / BALANCE,Total Liabilities,Pasivo Total,-0.013452217763821,MXN millions (ratios/growth as decimals),MXN,filings/capitaliq/Investment and Market research/Bimbo_2014-10-27_Interacciones_3Q14-First-View-Canada-Bread-1/Bimbo_2014-10-27_Interacciones_3Q14-First-View-Canada-Bread-1.xls,ABC Nominal con Flujo de Efecti,63,Broker (Interacciones) spreadsheet dated 2014-10-23; duplicate file -2 is byte-identical
2Q14,,BALANCE SHEET / BALANCE,Total Liabilities,Pasivo Total,0.251665287550131,MXN millions (ratios/growth as decimals),MXN,filings/capitaliq/Investment and Market research/Bimbo_2014-10-27_Interacciones_3Q14-First-View-Canada-Bread-1/Bimbo_2014-10-27_Interacciones_3Q14-First-View-Canada-Bread-1.xls,ABC Nominal con Flujo de Efecti,63,Broker (Interacciones) spreadsheet dated 2014-10-23; duplicate file -2 is byte-identical
3Q14,,BALANCE SHEET / BALANCE,Total Liabilities,Pasivo Total,0.255847955110542,MXN millions (ratios/growth as decimals),MXN,filings/capitaliq/Investment and Market research/Bimbo_2014-10-27_Interacciones_3Q14-First-View-Canada-Bread-1/Bimbo_2014-10-27_Interacciones_3Q14-First-View-Canada-Bread-1.xls,ABC Nominal con Flujo de Efecti,63,Broker (Interacciones) spreadsheet dated 2014-10-23; duplicate file -2 is byte-identical
3Q12,,BALANCE SHEET / BALANCE,Suppliers,Proveedores,0.216505982832436,MXN millions (ratios/growth as decimals),MXN,filings/capitaliq/Investment and Market research/Bimbo_2014-10-27_Interacciones_3Q14-First-View-Canada-Bread-1/Bimbo_2014-10-27_Interacciones_3Q14-First-View-Canada-Bread-1.xls,ABC Nominal con Flujo de Efecti,64,Broker (Interacciones) spreadsheet dated 2014-10-23; duplicate file -2 is byte-identical
2Q13,,BALANCE SHEET / BALANCE,Suppliers,Proveedores,-0.0672382405437476,MXN millions (ratios/growth as decimals),MXN,filings/capitaliq/Investment and Market research/Bimbo_2014-10-27_Interacciones_3Q14-First-View-Canada-Bread-1/Bimbo_2014-10-27_Interacciones_3Q14-First-View-Canada-Bread-1.xls,ABC Nominal con Flujo de Efecti,64,Broker (Interacciones) spreadsheet dated 2014-10-23; duplicate file -2 is byte-identical
3Q13,,BALANCE SHEET / BALANCE,Suppliers,Proveedores,-0.0523754840087081,MXN millions (ratios/growth as decimals),MXN,filings/capitaliq/Investment and Market research/Bimbo_2014-10-27_Interacciones_3Q14-First-View-Canada-Bread-1/Bimbo_2014-10-27_Interacciones_3Q14-First-View-Canada-Bread-1.xls,ABC Nominal con Flujo de Efecti,64,Broker (Interacciones) spreadsheet dated 2014-10-23; duplicate file -2 is byte-identical
4Q13,,BALANCE SHEET / BALANCE,Suppliers,Proveedores,0.00555394807768876,MXN millions (ratios/growth as decimals),MXN,filings/capitaliq/Investment and Market research/Bimbo_2014-10-27_Interacciones_3Q14-First-View-Canada-Bread-1/Bimbo_2014-10-27_Interacciones_3Q14-First-View-Canada-Bread-1.xls,ABC Nominal con Flujo de Efecti,64,Broker (Interacciones) spreadsheet dated 2014-10-23; duplicate file -2 is byte-identical
1Q14,,BALANCE SHEET / BALANCE,Suppliers,Proveedores,0.0676811108943333,MXN millions (ratios/growth as decimals),MXN,filings/capitaliq/Investment and Market research/Bimbo_2014-10-27_Interacciones_3Q14-First-View-Canada-Bread-1/Bimbo_2014-10-27_Interacciones_3Q14-First-View-Canada-Bread-1.xls,ABC Nominal con Flujo de Efecti,64,Broker (Interacciones) spreadsheet dated 2014-10-23; duplicate file -2 is byte-identical
2Q14,,BALANCE SHEET / BALANCE,Suppliers,Proveedores,0.17111787087082,MXN millions (ratios/growth as decimals),MXN,filings/capitaliq/Investment and Market research/Bimbo_2014-10-27_Interacciones_3Q14-First-View-Canada-Bread-1/Bimbo_2014-10-27_Interacciones_3Q14-First-View-Canada-Bread-1.xls,ABC Nominal con Flujo de Efecti,64,Broker (Interacciones) spreadsheet dated 2014-10-23; duplicate file -2 is byte-identical
3Q14,,BALANCE SHEET / BALANCE,Suppliers,Proveedores,0.172598480674582,MXN millions (ratios/growth as decimals),MXN,filings/capitaliq/Investment and Market research/Bimbo_2014-10-27_Interacciones_3Q14-First-View-Canada-Bread-1/Bimbo_2014-10-27_Interacciones_3Q14-First-View-Canada-Bread-1.xls,ABC Nominal con Flujo de Efecti,64,Broker (Interacciones) spreadsheet dated 2014-10-23; duplicate file -2 is byte-identical
3Q12,,BALANCE SHEET / BALANCE,Non-current liability,Pasivos no circulantes,0.589954183164346,MXN millions (ratios/growth as decimals),MXN,filings/capitaliq/Investment and Market research/Bimbo_2014-10-27_Interacciones_3Q14-First-View-Canada-Bread-1/Bimbo_2014-10-27_Interacciones_3Q14-First-View-Canada-Bread-1.xls,ABC Nominal con Flujo de Efecti,65,Broker (Interacciones) spreadsheet dated 2014-10-23; duplicate file -2 is byte-identical
2Q13,,BALANCE SHEET / BALANCE,Non-current liability,Pasivos no circulantes,-0.077941471184143,MXN millions (ratios/growth as decimals),MXN,filings/capitaliq/Investment and Market research/Bimbo_2014-10-27_Interacciones_3Q14-First-View-Canada-Bread-1/Bimbo_2014-10-27_Interacciones_3Q14-First-View-Canada-Bread-1.xls,ABC Nominal con Flujo de Efecti,65,Broker (Interacciones) spreadsheet dated 2014-10-23; duplicate file -2 is byte-identical
3Q13,,BALANCE SHEET / BALANCE,Non-current liability,Pasivos no circulantes,-0.080084382091547,MXN millions (ratios/growth as decimals),MXN,filings/capitaliq/Investment and Market research/Bimbo_2014-10-27_Interacciones_3Q14-First-View-Canada-Bread-1/Bimbo_2014-10-27_Interacciones_3Q14-First-View-Canada-Bread-1.xls,ABC Nominal con Flujo de Efecti,65,Broker (Interacciones) spreadsheet dated 2014-10-23; duplicate file -2 is byte-identical
4Q13,,BALANCE SHEET / BALANCE,Non-current liability,Pasivos no circulantes,-0.168200665144703,MXN millions (ratios/growth as decimals),MXN,filings/capitaliq/Investment and Market research/Bimbo_2014-10-27_Interacciones_3Q14-First-View-Canada-Bread-1/Bimbo_2014-10-27_Interacciones_3Q14-First-View-Canada-Bread-1.xls,ABC Nominal con Flujo de Efecti,65,Broker (Interacciones) spreadsheet dated 2014-10-23; duplicate file -2 is byte-identical
1Q14,,BALANCE SHEET / BALANCE,Non-current liability,Pasivos no circulantes,-0.15869338816587,MXN millions (ratios/growth as decimals),MXN,filings/capitaliq/Investment and Market research/Bimbo_2014-10-27_Interacciones_3Q14-First-View-Canada-Bread-1/Bimbo_2014-10-27_Interacciones_3Q14-First-View-Canada-Bread-1.xls,ABC Nominal con Flujo de Efecti,65,Broker (Interacciones) spreadsheet dated 2014-10-23; duplicate file -2 is byte-identical
2Q14,,BALANCE SHEET / BALANCE,Non-current liability,Pasivos no circulantes,0.427062747847549,MXN millions (ratios/growth as decimals),MXN,filings/capitaliq/Investment and Market research/Bimbo_2014-10-27_Interacciones_3Q14-First-View-Canada-Bread-1/Bimbo_2014-10-27_Interacciones_3Q14-First-View-Canada-Bread-1.xls,ABC Nominal con Flujo de Efecti,65,Broker (Interacciones) spreadsheet dated 2014-10-23; duplicate file -2 is byte-identical
3Q14,,BALANCE SHEET / BALANCE,Non-current liability,Pasivos no circulantes,0.445815029905795,MXN millions (ratios/growth as decimals),MXN,filings/capitaliq/Investment and Market research/Bimbo_2014-10-27_Interacciones_3Q14-First-View-Canada-Bread-1/Bimbo_2014-10-27_Interacciones_3Q14-First-View-Canada-Bread-1.xls,ABC Nominal con Flujo de Efecti,65,Broker (Interacciones) spreadsheet dated 2014-10-23; duplicate file -2 is byte-identical
3Q12,,BALANCE SHEET / BALANCE,Total Net Debt,Deuda neta,0.335332505993911,MXN millions (ratios/growth as decimals),MXN,filings/capitaliq/Investment and Market research/Bimbo_2014-10-27_Interacciones_3Q14-First-View-Canada-Bread-1/Bimbo_2014-10-27_Interacciones_3Q14-First-View-Canada-Bread-1.xls,ABC Nominal con Flujo de Efecti,66,Broker (Interacciones) spreadsheet dated 2014-10-23; duplicate file -2 is byte-identical
2Q13,,BALANCE SHEET / BALANCE,Total Net Debt,Deuda neta,-0.127645579469515,MXN millions (ratios/growth as decimals),MXN,filings/capitaliq/Investment and Market research/Bimbo_2014-10-27_Interacciones_3Q14-First-View-Canada-Bread-1/Bimbo_2014-10-27_Interacciones_3Q14-First-View-Canada-Bread-1.xls,ABC Nominal con Flujo de Efecti,66,Broker (Interacciones) spreadsheet dated 2014-10-23; duplicate file -2 is byte-identical
3Q13,,BALANCE SHEET / BALANCE,Total Net Debt,Deuda neta,-0.0792061641890738,MXN millions (ratios/growth as decimals),MXN,filings/capitaliq/Investment and Market research/Bimbo_2014-10-27_Interacciones_3Q14-First-View-Canada-Bread-1/Bimbo_2014-10-27_Interacciones_3Q14-First-View-Canada-Bread-1.xls,ABC Nominal con Flujo de Efecti,66,Broker (Interacciones) spreadsheet dated 2014-10-23; duplicate file -2 is byte-identical
4Q13,,BALANCE SHEET / BALANCE,Total Net Debt,Deuda neta,0.00346409408396442,MXN millions (ratios/growth as decimals),MXN,filings/capitaliq/Investment and Market research/Bimbo_2014-10-27_Interacciones_3Q14-First-View-Canada-Bread-1/Bimbo_2014-10-27_Interacciones_3Q14-First-View-Canada-Bread-1.xls,ABC Nominal con Flujo de Efecti,66,Broker (Interacciones) spreadsheet dated 2014-10-23; duplicate file -2 is byte-identical
1Q14,,BALANCE SHEET / BALANCE,Total Net Debt,Deuda neta,-0.0377038651873915,MXN millions (ratios/growth as decimals),MXN,filings/capitaliq/Investment and Market research/Bimbo_2014-10-27_Interacciones_3Q14-First-View-Canada-Bread-1/Bimbo_2014-10-27_Interacciones_3Q14-First-View-Canada-Bread-1.xls,ABC Nominal con Flujo de Efecti,66,Broker (Interacciones) spreadsheet dated 2014-10-23; duplicate file -2 is byte-identical
2Q14,,BALANCE SHEET / BALANCE,Total Net Debt,Deuda neta,0.550837678561706,MXN millions (ratios/growth as decimals),MXN,filings/capitaliq/Investment and Market research/Bimbo_2014-10-27_Interacciones_3Q14-First-View-Canada-Bread-1/Bimbo_2014-10-27_Interacciones_3Q14-First-View-Canada-Bread-1.xls,ABC Nominal con Flujo de Efecti,66,Broker (Interacciones) spreadsheet dated 2014-10-23; duplicate file -2 is byte-identical
3Q14,,BALANCE SHEET / BALANCE,Total Net Debt,Deuda neta,0.628460160169103,MXN millions (ratios/growth as decimals),MXN,filings/capitaliq/Investment and Market research/Bimbo_2014-10-27_Interacciones_3Q14-First-View-Canada-Bread-1/Bimbo_2014-10-27_Interacciones_3Q14-First-View-Canada-Bread-1.xls,ABC Nominal con Flujo de Efecti,66,Broker (Interacciones) spreadsheet dated 2014-10-23; duplicate file -2 is byte-identical
3Q12,,BALANCE SHEET / BALANCE,Total Debt,Deuda Total,0.0305723491440527,MXN millions (ratios/growth as decimals),MXN,filings/capitaliq/Investment and Market research/Bimbo_2014-10-27_Interacciones_3Q14-First-View-Canada-Bread-1/Bimbo_2014-10-27_Interacciones_3Q14-First-View-Canada-Bread-1.xls,ABC Nominal con Flujo de Efecti,67,Broker (Interacciones) spreadsheet dated 2014-10-23; duplicate file -2 is byte-identical
2Q13,,BALANCE SHEET / BALANCE,Total Debt,Deuda Total,-0.0733545767949392,MXN millions (ratios/growth as decimals),MXN,filings/capitaliq/Investment and Market research/Bimbo_2014-10-27_Interacciones_3Q14-First-View-Canada-Bread-1/Bimbo_2014-10-27_Interacciones_3Q14-First-View-Canada-Bread-1.xls,ABC Nominal con Flujo de Efecti,67,Broker (Interacciones) spreadsheet dated 2014-10-23; duplicate file -2 is byte-identical
3Q13,,BALANCE SHEET / BALANCE,Total Debt,Deuda Total,-0.0541109480595779,MXN millions (ratios/growth as decimals),MXN,filings/capitaliq/Investment and Market research/Bimbo_2014-10-27_Interacciones_3Q14-First-View-Canada-Bread-1/Bimbo_2014-10-27_Interacciones_3Q14-First-View-Canada-Bread-1.xls,ABC Nominal con Flujo de Efecti,67,Broker (Interacciones) spreadsheet dated 2014-10-23; duplicate file -2 is byte-identical
4Q13,,BALANCE SHEET / BALANCE,Total Debt,Deuda Total,-0.0391370663861469,MXN millions (ratios/growth as decimals),MXN,filings/capitaliq/Investment and Market research/Bimbo_2014-10-27_Interacciones_3Q14-First-View-Canada-Bread-1/Bimbo_2014-10-27_Interacciones_3Q14-First-View-Canada-Bread-1.xls,ABC Nominal con Flujo de Efecti,67,Broker (Interacciones) spreadsheet dated 2014-10-23; duplicate file -2 is byte-identical
1Q14,,BALANCE SHEET / BALANCE,Total Debt,Deuda Total,-0.0627528790449504,MXN millions (ratios/growth as decimals),MXN,filings/capitaliq/Investment and Market research/Bimbo_2014-10-27_Interacciones_3Q14-First-View-Canada-Bread-1/Bimbo_2014-10-27_Interacciones_3Q14-First-View-Canada-Bread-1.xls,ABC Nominal con Flujo de Efecti,67,Broker (Interacciones) spreadsheet dated 2014-10-23; duplicate file -2 is byte-identical
2Q14,,BALANCE SHEET / BALANCE,Total Debt,Deuda Total,0.500445949326642,MXN millions (ratios/growth as decimals),MXN,filings/capitaliq/Investment and Market research/Bimbo_2014-10-27_Interacciones_3Q14-First-View-Canada-Bread-1/Bimbo_2014-10-27_Interacciones_3Q14-First-View-Canada-Bread-1.xls,ABC Nominal con Flujo de Efecti,67,Broker (Interacciones) spreadsheet dated 2014-10-23; duplicate file -2 is byte-identical
3Q14,,BALANCE SHEET / BALANCE,Total Debt,Deuda Total,0.514074578188663,MXN millions (ratios/growth as decimals),MXN,filings/capitaliq/Investment and Market research/Bimbo_2014-10-27_Interacciones_3Q14-First-View-Canada-Bread-1/Bimbo_2014-10-27_Interacciones_3Q14-First-View-Canada-Bread-1.xls,ABC Nominal con Flujo de Efecti,67,Broker (Interacciones) spreadsheet dated 2014-10-23; duplicate file -2 is byte-identical
3Q12,,BALANCE SHEET / BALANCE,Equity,Capital Contable,-0.00640393901049779,MXN millions (ratios/growth as decimals),MXN,filings/capitaliq/Investment and Market research/Bimbo_2014-10-27_Interacciones_3Q14-First-View-Canada-Bread-1/Bimbo_2014-10-27_Interacciones_3Q14-First-View-Canada-Bread-1.xls,ABC Nominal con Flujo de Efecti,68,Broker (Interacciones) spreadsheet dated 2014-10-23; duplicate file -2 is byte-identical
2Q13,,BALANCE SHEET / BALANCE,Equity,Capital Contable,-0.0953380739130282,MXN millions (ratios/growth as decimals),MXN,filings/capitaliq/Investment and Market research/Bimbo_2014-10-27_Interacciones_3Q14-First-View-Canada-Bread-1/Bimbo_2014-10-27_Interacciones_3Q14-First-View-Canada-Bread-1.xls,ABC Nominal con Flujo de Efecti,68,Broker (Interacciones) spreadsheet dated 2014-10-23; duplicate file -2 is byte-identical
3Q13,,BALANCE SHEET / BALANCE,Equity,Capital Contable,-0.0433410222220261,MXN millions (ratios/growth as decimals),MXN,filings/capitaliq/Investment and Market research/Bimbo_2014-10-27_Interacciones_3Q14-First-View-Canada-Bread-1/Bimbo_2014-10-27_Interacciones_3Q14-First-View-Canada-Bread-1.xls,ABC Nominal con Flujo de Efecti,68,Broker (Interacciones) spreadsheet dated 2014-10-23; duplicate file -2 is byte-identical
4Q13,,BALANCE SHEET / BALANCE,Equity,Capital Contable,0.0197430407560663,MXN millions (ratios/growth as decimals),MXN,filings/capitaliq/Investment and Market research/Bimbo_2014-10-27_Interacciones_3Q14-First-View-Canada-Bread-1/Bimbo_2014-10-27_Interacciones_3Q14-First-View-Canada-Bread-1.xls,ABC Nominal con Flujo de Efecti,68,Broker (Interacciones) spreadsheet dated 2014-10-23; duplicate file -2 is byte-identical
1Q14,,BALANCE SHEET / BALANCE,Equity,Capital Contable,0.106784354633046,MXN millions (ratios/growth as decimals),MXN,filings/capitaliq/Investment and Market research/Bimbo_2014-10-27_Interacciones_3Q14-First-View-Canada-Bread-1/Bimbo_2014-10-27_Interacciones_3Q14-First-View-Canada-Bread-1.xls,ABC Nominal con Flujo de Efecti,68,Broker (Interacciones) spreadsheet dated 2014-10-23; duplicate file -2 is byte-identical
2Q14,,BALANCE SHEET / BALANCE,Equity,Capital Contable,0.0885320992593648,MXN millions (ratios/growth as decimals),MXN,filings/capitaliq/Investment and Market research/Bimbo_2014-10-27_Interacciones_3Q14-First-View-Canada-Bread-1/Bimbo_2014-10-27_Interacciones_3Q14-First-View-Canada-Bread-1.xls,ABC Nominal con Flujo de Efecti,68,Broker (Interacciones) spreadsheet dated 2014-10-23; duplicate file -2 is byte-identical
3Q14,,BALANCE SHEET / BALANCE,Equity,Capital Contable,0.0966074222928809,MXN millions (ratios/growth as decimals),MXN,filings/capitaliq/Investment and Market research/Bimbo_2014-10-27_Interacciones_3Q14-First-View-Canada-Bread-1/Bimbo_2014-10-27_Interacciones_3Q14-First-View-Canada-Bread-1.xls,ABC Nominal con Flujo de Efecti,68,Broker (Interacciones) spreadsheet dated 2014-10-23; duplicate file -2 is byte-identical
3Q12,,QUARTERLY FREE CASH FLOW STATEMENT   / FLUJO DE CAJA TRIMESTRAL,Net Revenue,Ingresos Netos,43514.619,MXN millions (ratios/growth as decimals),MXN,filings/capitaliq/Investment and Market research/Bimbo_2014-10-27_Interacciones_3Q14-First-View-Canada-Bread-1/Bimbo_2014-10-27_Interacciones_3Q14-First-View-Canada-Bread-1.xls,ABC Nominal con Flujo de Efecti,73,Broker (Interacciones) spreadsheet dated 2014-10-23; duplicate file -2 is byte-identical
2Q13,,QUARTERLY FREE CASH FLOW STATEMENT   / FLUJO DE CAJA TRIMESTRAL,Net Revenue,Ingresos Netos,43275.277,MXN millions (ratios/growth as decimals),MXN,filings/capitaliq/Investment and Market research/Bimbo_2014-10-27_Interacciones_3Q14-First-View-Canada-Bread-1/Bimbo_2014-10-27_Interacciones_3Q14-First-View-Canada-Bread-1.xls,ABC Nominal con Flujo de Efecti,73,Broker (Interacciones) spreadsheet dated 2014-10-23; duplicate file -2 is byte-identical
3Q13,,QUARTERLY FREE CASH FLOW STATEMENT   / FLUJO DE CAJA TRIMESTRAL,Net Revenue,Ingresos Netos,44835.207,MXN millions (ratios/growth as decimals),MXN,filings/capitaliq/Investment and Market research/Bimbo_2014-10-27_Interacciones_3Q14-First-View-Canada-Bread-1/Bimbo_2014-10-27_Interacciones_3Q14-First-View-Canada-Bread-1.xls,ABC Nominal con Flujo de Efecti,73,Broker (Interacciones) spreadsheet dated 2014-10-23; duplicate file -2 is byte-identical
4Q13,,QUARTERLY FREE CASH FLOW STATEMENT   / FLUJO DE CAJA TRIMESTRAL,Net Revenue,Ingresos Netos,46480.306,MXN millions (ratios/growth as decimals),MXN,filings/capitaliq/Investment and Market research/Bimbo_2014-10-27_Interacciones_3Q14-First-View-Canada-Bread-1/Bimbo_2014-10-27_Interacciones_3Q14-First-View-Canada-Bread-1.xls,ABC Nominal con Flujo de Efecti,73,Broker (Interacciones) spreadsheet dated 2014-10-23; duplicate file -2 is byte-identical
1Q14,,QUARTERLY FREE CASH FLOW STATEMENT   / FLUJO DE CAJA TRIMESTRAL,Net Revenue,Ingresos Netos,41979.212,MXN millions (ratios/growth as decimals),MXN,filings/capitaliq/Investment and Market research/Bimbo_2014-10-27_Interacciones_3Q14-First-View-Canada-Bread-1/Bimbo_2014-10-27_Interacciones_3Q14-First-View-Canada-Bread-1.xls,ABC Nominal con Flujo de Efecti,73,Broker (Interacciones) spreadsheet dated 2014-10-23; duplicate file -2 is byte-identical
2Q14,,QUARTERLY FREE CASH FLOW STATEMENT   / FLUJO DE CAJA TRIMESTRAL,Net Revenue,Ingresos Netos,45539.534,MXN millions (ratios/growth as decimals),MXN,filings/capitaliq/Investment and Market research/Bimbo_2014-10-27_Interacciones_3Q14-First-View-Canada-Bread-1/Bimbo_2014-10-27_Interacciones_3Q14-First-View-Canada-Bread-1.xls,ABC Nominal con Flujo de Efecti,73,Broker (Interacciones) spreadsheet dated 2014-10-23; duplicate file -2 is byte-identical
3Q14,,QUARTERLY FREE CASH FLOW STATEMENT   / FLUJO DE CAJA TRIMESTRAL,Net Revenue,Ingresos Netos,50153.622,MXN millions (ratios/growth as decimals),MXN,filings/capitaliq/Investment and Market research/Bimbo_2014-10-27_Interacciones_3Q14-First-View-Canada-Bread-1/Bimbo_2014-10-27_Interacciones_3Q14-First-View-Canada-Bread-1.xls,ABC Nominal con Flujo de Efecti,73,Broker (Interacciones) spreadsheet dated 2014-10-23; duplicate file -2 is byte-identical
3Q12,,QUARTERLY FREE CASH FLOW STATEMENT   / FLUJO DE CAJA TRIMESTRAL,Sales Cost,Costo De Ventas,21539.536,MXN millions (ratios/growth as decimals),MXN,filings/capitaliq/Investment and Market research/Bimbo_2014-10-27_Interacciones_3Q14-First-View-Canada-Bread-1/Bimbo_2014-10-27_Interacciones_3Q14-First-View-Canada-Bread-1.xls,ABC Nominal con Flujo de Efecti,74,Broker (Interacciones) spreadsheet dated 2014-10-23; duplicate file -2 is byte-identical
2Q13,,QUARTERLY FREE CASH FLOW STATEMENT   / FLUJO DE CAJA TRIMESTRAL,Sales Cost,Costo De Ventas,20427.76,MXN millions (ratios/growth as decimals),MXN,filings/capitaliq/Investment and Market research/Bimbo_2014-10-27_Interacciones_3Q14-First-View-Canada-Bread-1/Bimbo_2014-10-27_Interacciones_3Q14-First-View-Canada-Bread-1.xls,ABC Nominal con Flujo de Efecti,74,Broker (Interacciones) spreadsheet dated 2014-10-23; duplicate file -2 is byte-identical
3Q13,,QUARTERLY FREE CASH FLOW STATEMENT   / FLUJO DE CAJA TRIMESTRAL,Sales Cost,Costo De Ventas,21351.381,MXN millions (ratios/growth as decimals),MXN,filings/capitaliq/Investment and Market research/Bimbo_2014-10-27_Interacciones_3Q14-First-View-Canada-Bread-1/Bimbo_2014-10-27_Interacciones_3Q14-First-View-Canada-Bread-1.xls,ABC Nominal con Flujo de Efecti,74,Broker (Interacciones) spreadsheet dated 2014-10-23; duplicate file -2 is byte-identical
4Q13,,QUARTERLY FREE CASH FLOW STATEMENT   / FLUJO DE CAJA TRIMESTRAL,Sales Cost,Costo De Ventas,21889.483,MXN millions (ratios/growth as decimals),MXN,filings/capitaliq/Investment and Market research/Bimbo_2014-10-27_Interacciones_3Q14-First-View-Canada-Bread-1/Bimbo_2014-10-27_Interacciones_3Q14-First-View-Canada-Bread-1.xls,ABC Nominal con Flujo de Efecti,74,Broker (Interacciones) spreadsheet dated 2014-10-23; duplicate file -2 is byte-identical
1Q14,,QUARTERLY FREE CASH FLOW STATEMENT   / FLUJO DE CAJA TRIMESTRAL,Sales Cost,Costo De Ventas,19773.73,MXN millions (ratios/growth as decimals),MXN,filings/capitaliq/Investment and Market research/Bimbo_2014-10-27_Interacciones_3Q14-First-View-Canada-Bread-1/Bimbo_2014-10-27_Interacciones_3Q14-First-View-Canada-Bread-1.xls,ABC Nominal con Flujo de Efecti,74,Broker (Interacciones) spreadsheet dated 2014-10-23; duplicate file -2 is byte-identical
2Q14,,QUARTERLY FREE CASH FLOW STATEMENT   / FLUJO DE CAJA TRIMESTRAL,Sales Cost,Costo De Ventas,21098.314,MXN millions (ratios/growth as decimals),MXN,filings/capitaliq/Investment and Market research/Bimbo_2014-10-27_Interacciones_3Q14-First-View-Canada-Bread-1/Bimbo_2014-10-27_Interacciones_3Q14-First-View-Canada-Bread-1.xls,ABC Nominal con Flujo de Efecti,74,Broker (Interacciones) spreadsheet dated 2014-10-23; duplicate file -2 is byte-identical
3Q14,,QUARTERLY FREE CASH FLOW STATEMENT   / FLUJO DE CAJA TRIMESTRAL,Sales Cost,Costo De Ventas,23417.459,MXN millions (ratios/growth as decimals),MXN,filings/capitaliq/Investment and Market research/Bimbo_2014-10-27_Interacciones_3Q14-First-View-Canada-Bread-1/Bimbo_2014-10-27_Interacciones_3Q14-First-View-Canada-Bread-1.xls,ABC Nominal con Flujo de Efecti,74,Broker (Interacciones) spreadsheet dated 2014-10-23; duplicate file -2 is byte-identical
3Q12,,QUARTERLY FREE CASH FLOW STATEMENT   / FLUJO DE CAJA TRIMESTRAL,General Expenses,Gastos Generales,18970.746,MXN millions (ratios/growth as decimals),MXN,filings/capitaliq/Investment and Market research/Bimbo_2014-10-27_Interacciones_3Q14-First-View-Canada-Bread-1/Bimbo_2014-10-27_Interacciones_3Q14-First-View-Canada-Bread-1.xls,ABC Nominal con Flujo de Efecti,75,Broker (Interacciones) spreadsheet dated 2014-10-23; duplicate file -2 is byte-identical
2Q13,,QUARTERLY FREE CASH FLOW STATEMENT   / FLUJO DE CAJA TRIMESTRAL,General Expenses,Gastos Generales,19248.75,MXN millions (ratios/growth as decimals),MXN,filings/capitaliq/Investment and Market research/Bimbo_2014-10-27_Interacciones_3Q14-First-View-Canada-Bread-1/Bimbo_2014-10-27_Interacciones_3Q14-First-View-Canada-Bread-1.xls,ABC Nominal con Flujo de Efecti,75,Broker (Interacciones) spreadsheet dated 2014-10-23; duplicate file -2 is byte-identical
3Q13,,QUARTERLY FREE CASH FLOW STATEMENT   / FLUJO DE CAJA TRIMESTRAL,General Expenses,Gastos Generales,19494.427,MXN millions (ratios/growth as decimals),MXN,filings/capitaliq/Investment and Market research/Bimbo_2014-10-27_Interacciones_3Q14-First-View-Canada-Bread-1/Bimbo_2014-10-27_Interacciones_3Q14-First-View-Canada-Bread-1.xls,ABC Nominal con Flujo de Efecti,75,Broker (Interacciones) spreadsheet dated 2014-10-23; duplicate file -2 is byte-identical
4Q13,,QUARTERLY FREE CASH FLOW STATEMENT   / FLUJO DE CAJA TRIMESTRAL,General Expenses,Gastos Generales,20961.421,MXN millions (ratios/growth as decimals),MXN,filings/capitaliq/Investment and Market research/Bimbo_2014-10-27_Interacciones_3Q14-First-View-Canada-Bread-1/Bimbo_2014-10-27_Interacciones_3Q14-First-View-Canada-Bread-1.xls,ABC Nominal con Flujo de Efecti,75,Broker (Interacciones) spreadsheet dated 2014-10-23; duplicate file -2 is byte-identical
1Q14,,QUARTERLY FREE CASH FLOW STATEMENT   / FLUJO DE CAJA TRIMESTRAL,General Expenses,Gastos Generales,19960.771,MXN millions (ratios/growth as decimals),MXN,filings/capitaliq/Investment and Market research/Bimbo_2014-10-27_Interacciones_3Q14-First-View-Canada-Bread-1/Bimbo_2014-10-27_Interacciones_3Q14-First-View-Canada-Bread-1.xls,ABC Nominal con Flujo de Efecti,75,Broker (Interacciones) spreadsheet dated 2014-10-23; duplicate file -2 is byte-identical
2Q14,,QUARTERLY FREE CASH FLOW STATEMENT   / FLUJO DE CAJA TRIMESTRAL,General Expenses,Gastos Generales,20450.435,MXN millions (ratios/growth as decimals),MXN,filings/capitaliq/Investment and Market research/Bimbo_2014-10-27_Interacciones_3Q14-First-View-Canada-Bread-1/Bimbo_2014-10-27_Interacciones_3Q14-First-View-Canada-Bread-1.xls,ABC Nominal con Flujo de Efecti,75,Broker (Interacciones) spreadsheet dated 2014-10-23; duplicate file -2 is byte-identical
3Q14,,QUARTERLY FREE CASH FLOW STATEMENT   / FLUJO DE CAJA TRIMESTRAL,General Expenses,Gastos Generales,22142.057,MXN millions (ratios/growth as decimals),MXN,filings/capitaliq/Investment and Market research/Bimbo_2014-10-27_Interacciones_3Q14-First-View-Canada-Bread-1/Bimbo_2014-10-27_Interacciones_3Q14-First-View-Canada-Bread-1.xls,ABC Nominal con Flujo de Efecti,75,Broker (Interacciones) spreadsheet dated 2014-10-23; duplicate file -2 is byte-identical
3Q12,,QUARTERLY FREE CASH FLOW STATEMENT   / FLUJO DE CAJA TRIMESTRAL,gained Interest,Intereses Ganados,94.213,MXN millions (ratios/growth as decimals),MXN,filings/capitaliq/Investment and Market research/Bimbo_2014-10-27_Interacciones_3Q14-First-View-Canada-Bread-1/Bimbo_2014-10-27_Interacciones_3Q14-First-View-Canada-Bread-1.xls,ABC Nominal con Flujo de Efecti,76,Broker (Interacciones) spreadsheet dated 2014-10-23; duplicate file -2 is byte-identical
2Q13,,QUARTERLY FREE CASH FLOW STATEMENT   / FLUJO DE CAJA TRIMESTRAL,gained Interest,Intereses Ganados,102.547,MXN millions (ratios/growth as decimals),MXN,filings/capitaliq/Investment and Market research/Bimbo_2014-10-27_Interacciones_3Q14-First-View-Canada-Bread-1/Bimbo_2014-10-27_Interacciones_3Q14-First-View-Canada-Bread-1.xls,ABC Nominal con Flujo de Efecti,76,Broker (Interacciones) spreadsheet dated 2014-10-23; duplicate file -2 is byte-identical
3Q13,,QUARTERLY FREE CASH FLOW STATEMENT   / FLUJO DE CAJA TRIMESTRAL,gained Interest,Intereses Ganados,82.655,MXN millions (ratios/growth as decimals),MXN,filings/capitaliq/Investment and Market research/Bimbo_2014-10-27_Interacciones_3Q14-First-View-Canada-Bread-1/Bimbo_2014-10-27_Interacciones_3Q14-First-View-Canada-Bread-1.xls,ABC Nominal con Flujo de Efecti,76,Broker (Interacciones) spreadsheet dated 2014-10-23; duplicate file -2 is byte-identical
4Q13,,QUARTERLY FREE CASH FLOW STATEMENT   / FLUJO DE CAJA TRIMESTRAL,gained Interest,Intereses Ganados,58.454,MXN millions (ratios/growth as decimals),MXN,filings/capitaliq/Investment and Market research/Bimbo_2014-10-27_Interacciones_3Q14-First-View-Canada-Bread-1/Bimbo_2014-10-27_Interacciones_3Q14-First-View-Canada-Bread-1.xls,ABC Nominal con Flujo de Efecti,76,Broker (Interacciones) spreadsheet dated 2014-10-23; duplicate file -2 is byte-identical
1Q14,,QUARTERLY FREE CASH FLOW STATEMENT   / FLUJO DE CAJA TRIMESTRAL,gained Interest,Intereses Ganados,67.116,MXN millions (ratios/growth as decimals),MXN,filings/capitaliq/Investment and Market research/Bimbo_2014-10-27_Interacciones_3Q14-First-View-Canada-Bread-1/Bimbo_2014-10-27_Interacciones_3Q14-First-View-Canada-Bread-1.xls,ABC Nominal con Flujo de Efecti,76,Broker (Interacciones) spreadsheet dated 2014-10-23; duplicate file -2 is byte-identical
2Q14,,QUARTERLY FREE CASH FLOW STATEMENT   / FLUJO DE CAJA TRIMESTRAL,gained Interest,Intereses Ganados,71.883,MXN millions (ratios/growth as decimals),MXN,filings/capitaliq/Investment and Market research/Bimbo_2014-10-27_Interacciones_3Q14-First-View-Canada-Bread-1/Bimbo_2014-10-27_Interacciones_3Q14-First-View-Canada-Bread-1.xls,ABC Nominal con Flujo de Efecti,76,Broker (Interacciones) spreadsheet dated 2014-10-23; duplicate file -2 is byte-identical
3Q14,,QUARTERLY FREE CASH FLOW STATEMENT   / FLUJO DE CAJA TRIMESTRAL,gained Interest,Intereses Ganados,51.391,MXN millions (ratios/growth as decimals),MXN,filings/capitaliq/Investment and Market research/Bimbo_2014-10-27_Interacciones_3Q14-First-View-Canada-Bread-1/Bimbo_2014-10-27_Interacciones_3Q14-First-View-Canada-Bread-1.xls,ABC Nominal con Flujo de Efecti,76,Broker (Interacciones) spreadsheet dated 2014-10-23; duplicate file -2 is byte-identical
3Q12,,QUARTERLY FREE CASH FLOW STATEMENT   / FLUJO DE CAJA TRIMESTRAL,Decrease (Increase) In Clients,+ (-) Decremento (Incremento) En Clientes,236.224,MXN millions (ratios/growth as decimals),MXN,filings/capitaliq/Investment and Market research/Bimbo_2014-10-27_Interacciones_3Q14-First-View-Canada-Bread-1/Bimbo_2014-10-27_Interacciones_3Q14-First-View-Canada-Bread-1.xls,ABC Nominal con Flujo de Efecti,77,Broker (Interacciones) spreadsheet dated 2014-10-23; duplicate file -2 is byte-identical
2Q13,,QUARTERLY FREE CASH FLOW STATEMENT   / FLUJO DE CAJA TRIMESTRAL,Decrease (Increase) In Clients,+ (-) Decremento (Incremento) En Clientes,-898.507,MXN millions (ratios/growth as decimals),MXN,filings/capitaliq/Investment and Market research/Bimbo_2014-10-27_Interacciones_3Q14-First-View-Canada-Bread-1/Bimbo_2014-10-27_Interacciones_3Q14-First-View-Canada-Bread-1.xls,ABC Nominal con Flujo de Efecti,77,Broker (Interacciones) spreadsheet dated 2014-10-23; duplicate file -2 is byte-identical
3Q13,,QUARTERLY FREE CASH FLOW STATEMENT   / FLUJO DE CAJA TRIMESTRAL,Decrease (Increase) In Clients,+ (-) Decremento (Incremento) En Clientes,-552.586,MXN millions (ratios/growth as decimals),MXN,filings/capitaliq/Investment and Market research/Bimbo_2014-10-27_Interacciones_3Q14-First-View-Canada-Bread-1/Bimbo_2014-10-27_Interacciones_3Q14-First-View-Canada-Bread-1.xls,ABC Nominal con Flujo de Efecti,77,Broker (Interacciones) spreadsheet dated 2014-10-23; duplicate file -2 is byte-identical
4Q13,,QUARTERLY FREE CASH FLOW STATEMENT   / FLUJO DE CAJA TRIMESTRAL,Decrease (Increase) In Clients,+ (-) Decremento (Incremento) En Clientes,1050.471,MXN millions (ratios/growth as decimals),MXN,filings/capitaliq/Investment and Market research/Bimbo_2014-10-27_Interacciones_3Q14-First-View-Canada-Bread-1/Bimbo_2014-10-27_Interacciones_3Q14-First-View-Canada-Bread-1.xls,ABC Nominal con Flujo de Efecti,77,Broker (Interacciones) spreadsheet dated 2014-10-23; duplicate file -2 is byte-identical
1Q14,,QUARTERLY FREE CASH FLOW STATEMENT   / FLUJO DE CAJA TRIMESTRAL,Decrease (Increase) In Clients,+ (-) Decremento (Incremento) En Clientes,-342.058,MXN millions (ratios/growth as decimals),MXN,filings/capitaliq/Investment and Market research/Bimbo_2014-10-27_Interacciones_3Q14-First-View-Canada-Bread-1/Bimbo_2014-10-27_Interacciones_3Q14-First-View-Canada-Bread-1.xls,ABC Nominal con Flujo de Efecti,77,Broker (Interacciones) spreadsheet dated 2014-10-23; duplicate file -2 is byte-identical
2Q14,,QUARTERLY FREE CASH FLOW STATEMENT   / FLUJO DE CAJA TRIMESTRAL,Decrease (Increase) In Clients,+ (-) Decremento (Incremento) En Clientes,-486.07,MXN millions (ratios/growth as decimals),MXN,filings/capitaliq/Investment and Market research/Bimbo_2014-10-27_Interacciones_3Q14-First-View-Canada-Bread-1/Bimbo_2014-10-27_Interacciones_3Q14-First-View-Canada-Bread-1.xls,ABC Nominal con Flujo de Efecti,77,Broker (Interacciones) spreadsheet dated 2014-10-23; duplicate file -2 is byte-identical
3Q14,,QUARTERLY FREE CASH FLOW STATEMENT   / FLUJO DE CAJA TRIMESTRAL,Decrease (Increase) In Clients,+ (-) Decremento (Incremento) En Clientes,-172.625,MXN millions (ratios/growth as decimals),MXN,filings/capitaliq/Investment and Market research/Bimbo_2014-10-27_Interacciones_3Q14-First-View-Canada-Bread-1/Bimbo_2014-10-27_Interacciones_3Q14-First-View-Canada-Bread-1.xls,ABC Nominal con Flujo de Efecti,77,Broker (Interacciones) spreadsheet dated 2014-10-23; duplicate file -2 is byte-identical
3Q12,,QUARTERLY FREE CASH FLOW STATEMENT   / FLUJO DE CAJA TRIMESTRAL,Decrease (Increase) In Inventories,+ (-) Decremento (Incremento) En Inventarios,169.457,MXN millions (ratios/growth as decimals),MXN,filings/capitaliq/Investment and Market research/Bimbo_2014-10-27_Interacciones_3Q14-First-View-Canada-Bread-1/Bimbo_2014-10-27_Interacciones_3Q14-First-View-Canada-Bread-1.xls,ABC Nominal con Flujo de Efecti,78,Broker (Interacciones) spreadsheet dated 2014-10-23; duplicate file -2 is byte-identical
2Q13,,QUARTERLY FREE CASH FLOW STATEMENT   / FLUJO DE CAJA TRIMESTRAL,Decrease (Increase) In Inventories,+ (-) Decremento (Incremento) En Inventarios,-274.866,MXN millions (ratios/growth as decimals),MXN,filings/capitaliq/Investment and Market research/Bimbo_2014-10-27_Interacciones_3Q14-First-View-Canada-Bread-1/Bimbo_2014-10-27_Interacciones_3Q14-First-View-Canada-Bread-1.xls,ABC Nominal con Flujo de Efecti,78,Broker (Interacciones) spreadsheet dated 2014-10-23; duplicate file -2 is byte-identical
3Q13,,QUARTERLY FREE CASH FLOW STATEMENT   / FLUJO DE CAJA TRIMESTRAL,Decrease (Increase) In Inventories,+ (-) Decremento (Incremento) En Inventarios,-9.374,MXN millions (ratios/growth as decimals),MXN,filings/capitaliq/Investment and Market research/Bimbo_2014-10-27_Interacciones_3Q14-First-View-Canada-Bread-1/Bimbo_2014-10-27_Interacciones_3Q14-First-View-Canada-Bread-1.xls,ABC Nominal con Flujo de Efecti,78,Broker (Interacciones) spreadsheet dated 2014-10-23; duplicate file -2 is byte-identical
4Q13,,QUARTERLY FREE CASH FLOW STATEMENT   / FLUJO DE CAJA TRIMESTRAL,Decrease (Increase) In Inventories,+ (-) Decremento (Incremento) En Inventarios,-292.66,MXN millions (ratios/growth as decimals),MXN,filings/capitaliq/Investment and Market research/Bimbo_2014-10-27_Interacciones_3Q14-First-View-Canada-Bread-1/Bimbo_2014-10-27_Interacciones_3Q14-First-View-Canada-Bread-1.xls,ABC Nominal con Flujo de Efecti,78,Broker (Interacciones) spreadsheet dated 2014-10-23; duplicate file -2 is byte-identical
1Q14,,QUARTERLY FREE CASH FLOW STATEMENT   / FLUJO DE CAJA TRIMESTRAL,Decrease (Increase) In Inventories,+ (-) Decremento (Incremento) En Inventarios,823.802,MXN millions (ratios/growth as decimals),MXN,filings/capitaliq/Investment and Market research/Bimbo_2014-10-27_Interacciones_3Q14-First-View-Canada-Bread-1/Bimbo_2014-10-27_Interacciones_3Q14-First-View-Canada-Bread-1.xls,ABC Nominal con Flujo de Efecti,78,Broker (Interacciones) spreadsheet dated 2014-10-23; duplicate file -2 is byte-identical
2Q14,,QUARTERLY FREE CASH FLOW STATEMENT   / FLUJO DE CAJA TRIMESTRAL,Decrease (Increase) In Inventories,+ (-) Decremento (Incremento) En Inventarios,-18.809,MXN millions (ratios/growth as decimals),MXN,filings/capitaliq/Investment and Market research/Bimbo_2014-10-27_Interacciones_3Q14-First-View-Canada-Bread-1/Bimbo_2014-10-27_Interacciones_3Q14-First-View-Canada-Bread-1.xls,ABC Nominal con Flujo de Efecti,78,Broker (Interacciones) spreadsheet dated 2014-10-23; duplicate file -2 is byte-identical
3Q14,,QUARTERLY FREE CASH FLOW STATEMENT   / FLUJO DE CAJA TRIMESTRAL,Decrease (Increase) In Inventories,+ (-) Decremento (Incremento) En Inventarios,-116.403,MXN millions (ratios/growth as decimals),MXN,filings/capitaliq/Investment and Market research/Bimbo_2014-10-27_Interacciones_3Q14-First-View-Canada-Bread-1/Bimbo_2014-10-27_Interacciones_3Q14-First-View-Canada-Bread-1.xls,ABC Nominal con Flujo de Efecti,78,Broker (Interacciones) spreadsheet dated 2014-10-23; duplicate file -2 is byte-identical
3Q12,,QUARTERLY FREE CASH FLOW STATEMENT   / FLUJO DE CAJA TRIMESTRAL,Paid Interest,Intereses Pagados,694.776,MXN millions (ratios/growth as decimals),MXN,filings/capitaliq/Investment and Market research/Bimbo_2014-10-27_Interacciones_3Q14-First-View-Canada-Bread-1/Bimbo_2014-10-27_Interacciones_3Q14-First-View-Canada-Bread-1.xls,ABC Nominal con Flujo de Efecti,79,Broker (Interacciones) spreadsheet dated 2014-10-23; duplicate file -2 is byte-identical
2Q13,,QUARTERLY FREE CASH FLOW STATEMENT   / FLUJO DE CAJA TRIMESTRAL,Paid Interest,Intereses Pagados,785.071,MXN millions (ratios/growth as decimals),MXN,filings/capitaliq/Investment and Market research/Bimbo_2014-10-27_Interacciones_3Q14-First-View-Canada-Bread-1/Bimbo_2014-10-27_Interacciones_3Q14-First-View-Canada-Bread-1.xls,ABC Nominal con Flujo de Efecti,79,Broker (Interacciones) spreadsheet dated 2014-10-23; duplicate file -2 is byte-identical
3Q13,,QUARTERLY FREE CASH FLOW STATEMENT   / FLUJO DE CAJA TRIMESTRAL,Paid Interest,Intereses Pagados,814.974,MXN millions (ratios/growth as decimals),MXN,filings/capitaliq/Investment and Market research/Bimbo_2014-10-27_Interacciones_3Q14-First-View-Canada-Bread-1/Bimbo_2014-10-27_Interacciones_3Q14-First-View-Canada-Bread-1.xls,ABC Nominal con Flujo de Efecti,79,Broker (Interacciones) spreadsheet dated 2014-10-23; duplicate file -2 is byte-identical
4Q13,,QUARTERLY FREE CASH FLOW STATEMENT   / FLUJO DE CAJA TRIMESTRAL,Paid Interest,Intereses Pagados,831.98,MXN millions (ratios/growth as decimals),MXN,filings/capitaliq/Investment and Market research/Bimbo_2014-10-27_Interacciones_3Q14-First-View-Canada-Bread-1/Bimbo_2014-10-27_Interacciones_3Q14-First-View-Canada-Bread-1.xls,ABC Nominal con Flujo de Efecti,79,Broker (Interacciones) spreadsheet dated 2014-10-23; duplicate file -2 is byte-identical
1Q14,,QUARTERLY FREE CASH FLOW STATEMENT   / FLUJO DE CAJA TRIMESTRAL,Paid Interest,Intereses Pagados,751.849,MXN millions (ratios/growth as decimals),MXN,filings/capitaliq/Investment and Market research/Bimbo_2014-10-27_Interacciones_3Q14-First-View-Canada-Bread-1/Bimbo_2014-10-27_Interacciones_3Q14-First-View-Canada-Bread-1.xls,ABC Nominal con Flujo de Efecti,79,Broker (Interacciones) spreadsheet dated 2014-10-23; duplicate file -2 is byte-identical
2Q14,,QUARTERLY FREE CASH FLOW STATEMENT   / FLUJO DE CAJA TRIMESTRAL,Paid Interest,Intereses Pagados,799.214,MXN millions (ratios/growth as decimals),MXN,filings/capitaliq/Investment and Market research/Bimbo_2014-10-27_Interacciones_3Q14-First-View-Canada-Bread-1/Bimbo_2014-10-27_Interacciones_3Q14-First-View-Canada-Bread-1.xls,ABC Nominal con Flujo de Efecti,79,Broker (Interacciones) spreadsheet dated 2014-10-23; duplicate file -2 is byte-identical
3Q14,,QUARTERLY FREE CASH FLOW STATEMENT   / FLUJO DE CAJA TRIMESTRAL,Paid Interest,Intereses Pagados,1054.581,MXN millions (ratios/growth as decimals),MXN,filings/capitaliq/Investment and Market research/Bimbo_2014-10-27_Interacciones_3Q14-First-View-Canada-Bread-1/Bimbo_2014-10-27_Interacciones_3Q14-First-View-Canada-Bread-1.xls,ABC Nominal con Flujo de Efecti,79,Broker (Interacciones) spreadsheet dated 2014-10-23; duplicate file -2 is byte-identical
3Q12,,QUARTERLY FREE CASH FLOW STATEMENT   / FLUJO DE CAJA TRIMESTRAL,Decrease (Increase) In Other Receivable Accounts and Current Assets,+ (-) Decremento (Incremento) En Otras Cx CY Otros Ac. Circ.,-84.465,MXN millions (ratios/growth as decimals),MXN,filings/capitaliq/Investment and Market research/Bimbo_2014-10-27_Interacciones_3Q14-First-View-Canada-Bread-1/Bimbo_2014-10-27_Interacciones_3Q14-First-View-Canada-Bread-1.xls,ABC Nominal con Flujo de Efecti,80,Broker (Interacciones) spreadsheet dated 2014-10-23; duplicate file -2 is byte-identical
2Q13,,QUARTERLY FREE CASH FLOW STATEMENT   / FLUJO DE CAJA TRIMESTRAL,Decrease (Increase) In Other Receivable Accounts and Current Assets,+ (-) Decremento (Incremento) En Otras Cx CY Otros Ac. Circ.,229.87,MXN millions (ratios/growth as decimals),MXN,filings/capitaliq/Investment and Market research/Bimbo_2014-10-27_Interacciones_3Q14-First-View-Canada-Bread-1/Bimbo_2014-10-27_Interacciones_3Q14-First-View-Canada-Bread-1.xls,ABC Nominal con Flujo de Efecti,80,Broker (Interacciones) spreadsheet dated 2014-10-23; duplicate file -2 is byte-identical
3Q13,,QUARTERLY FREE CASH FLOW STATEMENT   / FLUJO DE CAJA TRIMESTRAL,Decrease (Increase) In Other Receivable Accounts and Current Assets,+ (-) Decremento (Incremento) En Otras Cx CY Otros Ac. Circ.,173.728,MXN millions (ratios/growth as decimals),MXN,filings/capitaliq/Investment and Market research/Bimbo_2014-10-27_Interacciones_3Q14-First-View-Canada-Bread-1/Bimbo_2014-10-27_Interacciones_3Q14-First-View-Canada-Bread-1.xls,ABC Nominal con Flujo de Efecti,80,Broker (Interacciones) spreadsheet dated 2014-10-23; duplicate file -2 is byte-identical
4Q13,,QUARTERLY FREE CASH FLOW STATEMENT   / FLUJO DE CAJA TRIMESTRAL,Decrease (Increase) In Other Receivable Accounts and Current Assets,+ (-) Decremento (Incremento) En Otras Cx CY Otros Ac. Circ.,609.402,MXN millions (ratios/growth as decimals),MXN,filings/capitaliq/Investment and Market research/Bimbo_2014-10-27_Interacciones_3Q14-First-View-Canada-Bread-1/Bimbo_2014-10-27_Interacciones_3Q14-First-View-Canada-Bread-1.xls,ABC Nominal con Flujo de Efecti,80,Broker (Interacciones) spreadsheet dated 2014-10-23; duplicate file -2 is byte-identical
1Q14,,QUARTERLY FREE CASH FLOW STATEMENT   / FLUJO DE CAJA TRIMESTRAL,Decrease (Increase) In Other Receivable Accounts and Current Assets,+ (-) Decremento (Incremento) En Otras Cx CY Otros Ac. Circ.,874.158,MXN millions (ratios/growth as decimals),MXN,filings/capitaliq/Investment and Market research/Bimbo_2014-10-27_Interacciones_3Q14-First-View-Canada-Bread-1/Bimbo_2014-10-27_Interacciones_3Q14-First-View-Canada-Bread-1.xls,ABC Nominal con Flujo de Efecti,80,Broker (Interacciones) spreadsheet dated 2014-10-23; duplicate file -2 is byte-identical
2Q14,,QUARTERLY FREE CASH FLOW STATEMENT   / FLUJO DE CAJA TRIMESTRAL,Decrease (Increase) In Other Receivable Accounts and Current Assets,+ (-) Decremento (Incremento) En Otras Cx CY Otros Ac. Circ.,212.118,MXN millions (ratios/growth as decimals),MXN,filings/capitaliq/Investment and Market research/Bimbo_2014-10-27_Interacciones_3Q14-First-View-Canada-Bread-1/Bimbo_2014-10-27_Interacciones_3Q14-First-View-Canada-Bread-1.xls,ABC Nominal con Flujo de Efecti,80,Broker (Interacciones) spreadsheet dated 2014-10-23; duplicate file -2 is byte-identical
3Q14,,QUARTERLY FREE CASH FLOW STATEMENT   / FLUJO DE CAJA TRIMESTRAL,Decrease (Increase) In Other Receivable Accounts and Current Assets,+ (-) Decremento (Incremento) En Otras Cx CY Otros Ac. Circ.,-121.16,MXN millions (ratios/growth as decimals),MXN,filings/capitaliq/Investment and Market research/Bimbo_2014-10-27_Interacciones_3Q14-First-View-Canada-Bread-1/Bimbo_2014-10-27_Interacciones_3Q14-First-View-Canada-Bread-1.xls,ABC Nominal con Flujo de Efecti,80,Broker (Interacciones) spreadsheet dated 2014-10-23; duplicate file -2 is byte-identical
3Q12,,QUARTERLY FREE CASH FLOW STATEMENT   / FLUJO DE CAJA TRIMESTRAL,Increase (Decrease) In Suppliers,+ (-) Incremento (Decremento) En Proveedores,-835.287,MXN millions (ratios/growth as decimals),MXN,filings/capitaliq/Investment and Market research/Bimbo_2014-10-27_Interacciones_3Q14-First-View-Canada-Bread-1/Bimbo_2014-10-27_Interacciones_3Q14-First-View-Canada-Bread-1.xls,ABC Nominal con Flujo de Efecti,81,Broker (Interacciones) spreadsheet dated 2014-10-23; duplicate file -2 is byte-identical
2Q13,,QUARTERLY FREE CASH FLOW STATEMENT   / FLUJO DE CAJA TRIMESTRAL,Increase (Decrease) In Suppliers,+ (-) Incremento (Decremento) En Proveedores,1362.303,MXN millions (ratios/growth as decimals),MXN,filings/capitaliq/Investment and Market research/Bimbo_2014-10-27_Interacciones_3Q14-First-View-Canada-Bread-1/Bimbo_2014-10-27_Interacciones_3Q14-First-View-Canada-Bread-1.xls,ABC Nominal con Flujo de Efecti,81,Broker (Interacciones) spreadsheet dated 2014-10-23; duplicate file -2 is byte-identical
3Q13,,QUARTERLY FREE CASH FLOW STATEMENT   / FLUJO DE CAJA TRIMESTRAL,Increase (Decrease) In Suppliers,+ (-) Incremento (Decremento) En Proveedores,-656.058,MXN millions (ratios/growth as decimals),MXN,filings/capitaliq/Investment and Market research/Bimbo_2014-10-27_Interacciones_3Q14-First-View-Canada-Bread-1/Bimbo_2014-10-27_Interacciones_3Q14-First-View-Canada-Bread-1.xls,ABC Nominal con Flujo de Efecti,81,Broker (Interacciones) spreadsheet dated 2014-10-23; duplicate file -2 is byte-identical
4Q13,,QUARTERLY FREE CASH FLOW STATEMENT   / FLUJO DE CAJA TRIMESTRAL,Increase (Decrease) In Suppliers,+ (-) Incremento (Decremento) En Proveedores,710.887,MXN millions (ratios/growth as decimals),MXN,filings/capitaliq/Investment and Market research/Bimbo_2014-10-27_Interacciones_3Q14-First-View-Canada-Bread-1/Bimbo_2014-10-27_Interacciones_3Q14-First-View-Canada-Bread-1.xls,ABC Nominal con Flujo de Efecti,81,Broker (Interacciones) spreadsheet dated 2014-10-23; duplicate file -2 is byte-identical
1Q14,,QUARTERLY FREE CASH FLOW STATEMENT   / FLUJO DE CAJA TRIMESTRAL,Increase (Decrease) In Suppliers,+ (-) Incremento (Decremento) En Proveedores,-791.665,MXN millions (ratios/growth as decimals),MXN,filings/capitaliq/Investment and Market research/Bimbo_2014-10-27_Interacciones_3Q14-First-View-Canada-Bread-1/Bimbo_2014-10-27_Interacciones_3Q14-First-View-Canada-Bread-1.xls,ABC Nominal con Flujo de Efecti,81,Broker (Interacciones) spreadsheet dated 2014-10-23; duplicate file -2 is byte-identical
2Q14,,QUARTERLY FREE CASH FLOW STATEMENT   / FLUJO DE CAJA TRIMESTRAL,Increase (Decrease) In Suppliers,+ (-) Incremento (Decremento) En Proveedores,807.889,MXN millions (ratios/growth as decimals),MXN,filings/capitaliq/Investment and Market research/Bimbo_2014-10-27_Interacciones_3Q14-First-View-Canada-Bread-1/Bimbo_2014-10-27_Interacciones_3Q14-First-View-Canada-Bread-1.xls,ABC Nominal con Flujo de Efecti,81,Broker (Interacciones) spreadsheet dated 2014-10-23; duplicate file -2 is byte-identical
3Q14,,QUARTERLY FREE CASH FLOW STATEMENT   / FLUJO DE CAJA TRIMESTRAL,Increase (Decrease) In Suppliers,+ (-) Incremento (Decremento) En Proveedores,-716.743,MXN millions (ratios/growth as decimals),MXN,filings/capitaliq/Investment and Market research/Bimbo_2014-10-27_Interacciones_3Q14-First-View-Canada-Bread-1/Bimbo_2014-10-27_Interacciones_3Q14-First-View-Canada-Bread-1.xls,ABC Nominal con Flujo de Efecti,81,Broker (Interacciones) spreadsheet dated 2014-10-23; duplicate file -2 is byte-identical
3Q12,,QUARTERLY FREE CASH FLOW STATEMENT   / FLUJO DE CAJA TRIMESTRAL,Increase (Decrease) in Other Liabilities,+ (-) Incremento (Decremento) En Otros Pasivos,-1066.208,MXN millions (ratios/growth as decimals),MXN,filings/capitaliq/Investment and Market research/Bimbo_2014-10-27_Interacciones_3Q14-First-View-Canada-Bread-1/Bimbo_2014-10-27_Interacciones_3Q14-First-View-Canada-Bread-1.xls,ABC Nominal con Flujo de Efecti,82,Broker (Interacciones) spreadsheet dated 2014-10-23; duplicate file -2 is byte-identical
2Q13,,QUARTERLY FREE CASH FLOW STATEMENT   / FLUJO DE CAJA TRIMESTRAL,Increase (Decrease) in Other Liabilities,+ (-) Incremento (Decremento) En Otros Pasivos,-1040.051,MXN millions (ratios/growth as decimals),MXN,filings/capitaliq/Investment and Market research/Bimbo_2014-10-27_Interacciones_3Q14-First-View-Canada-Bread-1/Bimbo_2014-10-27_Interacciones_3Q14-First-View-Canada-Bread-1.xls,ABC Nominal con Flujo de Efecti,82,Broker (Interacciones) spreadsheet dated 2014-10-23; duplicate file -2 is byte-identical
3Q13,,QUARTERLY FREE CASH FLOW STATEMENT   / FLUJO DE CAJA TRIMESTRAL,Increase (Decrease) in Other Liabilities,+ (-) Incremento (Decremento) En Otros Pasivos,-2069.162,MXN millions (ratios/growth as decimals),MXN,filings/capitaliq/Investment and Market research/Bimbo_2014-10-27_Interacciones_3Q14-First-View-Canada-Bread-1/Bimbo_2014-10-27_Interacciones_3Q14-First-View-Canada-Bread-1.xls,ABC Nominal con Flujo de Efecti,82,Broker (Interacciones) spreadsheet dated 2014-10-23; duplicate file -2 is byte-identical
4Q13,,QUARTERLY FREE CASH FLOW STATEMENT   / FLUJO DE CAJA TRIMESTRAL,Increase (Decrease) in Other Liabilities,+ (-) Incremento (Decremento) En Otros Pasivos,-1431.001,MXN millions (ratios/growth as decimals),MXN,filings/capitaliq/Investment and Market research/Bimbo_2014-10-27_Interacciones_3Q14-First-View-Canada-Bread-1/Bimbo_2014-10-27_Interacciones_3Q14-First-View-Canada-Bread-1.xls,ABC Nominal con Flujo de Efecti,82,Broker (Interacciones) spreadsheet dated 2014-10-23; duplicate file -2 is byte-identical
1Q14,,QUARTERLY FREE CASH FLOW STATEMENT   / FLUJO DE CAJA TRIMESTRAL,Increase (Decrease) in Other Liabilities,+ (-) Incremento (Decremento) En Otros Pasivos,1971.956,MXN millions (ratios/growth as decimals),MXN,filings/capitaliq/Investment and Market research/Bimbo_2014-10-27_Interacciones_3Q14-First-View-Canada-Bread-1/Bimbo_2014-10-27_Interacciones_3Q14-First-View-Canada-Bread-1.xls,ABC Nominal con Flujo de Efecti,82,Broker (Interacciones) spreadsheet dated 2014-10-23; duplicate file -2 is byte-identical
2Q14,,QUARTERLY FREE CASH FLOW STATEMENT   / FLUJO DE CAJA TRIMESTRAL,Increase (Decrease) in Other Liabilities,+ (-) Incremento (Decremento) En Otros Pasivos,-1037.419,MXN millions (ratios/growth as decimals),MXN,filings/capitaliq/Investment and Market research/Bimbo_2014-10-27_Interacciones_3Q14-First-View-Canada-Bread-1/Bimbo_2014-10-27_Interacciones_3Q14-First-View-Canada-Bread-1.xls,ABC Nominal con Flujo de Efecti,82,Broker (Interacciones) spreadsheet dated 2014-10-23; duplicate file -2 is byte-identical
3Q14,,QUARTERLY FREE CASH FLOW STATEMENT   / FLUJO DE CAJA TRIMESTRAL,Increase (Decrease) in Other Liabilities,+ (-) Incremento (Decremento) En Otros Pasivos,-426.274,MXN millions (ratios/growth as decimals),MXN,filings/capitaliq/Investment and Market research/Bimbo_2014-10-27_Interacciones_3Q14-First-View-Canada-Bread-1/Bimbo_2014-10-27_Interacciones_3Q14-First-View-Canada-Bread-1.xls,ABC Nominal con Flujo de Efecti,82,Broker (Interacciones) spreadsheet dated 2014-10-23; duplicate file -2 is byte-identical
3Q12,,QUARTERLY FREE CASH FLOW STATEMENT   / FLUJO DE CAJA TRIMESTRAL,Investment Activity Cash Net Flows,Flujos Netos De Efectivo De Actividades De Inversión,-163.075,MXN millions (ratios/growth as decimals),MXN,filings/capitaliq/Investment and Market research/Bimbo_2014-10-27_Interacciones_3Q14-First-View-Canada-Bread-1/Bimbo_2014-10-27_Interacciones_3Q14-First-View-Canada-Bread-1.xls,ABC Nominal con Flujo de Efecti,84,Broker (Interacciones) spreadsheet dated 2014-10-23; duplicate file -2 is byte-identical
2Q13,,QUARTERLY FREE CASH FLOW STATEMENT   / FLUJO DE CAJA TRIMESTRAL,Investment Activity Cash Net Flows,Flujos Netos De Efectivo De Actividades De Inversión,-1503.778,MXN millions (ratios/growth as decimals),MXN,filings/capitaliq/Investment and Market research/Bimbo_2014-10-27_Interacciones_3Q14-First-View-Canada-Bread-1/Bimbo_2014-10-27_Interacciones_3Q14-First-View-Canada-Bread-1.xls,ABC Nominal con Flujo de Efecti,84,Broker (Interacciones) spreadsheet dated 2014-10-23; duplicate file -2 is byte-identical
3Q13,,QUARTERLY FREE CASH FLOW STATEMENT   / FLUJO DE CAJA TRIMESTRAL,Investment Activity Cash Net Flows,Flujos Netos De Efectivo De Actividades De Inversión,-2333.128,MXN millions (ratios/growth as decimals),MXN,filings/capitaliq/Investment and Market research/Bimbo_2014-10-27_Interacciones_3Q14-First-View-Canada-Bread-1/Bimbo_2014-10-27_Interacciones_3Q14-First-View-Canada-Bread-1.xls,ABC Nominal con Flujo de Efecti,84,Broker (Interacciones) spreadsheet dated 2014-10-23; duplicate file -2 is byte-identical
4Q13,,QUARTERLY FREE CASH FLOW STATEMENT   / FLUJO DE CAJA TRIMESTRAL,Investment Activity Cash Net Flows,Flujos Netos De Efectivo De Actividades De Inversión,-2635.526,MXN millions (ratios/growth as decimals),MXN,filings/capitaliq/Investment and Market research/Bimbo_2014-10-27_Interacciones_3Q14-First-View-Canada-Bread-1/Bimbo_2014-10-27_Interacciones_3Q14-First-View-Canada-Bread-1.xls,ABC Nominal con Flujo de Efecti,84,Broker (Interacciones) spreadsheet dated 2014-10-23; duplicate file -2 is byte-identical
1Q14,,QUARTERLY FREE CASH FLOW STATEMENT   / FLUJO DE CAJA TRIMESTRAL,Investment Activity Cash Net Flows,Flujos Netos De Efectivo De Actividades De Inversión,-1013.0,MXN millions (ratios/growth as decimals),MXN,filings/capitaliq/Investment and Market research/Bimbo_2014-10-27_Interacciones_3Q14-First-View-Canada-Bread-1/Bimbo_2014-10-27_Interacciones_3Q14-First-View-Canada-Bread-1.xls,ABC Nominal con Flujo de Efecti,84,Broker (Interacciones) spreadsheet dated 2014-10-23; duplicate file -2 is byte-identical
2Q14,,QUARTERLY FREE CASH FLOW STATEMENT   / FLUJO DE CAJA TRIMESTRAL,Investment Activity Cash Net Flows,Flujos Netos De Efectivo De Actividades De Inversión,-23050.651,MXN millions (ratios/growth as decimals),MXN,filings/capitaliq/Investment and Market research/Bimbo_2014-10-27_Interacciones_3Q14-First-View-Canada-Bread-1/Bimbo_2014-10-27_Interacciones_3Q14-First-View-Canada-Bread-1.xls,ABC Nominal con Flujo de Efecti,84,Broker (Interacciones) spreadsheet dated 2014-10-23; duplicate file -2 is byte-identical
3Q14,,QUARTERLY FREE CASH FLOW STATEMENT   / FLUJO DE CAJA TRIMESTRAL,Investment Activity Cash Net Flows,Flujos Netos De Efectivo De Actividades De Inversión,-2657.645,MXN millions (ratios/growth as decimals),MXN,filings/capitaliq/Investment and Market research/Bimbo_2014-10-27_Interacciones_3Q14-First-View-Canada-Bread-1/Bimbo_2014-10-27_Interacciones_3Q14-First-View-Canada-Bread-1.xls,ABC Nominal con Flujo de Efecti,84,Broker (Interacciones) spreadsheet dated 2014-10-23; duplicate file -2 is byte-identical
3Q12,,QUARTERLY FREE CASH FLOW STATEMENT   / FLUJO DE CAJA TRIMESTRAL,Paid Dividend,(-) Dividendos Pagados,0,MXN millions (ratios/growth as decimals),MXN,filings/capitaliq/Investment and Market research/Bimbo_2014-10-27_Interacciones_3Q14-First-View-Canada-Bread-1/Bimbo_2014-10-27_Interacciones_3Q14-First-View-Canada-Bread-1.xls,ABC Nominal con Flujo de Efecti,86,Broker (Interacciones) spreadsheet dated 2014-10-23; duplicate file -2 is byte-identical
2Q13,,QUARTERLY FREE CASH FLOW STATEMENT   / FLUJO DE CAJA TRIMESTRAL,Paid Dividend,(-) Dividendos Pagados,-776.028,MXN millions (ratios/growth as decimals),MXN,filings/capitaliq/Investment and Market research/Bimbo_2014-10-27_Interacciones_3Q14-First-View-Canada-Bread-1/Bimbo_2014-10-27_Interacciones_3Q14-First-View-Canada-Bread-1.xls,ABC Nominal con Flujo de Efecti,86,Broker (Interacciones) spreadsheet dated 2014-10-23; duplicate file -2 is byte-identical
3Q13,,QUARTERLY FREE CASH FLOW STATEMENT   / FLUJO DE CAJA TRIMESTRAL,Paid Dividend,(-) Dividendos Pagados,0.0,MXN millions (ratios/growth as decimals),MXN,filings/capitaliq/Investment and Market research/Bimbo_2014-10-27_Interacciones_3Q14-First-View-Canada-Bread-1/Bimbo_2014-10-27_Interacciones_3Q14-First-View-Canada-Bread-1.xls,ABC Nominal con Flujo de Efecti,86,Broker (Interacciones) spreadsheet dated 2014-10-23; duplicate file -2 is byte-identical
4Q13,,QUARTERLY FREE CASH FLOW STATEMENT   / FLUJO DE CAJA TRIMESTRAL,Paid Dividend,(-) Dividendos Pagados,-1646.12,MXN millions (ratios/growth as decimals),MXN,filings/capitaliq/Investment and Market research/Bimbo_2014-10-27_Interacciones_3Q14-First-View-Canada-Bread-1/Bimbo_2014-10-27_Interacciones_3Q14-First-View-Canada-Bread-1.xls,ABC Nominal con Flujo de Efecti,86,Broker (Interacciones) spreadsheet dated 2014-10-23; duplicate file -2 is byte-identical
1Q14,,QUARTERLY FREE CASH FLOW STATEMENT   / FLUJO DE CAJA TRIMESTRAL,Paid Dividend,(-) Dividendos Pagados,0.0,MXN millions (ratios/growth as decimals),MXN,filings/capitaliq/Investment and Market research/Bimbo_2014-10-27_Interacciones_3Q14-First-View-Canada-Bread-1/Bimbo_2014-10-27_Interacciones_3Q14-First-View-Canada-Bread-1.xls,ABC Nominal con Flujo de Efecti,86,Broker (Interacciones) spreadsheet dated 2014-10-23; duplicate file -2 is byte-identical
2Q14,,QUARTERLY FREE CASH FLOW STATEMENT   / FLUJO DE CAJA TRIMESTRAL,Paid Dividend,(-) Dividendos Pagados,0.0,MXN millions (ratios/growth as decimals),MXN,filings/capitaliq/Investment and Market research/Bimbo_2014-10-27_Interacciones_3Q14-First-View-Canada-Bread-1/Bimbo_2014-10-27_Interacciones_3Q14-First-View-Canada-Bread-1.xls,ABC Nominal con Flujo de Efecti,86,Broker (Interacciones) spreadsheet dated 2014-10-23; duplicate file -2 is byte-identical
3Q14,,QUARTERLY FREE CASH FLOW STATEMENT   / FLUJO DE CAJA TRIMESTRAL,Paid Dividend,(-) Dividendos Pagados,0,MXN millions (ratios/growth as decimals),MXN,filings/capitaliq/Investment and Market research/Bimbo_2014-10-27_Interacciones_3Q14-First-View-Canada-Bread-1/Bimbo_2014-10-27_Interacciones_3Q14-First-View-Canada-Bread-1.xls,ABC Nominal con Flujo de Efecti,86,Broker (Interacciones) spreadsheet dated 2014-10-23; duplicate file -2 is byte-identical
3Q12,,QUARTERLY FREE CASH FLOW STATEMENT   / FLUJO DE CAJA TRIMESTRAL,Depreciation and Amortization,Depreciación Y Amortización Operativa,1288.818,MXN millions (ratios/growth as decimals),MXN,filings/capitaliq/Investment and Market research/Bimbo_2014-10-27_Interacciones_3Q14-First-View-Canada-Bread-1/Bimbo_2014-10-27_Interacciones_3Q14-First-View-Canada-Bread-1.xls,ABC Nominal con Flujo de Efecti,87,Broker (Interacciones) spreadsheet dated 2014-10-23; duplicate file -2 is byte-identical
2Q13,,QUARTERLY FREE CASH FLOW STATEMENT   / FLUJO DE CAJA TRIMESTRAL,Depreciation and Amortization,Depreciación Y Amortización Operativa,1244.11,MXN millions (ratios/growth as decimals),MXN,filings/capitaliq/Investment and Market research/Bimbo_2014-10-27_Interacciones_3Q14-First-View-Canada-Bread-1/Bimbo_2014-10-27_Interacciones_3Q14-First-View-Canada-Bread-1.xls,ABC Nominal con Flujo de Efecti,87,Broker (Interacciones) spreadsheet dated 2014-10-23; duplicate file -2 is byte-identical
3Q13,,QUARTERLY FREE CASH FLOW STATEMENT   / FLUJO DE CAJA TRIMESTRAL,Depreciation and Amortization,Depreciación Y Amortización Operativa,1400.128,MXN millions (ratios/growth as decimals),MXN,filings/capitaliq/Investment and Market research/Bimbo_2014-10-27_Interacciones_3Q14-First-View-Canada-Bread-1/Bimbo_2014-10-27_Interacciones_3Q14-First-View-Canada-Bread-1.xls,ABC Nominal con Flujo de Efecti,87,Broker (Interacciones) spreadsheet dated 2014-10-23; duplicate file -2 is byte-identical
4Q13,,QUARTERLY FREE CASH FLOW STATEMENT   / FLUJO DE CAJA TRIMESTRAL,Depreciation and Amortization,Depreciación Y Amortización Operativa,1762.847,MXN millions (ratios/growth as decimals),MXN,filings/capitaliq/Investment and Market research/Bimbo_2014-10-27_Interacciones_3Q14-First-View-Canada-Bread-1/Bimbo_2014-10-27_Interacciones_3Q14-First-View-Canada-Bread-1.xls,ABC Nominal con Flujo de Efecti,87,Broker (Interacciones) spreadsheet dated 2014-10-23; duplicate file -2 is byte-identical
1Q14,,QUARTERLY FREE CASH FLOW STATEMENT   / FLUJO DE CAJA TRIMESTRAL,Depreciation and Amortization,Depreciación Y Amortización Operativa,1350.277,MXN millions (ratios/growth as decimals),MXN,filings/capitaliq/Investment and Market research/Bimbo_2014-10-27_Interacciones_3Q14-First-View-Canada-Bread-1/Bimbo_2014-10-27_Interacciones_3Q14-First-View-Canada-Bread-1.xls,ABC Nominal con Flujo de Efecti,87,Broker (Interacciones) spreadsheet dated 2014-10-23; duplicate file -2 is byte-identical
2Q14,,QUARTERLY FREE CASH FLOW STATEMENT   / FLUJO DE CAJA TRIMESTRAL,Depreciation and Amortization,Depreciación Y Amortización Operativa,1350.959,MXN millions (ratios/growth as decimals),MXN,filings/capitaliq/Investment and Market research/Bimbo_2014-10-27_Interacciones_3Q14-First-View-Canada-Bread-1/Bimbo_2014-10-27_Interacciones_3Q14-First-View-Canada-Bread-1.xls,ABC Nominal con Flujo de Efecti,87,Broker (Interacciones) spreadsheet dated 2014-10-23; duplicate file -2 is byte-identical
3Q14,,QUARTERLY FREE CASH FLOW STATEMENT   / FLUJO DE CAJA TRIMESTRAL,Depreciation and Amortization,Depreciación Y Amortización Operativa,1554.545,MXN millions (ratios/growth as decimals),MXN,filings/capitaliq/Investment and Market research/Bimbo_2014-10-27_Interacciones_3Q14-First-View-Canada-Bread-1/Bimbo_2014-10-27_Interacciones_3Q14-First-View-Canada-Bread-1.xls,ABC Nominal con Flujo de Efecti,87,Broker (Interacciones) spreadsheet dated 2014-10-23; duplicate file -2 is byte-identical
3Q12,,QUARTERLY FREE CASH FLOW STATEMENT   / FLUJO DE CAJA TRIMESTRAL,Buy back shares,(-)Recompra De Acciones,0,MXN millions (ratios/growth as decimals),MXN,filings/capitaliq/Investment and Market research/Bimbo_2014-10-27_Interacciones_3Q14-First-View-Canada-Bread-1/Bimbo_2014-10-27_Interacciones_3Q14-First-View-Canada-Bread-1.xls,ABC Nominal con Flujo de Efecti,88,Broker (Interacciones) spreadsheet dated 2014-10-23; duplicate file -2 is byte-identical
2Q13,,QUARTERLY FREE CASH FLOW STATEMENT   / FLUJO DE CAJA TRIMESTRAL,Buy back shares,(-)Recompra De Acciones,0,MXN millions (ratios/growth as decimals),MXN,filings/capitaliq/Investment and Market research/Bimbo_2014-10-27_Interacciones_3Q14-First-View-Canada-Bread-1/Bimbo_2014-10-27_Interacciones_3Q14-First-View-Canada-Bread-1.xls,ABC Nominal con Flujo de Efecti,88,Broker (Interacciones) spreadsheet dated 2014-10-23; duplicate file -2 is byte-identical
3Q13,,QUARTERLY FREE CASH FLOW STATEMENT   / FLUJO DE CAJA TRIMESTRAL,Buy back shares,(-)Recompra De Acciones,0.0,MXN millions (ratios/growth as decimals),MXN,filings/capitaliq/Investment and Market research/Bimbo_2014-10-27_Interacciones_3Q14-First-View-Canada-Bread-1/Bimbo_2014-10-27_Interacciones_3Q14-First-View-Canada-Bread-1.xls,ABC Nominal con Flujo de Efecti,88,Broker (Interacciones) spreadsheet dated 2014-10-23; duplicate file -2 is byte-identical
4Q13,,QUARTERLY FREE CASH FLOW STATEMENT   / FLUJO DE CAJA TRIMESTRAL,Buy back shares,(-)Recompra De Acciones,0.0,MXN millions (ratios/growth as decimals),MXN,filings/capitaliq/Investment and Market research/Bimbo_2014-10-27_Interacciones_3Q14-First-View-Canada-Bread-1/Bimbo_2014-10-27_Interacciones_3Q14-First-View-Canada-Bread-1.xls,ABC Nominal con Flujo de Efecti,88,Broker (Interacciones) spreadsheet dated 2014-10-23; duplicate file -2 is byte-identical
1Q14,,QUARTERLY FREE CASH FLOW STATEMENT   / FLUJO DE CAJA TRIMESTRAL,Buy back shares,(-)Recompra De Acciones,0.0,MXN millions (ratios/growth as decimals),MXN,filings/capitaliq/Investment and Market research/Bimbo_2014-10-27_Interacciones_3Q14-First-View-Canada-Bread-1/Bimbo_2014-10-27_Interacciones_3Q14-First-View-Canada-Bread-1.xls,ABC Nominal con Flujo de Efecti,88,Broker (Interacciones) spreadsheet dated 2014-10-23; duplicate file -2 is byte-identical
2Q14,,QUARTERLY FREE CASH FLOW STATEMENT   / FLUJO DE CAJA TRIMESTRAL,Buy back shares,(-)Recompra De Acciones,0.0,MXN millions (ratios/growth as decimals),MXN,filings/capitaliq/Investment and Market research/Bimbo_2014-10-27_Interacciones_3Q14-First-View-Canada-Bread-1/Bimbo_2014-10-27_Interacciones_3Q14-First-View-Canada-Bread-1.xls,ABC Nominal con Flujo de Efecti,88,Broker (Interacciones) spreadsheet dated 2014-10-23; duplicate file -2 is byte-identical
3Q14,,QUARTERLY FREE CASH FLOW STATEMENT   / FLUJO DE CAJA TRIMESTRAL,Buy back shares,(-)Recompra De Acciones,0,MXN millions (ratios/growth as decimals),MXN,filings/capitaliq/Investment and Market research/Bimbo_2014-10-27_Interacciones_3Q14-First-View-Canada-Bread-1/Bimbo_2014-10-27_Interacciones_3Q14-First-View-Canada-Bread-1.xls,ABC Nominal con Flujo de Efecti,88,Broker (Interacciones) spreadsheet dated 2014-10-23; duplicate file -2 is byte-identical
3Q12,,QUARTERLY FREE CASH FLOW STATEMENT   / FLUJO DE CAJA TRIMESTRAL,Free Cash Flow,Flujo libre de efectivo,2676.2229999999995,MXN millions (ratios/growth as decimals),MXN,filings/capitaliq/Investment and Market research/Bimbo_2014-10-27_Interacciones_3Q14-First-View-Canada-Bread-1/Bimbo_2014-10-27_Interacciones_3Q14-First-View-Canada-Bread-1.xls,ABC Nominal con Flujo de Efecti,89,Broker (Interacciones) spreadsheet dated 2014-10-23; duplicate file -2 is byte-identical
2Q13,,QUARTERLY FREE CASH FLOW STATEMENT   / FLUJO DE CAJA TRIMESTRAL,Free Cash Flow,Flujo libre de efectivo,2630.1540000000023,MXN millions (ratios/growth as decimals),MXN,filings/capitaliq/Investment and Market research/Bimbo_2014-10-27_Interacciones_3Q14-First-View-Canada-Bread-1/Bimbo_2014-10-27_Interacciones_3Q14-First-View-Canada-Bread-1.xls,ABC Nominal con Flujo de Efecti,89,Broker (Interacciones) spreadsheet dated 2014-10-23; duplicate file -2 is byte-identical
3Q13,,QUARTERLY FREE CASH FLOW STATEMENT   / FLUJO DE CAJA TRIMESTRAL,Free Cash Flow,Flujo libre de efectivo,717.8840000000009,MXN millions (ratios/growth as decimals),MXN,filings/capitaliq/Investment and Market research/Bimbo_2014-10-27_Interacciones_3Q14-First-View-Canada-Bread-1/Bimbo_2014-10-27_Interacciones_3Q14-First-View-Canada-Bread-1.xls,ABC Nominal con Flujo de Efecti,89,Broker (Interacciones) spreadsheet dated 2014-10-23; duplicate file -2 is byte-identical
4Q13,,QUARTERLY FREE CASH FLOW STATEMENT   / FLUJO DE CAJA TRIMESTRAL,Free Cash Flow,Flujo libre de efectivo,4466.432999999998,MXN millions (ratios/growth as decimals),MXN,filings/capitaliq/Investment and Market research/Bimbo_2014-10-27_Interacciones_3Q14-First-View-Canada-Bread-1/Bimbo_2014-10-27_Interacciones_3Q14-First-View-Canada-Bread-1.xls,ABC Nominal con Flujo de Efecti,89,Broker (Interacciones) spreadsheet dated 2014-10-23; duplicate file -2 is byte-identical
1Q14,,QUARTERLY FREE CASH FLOW STATEMENT   / FLUJO DE CAJA TRIMESTRAL,Free Cash Flow,Flujo libre de efectivo,5769.253,MXN millions (ratios/growth as decimals),MXN,filings/capitaliq/Investment and Market research/Bimbo_2014-10-27_Interacciones_3Q14-First-View-Canada-Bread-1/Bimbo_2014-10-27_Interacciones_3Q14-First-View-Canada-Bread-1.xls,ABC Nominal con Flujo de Efecti,89,Broker (Interacciones) spreadsheet dated 2014-10-23; duplicate file -2 is byte-identical
2Q14,,QUARTERLY FREE CASH FLOW STATEMENT   / FLUJO DE CAJA TRIMESTRAL,Free Cash Flow,Flujo libre de efectivo,-17350.388000000003,MXN millions (ratios/growth as decimals),MXN,filings/capitaliq/Investment and Market research/Bimbo_2014-10-27_Interacciones_3Q14-First-View-Canada-Bread-1/Bimbo_2014-10-27_Interacciones_3Q14-First-View-Canada-Bread-1.xls,ABC Nominal con Flujo de Efecti,89,Broker (Interacciones) spreadsheet dated 2014-10-23; duplicate file -2 is byte-identical
3Q14,,QUARTERLY FREE CASH FLOW STATEMENT   / FLUJO DE CAJA TRIMESTRAL,Free Cash Flow,Flujo libre de efectivo,3006.1810000000037,MXN millions (ratios/growth as decimals),MXN,filings/capitaliq/Investment and Market research/Bimbo_2014-10-27_Interacciones_3Q14-First-View-Canada-Bread-1/Bimbo_2014-10-27_Interacciones_3Q14-First-View-Canada-Bread-1.xls,ABC Nominal con Flujo de Efecti,89,Broker (Interacciones) spreadsheet dated 2014-10-23; duplicate file -2 is byte-identical
3Q12,,QUARTERLY FREE CASH FLOW STATEMENT   / FLUJO DE CAJA TRIMESTRAL,Net Cash Flow,Flujo neto de efectivo,2075.66,MXN millions (ratios/growth as decimals),MXN,filings/capitaliq/Investment and Market research/Bimbo_2014-10-27_Interacciones_3Q14-First-View-Canada-Bread-1/Bimbo_2014-10-27_Interacciones_3Q14-First-View-Canada-Bread-1.xls,ABC Nominal con Flujo de Efecti,90,Broker (Interacciones) spreadsheet dated 2014-10-23; duplicate file -2 is byte-identical
2Q13,,QUARTERLY FREE CASH FLOW STATEMENT   / FLUJO DE CAJA TRIMESTRAL,Net Cash Flow,Flujo neto de efectivo,2723.658000000002,MXN millions (ratios/growth as decimals),MXN,filings/capitaliq/Investment and Market research/Bimbo_2014-10-27_Interacciones_3Q14-First-View-Canada-Bread-1/Bimbo_2014-10-27_Interacciones_3Q14-First-View-Canada-Bread-1.xls,ABC Nominal con Flujo de Efecti,90,Broker (Interacciones) spreadsheet dated 2014-10-23; duplicate file -2 is byte-identical
3Q13,,QUARTERLY FREE CASH FLOW STATEMENT   / FLUJO DE CAJA TRIMESTRAL,Net Cash Flow,Flujo neto de efectivo,-14.43499999999915,MXN millions (ratios/growth as decimals),MXN,filings/capitaliq/Investment and Market research/Bimbo_2014-10-27_Interacciones_3Q14-First-View-Canada-Bread-1/Bimbo_2014-10-27_Interacciones_3Q14-First-View-Canada-Bread-1.xls,ABC Nominal con Flujo de Efecti,90,Broker (Interacciones) spreadsheet dated 2014-10-23; duplicate file -2 is byte-identical
4Q13,,QUARTERLY FREE CASH FLOW STATEMENT   / FLUJO DE CAJA TRIMESTRAL,Net Cash Flow,Flujo neto de efectivo,5339.026999999998,MXN millions (ratios/growth as decimals),MXN,filings/capitaliq/Investment and Market research/Bimbo_2014-10-27_Interacciones_3Q14-First-View-Canada-Bread-1/Bimbo_2014-10-27_Interacciones_3Q14-First-View-Canada-Bread-1.xls,ABC Nominal con Flujo de Efecti,90,Broker (Interacciones) spreadsheet dated 2014-10-23; duplicate file -2 is byte-identical
1Q14,,QUARTERLY FREE CASH FLOW STATEMENT   / FLUJO DE CAJA TRIMESTRAL,Net Cash Flow,Flujo neto de efectivo,5084.52,MXN millions (ratios/growth as decimals),MXN,filings/capitaliq/Investment and Market research/Bimbo_2014-10-27_Interacciones_3Q14-First-View-Canada-Bread-1/Bimbo_2014-10-27_Interacciones_3Q14-First-View-Canada-Bread-1.xls,ABC Nominal con Flujo de Efecti,90,Broker (Interacciones) spreadsheet dated 2014-10-23; duplicate file -2 is byte-identical
2Q14,,QUARTERLY FREE CASH FLOW STATEMENT   / FLUJO DE CAJA TRIMESTRAL,Net Cash Flow,Flujo neto de efectivo,-18077.719,MXN millions (ratios/growth as decimals),MXN,filings/capitaliq/Investment and Market research/Bimbo_2014-10-27_Interacciones_3Q14-First-View-Canada-Bread-1/Bimbo_2014-10-27_Interacciones_3Q14-First-View-Canada-Bread-1.xls,ABC Nominal con Flujo de Efecti,90,Broker (Interacciones) spreadsheet dated 2014-10-23; duplicate file -2 is byte-identical
3Q14,,QUARTERLY FREE CASH FLOW STATEMENT   / FLUJO DE CAJA TRIMESTRAL,Net Cash Flow,Flujo neto de efectivo,2002.9910000000036,MXN millions (ratios/growth as decimals),MXN,filings/capitaliq/Investment and Market research/Bimbo_2014-10-27_Interacciones_3Q14-First-View-Canada-Bread-1/Bimbo_2014-10-27_Interacciones_3Q14-First-View-Canada-Bread-1.xls,ABC Nominal con Flujo de Efecti,90,Broker (Interacciones) spreadsheet dated 2014-10-23; duplicate file -2 is byte-identical
3Q12,,QUARTERLY FINANCIAL RATIOS / RAZONES FINANCIERAS,Operating Margin,Margen Operativo,0.030840991621689257,MXN millions (ratios/growth as decimals),MXN,filings/capitaliq/Investment and Market research/Bimbo_2014-10-27_Interacciones_3Q14-First-View-Canada-Bread-1/Bimbo_2014-10-27_Interacciones_3Q14-First-View-Canada-Bread-1.xls,ABC Nominal con Flujo de Efecti,95,Broker (Interacciones) spreadsheet dated 2014-10-23; duplicate file -2 is byte-identical
2Q13,,QUARTERLY FINANCIAL RATIOS / RAZONES FINANCIERAS,Operating Margin,Margen Operativo,0.0575894176252182,MXN millions (ratios/growth as decimals),MXN,filings/capitaliq/Investment and Market research/Bimbo_2014-10-27_Interacciones_3Q14-First-View-Canada-Bread-1/Bimbo_2014-10-27_Interacciones_3Q14-First-View-Canada-Bread-1.xls,ABC Nominal con Flujo de Efecti,95,Broker (Interacciones) spreadsheet dated 2014-10-23; duplicate file -2 is byte-identical
3Q13,,QUARTERLY FINANCIAL RATIOS / RAZONES FINANCIERAS,Operating Margin,Margen Operativo,0.0757995162150138,MXN millions (ratios/growth as decimals),MXN,filings/capitaliq/Investment and Market research/Bimbo_2014-10-27_Interacciones_3Q14-First-View-Canada-Bread-1/Bimbo_2014-10-27_Interacciones_3Q14-First-View-Canada-Bread-1.xls,ABC Nominal con Flujo de Efecti,95,Broker (Interacciones) spreadsheet dated 2014-10-23; duplicate file -2 is byte-identical
4Q13,,QUARTERLY FINANCIAL RATIOS / RAZONES FINANCIERAS,Operating Margin,Margen Operativo,0.05600528963815342,MXN millions (ratios/growth as decimals),MXN,filings/capitaliq/Investment and Market research/Bimbo_2014-10-27_Interacciones_3Q14-First-View-Canada-Bread-1/Bimbo_2014-10-27_Interacciones_3Q14-First-View-Canada-Bread-1.xls,ABC Nominal con Flujo de Efecti,95,Broker (Interacciones) spreadsheet dated 2014-10-23; duplicate file -2 is byte-identical
1Q14,,QUARTERLY FINANCIAL RATIOS / RAZONES FINANCIERAS,Operating Margin,Margen Operativo,0.03676155236072559,MXN millions (ratios/growth as decimals),MXN,filings/capitaliq/Investment and Market research/Bimbo_2014-10-27_Interacciones_3Q14-First-View-Canada-Bread-1/Bimbo_2014-10-27_Interacciones_3Q14-First-View-Canada-Bread-1.xls,ABC Nominal con Flujo de Efecti,95,Broker (Interacciones) spreadsheet dated 2014-10-23; duplicate file -2 is byte-identical
2Q14,,QUARTERLY FINANCIAL RATIOS / RAZONES FINANCIERAS,Operating Margin,Margen Operativo,0.07236119280447621,MXN millions (ratios/growth as decimals),MXN,filings/capitaliq/Investment and Market research/Bimbo_2014-10-27_Interacciones_3Q14-First-View-Canada-Bread-1/Bimbo_2014-10-27_Interacciones_3Q14-First-View-Canada-Bread-1.xls,ABC Nominal con Flujo de Efecti,95,Broker (Interacciones) spreadsheet dated 2014-10-23; duplicate file -2 is byte-identical
3Q14,,QUARTERLY FINANCIAL RATIOS / RAZONES FINANCIERAS,Operating Margin,Margen Operativo,0.0801162476361129,MXN millions (ratios/growth as decimals),MXN,filings/capitaliq/Investment and Market research/Bimbo_2014-10-27_Interacciones_3Q14-First-View-Canada-Bread-1/Bimbo_2014-10-27_Interacciones_3Q14-First-View-Canada-Bread-1.xls,ABC Nominal con Flujo de Efecti,95,Broker (Interacciones) spreadsheet dated 2014-10-23; duplicate file -2 is byte-identical
3Q12,,QUARTERLY FINANCIAL RATIOS / RAZONES FINANCIERAS,EBITDA Margin,Margen EBITDA,0.06045903791551065,MXN millions (ratios/growth as decimals),MXN,filings/capitaliq/Investment and Market research/Bimbo_2014-10-27_Interacciones_3Q14-First-View-Canada-Bread-1/Bimbo_2014-10-27_Interacciones_3Q14-First-View-Canada-Bread-1.xls,ABC Nominal con Flujo de Efecti,96,Broker (Interacciones) spreadsheet dated 2014-10-23; duplicate file -2 is byte-identical
2Q13,,QUARTERLY FINANCIAL RATIOS / RAZONES FINANCIERAS,EBITDA Margin,Margen EBITDA,0.08633816486027344,MXN millions (ratios/growth as decimals),MXN,filings/capitaliq/Investment and Market research/Bimbo_2014-10-27_Interacciones_3Q14-First-View-Canada-Bread-1/Bimbo_2014-10-27_Interacciones_3Q14-First-View-Canada-Bread-1.xls,ABC Nominal con Flujo de Efecti,96,Broker (Interacciones) spreadsheet dated 2014-10-23; duplicate file -2 is byte-identical
3Q13,,QUARTERLY FINANCIAL RATIOS / RAZONES FINANCIERAS,EBITDA Margin,Margen EBITDA,0.10702783194465902,MXN millions (ratios/growth as decimals),MXN,filings/capitaliq/Investment and Market research/Bimbo_2014-10-27_Interacciones_3Q14-First-View-Canada-Bread-1/Bimbo_2014-10-27_Interacciones_3Q14-First-View-Canada-Bread-1.xls,ABC Nominal con Flujo de Efecti,96,Broker (Interacciones) spreadsheet dated 2014-10-23; duplicate file -2 is byte-identical
4Q13,,QUARTERLY FINANCIAL RATIOS / RAZONES FINANCIERAS,EBITDA Margin,Margen EBITDA,0.09393204080885353,MXN millions (ratios/growth as decimals),MXN,filings/capitaliq/Investment and Market research/Bimbo_2014-10-27_Interacciones_3Q14-First-View-Canada-Bread-1/Bimbo_2014-10-27_Interacciones_3Q14-First-View-Canada-Bread-1.xls,ABC Nominal con Flujo de Efecti,96,Broker (Interacciones) spreadsheet dated 2014-10-23; duplicate file -2 is byte-identical
1Q14,,QUARTERLY FINANCIAL RATIOS / RAZONES FINANCIERAS,EBITDA Margin,Margen EBITDA,0.06892692506948439,MXN millions (ratios/growth as decimals),MXN,filings/capitaliq/Investment and Market research/Bimbo_2014-10-27_Interacciones_3Q14-First-View-Canada-Bread-1/Bimbo_2014-10-27_Interacciones_3Q14-First-View-Canada-Bread-1.xls,ABC Nominal con Flujo de Efecti,96,Broker (Interacciones) spreadsheet dated 2014-10-23; duplicate file -2 is byte-identical
2Q14,,QUARTERLY FINANCIAL RATIOS / RAZONES FINANCIERAS,EBITDA Margin,Margen EBITDA,0.10202682355071968,MXN millions (ratios/growth as decimals),MXN,filings/capitaliq/Investment and Market research/Bimbo_2014-10-27_Interacciones_3Q14-First-View-Canada-Bread-1/Bimbo_2014-10-27_Interacciones_3Q14-First-View-Canada-Bread-1.xls,ABC Nominal con Flujo de Efecti,96,Broker (Interacciones) spreadsheet dated 2014-10-23; duplicate file -2 is byte-identical
3Q14,,QUARTERLY FINANCIAL RATIOS / RAZONES FINANCIERAS,EBITDA Margin,Margen EBITDA,0.11111191530693436,MXN millions (ratios/growth as decimals),MXN,filings/capitaliq/Investment and Market research/Bimbo_2014-10-27_Interacciones_3Q14-First-View-Canada-Bread-1/Bimbo_2014-10-27_Interacciones_3Q14-First-View-Canada-Bread-1.xls,ABC Nominal con Flujo de Efecti,96,Broker (Interacciones) spreadsheet dated 2014-10-23; duplicate file -2 is byte-identical
3Q12,,QUARTERLY FINANCIAL RATIOS / RAZONES FINANCIERAS,Net Margin,Margen Neto,0.008449574153458634,MXN millions (ratios/growth as decimals),MXN,filings/capitaliq/Investment and Market research/Bimbo_2014-10-27_Interacciones_3Q14-First-View-Canada-Bread-1/Bimbo_2014-10-27_Interacciones_3Q14-First-View-Canada-Bread-1.xls,ABC Nominal con Flujo de Efecti,97,Broker (Interacciones) spreadsheet dated 2014-10-23; duplicate file -2 is byte-identical
2Q13,,QUARTERLY FINANCIAL RATIOS / RAZONES FINANCIERAS,Net Margin,Margen Neto,0.02164935882443918,MXN millions (ratios/growth as decimals),MXN,filings/capitaliq/Investment and Market research/Bimbo_2014-10-27_Interacciones_3Q14-First-View-Canada-Bread-1/Bimbo_2014-10-27_Interacciones_3Q14-First-View-Canada-Bread-1.xls,ABC Nominal con Flujo de Efecti,97,Broker (Interacciones) spreadsheet dated 2014-10-23; duplicate file -2 is byte-identical
3Q13,,QUARTERLY FINANCIAL RATIOS / RAZONES FINANCIERAS,Net Margin,Margen Neto,0.03562350007662505,MXN millions (ratios/growth as decimals),MXN,filings/capitaliq/Investment and Market research/Bimbo_2014-10-27_Interacciones_3Q14-First-View-Canada-Bread-1/Bimbo_2014-10-27_Interacciones_3Q14-First-View-Canada-Bread-1.xls,ABC Nominal con Flujo de Efecti,97,Broker (Interacciones) spreadsheet dated 2014-10-23; duplicate file -2 is byte-identical
4Q13,,QUARTERLY FINANCIAL RATIOS / RAZONES FINANCIERAS,Net Margin,Margen Neto,0.02746367461522306,MXN millions (ratios/growth as decimals),MXN,filings/capitaliq/Investment and Market research/Bimbo_2014-10-27_Interacciones_3Q14-First-View-Canada-Bread-1/Bimbo_2014-10-27_Interacciones_3Q14-First-View-Canada-Bread-1.xls,ABC Nominal con Flujo de Efecti,97,Broker (Interacciones) spreadsheet dated 2014-10-23; duplicate file -2 is byte-identical
1Q14,,QUARTERLY FINANCIAL RATIOS / RAZONES FINANCIERAS,Net Margin,Margen Neto,0.012229505403769847,MXN millions (ratios/growth as decimals),MXN,filings/capitaliq/Investment and Market research/Bimbo_2014-10-27_Interacciones_3Q14-First-View-Canada-Bread-1/Bimbo_2014-10-27_Interacciones_3Q14-First-View-Canada-Bread-1.xls,ABC Nominal con Flujo de Efecti,97,Broker (Interacciones) spreadsheet dated 2014-10-23; duplicate file -2 is byte-identical
2Q14,,QUARTERLY FINANCIAL RATIOS / RAZONES FINANCIERAS,Net Margin,Margen Neto,0.03550238348947532,MXN millions (ratios/growth as decimals),MXN,filings/capitaliq/Investment and Market research/Bimbo_2014-10-27_Interacciones_3Q14-First-View-Canada-Bread-1/Bimbo_2014-10-27_Interacciones_3Q14-First-View-Canada-Bread-1.xls,ABC Nominal con Flujo de Efecti,97,Broker (Interacciones) spreadsheet dated 2014-10-23; duplicate file -2 is byte-identical
3Q14,,QUARTERLY FINANCIAL RATIOS / RAZONES FINANCIERAS,Net Margin,Margen Neto,0.038216322641662845,MXN millions (ratios/growth as decimals),MXN,filings/capitaliq/Investment and Market research/Bimbo_2014-10-27_Interacciones_3Q14-First-View-Canada-Bread-1/Bimbo_2014-10-27_Interacciones_3Q14-First-View-Canada-Bread-1.xls,ABC Nominal con Flujo de Efecti,97,Broker (Interacciones) spreadsheet dated 2014-10-23; duplicate file -2 is byte-identical
3Q12,,QUARTERLY FINANCIAL RATIOS / RAZONES FINANCIERAS,Net Debt/ EBITDA 12M,DeudaNeta/ EBITDA 12m,2.999602700487406,MXN millions (ratios/growth as decimals),MXN,filings/capitaliq/Investment and Market research/Bimbo_2014-10-27_Interacciones_3Q14-First-View-Canada-Bread-1/Bimbo_2014-10-27_Interacciones_3Q14-First-View-Canada-Bread-1.xls,ABC Nominal con Flujo de Efecti,99,Broker (Interacciones) spreadsheet dated 2014-10-23; duplicate file -2 is byte-identical
2Q13,,QUARTERLY FINANCIAL RATIOS / RAZONES FINANCIERAS,Net Debt/ EBITDA 12M,DeudaNeta/ EBITDA 12m,2.6331502156762627,MXN millions (ratios/growth as decimals),MXN,filings/capitaliq/Investment and Market research/Bimbo_2014-10-27_Interacciones_3Q14-First-View-Canada-Bread-1/Bimbo_2014-10-27_Interacciones_3Q14-First-View-Canada-Bread-1.xls,ABC Nominal con Flujo de Efecti,99,Broker (Interacciones) spreadsheet dated 2014-10-23; duplicate file -2 is byte-identical
3Q13,,QUARTERLY FINANCIAL RATIOS / RAZONES FINANCIERAS,Net Debt/ EBITDA 12M,DeudaNeta/ EBITDA 12m,2.2300344877359755,MXN millions (ratios/growth as decimals),MXN,filings/capitaliq/Investment and Market research/Bimbo_2014-10-27_Interacciones_3Q14-First-View-Canada-Bread-1/Bimbo_2014-10-27_Interacciones_3Q14-First-View-Canada-Bread-1.xls,ABC Nominal con Flujo de Efecti,99,Broker (Interacciones) spreadsheet dated 2014-10-23; duplicate file -2 is byte-identical
4Q13,,QUARTERLY FINANCIAL RATIOS / RAZONES FINANCIERAS,Net Debt/ EBITDA 12M,DeudaNeta/ EBITDA 12m,2.3456706228769195,MXN millions (ratios/growth as decimals),MXN,filings/capitaliq/Investment and Market research/Bimbo_2014-10-27_Interacciones_3Q14-First-View-Canada-Bread-1/Bimbo_2014-10-27_Interacciones_3Q14-First-View-Canada-Bread-1.xls,ABC Nominal con Flujo de Efecti,99,Broker (Interacciones) spreadsheet dated 2014-10-23; duplicate file -2 is byte-identical
1Q14,,QUARTERLY FINANCIAL RATIOS / RAZONES FINANCIERAS,Net Debt/ EBITDA 12M,DeudaNeta/ EBITDA 12m,2.1698714184403585,MXN millions (ratios/growth as decimals),MXN,filings/capitaliq/Investment and Market research/Bimbo_2014-10-27_Interacciones_3Q14-First-View-Canada-Bread-1/Bimbo_2014-10-27_Interacciones_3Q14-First-View-Canada-Bread-1.xls,ABC Nominal con Flujo de Efecti,99,Broker (Interacciones) spreadsheet dated 2014-10-23; duplicate file -2 is byte-identical
2Q14,,QUARTERLY FINANCIAL RATIOS / RAZONES FINANCIERAS,Net Debt/ EBITDA 12M,DeudaNeta/ EBITDA 12m,3.263768967581332,MXN millions (ratios/growth as decimals),MXN,filings/capitaliq/Investment and Market research/Bimbo_2014-10-27_Interacciones_3Q14-First-View-Canada-Bread-1/Bimbo_2014-10-27_Interacciones_3Q14-First-View-Canada-Bread-1.xls,ABC Nominal con Flujo de Efecti,99,Broker (Interacciones) spreadsheet dated 2014-10-23; duplicate file -2 is byte-identical
3Q14,,QUARTERLY FINANCIAL RATIOS / RAZONES FINANCIERAS,Net Debt/ EBITDA 12M,DeudaNeta/ EBITDA 12m,3.2243211294942387,MXN millions (ratios/growth as decimals),MXN,filings/capitaliq/Investment and Market research/Bimbo_2014-10-27_Interacciones_3Q14-First-View-Canada-Bread-1/Bimbo_2014-10-27_Interacciones_3Q14-First-View-Canada-Bread-1.xls,ABC Nominal con Flujo de Efecti,99,Broker (Interacciones) spreadsheet dated 2014-10-23; duplicate file -2 is byte-identical
3Q12,,QUARTERLY FINANCIAL RATIOS / RAZONES FINANCIERAS,Net Debt/ Equity AVG 12m,Deuda Neta/ PROM 12 MCapital Mayoritario (D/CC),0.8010208852848314,MXN millions (ratios/growth as decimals),MXN,filings/capitaliq/Investment and Market research/Bimbo_2014-10-27_Interacciones_3Q14-First-View-Canada-Bread-1/Bimbo_2014-10-27_Interacciones_3Q14-First-View-Canada-Bread-1.xls,ABC Nominal con Flujo de Efecti,100,Broker (Interacciones) spreadsheet dated 2014-10-23; duplicate file -2 is byte-identical
2Q13,,QUARTERLY FINANCIAL RATIOS / RAZONES FINANCIERAS,Net Debt/ Equity AVG 12m,Deuda Neta/ PROM 12 MCapital Mayoritario (D/CC),0.7920412041665923,MXN millions (ratios/growth as decimals),MXN,filings/capitaliq/Investment and Market research/Bimbo_2014-10-27_Interacciones_3Q14-First-View-Canada-Bread-1/Bimbo_2014-10-27_Interacciones_3Q14-First-View-Canada-Bread-1.xls,ABC Nominal con Flujo de Efecti,100,Broker (Interacciones) spreadsheet dated 2014-10-23; duplicate file -2 is byte-identical
3Q13,,QUARTERLY FINANCIAL RATIOS / RAZONES FINANCIERAS,Net Debt/ Equity AVG 12m,Deuda Neta/ PROM 12 MCapital Mayoritario (D/CC),0.7886915463535946,MXN millions (ratios/growth as decimals),MXN,filings/capitaliq/Investment and Market research/Bimbo_2014-10-27_Interacciones_3Q14-First-View-Canada-Bread-1/Bimbo_2014-10-27_Interacciones_3Q14-First-View-Canada-Bread-1.xls,ABC Nominal con Flujo de Efecti,100,Broker (Interacciones) spreadsheet dated 2014-10-23; duplicate file -2 is byte-identical
4Q13,,QUARTERLY FINANCIAL RATIOS / RAZONES FINANCIERAS,Net Debt/ Equity AVG 12m,Deuda Neta/ PROM 12 MCapital Mayoritario (D/CC),0.8577151268049317,MXN millions (ratios/growth as decimals),MXN,filings/capitaliq/Investment and Market research/Bimbo_2014-10-27_Interacciones_3Q14-First-View-Canada-Bread-1/Bimbo_2014-10-27_Interacciones_3Q14-First-View-Canada-Bread-1.xls,ABC Nominal con Flujo de Efecti,100,Broker (Interacciones) spreadsheet dated 2014-10-23; duplicate file -2 is byte-identical
1Q14,,QUARTERLY FINANCIAL RATIOS / RAZONES FINANCIERAS,Net Debt/ Equity AVG 12m,Deuda Neta/ PROM 12 MCapital Mayoritario (D/CC),0.7578457030311935,MXN millions (ratios/growth as decimals),MXN,filings/capitaliq/Investment and Market research/Bimbo_2014-10-27_Interacciones_3Q14-First-View-Canada-Bread-1/Bimbo_2014-10-27_Interacciones_3Q14-First-View-Canada-Bread-1.xls,ABC Nominal con Flujo de Efecti,100,Broker (Interacciones) spreadsheet dated 2014-10-23; duplicate file -2 is byte-identical
2Q14,,QUARTERLY FINANCIAL RATIOS / RAZONES FINANCIERAS,Net Debt/ Equity AVG 12m,Deuda Neta/ PROM 12 MCapital Mayoritario (D/CC),1.180133138142979,MXN millions (ratios/growth as decimals),MXN,filings/capitaliq/Investment and Market research/Bimbo_2014-10-27_Interacciones_3Q14-First-View-Canada-Bread-1/Bimbo_2014-10-27_Interacciones_3Q14-First-View-Canada-Bread-1.xls,ABC Nominal con Flujo de Efecti,100,Broker (Interacciones) spreadsheet dated 2014-10-23; duplicate file -2 is byte-identical
3Q14,,QUARTERLY FINANCIAL RATIOS / RAZONES FINANCIERAS,Net Debt/ Equity AVG 12m,Deuda Neta/ PROM 12 MCapital Mayoritario (D/CC),1.1920534391772606,MXN millions (ratios/growth as decimals),MXN,filings/capitaliq/Investment and Market research/Bimbo_2014-10-27_Interacciones_3Q14-First-View-Canada-Bread-1/Bimbo_2014-10-27_Interacciones_3Q14-First-View-Canada-Bread-1.xls,ABC Nominal con Flujo de Efecti,100,Broker (Interacciones) spreadsheet dated 2014-10-23; duplicate file -2 is byte-identical
3Q12,,QUARTERLY FINANCIAL RATIOS / RAZONES FINANCIERAS,ROE,ROE  12M,0.05434819529879192,MXN millions (ratios/growth as decimals),MXN,filings/capitaliq/Investment and Market research/Bimbo_2014-10-27_Interacciones_3Q14-First-View-Canada-Bread-1/Bimbo_2014-10-27_Interacciones_3Q14-First-View-Canada-Bread-1.xls,ABC Nominal con Flujo de Efecti,102,Broker (Interacciones) spreadsheet dated 2014-10-23; duplicate file -2 is byte-identical
2Q13,,QUARTERLY FINANCIAL RATIOS / RAZONES FINANCIERAS,ROE,ROE  12M,0.04620548683354845,MXN millions (ratios/growth as decimals),MXN,filings/capitaliq/Investment and Market research/Bimbo_2014-10-27_Interacciones_3Q14-First-View-Canada-Bread-1/Bimbo_2014-10-27_Interacciones_3Q14-First-View-Canada-Bread-1.xls,ABC Nominal con Flujo de Efecti,102,Broker (Interacciones) spreadsheet dated 2014-10-23; duplicate file -2 is byte-identical
3Q13,,QUARTERLY FINANCIAL RATIOS / RAZONES FINANCIERAS,ROE,ROE  12M,0.07475874243065288,MXN millions (ratios/growth as decimals),MXN,filings/capitaliq/Investment and Market research/Bimbo_2014-10-27_Interacciones_3Q14-First-View-Canada-Bread-1/Bimbo_2014-10-27_Interacciones_3Q14-First-View-Canada-Bread-1.xls,ABC Nominal con Flujo de Efecti,102,Broker (Interacciones) spreadsheet dated 2014-10-23; duplicate file -2 is byte-identical
4Q13,,QUARTERLY FINANCIAL RATIOS / RAZONES FINANCIERAS,ROE,ROE  12M,0.09932259368324592,MXN millions (ratios/growth as decimals),MXN,filings/capitaliq/Investment and Market research/Bimbo_2014-10-27_Interacciones_3Q14-First-View-Canada-Bread-1/Bimbo_2014-10-27_Interacciones_3Q14-First-View-Canada-Bread-1.xls,ABC Nominal con Flujo de Efecti,102,Broker (Interacciones) spreadsheet dated 2014-10-23; duplicate file -2 is byte-identical
1Q14,,QUARTERLY FINANCIAL RATIOS / RAZONES FINANCIERAS,ROE,ROE  12M,0.09561508866473213,MXN millions (ratios/growth as decimals),MXN,filings/capitaliq/Investment and Market research/Bimbo_2014-10-27_Interacciones_3Q14-First-View-Canada-Bread-1/Bimbo_2014-10-27_Interacciones_3Q14-First-View-Canada-Bread-1.xls,ABC Nominal con Flujo de Efecti,102,Broker (Interacciones) spreadsheet dated 2014-10-23; duplicate file -2 is byte-identical
2Q14,,QUARTERLY FINANCIAL RATIOS / RAZONES FINANCIERAS,ROE,ROE  12M,0.10831446609229427,MXN millions (ratios/growth as decimals),MXN,filings/capitaliq/Investment and Market research/Bimbo_2014-10-27_Interacciones_3Q14-First-View-Canada-Bread-1/Bimbo_2014-10-27_Interacciones_3Q14-First-View-Canada-Bread-1.xls,ABC Nominal con Flujo de Efecti,102,Broker (Interacciones) spreadsheet dated 2014-10-23; duplicate file -2 is byte-identical
3Q14,,QUARTERLY FINANCIAL RATIOS / RAZONES FINANCIERAS,ROE,ROE  12M,0.11260065976045153,MXN millions (ratios/growth as decimals),MXN,filings/capitaliq/Investment and Market research/Bimbo_2014-10-27_Interacciones_3Q14-First-View-Canada-Bread-1/Bimbo_2014-10-27_Interacciones_3Q14-First-View-Canada-Bread-1.xls,ABC Nominal con Flujo de Efecti,102,Broker (Interacciones) spreadsheet dated 2014-10-23; duplicate file -2 is byte-identical
3Q12,,QUARTERLY FINANCIAL RATIOS / RAZONES FINANCIERAS,ROA,ROA 12M,0.018651660443113515,MXN millions (ratios/growth as decimals),MXN,filings/capitaliq/Investment and Market research/Bimbo_2014-10-27_Interacciones_3Q14-First-View-Canada-Bread-1/Bimbo_2014-10-27_Interacciones_3Q14-First-View-Canada-Bread-1.xls,ABC Nominal con Flujo de Efecti,103,Broker (Interacciones) spreadsheet dated 2014-10-23; duplicate file -2 is byte-identical
2Q13,,QUARTERLY FINANCIAL RATIOS / RAZONES FINANCIERAS,ROA,ROA 12M,0.015256870665458005,MXN millions (ratios/growth as decimals),MXN,filings/capitaliq/Investment and Market research/Bimbo_2014-10-27_Interacciones_3Q14-First-View-Canada-Bread-1/Bimbo_2014-10-27_Interacciones_3Q14-First-View-Canada-Bread-1.xls,ABC Nominal con Flujo de Efecti,103,Broker (Interacciones) spreadsheet dated 2014-10-23; duplicate file -2 is byte-identical
3Q13,,QUARTERLY FINANCIAL RATIOS / RAZONES FINANCIERAS,ROA,ROA 12M,0.024285045747784794,MXN millions (ratios/growth as decimals),MXN,filings/capitaliq/Investment and Market research/Bimbo_2014-10-27_Interacciones_3Q14-First-View-Canada-Bread-1/Bimbo_2014-10-27_Interacciones_3Q14-First-View-Canada-Bread-1.xls,ABC Nominal con Flujo de Efecti,103,Broker (Interacciones) spreadsheet dated 2014-10-23; duplicate file -2 is byte-identical
4Q13,,QUARTERLY FINANCIAL RATIOS / RAZONES FINANCIERAS,ROA,ROA 12M,0.03257233778356637,MXN millions (ratios/growth as decimals),MXN,filings/capitaliq/Investment and Market research/Bimbo_2014-10-27_Interacciones_3Q14-First-View-Canada-Bread-1/Bimbo_2014-10-27_Interacciones_3Q14-First-View-Canada-Bread-1.xls,ABC Nominal con Flujo de Efecti,103,Broker (Interacciones) spreadsheet dated 2014-10-23; duplicate file -2 is byte-identical
1Q14,,QUARTERLY FINANCIAL RATIOS / RAZONES FINANCIERAS,ROA,ROA 12M,0.03194533703286793,MXN millions (ratios/growth as decimals),MXN,filings/capitaliq/Investment and Market research/Bimbo_2014-10-27_Interacciones_3Q14-First-View-Canada-Bread-1/Bimbo_2014-10-27_Interacciones_3Q14-First-View-Canada-Bread-1.xls,ABC Nominal con Flujo de Efecti,103,Broker (Interacciones) spreadsheet dated 2014-10-23; duplicate file -2 is byte-identical
2Q14,,QUARTERLY FINANCIAL RATIOS / RAZONES FINANCIERAS,ROA,ROA 12M,0.035219698296017024,MXN millions (ratios/growth as decimals),MXN,filings/capitaliq/Investment and Market research/Bimbo_2014-10-27_Interacciones_3Q14-First-View-Canada-Bread-1/Bimbo_2014-10-27_Interacciones_3Q14-First-View-Canada-Bread-1.xls,ABC Nominal con Flujo de Efecti,103,Broker (Interacciones) spreadsheet dated 2014-10-23; duplicate file -2 is byte-identical
3Q14,,QUARTERLY FINANCIAL RATIOS / RAZONES FINANCIERAS,ROA,ROA 12M,0.03576609516072637,MXN millions (ratios/growth as decimals),MXN,filings/capitaliq/Investment and Market research/Bimbo_2014-10-27_Interacciones_3Q14-First-View-Canada-Bread-1/Bimbo_2014-10-27_Interacciones_3Q14-First-View-Canada-Bread-1.xls,ABC Nominal con Flujo de Efecti,103,Broker (Interacciones) spreadsheet dated 2014-10-23; duplicate file -2 is byte-identical
3Q12,,TRAILING TWELVE MONTHS / ULTIMOS DOCE MESES,Net Revenue,Ingresos Netos,169430.163,MXN millions (ratios/growth as decimals),MXN,filings/capitaliq/Investment and Market research/Bimbo_2014-10-27_Interacciones_3Q14-First-View-Canada-Bread-1/Bimbo_2014-10-27_Interacciones_3Q14-First-View-Canada-Bread-1.xls,ABC Nominal con Flujo de Efecti,107,Broker (Interacciones) spreadsheet dated 2014-10-23; duplicate file -2 is byte-identical
2Q13,,TRAILING TWELVE MONTHS / ULTIMOS DOCE MESES,Net Revenue,Ingresos Netos,173522.494,MXN millions (ratios/growth as decimals),MXN,filings/capitaliq/Investment and Market research/Bimbo_2014-10-27_Interacciones_3Q14-First-View-Canada-Bread-1/Bimbo_2014-10-27_Interacciones_3Q14-First-View-Canada-Bread-1.xls,ABC Nominal con Flujo de Efecti,107,Broker (Interacciones) spreadsheet dated 2014-10-23; duplicate file -2 is byte-identical
3Q13,,TRAILING TWELVE MONTHS / ULTIMOS DOCE MESES,Net Revenue,Ingresos Netos,174843.082,MXN millions (ratios/growth as decimals),MXN,filings/capitaliq/Investment and Market research/Bimbo_2014-10-27_Interacciones_3Q14-First-View-Canada-Bread-1/Bimbo_2014-10-27_Interacciones_3Q14-First-View-Canada-Bread-1.xls,ABC Nominal con Flujo de Efecti,107,Broker (Interacciones) spreadsheet dated 2014-10-23; duplicate file -2 is byte-identical
4Q13,,TRAILING TWELVE MONTHS / ULTIMOS DOCE MESES,Net Revenue,Ingresos Netos,176045.282,MXN millions (ratios/growth as decimals),MXN,filings/capitaliq/Investment and Market research/Bimbo_2014-10-27_Interacciones_3Q14-First-View-Canada-Bread-1/Bimbo_2014-10-27_Interacciones_3Q14-First-View-Canada-Bread-1.xls,ABC Nominal con Flujo de Efecti,107,Broker (Interacciones) spreadsheet dated 2014-10-23; duplicate file -2 is byte-identical
1Q14,,TRAILING TWELVE MONTHS / ULTIMOS DOCE MESES,Net Revenue,Ingresos Netos,176570.002,MXN millions (ratios/growth as decimals),MXN,filings/capitaliq/Investment and Market research/Bimbo_2014-10-27_Interacciones_3Q14-First-View-Canada-Bread-1/Bimbo_2014-10-27_Interacciones_3Q14-First-View-Canada-Bread-1.xls,ABC Nominal con Flujo de Efecti,107,Broker (Interacciones) spreadsheet dated 2014-10-23; duplicate file -2 is byte-identical
2Q14,,TRAILING TWELVE MONTHS / ULTIMOS DOCE MESES,Net Revenue,Ingresos Netos,178834.259,MXN millions (ratios/growth as decimals),MXN,filings/capitaliq/Investment and Market research/Bimbo_2014-10-27_Interacciones_3Q14-First-View-Canada-Bread-1/Bimbo_2014-10-27_Interacciones_3Q14-First-View-Canada-Bread-1.xls,ABC Nominal con Flujo de Efecti,107,Broker (Interacciones) spreadsheet dated 2014-10-23; duplicate file -2 is byte-identical
3Q14,,TRAILING TWELVE MONTHS / ULTIMOS DOCE MESES,Net Revenue,Ingresos Netos,184152.674,MXN millions (ratios/growth as decimals),MXN,filings/capitaliq/Investment and Market research/Bimbo_2014-10-27_Interacciones_3Q14-First-View-Canada-Bread-1/Bimbo_2014-10-27_Interacciones_3Q14-First-View-Canada-Bread-1.xls,ABC Nominal con Flujo de Efecti,107,Broker (Interacciones) spreadsheet dated 2014-10-23; duplicate file -2 is byte-identical
3Q12,,TRAILING TWELVE MONTHS / ULTIMOS DOCE MESES,Sales Cost,Costo De Ventas,83839.933,MXN millions (ratios/growth as decimals),MXN,filings/capitaliq/Investment and Market research/Bimbo_2014-10-27_Interacciones_3Q14-First-View-Canada-Bread-1/Bimbo_2014-10-27_Interacciones_3Q14-First-View-Canada-Bread-1.xls,ABC Nominal con Flujo de Efecti,108,Broker (Interacciones) spreadsheet dated 2014-10-23; duplicate file -2 is byte-identical
2Q13,,TRAILING TWELVE MONTHS / ULTIMOS DOCE MESES,Sales Cost,Costo De Ventas,84285.053,MXN millions (ratios/growth as decimals),MXN,filings/capitaliq/Investment and Market research/Bimbo_2014-10-27_Interacciones_3Q14-First-View-Canada-Bread-1/Bimbo_2014-10-27_Interacciones_3Q14-First-View-Canada-Bread-1.xls,ABC Nominal con Flujo de Efecti,108,Broker (Interacciones) spreadsheet dated 2014-10-23; duplicate file -2 is byte-identical
3Q13,,TRAILING TWELVE MONTHS / ULTIMOS DOCE MESES,Sales Cost,Costo De Ventas,84096.898,MXN millions (ratios/growth as decimals),MXN,filings/capitaliq/Investment and Market research/Bimbo_2014-10-27_Interacciones_3Q14-First-View-Canada-Bread-1/Bimbo_2014-10-27_Interacciones_3Q14-First-View-Canada-Bread-1.xls,ABC Nominal con Flujo de Efecti,108,Broker (Interacciones) spreadsheet dated 2014-10-23; duplicate file -2 is byte-identical
4Q13,,TRAILING TWELVE MONTHS / ULTIMOS DOCE MESES,Sales Cost,Costo De Ventas,83947.381,MXN millions (ratios/growth as decimals),MXN,filings/capitaliq/Investment and Market research/Bimbo_2014-10-27_Interacciones_3Q14-First-View-Canada-Bread-1/Bimbo_2014-10-27_Interacciones_3Q14-First-View-Canada-Bread-1.xls,ABC Nominal con Flujo de Efecti,108,Broker (Interacciones) spreadsheet dated 2014-10-23; duplicate file -2 is byte-identical
1Q14,,TRAILING TWELVE MONTHS / ULTIMOS DOCE MESES,Sales Cost,Costo De Ventas,83442.354,MXN millions (ratios/growth as decimals),MXN,filings/capitaliq/Investment and Market research/Bimbo_2014-10-27_Interacciones_3Q14-First-View-Canada-Bread-1/Bimbo_2014-10-27_Interacciones_3Q14-First-View-Canada-Bread-1.xls,ABC Nominal con Flujo de Efecti,108,Broker (Interacciones) spreadsheet dated 2014-10-23; duplicate file -2 is byte-identical
2Q14,,TRAILING TWELVE MONTHS / ULTIMOS DOCE MESES,Sales Cost,Costo De Ventas,84112.908,MXN millions (ratios/growth as decimals),MXN,filings/capitaliq/Investment and Market research/Bimbo_2014-10-27_Interacciones_3Q14-First-View-Canada-Bread-1/Bimbo_2014-10-27_Interacciones_3Q14-First-View-Canada-Bread-1.xls,ABC Nominal con Flujo de Efecti,108,Broker (Interacciones) spreadsheet dated 2014-10-23; duplicate file -2 is byte-identical
3Q14,,TRAILING TWELVE MONTHS / ULTIMOS DOCE MESES,Sales Cost,Costo De Ventas,86178.986,MXN millions (ratios/growth as decimals),MXN,filings/capitaliq/Investment and Market research/Bimbo_2014-10-27_Interacciones_3Q14-First-View-Canada-Bread-1/Bimbo_2014-10-27_Interacciones_3Q14-First-View-Canada-Bread-1.xls,ABC Nominal con Flujo de Efecti,108,Broker (Interacciones) spreadsheet dated 2014-10-23; duplicate file -2 is byte-identical
3Q12,,TRAILING TWELVE MONTHS / ULTIMOS DOCE MESES,General Expenses,Gastos Generales,75301.573,MXN millions (ratios/growth as decimals),MXN,filings/capitaliq/Investment and Market research/Bimbo_2014-10-27_Interacciones_3Q14-First-View-Canada-Bread-1/Bimbo_2014-10-27_Interacciones_3Q14-First-View-Canada-Bread-1.xls,ABC Nominal con Flujo de Efecti,109,Broker (Interacciones) spreadsheet dated 2014-10-23; duplicate file -2 is byte-identical
2Q13,,TRAILING TWELVE MONTHS / ULTIMOS DOCE MESES,General Expenses,Gastos Generales,77271.048,MXN millions (ratios/growth as decimals),MXN,filings/capitaliq/Investment and Market research/Bimbo_2014-10-27_Interacciones_3Q14-First-View-Canada-Bread-1/Bimbo_2014-10-27_Interacciones_3Q14-First-View-Canada-Bread-1.xls,ABC Nominal con Flujo de Efecti,109,Broker (Interacciones) spreadsheet dated 2014-10-23; duplicate file -2 is byte-identical
3Q13,,TRAILING TWELVE MONTHS / ULTIMOS DOCE MESES,General Expenses,Gastos Generales,77794.729,MXN millions (ratios/growth as decimals),MXN,filings/capitaliq/Investment and Market research/Bimbo_2014-10-27_Interacciones_3Q14-First-View-Canada-Bread-1/Bimbo_2014-10-27_Interacciones_3Q14-First-View-Canada-Bread-1.xls,ABC Nominal con Flujo de Efecti,109,Broker (Interacciones) spreadsheet dated 2014-10-23; duplicate file -2 is byte-identical
4Q13,,TRAILING TWELVE MONTHS / ULTIMOS DOCE MESES,General Expenses,Gastos Generales,78636.242,MXN millions (ratios/growth as decimals),MXN,filings/capitaliq/Investment and Market research/Bimbo_2014-10-27_Interacciones_3Q14-First-View-Canada-Bread-1/Bimbo_2014-10-27_Interacciones_3Q14-First-View-Canada-Bread-1.xls,ABC Nominal con Flujo de Efecti,109,Broker (Interacciones) spreadsheet dated 2014-10-23; duplicate file -2 is byte-identical
1Q14,,TRAILING TWELVE MONTHS / ULTIMOS DOCE MESES,General Expenses,Gastos Generales,79665.369,MXN millions (ratios/growth as decimals),MXN,filings/capitaliq/Investment and Market research/Bimbo_2014-10-27_Interacciones_3Q14-First-View-Canada-Bread-1/Bimbo_2014-10-27_Interacciones_3Q14-First-View-Canada-Bread-1.xls,ABC Nominal con Flujo de Efecti,109,Broker (Interacciones) spreadsheet dated 2014-10-23; duplicate file -2 is byte-identical
2Q14,,TRAILING TWELVE MONTHS / ULTIMOS DOCE MESES,General Expenses,Gastos Generales,80867.054,MXN millions (ratios/growth as decimals),MXN,filings/capitaliq/Investment and Market research/Bimbo_2014-10-27_Interacciones_3Q14-First-View-Canada-Bread-1/Bimbo_2014-10-27_Interacciones_3Q14-First-View-Canada-Bread-1.xls,ABC Nominal con Flujo de Efecti,109,Broker (Interacciones) spreadsheet dated 2014-10-23; duplicate file -2 is byte-identical
3Q14,,TRAILING TWELVE MONTHS / ULTIMOS DOCE MESES,General Expenses,Gastos Generales,83514.684,MXN millions (ratios/growth as decimals),MXN,filings/capitaliq/Investment and Market research/Bimbo_2014-10-27_Interacciones_3Q14-First-View-Canada-Bread-1/Bimbo_2014-10-27_Interacciones_3Q14-First-View-Canada-Bread-1.xls,ABC Nominal con Flujo de Efecti,109,Broker (Interacciones) spreadsheet dated 2014-10-23; duplicate file -2 is byte-identical
3Q12,,TRAILING TWELVE MONTHS / ULTIMOS DOCE MESES,Op Earnings (losses),Utilidad (Perdida) De Operación,7383.093,MXN millions (ratios/growth as decimals),MXN,filings/capitaliq/Investment and Market research/Bimbo_2014-10-27_Interacciones_3Q14-First-View-Canada-Bread-1/Bimbo_2014-10-27_Interacciones_3Q14-First-View-Canada-Bread-1.xls,ABC Nominal con Flujo de Efecti,110,Broker (Interacciones) spreadsheet dated 2014-10-23; duplicate file -2 is byte-identical
2Q13,,TRAILING TWELVE MONTHS / ULTIMOS DOCE MESES,Op Earnings (losses),Utilidad (Perdida) De Operación,8070.563,MXN millions (ratios/growth as decimals),MXN,filings/capitaliq/Investment and Market research/Bimbo_2014-10-27_Interacciones_3Q14-First-View-Canada-Bread-1/Bimbo_2014-10-27_Interacciones_3Q14-First-View-Canada-Bread-1.xls,ABC Nominal con Flujo de Efecti,110,Broker (Interacciones) spreadsheet dated 2014-10-23; duplicate file -2 is byte-identical
3Q13,,TRAILING TWELVE MONTHS / ULTIMOS DOCE MESES,Op Earnings (losses),Utilidad (Perdida) De Operación,10127.016,MXN millions (ratios/growth as decimals),MXN,filings/capitaliq/Investment and Market research/Bimbo_2014-10-27_Interacciones_3Q14-First-View-Canada-Bread-1/Bimbo_2014-10-27_Interacciones_3Q14-First-View-Canada-Bread-1.xls,ABC Nominal con Flujo de Efecti,110,Broker (Interacciones) spreadsheet dated 2014-10-23; duplicate file -2 is byte-identical
4Q13,,TRAILING TWELVE MONTHS / ULTIMOS DOCE MESES,Op Earnings (losses),Utilidad (Perdida) De Operación,10481.312,MXN millions (ratios/growth as decimals),MXN,filings/capitaliq/Investment and Market research/Bimbo_2014-10-27_Interacciones_3Q14-First-View-Canada-Bread-1/Bimbo_2014-10-27_Interacciones_3Q14-First-View-Canada-Bread-1.xls,ABC Nominal con Flujo de Efecti,110,Broker (Interacciones) spreadsheet dated 2014-10-23; duplicate file -2 is byte-identical
1Q14,,TRAILING TWELVE MONTHS / ULTIMOS DOCE MESES,Op Earnings (losses),Utilidad (Perdida) De Operación,10037.049,MXN millions (ratios/growth as decimals),MXN,filings/capitaliq/Investment and Market research/Bimbo_2014-10-27_Interacciones_3Q14-First-View-Canada-Bread-1/Bimbo_2014-10-27_Interacciones_3Q14-First-View-Canada-Bread-1.xls,ABC Nominal con Flujo de Efecti,110,Broker (Interacciones) spreadsheet dated 2014-10-23; duplicate file -2 is byte-identical
2Q14,,TRAILING TWELVE MONTHS / ULTIMOS DOCE MESES,Op Earnings (losses),Utilidad (Perdida) De Operación,10840.146,MXN millions (ratios/growth as decimals),MXN,filings/capitaliq/Investment and Market research/Bimbo_2014-10-27_Interacciones_3Q14-First-View-Canada-Bread-1/Bimbo_2014-10-27_Interacciones_3Q14-First-View-Canada-Bread-1.xls,ABC Nominal con Flujo de Efecti,110,Broker (Interacciones) spreadsheet dated 2014-10-23; duplicate file -2 is byte-identical
3Q14,,TRAILING TWELVE MONTHS / ULTIMOS DOCE MESES,Op Earnings (losses),Utilidad (Perdida) De Operación,11459.779,MXN millions (ratios/growth as decimals),MXN,filings/capitaliq/Investment and Market research/Bimbo_2014-10-27_Interacciones_3Q14-First-View-Canada-Bread-1/Bimbo_2014-10-27_Interacciones_3Q14-First-View-Canada-Bread-1.xls,ABC Nominal con Flujo de Efecti,110,Broker (Interacciones) spreadsheet dated 2014-10-23; duplicate file -2 is byte-identical
3Q12,,TRAILING TWELVE MONTHS / ULTIMOS DOCE MESES,Depreciation and Amortization,Depreciación Y Amortización Operativa,5146.497,MXN millions (ratios/growth as decimals),MXN,filings/capitaliq/Investment and Market research/Bimbo_2014-10-27_Interacciones_3Q14-First-View-Canada-Bread-1/Bimbo_2014-10-27_Interacciones_3Q14-First-View-Canada-Bread-1.xls,ABC Nominal con Flujo de Efecti,111,Broker (Interacciones) spreadsheet dated 2014-10-23; duplicate file -2 is byte-identical
2Q13,,TRAILING TWELVE MONTHS / ULTIMOS DOCE MESES,Depreciation and Amortization,Depreciación Y Amortización Operativa,5280.234,MXN millions (ratios/growth as decimals),MXN,filings/capitaliq/Investment and Market research/Bimbo_2014-10-27_Interacciones_3Q14-First-View-Canada-Bread-1/Bimbo_2014-10-27_Interacciones_3Q14-First-View-Canada-Bread-1.xls,ABC Nominal con Flujo de Efecti,111,Broker (Interacciones) spreadsheet dated 2014-10-23; duplicate file -2 is byte-identical
3Q13,,TRAILING TWELVE MONTHS / ULTIMOS DOCE MESES,Depreciation and Amortization,Depreciación Y Amortización Operativa,5391.544,MXN millions (ratios/growth as decimals),MXN,filings/capitaliq/Investment and Market research/Bimbo_2014-10-27_Interacciones_3Q14-First-View-Canada-Bread-1/Bimbo_2014-10-27_Interacciones_3Q14-First-View-Canada-Bread-1.xls,ABC Nominal con Flujo de Efecti,111,Broker (Interacciones) spreadsheet dated 2014-10-23; duplicate file -2 is byte-identical
4Q13,,TRAILING TWELVE MONTHS / ULTIMOS DOCE MESES,Depreciation and Amortization,Depreciación Y Amortización Operativa,5644.137,MXN millions (ratios/growth as decimals),MXN,filings/capitaliq/Investment and Market research/Bimbo_2014-10-27_Interacciones_3Q14-First-View-Canada-Bread-1/Bimbo_2014-10-27_Interacciones_3Q14-First-View-Canada-Bread-1.xls,ABC Nominal con Flujo de Efecti,111,Broker (Interacciones) spreadsheet dated 2014-10-23; duplicate file -2 is byte-identical
1Q14,,TRAILING TWELVE MONTHS / ULTIMOS DOCE MESES,Depreciation and Amortization,Depreciación Y Amortización Operativa,5757.362,MXN millions (ratios/growth as decimals),MXN,filings/capitaliq/Investment and Market research/Bimbo_2014-10-27_Interacciones_3Q14-First-View-Canada-Bread-1/Bimbo_2014-10-27_Interacciones_3Q14-First-View-Canada-Bread-1.xls,ABC Nominal con Flujo de Efecti,111,Broker (Interacciones) spreadsheet dated 2014-10-23; duplicate file -2 is byte-identical
2Q14,,TRAILING TWELVE MONTHS / ULTIMOS DOCE MESES,Depreciation and Amortization,Depreciación Y Amortización Operativa,5864.211,MXN millions (ratios/growth as decimals),MXN,filings/capitaliq/Investment and Market research/Bimbo_2014-10-27_Interacciones_3Q14-First-View-Canada-Bread-1/Bimbo_2014-10-27_Interacciones_3Q14-First-View-Canada-Bread-1.xls,ABC Nominal con Flujo de Efecti,111,Broker (Interacciones) spreadsheet dated 2014-10-23; duplicate file -2 is byte-identical
3Q14,,TRAILING TWELVE MONTHS / ULTIMOS DOCE MESES,Depreciation and Amortization,Depreciación Y Amortización Operativa,6018.628,MXN millions (ratios/growth as decimals),MXN,filings/capitaliq/Investment and Market research/Bimbo_2014-10-27_Interacciones_3Q14-First-View-Canada-Bread-1/Bimbo_2014-10-27_Interacciones_3Q14-First-View-Canada-Bread-1.xls,ABC Nominal con Flujo de Efecti,111,Broker (Interacciones) spreadsheet dated 2014-10-23; duplicate file -2 is byte-identical
3Q12,,TRAILING TWELVE MONTHS / ULTIMOS DOCE MESES,EBITDA,Ebitda,12529.59,MXN millions (ratios/growth as decimals),MXN,filings/capitaliq/Investment and Market research/Bimbo_2014-10-27_Interacciones_3Q14-First-View-Canada-Bread-1/Bimbo_2014-10-27_Interacciones_3Q14-First-View-Canada-Bread-1.xls,ABC Nominal con Flujo de Efecti,112,Broker (Interacciones) spreadsheet dated 2014-10-23; duplicate file -2 is byte-identical
2Q13,,TRAILING TWELVE MONTHS / ULTIMOS DOCE MESES,EBITDA,Ebitda,13350.797,MXN millions (ratios/growth as decimals),MXN,filings/capitaliq/Investment and Market research/Bimbo_2014-10-27_Interacciones_3Q14-First-View-Canada-Bread-1/Bimbo_2014-10-27_Interacciones_3Q14-First-View-Canada-Bread-1.xls,ABC Nominal con Flujo de Efecti,112,Broker (Interacciones) spreadsheet dated 2014-10-23; duplicate file -2 is byte-identical
3Q13,,TRAILING TWELVE MONTHS / ULTIMOS DOCE MESES,EBITDA,Ebitda,15518.56,MXN millions (ratios/growth as decimals),MXN,filings/capitaliq/Investment and Market research/Bimbo_2014-10-27_Interacciones_3Q14-First-View-Canada-Bread-1/Bimbo_2014-10-27_Interacciones_3Q14-First-View-Canada-Bread-1.xls,ABC Nominal con Flujo de Efecti,112,Broker (Interacciones) spreadsheet dated 2014-10-23; duplicate file -2 is byte-identical
4Q13,,TRAILING TWELVE MONTHS / ULTIMOS DOCE MESES,EBITDA,Ebitda,16125.449,MXN millions (ratios/growth as decimals),MXN,filings/capitaliq/Investment and Market research/Bimbo_2014-10-27_Interacciones_3Q14-First-View-Canada-Bread-1/Bimbo_2014-10-27_Interacciones_3Q14-First-View-Canada-Bread-1.xls,ABC Nominal con Flujo de Efecti,112,Broker (Interacciones) spreadsheet dated 2014-10-23; duplicate file -2 is byte-identical
1Q14,,TRAILING TWELVE MONTHS / ULTIMOS DOCE MESES,EBITDA,Ebitda,15794.411,MXN millions (ratios/growth as decimals),MXN,filings/capitaliq/Investment and Market research/Bimbo_2014-10-27_Interacciones_3Q14-First-View-Canada-Bread-1/Bimbo_2014-10-27_Interacciones_3Q14-First-View-Canada-Bread-1.xls,ABC Nominal con Flujo de Efecti,112,Broker (Interacciones) spreadsheet dated 2014-10-23; duplicate file -2 is byte-identical
2Q14,,TRAILING TWELVE MONTHS / ULTIMOS DOCE MESES,EBITDA,Ebitda,16704.357,MXN millions (ratios/growth as decimals),MXN,filings/capitaliq/Investment and Market research/Bimbo_2014-10-27_Interacciones_3Q14-First-View-Canada-Bread-1/Bimbo_2014-10-27_Interacciones_3Q14-First-View-Canada-Bread-1.xls,ABC Nominal con Flujo de Efecti,112,Broker (Interacciones) spreadsheet dated 2014-10-23; duplicate file -2 is byte-identical
3Q14,,TRAILING TWELVE MONTHS / ULTIMOS DOCE MESES,EBITDA,Ebitda,17478.407,MXN millions (ratios/growth as decimals),MXN,filings/capitaliq/Investment and Market research/Bimbo_2014-10-27_Interacciones_3Q14-First-View-Canada-Bread-1/Bimbo_2014-10-27_Interacciones_3Q14-First-View-Canada-Bread-1.xls,ABC Nominal con Flujo de Efecti,112,Broker (Interacciones) spreadsheet dated 2014-10-23; duplicate file -2 is byte-identical
3Q12,,TRAILING TWELVE MONTHS / ULTIMOS DOCE MESES,Decrease (Increase) In Clients,+ (-) Decremento (Incremento) En Clientes,2763.148,MXN millions (ratios/growth as decimals),MXN,filings/capitaliq/Investment and Market research/Bimbo_2014-10-27_Interacciones_3Q14-First-View-Canada-Bread-1/Bimbo_2014-10-27_Interacciones_3Q14-First-View-Canada-Bread-1.xls,ABC Nominal con Flujo de Efecti,113,Broker (Interacciones) spreadsheet dated 2014-10-23; duplicate file -2 is byte-identical
2Q13,,TRAILING TWELVE MONTHS / ULTIMOS DOCE MESES,Decrease (Increase) In Clients,+ (-) Decremento (Incremento) En Clientes,455.628,MXN millions (ratios/growth as decimals),MXN,filings/capitaliq/Investment and Market research/Bimbo_2014-10-27_Interacciones_3Q14-First-View-Canada-Bread-1/Bimbo_2014-10-27_Interacciones_3Q14-First-View-Canada-Bread-1.xls,ABC Nominal con Flujo de Efecti,113,Broker (Interacciones) spreadsheet dated 2014-10-23; duplicate file -2 is byte-identical
3Q13,,TRAILING TWELVE MONTHS / ULTIMOS DOCE MESES,Decrease (Increase) In Clients,+ (-) Decremento (Incremento) En Clientes,-333.182,MXN millions (ratios/growth as decimals),MXN,filings/capitaliq/Investment and Market research/Bimbo_2014-10-27_Interacciones_3Q14-First-View-Canada-Bread-1/Bimbo_2014-10-27_Interacciones_3Q14-First-View-Canada-Bread-1.xls,ABC Nominal con Flujo de Efecti,113,Broker (Interacciones) spreadsheet dated 2014-10-23; duplicate file -2 is byte-identical
4Q13,,TRAILING TWELVE MONTHS / ULTIMOS DOCE MESES,Decrease (Increase) In Clients,+ (-) Decremento (Incremento) En Clientes,2.724,MXN millions (ratios/growth as decimals),MXN,filings/capitaliq/Investment and Market research/Bimbo_2014-10-27_Interacciones_3Q14-First-View-Canada-Bread-1/Bimbo_2014-10-27_Interacciones_3Q14-First-View-Canada-Bread-1.xls,ABC Nominal con Flujo de Efecti,113,Broker (Interacciones) spreadsheet dated 2014-10-23; duplicate file -2 is byte-identical
1Q14,,TRAILING TWELVE MONTHS / ULTIMOS DOCE MESES,Decrease (Increase) In Clients,+ (-) Decremento (Incremento) En Clientes,-742.68,MXN millions (ratios/growth as decimals),MXN,filings/capitaliq/Investment and Market research/Bimbo_2014-10-27_Interacciones_3Q14-First-View-Canada-Bread-1/Bimbo_2014-10-27_Interacciones_3Q14-First-View-Canada-Bread-1.xls,ABC Nominal con Flujo de Efecti,113,Broker (Interacciones) spreadsheet dated 2014-10-23; duplicate file -2 is byte-identical
2Q14,,TRAILING TWELVE MONTHS / ULTIMOS DOCE MESES,Decrease (Increase) In Clients,+ (-) Decremento (Incremento) En Clientes,-330.243,MXN millions (ratios/growth as decimals),MXN,filings/capitaliq/Investment and Market research/Bimbo_2014-10-27_Interacciones_3Q14-First-View-Canada-Bread-1/Bimbo_2014-10-27_Interacciones_3Q14-First-View-Canada-Bread-1.xls,ABC Nominal con Flujo de Efecti,113,Broker (Interacciones) spreadsheet dated 2014-10-23; duplicate file -2 is byte-identical
3Q14,,TRAILING TWELVE MONTHS / ULTIMOS DOCE MESES,Decrease (Increase) In Clients,+ (-) Decremento (Incremento) En Clientes,49.718,MXN millions (ratios/growth as decimals),MXN,filings/capitaliq/Investment and Market research/Bimbo_2014-10-27_Interacciones_3Q14-First-View-Canada-Bread-1/Bimbo_2014-10-27_Interacciones_3Q14-First-View-Canada-Bread-1.xls,ABC Nominal con Flujo de Efecti,113,Broker (Interacciones) spreadsheet dated 2014-10-23; duplicate file -2 is byte-identical
3Q12,,TRAILING TWELVE MONTHS / ULTIMOS DOCE MESES,Decrease (Increase) In Inventories,+ (-) Decremento (Incremento) En Inventarios,-223.464,MXN millions (ratios/growth as decimals),MXN,filings/capitaliq/Investment and Market research/Bimbo_2014-10-27_Interacciones_3Q14-First-View-Canada-Bread-1/Bimbo_2014-10-27_Interacciones_3Q14-First-View-Canada-Bread-1.xls,ABC Nominal con Flujo de Efecti,114,Broker (Interacciones) spreadsheet dated 2014-10-23; duplicate file -2 is byte-identical
2Q13,,TRAILING TWELVE MONTHS / ULTIMOS DOCE MESES,Decrease (Increase) In Inventories,+ (-) Decremento (Incremento) En Inventarios,283.372,MXN millions (ratios/growth as decimals),MXN,filings/capitaliq/Investment and Market research/Bimbo_2014-10-27_Interacciones_3Q14-First-View-Canada-Bread-1/Bimbo_2014-10-27_Interacciones_3Q14-First-View-Canada-Bread-1.xls,ABC Nominal con Flujo de Efecti,114,Broker (Interacciones) spreadsheet dated 2014-10-23; duplicate file -2 is byte-identical
3Q13,,TRAILING TWELVE MONTHS / ULTIMOS DOCE MESES,Decrease (Increase) In Inventories,+ (-) Decremento (Incremento) En Inventarios,104.541,MXN millions (ratios/growth as decimals),MXN,filings/capitaliq/Investment and Market research/Bimbo_2014-10-27_Interacciones_3Q14-First-View-Canada-Bread-1/Bimbo_2014-10-27_Interacciones_3Q14-First-View-Canada-Bread-1.xls,ABC Nominal con Flujo de Efecti,114,Broker (Interacciones) spreadsheet dated 2014-10-23; duplicate file -2 is byte-identical
4Q13,,TRAILING TWELVE MONTHS / ULTIMOS DOCE MESES,Decrease (Increase) In Inventories,+ (-) Decremento (Incremento) En Inventarios,-137.307,MXN millions (ratios/growth as decimals),MXN,filings/capitaliq/Investment and Market research/Bimbo_2014-10-27_Interacciones_3Q14-First-View-Canada-Bread-1/Bimbo_2014-10-27_Interacciones_3Q14-First-View-Canada-Bread-1.xls,ABC Nominal con Flujo de Efecti,114,Broker (Interacciones) spreadsheet dated 2014-10-23; duplicate file -2 is byte-identical
1Q14,,TRAILING TWELVE MONTHS / ULTIMOS DOCE MESES,Decrease (Increase) In Inventories,+ (-) Decremento (Incremento) En Inventarios,246.902,MXN millions (ratios/growth as decimals),MXN,filings/capitaliq/Investment and Market research/Bimbo_2014-10-27_Interacciones_3Q14-First-View-Canada-Bread-1/Bimbo_2014-10-27_Interacciones_3Q14-First-View-Canada-Bread-1.xls,ABC Nominal con Flujo de Efecti,114,Broker (Interacciones) spreadsheet dated 2014-10-23; duplicate file -2 is byte-identical
2Q14,,TRAILING TWELVE MONTHS / ULTIMOS DOCE MESES,Decrease (Increase) In Inventories,+ (-) Decremento (Incremento) En Inventarios,502.959,MXN millions (ratios/growth as decimals),MXN,filings/capitaliq/Investment and Market research/Bimbo_2014-10-27_Interacciones_3Q14-First-View-Canada-Bread-1/Bimbo_2014-10-27_Interacciones_3Q14-First-View-Canada-Bread-1.xls,ABC Nominal con Flujo de Efecti,114,Broker (Interacciones) spreadsheet dated 2014-10-23; duplicate file -2 is byte-identical
3Q14,,TRAILING TWELVE MONTHS / ULTIMOS DOCE MESES,Decrease (Increase) In Inventories,+ (-) Decremento (Incremento) En Inventarios,395.93,MXN millions (ratios/growth as decimals),MXN,filings/capitaliq/Investment and Market research/Bimbo_2014-10-27_Interacciones_3Q14-First-View-Canada-Bread-1/Bimbo_2014-10-27_Interacciones_3Q14-First-View-Canada-Bread-1.xls,ABC Nominal con Flujo de Efecti,114,Broker (Interacciones) spreadsheet dated 2014-10-23; duplicate file -2 is byte-identical
3Q12,,TRAILING TWELVE MONTHS / ULTIMOS DOCE MESES,Decrease (Increase) In Other Receivable Accounts and Current Assets,+ (-) Decremento (Incremento) En Otras Cuentas Por Cobrar Y Otros Activos Circulantes,-2755.304,MXN millions (ratios/growth as decimals),MXN,filings/capitaliq/Investment and Market research/Bimbo_2014-10-27_Interacciones_3Q14-First-View-Canada-Bread-1/Bimbo_2014-10-27_Interacciones_3Q14-First-View-Canada-Bread-1.xls,ABC Nominal con Flujo de Efecti,115,Broker (Interacciones) spreadsheet dated 2014-10-23; duplicate file -2 is byte-identical
2Q13,,TRAILING TWELVE MONTHS / ULTIMOS DOCE MESES,Decrease (Increase) In Other Receivable Accounts and Current Assets,+ (-) Decremento (Incremento) En Otras Cuentas Por Cobrar Y Otros Activos Circulantes,-1358.184,MXN millions (ratios/growth as decimals),MXN,filings/capitaliq/Investment and Market research/Bimbo_2014-10-27_Interacciones_3Q14-First-View-Canada-Bread-1/Bimbo_2014-10-27_Interacciones_3Q14-First-View-Canada-Bread-1.xls,ABC Nominal con Flujo de Efecti,115,Broker (Interacciones) spreadsheet dated 2014-10-23; duplicate file -2 is byte-identical
3Q13,,TRAILING TWELVE MONTHS / ULTIMOS DOCE MESES,Decrease (Increase) In Other Receivable Accounts and Current Assets,+ (-) Decremento (Incremento) En Otras Cuentas Por Cobrar Y Otros Activos Circulantes,-1099.991,MXN millions (ratios/growth as decimals),MXN,filings/capitaliq/Investment and Market research/Bimbo_2014-10-27_Interacciones_3Q14-First-View-Canada-Bread-1/Bimbo_2014-10-27_Interacciones_3Q14-First-View-Canada-Bread-1.xls,ABC Nominal con Flujo de Efecti,115,Broker (Interacciones) spreadsheet dated 2014-10-23; duplicate file -2 is byte-identical
4Q13,,TRAILING TWELVE MONTHS / ULTIMOS DOCE MESES,Decrease (Increase) In Other Receivable Accounts and Current Assets,+ (-) Decremento (Incremento) En Otras Cuentas Por Cobrar Y Otros Activos Circulantes,-385.98,MXN millions (ratios/growth as decimals),MXN,filings/capitaliq/Investment and Market research/Bimbo_2014-10-27_Interacciones_3Q14-First-View-Canada-Bread-1/Bimbo_2014-10-27_Interacciones_3Q14-First-View-Canada-Bread-1.xls,ABC Nominal con Flujo de Efecti,115,Broker (Interacciones) spreadsheet dated 2014-10-23; duplicate file -2 is byte-identical
1Q14,,TRAILING TWELVE MONTHS / ULTIMOS DOCE MESES,Decrease (Increase) In Other Receivable Accounts and Current Assets,+ (-) Decremento (Incremento) En Otras Cuentas Por Cobrar Y Otros Activos Circulantes,1887.158,MXN millions (ratios/growth as decimals),MXN,filings/capitaliq/Investment and Market research/Bimbo_2014-10-27_Interacciones_3Q14-First-View-Canada-Bread-1/Bimbo_2014-10-27_Interacciones_3Q14-First-View-Canada-Bread-1.xls,ABC Nominal con Flujo de Efecti,115,Broker (Interacciones) spreadsheet dated 2014-10-23; duplicate file -2 is byte-identical
2Q14,,TRAILING TWELVE MONTHS / ULTIMOS DOCE MESES,Decrease (Increase) In Other Receivable Accounts and Current Assets,+ (-) Decremento (Incremento) En Otras Cuentas Por Cobrar Y Otros Activos Circulantes,1869.406,MXN millions (ratios/growth as decimals),MXN,filings/capitaliq/Investment and Market research/Bimbo_2014-10-27_Interacciones_3Q14-First-View-Canada-Bread-1/Bimbo_2014-10-27_Interacciones_3Q14-First-View-Canada-Bread-1.xls,ABC Nominal con Flujo de Efecti,115,Broker (Interacciones) spreadsheet dated 2014-10-23; duplicate file -2 is byte-identical
3Q14,,TRAILING TWELVE MONTHS / ULTIMOS DOCE MESES,Decrease (Increase) In Other Receivable Accounts and Current Assets,+ (-) Decremento (Incremento) En Otras Cuentas Por Cobrar Y Otros Activos Circulantes,1574.518,MXN millions (ratios/growth as decimals),MXN,filings/capitaliq/Investment and Market research/Bimbo_2014-10-27_Interacciones_3Q14-First-View-Canada-Bread-1/Bimbo_2014-10-27_Interacciones_3Q14-First-View-Canada-Bread-1.xls,ABC Nominal con Flujo de Efecti,115,Broker (Interacciones) spreadsheet dated 2014-10-23; duplicate file -2 is byte-identical
3Q12,,TRAILING TWELVE MONTHS / ULTIMOS DOCE MESES,Increase (Decrease) In Suppliers,+ (-) Incremento (Decremento) En Proveedores,3297.661,MXN millions (ratios/growth as decimals),MXN,filings/capitaliq/Investment and Market research/Bimbo_2014-10-27_Interacciones_3Q14-First-View-Canada-Bread-1/Bimbo_2014-10-27_Interacciones_3Q14-First-View-Canada-Bread-1.xls,ABC Nominal con Flujo de Efecti,116,Broker (Interacciones) spreadsheet dated 2014-10-23; duplicate file -2 is byte-identical
2Q13,,TRAILING TWELVE MONTHS / ULTIMOS DOCE MESES,Increase (Decrease) In Suppliers,+ (-) Incremento (Decremento) En Proveedores,-2194.522,MXN millions (ratios/growth as decimals),MXN,filings/capitaliq/Investment and Market research/Bimbo_2014-10-27_Interacciones_3Q14-First-View-Canada-Bread-1/Bimbo_2014-10-27_Interacciones_3Q14-First-View-Canada-Bread-1.xls,ABC Nominal con Flujo de Efecti,116,Broker (Interacciones) spreadsheet dated 2014-10-23; duplicate file -2 is byte-identical
3Q13,,TRAILING TWELVE MONTHS / ULTIMOS DOCE MESES,Increase (Decrease) In Suppliers,+ (-) Incremento (Decremento) En Proveedores,-2015.293,MXN millions (ratios/growth as decimals),MXN,filings/capitaliq/Investment and Market research/Bimbo_2014-10-27_Interacciones_3Q14-First-View-Canada-Bread-1/Bimbo_2014-10-27_Interacciones_3Q14-First-View-Canada-Bread-1.xls,ABC Nominal con Flujo de Efecti,116,Broker (Interacciones) spreadsheet dated 2014-10-23; duplicate file -2 is byte-identical
4Q13,,TRAILING TWELVE MONTHS / ULTIMOS DOCE MESES,Increase (Decrease) In Suppliers,+ (-) Incremento (Decremento) En Proveedores,56.452,MXN millions (ratios/growth as decimals),MXN,filings/capitaliq/Investment and Market research/Bimbo_2014-10-27_Interacciones_3Q14-First-View-Canada-Bread-1/Bimbo_2014-10-27_Interacciones_3Q14-First-View-Canada-Bread-1.xls,ABC Nominal con Flujo de Efecti,116,Broker (Interacciones) spreadsheet dated 2014-10-23; duplicate file -2 is byte-identical
1Q14,,TRAILING TWELVE MONTHS / ULTIMOS DOCE MESES,Increase (Decrease) In Suppliers,+ (-) Incremento (Decremento) En Proveedores,625.467,MXN millions (ratios/growth as decimals),MXN,filings/capitaliq/Investment and Market research/Bimbo_2014-10-27_Interacciones_3Q14-First-View-Canada-Bread-1/Bimbo_2014-10-27_Interacciones_3Q14-First-View-Canada-Bread-1.xls,ABC Nominal con Flujo de Efecti,116,Broker (Interacciones) spreadsheet dated 2014-10-23; duplicate file -2 is byte-identical
2Q14,,TRAILING TWELVE MONTHS / ULTIMOS DOCE MESES,Increase (Decrease) In Suppliers,+ (-) Incremento (Decremento) En Proveedores,71.053,MXN millions (ratios/growth as decimals),MXN,filings/capitaliq/Investment and Market research/Bimbo_2014-10-27_Interacciones_3Q14-First-View-Canada-Bread-1/Bimbo_2014-10-27_Interacciones_3Q14-First-View-Canada-Bread-1.xls,ABC Nominal con Flujo de Efecti,116,Broker (Interacciones) spreadsheet dated 2014-10-23; duplicate file -2 is byte-identical
3Q14,,TRAILING TWELVE MONTHS / ULTIMOS DOCE MESES,Increase (Decrease) In Suppliers,+ (-) Incremento (Decremento) En Proveedores,10.368,MXN millions (ratios/growth as decimals),MXN,filings/capitaliq/Investment and Market research/Bimbo_2014-10-27_Interacciones_3Q14-First-View-Canada-Bread-1/Bimbo_2014-10-27_Interacciones_3Q14-First-View-Canada-Bread-1.xls,ABC Nominal con Flujo de Efecti,116,Broker (Interacciones) spreadsheet dated 2014-10-23; duplicate file -2 is byte-identical
3Q12,,TRAILING TWELVE MONTHS / ULTIMOS DOCE MESES,Increase (Decrease) in Other Liabilities,+ (-) Incremento (Decremento) En Otros Pasivos,-1103.755,MXN millions (ratios/growth as decimals),MXN,filings/capitaliq/Investment and Market research/Bimbo_2014-10-27_Interacciones_3Q14-First-View-Canada-Bread-1/Bimbo_2014-10-27_Interacciones_3Q14-First-View-Canada-Bread-1.xls,ABC Nominal con Flujo de Efecti,117,Broker (Interacciones) spreadsheet dated 2014-10-23; duplicate file -2 is byte-identical
2Q13,,TRAILING TWELVE MONTHS / ULTIMOS DOCE MESES,Increase (Decrease) in Other Liabilities,+ (-) Incremento (Decremento) En Otros Pasivos,-613.702,MXN millions (ratios/growth as decimals),MXN,filings/capitaliq/Investment and Market research/Bimbo_2014-10-27_Interacciones_3Q14-First-View-Canada-Bread-1/Bimbo_2014-10-27_Interacciones_3Q14-First-View-Canada-Bread-1.xls,ABC Nominal con Flujo de Efecti,117,Broker (Interacciones) spreadsheet dated 2014-10-23; duplicate file -2 is byte-identical
3Q13,,TRAILING TWELVE MONTHS / ULTIMOS DOCE MESES,Increase (Decrease) in Other Liabilities,+ (-) Incremento (Decremento) En Otros Pasivos,-1616.656,MXN millions (ratios/growth as decimals),MXN,filings/capitaliq/Investment and Market research/Bimbo_2014-10-27_Interacciones_3Q14-First-View-Canada-Bread-1/Bimbo_2014-10-27_Interacciones_3Q14-First-View-Canada-Bread-1.xls,ABC Nominal con Flujo de Efecti,117,Broker (Interacciones) spreadsheet dated 2014-10-23; duplicate file -2 is byte-identical
4Q13,,TRAILING TWELVE MONTHS / ULTIMOS DOCE MESES,Increase (Decrease) in Other Liabilities,+ (-) Incremento (Decremento) En Otros Pasivos,-2323.053,MXN millions (ratios/growth as decimals),MXN,filings/capitaliq/Investment and Market research/Bimbo_2014-10-27_Interacciones_3Q14-First-View-Canada-Bread-1/Bimbo_2014-10-27_Interacciones_3Q14-First-View-Canada-Bread-1.xls,ABC Nominal con Flujo de Efecti,117,Broker (Interacciones) spreadsheet dated 2014-10-23; duplicate file -2 is byte-identical
1Q14,,TRAILING TWELVE MONTHS / ULTIMOS DOCE MESES,Increase (Decrease) in Other Liabilities,+ (-) Incremento (Decremento) En Otros Pasivos,-2568.258,MXN millions (ratios/growth as decimals),MXN,filings/capitaliq/Investment and Market research/Bimbo_2014-10-27_Interacciones_3Q14-First-View-Canada-Bread-1/Bimbo_2014-10-27_Interacciones_3Q14-First-View-Canada-Bread-1.xls,ABC Nominal con Flujo de Efecti,117,Broker (Interacciones) spreadsheet dated 2014-10-23; duplicate file -2 is byte-identical
2Q14,,TRAILING TWELVE MONTHS / ULTIMOS DOCE MESES,Increase (Decrease) in Other Liabilities,+ (-) Incremento (Decremento) En Otros Pasivos,-2565.626,MXN millions (ratios/growth as decimals),MXN,filings/capitaliq/Investment and Market research/Bimbo_2014-10-27_Interacciones_3Q14-First-View-Canada-Bread-1/Bimbo_2014-10-27_Interacciones_3Q14-First-View-Canada-Bread-1.xls,ABC Nominal con Flujo de Efecti,117,Broker (Interacciones) spreadsheet dated 2014-10-23; duplicate file -2 is byte-identical
3Q14,,TRAILING TWELVE MONTHS / ULTIMOS DOCE MESES,Increase (Decrease) in Other Liabilities,+ (-) Incremento (Decremento) En Otros Pasivos,-922.738,MXN millions (ratios/growth as decimals),MXN,filings/capitaliq/Investment and Market research/Bimbo_2014-10-27_Interacciones_3Q14-First-View-Canada-Bread-1/Bimbo_2014-10-27_Interacciones_3Q14-First-View-Canada-Bread-1.xls,ABC Nominal con Flujo de Efecti,117,Broker (Interacciones) spreadsheet dated 2014-10-23; duplicate file -2 is byte-identical
3Q12,,TRAILING TWELVE MONTHS / ULTIMOS DOCE MESES,Net Taxes,+ (-)Impuestos A La Utilidad Pagados O Devueltos,-2617.445,MXN millions (ratios/growth as decimals),MXN,filings/capitaliq/Investment and Market research/Bimbo_2014-10-27_Interacciones_3Q14-First-View-Canada-Bread-1/Bimbo_2014-10-27_Interacciones_3Q14-First-View-Canada-Bread-1.xls,ABC Nominal con Flujo de Efecti,118,Broker (Interacciones) spreadsheet dated 2014-10-23; duplicate file -2 is byte-identical
2Q13,,TRAILING TWELVE MONTHS / ULTIMOS DOCE MESES,Net Taxes,+ (-)Impuestos A La Utilidad Pagados O Devueltos,-2996.248,MXN millions (ratios/growth as decimals),MXN,filings/capitaliq/Investment and Market research/Bimbo_2014-10-27_Interacciones_3Q14-First-View-Canada-Bread-1/Bimbo_2014-10-27_Interacciones_3Q14-First-View-Canada-Bread-1.xls,ABC Nominal con Flujo de Efecti,118,Broker (Interacciones) spreadsheet dated 2014-10-23; duplicate file -2 is byte-identical
3Q13,,TRAILING TWELVE MONTHS / ULTIMOS DOCE MESES,Net Taxes,+ (-)Impuestos A La Utilidad Pagados O Devueltos,-3644.763,MXN millions (ratios/growth as decimals),MXN,filings/capitaliq/Investment and Market research/Bimbo_2014-10-27_Interacciones_3Q14-First-View-Canada-Bread-1/Bimbo_2014-10-27_Interacciones_3Q14-First-View-Canada-Bread-1.xls,ABC Nominal con Flujo de Efecti,118,Broker (Interacciones) spreadsheet dated 2014-10-23; duplicate file -2 is byte-identical
4Q13,,TRAILING TWELVE MONTHS / ULTIMOS DOCE MESES,Net Taxes,+ (-)Impuestos A La Utilidad Pagados O Devueltos,-2714.528,MXN millions (ratios/growth as decimals),MXN,filings/capitaliq/Investment and Market research/Bimbo_2014-10-27_Interacciones_3Q14-First-View-Canada-Bread-1/Bimbo_2014-10-27_Interacciones_3Q14-First-View-Canada-Bread-1.xls,ABC Nominal con Flujo de Efecti,118,Broker (Interacciones) spreadsheet dated 2014-10-23; duplicate file -2 is byte-identical
1Q14,,TRAILING TWELVE MONTHS / ULTIMOS DOCE MESES,Net Taxes,+ (-)Impuestos A La Utilidad Pagados O Devueltos,-2400.926,MXN millions (ratios/growth as decimals),MXN,filings/capitaliq/Investment and Market research/Bimbo_2014-10-27_Interacciones_3Q14-First-View-Canada-Bread-1/Bimbo_2014-10-27_Interacciones_3Q14-First-View-Canada-Bread-1.xls,ABC Nominal con Flujo de Efecti,118,Broker (Interacciones) spreadsheet dated 2014-10-23; duplicate file -2 is byte-identical
2Q14,,TRAILING TWELVE MONTHS / ULTIMOS DOCE MESES,Net Taxes,+ (-)Impuestos A La Utilidad Pagados O Devueltos,-3369.43,MXN millions (ratios/growth as decimals),MXN,filings/capitaliq/Investment and Market research/Bimbo_2014-10-27_Interacciones_3Q14-First-View-Canada-Bread-1/Bimbo_2014-10-27_Interacciones_3Q14-First-View-Canada-Bread-1.xls,ABC Nominal con Flujo de Efecti,118,Broker (Interacciones) spreadsheet dated 2014-10-23; duplicate file -2 is byte-identical
3Q14,,TRAILING TWELVE MONTHS / ULTIMOS DOCE MESES,Net Taxes,+ (-)Impuestos A La Utilidad Pagados O Devueltos,-3662.873,MXN millions (ratios/growth as decimals),MXN,filings/capitaliq/Investment and Market research/Bimbo_2014-10-27_Interacciones_3Q14-First-View-Canada-Bread-1/Bimbo_2014-10-27_Interacciones_3Q14-First-View-Canada-Bread-1.xls,ABC Nominal con Flujo de Efecti,118,Broker (Interacciones) spreadsheet dated 2014-10-23; duplicate file -2 is byte-identical
3Q12,,TRAILING TWELVE MONTHS / ULTIMOS DOCE MESES,Interest Paid,Intereses Pagados,3150.782,MXN millions (ratios/growth as decimals),MXN,filings/capitaliq/Investment and Market research/Bimbo_2014-10-27_Interacciones_3Q14-First-View-Canada-Bread-1/Bimbo_2014-10-27_Interacciones_3Q14-First-View-Canada-Bread-1.xls,ABC Nominal con Flujo de Efecti,119,Broker (Interacciones) spreadsheet dated 2014-10-23; duplicate file -2 is byte-identical
2Q13,,TRAILING TWELVE MONTHS / ULTIMOS DOCE MESES,Interest Paid,Intereses Pagados,3383.19,MXN millions (ratios/growth as decimals),MXN,filings/capitaliq/Investment and Market research/Bimbo_2014-10-27_Interacciones_3Q14-First-View-Canada-Bread-1/Bimbo_2014-10-27_Interacciones_3Q14-First-View-Canada-Bread-1.xls,ABC Nominal con Flujo de Efecti,119,Broker (Interacciones) spreadsheet dated 2014-10-23; duplicate file -2 is byte-identical
3Q13,,TRAILING TWELVE MONTHS / ULTIMOS DOCE MESES,Interest Paid,Intereses Pagados,3503.388,MXN millions (ratios/growth as decimals),MXN,filings/capitaliq/Investment and Market research/Bimbo_2014-10-27_Interacciones_3Q14-First-View-Canada-Bread-1/Bimbo_2014-10-27_Interacciones_3Q14-First-View-Canada-Bread-1.xls,ABC Nominal con Flujo de Efecti,119,Broker (Interacciones) spreadsheet dated 2014-10-23; duplicate file -2 is byte-identical
4Q13,,TRAILING TWELVE MONTHS / ULTIMOS DOCE MESES,Interest Paid,Intereses Pagados,3188.208,MXN millions (ratios/growth as decimals),MXN,filings/capitaliq/Investment and Market research/Bimbo_2014-10-27_Interacciones_3Q14-First-View-Canada-Bread-1/Bimbo_2014-10-27_Interacciones_3Q14-First-View-Canada-Bread-1.xls,ABC Nominal con Flujo de Efecti,119,Broker (Interacciones) spreadsheet dated 2014-10-23; duplicate file -2 is byte-identical
1Q14,,TRAILING TWELVE MONTHS / ULTIMOS DOCE MESES,Interest Paid,Intereses Pagados,3183.874,MXN millions (ratios/growth as decimals),MXN,filings/capitaliq/Investment and Market research/Bimbo_2014-10-27_Interacciones_3Q14-First-View-Canada-Bread-1/Bimbo_2014-10-27_Interacciones_3Q14-First-View-Canada-Bread-1.xls,ABC Nominal con Flujo de Efecti,119,Broker (Interacciones) spreadsheet dated 2014-10-23; duplicate file -2 is byte-identical
2Q14,,TRAILING TWELVE MONTHS / ULTIMOS DOCE MESES,Interest Paid,Intereses Pagados,3198.017,MXN millions (ratios/growth as decimals),MXN,filings/capitaliq/Investment and Market research/Bimbo_2014-10-27_Interacciones_3Q14-First-View-Canada-Bread-1/Bimbo_2014-10-27_Interacciones_3Q14-First-View-Canada-Bread-1.xls,ABC Nominal con Flujo de Efecti,119,Broker (Interacciones) spreadsheet dated 2014-10-23; duplicate file -2 is byte-identical
3Q14,,TRAILING TWELVE MONTHS / ULTIMOS DOCE MESES,Interest Paid,Intereses Pagados,3437.624,MXN millions (ratios/growth as decimals),MXN,filings/capitaliq/Investment and Market research/Bimbo_2014-10-27_Interacciones_3Q14-First-View-Canada-Bread-1/Bimbo_2014-10-27_Interacciones_3Q14-First-View-Canada-Bread-1.xls,ABC Nominal con Flujo de Efecti,119,Broker (Interacciones) spreadsheet dated 2014-10-23; duplicate file -2 is byte-identical
3Q12,,TRAILING TWELVE MONTHS / ULTIMOS DOCE MESES,Interest Gained,Intereses Ganados,371.549,MXN millions (ratios/growth as decimals),MXN,filings/capitaliq/Investment and Market research/Bimbo_2014-10-27_Interacciones_3Q14-First-View-Canada-Bread-1/Bimbo_2014-10-27_Interacciones_3Q14-First-View-Canada-Bread-1.xls,ABC Nominal con Flujo de Efecti,120,Broker (Interacciones) spreadsheet dated 2014-10-23; duplicate file -2 is byte-identical
2Q13,,TRAILING TWELVE MONTHS / ULTIMOS DOCE MESES,Interest Gained,Intereses Ganados,482.219,MXN millions (ratios/growth as decimals),MXN,filings/capitaliq/Investment and Market research/Bimbo_2014-10-27_Interacciones_3Q14-First-View-Canada-Bread-1/Bimbo_2014-10-27_Interacciones_3Q14-First-View-Canada-Bread-1.xls,ABC Nominal con Flujo de Efecti,120,Broker (Interacciones) spreadsheet dated 2014-10-23; duplicate file -2 is byte-identical
3Q13,,TRAILING TWELVE MONTHS / ULTIMOS DOCE MESES,Interest Gained,Intereses Ganados,470.661,MXN millions (ratios/growth as decimals),MXN,filings/capitaliq/Investment and Market research/Bimbo_2014-10-27_Interacciones_3Q14-First-View-Canada-Bread-1/Bimbo_2014-10-27_Interacciones_3Q14-First-View-Canada-Bread-1.xls,ABC Nominal con Flujo de Efecti,120,Broker (Interacciones) spreadsheet dated 2014-10-23; duplicate file -2 is byte-identical
4Q13,,TRAILING TWELVE MONTHS / ULTIMOS DOCE MESES,Interest Gained,Intereses Ganados,310.863,MXN millions (ratios/growth as decimals),MXN,filings/capitaliq/Investment and Market research/Bimbo_2014-10-27_Interacciones_3Q14-First-View-Canada-Bread-1/Bimbo_2014-10-27_Interacciones_3Q14-First-View-Canada-Bread-1.xls,ABC Nominal con Flujo de Efecti,120,Broker (Interacciones) spreadsheet dated 2014-10-23; duplicate file -2 is byte-identical
1Q14,,TRAILING TWELVE MONTHS / ULTIMOS DOCE MESES,Interest Gained,Intereses Ganados,310.772,MXN millions (ratios/growth as decimals),MXN,filings/capitaliq/Investment and Market research/Bimbo_2014-10-27_Interacciones_3Q14-First-View-Canada-Bread-1/Bimbo_2014-10-27_Interacciones_3Q14-First-View-Canada-Bread-1.xls,ABC Nominal con Flujo de Efecti,120,Broker (Interacciones) spreadsheet dated 2014-10-23; duplicate file -2 is byte-identical
2Q14,,TRAILING TWELVE MONTHS / ULTIMOS DOCE MESES,Interest Gained,Intereses Ganados,280.108,MXN millions (ratios/growth as decimals),MXN,filings/capitaliq/Investment and Market research/Bimbo_2014-10-27_Interacciones_3Q14-First-View-Canada-Bread-1/Bimbo_2014-10-27_Interacciones_3Q14-First-View-Canada-Bread-1.xls,ABC Nominal con Flujo de Efecti,120,Broker (Interacciones) spreadsheet dated 2014-10-23; duplicate file -2 is byte-identical
3Q14,,TRAILING TWELVE MONTHS / ULTIMOS DOCE MESES,Interest Gained,Intereses Ganados,248.844,MXN millions (ratios/growth as decimals),MXN,filings/capitaliq/Investment and Market research/Bimbo_2014-10-27_Interacciones_3Q14-First-View-Canada-Bread-1/Bimbo_2014-10-27_Interacciones_3Q14-First-View-Canada-Bread-1.xls,ABC Nominal con Flujo de Efecti,120,Broker (Interacciones) spreadsheet dated 2014-10-23; duplicate file -2 is byte-identical
3Q12,,TRAILING TWELVE MONTHS / ULTIMOS DOCE MESES,Investment Activity Cash Net Flows,Flujos Netos De Efectivo De Actividades De Inversión,-17302.642,MXN millions (ratios/growth as decimals),MXN,filings/capitaliq/Investment and Market research/Bimbo_2014-10-27_Interacciones_3Q14-First-View-Canada-Bread-1/Bimbo_2014-10-27_Interacciones_3Q14-First-View-Canada-Bread-1.xls,ABC Nominal con Flujo de Efecti,121,Broker (Interacciones) spreadsheet dated 2014-10-23; duplicate file -2 is byte-identical
2Q13,,TRAILING TWELVE MONTHS / ULTIMOS DOCE MESES,Investment Activity Cash Net Flows,Flujos Netos De Efectivo De Actividades De Inversión,-5267.038,MXN millions (ratios/growth as decimals),MXN,filings/capitaliq/Investment and Market research/Bimbo_2014-10-27_Interacciones_3Q14-First-View-Canada-Bread-1/Bimbo_2014-10-27_Interacciones_3Q14-First-View-Canada-Bread-1.xls,ABC Nominal con Flujo de Efecti,121,Broker (Interacciones) spreadsheet dated 2014-10-23; duplicate file -2 is byte-identical
3Q13,,TRAILING TWELVE MONTHS / ULTIMOS DOCE MESES,Investment Activity Cash Net Flows,Flujos Netos De Efectivo De Actividades De Inversión,-7437.091,MXN millions (ratios/growth as decimals),MXN,filings/capitaliq/Investment and Market research/Bimbo_2014-10-27_Interacciones_3Q14-First-View-Canada-Bread-1/Bimbo_2014-10-27_Interacciones_3Q14-First-View-Canada-Bread-1.xls,ABC Nominal con Flujo de Efecti,121,Broker (Interacciones) spreadsheet dated 2014-10-23; duplicate file -2 is byte-identical
4Q13,,TRAILING TWELVE MONTHS / ULTIMOS DOCE MESES,Investment Activity Cash Net Flows,Flujos Netos De Efectivo De Actividades De Inversión,-7509.454,MXN millions (ratios/growth as decimals),MXN,filings/capitaliq/Investment and Market research/Bimbo_2014-10-27_Interacciones_3Q14-First-View-Canada-Bread-1/Bimbo_2014-10-27_Interacciones_3Q14-First-View-Canada-Bread-1.xls,ABC Nominal con Flujo de Efecti,121,Broker (Interacciones) spreadsheet dated 2014-10-23; duplicate file -2 is byte-identical
1Q14,,TRAILING TWELVE MONTHS / ULTIMOS DOCE MESES,Investment Activity Cash Net Flows,Flujos Netos De Efectivo De Actividades De Inversión,-7485.432,MXN millions (ratios/growth as decimals),MXN,filings/capitaliq/Investment and Market research/Bimbo_2014-10-27_Interacciones_3Q14-First-View-Canada-Bread-1/Bimbo_2014-10-27_Interacciones_3Q14-First-View-Canada-Bread-1.xls,ABC Nominal con Flujo de Efecti,121,Broker (Interacciones) spreadsheet dated 2014-10-23; duplicate file -2 is byte-identical
2Q14,,TRAILING TWELVE MONTHS / ULTIMOS DOCE MESES,Investment Activity Cash Net Flows,Flujos Netos De Efectivo De Actividades De Inversión,-29032.305,MXN millions (ratios/growth as decimals),MXN,filings/capitaliq/Investment and Market research/Bimbo_2014-10-27_Interacciones_3Q14-First-View-Canada-Bread-1/Bimbo_2014-10-27_Interacciones_3Q14-First-View-Canada-Bread-1.xls,ABC Nominal con Flujo de Efecti,121,Broker (Interacciones) spreadsheet dated 2014-10-23; duplicate file -2 is byte-identical
3Q14,,TRAILING TWELVE MONTHS / ULTIMOS DOCE MESES,Investment Activity Cash Net Flows,Flujos Netos De Efectivo De Actividades De Inversión,-29356.822,MXN millions (ratios/growth as decimals),MXN,filings/capitaliq/Investment and Market research/Bimbo_2014-10-27_Interacciones_3Q14-First-View-Canada-Bread-1/Bimbo_2014-10-27_Interacciones_3Q14-First-View-Canada-Bread-1.xls,ABC Nominal con Flujo de Efecti,121,Broker (Interacciones) spreadsheet dated 2014-10-23; duplicate file -2 is byte-identical
3Q12,,TRAILING TWELVE MONTHS / ULTIMOS DOCE MESES,Interest charged,Intereses Cobrados,341.115,MXN millions (ratios/growth as decimals),MXN,filings/capitaliq/Investment and Market research/Bimbo_2014-10-27_Interacciones_3Q14-First-View-Canada-Bread-1/Bimbo_2014-10-27_Interacciones_3Q14-First-View-Canada-Bread-1.xls,ABC Nominal con Flujo de Efecti,122,Broker (Interacciones) spreadsheet dated 2014-10-23; duplicate file -2 is byte-identical
2Q13,,TRAILING TWELVE MONTHS / ULTIMOS DOCE MESES,Interest charged,Intereses Cobrados,453.644,MXN millions (ratios/growth as decimals),MXN,filings/capitaliq/Investment and Market research/Bimbo_2014-10-27_Interacciones_3Q14-First-View-Canada-Bread-1/Bimbo_2014-10-27_Interacciones_3Q14-First-View-Canada-Bread-1.xls,ABC Nominal con Flujo de Efecti,122,Broker (Interacciones) spreadsheet dated 2014-10-23; duplicate file -2 is byte-identical
3Q13,,TRAILING TWELVE MONTHS / ULTIMOS DOCE MESES,Interest charged,Intereses Cobrados,453.644,MXN millions (ratios/growth as decimals),MXN,filings/capitaliq/Investment and Market research/Bimbo_2014-10-27_Interacciones_3Q14-First-View-Canada-Bread-1/Bimbo_2014-10-27_Interacciones_3Q14-First-View-Canada-Bread-1.xls,ABC Nominal con Flujo de Efecti,122,Broker (Interacciones) spreadsheet dated 2014-10-23; duplicate file -2 is byte-identical
4Q13,,TRAILING TWELVE MONTHS / ULTIMOS DOCE MESES,Interest charged,Intereses Cobrados,0.0,MXN millions (ratios/growth as decimals),MXN,filings/capitaliq/Investment and Market research/Bimbo_2014-10-27_Interacciones_3Q14-First-View-Canada-Bread-1/Bimbo_2014-10-27_Interacciones_3Q14-First-View-Canada-Bread-1.xls,ABC Nominal con Flujo de Efecti,122,Broker (Interacciones) spreadsheet dated 2014-10-23; duplicate file -2 is byte-identical
1Q14,,TRAILING TWELVE MONTHS / ULTIMOS DOCE MESES,Interest charged,Intereses Cobrados,0.0,MXN millions (ratios/growth as decimals),MXN,filings/capitaliq/Investment and Market research/Bimbo_2014-10-27_Interacciones_3Q14-First-View-Canada-Bread-1/Bimbo_2014-10-27_Interacciones_3Q14-First-View-Canada-Bread-1.xls,ABC Nominal con Flujo de Efecti,122,Broker (Interacciones) spreadsheet dated 2014-10-23; duplicate file -2 is byte-identical
2Q14,,TRAILING TWELVE MONTHS / ULTIMOS DOCE MESES,Interest charged,Intereses Cobrados,0.0,MXN millions (ratios/growth as decimals),MXN,filings/capitaliq/Investment and Market research/Bimbo_2014-10-27_Interacciones_3Q14-First-View-Canada-Bread-1/Bimbo_2014-10-27_Interacciones_3Q14-First-View-Canada-Bread-1.xls,ABC Nominal con Flujo de Efecti,122,Broker (Interacciones) spreadsheet dated 2014-10-23; duplicate file -2 is byte-identical
3Q14,,TRAILING TWELVE MONTHS / ULTIMOS DOCE MESES,Interest charged,Intereses Cobrados,0,MXN millions (ratios/growth as decimals),MXN,filings/capitaliq/Investment and Market research/Bimbo_2014-10-27_Interacciones_3Q14-First-View-Canada-Bread-1/Bimbo_2014-10-27_Interacciones_3Q14-First-View-Canada-Bread-1.xls,ABC Nominal con Flujo de Efecti,122,Broker (Interacciones) spreadsheet dated 2014-10-23; duplicate file -2 is byte-identical
3Q12,,TRAILING TWELVE MONTHS / ULTIMOS DOCE MESES,Paid Dividend,(-) Dividendos Pagados,-832.008,MXN millions (ratios/growth as decimals),MXN,filings/capitaliq/Investment and Market research/Bimbo_2014-10-27_Interacciones_3Q14-First-View-Canada-Bread-1/Bimbo_2014-10-27_Interacciones_3Q14-First-View-Canada-Bread-1.xls,ABC Nominal con Flujo de Efecti,123,Broker (Interacciones) spreadsheet dated 2014-10-23; duplicate file -2 is byte-identical
2Q13,,TRAILING TWELVE MONTHS / ULTIMOS DOCE MESES,Paid Dividend,(-) Dividendos Pagados,-911.93,MXN millions (ratios/growth as decimals),MXN,filings/capitaliq/Investment and Market research/Bimbo_2014-10-27_Interacciones_3Q14-First-View-Canada-Bread-1/Bimbo_2014-10-27_Interacciones_3Q14-First-View-Canada-Bread-1.xls,ABC Nominal con Flujo de Efecti,123,Broker (Interacciones) spreadsheet dated 2014-10-23; duplicate file -2 is byte-identical
3Q13,,TRAILING TWELVE MONTHS / ULTIMOS DOCE MESES,Paid Dividend,(-) Dividendos Pagados,-911.93,MXN millions (ratios/growth as decimals),MXN,filings/capitaliq/Investment and Market research/Bimbo_2014-10-27_Interacciones_3Q14-First-View-Canada-Bread-1/Bimbo_2014-10-27_Interacciones_3Q14-First-View-Canada-Bread-1.xls,ABC Nominal con Flujo de Efecti,123,Broker (Interacciones) spreadsheet dated 2014-10-23; duplicate file -2 is byte-identical
4Q13,,TRAILING TWELVE MONTHS / ULTIMOS DOCE MESES,Paid Dividend,(-) Dividendos Pagados,-2422.148,MXN millions (ratios/growth as decimals),MXN,filings/capitaliq/Investment and Market research/Bimbo_2014-10-27_Interacciones_3Q14-First-View-Canada-Bread-1/Bimbo_2014-10-27_Interacciones_3Q14-First-View-Canada-Bread-1.xls,ABC Nominal con Flujo de Efecti,123,Broker (Interacciones) spreadsheet dated 2014-10-23; duplicate file -2 is byte-identical
1Q14,,TRAILING TWELVE MONTHS / ULTIMOS DOCE MESES,Paid Dividend,(-) Dividendos Pagados,-2422.148,MXN millions (ratios/growth as decimals),MXN,filings/capitaliq/Investment and Market research/Bimbo_2014-10-27_Interacciones_3Q14-First-View-Canada-Bread-1/Bimbo_2014-10-27_Interacciones_3Q14-First-View-Canada-Bread-1.xls,ABC Nominal con Flujo de Efecti,123,Broker (Interacciones) spreadsheet dated 2014-10-23; duplicate file -2 is byte-identical
2Q14,,TRAILING TWELVE MONTHS / ULTIMOS DOCE MESES,Paid Dividend,(-) Dividendos Pagados,-1646.12,MXN millions (ratios/growth as decimals),MXN,filings/capitaliq/Investment and Market research/Bimbo_2014-10-27_Interacciones_3Q14-First-View-Canada-Bread-1/Bimbo_2014-10-27_Interacciones_3Q14-First-View-Canada-Bread-1.xls,ABC Nominal con Flujo de Efecti,123,Broker (Interacciones) spreadsheet dated 2014-10-23; duplicate file -2 is byte-identical
3Q14,,TRAILING TWELVE MONTHS / ULTIMOS DOCE MESES,Paid Dividend,(-) Dividendos Pagados,-1646.12,MXN millions (ratios/growth as decimals),MXN,filings/capitaliq/Investment and Market research/Bimbo_2014-10-27_Interacciones_3Q14-First-View-Canada-Bread-1/Bimbo_2014-10-27_Interacciones_3Q14-First-View-Canada-Bread-1.xls,ABC Nominal con Flujo de Efecti,123,Broker (Interacciones) spreadsheet dated 2014-10-23; duplicate file -2 is byte-identical
3Q12,,TRAILING TWELVE MONTHS / ULTIMOS DOCE MESES,Buy back shares,(-)Recompra De Acciones,-4.803,MXN millions (ratios/growth as decimals),MXN,filings/capitaliq/Investment and Market research/Bimbo_2014-10-27_Interacciones_3Q14-First-View-Canada-Bread-1/Bimbo_2014-10-27_Interacciones_3Q14-First-View-Canada-Bread-1.xls,ABC Nominal con Flujo de Efecti,124,Broker (Interacciones) spreadsheet dated 2014-10-23; duplicate file -2 is byte-identical
2Q13,,TRAILING TWELVE MONTHS / ULTIMOS DOCE MESES,Buy back shares,(-)Recompra De Acciones,151.848,MXN millions (ratios/growth as decimals),MXN,filings/capitaliq/Investment and Market research/Bimbo_2014-10-27_Interacciones_3Q14-First-View-Canada-Bread-1/Bimbo_2014-10-27_Interacciones_3Q14-First-View-Canada-Bread-1.xls,ABC Nominal con Flujo de Efecti,124,Broker (Interacciones) spreadsheet dated 2014-10-23; duplicate file -2 is byte-identical
3Q13,,TRAILING TWELVE MONTHS / ULTIMOS DOCE MESES,Buy back shares,(-)Recompra De Acciones,151.848,MXN millions (ratios/growth as decimals),MXN,filings/capitaliq/Investment and Market research/Bimbo_2014-10-27_Interacciones_3Q14-First-View-Canada-Bread-1/Bimbo_2014-10-27_Interacciones_3Q14-First-View-Canada-Bread-1.xls,ABC Nominal con Flujo de Efecti,124,Broker (Interacciones) spreadsheet dated 2014-10-23; duplicate file -2 is byte-identical
4Q13,,TRAILING TWELVE MONTHS / ULTIMOS DOCE MESES,Buy back shares,(-)Recompra De Acciones,0.0,MXN millions (ratios/growth as decimals),MXN,filings/capitaliq/Investment and Market research/Bimbo_2014-10-27_Interacciones_3Q14-First-View-Canada-Bread-1/Bimbo_2014-10-27_Interacciones_3Q14-First-View-Canada-Bread-1.xls,ABC Nominal con Flujo de Efecti,124,Broker (Interacciones) spreadsheet dated 2014-10-23; duplicate file -2 is byte-identical
1Q14,,TRAILING TWELVE MONTHS / ULTIMOS DOCE MESES,Buy back shares,(-)Recompra De Acciones,0.0,MXN millions (ratios/growth as decimals),MXN,filings/capitaliq/Investment and Market research/Bimbo_2014-10-27_Interacciones_3Q14-First-View-Canada-Bread-1/Bimbo_2014-10-27_Interacciones_3Q14-First-View-Canada-Bread-1.xls,ABC Nominal con Flujo de Efecti,124,Broker (Interacciones) spreadsheet dated 2014-10-23; duplicate file -2 is byte-identical
2Q14,,TRAILING TWELVE MONTHS / ULTIMOS DOCE MESES,Buy back shares,(-)Recompra De Acciones,0.0,MXN millions (ratios/growth as decimals),MXN,filings/capitaliq/Investment and Market research/Bimbo_2014-10-27_Interacciones_3Q14-First-View-Canada-Bread-1/Bimbo_2014-10-27_Interacciones_3Q14-First-View-Canada-Bread-1.xls,ABC Nominal con Flujo de Efecti,124,Broker (Interacciones) spreadsheet dated 2014-10-23; duplicate file -2 is byte-identical
3Q14,,TRAILING TWELVE MONTHS / ULTIMOS DOCE MESES,Buy back shares,(-)Recompra De Acciones,0,MXN millions (ratios/growth as decimals),MXN,filings/capitaliq/Investment and Market research/Bimbo_2014-10-27_Interacciones_3Q14-First-View-Canada-Bread-1/Bimbo_2014-10-27_Interacciones_3Q14-First-View-Canada-Bread-1.xls,ABC Nominal con Flujo de Efecti,124,Broker (Interacciones) spreadsheet dated 2014-10-23; duplicate file -2 is byte-identical
3Q12,,TRAILING TWELVE MONTHS / ULTIMOS DOCE MESES,free cash Flow,Flujo libre de efectivo,2387.1279999999897,MXN millions (ratios/growth as decimals),MXN,filings/capitaliq/Investment and Market research/Bimbo_2014-10-27_Interacciones_3Q14-First-View-Canada-Bread-1/Bimbo_2014-10-27_Interacciones_3Q14-First-View-Canada-Bread-1.xls,ABC Nominal con Flujo de Efecti,125,Broker (Interacciones) spreadsheet dated 2014-10-23; duplicate file -2 is byte-identical
2Q13,,TRAILING TWELVE MONTHS / ULTIMOS DOCE MESES,free cash Flow,Flujo libre de efectivo,11094.78500000001,MXN millions (ratios/growth as decimals),MXN,filings/capitaliq/Investment and Market research/Bimbo_2014-10-27_Interacciones_3Q14-First-View-Canada-Bread-1/Bimbo_2014-10-27_Interacciones_3Q14-First-View-Canada-Bread-1.xls,ABC Nominal con Flujo de Efecti,125,Broker (Interacciones) spreadsheet dated 2014-10-23; duplicate file -2 is byte-identical
3Q13,,TRAILING TWELVE MONTHS / ULTIMOS DOCE MESES,free cash Flow,Flujo libre de efectivo,9136.445999999989,MXN millions (ratios/growth as decimals),MXN,filings/capitaliq/Investment and Market research/Bimbo_2014-10-27_Interacciones_3Q14-First-View-Canada-Bread-1/Bimbo_2014-10-27_Interacciones_3Q14-First-View-Canada-Bread-1.xls,ABC Nominal con Flujo de Efecti,125,Broker (Interacciones) spreadsheet dated 2014-10-23; duplicate file -2 is byte-identical
4Q13,,TRAILING TWELVE MONTHS / ULTIMOS DOCE MESES,free cash Flow,Flujo libre de efectivo,11523.706000000011,MXN millions (ratios/growth as decimals),MXN,filings/capitaliq/Investment and Market research/Bimbo_2014-10-27_Interacciones_3Q14-First-View-Canada-Bread-1/Bimbo_2014-10-27_Interacciones_3Q14-First-View-Canada-Bread-1.xls,ABC Nominal con Flujo de Efecti,125,Broker (Interacciones) spreadsheet dated 2014-10-23; duplicate file -2 is byte-identical
1Q14,,TRAILING TWELVE MONTHS / ULTIMOS DOCE MESES,free cash Flow,Flujo libre de efectivo,13583.723999999995,MXN millions (ratios/growth as decimals),MXN,filings/capitaliq/Investment and Market research/Bimbo_2014-10-27_Interacciones_3Q14-First-View-Canada-Bread-1/Bimbo_2014-10-27_Interacciones_3Q14-First-View-Canada-Bread-1.xls,ABC Nominal con Flujo de Efecti,125,Broker (Interacciones) spreadsheet dated 2014-10-23; duplicate file -2 is byte-identical
2Q14,,TRAILING TWELVE MONTHS / ULTIMOS DOCE MESES,free cash Flow,Flujo libre de efectivo,-6396.81800000001,MXN millions (ratios/growth as decimals),MXN,filings/capitaliq/Investment and Market research/Bimbo_2014-10-27_Interacciones_3Q14-First-View-Canada-Bread-1/Bimbo_2014-10-27_Interacciones_3Q14-First-View-Canada-Bread-1.xls,ABC Nominal con Flujo de Efecti,125,Broker (Interacciones) spreadsheet dated 2014-10-23; duplicate file -2 is byte-identical
3Q14,,TRAILING TWELVE MONTHS / ULTIMOS DOCE MESES,free cash Flow,Flujo libre de efectivo,-4108.521000000001,MXN millions (ratios/growth as decimals),MXN,filings/capitaliq/Investment and Market research/Bimbo_2014-10-27_Interacciones_3Q14-First-View-Canada-Bread-1/Bimbo_2014-10-27_Interacciones_3Q14-First-View-Canada-Bread-1.xls,ABC Nominal con Flujo de Efecti,125,Broker (Interacciones) spreadsheet dated 2014-10-23; duplicate file -2 is byte-identical
3Q12,,TRAILING TWELVE MONTHS / ULTIMOS DOCE MESES,Net Cash Flow,Flujo neto de efectivo,444.70599999998956,MXN millions (ratios/growth as decimals),MXN,filings/capitaliq/Investment and Market research/Bimbo_2014-10-27_Interacciones_3Q14-First-View-Canada-Bread-1/Bimbo_2014-10-27_Interacciones_3Q14-First-View-Canada-Bread-1.xls,ABC Nominal con Flujo de Efecti,126,Broker (Interacciones) spreadsheet dated 2014-10-23; duplicate file -2 is byte-identical
2Q13,,TRAILING TWELVE MONTHS / ULTIMOS DOCE MESES,Net Cash Flow,Flujo neto de efectivo,8953.896000000012,MXN millions (ratios/growth as decimals),MXN,filings/capitaliq/Investment and Market research/Bimbo_2014-10-27_Interacciones_3Q14-First-View-Canada-Bread-1/Bimbo_2014-10-27_Interacciones_3Q14-First-View-Canada-Bread-1.xls,ABC Nominal con Flujo de Efecti,126,Broker (Interacciones) spreadsheet dated 2014-10-23; duplicate file -2 is byte-identical
3Q13,,TRAILING TWELVE MONTHS / ULTIMOS DOCE MESES,Net Cash Flow,Flujo neto de efectivo,6863.8009999999895,MXN millions (ratios/growth as decimals),MXN,filings/capitaliq/Investment and Market research/Bimbo_2014-10-27_Interacciones_3Q14-First-View-Canada-Bread-1/Bimbo_2014-10-27_Interacciones_3Q14-First-View-Canada-Bread-1.xls,ABC Nominal con Flujo de Efecti,126,Broker (Interacciones) spreadsheet dated 2014-10-23; duplicate file -2 is byte-identical
4Q13,,TRAILING TWELVE MONTHS / ULTIMOS DOCE MESES,Net Cash Flow,Flujo neto de efectivo,11068.509000000013,MXN millions (ratios/growth as decimals),MXN,filings/capitaliq/Investment and Market research/Bimbo_2014-10-27_Interacciones_3Q14-First-View-Canada-Bread-1/Bimbo_2014-10-27_Interacciones_3Q14-First-View-Canada-Bread-1.xls,ABC Nominal con Flujo de Efecti,126,Broker (Interacciones) spreadsheet dated 2014-10-23; duplicate file -2 is byte-identical
1Q14,,TRAILING TWELVE MONTHS / ULTIMOS DOCE MESES,Net Cash Flow,Flujo neto de efectivo,13132.77,MXN millions (ratios/growth as decimals),MXN,filings/capitaliq/Investment and Market research/Bimbo_2014-10-27_Interacciones_3Q14-First-View-Canada-Bread-1/Bimbo_2014-10-27_Interacciones_3Q14-First-View-Canada-Bread-1.xls,ABC Nominal con Flujo de Efecti,126,Broker (Interacciones) spreadsheet dated 2014-10-23; duplicate file -2 is byte-identical
2Q14,,TRAILING TWELVE MONTHS / ULTIMOS DOCE MESES,Net Cash Flow,Flujo neto de efectivo,-7668.60700000001,MXN millions (ratios/growth as decimals),MXN,filings/capitaliq/Investment and Market research/Bimbo_2014-10-27_Interacciones_3Q14-First-View-Canada-Bread-1/Bimbo_2014-10-27_Interacciones_3Q14-First-View-Canada-Bread-1.xls,ABC Nominal con Flujo de Efecti,126,Broker (Interacciones) spreadsheet dated 2014-10-23; duplicate file -2 is byte-identical
3Q14,,TRAILING TWELVE MONTHS / ULTIMOS DOCE MESES,Net Cash Flow,Flujo neto de efectivo,-5651.1810000000005,MXN millions (ratios/growth as decimals),MXN,filings/capitaliq/Investment and Market research/Bimbo_2014-10-27_Interacciones_3Q14-First-View-Canada-Bread-1/Bimbo_2014-10-27_Interacciones_3Q14-First-View-Canada-Bread-1.xls,ABC Nominal con Flujo de Efecti,126,Broker (Interacciones) spreadsheet dated 2014-10-23; duplicate file -2 is byte-identical
3Q12,,TRAILING TWELVE MONTHS / ULTIMOS DOCE MESES,Net Profit,Utilidad (Pérdida) Neta,2550.01,MXN millions (ratios/growth as decimals),MXN,filings/capitaliq/Investment and Market research/Bimbo_2014-10-27_Interacciones_3Q14-First-View-Canada-Bread-1/Bimbo_2014-10-27_Interacciones_3Q14-First-View-Canada-Bread-1.xls,ABC Nominal con Flujo de Efecti,127,Broker (Interacciones) spreadsheet dated 2014-10-23; duplicate file -2 is byte-identical
2Q13,,TRAILING TWELVE MONTHS / ULTIMOS DOCE MESES,Net Profit,Utilidad (Pérdida) Neta,2050.825,MXN millions (ratios/growth as decimals),MXN,filings/capitaliq/Investment and Market research/Bimbo_2014-10-27_Interacciones_3Q14-First-View-Canada-Bread-1/Bimbo_2014-10-27_Interacciones_3Q14-First-View-Canada-Bread-1.xls,ABC Nominal con Flujo de Efecti,127,Broker (Interacciones) spreadsheet dated 2014-10-23; duplicate file -2 is byte-identical
3Q13,,TRAILING TWELVE MONTHS / ULTIMOS DOCE MESES,Net Profit,Utilidad (Pérdida) Neta,3280.332,MXN millions (ratios/growth as decimals),MXN,filings/capitaliq/Investment and Market research/Bimbo_2014-10-27_Interacciones_3Q14-First-View-Canada-Bread-1/Bimbo_2014-10-27_Interacciones_3Q14-First-View-Canada-Bread-1.xls,ABC Nominal con Flujo de Efecti,127,Broker (Interacciones) spreadsheet dated 2014-10-23; duplicate file -2 is byte-identical
4Q13,,TRAILING TWELVE MONTHS / ULTIMOS DOCE MESES,Net Profit,Utilidad (Pérdida) Neta,4380.098,MXN millions (ratios/growth as decimals),MXN,filings/capitaliq/Investment and Market research/Bimbo_2014-10-27_Interacciones_3Q14-First-View-Canada-Bread-1/Bimbo_2014-10-27_Interacciones_3Q14-First-View-Canada-Bread-1.xls,ABC Nominal con Flujo de Efecti,127,Broker (Interacciones) spreadsheet dated 2014-10-23; duplicate file -2 is byte-identical
1Q14,,TRAILING TWELVE MONTHS / ULTIMOS DOCE MESES,Net Profit,Utilidad (Pérdida) Neta,4323.974,MXN millions (ratios/growth as decimals),MXN,filings/capitaliq/Investment and Market research/Bimbo_2014-10-27_Interacciones_3Q14-First-View-Canada-Bread-1/Bimbo_2014-10-27_Interacciones_3Q14-First-View-Canada-Bread-1.xls,ABC Nominal con Flujo de Efecti,127,Broker (Interacciones) spreadsheet dated 2014-10-23; duplicate file -2 is byte-identical
2Q14,,TRAILING TWELVE MONTHS / ULTIMOS DOCE MESES,Net Profit,Utilidad (Pérdida) Neta,5003.854,MXN millions (ratios/growth as decimals),MXN,filings/capitaliq/Investment and Market research/Bimbo_2014-10-27_Interacciones_3Q14-First-View-Canada-Bread-1/Bimbo_2014-10-27_Interacciones_3Q14-First-View-Canada-Bread-1.xls,ABC Nominal con Flujo de Efecti,127,Broker (Interacciones) spreadsheet dated 2014-10-23; duplicate file -2 is byte-identical
3Q14,,TRAILING TWELVE MONTHS / ULTIMOS DOCE MESES,Net Profit,Utilidad (Pérdida) Neta,5323.354,MXN millions (ratios/growth as decimals),MXN,filings/capitaliq/Investment and Market research/Bimbo_2014-10-27_Interacciones_3Q14-First-View-Canada-Bread-1/Bimbo_2014-10-27_Interacciones_3Q14-First-View-Canada-Bread-1.xls,ABC Nominal con Flujo de Efecti,127,Broker (Interacciones) spreadsheet dated 2014-10-23; duplicate file -2 is byte-identical
3Q12,,TRAILING TWELVE MONTHS / ULTIMOS DOCE MESES,E.P.S.12M,U.P.A. 12 m.,0.5421861711175371,MXN millions (ratios/growth as decimals),MXN,filings/capitaliq/Investment and Market research/Bimbo_2014-10-27_Interacciones_3Q14-First-View-Canada-Bread-1/Bimbo_2014-10-27_Interacciones_3Q14-First-View-Canada-Bread-1.xls,ABC Nominal con Flujo de Efecti,128,Broker (Interacciones) spreadsheet dated 2014-10-23; duplicate file -2 is byte-identical
2Q13,,TRAILING TWELVE MONTHS / ULTIMOS DOCE MESES,E.P.S.12M,U.P.A. 12 m.,0.4360488603503997,MXN millions (ratios/growth as decimals),MXN,filings/capitaliq/Investment and Market research/Bimbo_2014-10-27_Interacciones_3Q14-First-View-Canada-Bread-1/Bimbo_2014-10-27_Interacciones_3Q14-First-View-Canada-Bread-1.xls,ABC Nominal con Flujo de Efecti,128,Broker (Interacciones) spreadsheet dated 2014-10-23; duplicate file -2 is byte-identical
3Q13,,TRAILING TWELVE MONTHS / ULTIMOS DOCE MESES,E.P.S.12M,U.P.A. 12 m.,0.6974681068208879,MXN millions (ratios/growth as decimals),MXN,filings/capitaliq/Investment and Market research/Bimbo_2014-10-27_Interacciones_3Q14-First-View-Canada-Bread-1/Bimbo_2014-10-27_Interacciones_3Q14-First-View-Canada-Bread-1.xls,ABC Nominal con Flujo de Efecti,128,Broker (Interacciones) spreadsheet dated 2014-10-23; duplicate file -2 is byte-identical
4Q13,,TRAILING TWELVE MONTHS / ULTIMOS DOCE MESES,E.P.S.12M,U.P.A. 12 m.,0.9313016669501616,MXN millions (ratios/growth as decimals),MXN,filings/capitaliq/Investment and Market research/Bimbo_2014-10-27_Interacciones_3Q14-First-View-Canada-Bread-1/Bimbo_2014-10-27_Interacciones_3Q14-First-View-Canada-Bread-1.xls,ABC Nominal con Flujo de Efecti,128,Broker (Interacciones) spreadsheet dated 2014-10-23; duplicate file -2 is byte-identical
1Q14,,TRAILING TWELVE MONTHS / ULTIMOS DOCE MESES,E.P.S.12M,U.P.A. 12 m.,0.9193685150535806,MXN millions (ratios/growth as decimals),MXN,filings/capitaliq/Investment and Market research/Bimbo_2014-10-27_Interacciones_3Q14-First-View-Canada-Bread-1/Bimbo_2014-10-27_Interacciones_3Q14-First-View-Canada-Bread-1.xls,ABC Nominal con Flujo de Efecti,128,Broker (Interacciones) spreadsheet dated 2014-10-23; duplicate file -2 is byte-identical
2Q14,,TRAILING TWELVE MONTHS / ULTIMOS DOCE MESES,E.P.S.12M,U.P.A. 12 m.,1.0639254124851165,MXN millions (ratios/growth as decimals),MXN,filings/capitaliq/Investment and Market research/Bimbo_2014-10-27_Interacciones_3Q14-First-View-Canada-Bread-1/Bimbo_2014-10-27_Interacciones_3Q14-First-View-Canada-Bread-1.xls,ABC Nominal con Flujo de Efecti,128,Broker (Interacciones) spreadsheet dated 2014-10-23; duplicate file -2 is byte-identical
3Q14,,TRAILING TWELVE MONTHS / ULTIMOS DOCE MESES,E.P.S.12M,U.P.A. 12 m.,1.1318578839938767,MXN millions (ratios/growth as decimals),MXN,filings/capitaliq/Investment and Market research/Bimbo_2014-10-27_Interacciones_3Q14-First-View-Canada-Bread-1/Bimbo_2014-10-27_Interacciones_3Q14-First-View-Canada-Bread-1.xls,ABC Nominal con Flujo de Efecti,128,Broker (Interacciones) spreadsheet dated 2014-10-23; duplicate file -2 is byte-identical
3Q12,,TRAILING TWELVE MONTHS / ULTIMOS DOCE MESES,FCPS 12m,FLEPA 12M,0.5075540057832943,MXN millions (ratios/growth as decimals),MXN,filings/capitaliq/Investment and Market research/Bimbo_2014-10-27_Interacciones_3Q14-First-View-Canada-Bread-1/Bimbo_2014-10-27_Interacciones_3Q14-First-View-Canada-Bread-1.xls,ABC Nominal con Flujo de Efecti,129,Broker (Interacciones) spreadsheet dated 2014-10-23; duplicate file -2 is byte-identical
2Q13,,TRAILING TWELVE MONTHS / ULTIMOS DOCE MESES,FCPS 12m,FLEPA 12M,2.35898643476782,MXN millions (ratios/growth as decimals),MXN,filings/capitaliq/Investment and Market research/Bimbo_2014-10-27_Interacciones_3Q14-First-View-Canada-Bread-1/Bimbo_2014-10-27_Interacciones_3Q14-First-View-Canada-Bread-1.xls,ABC Nominal con Flujo de Efecti,129,Broker (Interacciones) spreadsheet dated 2014-10-23; duplicate file -2 is byte-identical
3Q13,,TRAILING TWELVE MONTHS / ULTIMOS DOCE MESES,FCPS 12m,FLEPA 12M,1.9426020581731565,MXN millions (ratios/growth as decimals),MXN,filings/capitaliq/Investment and Market research/Bimbo_2014-10-27_Interacciones_3Q14-First-View-Canada-Bread-1/Bimbo_2014-10-27_Interacciones_3Q14-First-View-Canada-Bread-1.xls,ABC Nominal con Flujo de Efecti,129,Broker (Interacciones) spreadsheet dated 2014-10-23; duplicate file -2 is byte-identical
4Q13,,TRAILING TWELVE MONTHS / ULTIMOS DOCE MESES,FCPS 12m,FLEPA 12M,2.450184129954076,MXN millions (ratios/growth as decimals),MXN,filings/capitaliq/Investment and Market research/Bimbo_2014-10-27_Interacciones_3Q14-First-View-Canada-Bread-1/Bimbo_2014-10-27_Interacciones_3Q14-First-View-Canada-Bread-1.xls,ABC Nominal con Flujo de Efecti,129,Broker (Interacciones) spreadsheet dated 2014-10-23; duplicate file -2 is byte-identical
1Q14,,TRAILING TWELVE MONTHS / ULTIMOS DOCE MESES,FCPS 12m,FLEPA 12M,2.888187616941656,MXN millions (ratios/growth as decimals),MXN,filings/capitaliq/Investment and Market research/Bimbo_2014-10-27_Interacciones_3Q14-First-View-Canada-Bread-1/Bimbo_2014-10-27_Interacciones_3Q14-First-View-Canada-Bread-1.xls,ABC Nominal con Flujo de Efecti,129,Broker (Interacciones) spreadsheet dated 2014-10-23; duplicate file -2 is byte-identical
2Q14,,TRAILING TWELVE MONTHS / ULTIMOS DOCE MESES,FCPS 12m,FLEPA 12M,-1.3600990814764438,MXN millions (ratios/growth as decimals),MXN,filings/capitaliq/Investment and Market research/Bimbo_2014-10-27_Interacciones_3Q14-First-View-Canada-Bread-1/Bimbo_2014-10-27_Interacciones_3Q14-First-View-Canada-Bread-1.xls,ABC Nominal con Flujo de Efecti,129,Broker (Interacciones) spreadsheet dated 2014-10-23; duplicate file -2 is byte-identical
3Q14,,TRAILING TWELVE MONTHS / ULTIMOS DOCE MESES,FCPS 12m,FLEPA 12M,-0.8735586409253276,MXN millions (ratios/growth as decimals),MXN,filings/capitaliq/Investment and Market research/Bimbo_2014-10-27_Interacciones_3Q14-First-View-Canada-Bread-1/Bimbo_2014-10-27_Interacciones_3Q14-First-View-Canada-Bread-1.xls,ABC Nominal con Flujo de Efecti,129,Broker (Interacciones) spreadsheet dated 2014-10-23; duplicate file -2 is byte-identical
3Q14,,TRAILING TWELVE MONTHS / ULTIMOS DOCE MESES,Adj. Shares (Millions),Acc. Ajust. (Millones),4703.2,MXN millions (ratios/growth as decimals),MXN,filings/capitaliq/Investment and Market research/Bimbo_2014-10-27_Interacciones_3Q14-First-View-Canada-Bread-1/Bimbo_2014-10-27_Interacciones_3Q14-First-View-Canada-Bread-1.xls,ABC Nominal con Flujo de Efecti,130,Broker (Interacciones) spreadsheet dated 2014-10-23; duplicate file -2 is byte-identical
2014-10-23,2014-10-23,Market snapshot,Price,,40.12,MXN / multiple,MXN,filings/capitaliq/Investment and Market research/Bimbo_2014-10-27_Interacciones_3Q14-First-View-Canada-Bread-1/Bimbo_2014-10-27_Interacciones_3Q14-First-View-Canada-Bread-1.xls,ABC Nominal con Flujo de Efecti,4-6,As of 2014-10-23 15:48
2014-10-23,2014-10-23,Market snapshot,Price/BV,,3.8517555211897863,MXN / multiple,MXN,filings/capitaliq/Investment and Market research/Bimbo_2014-10-27_Interacciones_3Q14-First-View-Canada-Bread-1/Bimbo_2014-10-27_Interacciones_3Q14-First-View-Canada-Bread-1.xls,ABC Nominal con Flujo de Efecti,4-6,As of 2014-10-23 15:48
2014-10-23,2014-10-23,Market snapshot,Price/Earnings,,35.44614617025281,MXN / multiple,MXN,filings/capitaliq/Investment and Market research/Bimbo_2014-10-27_Interacciones_3Q14-First-View-Canada-Bread-1/Bimbo_2014-10-27_Interacciones_3Q14-First-View-Canada-Bread-1.xls,ABC Nominal con Flujo de Efecti,4-6,As of 2014-10-23 15:48
2014-10-23,2014-10-23,Market snapshot,EV/EBITDA,,14.113337845949005,MXN / multiple,MXN,filings/capitaliq/Investment and Market research/Bimbo_2014-10-27_Interacciones_3Q14-First-View-Canada-Bread-1/Bimbo_2014-10-27_Interacciones_3Q14-First-View-Canada-Bread-1.xls,ABC Nominal con Flujo de Efecti,4-6,As of 2014-10-23 15:48
2014-10-23,2014-10-23,Market snapshot,Price/FCPS,,NEG,MXN / multiple,MXN,filings/capitaliq/Investment and Market research/Bimbo_2014-10-27_Interacciones_3Q14-First-View-Canada-Bread-1/Bimbo_2014-10-27_Interacciones_3Q14-First-View-Canada-Bread-1.xls,ABC Nominal con Flujo de Efecti,4-6,As of 2014-10-23 15:48
