period,period_type,fiscal_year,fiscal_quarter,period_end,filing_date,section,metric,value,unit,magnitude,currency,basis,ciq_restatement_code,ciq_calc_code,restated_flag,download_date,source_file,sheet,excel_row
2017 FQ1,quarter,2017,Q1,2017-03-31,2018-04-26,Defined Benefit Net Periodic Cost (Mex$000),Def. Contribution Cost (Pension),495845,Pension,,MXN,Current/Restated,,,,19-Sep-2026,"Financials/Templated/Pension Details/SPGlobal_GrupoBimbo,S.A.B.deC.V._PensionDetails_19-Sep-2026.xlsx",Pension Details,20
2019 FQ1,quarter,2019,Q1,2019-03-31,2020-04-27,Defined Benefit Net Periodic Cost (Mex$000),Def. Contribution Cost (Pension),525901,Pension,,MXN,Current/Restated,,,,19-Sep-2026,"Financials/Templated/Pension Details/SPGlobal_GrupoBimbo,S.A.B.deC.V._PensionDetails_19-Sep-2026.xlsx",Pension Details,20
2020 FQ1,quarter,2020,Q1,2020-03-31,2021-04-29,Defined Benefit Net Periodic Cost (Mex$000),Def. Contribution Cost (Pension),602649,Pension,,MXN,Current/Restated,,,,19-Sep-2026,"Financials/Templated/Pension Details/SPGlobal_GrupoBimbo,S.A.B.deC.V._PensionDetails_19-Sep-2026.xlsx",Pension Details,20
2022 FQ1,quarter,2022,Q1,2022-03-31,2023-04-28,Defined Benefit Net Periodic Cost (Mex$000),Def. Contribution Cost (Pension),649385,Pension,,MXN,Current/Restated,,,,19-Sep-2026,"Financials/Templated/Pension Details/SPGlobal_GrupoBimbo,S.A.B.deC.V._PensionDetails_19-Sep-2026.xlsx",Pension Details,20
2023 FQ1,quarter,2023,Q1,2023-03-31,2024-04-22,Defined Benefit Net Periodic Cost (Mex$000),Def. Contribution Cost (Pension),635237,Pension,,MXN,Current/Restated,,,,19-Sep-2026,"Financials/Templated/Pension Details/SPGlobal_GrupoBimbo,S.A.B.deC.V._PensionDetails_19-Sep-2026.xlsx",Pension Details,20
2024 FQ1,quarter,2024,Q1,2024-03-31,2025-04-29,Defined Benefit Net Periodic Cost (Mex$000),Def. Contribution Cost (Pension),594621,Pension,,MXN,Current/Restated,,,,19-Sep-2026,"Financials/Templated/Pension Details/SPGlobal_GrupoBimbo,S.A.B.deC.V._PensionDetails_19-Sep-2026.xlsx",Pension Details,20
2025 FQ1,quarter,2025,Q1,2025-03-31,2026-04-30,Defined Benefit Net Periodic Cost (Mex$000),Def. Contribution Cost (Pension),742047,Pension,,MXN,Current/Restated,,,,19-Sep-2026,"Financials/Templated/Pension Details/SPGlobal_GrupoBimbo,S.A.B.deC.V._PensionDetails_19-Sep-2026.xlsx",Pension Details,20
2017 FQ1,quarter,2017,Q1,2017-03-31,2018-04-26,Defined Benefit Net Periodic Cost (Mex$000),Total Pension Expense,495845,Mex$000,thousands,MXN,Current/Restated,,,,19-Sep-2026,"Financials/Templated/Pension Details/SPGlobal_GrupoBimbo,S.A.B.deC.V._PensionDetails_19-Sep-2026.xlsx",Pension Details,21
2019 FQ1,quarter,2019,Q1,2019-03-31,2020-04-27,Defined Benefit Net Periodic Cost (Mex$000),Total Pension Expense,525901,Mex$000,thousands,MXN,Current/Restated,,,,19-Sep-2026,"Financials/Templated/Pension Details/SPGlobal_GrupoBimbo,S.A.B.deC.V._PensionDetails_19-Sep-2026.xlsx",Pension Details,21
2020 FQ1,quarter,2020,Q1,2020-03-31,2021-04-29,Defined Benefit Net Periodic Cost (Mex$000),Total Pension Expense,602649,Mex$000,thousands,MXN,Current/Restated,,,,19-Sep-2026,"Financials/Templated/Pension Details/SPGlobal_GrupoBimbo,S.A.B.deC.V._PensionDetails_19-Sep-2026.xlsx",Pension Details,21
2022 FQ1,quarter,2022,Q1,2022-03-31,2023-04-28,Defined Benefit Net Periodic Cost (Mex$000),Total Pension Expense,649385,Mex$000,thousands,MXN,Current/Restated,,,,19-Sep-2026,"Financials/Templated/Pension Details/SPGlobal_GrupoBimbo,S.A.B.deC.V._PensionDetails_19-Sep-2026.xlsx",Pension Details,21
2023 FQ1,quarter,2023,Q1,2023-03-31,2024-04-22,Defined Benefit Net Periodic Cost (Mex$000),Total Pension Expense,635237,Mex$000,thousands,MXN,Current/Restated,,,,19-Sep-2026,"Financials/Templated/Pension Details/SPGlobal_GrupoBimbo,S.A.B.deC.V._PensionDetails_19-Sep-2026.xlsx",Pension Details,21
2024 FQ1,quarter,2024,Q1,2024-03-31,2025-04-29,Defined Benefit Net Periodic Cost (Mex$000),Total Pension Expense,594621,Mex$000,thousands,MXN,Current/Restated,,,,19-Sep-2026,"Financials/Templated/Pension Details/SPGlobal_GrupoBimbo,S.A.B.deC.V._PensionDetails_19-Sep-2026.xlsx",Pension Details,21
2025 FQ1,quarter,2025,Q1,2025-03-31,2026-04-30,Defined Benefit Net Periodic Cost (Mex$000),Total Pension Expense,742047,Mex$000,thousands,MXN,Current/Restated,,,,19-Sep-2026,"Financials/Templated/Pension Details/SPGlobal_GrupoBimbo,S.A.B.deC.V._PensionDetails_19-Sep-2026.xlsx",Pension Details,21
2009 FQ4,quarter,2009,Q4,2009-12-31,2011-03-17,Defined Benefit Obligation (Mex$000),Beg. Def. Benefit Obligation (Pension),7317000,Pension,,MXN,Current/Restated,,,,19-Sep-2026,"Financials/Templated/Pension Details/SPGlobal_GrupoBimbo,S.A.B.deC.V._PensionDetails_19-Sep-2026.xlsx",Pension Details,24
2010 FQ4,quarter,2010,Q4,2010-12-31,2012-04-27,Defined Benefit Obligation (Mex$000),Beg. Def. Benefit Obligation (Pension),13032000,Pension,,MXN,Current/Restated,,,,19-Sep-2026,"Financials/Templated/Pension Details/SPGlobal_GrupoBimbo,S.A.B.deC.V._PensionDetails_19-Sep-2026.xlsx",Pension Details,24
2011 FQ4,quarter,2011,Q4,2011-12-31,2013-04-29,Defined Benefit Obligation (Mex$000),Beg. Def. Benefit Obligation (Pension),13587000,Pension,,MXN,Current/Restated,,,,19-Sep-2026,"Financials/Templated/Pension Details/SPGlobal_GrupoBimbo,S.A.B.deC.V._PensionDetails_19-Sep-2026.xlsx",Pension Details,24
2012 FQ4,quarter,2012,Q4,2012-12-31,2014-03-28,Defined Benefit Obligation (Mex$000),Beg. Def. Benefit Obligation (Pension),23108000,Pension,,MXN,Current/Restated,,,,19-Sep-2026,"Financials/Templated/Pension Details/SPGlobal_GrupoBimbo,S.A.B.deC.V._PensionDetails_19-Sep-2026.xlsx",Pension Details,24
2014 FQ4,quarter,2014,Q4,2014-12-31,2016-03-30,Defined Benefit Obligation (Mex$000),Beg. Def. Benefit Obligation (Pension),22425000,Pension,,MXN,Current/Restated,,,,19-Sep-2026,"Financials/Templated/Pension Details/SPGlobal_GrupoBimbo,S.A.B.deC.V._PensionDetails_19-Sep-2026.xlsx",Pension Details,24
2015 FQ4,quarter,2015,Q4,2015-12-31,2017-05-09,Defined Benefit Obligation (Mex$000),Beg. Def. Benefit Obligation (Pension),30086000,Pension,,MXN,Current/Restated,,,,19-Sep-2026,"Financials/Templated/Pension Details/SPGlobal_GrupoBimbo,S.A.B.deC.V._PensionDetails_19-Sep-2026.xlsx",Pension Details,24
2016 FQ4,quarter,2016,Q4,2016-12-31,2018-05-02,Defined Benefit Obligation (Mex$000),Beg. Def. Benefit Obligation (Pension),32253000,Pension,,MXN,Current/Restated,,,,19-Sep-2026,"Financials/Templated/Pension Details/SPGlobal_GrupoBimbo,S.A.B.deC.V._PensionDetails_19-Sep-2026.xlsx",Pension Details,24
2017 FQ4,quarter,2017,Q4,2017-12-31,2019-05-31,Defined Benefit Obligation (Mex$000),Beg. Def. Benefit Obligation (Pension),35784000,Pension,,MXN,Current/Restated,,,,19-Sep-2026,"Financials/Templated/Pension Details/SPGlobal_GrupoBimbo,S.A.B.deC.V._PensionDetails_19-Sep-2026.xlsx",Pension Details,24
2018 FQ4,quarter,2018,Q4,2018-12-31,2020-04-29,Defined Benefit Obligation (Mex$000),Beg. Def. Benefit Obligation (Pension),34995000,Pension,,MXN,Current/Restated,,,,19-Sep-2026,"Financials/Templated/Pension Details/SPGlobal_GrupoBimbo,S.A.B.deC.V._PensionDetails_19-Sep-2026.xlsx",Pension Details,24
2019 FQ4,quarter,2019,Q4,2019-12-31,2021-04-13,Defined Benefit Obligation (Mex$000),Beg. Def. Benefit Obligation (Pension),30378000,Pension,,MXN,Current/Restated,,,,19-Sep-2026,"Financials/Templated/Pension Details/SPGlobal_GrupoBimbo,S.A.B.deC.V._PensionDetails_19-Sep-2026.xlsx",Pension Details,24
2020 FQ4,quarter,2020,Q4,2020-12-31,2022-04-04,Defined Benefit Obligation (Mex$000),Beg. Def. Benefit Obligation (Pension),37839000,Pension,,MXN,Current/Restated,,,,19-Sep-2026,"Financials/Templated/Pension Details/SPGlobal_GrupoBimbo,S.A.B.deC.V._PensionDetails_19-Sep-2026.xlsx",Pension Details,24
2021 FQ4,quarter,2021,Q4,2021-12-31,2023-04-28,Defined Benefit Obligation (Mex$000),Beg. Def. Benefit Obligation (Pension),42386000,Pension,,MXN,Current/Restated,,,,19-Sep-2026,"Financials/Templated/Pension Details/SPGlobal_GrupoBimbo,S.A.B.deC.V._PensionDetails_19-Sep-2026.xlsx",Pension Details,24
2022 FQ4,quarter,2022,Q4,2022-12-31,2024-04-30,Defined Benefit Obligation (Mex$000),Beg. Def. Benefit Obligation (Pension),41401000,Pension,,MXN,Current/Restated,,,,19-Sep-2026,"Financials/Templated/Pension Details/SPGlobal_GrupoBimbo,S.A.B.deC.V._PensionDetails_19-Sep-2026.xlsx",Pension Details,24
2023 FQ4,quarter,2023,Q4,2023-12-31,2025-04-30,Defined Benefit Obligation (Mex$000),Beg. Def. Benefit Obligation (Pension),27465000,Pension,,MXN,Current/Restated,,,,19-Sep-2026,"Financials/Templated/Pension Details/SPGlobal_GrupoBimbo,S.A.B.deC.V._PensionDetails_19-Sep-2026.xlsx",Pension Details,24
2024 FQ4,quarter,2024,Q4,2024-12-31,2026-05-01,Defined Benefit Obligation (Mex$000),Beg. Def. Benefit Obligation (Pension),27163000,Pension,,MXN,Current/Restated,,,,19-Sep-2026,"Financials/Templated/Pension Details/SPGlobal_GrupoBimbo,S.A.B.deC.V._PensionDetails_19-Sep-2026.xlsx",Pension Details,24
2025 FQ4,quarter,2025,Q4,2025-12-31,2026-05-01,Defined Benefit Obligation (Mex$000),Beg. Def. Benefit Obligation (Pension),28382000,Pension,,MXN,Current/Restated,,,,19-Sep-2026,"Financials/Templated/Pension Details/SPGlobal_GrupoBimbo,S.A.B.deC.V._PensionDetails_19-Sep-2026.xlsx",Pension Details,24
2009 FQ4,quarter,2009,Q4,2009-12-31,2011-03-17,Defined Benefit Obligation (Mex$000),Def. Benefit Service Cost (Pension),468000,Pension,,MXN,Current/Restated,,,,19-Sep-2026,"Financials/Templated/Pension Details/SPGlobal_GrupoBimbo,S.A.B.deC.V._PensionDetails_19-Sep-2026.xlsx",Pension Details,25
2010 FQ4,quarter,2010,Q4,2010-12-31,2012-04-27,Defined Benefit Obligation (Mex$000),Def. Benefit Service Cost (Pension),478000,Pension,,MXN,Current/Restated,,,,19-Sep-2026,"Financials/Templated/Pension Details/SPGlobal_GrupoBimbo,S.A.B.deC.V._PensionDetails_19-Sep-2026.xlsx",Pension Details,25
2011 FQ4,quarter,2011,Q4,2011-12-31,2013-04-29,Defined Benefit Obligation (Mex$000),Def. Benefit Service Cost (Pension),495000,Pension,,MXN,Current/Restated,,,,19-Sep-2026,"Financials/Templated/Pension Details/SPGlobal_GrupoBimbo,S.A.B.deC.V._PensionDetails_19-Sep-2026.xlsx",Pension Details,25
2012 FQ4,quarter,2012,Q4,2012-12-31,2014-03-28,Defined Benefit Obligation (Mex$000),Def. Benefit Service Cost (Pension),640000,Pension,,MXN,Current/Restated,,,,19-Sep-2026,"Financials/Templated/Pension Details/SPGlobal_GrupoBimbo,S.A.B.deC.V._PensionDetails_19-Sep-2026.xlsx",Pension Details,25
2014 FQ4,quarter,2014,Q4,2014-12-31,2016-03-30,Defined Benefit Obligation (Mex$000),Def. Benefit Service Cost (Pension),523000,Pension,,MXN,Current/Restated,,,,19-Sep-2026,"Financials/Templated/Pension Details/SPGlobal_GrupoBimbo,S.A.B.deC.V._PensionDetails_19-Sep-2026.xlsx",Pension Details,25
2015 FQ4,quarter,2015,Q4,2015-12-31,2017-05-09,Defined Benefit Obligation (Mex$000),Def. Benefit Service Cost (Pension),757000,Pension,,MXN,Current/Restated,,,,19-Sep-2026,"Financials/Templated/Pension Details/SPGlobal_GrupoBimbo,S.A.B.deC.V._PensionDetails_19-Sep-2026.xlsx",Pension Details,25
2016 FQ4,quarter,2016,Q4,2016-12-31,2018-05-02,Defined Benefit Obligation (Mex$000),Def. Benefit Service Cost (Pension),706000,Pension,,MXN,Current/Restated,,,,19-Sep-2026,"Financials/Templated/Pension Details/SPGlobal_GrupoBimbo,S.A.B.deC.V._PensionDetails_19-Sep-2026.xlsx",Pension Details,25
2017 FQ4,quarter,2017,Q4,2017-12-31,2019-05-31,Defined Benefit Obligation (Mex$000),Def. Benefit Service Cost (Pension),826000,Pension,,MXN,Current/Restated,,,,19-Sep-2026,"Financials/Templated/Pension Details/SPGlobal_GrupoBimbo,S.A.B.deC.V._PensionDetails_19-Sep-2026.xlsx",Pension Details,25
2018 FQ4,quarter,2018,Q4,2018-12-31,2020-04-29,Defined Benefit Obligation (Mex$000),Def. Benefit Service Cost (Pension),986000,Pension,,MXN,Current/Restated,,,,19-Sep-2026,"Financials/Templated/Pension Details/SPGlobal_GrupoBimbo,S.A.B.deC.V._PensionDetails_19-Sep-2026.xlsx",Pension Details,25
2019 FQ4,quarter,2019,Q4,2019-12-31,2021-04-13,Defined Benefit Obligation (Mex$000),Def. Benefit Service Cost (Pension),717000,Pension,,MXN,Current/Restated,,,,19-Sep-2026,"Financials/Templated/Pension Details/SPGlobal_GrupoBimbo,S.A.B.deC.V._PensionDetails_19-Sep-2026.xlsx",Pension Details,25
2020 FQ4,quarter,2020,Q4,2020-12-31,2022-04-04,Defined Benefit Obligation (Mex$000),Def. Benefit Service Cost (Pension),991000,Pension,,MXN,Current/Restated,,,,19-Sep-2026,"Financials/Templated/Pension Details/SPGlobal_GrupoBimbo,S.A.B.deC.V._PensionDetails_19-Sep-2026.xlsx",Pension Details,25
2021 FQ4,quarter,2021,Q4,2021-12-31,2023-04-28,Defined Benefit Obligation (Mex$000),Def. Benefit Service Cost (Pension),1128000,Pension,,MXN,Current/Restated,,,,19-Sep-2026,"Financials/Templated/Pension Details/SPGlobal_GrupoBimbo,S.A.B.deC.V._PensionDetails_19-Sep-2026.xlsx",Pension Details,25
2022 FQ4,quarter,2022,Q4,2022-12-31,2024-04-30,Defined Benefit Obligation (Mex$000),Def. Benefit Service Cost (Pension),1013000,Pension,,MXN,Current/Restated,,,,19-Sep-2026,"Financials/Templated/Pension Details/SPGlobal_GrupoBimbo,S.A.B.deC.V._PensionDetails_19-Sep-2026.xlsx",Pension Details,25
2023 FQ4,quarter,2023,Q4,2023-12-31,2025-04-30,Defined Benefit Obligation (Mex$000),Def. Benefit Service Cost (Pension),837000,Pension,,MXN,Current/Restated,,,,19-Sep-2026,"Financials/Templated/Pension Details/SPGlobal_GrupoBimbo,S.A.B.deC.V._PensionDetails_19-Sep-2026.xlsx",Pension Details,25
2024 FQ4,quarter,2024,Q4,2024-12-31,2026-05-01,Defined Benefit Obligation (Mex$000),Def. Benefit Service Cost (Pension),942000,Pension,,MXN,Current/Restated,,,,19-Sep-2026,"Financials/Templated/Pension Details/SPGlobal_GrupoBimbo,S.A.B.deC.V._PensionDetails_19-Sep-2026.xlsx",Pension Details,25
2025 FQ4,quarter,2025,Q4,2025-12-31,2026-05-01,Defined Benefit Obligation (Mex$000),Def. Benefit Service Cost (Pension),909000,Pension,,MXN,Current/Restated,,,,19-Sep-2026,"Financials/Templated/Pension Details/SPGlobal_GrupoBimbo,S.A.B.deC.V._PensionDetails_19-Sep-2026.xlsx",Pension Details,25
2009 FQ4,quarter,2009,Q4,2009-12-31,2011-03-17,Defined Benefit Obligation (Mex$000),Def. Benefit Interest Cost (Pension),811000,Pension,,MXN,Current/Restated,,,,19-Sep-2026,"Financials/Templated/Pension Details/SPGlobal_GrupoBimbo,S.A.B.deC.V._PensionDetails_19-Sep-2026.xlsx",Pension Details,26
2010 FQ4,quarter,2010,Q4,2010-12-31,2012-04-27,Defined Benefit Obligation (Mex$000),Def. Benefit Interest Cost (Pension),835000,Pension,,MXN,Current/Restated,,,,19-Sep-2026,"Financials/Templated/Pension Details/SPGlobal_GrupoBimbo,S.A.B.deC.V._PensionDetails_19-Sep-2026.xlsx",Pension Details,26
2011 FQ4,quarter,2011,Q4,2011-12-31,2013-04-29,Defined Benefit Obligation (Mex$000),Def. Benefit Interest Cost (Pension),938000,Pension,,MXN,Current/Restated,,,,19-Sep-2026,"Financials/Templated/Pension Details/SPGlobal_GrupoBimbo,S.A.B.deC.V._PensionDetails_19-Sep-2026.xlsx",Pension Details,26
2012 FQ4,quarter,2012,Q4,2012-12-31,2014-03-28,Defined Benefit Obligation (Mex$000),Def. Benefit Interest Cost (Pension),1184000,Pension,,MXN,Current/Restated,,,,19-Sep-2026,"Financials/Templated/Pension Details/SPGlobal_GrupoBimbo,S.A.B.deC.V._PensionDetails_19-Sep-2026.xlsx",Pension Details,26
2014 FQ4,quarter,2014,Q4,2014-12-31,2016-03-30,Defined Benefit Obligation (Mex$000),Def. Benefit Interest Cost (Pension),1378000,Pension,,MXN,Current/Restated,,,,19-Sep-2026,"Financials/Templated/Pension Details/SPGlobal_GrupoBimbo,S.A.B.deC.V._PensionDetails_19-Sep-2026.xlsx",Pension Details,26
2015 FQ4,quarter,2015,Q4,2015-12-31,2017-05-09,Defined Benefit Obligation (Mex$000),Def. Benefit Interest Cost (Pension),1565000,Pension,,MXN,Current/Restated,,,,19-Sep-2026,"Financials/Templated/Pension Details/SPGlobal_GrupoBimbo,S.A.B.deC.V._PensionDetails_19-Sep-2026.xlsx",Pension Details,26
2016 FQ4,quarter,2016,Q4,2016-12-31,2018-05-02,Defined Benefit Obligation (Mex$000),Def. Benefit Interest Cost (Pension),1775000,Pension,,MXN,Current/Restated,,,,19-Sep-2026,"Financials/Templated/Pension Details/SPGlobal_GrupoBimbo,S.A.B.deC.V._PensionDetails_19-Sep-2026.xlsx",Pension Details,26
2017 FQ4,quarter,2017,Q4,2017-12-31,2019-05-31,Defined Benefit Obligation (Mex$000),Def. Benefit Interest Cost (Pension),1720000,Pension,,MXN,Current/Restated,,,,19-Sep-2026,"Financials/Templated/Pension Details/SPGlobal_GrupoBimbo,S.A.B.deC.V._PensionDetails_19-Sep-2026.xlsx",Pension Details,26
2018 FQ4,quarter,2018,Q4,2018-12-31,2020-04-29,Defined Benefit Obligation (Mex$000),Def. Benefit Interest Cost (Pension),1656000,Pension,,MXN,Current/Restated,,,,19-Sep-2026,"Financials/Templated/Pension Details/SPGlobal_GrupoBimbo,S.A.B.deC.V._PensionDetails_19-Sep-2026.xlsx",Pension Details,26
2019 FQ4,quarter,2019,Q4,2019-12-31,2021-04-13,Defined Benefit Obligation (Mex$000),Def. Benefit Interest Cost (Pension),1618000,Pension,,MXN,Current/Restated,,,,19-Sep-2026,"Financials/Templated/Pension Details/SPGlobal_GrupoBimbo,S.A.B.deC.V._PensionDetails_19-Sep-2026.xlsx",Pension Details,26
2020 FQ4,quarter,2020,Q4,2020-12-31,2022-04-04,Defined Benefit Obligation (Mex$000),Def. Benefit Interest Cost (Pension),1851000,Pension,,MXN,Current/Restated,,,,19-Sep-2026,"Financials/Templated/Pension Details/SPGlobal_GrupoBimbo,S.A.B.deC.V._PensionDetails_19-Sep-2026.xlsx",Pension Details,26
2021 FQ4,quarter,2021,Q4,2021-12-31,2023-04-28,Defined Benefit Obligation (Mex$000),Def. Benefit Interest Cost (Pension),1745000,Pension,,MXN,Current/Restated,,,,19-Sep-2026,"Financials/Templated/Pension Details/SPGlobal_GrupoBimbo,S.A.B.deC.V._PensionDetails_19-Sep-2026.xlsx",Pension Details,26
2022 FQ4,quarter,2022,Q4,2022-12-31,2024-04-30,Defined Benefit Obligation (Mex$000),Def. Benefit Interest Cost (Pension),1867000,Pension,,MXN,Current/Restated,,,,19-Sep-2026,"Financials/Templated/Pension Details/SPGlobal_GrupoBimbo,S.A.B.deC.V._PensionDetails_19-Sep-2026.xlsx",Pension Details,26
2023 FQ4,quarter,2023,Q4,2023-12-31,2025-04-30,Defined Benefit Obligation (Mex$000),Def. Benefit Interest Cost (Pension),1821000,Pension,,MXN,Current/Restated,,,,19-Sep-2026,"Financials/Templated/Pension Details/SPGlobal_GrupoBimbo,S.A.B.deC.V._PensionDetails_19-Sep-2026.xlsx",Pension Details,26
2024 FQ4,quarter,2024,Q4,2024-12-31,2026-05-01,Defined Benefit Obligation (Mex$000),Def. Benefit Interest Cost (Pension),2073000,Pension,,MXN,Current/Restated,,,,19-Sep-2026,"Financials/Templated/Pension Details/SPGlobal_GrupoBimbo,S.A.B.deC.V._PensionDetails_19-Sep-2026.xlsx",Pension Details,26
2025 FQ4,quarter,2025,Q4,2025-12-31,2026-05-01,Defined Benefit Obligation (Mex$000),Def. Benefit Interest Cost (Pension),2140000,Pension,,MXN,Current/Restated,,,,19-Sep-2026,"Financials/Templated/Pension Details/SPGlobal_GrupoBimbo,S.A.B.deC.V._PensionDetails_19-Sep-2026.xlsx",Pension Details,26
2009 FQ4,quarter,2009,Q4,2009-12-31,2011-03-17,Defined Benefit Obligation (Mex$000),Def. Benefit Actuarial Gain (Pension),-157000,Pension,,MXN,Current/Restated,,,,19-Sep-2026,"Financials/Templated/Pension Details/SPGlobal_GrupoBimbo,S.A.B.deC.V._PensionDetails_19-Sep-2026.xlsx",Pension Details,27
2010 FQ4,quarter,2010,Q4,2010-12-31,2012-04-27,Defined Benefit Obligation (Mex$000),Def. Benefit Actuarial Gain (Pension),398000,Pension,,MXN,Current/Restated,,,,19-Sep-2026,"Financials/Templated/Pension Details/SPGlobal_GrupoBimbo,S.A.B.deC.V._PensionDetails_19-Sep-2026.xlsx",Pension Details,27
2011 FQ4,quarter,2011,Q4,2011-12-31,2013-04-29,Defined Benefit Obligation (Mex$000),Def. Benefit Actuarial Gain (Pension),368000,Pension,,MXN,Current/Restated,,,,19-Sep-2026,"Financials/Templated/Pension Details/SPGlobal_GrupoBimbo,S.A.B.deC.V._PensionDetails_19-Sep-2026.xlsx",Pension Details,27
2012 FQ4,quarter,2012,Q4,2012-12-31,2014-03-28,Defined Benefit Obligation (Mex$000),Def. Benefit Actuarial Gain (Pension),1867000,Pension,,MXN,Current/Restated,,,,19-Sep-2026,"Financials/Templated/Pension Details/SPGlobal_GrupoBimbo,S.A.B.deC.V._PensionDetails_19-Sep-2026.xlsx",Pension Details,27
2014 FQ4,quarter,2014,Q4,2014-12-31,2016-03-30,Defined Benefit Obligation (Mex$000),Def. Benefit Actuarial Gain (Pension),2908000,Pension,,MXN,Current/Restated,,,,19-Sep-2026,"Financials/Templated/Pension Details/SPGlobal_GrupoBimbo,S.A.B.deC.V._PensionDetails_19-Sep-2026.xlsx",Pension Details,27
2015 FQ4,quarter,2015,Q4,2015-12-31,2017-05-09,Defined Benefit Obligation (Mex$000),Def. Benefit Actuarial Gain (Pension),-2427000,Pension,,MXN,Current/Restated,,,,19-Sep-2026,"Financials/Templated/Pension Details/SPGlobal_GrupoBimbo,S.A.B.deC.V._PensionDetails_19-Sep-2026.xlsx",Pension Details,27
2016 FQ4,quarter,2016,Q4,2016-12-31,2018-05-02,Defined Benefit Obligation (Mex$000),Def. Benefit Actuarial Gain (Pension),1404000,Pension,,MXN,Current/Restated,,,,19-Sep-2026,"Financials/Templated/Pension Details/SPGlobal_GrupoBimbo,S.A.B.deC.V._PensionDetails_19-Sep-2026.xlsx",Pension Details,27
2017 FQ4,quarter,2017,Q4,2017-12-31,2019-05-31,Defined Benefit Obligation (Mex$000),Def. Benefit Actuarial Gain (Pension),955000,Pension,,MXN,Current/Restated,,,,19-Sep-2026,"Financials/Templated/Pension Details/SPGlobal_GrupoBimbo,S.A.B.deC.V._PensionDetails_19-Sep-2026.xlsx",Pension Details,27
2018 FQ4,quarter,2018,Q4,2018-12-31,2020-04-29,Defined Benefit Obligation (Mex$000),Def. Benefit Actuarial Gain (Pension),-5809000,Pension,,MXN,Current/Restated,,,,19-Sep-2026,"Financials/Templated/Pension Details/SPGlobal_GrupoBimbo,S.A.B.deC.V._PensionDetails_19-Sep-2026.xlsx",Pension Details,27
2019 FQ4,quarter,2019,Q4,2019-12-31,2021-04-13,Defined Benefit Obligation (Mex$000),Def. Benefit Actuarial Gain (Pension),7709000,Pension,,MXN,Current/Restated,,,,19-Sep-2026,"Financials/Templated/Pension Details/SPGlobal_GrupoBimbo,S.A.B.deC.V._PensionDetails_19-Sep-2026.xlsx",Pension Details,27
2020 FQ4,quarter,2020,Q4,2020-12-31,2022-04-04,Defined Benefit Obligation (Mex$000),Def. Benefit Actuarial Gain (Pension),3515000,Pension,,MXN,Current/Restated,,,,19-Sep-2026,"Financials/Templated/Pension Details/SPGlobal_GrupoBimbo,S.A.B.deC.V._PensionDetails_19-Sep-2026.xlsx",Pension Details,27
2021 FQ4,quarter,2021,Q4,2021-12-31,2023-04-28,Defined Benefit Obligation (Mex$000),Def. Benefit Actuarial Gain (Pension),-2536000,Pension,,MXN,Current/Restated,,,,19-Sep-2026,"Financials/Templated/Pension Details/SPGlobal_GrupoBimbo,S.A.B.deC.V._PensionDetails_19-Sep-2026.xlsx",Pension Details,27
2022 FQ4,quarter,2022,Q4,2022-12-31,2024-04-30,Defined Benefit Obligation (Mex$000),Def. Benefit Actuarial Gain (Pension),-8382000,Pension,,MXN,Current/Restated,,,,19-Sep-2026,"Financials/Templated/Pension Details/SPGlobal_GrupoBimbo,S.A.B.deC.V._PensionDetails_19-Sep-2026.xlsx",Pension Details,27
2023 FQ4,quarter,2023,Q4,2023-12-31,2025-04-30,Defined Benefit Obligation (Mex$000),Def. Benefit Actuarial Gain (Pension),529000,Pension,,MXN,Current/Restated,,,,19-Sep-2026,"Financials/Templated/Pension Details/SPGlobal_GrupoBimbo,S.A.B.deC.V._PensionDetails_19-Sep-2026.xlsx",Pension Details,27
2024 FQ4,quarter,2024,Q4,2024-12-31,2026-05-01,Defined Benefit Obligation (Mex$000),Def. Benefit Actuarial Gain (Pension),-1835000,Pension,,MXN,Current/Restated,,,,19-Sep-2026,"Financials/Templated/Pension Details/SPGlobal_GrupoBimbo,S.A.B.deC.V._PensionDetails_19-Sep-2026.xlsx",Pension Details,27
2025 FQ4,quarter,2025,Q4,2025-12-31,2026-05-01,Defined Benefit Obligation (Mex$000),Def. Benefit Actuarial Gain (Pension),1326000,Pension,,MXN,Current/Restated,,,,19-Sep-2026,"Financials/Templated/Pension Details/SPGlobal_GrupoBimbo,S.A.B.deC.V._PensionDetails_19-Sep-2026.xlsx",Pension Details,27
2009 FQ4,quarter,2009,Q4,2009-12-31,2011-03-17,Defined Benefit Obligation (Mex$000),Def. Benefits Paid (Pension),-588000,Pension,,MXN,Current/Restated,,,,19-Sep-2026,"Financials/Templated/Pension Details/SPGlobal_GrupoBimbo,S.A.B.deC.V._PensionDetails_19-Sep-2026.xlsx",Pension Details,28
2010 FQ4,quarter,2010,Q4,2010-12-31,2012-04-27,Defined Benefit Obligation (Mex$000),Def. Benefits Paid (Pension),-633000,Pension,,MXN,Current/Restated,,,,19-Sep-2026,"Financials/Templated/Pension Details/SPGlobal_GrupoBimbo,S.A.B.deC.V._PensionDetails_19-Sep-2026.xlsx",Pension Details,28
2011 FQ4,quarter,2011,Q4,2011-12-31,2013-04-29,Defined Benefit Obligation (Mex$000),Def. Benefits Paid (Pension),-753000,Pension,,MXN,Current/Restated,,,,19-Sep-2026,"Financials/Templated/Pension Details/SPGlobal_GrupoBimbo,S.A.B.deC.V._PensionDetails_19-Sep-2026.xlsx",Pension Details,28
2012 FQ4,quarter,2012,Q4,2012-12-31,2014-03-28,Defined Benefit Obligation (Mex$000),Def. Benefits Paid (Pension),-983000,Pension,,MXN,Current/Restated,,,,19-Sep-2026,"Financials/Templated/Pension Details/SPGlobal_GrupoBimbo,S.A.B.deC.V._PensionDetails_19-Sep-2026.xlsx",Pension Details,28
2014 FQ4,quarter,2014,Q4,2014-12-31,2016-03-30,Defined Benefit Obligation (Mex$000),Def. Benefits Paid (Pension),-1235000,Pension,,MXN,Current/Restated,,,,19-Sep-2026,"Financials/Templated/Pension Details/SPGlobal_GrupoBimbo,S.A.B.deC.V._PensionDetails_19-Sep-2026.xlsx",Pension Details,28
2015 FQ4,quarter,2015,Q4,2015-12-31,2017-05-09,Defined Benefit Obligation (Mex$000),Def. Benefits Paid (Pension),-3950000,Pension,,MXN,Current/Restated,,,,19-Sep-2026,"Financials/Templated/Pension Details/SPGlobal_GrupoBimbo,S.A.B.deC.V._PensionDetails_19-Sep-2026.xlsx",Pension Details,28
2016 FQ4,quarter,2016,Q4,2016-12-31,2018-05-02,Defined Benefit Obligation (Mex$000),Def. Benefits Paid (Pension),-5144000,Pension,,MXN,Current/Restated,,,,19-Sep-2026,"Financials/Templated/Pension Details/SPGlobal_GrupoBimbo,S.A.B.deC.V._PensionDetails_19-Sep-2026.xlsx",Pension Details,28
2017 FQ4,quarter,2017,Q4,2017-12-31,2019-05-31,Defined Benefit Obligation (Mex$000),Def. Benefits Paid (Pension),-3462000,Pension,,MXN,Current/Restated,,,,19-Sep-2026,"Financials/Templated/Pension Details/SPGlobal_GrupoBimbo,S.A.B.deC.V._PensionDetails_19-Sep-2026.xlsx",Pension Details,28
2018 FQ4,quarter,2018,Q4,2018-12-31,2020-04-29,Defined Benefit Obligation (Mex$000),Def. Benefits Paid (Pension),-2047000,Pension,,MXN,Current/Restated,,,,19-Sep-2026,"Financials/Templated/Pension Details/SPGlobal_GrupoBimbo,S.A.B.deC.V._PensionDetails_19-Sep-2026.xlsx",Pension Details,28
2019 FQ4,quarter,2019,Q4,2019-12-31,2021-04-13,Defined Benefit Obligation (Mex$000),Def. Benefits Paid (Pension),-1827000,Pension,,MXN,Current/Restated,,,,19-Sep-2026,"Financials/Templated/Pension Details/SPGlobal_GrupoBimbo,S.A.B.deC.V._PensionDetails_19-Sep-2026.xlsx",Pension Details,28
2020 FQ4,quarter,2020,Q4,2020-12-31,2022-04-04,Defined Benefit Obligation (Mex$000),Def. Benefits Paid (Pension),-2552000,Pension,,MXN,Current/Restated,,,,19-Sep-2026,"Financials/Templated/Pension Details/SPGlobal_GrupoBimbo,S.A.B.deC.V._PensionDetails_19-Sep-2026.xlsx",Pension Details,28
2021 FQ4,quarter,2021,Q4,2021-12-31,2023-04-28,Defined Benefit Obligation (Mex$000),Def. Benefits Paid (Pension),-2285000,Pension,,MXN,Current/Restated,,,,19-Sep-2026,"Financials/Templated/Pension Details/SPGlobal_GrupoBimbo,S.A.B.deC.V._PensionDetails_19-Sep-2026.xlsx",Pension Details,28
2022 FQ4,quarter,2022,Q4,2022-12-31,2024-04-30,Defined Benefit Obligation (Mex$000),Def. Benefits Paid (Pension),-6625000,Pension,,MXN,Current/Restated,,,,19-Sep-2026,"Financials/Templated/Pension Details/SPGlobal_GrupoBimbo,S.A.B.deC.V._PensionDetails_19-Sep-2026.xlsx",Pension Details,28
2023 FQ4,quarter,2023,Q4,2023-12-31,2025-04-30,Defined Benefit Obligation (Mex$000),Def. Benefits Paid (Pension),-1727000,Pension,,MXN,Current/Restated,,,,19-Sep-2026,"Financials/Templated/Pension Details/SPGlobal_GrupoBimbo,S.A.B.deC.V._PensionDetails_19-Sep-2026.xlsx",Pension Details,28
2024 FQ4,quarter,2024,Q4,2024-12-31,2026-05-01,Defined Benefit Obligation (Mex$000),Def. Benefits Paid (Pension),-2211000,Pension,,MXN,Current/Restated,,,,19-Sep-2026,"Financials/Templated/Pension Details/SPGlobal_GrupoBimbo,S.A.B.deC.V._PensionDetails_19-Sep-2026.xlsx",Pension Details,28
2025 FQ4,quarter,2025,Q4,2025-12-31,2026-05-01,Defined Benefit Obligation (Mex$000),Def. Benefits Paid (Pension),-2281000,Pension,,MXN,Current/Restated,,,,19-Sep-2026,"Financials/Templated/Pension Details/SPGlobal_GrupoBimbo,S.A.B.deC.V._PensionDetails_19-Sep-2026.xlsx",Pension Details,28
2010 FQ4,quarter,2010,Q4,2010-12-31,2012-04-27,Defined Benefit Obligation (Mex$000),Foreign Exchange Adj. (Pension) - Plan Obligations,-405000,Mex$000,thousands,MXN,Current/Restated,,,,19-Sep-2026,"Financials/Templated/Pension Details/SPGlobal_GrupoBimbo,S.A.B.deC.V._PensionDetails_19-Sep-2026.xlsx",Pension Details,29
2011 FQ4,quarter,2011,Q4,2011-12-31,2013-04-29,Defined Benefit Obligation (Mex$000),Foreign Exchange Adj. (Pension) - Plan Obligations,990000,Mex$000,thousands,MXN,Current/Restated,,,,19-Sep-2026,"Financials/Templated/Pension Details/SPGlobal_GrupoBimbo,S.A.B.deC.V._PensionDetails_19-Sep-2026.xlsx",Pension Details,29
2012 FQ4,quarter,2012,Q4,2012-12-31,2014-03-28,Defined Benefit Obligation (Mex$000),Foreign Exchange Adj. (Pension) - Plan Obligations,-1141000,Mex$000,thousands,MXN,Current/Restated,,,,19-Sep-2026,"Financials/Templated/Pension Details/SPGlobal_GrupoBimbo,S.A.B.deC.V._PensionDetails_19-Sep-2026.xlsx",Pension Details,29
2014 FQ4,quarter,2014,Q4,2014-12-31,2016-03-30,Defined Benefit Obligation (Mex$000),Foreign Exchange Adj. (Pension) - Plan Obligations,1893000,Mex$000,thousands,MXN,Current/Restated,,,,19-Sep-2026,"Financials/Templated/Pension Details/SPGlobal_GrupoBimbo,S.A.B.deC.V._PensionDetails_19-Sep-2026.xlsx",Pension Details,29
2015 FQ4,quarter,2015,Q4,2015-12-31,2017-05-09,Defined Benefit Obligation (Mex$000),Foreign Exchange Adj. (Pension) - Plan Obligations,3330000,Mex$000,thousands,MXN,Current/Restated,,,,19-Sep-2026,"Financials/Templated/Pension Details/SPGlobal_GrupoBimbo,S.A.B.deC.V._PensionDetails_19-Sep-2026.xlsx",Pension Details,29
2016 FQ4,quarter,2016,Q4,2016-12-31,2018-05-02,Defined Benefit Obligation (Mex$000),Foreign Exchange Adj. (Pension) - Plan Obligations,4790000,Mex$000,thousands,MXN,Current/Restated,,,,19-Sep-2026,"Financials/Templated/Pension Details/SPGlobal_GrupoBimbo,S.A.B.deC.V._PensionDetails_19-Sep-2026.xlsx",Pension Details,29
2017 FQ4,quarter,2017,Q4,2017-12-31,2019-05-31,Defined Benefit Obligation (Mex$000),Foreign Exchange Adj. (Pension) - Plan Obligations,-805000,Mex$000,thousands,MXN,Current/Restated,,,,19-Sep-2026,"Financials/Templated/Pension Details/SPGlobal_GrupoBimbo,S.A.B.deC.V._PensionDetails_19-Sep-2026.xlsx",Pension Details,29
2018 FQ4,quarter,2018,Q4,2018-12-31,2020-04-29,Defined Benefit Obligation (Mex$000),Foreign Exchange Adj. (Pension) - Plan Obligations,-550000,Mex$000,thousands,MXN,Current/Restated,,,,19-Sep-2026,"Financials/Templated/Pension Details/SPGlobal_GrupoBimbo,S.A.B.deC.V._PensionDetails_19-Sep-2026.xlsx",Pension Details,29
2019 FQ4,quarter,2019,Q4,2019-12-31,2021-04-13,Defined Benefit Obligation (Mex$000),Foreign Exchange Adj. (Pension) - Plan Obligations,-756000,Mex$000,thousands,MXN,Current/Restated,,,,19-Sep-2026,"Financials/Templated/Pension Details/SPGlobal_GrupoBimbo,S.A.B.deC.V._PensionDetails_19-Sep-2026.xlsx",Pension Details,29
2020 FQ4,quarter,2020,Q4,2020-12-31,2022-04-04,Defined Benefit Obligation (Mex$000),Foreign Exchange Adj. (Pension) - Plan Obligations,1372000,Mex$000,thousands,MXN,Current/Restated,,,,19-Sep-2026,"Financials/Templated/Pension Details/SPGlobal_GrupoBimbo,S.A.B.deC.V._PensionDetails_19-Sep-2026.xlsx",Pension Details,29
2021 FQ4,quarter,2021,Q4,2021-12-31,2023-04-28,Defined Benefit Obligation (Mex$000),Foreign Exchange Adj. (Pension) - Plan Obligations,963000,Mex$000,thousands,MXN,Current/Restated,,,,19-Sep-2026,"Financials/Templated/Pension Details/SPGlobal_GrupoBimbo,S.A.B.deC.V._PensionDetails_19-Sep-2026.xlsx",Pension Details,29
2022 FQ4,quarter,2022,Q4,2022-12-31,2024-04-30,Defined Benefit Obligation (Mex$000),Foreign Exchange Adj. (Pension) - Plan Obligations,-1500000,Mex$000,thousands,MXN,Current/Restated,,,,19-Sep-2026,"Financials/Templated/Pension Details/SPGlobal_GrupoBimbo,S.A.B.deC.V._PensionDetails_19-Sep-2026.xlsx",Pension Details,29
2023 FQ4,quarter,2023,Q4,2023-12-31,2025-04-30,Defined Benefit Obligation (Mex$000),Foreign Exchange Adj. (Pension) - Plan Obligations,-1762000,Mex$000,thousands,MXN,Current/Restated,,,,19-Sep-2026,"Financials/Templated/Pension Details/SPGlobal_GrupoBimbo,S.A.B.deC.V._PensionDetails_19-Sep-2026.xlsx",Pension Details,29
2024 FQ4,quarter,2024,Q4,2024-12-31,2026-05-01,Defined Benefit Obligation (Mex$000),Foreign Exchange Adj. (Pension) - Plan Obligations,2250000,Mex$000,thousands,MXN,Current/Restated,,,,19-Sep-2026,"Financials/Templated/Pension Details/SPGlobal_GrupoBimbo,S.A.B.deC.V._PensionDetails_19-Sep-2026.xlsx",Pension Details,29
2025 FQ4,quarter,2025,Q4,2025-12-31,2026-05-01,Defined Benefit Obligation (Mex$000),Foreign Exchange Adj. (Pension) - Plan Obligations,-1443000,Mex$000,thousands,MXN,Current/Restated,,,,19-Sep-2026,"Financials/Templated/Pension Details/SPGlobal_GrupoBimbo,S.A.B.deC.V._PensionDetails_19-Sep-2026.xlsx",Pension Details,29
2009 FQ4,quarter,2009,Q4,2009-12-31,2011-03-17,Defined Benefit Obligation (Mex$000),Acq. Benefit Obligation (Pension),5184000,Pension,,MXN,Current/Restated,,,,19-Sep-2026,"Financials/Templated/Pension Details/SPGlobal_GrupoBimbo,S.A.B.deC.V._PensionDetails_19-Sep-2026.xlsx",Pension Details,30
2011 FQ4,quarter,2011,Q4,2011-12-31,2013-04-29,Defined Benefit Obligation (Mex$000),Acq. Benefit Obligation (Pension),7483000,Pension,,MXN,Current/Restated,,,,19-Sep-2026,"Financials/Templated/Pension Details/SPGlobal_GrupoBimbo,S.A.B.deC.V._PensionDetails_19-Sep-2026.xlsx",Pension Details,30
2014 FQ4,quarter,2014,Q4,2014-12-31,2016-03-30,Defined Benefit Obligation (Mex$000),Acq. Benefit Obligation (Pension),2194000,Pension,,MXN,Current/Restated,,,,19-Sep-2026,"Financials/Templated/Pension Details/SPGlobal_GrupoBimbo,S.A.B.deC.V._PensionDetails_19-Sep-2026.xlsx",Pension Details,30
2015 FQ4,quarter,2015,Q4,2015-12-31,2017-05-09,Defined Benefit Obligation (Mex$000),Acq. Benefit Obligation (Pension),2083000,Pension,,MXN,Current/Restated,,,,19-Sep-2026,"Financials/Templated/Pension Details/SPGlobal_GrupoBimbo,S.A.B.deC.V._PensionDetails_19-Sep-2026.xlsx",Pension Details,30
2020 FQ4,quarter,2020,Q4,2020-12-31,2022-04-04,Defined Benefit Obligation (Mex$000),Acq. Benefit Obligation (Pension),1000,Pension,,MXN,Current/Restated,,,,19-Sep-2026,"Financials/Templated/Pension Details/SPGlobal_GrupoBimbo,S.A.B.deC.V._PensionDetails_19-Sep-2026.xlsx",Pension Details,30
2009 FQ4,quarter,2009,Q4,2009-12-31,2011-03-17,Defined Benefit Obligation (Mex$000),Other Adj. To Def. Benefit Obligation (Pension),-3000,Pension,,MXN,Current/Restated,,,,19-Sep-2026,"Financials/Templated/Pension Details/SPGlobal_GrupoBimbo,S.A.B.deC.V._PensionDetails_19-Sep-2026.xlsx",Pension Details,31
2010 FQ4,quarter,2010,Q4,2010-12-31,2012-04-27,Defined Benefit Obligation (Mex$000),Other Adj. To Def. Benefit Obligation (Pension),-5000,Pension,,MXN,Current/Restated,,,,19-Sep-2026,"Financials/Templated/Pension Details/SPGlobal_GrupoBimbo,S.A.B.deC.V._PensionDetails_19-Sep-2026.xlsx",Pension Details,31
2015 FQ4,quarter,2015,Q4,2015-12-31,2017-05-09,Defined Benefit Obligation (Mex$000),Other Adj. To Def. Benefit Obligation (Pension),809000,Pension,,MXN,Current/Restated,,,,19-Sep-2026,"Financials/Templated/Pension Details/SPGlobal_GrupoBimbo,S.A.B.deC.V._PensionDetails_19-Sep-2026.xlsx",Pension Details,31
2020 FQ4,quarter,2020,Q4,2020-12-31,2022-04-04,Defined Benefit Obligation (Mex$000),Other Adj. To Def. Benefit Obligation (Pension),-631000,Pension,,MXN,Current/Restated,,,,19-Sep-2026,"Financials/Templated/Pension Details/SPGlobal_GrupoBimbo,S.A.B.deC.V._PensionDetails_19-Sep-2026.xlsx",Pension Details,31
2022 FQ4,quarter,2022,Q4,2022-12-31,2024-04-30,Defined Benefit Obligation (Mex$000),Other Adj. To Def. Benefit Obligation (Pension),-309000,Pension,,MXN,Current/Restated,,,,19-Sep-2026,"Financials/Templated/Pension Details/SPGlobal_GrupoBimbo,S.A.B.deC.V._PensionDetails_19-Sep-2026.xlsx",Pension Details,31
2004 FQ4,quarter,2004,Q4,2004-12-31,2006-06-29,Defined Benefit Obligation (Mex$000),Proj. Benefit Obligation (Pension),4676000,Pension,,MXN,Current/Restated,,,,19-Sep-2026,"Financials/Templated/Pension Details/SPGlobal_GrupoBimbo,S.A.B.deC.V._PensionDetails_19-Sep-2026.xlsx",Pension Details,32
2007 FQ4,quarter,2007,Q4,2007-12-31,2009-04-15,Defined Benefit Obligation (Mex$000),Proj. Benefit Obligation (Pension),6441000,Pension,,MXN,Current/Restated,,,,19-Sep-2026,"Financials/Templated/Pension Details/SPGlobal_GrupoBimbo,S.A.B.deC.V._PensionDetails_19-Sep-2026.xlsx",Pension Details,32
2009 FQ4,quarter,2009,Q4,2009-12-31,2011-03-17,Defined Benefit Obligation (Mex$000),Proj. Benefit Obligation (Pension),13032000,Pension,,MXN,Current/Restated,,,,19-Sep-2026,"Financials/Templated/Pension Details/SPGlobal_GrupoBimbo,S.A.B.deC.V._PensionDetails_19-Sep-2026.xlsx",Pension Details,32
2010 FQ4,quarter,2010,Q4,2010-12-31,2012-04-27,Defined Benefit Obligation (Mex$000),Proj. Benefit Obligation (Pension),13700000,Pension,,MXN,Current/Restated,,,,19-Sep-2026,"Financials/Templated/Pension Details/SPGlobal_GrupoBimbo,S.A.B.deC.V._PensionDetails_19-Sep-2026.xlsx",Pension Details,32
2011 FQ4,quarter,2011,Q4,2011-12-31,2013-04-29,Defined Benefit Obligation (Mex$000),Proj. Benefit Obligation (Pension),23108000,Pension,,MXN,Current/Restated,,,,19-Sep-2026,"Financials/Templated/Pension Details/SPGlobal_GrupoBimbo,S.A.B.deC.V._PensionDetails_19-Sep-2026.xlsx",Pension Details,32
2012 FQ4,quarter,2012,Q4,2012-12-31,2014-03-28,Defined Benefit Obligation (Mex$000),Proj. Benefit Obligation (Pension),24675000,Pension,,MXN,Current/Restated,,,,19-Sep-2026,"Financials/Templated/Pension Details/SPGlobal_GrupoBimbo,S.A.B.deC.V._PensionDetails_19-Sep-2026.xlsx",Pension Details,32
2014 FQ4,quarter,2014,Q4,2014-12-31,2016-03-30,Defined Benefit Obligation (Mex$000),Proj. Benefit Obligation (Pension),30086000,Pension,,MXN,Current/Restated,,,,19-Sep-2026,"Financials/Templated/Pension Details/SPGlobal_GrupoBimbo,S.A.B.deC.V._PensionDetails_19-Sep-2026.xlsx",Pension Details,32
2015 FQ4,quarter,2015,Q4,2015-12-31,2017-05-09,Defined Benefit Obligation (Mex$000),Proj. Benefit Obligation (Pension),32253000,Pension,,MXN,Current/Restated,,,,19-Sep-2026,"Financials/Templated/Pension Details/SPGlobal_GrupoBimbo,S.A.B.deC.V._PensionDetails_19-Sep-2026.xlsx",Pension Details,32
2016 FQ4,quarter,2016,Q4,2016-12-31,2018-05-02,Defined Benefit Obligation (Mex$000),Proj. Benefit Obligation (Pension),35784000,Pension,,MXN,Current/Restated,,,,19-Sep-2026,"Financials/Templated/Pension Details/SPGlobal_GrupoBimbo,S.A.B.deC.V._PensionDetails_19-Sep-2026.xlsx",Pension Details,32
2017 FQ4,quarter,2017,Q4,2017-12-31,2019-05-31,Defined Benefit Obligation (Mex$000),Proj. Benefit Obligation (Pension),35018000,Pension,,MXN,Current/Restated,,,,19-Sep-2026,"Financials/Templated/Pension Details/SPGlobal_GrupoBimbo,S.A.B.deC.V._PensionDetails_19-Sep-2026.xlsx",Pension Details,32
2018 FQ4,quarter,2018,Q4,2018-12-31,2020-04-29,Defined Benefit Obligation (Mex$000),Proj. Benefit Obligation (Pension),29231000,Pension,,MXN,Current/Restated,,,,19-Sep-2026,"Financials/Templated/Pension Details/SPGlobal_GrupoBimbo,S.A.B.deC.V._PensionDetails_19-Sep-2026.xlsx",Pension Details,32
2019 FQ4,quarter,2019,Q4,2019-12-31,2021-04-13,Defined Benefit Obligation (Mex$000),Proj. Benefit Obligation (Pension),37839000,Pension,,MXN,Current/Restated,,,,19-Sep-2026,"Financials/Templated/Pension Details/SPGlobal_GrupoBimbo,S.A.B.deC.V._PensionDetails_19-Sep-2026.xlsx",Pension Details,32
2020 FQ4,quarter,2020,Q4,2020-12-31,2022-04-04,Defined Benefit Obligation (Mex$000),Proj. Benefit Obligation (Pension),42386000,Pension,,MXN,Current/Restated,,,,19-Sep-2026,"Financials/Templated/Pension Details/SPGlobal_GrupoBimbo,S.A.B.deC.V._PensionDetails_19-Sep-2026.xlsx",Pension Details,32
2021 FQ4,quarter,2021,Q4,2021-12-31,2023-04-28,Defined Benefit Obligation (Mex$000),Proj. Benefit Obligation (Pension),41401000,Pension,,MXN,Current/Restated,,,,19-Sep-2026,"Financials/Templated/Pension Details/SPGlobal_GrupoBimbo,S.A.B.deC.V._PensionDetails_19-Sep-2026.xlsx",Pension Details,32
2022 FQ4,quarter,2022,Q4,2022-12-31,2024-04-30,Defined Benefit Obligation (Mex$000),Proj. Benefit Obligation (Pension),27465000,Pension,,MXN,Current/Restated,,,,19-Sep-2026,"Financials/Templated/Pension Details/SPGlobal_GrupoBimbo,S.A.B.deC.V._PensionDetails_19-Sep-2026.xlsx",Pension Details,32
2023 FQ4,quarter,2023,Q4,2023-12-31,2025-04-30,Defined Benefit Obligation (Mex$000),Proj. Benefit Obligation (Pension),27163000,Pension,,MXN,Current/Restated,,,,19-Sep-2026,"Financials/Templated/Pension Details/SPGlobal_GrupoBimbo,S.A.B.deC.V._PensionDetails_19-Sep-2026.xlsx",Pension Details,32
2024 FQ4,quarter,2024,Q4,2024-12-31,2026-05-01,Defined Benefit Obligation (Mex$000),Proj. Benefit Obligation (Pension),28382000,Pension,,MXN,Current/Restated,,,,19-Sep-2026,"Financials/Templated/Pension Details/SPGlobal_GrupoBimbo,S.A.B.deC.V._PensionDetails_19-Sep-2026.xlsx",Pension Details,32
2025 FQ4,quarter,2025,Q4,2025-12-31,2026-05-01,Defined Benefit Obligation (Mex$000),Proj. Benefit Obligation (Pension),29033000,Pension,,MXN,Current/Restated,,,,19-Sep-2026,"Financials/Templated/Pension Details/SPGlobal_GrupoBimbo,S.A.B.deC.V._PensionDetails_19-Sep-2026.xlsx",Pension Details,32
2004 FQ4,quarter,2004,Q4,2004-12-31,2006-06-29,Defined Benefit Obligation (Mex$000),Accum. Benefit Obligation (Pension),3930000,Pension,,MXN,Current/Restated,,,,19-Sep-2026,"Financials/Templated/Pension Details/SPGlobal_GrupoBimbo,S.A.B.deC.V._PensionDetails_19-Sep-2026.xlsx",Pension Details,34
2009 FQ4,quarter,2009,Q4,2009-12-31,2011-03-17,Plan Assets (Mex$000),Beg. Plan Assets (Pension),4907000,Pension,,MXN,Current/Restated,,,,19-Sep-2026,"Financials/Templated/Pension Details/SPGlobal_GrupoBimbo,S.A.B.deC.V._PensionDetails_19-Sep-2026.xlsx",Pension Details,37
2010 FQ4,quarter,2010,Q4,2010-12-31,2012-04-27,Plan Assets (Mex$000),Beg. Plan Assets (Pension),8543000,Pension,,MXN,Current/Restated,,,,19-Sep-2026,"Financials/Templated/Pension Details/SPGlobal_GrupoBimbo,S.A.B.deC.V._PensionDetails_19-Sep-2026.xlsx",Pension Details,37
2011 FQ4,quarter,2011,Q4,2011-12-31,2013-04-29,Plan Assets (Mex$000),Beg. Plan Assets (Pension),8847000,Pension,,MXN,Current/Restated,,,,19-Sep-2026,"Financials/Templated/Pension Details/SPGlobal_GrupoBimbo,S.A.B.deC.V._PensionDetails_19-Sep-2026.xlsx",Pension Details,37
2012 FQ4,quarter,2012,Q4,2012-12-31,2014-03-28,Plan Assets (Mex$000),Beg. Plan Assets (Pension),15860000,Pension,,MXN,Current/Restated,,,,19-Sep-2026,"Financials/Templated/Pension Details/SPGlobal_GrupoBimbo,S.A.B.deC.V._PensionDetails_19-Sep-2026.xlsx",Pension Details,37
2014 FQ4,quarter,2014,Q4,2014-12-31,2016-03-30,Plan Assets (Mex$000),Beg. Plan Assets (Pension),16675000,Pension,,MXN,Current/Restated,,,,19-Sep-2026,"Financials/Templated/Pension Details/SPGlobal_GrupoBimbo,S.A.B.deC.V._PensionDetails_19-Sep-2026.xlsx",Pension Details,37
2015 FQ4,quarter,2015,Q4,2015-12-31,2017-05-09,Plan Assets (Mex$000),Beg. Plan Assets (Pension),21723000,Pension,,MXN,Current/Restated,,,,19-Sep-2026,"Financials/Templated/Pension Details/SPGlobal_GrupoBimbo,S.A.B.deC.V._PensionDetails_19-Sep-2026.xlsx",Pension Details,37
2016 FQ4,quarter,2016,Q4,2016-12-31,2018-05-02,Plan Assets (Mex$000),Beg. Plan Assets (Pension),24149000,Pension,,MXN,Current/Restated,,,,19-Sep-2026,"Financials/Templated/Pension Details/SPGlobal_GrupoBimbo,S.A.B.deC.V._PensionDetails_19-Sep-2026.xlsx",Pension Details,37
2017 FQ4,quarter,2017,Q4,2017-12-31,2019-05-31,Plan Assets (Mex$000),Beg. Plan Assets (Pension),26453000,Pension,,MXN,Current/Restated,,,,19-Sep-2026,"Financials/Templated/Pension Details/SPGlobal_GrupoBimbo,S.A.B.deC.V._PensionDetails_19-Sep-2026.xlsx",Pension Details,37
2018 FQ4,quarter,2018,Q4,2018-12-31,2020-04-29,Plan Assets (Mex$000),Beg. Plan Assets (Pension),26762000,Pension,,MXN,Current/Restated,,,,19-Sep-2026,"Financials/Templated/Pension Details/SPGlobal_GrupoBimbo,S.A.B.deC.V._PensionDetails_19-Sep-2026.xlsx",Pension Details,37
2019 FQ4,quarter,2019,Q4,2019-12-31,2021-04-13,Plan Assets (Mex$000),Beg. Plan Assets (Pension),25394000,Pension,,MXN,Current/Restated,,,,19-Sep-2026,"Financials/Templated/Pension Details/SPGlobal_GrupoBimbo,S.A.B.deC.V._PensionDetails_19-Sep-2026.xlsx",Pension Details,37
2020 FQ4,quarter,2020,Q4,2020-12-31,2022-04-04,Plan Assets (Mex$000),Beg. Plan Assets (Pension),29253000,Pension,,MXN,Current/Restated,,,,19-Sep-2026,"Financials/Templated/Pension Details/SPGlobal_GrupoBimbo,S.A.B.deC.V._PensionDetails_19-Sep-2026.xlsx",Pension Details,37
2021 FQ4,quarter,2021,Q4,2021-12-31,2023-04-28,Plan Assets (Mex$000),Beg. Plan Assets (Pension),34790000,Pension,,MXN,Current/Restated,,,,19-Sep-2026,"Financials/Templated/Pension Details/SPGlobal_GrupoBimbo,S.A.B.deC.V._PensionDetails_19-Sep-2026.xlsx",Pension Details,37
2022 FQ4,quarter,2022,Q4,2022-12-31,2024-04-30,Plan Assets (Mex$000),Beg. Plan Assets (Pension),36823000,Pension,,MXN,Current/Restated,,,,19-Sep-2026,"Financials/Templated/Pension Details/SPGlobal_GrupoBimbo,S.A.B.deC.V._PensionDetails_19-Sep-2026.xlsx",Pension Details,37
2023 FQ4,quarter,2023,Q4,2023-12-31,2025-04-30,Plan Assets (Mex$000),Beg. Plan Assets (Pension),24413000,Pension,,MXN,Current/Restated,,,,19-Sep-2026,"Financials/Templated/Pension Details/SPGlobal_GrupoBimbo,S.A.B.deC.V._PensionDetails_19-Sep-2026.xlsx",Pension Details,37
2024 FQ4,quarter,2024,Q4,2024-12-31,2026-05-01,Plan Assets (Mex$000),Beg. Plan Assets (Pension),24788000,Pension,,MXN,Current/Restated,,,,19-Sep-2026,"Financials/Templated/Pension Details/SPGlobal_GrupoBimbo,S.A.B.deC.V._PensionDetails_19-Sep-2026.xlsx",Pension Details,37
2025 FQ4,quarter,2025,Q4,2025-12-31,2026-05-01,Plan Assets (Mex$000),Beg. Plan Assets (Pension),26684000,Pension,,MXN,Current/Restated,,,,19-Sep-2026,"Financials/Templated/Pension Details/SPGlobal_GrupoBimbo,S.A.B.deC.V._PensionDetails_19-Sep-2026.xlsx",Pension Details,37
2009 FQ4,quarter,2009,Q4,2009-12-31,2011-03-17,Plan Assets (Mex$000),Actual Return on Plan Assets (Pension),1310000,Pension,,MXN,Current/Restated,,,,19-Sep-2026,"Financials/Templated/Pension Details/SPGlobal_GrupoBimbo,S.A.B.deC.V._PensionDetails_19-Sep-2026.xlsx",Pension Details,38
2010 FQ4,quarter,2010,Q4,2010-12-31,2012-04-27,Plan Assets (Mex$000),Actual Return on Plan Assets (Pension),665000,Pension,,MXN,Current/Restated,,,,19-Sep-2026,"Financials/Templated/Pension Details/SPGlobal_GrupoBimbo,S.A.B.deC.V._PensionDetails_19-Sep-2026.xlsx",Pension Details,38
2011 FQ4,quarter,2011,Q4,2011-12-31,2013-04-29,Plan Assets (Mex$000),Actual Return on Plan Assets (Pension),820000,Pension,,MXN,Current/Restated,,,,19-Sep-2026,"Financials/Templated/Pension Details/SPGlobal_GrupoBimbo,S.A.B.deC.V._PensionDetails_19-Sep-2026.xlsx",Pension Details,38
2012 FQ4,quarter,2012,Q4,2012-12-31,2014-03-28,Plan Assets (Mex$000),Actual Return on Plan Assets (Pension),1140000,Pension,,MXN,Current/Restated,,,,19-Sep-2026,"Financials/Templated/Pension Details/SPGlobal_GrupoBimbo,S.A.B.deC.V._PensionDetails_19-Sep-2026.xlsx",Pension Details,38
2014 FQ4,quarter,2014,Q4,2014-12-31,2016-03-30,Plan Assets (Mex$000),Actual Return on Plan Assets (Pension),2363000,Pension,,MXN,Current/Restated,,,,19-Sep-2026,"Financials/Templated/Pension Details/SPGlobal_GrupoBimbo,S.A.B.deC.V._PensionDetails_19-Sep-2026.xlsx",Pension Details,38
2015 FQ4,quarter,2015,Q4,2015-12-31,2017-05-09,Plan Assets (Mex$000),Actual Return on Plan Assets (Pension),-268000,Pension,,MXN,Current/Restated,,,,19-Sep-2026,"Financials/Templated/Pension Details/SPGlobal_GrupoBimbo,S.A.B.deC.V._PensionDetails_19-Sep-2026.xlsx",Pension Details,38
2016 FQ4,quarter,2016,Q4,2016-12-31,2018-05-02,Plan Assets (Mex$000),Actual Return on Plan Assets (Pension),1577000,Pension,,MXN,Current/Restated,,,,19-Sep-2026,"Financials/Templated/Pension Details/SPGlobal_GrupoBimbo,S.A.B.deC.V._PensionDetails_19-Sep-2026.xlsx",Pension Details,38
2017 FQ4,quarter,2017,Q4,2017-12-31,2019-05-31,Plan Assets (Mex$000),Actual Return on Plan Assets (Pension),1231000,Pension,,MXN,Current/Restated,,,,19-Sep-2026,"Financials/Templated/Pension Details/SPGlobal_GrupoBimbo,S.A.B.deC.V._PensionDetails_19-Sep-2026.xlsx",Pension Details,38
2018 FQ4,quarter,2018,Q4,2018-12-31,2020-04-29,Plan Assets (Mex$000),Actual Return on Plan Assets (Pension),-1001000,Pension,,MXN,Current/Restated,,,,19-Sep-2026,"Financials/Templated/Pension Details/SPGlobal_GrupoBimbo,S.A.B.deC.V._PensionDetails_19-Sep-2026.xlsx",Pension Details,38
2019 FQ4,quarter,2019,Q4,2019-12-31,2021-04-13,Plan Assets (Mex$000),Actual Return on Plan Assets (Pension),4269000,Pension,,MXN,Current/Restated,,,,19-Sep-2026,"Financials/Templated/Pension Details/SPGlobal_GrupoBimbo,S.A.B.deC.V._PensionDetails_19-Sep-2026.xlsx",Pension Details,38
2020 FQ4,quarter,2020,Q4,2020-12-31,2022-04-04,Plan Assets (Mex$000),Actual Return on Plan Assets (Pension),4242000,Pension,,MXN,Current/Restated,,,,19-Sep-2026,"Financials/Templated/Pension Details/SPGlobal_GrupoBimbo,S.A.B.deC.V._PensionDetails_19-Sep-2026.xlsx",Pension Details,38
2021 FQ4,quarter,2021,Q4,2021-12-31,2023-04-28,Plan Assets (Mex$000),Actual Return on Plan Assets (Pension),514000,Pension,,MXN,Current/Restated,,,,19-Sep-2026,"Financials/Templated/Pension Details/SPGlobal_GrupoBimbo,S.A.B.deC.V._PensionDetails_19-Sep-2026.xlsx",Pension Details,38
2022 FQ4,quarter,2022,Q4,2022-12-31,2024-04-30,Plan Assets (Mex$000),Actual Return on Plan Assets (Pension),-6226000,Pension,,MXN,Current/Restated,,,,19-Sep-2026,"Financials/Templated/Pension Details/SPGlobal_GrupoBimbo,S.A.B.deC.V._PensionDetails_19-Sep-2026.xlsx",Pension Details,38
2023 FQ4,quarter,2023,Q4,2023-12-31,2025-04-30,Plan Assets (Mex$000),Actual Return on Plan Assets (Pension),1784000,Pension,,MXN,Current/Restated,,,,19-Sep-2026,"Financials/Templated/Pension Details/SPGlobal_GrupoBimbo,S.A.B.deC.V._PensionDetails_19-Sep-2026.xlsx",Pension Details,38
2024 FQ4,quarter,2024,Q4,2024-12-31,2026-05-01,Plan Assets (Mex$000),Actual Return on Plan Assets (Pension),676000,Pension,,MXN,Current/Restated,,,,19-Sep-2026,"Financials/Templated/Pension Details/SPGlobal_GrupoBimbo,S.A.B.deC.V._PensionDetails_19-Sep-2026.xlsx",Pension Details,38
2025 FQ4,quarter,2025,Q4,2025-12-31,2026-05-01,Plan Assets (Mex$000),Actual Return on Plan Assets (Pension),2943000,Pension,,MXN,Current/Restated,,,,19-Sep-2026,"Financials/Templated/Pension Details/SPGlobal_GrupoBimbo,S.A.B.deC.V._PensionDetails_19-Sep-2026.xlsx",Pension Details,38
2004 FQ4,quarter,2004,Q4,2004-12-31,2006-06-29,Plan Assets (Mex$000),Employer Contributions (Pension),180000,Pension,,MXN,Current/Restated,,,,19-Sep-2026,"Financials/Templated/Pension Details/SPGlobal_GrupoBimbo,S.A.B.deC.V._PensionDetails_19-Sep-2026.xlsx",Pension Details,39
2009 FQ4,quarter,2009,Q4,2009-12-31,2011-03-17,Plan Assets (Mex$000),Employer Contributions (Pension),671000,Pension,,MXN,Current/Restated,,,,19-Sep-2026,"Financials/Templated/Pension Details/SPGlobal_GrupoBimbo,S.A.B.deC.V._PensionDetails_19-Sep-2026.xlsx",Pension Details,39
2010 FQ4,quarter,2010,Q4,2010-12-31,2012-04-27,Plan Assets (Mex$000),Employer Contributions (Pension),471000,Pension,,MXN,Current/Restated,,,,19-Sep-2026,"Financials/Templated/Pension Details/SPGlobal_GrupoBimbo,S.A.B.deC.V._PensionDetails_19-Sep-2026.xlsx",Pension Details,39
2014 FQ4,quarter,2014,Q4,2014-12-31,2016-03-30,Plan Assets (Mex$000),Employer Contributions (Pension),749000,Pension,,MXN,Current/Restated,,,,19-Sep-2026,"Financials/Templated/Pension Details/SPGlobal_GrupoBimbo,S.A.B.deC.V._PensionDetails_19-Sep-2026.xlsx",Pension Details,39
2015 FQ4,quarter,2015,Q4,2015-12-31,2017-05-09,Plan Assets (Mex$000),Employer Contributions (Pension),947000,Pension,,MXN,Current/Restated,,,,19-Sep-2026,"Financials/Templated/Pension Details/SPGlobal_GrupoBimbo,S.A.B.deC.V._PensionDetails_19-Sep-2026.xlsx",Pension Details,39
2016 FQ4,quarter,2016,Q4,2016-12-31,2018-05-02,Plan Assets (Mex$000),Employer Contributions (Pension),1416000,Pension,,MXN,Current/Restated,,,,19-Sep-2026,"Financials/Templated/Pension Details/SPGlobal_GrupoBimbo,S.A.B.deC.V._PensionDetails_19-Sep-2026.xlsx",Pension Details,39
2017 FQ4,quarter,2017,Q4,2017-12-31,2019-05-31,Plan Assets (Mex$000),Employer Contributions (Pension),1106000,Pension,,MXN,Current/Restated,,,,19-Sep-2026,"Financials/Templated/Pension Details/SPGlobal_GrupoBimbo,S.A.B.deC.V._PensionDetails_19-Sep-2026.xlsx",Pension Details,39
2018 FQ4,quarter,2018,Q4,2018-12-31,2020-04-29,Plan Assets (Mex$000),Employer Contributions (Pension),375000,Pension,,MXN,Current/Restated,,,,19-Sep-2026,"Financials/Templated/Pension Details/SPGlobal_GrupoBimbo,S.A.B.deC.V._PensionDetails_19-Sep-2026.xlsx",Pension Details,39
2019 FQ4,quarter,2019,Q4,2019-12-31,2021-04-13,Plan Assets (Mex$000),Employer Contributions (Pension),1345000,Pension,,MXN,Current/Restated,,,,19-Sep-2026,"Financials/Templated/Pension Details/SPGlobal_GrupoBimbo,S.A.B.deC.V._PensionDetails_19-Sep-2026.xlsx",Pension Details,39
2020 FQ4,quarter,2020,Q4,2020-12-31,2022-04-04,Plan Assets (Mex$000),Employer Contributions (Pension),1483000,Pension,,MXN,Current/Restated,,,,19-Sep-2026,"Financials/Templated/Pension Details/SPGlobal_GrupoBimbo,S.A.B.deC.V._PensionDetails_19-Sep-2026.xlsx",Pension Details,39
2021 FQ4,quarter,2021,Q4,2021-12-31,2023-04-28,Plan Assets (Mex$000),Employer Contributions (Pension),2064000,Pension,,MXN,Current/Restated,,,,19-Sep-2026,"Financials/Templated/Pension Details/SPGlobal_GrupoBimbo,S.A.B.deC.V._PensionDetails_19-Sep-2026.xlsx",Pension Details,39
2022 FQ4,quarter,2022,Q4,2022-12-31,2024-04-30,Plan Assets (Mex$000),Employer Contributions (Pension),1000000,Pension,,MXN,Current/Restated,,,,19-Sep-2026,"Financials/Templated/Pension Details/SPGlobal_GrupoBimbo,S.A.B.deC.V._PensionDetails_19-Sep-2026.xlsx",Pension Details,39
2023 FQ4,quarter,2023,Q4,2023-12-31,2025-04-30,Plan Assets (Mex$000),Employer Contributions (Pension),897000,Pension,,MXN,Current/Restated,,,,19-Sep-2026,"Financials/Templated/Pension Details/SPGlobal_GrupoBimbo,S.A.B.deC.V._PensionDetails_19-Sep-2026.xlsx",Pension Details,39
2024 FQ4,quarter,2024,Q4,2024-12-31,2026-05-01,Plan Assets (Mex$000),Employer Contributions (Pension),88000,Pension,,MXN,Current/Restated,,,,19-Sep-2026,"Financials/Templated/Pension Details/SPGlobal_GrupoBimbo,S.A.B.deC.V._PensionDetails_19-Sep-2026.xlsx",Pension Details,39
2025 FQ4,quarter,2025,Q4,2025-12-31,2026-05-01,Plan Assets (Mex$000),Employer Contributions (Pension),75000,Pension,,MXN,Current/Restated,,,,19-Sep-2026,"Financials/Templated/Pension Details/SPGlobal_GrupoBimbo,S.A.B.deC.V._PensionDetails_19-Sep-2026.xlsx",Pension Details,39
2009 FQ4,quarter,2009,Q4,2009-12-31,2011-03-17,Plan Assets (Mex$000),Benefits Paid (Pension),-551000,Pension,,MXN,Current/Restated,,,,19-Sep-2026,"Financials/Templated/Pension Details/SPGlobal_GrupoBimbo,S.A.B.deC.V._PensionDetails_19-Sep-2026.xlsx",Pension Details,40
2010 FQ4,quarter,2010,Q4,2010-12-31,2012-04-27,Plan Assets (Mex$000),Benefits Paid (Pension),-618000,Pension,,MXN,Current/Restated,,,,19-Sep-2026,"Financials/Templated/Pension Details/SPGlobal_GrupoBimbo,S.A.B.deC.V._PensionDetails_19-Sep-2026.xlsx",Pension Details,40
2011 FQ4,quarter,2011,Q4,2011-12-31,2013-04-29,Plan Assets (Mex$000),Benefits Paid (Pension),-661000,Pension,,MXN,Current/Restated,,,,19-Sep-2026,"Financials/Templated/Pension Details/SPGlobal_GrupoBimbo,S.A.B.deC.V._PensionDetails_19-Sep-2026.xlsx",Pension Details,40
2012 FQ4,quarter,2012,Q4,2012-12-31,2014-03-28,Plan Assets (Mex$000),Benefits Paid (Pension),-810000,Pension,,MXN,Current/Restated,,,,19-Sep-2026,"Financials/Templated/Pension Details/SPGlobal_GrupoBimbo,S.A.B.deC.V._PensionDetails_19-Sep-2026.xlsx",Pension Details,40
2014 FQ4,quarter,2014,Q4,2014-12-31,2016-03-30,Plan Assets (Mex$000),Benefits Paid (Pension),-1107000,Pension,,MXN,Current/Restated,,,,19-Sep-2026,"Financials/Templated/Pension Details/SPGlobal_GrupoBimbo,S.A.B.deC.V._PensionDetails_19-Sep-2026.xlsx",Pension Details,40
2015 FQ4,quarter,2015,Q4,2015-12-31,2017-05-09,Plan Assets (Mex$000),Benefits Paid (Pension),-3216000,Pension,,MXN,Current/Restated,,,,19-Sep-2026,"Financials/Templated/Pension Details/SPGlobal_GrupoBimbo,S.A.B.deC.V._PensionDetails_19-Sep-2026.xlsx",Pension Details,40
2016 FQ4,quarter,2016,Q4,2016-12-31,2018-05-02,Plan Assets (Mex$000),Benefits Paid (Pension),-4520000,Pension,,MXN,Current/Restated,,,,19-Sep-2026,"Financials/Templated/Pension Details/SPGlobal_GrupoBimbo,S.A.B.deC.V._PensionDetails_19-Sep-2026.xlsx",Pension Details,40
2017 FQ4,quarter,2017,Q4,2017-12-31,2019-05-31,Plan Assets (Mex$000),Benefits Paid (Pension),-1382000,Pension,,MXN,Current/Restated,,,,19-Sep-2026,"Financials/Templated/Pension Details/SPGlobal_GrupoBimbo,S.A.B.deC.V._PensionDetails_19-Sep-2026.xlsx",Pension Details,40
2018 FQ4,quarter,2018,Q4,2018-12-31,2020-04-29,Plan Assets (Mex$000),Benefits Paid (Pension),-1429000,Pension,,MXN,Current/Restated,,,,19-Sep-2026,"Financials/Templated/Pension Details/SPGlobal_GrupoBimbo,S.A.B.deC.V._PensionDetails_19-Sep-2026.xlsx",Pension Details,40
2019 FQ4,quarter,2019,Q4,2019-12-31,2021-04-13,Plan Assets (Mex$000),Benefits Paid (Pension),-1074000,Pension,,MXN,Current/Restated,,,,19-Sep-2026,"Financials/Templated/Pension Details/SPGlobal_GrupoBimbo,S.A.B.deC.V._PensionDetails_19-Sep-2026.xlsx",Pension Details,40
2020 FQ4,quarter,2020,Q4,2020-12-31,2022-04-04,Plan Assets (Mex$000),Benefits Paid (Pension),-1382000,Pension,,MXN,Current/Restated,,,,19-Sep-2026,"Financials/Templated/Pension Details/SPGlobal_GrupoBimbo,S.A.B.deC.V._PensionDetails_19-Sep-2026.xlsx",Pension Details,40
2021 FQ4,quarter,2021,Q4,2021-12-31,2023-04-28,Plan Assets (Mex$000),Benefits Paid (Pension),-1427000,Pension,,MXN,Current/Restated,,,,19-Sep-2026,"Financials/Templated/Pension Details/SPGlobal_GrupoBimbo,S.A.B.deC.V._PensionDetails_19-Sep-2026.xlsx",Pension Details,40
2022 FQ4,quarter,2022,Q4,2022-12-31,2024-04-30,Plan Assets (Mex$000),Benefits Paid (Pension),-5732000,Pension,,MXN,Current/Restated,,,,19-Sep-2026,"Financials/Templated/Pension Details/SPGlobal_GrupoBimbo,S.A.B.deC.V._PensionDetails_19-Sep-2026.xlsx",Pension Details,40
2023 FQ4,quarter,2023,Q4,2023-12-31,2025-04-30,Plan Assets (Mex$000),Benefits Paid (Pension),-647000,Pension,,MXN,Current/Restated,,,,19-Sep-2026,"Financials/Templated/Pension Details/SPGlobal_GrupoBimbo,S.A.B.deC.V._PensionDetails_19-Sep-2026.xlsx",Pension Details,40
2024 FQ4,quarter,2024,Q4,2024-12-31,2026-05-01,Plan Assets (Mex$000),Benefits Paid (Pension),-932000,Pension,,MXN,Current/Restated,,,,19-Sep-2026,"Financials/Templated/Pension Details/SPGlobal_GrupoBimbo,S.A.B.deC.V._PensionDetails_19-Sep-2026.xlsx",Pension Details,40
2025 FQ4,quarter,2025,Q4,2025-12-31,2026-05-01,Plan Assets (Mex$000),Benefits Paid (Pension),-856000,Pension,,MXN,Current/Restated,,,,19-Sep-2026,"Financials/Templated/Pension Details/SPGlobal_GrupoBimbo,S.A.B.deC.V._PensionDetails_19-Sep-2026.xlsx",Pension Details,40
2010 FQ4,quarter,2010,Q4,2010-12-31,2012-04-27,Plan Assets (Mex$000),Foreign Exchange Adjustments (Pension),-214000,Pension,,MXN,Current/Restated,,,,19-Sep-2026,"Financials/Templated/Pension Details/SPGlobal_GrupoBimbo,S.A.B.deC.V._PensionDetails_19-Sep-2026.xlsx",Pension Details,41
2011 FQ4,quarter,2011,Q4,2011-12-31,2013-04-29,Plan Assets (Mex$000),Foreign Exchange Adjustments (Pension),563000,Pension,,MXN,Current/Restated,,,,19-Sep-2026,"Financials/Templated/Pension Details/SPGlobal_GrupoBimbo,S.A.B.deC.V._PensionDetails_19-Sep-2026.xlsx",Pension Details,41
2012 FQ4,quarter,2012,Q4,2012-12-31,2014-03-28,Plan Assets (Mex$000),Foreign Exchange Adjustments (Pension),-777000,Pension,,MXN,Current/Restated,,,,19-Sep-2026,"Financials/Templated/Pension Details/SPGlobal_GrupoBimbo,S.A.B.deC.V._PensionDetails_19-Sep-2026.xlsx",Pension Details,41
2014 FQ4,quarter,2014,Q4,2014-12-31,2016-03-30,Plan Assets (Mex$000),Foreign Exchange Adjustments (Pension),1473000,Pension,,MXN,Current/Restated,,,,19-Sep-2026,"Financials/Templated/Pension Details/SPGlobal_GrupoBimbo,S.A.B.deC.V._PensionDetails_19-Sep-2026.xlsx",Pension Details,41
2015 FQ4,quarter,2015,Q4,2015-12-31,2017-05-09,Plan Assets (Mex$000),Foreign Exchange Adjustments (Pension),2520000,Pension,,MXN,Current/Restated,,,,19-Sep-2026,"Financials/Templated/Pension Details/SPGlobal_GrupoBimbo,S.A.B.deC.V._PensionDetails_19-Sep-2026.xlsx",Pension Details,41
2016 FQ4,quarter,2016,Q4,2016-12-31,2018-05-02,Plan Assets (Mex$000),Foreign Exchange Adjustments (Pension),3831000,Pension,,MXN,Current/Restated,,,,19-Sep-2026,"Financials/Templated/Pension Details/SPGlobal_GrupoBimbo,S.A.B.deC.V._PensionDetails_19-Sep-2026.xlsx",Pension Details,41
2017 FQ4,quarter,2017,Q4,2017-12-31,2019-05-31,Plan Assets (Mex$000),Foreign Exchange Adjustments (Pension),-646000,Pension,,MXN,Current/Restated,,,,19-Sep-2026,"Financials/Templated/Pension Details/SPGlobal_GrupoBimbo,S.A.B.deC.V._PensionDetails_19-Sep-2026.xlsx",Pension Details,41
2018 FQ4,quarter,2018,Q4,2018-12-31,2020-04-29,Plan Assets (Mex$000),Foreign Exchange Adjustments (Pension),-460000,Pension,,MXN,Current/Restated,,,,19-Sep-2026,"Financials/Templated/Pension Details/SPGlobal_GrupoBimbo,S.A.B.deC.V._PensionDetails_19-Sep-2026.xlsx",Pension Details,41
2019 FQ4,quarter,2019,Q4,2019-12-31,2021-04-13,Plan Assets (Mex$000),Foreign Exchange Adjustments (Pension),-681000,Pension,,MXN,Current/Restated,,,,19-Sep-2026,"Financials/Templated/Pension Details/SPGlobal_GrupoBimbo,S.A.B.deC.V._PensionDetails_19-Sep-2026.xlsx",Pension Details,41
2020 FQ4,quarter,2020,Q4,2020-12-31,2022-04-04,Plan Assets (Mex$000),Foreign Exchange Adjustments (Pension),1194000,Pension,,MXN,Current/Restated,,,,19-Sep-2026,"Financials/Templated/Pension Details/SPGlobal_GrupoBimbo,S.A.B.deC.V._PensionDetails_19-Sep-2026.xlsx",Pension Details,41
2021 FQ4,quarter,2021,Q4,2021-12-31,2023-04-28,Plan Assets (Mex$000),Foreign Exchange Adjustments (Pension),882000,Pension,,MXN,Current/Restated,,,,19-Sep-2026,"Financials/Templated/Pension Details/SPGlobal_GrupoBimbo,S.A.B.deC.V._PensionDetails_19-Sep-2026.xlsx",Pension Details,41
2022 FQ4,quarter,2022,Q4,2022-12-31,2024-04-30,Plan Assets (Mex$000),Foreign Exchange Adjustments (Pension),-1452000,Pension,,MXN,Current/Restated,,,,19-Sep-2026,"Financials/Templated/Pension Details/SPGlobal_GrupoBimbo,S.A.B.deC.V._PensionDetails_19-Sep-2026.xlsx",Pension Details,41
2023 FQ4,quarter,2023,Q4,2023-12-31,2025-04-30,Plan Assets (Mex$000),Foreign Exchange Adjustments (Pension),-1659000,Pension,,MXN,Current/Restated,,,,19-Sep-2026,"Financials/Templated/Pension Details/SPGlobal_GrupoBimbo,S.A.B.deC.V._PensionDetails_19-Sep-2026.xlsx",Pension Details,41
2024 FQ4,quarter,2024,Q4,2024-12-31,2026-05-01,Plan Assets (Mex$000),Foreign Exchange Adjustments (Pension),2064000,Pension,,MXN,Current/Restated,,,,19-Sep-2026,"Financials/Templated/Pension Details/SPGlobal_GrupoBimbo,S.A.B.deC.V._PensionDetails_19-Sep-2026.xlsx",Pension Details,41
2025 FQ4,quarter,2025,Q4,2025-12-31,2026-05-01,Plan Assets (Mex$000),Foreign Exchange Adjustments (Pension),-1337000,Pension,,MXN,Current/Restated,,,,19-Sep-2026,"Financials/Templated/Pension Details/SPGlobal_GrupoBimbo,S.A.B.deC.V._PensionDetails_19-Sep-2026.xlsx",Pension Details,41
2009 FQ4,quarter,2009,Q4,2009-12-31,2011-03-17,Plan Assets (Mex$000),Acquired Plan Assets (Pension),2206000,Pension,,MXN,Current/Restated,,,,19-Sep-2026,"Financials/Templated/Pension Details/SPGlobal_GrupoBimbo,S.A.B.deC.V._PensionDetails_19-Sep-2026.xlsx",Pension Details,42
2011 FQ4,quarter,2011,Q4,2011-12-31,2013-04-29,Plan Assets (Mex$000),Acquired Plan Assets (Pension),5573000,Pension,,MXN,Current/Restated,,,,19-Sep-2026,"Financials/Templated/Pension Details/SPGlobal_GrupoBimbo,S.A.B.deC.V._PensionDetails_19-Sep-2026.xlsx",Pension Details,42
2014 FQ4,quarter,2014,Q4,2014-12-31,2016-03-30,Plan Assets (Mex$000),Acquired Plan Assets (Pension),1570000,Pension,,MXN,Current/Restated,,,,19-Sep-2026,"Financials/Templated/Pension Details/SPGlobal_GrupoBimbo,S.A.B.deC.V._PensionDetails_19-Sep-2026.xlsx",Pension Details,42
2015 FQ4,quarter,2015,Q4,2015-12-31,2017-05-09,Plan Assets (Mex$000),Acquired Plan Assets (Pension),1783000,Pension,,MXN,Current/Restated,,,,19-Sep-2026,"Financials/Templated/Pension Details/SPGlobal_GrupoBimbo,S.A.B.deC.V._PensionDetails_19-Sep-2026.xlsx",Pension Details,42
2011 FQ4,quarter,2011,Q4,2011-12-31,2013-04-29,Plan Assets (Mex$000),Other Plan Adjustments (Pension),718000,Pension,,MXN,Current/Restated,,,,19-Sep-2026,"Financials/Templated/Pension Details/SPGlobal_GrupoBimbo,S.A.B.deC.V._PensionDetails_19-Sep-2026.xlsx",Pension Details,43
2012 FQ4,quarter,2012,Q4,2012-12-31,2014-03-28,Plan Assets (Mex$000),Other Plan Adjustments (Pension),988000,Pension,,MXN,Current/Restated,,,,19-Sep-2026,"Financials/Templated/Pension Details/SPGlobal_GrupoBimbo,S.A.B.deC.V._PensionDetails_19-Sep-2026.xlsx",Pension Details,43
2015 FQ4,quarter,2015,Q4,2015-12-31,2017-05-09,Plan Assets (Mex$000),Other Plan Adjustments (Pension),660000,Pension,,MXN,Current/Restated,,,,19-Sep-2026,"Financials/Templated/Pension Details/SPGlobal_GrupoBimbo,S.A.B.deC.V._PensionDetails_19-Sep-2026.xlsx",Pension Details,43
2017 FQ4,quarter,2017,Q4,2017-12-31,2019-05-31,Plan Assets (Mex$000),Other Plan Adjustments (Pension),-548000,Pension,,MXN,Current/Restated,,,,19-Sep-2026,"Financials/Templated/Pension Details/SPGlobal_GrupoBimbo,S.A.B.deC.V._PensionDetails_19-Sep-2026.xlsx",Pension Details,43
2004 FQ4,quarter,2004,Q4,2004-12-31,2006-06-29,Plan Assets (Mex$000),Total Plan Assets (Pension),4315000,Pension,,MXN,Current/Restated,,,,19-Sep-2026,"Financials/Templated/Pension Details/SPGlobal_GrupoBimbo,S.A.B.deC.V._PensionDetails_19-Sep-2026.xlsx",Pension Details,44
2007 FQ4,quarter,2007,Q4,2007-12-31,2009-04-15,Plan Assets (Mex$000),Total Plan Assets (Pension),5510000,Pension,,MXN,Current/Restated,,,,19-Sep-2026,"Financials/Templated/Pension Details/SPGlobal_GrupoBimbo,S.A.B.deC.V._PensionDetails_19-Sep-2026.xlsx",Pension Details,44
2009 FQ4,quarter,2009,Q4,2009-12-31,2011-03-17,Plan Assets (Mex$000),Total Plan Assets (Pension),8543000,Pension,,MXN,Current/Restated,,,,19-Sep-2026,"Financials/Templated/Pension Details/SPGlobal_GrupoBimbo,S.A.B.deC.V._PensionDetails_19-Sep-2026.xlsx",Pension Details,44
2010 FQ4,quarter,2010,Q4,2010-12-31,2012-04-27,Plan Assets (Mex$000),Total Plan Assets (Pension),8847000,Pension,,MXN,Current/Restated,,,,19-Sep-2026,"Financials/Templated/Pension Details/SPGlobal_GrupoBimbo,S.A.B.deC.V._PensionDetails_19-Sep-2026.xlsx",Pension Details,44
2011 FQ4,quarter,2011,Q4,2011-12-31,2013-04-29,Plan Assets (Mex$000),Total Plan Assets (Pension),15860000,Pension,,MXN,Current/Restated,,,,19-Sep-2026,"Financials/Templated/Pension Details/SPGlobal_GrupoBimbo,S.A.B.deC.V._PensionDetails_19-Sep-2026.xlsx",Pension Details,44
2012 FQ4,quarter,2012,Q4,2012-12-31,2014-03-28,Plan Assets (Mex$000),Total Plan Assets (Pension),16401000,Pension,,MXN,Current/Restated,,,,19-Sep-2026,"Financials/Templated/Pension Details/SPGlobal_GrupoBimbo,S.A.B.deC.V._PensionDetails_19-Sep-2026.xlsx",Pension Details,44
2014 FQ4,quarter,2014,Q4,2014-12-31,2016-03-30,Plan Assets (Mex$000),Total Plan Assets (Pension),21723000,Pension,,MXN,Current/Restated,,,,19-Sep-2026,"Financials/Templated/Pension Details/SPGlobal_GrupoBimbo,S.A.B.deC.V._PensionDetails_19-Sep-2026.xlsx",Pension Details,44
2015 FQ4,quarter,2015,Q4,2015-12-31,2017-05-09,Plan Assets (Mex$000),Total Plan Assets (Pension),24149000,Pension,,MXN,Current/Restated,,,,19-Sep-2026,"Financials/Templated/Pension Details/SPGlobal_GrupoBimbo,S.A.B.deC.V._PensionDetails_19-Sep-2026.xlsx",Pension Details,44
2016 FQ4,quarter,2016,Q4,2016-12-31,2018-05-02,Plan Assets (Mex$000),Total Plan Assets (Pension),26453000,Pension,,MXN,Current/Restated,,,,19-Sep-2026,"Financials/Templated/Pension Details/SPGlobal_GrupoBimbo,S.A.B.deC.V._PensionDetails_19-Sep-2026.xlsx",Pension Details,44
2017 FQ4,quarter,2017,Q4,2017-12-31,2019-05-31,Plan Assets (Mex$000),Total Plan Assets (Pension),26214000,Pension,,MXN,Current/Restated,,,,19-Sep-2026,"Financials/Templated/Pension Details/SPGlobal_GrupoBimbo,S.A.B.deC.V._PensionDetails_19-Sep-2026.xlsx",Pension Details,44
2018 FQ4,quarter,2018,Q4,2018-12-31,2020-04-29,Plan Assets (Mex$000),Total Plan Assets (Pension),24247000,Pension,,MXN,Current/Restated,,,,19-Sep-2026,"Financials/Templated/Pension Details/SPGlobal_GrupoBimbo,S.A.B.deC.V._PensionDetails_19-Sep-2026.xlsx",Pension Details,44
2019 FQ4,quarter,2019,Q4,2019-12-31,2021-04-13,Plan Assets (Mex$000),Total Plan Assets (Pension),29253000,Pension,,MXN,Current/Restated,,,,19-Sep-2026,"Financials/Templated/Pension Details/SPGlobal_GrupoBimbo,S.A.B.deC.V._PensionDetails_19-Sep-2026.xlsx",Pension Details,44
2020 FQ4,quarter,2020,Q4,2020-12-31,2022-04-04,Plan Assets (Mex$000),Total Plan Assets (Pension),34790000,Pension,,MXN,Current/Restated,,,,19-Sep-2026,"Financials/Templated/Pension Details/SPGlobal_GrupoBimbo,S.A.B.deC.V._PensionDetails_19-Sep-2026.xlsx",Pension Details,44
2021 FQ4,quarter,2021,Q4,2021-12-31,2023-04-28,Plan Assets (Mex$000),Total Plan Assets (Pension),36823000,Pension,,MXN,Current/Restated,,,,19-Sep-2026,"Financials/Templated/Pension Details/SPGlobal_GrupoBimbo,S.A.B.deC.V._PensionDetails_19-Sep-2026.xlsx",Pension Details,44
2022 FQ4,quarter,2022,Q4,2022-12-31,2024-04-30,Plan Assets (Mex$000),Total Plan Assets (Pension),24413000,Pension,,MXN,Current/Restated,,,,19-Sep-2026,"Financials/Templated/Pension Details/SPGlobal_GrupoBimbo,S.A.B.deC.V._PensionDetails_19-Sep-2026.xlsx",Pension Details,44
2023 FQ4,quarter,2023,Q4,2023-12-31,2025-04-30,Plan Assets (Mex$000),Total Plan Assets (Pension),24788000,Pension,,MXN,Current/Restated,,,,19-Sep-2026,"Financials/Templated/Pension Details/SPGlobal_GrupoBimbo,S.A.B.deC.V._PensionDetails_19-Sep-2026.xlsx",Pension Details,44
2024 FQ4,quarter,2024,Q4,2024-12-31,2026-05-01,Plan Assets (Mex$000),Total Plan Assets (Pension),26684000,Pension,,MXN,Current/Restated,,,,19-Sep-2026,"Financials/Templated/Pension Details/SPGlobal_GrupoBimbo,S.A.B.deC.V._PensionDetails_19-Sep-2026.xlsx",Pension Details,44
2025 FQ4,quarter,2025,Q4,2025-12-31,2026-05-01,Plan Assets (Mex$000),Total Plan Assets (Pension),27509000,Pension,,MXN,Current/Restated,,,,19-Sep-2026,"Financials/Templated/Pension Details/SPGlobal_GrupoBimbo,S.A.B.deC.V._PensionDetails_19-Sep-2026.xlsx",Pension Details,44
2011 FQ4,quarter,2011,Q4,2011-12-31,2013-04-29,Breakdown of Plan Assets (%),Plan Assets (Pension) - Equities/ Total,28.373,%,,MXN,Current/Restated,,,,19-Sep-2026,"Financials/Templated/Pension Details/SPGlobal_GrupoBimbo,S.A.B.deC.V._PensionDetails_19-Sep-2026.xlsx",Pension Details,47
2012 FQ4,quarter,2012,Q4,2012-12-31,2014-03-28,Breakdown of Plan Assets (%),Plan Assets (Pension) - Equities/ Total,36.955,%,,MXN,Current/Restated,,,,19-Sep-2026,"Financials/Templated/Pension Details/SPGlobal_GrupoBimbo,S.A.B.deC.V._PensionDetails_19-Sep-2026.xlsx",Pension Details,47
2014 FQ4,quarter,2014,Q4,2014-12-31,2016-03-30,Breakdown of Plan Assets (%),Plan Assets (Pension) - Equities/ Total,56.907,%,,MXN,Current/Restated,,,,19-Sep-2026,"Financials/Templated/Pension Details/SPGlobal_GrupoBimbo,S.A.B.deC.V._PensionDetails_19-Sep-2026.xlsx",Pension Details,47
2015 FQ4,quarter,2015,Q4,2015-12-31,2017-05-09,Breakdown of Plan Assets (%),Plan Assets (Pension) - Equities/ Total,37.778,%,,MXN,Current/Restated,,,,19-Sep-2026,"Financials/Templated/Pension Details/SPGlobal_GrupoBimbo,S.A.B.deC.V._PensionDetails_19-Sep-2026.xlsx",Pension Details,47
2016 FQ4,quarter,2016,Q4,2016-12-31,2018-05-02,Breakdown of Plan Assets (%),Plan Assets (Pension) - Equities/ Total,30.998,%,,MXN,Current/Restated,,,,19-Sep-2026,"Financials/Templated/Pension Details/SPGlobal_GrupoBimbo,S.A.B.deC.V._PensionDetails_19-Sep-2026.xlsx",Pension Details,47
2017 FQ4,quarter,2017,Q4,2017-12-31,2019-05-31,Breakdown of Plan Assets (%),Plan Assets (Pension) - Equities/ Total,26.677,%,,MXN,Current/Restated,,,,19-Sep-2026,"Financials/Templated/Pension Details/SPGlobal_GrupoBimbo,S.A.B.deC.V._PensionDetails_19-Sep-2026.xlsx",Pension Details,47
2018 FQ4,quarter,2018,Q4,2018-12-31,2020-04-29,Breakdown of Plan Assets (%),Plan Assets (Pension) - Equities/ Total,22.77,%,,MXN,Current/Restated,,,,19-Sep-2026,"Financials/Templated/Pension Details/SPGlobal_GrupoBimbo,S.A.B.deC.V._PensionDetails_19-Sep-2026.xlsx",Pension Details,47
2019 FQ4,quarter,2019,Q4,2019-12-31,2021-04-13,Breakdown of Plan Assets (%),Plan Assets (Pension) - Equities/ Total,23.502,%,,MXN,Current/Restated,,,,19-Sep-2026,"Financials/Templated/Pension Details/SPGlobal_GrupoBimbo,S.A.B.deC.V._PensionDetails_19-Sep-2026.xlsx",Pension Details,47
2020 FQ4,quarter,2020,Q4,2020-12-31,2022-04-04,Breakdown of Plan Assets (%),Plan Assets (Pension) - Equities/ Total,25.801,%,,MXN,Current/Restated,,,,19-Sep-2026,"Financials/Templated/Pension Details/SPGlobal_GrupoBimbo,S.A.B.deC.V._PensionDetails_19-Sep-2026.xlsx",Pension Details,47
2021 FQ4,quarter,2021,Q4,2021-12-31,2023-04-28,Breakdown of Plan Assets (%),Plan Assets (Pension) - Equities/ Total,19.681,%,,MXN,Current/Restated,,,,19-Sep-2026,"Financials/Templated/Pension Details/SPGlobal_GrupoBimbo,S.A.B.deC.V._PensionDetails_19-Sep-2026.xlsx",Pension Details,47
2022 FQ4,quarter,2022,Q4,2022-12-31,2024-04-30,Breakdown of Plan Assets (%),Plan Assets (Pension) - Equities/ Total,25.642,%,,MXN,Current/Restated,,,,19-Sep-2026,"Financials/Templated/Pension Details/SPGlobal_GrupoBimbo,S.A.B.deC.V._PensionDetails_19-Sep-2026.xlsx",Pension Details,47
2023 FQ4,quarter,2023,Q4,2023-12-31,2025-04-30,Breakdown of Plan Assets (%),Plan Assets (Pension) - Equities/ Total,25.549,%,,MXN,Current/Restated,,,,19-Sep-2026,"Financials/Templated/Pension Details/SPGlobal_GrupoBimbo,S.A.B.deC.V._PensionDetails_19-Sep-2026.xlsx",Pension Details,47
2024 FQ4,quarter,2024,Q4,2024-12-31,2026-05-01,Breakdown of Plan Assets (%),Plan Assets (Pension) - Equities/ Total,25.959,%,,MXN,Current/Restated,,,,19-Sep-2026,"Financials/Templated/Pension Details/SPGlobal_GrupoBimbo,S.A.B.deC.V._PensionDetails_19-Sep-2026.xlsx",Pension Details,47
2025 FQ4,quarter,2025,Q4,2025-12-31,2026-05-01,Breakdown of Plan Assets (%),Plan Assets (Pension) - Equities/ Total,26.831,%,,MXN,Current/Restated,,,,19-Sep-2026,"Financials/Templated/Pension Details/SPGlobal_GrupoBimbo,S.A.B.deC.V._PensionDetails_19-Sep-2026.xlsx",Pension Details,47
2011 FQ4,quarter,2011,Q4,2011-12-31,2013-04-29,Breakdown of Plan Assets (%),Plan Assets (Pension) - Fixed Income/ Total,57.131,%,,MXN,Current/Restated,,,,19-Sep-2026,"Financials/Templated/Pension Details/SPGlobal_GrupoBimbo,S.A.B.deC.V._PensionDetails_19-Sep-2026.xlsx",Pension Details,48
2012 FQ4,quarter,2012,Q4,2012-12-31,2014-03-28,Breakdown of Plan Assets (%),Plan Assets (Pension) - Fixed Income/ Total,51.972,%,,MXN,Current/Restated,,,,19-Sep-2026,"Financials/Templated/Pension Details/SPGlobal_GrupoBimbo,S.A.B.deC.V._PensionDetails_19-Sep-2026.xlsx",Pension Details,48
2014 FQ4,quarter,2014,Q4,2014-12-31,2016-03-30,Breakdown of Plan Assets (%),Plan Assets (Pension) - Fixed Income/ Total,31.63,%,,MXN,Current/Restated,,,,19-Sep-2026,"Financials/Templated/Pension Details/SPGlobal_GrupoBimbo,S.A.B.deC.V._PensionDetails_19-Sep-2026.xlsx",Pension Details,48
2015 FQ4,quarter,2015,Q4,2015-12-31,2017-05-09,Breakdown of Plan Assets (%),Plan Assets (Pension) - Fixed Income/ Total,47.141,%,,MXN,Current/Restated,,,,19-Sep-2026,"Financials/Templated/Pension Details/SPGlobal_GrupoBimbo,S.A.B.deC.V._PensionDetails_19-Sep-2026.xlsx",Pension Details,48
2016 FQ4,quarter,2016,Q4,2016-12-31,2018-05-02,Breakdown of Plan Assets (%),Plan Assets (Pension) - Fixed Income/ Total,53,%,,MXN,Current/Restated,,,,19-Sep-2026,"Financials/Templated/Pension Details/SPGlobal_GrupoBimbo,S.A.B.deC.V._PensionDetails_19-Sep-2026.xlsx",Pension Details,48
2017 FQ4,quarter,2017,Q4,2017-12-31,2019-05-31,Breakdown of Plan Assets (%),Plan Assets (Pension) - Fixed Income/ Total,63.115,%,,MXN,Current/Restated,,,,19-Sep-2026,"Financials/Templated/Pension Details/SPGlobal_GrupoBimbo,S.A.B.deC.V._PensionDetails_19-Sep-2026.xlsx",Pension Details,48
2018 FQ4,quarter,2018,Q4,2018-12-31,2020-04-29,Breakdown of Plan Assets (%),Plan Assets (Pension) - Fixed Income/ Total,67.794,%,,MXN,Current/Restated,,,,19-Sep-2026,"Financials/Templated/Pension Details/SPGlobal_GrupoBimbo,S.A.B.deC.V._PensionDetails_19-Sep-2026.xlsx",Pension Details,48
2019 FQ4,quarter,2019,Q4,2019-12-31,2021-04-13,Breakdown of Plan Assets (%),Plan Assets (Pension) - Fixed Income/ Total,69.138,%,,MXN,Current/Restated,,,,19-Sep-2026,"Financials/Templated/Pension Details/SPGlobal_GrupoBimbo,S.A.B.deC.V._PensionDetails_19-Sep-2026.xlsx",Pension Details,48
2020 FQ4,quarter,2020,Q4,2020-12-31,2022-04-04,Breakdown of Plan Assets (%),Plan Assets (Pension) - Fixed Income/ Total,66.502,%,,MXN,Current/Restated,,,,19-Sep-2026,"Financials/Templated/Pension Details/SPGlobal_GrupoBimbo,S.A.B.deC.V._PensionDetails_19-Sep-2026.xlsx",Pension Details,48
2021 FQ4,quarter,2021,Q4,2021-12-31,2023-04-28,Breakdown of Plan Assets (%),Plan Assets (Pension) - Fixed Income/ Total,69.171,%,,MXN,Current/Restated,,,,19-Sep-2026,"Financials/Templated/Pension Details/SPGlobal_GrupoBimbo,S.A.B.deC.V._PensionDetails_19-Sep-2026.xlsx",Pension Details,48
2022 FQ4,quarter,2022,Q4,2022-12-31,2024-04-30,Breakdown of Plan Assets (%),Plan Assets (Pension) - Fixed Income/ Total,66.719,%,,MXN,Current/Restated,,,,19-Sep-2026,"Financials/Templated/Pension Details/SPGlobal_GrupoBimbo,S.A.B.deC.V._PensionDetails_19-Sep-2026.xlsx",Pension Details,48
2023 FQ4,quarter,2023,Q4,2023-12-31,2025-04-30,Breakdown of Plan Assets (%),Plan Assets (Pension) - Fixed Income/ Total,63.458,%,,MXN,Current/Restated,,,,19-Sep-2026,"Financials/Templated/Pension Details/SPGlobal_GrupoBimbo,S.A.B.deC.V._PensionDetails_19-Sep-2026.xlsx",Pension Details,48
2024 FQ4,quarter,2024,Q4,2024-12-31,2026-05-01,Breakdown of Plan Assets (%),Plan Assets (Pension) - Fixed Income/ Total,65.099,%,,MXN,Current/Restated,,,,19-Sep-2026,"Financials/Templated/Pension Details/SPGlobal_GrupoBimbo,S.A.B.deC.V._PensionDetails_19-Sep-2026.xlsx",Pension Details,48
2025 FQ4,quarter,2025,Q4,2025-12-31,2026-05-01,Breakdown of Plan Assets (%),Plan Assets (Pension) - Fixed Income/ Total,64.197,%,,MXN,Current/Restated,,,,19-Sep-2026,"Financials/Templated/Pension Details/SPGlobal_GrupoBimbo,S.A.B.deC.V._PensionDetails_19-Sep-2026.xlsx",Pension Details,48
2011 FQ4,quarter,2011,Q4,2011-12-31,2013-04-29,Breakdown of Plan Assets (%),Other Plan Assets (Pension)/ Total,14.496,%,,MXN,Current/Restated,,,,19-Sep-2026,"Financials/Templated/Pension Details/SPGlobal_GrupoBimbo,S.A.B.deC.V._PensionDetails_19-Sep-2026.xlsx",Pension Details,49
2012 FQ4,quarter,2012,Q4,2012-12-31,2014-03-28,Breakdown of Plan Assets (%),Other Plan Assets (Pension)/ Total,11.079,%,,MXN,Current/Restated,,,,19-Sep-2026,"Financials/Templated/Pension Details/SPGlobal_GrupoBimbo,S.A.B.deC.V._PensionDetails_19-Sep-2026.xlsx",Pension Details,49
2014 FQ4,quarter,2014,Q4,2014-12-31,2016-03-30,Breakdown of Plan Assets (%),Other Plan Assets (Pension)/ Total,11.463,%,,MXN,Current/Restated,,,,19-Sep-2026,"Financials/Templated/Pension Details/SPGlobal_GrupoBimbo,S.A.B.deC.V._PensionDetails_19-Sep-2026.xlsx",Pension Details,49
2015 FQ4,quarter,2015,Q4,2015-12-31,2017-05-09,Breakdown of Plan Assets (%),Other Plan Assets (Pension)/ Total,15.081,%,,MXN,Current/Restated,,,,19-Sep-2026,"Financials/Templated/Pension Details/SPGlobal_GrupoBimbo,S.A.B.deC.V._PensionDetails_19-Sep-2026.xlsx",Pension Details,49
2016 FQ4,quarter,2016,Q4,2016-12-31,2018-05-02,Breakdown of Plan Assets (%),Other Plan Assets (Pension)/ Total,16.002,%,,MXN,Current/Restated,,,,19-Sep-2026,"Financials/Templated/Pension Details/SPGlobal_GrupoBimbo,S.A.B.deC.V._PensionDetails_19-Sep-2026.xlsx",Pension Details,49
2017 FQ4,quarter,2017,Q4,2017-12-31,2019-05-31,Breakdown of Plan Assets (%),Other Plan Assets (Pension)/ Total,10.208,%,,MXN,Current/Restated,,,,19-Sep-2026,"Financials/Templated/Pension Details/SPGlobal_GrupoBimbo,S.A.B.deC.V._PensionDetails_19-Sep-2026.xlsx",Pension Details,49
2018 FQ4,quarter,2018,Q4,2018-12-31,2020-04-29,Breakdown of Plan Assets (%),Other Plan Assets (Pension)/ Total,7.972,%,,MXN,Current/Restated,,,,19-Sep-2026,"Financials/Templated/Pension Details/SPGlobal_GrupoBimbo,S.A.B.deC.V._PensionDetails_19-Sep-2026.xlsx",Pension Details,49
2019 FQ4,quarter,2019,Q4,2019-12-31,2021-04-13,Breakdown of Plan Assets (%),Other Plan Assets (Pension)/ Total,7.36,%,,MXN,Current/Restated,,,,19-Sep-2026,"Financials/Templated/Pension Details/SPGlobal_GrupoBimbo,S.A.B.deC.V._PensionDetails_19-Sep-2026.xlsx",Pension Details,49
2020 FQ4,quarter,2020,Q4,2020-12-31,2022-04-04,Breakdown of Plan Assets (%),Other Plan Assets (Pension)/ Total,7.698,%,,MXN,Current/Restated,,,,19-Sep-2026,"Financials/Templated/Pension Details/SPGlobal_GrupoBimbo,S.A.B.deC.V._PensionDetails_19-Sep-2026.xlsx",Pension Details,49
2021 FQ4,quarter,2021,Q4,2021-12-31,2023-04-28,Breakdown of Plan Assets (%),Other Plan Assets (Pension)/ Total,11.148,%,,MXN,Current/Restated,,,,19-Sep-2026,"Financials/Templated/Pension Details/SPGlobal_GrupoBimbo,S.A.B.deC.V._PensionDetails_19-Sep-2026.xlsx",Pension Details,49
2022 FQ4,quarter,2022,Q4,2022-12-31,2024-04-30,Breakdown of Plan Assets (%),Other Plan Assets (Pension)/ Total,7.639,%,,MXN,Current/Restated,,,,19-Sep-2026,"Financials/Templated/Pension Details/SPGlobal_GrupoBimbo,S.A.B.deC.V._PensionDetails_19-Sep-2026.xlsx",Pension Details,49
2023 FQ4,quarter,2023,Q4,2023-12-31,2025-04-30,Breakdown of Plan Assets (%),Other Plan Assets (Pension)/ Total,10.993,%,,MXN,Current/Restated,,,,19-Sep-2026,"Financials/Templated/Pension Details/SPGlobal_GrupoBimbo,S.A.B.deC.V._PensionDetails_19-Sep-2026.xlsx",Pension Details,49
2024 FQ4,quarter,2024,Q4,2024-12-31,2026-05-01,Breakdown of Plan Assets (%),Other Plan Assets (Pension)/ Total,8.942,%,,MXN,Current/Restated,,,,19-Sep-2026,"Financials/Templated/Pension Details/SPGlobal_GrupoBimbo,S.A.B.deC.V._PensionDetails_19-Sep-2026.xlsx",Pension Details,49
2025 FQ4,quarter,2025,Q4,2025-12-31,2026-05-01,Breakdown of Plan Assets (%),Other Plan Assets (Pension)/ Total,8.972,%,,MXN,Current/Restated,,,,19-Sep-2026,"Financials/Templated/Pension Details/SPGlobal_GrupoBimbo,S.A.B.deC.V._PensionDetails_19-Sep-2026.xlsx",Pension Details,49
2011 FQ4,quarter,2011,Q4,2011-12-31,2013-04-29,Breakdown of Plan Assets (Mex$000),Plan Assets (Pension) - Equities,4500000,Mex$000,thousands,MXN,Current/Restated,,,,19-Sep-2026,"Financials/Templated/Pension Details/SPGlobal_GrupoBimbo,S.A.B.deC.V._PensionDetails_19-Sep-2026.xlsx",Pension Details,52
2012 FQ4,quarter,2012,Q4,2012-12-31,2014-03-28,Breakdown of Plan Assets (Mex$000),Plan Assets (Pension) - Equities,6061000,Mex$000,thousands,MXN,Current/Restated,,,,19-Sep-2026,"Financials/Templated/Pension Details/SPGlobal_GrupoBimbo,S.A.B.deC.V._PensionDetails_19-Sep-2026.xlsx",Pension Details,52
2014 FQ4,quarter,2014,Q4,2014-12-31,2016-03-30,Breakdown of Plan Assets (Mex$000),Plan Assets (Pension) - Equities,12362000,Mex$000,thousands,MXN,Current/Restated,,,,19-Sep-2026,"Financials/Templated/Pension Details/SPGlobal_GrupoBimbo,S.A.B.deC.V._PensionDetails_19-Sep-2026.xlsx",Pension Details,52
2015 FQ4,quarter,2015,Q4,2015-12-31,2017-05-09,Breakdown of Plan Assets (Mex$000),Plan Assets (Pension) - Equities,9123000,Mex$000,thousands,MXN,Current/Restated,,,,19-Sep-2026,"Financials/Templated/Pension Details/SPGlobal_GrupoBimbo,S.A.B.deC.V._PensionDetails_19-Sep-2026.xlsx",Pension Details,52
2016 FQ4,quarter,2016,Q4,2016-12-31,2018-05-02,Breakdown of Plan Assets (Mex$000),Plan Assets (Pension) - Equities,8200000,Mex$000,thousands,MXN,Current/Restated,,,,19-Sep-2026,"Financials/Templated/Pension Details/SPGlobal_GrupoBimbo,S.A.B.deC.V._PensionDetails_19-Sep-2026.xlsx",Pension Details,52
2017 FQ4,quarter,2017,Q4,2017-12-31,2019-05-31,Breakdown of Plan Assets (Mex$000),Plan Assets (Pension) - Equities,6993000,Mex$000,thousands,MXN,Current/Restated,,,,19-Sep-2026,"Financials/Templated/Pension Details/SPGlobal_GrupoBimbo,S.A.B.deC.V._PensionDetails_19-Sep-2026.xlsx",Pension Details,52
2018 FQ4,quarter,2018,Q4,2018-12-31,2020-04-29,Breakdown of Plan Assets (Mex$000),Plan Assets (Pension) - Equities,5521000,Mex$000,thousands,MXN,Current/Restated,,,,19-Sep-2026,"Financials/Templated/Pension Details/SPGlobal_GrupoBimbo,S.A.B.deC.V._PensionDetails_19-Sep-2026.xlsx",Pension Details,52
2019 FQ4,quarter,2019,Q4,2019-12-31,2021-04-13,Breakdown of Plan Assets (Mex$000),Plan Assets (Pension) - Equities,6875000,Mex$000,thousands,MXN,Current/Restated,,,,19-Sep-2026,"Financials/Templated/Pension Details/SPGlobal_GrupoBimbo,S.A.B.deC.V._PensionDetails_19-Sep-2026.xlsx",Pension Details,52
2020 FQ4,quarter,2020,Q4,2020-12-31,2022-04-04,Breakdown of Plan Assets (Mex$000),Plan Assets (Pension) - Equities,8976000,Mex$000,thousands,MXN,Current/Restated,,,,19-Sep-2026,"Financials/Templated/Pension Details/SPGlobal_GrupoBimbo,S.A.B.deC.V._PensionDetails_19-Sep-2026.xlsx",Pension Details,52
2021 FQ4,quarter,2021,Q4,2021-12-31,2023-04-28,Breakdown of Plan Assets (Mex$000),Plan Assets (Pension) - Equities,7247000,Mex$000,thousands,MXN,Current/Restated,,,,19-Sep-2026,"Financials/Templated/Pension Details/SPGlobal_GrupoBimbo,S.A.B.deC.V._PensionDetails_19-Sep-2026.xlsx",Pension Details,52
2022 FQ4,quarter,2022,Q4,2022-12-31,2024-04-30,Breakdown of Plan Assets (Mex$000),Plan Assets (Pension) - Equities,6260000,Mex$000,thousands,MXN,Current/Restated,,,,19-Sep-2026,"Financials/Templated/Pension Details/SPGlobal_GrupoBimbo,S.A.B.deC.V._PensionDetails_19-Sep-2026.xlsx",Pension Details,52
2023 FQ4,quarter,2023,Q4,2023-12-31,2025-04-30,Breakdown of Plan Assets (Mex$000),Plan Assets (Pension) - Equities,6333000,Mex$000,thousands,MXN,Current/Restated,,,,19-Sep-2026,"Financials/Templated/Pension Details/SPGlobal_GrupoBimbo,S.A.B.deC.V._PensionDetails_19-Sep-2026.xlsx",Pension Details,52
2024 FQ4,quarter,2024,Q4,2024-12-31,2026-05-01,Breakdown of Plan Assets (Mex$000),Plan Assets (Pension) - Equities,6927000,Mex$000,thousands,MXN,Current/Restated,,,,19-Sep-2026,"Financials/Templated/Pension Details/SPGlobal_GrupoBimbo,S.A.B.deC.V._PensionDetails_19-Sep-2026.xlsx",Pension Details,52
2025 FQ4,quarter,2025,Q4,2025-12-31,2026-05-01,Breakdown of Plan Assets (Mex$000),Plan Assets (Pension) - Equities,7381000,Mex$000,thousands,MXN,Current/Restated,,,,19-Sep-2026,"Financials/Templated/Pension Details/SPGlobal_GrupoBimbo,S.A.B.deC.V._PensionDetails_19-Sep-2026.xlsx",Pension Details,52
2011 FQ4,quarter,2011,Q4,2011-12-31,2013-04-29,Breakdown of Plan Assets (Mex$000),Plan Assets (Pension) - Fixed Income,9061000,Mex$000,thousands,MXN,Current/Restated,,,,19-Sep-2026,"Financials/Templated/Pension Details/SPGlobal_GrupoBimbo,S.A.B.deC.V._PensionDetails_19-Sep-2026.xlsx",Pension Details,53
2012 FQ4,quarter,2012,Q4,2012-12-31,2014-03-28,Breakdown of Plan Assets (Mex$000),Plan Assets (Pension) - Fixed Income,8524000,Mex$000,thousands,MXN,Current/Restated,,,,19-Sep-2026,"Financials/Templated/Pension Details/SPGlobal_GrupoBimbo,S.A.B.deC.V._PensionDetails_19-Sep-2026.xlsx",Pension Details,53
2014 FQ4,quarter,2014,Q4,2014-12-31,2016-03-30,Breakdown of Plan Assets (Mex$000),Plan Assets (Pension) - Fixed Income,6871000,Mex$000,thousands,MXN,Current/Restated,,,,19-Sep-2026,"Financials/Templated/Pension Details/SPGlobal_GrupoBimbo,S.A.B.deC.V._PensionDetails_19-Sep-2026.xlsx",Pension Details,53
2015 FQ4,quarter,2015,Q4,2015-12-31,2017-05-09,Breakdown of Plan Assets (Mex$000),Plan Assets (Pension) - Fixed Income,11384000,Mex$000,thousands,MXN,Current/Restated,,,,19-Sep-2026,"Financials/Templated/Pension Details/SPGlobal_GrupoBimbo,S.A.B.deC.V._PensionDetails_19-Sep-2026.xlsx",Pension Details,53
2016 FQ4,quarter,2016,Q4,2016-12-31,2018-05-02,Breakdown of Plan Assets (Mex$000),Plan Assets (Pension) - Fixed Income,14020000,Mex$000,thousands,MXN,Current/Restated,,,,19-Sep-2026,"Financials/Templated/Pension Details/SPGlobal_GrupoBimbo,S.A.B.deC.V._PensionDetails_19-Sep-2026.xlsx",Pension Details,53
2017 FQ4,quarter,2017,Q4,2017-12-31,2019-05-31,Breakdown of Plan Assets (Mex$000),Plan Assets (Pension) - Fixed Income,16545000,Mex$000,thousands,MXN,Current/Restated,,,,19-Sep-2026,"Financials/Templated/Pension Details/SPGlobal_GrupoBimbo,S.A.B.deC.V._PensionDetails_19-Sep-2026.xlsx",Pension Details,53
2018 FQ4,quarter,2018,Q4,2018-12-31,2020-04-29,Breakdown of Plan Assets (Mex$000),Plan Assets (Pension) - Fixed Income,16438000,Mex$000,thousands,MXN,Current/Restated,,,,19-Sep-2026,"Financials/Templated/Pension Details/SPGlobal_GrupoBimbo,S.A.B.deC.V._PensionDetails_19-Sep-2026.xlsx",Pension Details,53
2019 FQ4,quarter,2019,Q4,2019-12-31,2021-04-13,Breakdown of Plan Assets (Mex$000),Plan Assets (Pension) - Fixed Income,20225000,Mex$000,thousands,MXN,Current/Restated,,,,19-Sep-2026,"Financials/Templated/Pension Details/SPGlobal_GrupoBimbo,S.A.B.deC.V._PensionDetails_19-Sep-2026.xlsx",Pension Details,53
2020 FQ4,quarter,2020,Q4,2020-12-31,2022-04-04,Breakdown of Plan Assets (Mex$000),Plan Assets (Pension) - Fixed Income,23136000,Mex$000,thousands,MXN,Current/Restated,,,,19-Sep-2026,"Financials/Templated/Pension Details/SPGlobal_GrupoBimbo,S.A.B.deC.V._PensionDetails_19-Sep-2026.xlsx",Pension Details,53
2021 FQ4,quarter,2021,Q4,2021-12-31,2023-04-28,Breakdown of Plan Assets (Mex$000),Plan Assets (Pension) - Fixed Income,25471000,Mex$000,thousands,MXN,Current/Restated,,,,19-Sep-2026,"Financials/Templated/Pension Details/SPGlobal_GrupoBimbo,S.A.B.deC.V._PensionDetails_19-Sep-2026.xlsx",Pension Details,53
2022 FQ4,quarter,2022,Q4,2022-12-31,2024-04-30,Breakdown of Plan Assets (Mex$000),Plan Assets (Pension) - Fixed Income,16288000,Mex$000,thousands,MXN,Current/Restated,,,,19-Sep-2026,"Financials/Templated/Pension Details/SPGlobal_GrupoBimbo,S.A.B.deC.V._PensionDetails_19-Sep-2026.xlsx",Pension Details,53
2023 FQ4,quarter,2023,Q4,2023-12-31,2025-04-30,Breakdown of Plan Assets (Mex$000),Plan Assets (Pension) - Fixed Income,15730000,Mex$000,thousands,MXN,Current/Restated,,,,19-Sep-2026,"Financials/Templated/Pension Details/SPGlobal_GrupoBimbo,S.A.B.deC.V._PensionDetails_19-Sep-2026.xlsx",Pension Details,53
2024 FQ4,quarter,2024,Q4,2024-12-31,2026-05-01,Breakdown of Plan Assets (Mex$000),Plan Assets (Pension) - Fixed Income,17371000,Mex$000,thousands,MXN,Current/Restated,,,,19-Sep-2026,"Financials/Templated/Pension Details/SPGlobal_GrupoBimbo,S.A.B.deC.V._PensionDetails_19-Sep-2026.xlsx",Pension Details,53
2025 FQ4,quarter,2025,Q4,2025-12-31,2026-05-01,Breakdown of Plan Assets (Mex$000),Plan Assets (Pension) - Fixed Income,17660000,Mex$000,thousands,MXN,Current/Restated,,,,19-Sep-2026,"Financials/Templated/Pension Details/SPGlobal_GrupoBimbo,S.A.B.deC.V._PensionDetails_19-Sep-2026.xlsx",Pension Details,53
2011 FQ4,quarter,2011,Q4,2011-12-31,2013-04-29,Breakdown of Plan Assets (Mex$000),Other Plan Assets (Pension),2299000,Pension,,MXN,Current/Restated,,,,19-Sep-2026,"Financials/Templated/Pension Details/SPGlobal_GrupoBimbo,S.A.B.deC.V._PensionDetails_19-Sep-2026.xlsx",Pension Details,54
2012 FQ4,quarter,2012,Q4,2012-12-31,2014-03-28,Breakdown of Plan Assets (Mex$000),Other Plan Assets (Pension),1817000,Pension,,MXN,Current/Restated,,,,19-Sep-2026,"Financials/Templated/Pension Details/SPGlobal_GrupoBimbo,S.A.B.deC.V._PensionDetails_19-Sep-2026.xlsx",Pension Details,54
2014 FQ4,quarter,2014,Q4,2014-12-31,2016-03-30,Breakdown of Plan Assets (Mex$000),Other Plan Assets (Pension),2490000,Pension,,MXN,Current/Restated,,,,19-Sep-2026,"Financials/Templated/Pension Details/SPGlobal_GrupoBimbo,S.A.B.deC.V._PensionDetails_19-Sep-2026.xlsx",Pension Details,54
2015 FQ4,quarter,2015,Q4,2015-12-31,2017-05-09,Breakdown of Plan Assets (Mex$000),Other Plan Assets (Pension),3642000,Pension,,MXN,Current/Restated,,,,19-Sep-2026,"Financials/Templated/Pension Details/SPGlobal_GrupoBimbo,S.A.B.deC.V._PensionDetails_19-Sep-2026.xlsx",Pension Details,54
2016 FQ4,quarter,2016,Q4,2016-12-31,2018-05-02,Breakdown of Plan Assets (Mex$000),Other Plan Assets (Pension),4233000,Pension,,MXN,Current/Restated,,,,19-Sep-2026,"Financials/Templated/Pension Details/SPGlobal_GrupoBimbo,S.A.B.deC.V._PensionDetails_19-Sep-2026.xlsx",Pension Details,54
2017 FQ4,quarter,2017,Q4,2017-12-31,2019-05-31,Breakdown of Plan Assets (Mex$000),Other Plan Assets (Pension),2676000,Pension,,MXN,Current/Restated,,,,19-Sep-2026,"Financials/Templated/Pension Details/SPGlobal_GrupoBimbo,S.A.B.deC.V._PensionDetails_19-Sep-2026.xlsx",Pension Details,54
2018 FQ4,quarter,2018,Q4,2018-12-31,2020-04-29,Breakdown of Plan Assets (Mex$000),Other Plan Assets (Pension),1933000,Pension,,MXN,Current/Restated,,,,19-Sep-2026,"Financials/Templated/Pension Details/SPGlobal_GrupoBimbo,S.A.B.deC.V._PensionDetails_19-Sep-2026.xlsx",Pension Details,54
2019 FQ4,quarter,2019,Q4,2019-12-31,2021-04-13,Breakdown of Plan Assets (Mex$000),Other Plan Assets (Pension),2153000,Pension,,MXN,Current/Restated,,,,19-Sep-2026,"Financials/Templated/Pension Details/SPGlobal_GrupoBimbo,S.A.B.deC.V._PensionDetails_19-Sep-2026.xlsx",Pension Details,54
2020 FQ4,quarter,2020,Q4,2020-12-31,2022-04-04,Breakdown of Plan Assets (Mex$000),Other Plan Assets (Pension),2678000,Pension,,MXN,Current/Restated,,,,19-Sep-2026,"Financials/Templated/Pension Details/SPGlobal_GrupoBimbo,S.A.B.deC.V._PensionDetails_19-Sep-2026.xlsx",Pension Details,54
2021 FQ4,quarter,2021,Q4,2021-12-31,2023-04-28,Breakdown of Plan Assets (Mex$000),Other Plan Assets (Pension),4105000,Pension,,MXN,Current/Restated,,,,19-Sep-2026,"Financials/Templated/Pension Details/SPGlobal_GrupoBimbo,S.A.B.deC.V._PensionDetails_19-Sep-2026.xlsx",Pension Details,54
2022 FQ4,quarter,2022,Q4,2022-12-31,2024-04-30,Breakdown of Plan Assets (Mex$000),Other Plan Assets (Pension),1865000,Pension,,MXN,Current/Restated,,,,19-Sep-2026,"Financials/Templated/Pension Details/SPGlobal_GrupoBimbo,S.A.B.deC.V._PensionDetails_19-Sep-2026.xlsx",Pension Details,54
2023 FQ4,quarter,2023,Q4,2023-12-31,2025-04-30,Breakdown of Plan Assets (Mex$000),Other Plan Assets (Pension),2725000,Pension,,MXN,Current/Restated,,,,19-Sep-2026,"Financials/Templated/Pension Details/SPGlobal_GrupoBimbo,S.A.B.deC.V._PensionDetails_19-Sep-2026.xlsx",Pension Details,54
2024 FQ4,quarter,2024,Q4,2024-12-31,2026-05-01,Breakdown of Plan Assets (Mex$000),Other Plan Assets (Pension),2386000,Pension,,MXN,Current/Restated,,,,19-Sep-2026,"Financials/Templated/Pension Details/SPGlobal_GrupoBimbo,S.A.B.deC.V._PensionDetails_19-Sep-2026.xlsx",Pension Details,54
2025 FQ4,quarter,2025,Q4,2025-12-31,2026-05-01,Breakdown of Plan Assets (Mex$000),Other Plan Assets (Pension),2468000,Pension,,MXN,Current/Restated,,,,19-Sep-2026,"Financials/Templated/Pension Details/SPGlobal_GrupoBimbo,S.A.B.deC.V._PensionDetails_19-Sep-2026.xlsx",Pension Details,54
2007 FQ4,quarter,2007,Q4,2007-12-31,2009-04-15,Consolidated Balance Sheet Amounts (Mex$000),Long-term Liabilities (Pension),-758000,Pension,,MXN,Current/Restated,,,,19-Sep-2026,"Financials/Templated/Pension Details/SPGlobal_GrupoBimbo,S.A.B.deC.V._PensionDetails_19-Sep-2026.xlsx",Pension Details,57
2009 FQ4,quarter,2009,Q4,2009-12-31,2011-03-17,Consolidated Balance Sheet Amounts (Mex$000),Long-term Liabilities (Pension),-3605000,Pension,,MXN,Current/Restated,,,,19-Sep-2026,"Financials/Templated/Pension Details/SPGlobal_GrupoBimbo,S.A.B.deC.V._PensionDetails_19-Sep-2026.xlsx",Pension Details,57
2010 FQ4,quarter,2010,Q4,2010-12-31,2012-04-27,Consolidated Balance Sheet Amounts (Mex$000),Long-term Liabilities (Pension),-3537000,Pension,,MXN,Current/Restated,,,,19-Sep-2026,"Financials/Templated/Pension Details/SPGlobal_GrupoBimbo,S.A.B.deC.V._PensionDetails_19-Sep-2026.xlsx",Pension Details,57
2011 FQ4,quarter,2011,Q4,2011-12-31,2013-04-29,Consolidated Balance Sheet Amounts (Mex$000),Long-term Liabilities (Pension),-16586000,Pension,,MXN,Current/Restated,,,,19-Sep-2026,"Financials/Templated/Pension Details/SPGlobal_GrupoBimbo,S.A.B.deC.V._PensionDetails_19-Sep-2026.xlsx",Pension Details,57
2012 FQ4,quarter,2012,Q4,2012-12-31,2014-03-28,Consolidated Balance Sheet Amounts (Mex$000),Long-term Liabilities (Pension),-17835000,Pension,,MXN,Current/Restated,,,,19-Sep-2026,"Financials/Templated/Pension Details/SPGlobal_GrupoBimbo,S.A.B.deC.V._PensionDetails_19-Sep-2026.xlsx",Pension Details,57
2007 FQ4,quarter,2007,Q4,2007-12-31,2009-04-15,Other Pension Related Items (Mex$000),Unfunded & Vested Pension Liab.,415000,Mex$000,thousands,MXN,Current/Restated,,,,19-Sep-2026,"Financials/Templated/Pension Details/SPGlobal_GrupoBimbo,S.A.B.deC.V._PensionDetails_19-Sep-2026.xlsx",Pension Details,60
2007 FQ4,quarter,2007,Q4,2007-12-31,2009-04-15,Other Pension Related Items (Mex$000),Unfunded Additional Minimum Liab. (Pension),580000,Pension,,MXN,Current/Restated,,,,19-Sep-2026,"Financials/Templated/Pension Details/SPGlobal_GrupoBimbo,S.A.B.deC.V._PensionDetails_19-Sep-2026.xlsx",Pension Details,61
2009 FQ4,quarter,2009,Q4,2009-12-31,2011-03-17,Consolidated Balance Sheet Amounts (Mex$000),Current Liabilities (OPEB),-254000,OPEB,,MXN,Current/Restated,,,,19-Sep-2026,"Financials/Templated/Pension Details/SPGlobal_GrupoBimbo,S.A.B.deC.V._PensionDetails_19-Sep-2026.xlsx",Pension Details,64
2010 FQ4,quarter,2010,Q4,2010-12-31,2012-04-27,Consolidated Balance Sheet Amounts (Mex$000),Current Liabilities (OPEB),-318000,OPEB,,MXN,Current/Restated,,,,19-Sep-2026,"Financials/Templated/Pension Details/SPGlobal_GrupoBimbo,S.A.B.deC.V._PensionDetails_19-Sep-2026.xlsx",Pension Details,64
2011 FQ4,quarter,2011,Q4,2011-12-31,2013-04-29,Consolidated Balance Sheet Amounts (Mex$000),Current Liabilities (OPEB),-1180000,OPEB,,MXN,Current/Restated,,,,19-Sep-2026,"Financials/Templated/Pension Details/SPGlobal_GrupoBimbo,S.A.B.deC.V._PensionDetails_19-Sep-2026.xlsx",Pension Details,64
2012 FQ4,quarter,2012,Q4,2012-12-31,2014-03-28,Consolidated Balance Sheet Amounts (Mex$000),Current Liabilities (OPEB),-1313000,OPEB,,MXN,Current/Restated,,,,19-Sep-2026,"Financials/Templated/Pension Details/SPGlobal_GrupoBimbo,S.A.B.deC.V._PensionDetails_19-Sep-2026.xlsx",Pension Details,64
2009 FQ4,quarter,2009,Q4,2009-12-31,2011-03-17,Consolidated Balance Sheet Amounts (Mex$000),Long-term Liabilities (OPEB),-1039000,OPEB,,MXN,Current/Restated,,,,19-Sep-2026,"Financials/Templated/Pension Details/SPGlobal_GrupoBimbo,S.A.B.deC.V._PensionDetails_19-Sep-2026.xlsx",Pension Details,65
2010 FQ4,quarter,2010,Q4,2010-12-31,2012-04-27,Consolidated Balance Sheet Amounts (Mex$000),Long-term Liabilities (OPEB),-1084000,OPEB,,MXN,Current/Restated,,,,19-Sep-2026,"Financials/Templated/Pension Details/SPGlobal_GrupoBimbo,S.A.B.deC.V._PensionDetails_19-Sep-2026.xlsx",Pension Details,65
2011 FQ4,quarter,2011,Q4,2011-12-31,2013-04-29,Consolidated Balance Sheet Amounts (Mex$000),Long-term Liabilities (OPEB),-2754000,OPEB,,MXN,Current/Restated,,,,19-Sep-2026,"Financials/Templated/Pension Details/SPGlobal_GrupoBimbo,S.A.B.deC.V._PensionDetails_19-Sep-2026.xlsx",Pension Details,65
2012 FQ4,quarter,2012,Q4,2012-12-31,2014-03-28,Consolidated Balance Sheet Amounts (Mex$000),Long-term Liabilities (OPEB),-2534000,OPEB,,MXN,Current/Restated,,,,19-Sep-2026,"Financials/Templated/Pension Details/SPGlobal_GrupoBimbo,S.A.B.deC.V._PensionDetails_19-Sep-2026.xlsx",Pension Details,65
2012 FQ4,quarter,2012,Q4,2012-12-31,2014-03-28,Other Post-Retirement Benefit Related Items (%),Benefit Info Date,2012-12-31 00:00:00,%,,MXN,Current/Restated,,,,19-Sep-2026,"Financials/Templated/Pension Details/SPGlobal_GrupoBimbo,S.A.B.deC.V._PensionDetails_19-Sep-2026.xlsx",Pension Details,68
2013 FQ4,quarter,2013,Q4,2013-12-31,2015-04-29,Other Post-Retirement Benefit Related Items (%),Benefit Info Date,2013-12-31 00:00:00,%,,MXN,Current/Restated,,,,19-Sep-2026,"Financials/Templated/Pension Details/SPGlobal_GrupoBimbo,S.A.B.deC.V._PensionDetails_19-Sep-2026.xlsx",Pension Details,68
2015 FQ4,quarter,2015,Q4,2015-12-31,2017-05-09,Other Post-Retirement Benefit Related Items (%),Benefit Info Date,2015-12-31 00:00:00,%,,MXN,Current/Restated,,,,19-Sep-2026,"Financials/Templated/Pension Details/SPGlobal_GrupoBimbo,S.A.B.deC.V._PensionDetails_19-Sep-2026.xlsx",Pension Details,68
2016 FQ4,quarter,2016,Q4,2016-12-31,2018-05-02,Other Post-Retirement Benefit Related Items (%),Benefit Info Date,2016-12-31 00:00:00,%,,MXN,Current/Restated,,,,19-Sep-2026,"Financials/Templated/Pension Details/SPGlobal_GrupoBimbo,S.A.B.deC.V._PensionDetails_19-Sep-2026.xlsx",Pension Details,68
2017 FQ4,quarter,2017,Q4,2017-12-31,2019-05-31,Other Post-Retirement Benefit Related Items (%),Benefit Info Date,2017-12-31 00:00:00,%,,MXN,Current/Restated,,,,19-Sep-2026,"Financials/Templated/Pension Details/SPGlobal_GrupoBimbo,S.A.B.deC.V._PensionDetails_19-Sep-2026.xlsx",Pension Details,68
2018 FQ4,quarter,2018,Q4,2018-12-31,2020-04-29,Other Post-Retirement Benefit Related Items (%),Benefit Info Date,2018-12-31 00:00:00,%,,MXN,Current/Restated,,,,19-Sep-2026,"Financials/Templated/Pension Details/SPGlobal_GrupoBimbo,S.A.B.deC.V._PensionDetails_19-Sep-2026.xlsx",Pension Details,68
2019 FQ4,quarter,2019,Q4,2019-12-31,2021-04-13,Other Post-Retirement Benefit Related Items (%),Benefit Info Date,2019-12-31 00:00:00,%,,MXN,Current/Restated,,,,19-Sep-2026,"Financials/Templated/Pension Details/SPGlobal_GrupoBimbo,S.A.B.deC.V._PensionDetails_19-Sep-2026.xlsx",Pension Details,68
2020 FQ4,quarter,2020,Q4,2020-12-31,2022-04-04,Other Post-Retirement Benefit Related Items (%),Benefit Info Date,2020-12-31 00:00:00,%,,MXN,Current/Restated,,,,19-Sep-2026,"Financials/Templated/Pension Details/SPGlobal_GrupoBimbo,S.A.B.deC.V._PensionDetails_19-Sep-2026.xlsx",Pension Details,68
2021 FQ4,quarter,2021,Q4,2021-12-31,2023-04-28,Other Post-Retirement Benefit Related Items (%),Benefit Info Date,2021-12-31 00:00:00,%,,MXN,Current/Restated,,,,19-Sep-2026,"Financials/Templated/Pension Details/SPGlobal_GrupoBimbo,S.A.B.deC.V._PensionDetails_19-Sep-2026.xlsx",Pension Details,68
2022 FQ4,quarter,2022,Q4,2022-12-31,2024-04-30,Other Post-Retirement Benefit Related Items (%),Benefit Info Date,2022-12-31 00:00:00,%,,MXN,Current/Restated,,,,19-Sep-2026,"Financials/Templated/Pension Details/SPGlobal_GrupoBimbo,S.A.B.deC.V._PensionDetails_19-Sep-2026.xlsx",Pension Details,68
2023 FQ4,quarter,2023,Q4,2023-12-31,2025-04-30,Other Post-Retirement Benefit Related Items (%),Benefit Info Date,2023-12-31 00:00:00,%,,MXN,Current/Restated,,,,19-Sep-2026,"Financials/Templated/Pension Details/SPGlobal_GrupoBimbo,S.A.B.deC.V._PensionDetails_19-Sep-2026.xlsx",Pension Details,68
2024 FQ4,quarter,2024,Q4,2024-12-31,2026-05-01,Other Post-Retirement Benefit Related Items (%),Benefit Info Date,2024-12-31 00:00:00,%,,MXN,Current/Restated,,,,19-Sep-2026,"Financials/Templated/Pension Details/SPGlobal_GrupoBimbo,S.A.B.deC.V._PensionDetails_19-Sep-2026.xlsx",Pension Details,68
2025 FQ4,quarter,2025,Q4,2025-12-31,2026-05-01,Other Post-Retirement Benefit Related Items (%),Benefit Info Date,2025-12-31 00:00:00,%,,MXN,Current/Restated,,,,19-Sep-2026,"Financials/Templated/Pension Details/SPGlobal_GrupoBimbo,S.A.B.deC.V._PensionDetails_19-Sep-2026.xlsx",Pension Details,68
