as_of,date,broker,analyst,metric,period,broker_after,broker_before,broker_change_pct,consensus_after,consensus_before,consensus_change_pct,source_file,sheet,excel_row
2026-10-06,2026-09-28,Not Entitled**,Not Entitled**,Dividend per share (Mex$),2026 FY,-,-,-,-,-,-,"filings/capitaliq/Estimates/Recent Changes/SPGlobal_GrupoBimbo,S.A.B.deC.V._RecentChanges_06-Oct-2026.xlsx",Recent Changes,17
2026-10-06,2026-09-28,Not Entitled**,Not Entitled**,EPS (GAAP) (Mex$),2026 FY,-,-,-,-,-,-,"filings/capitaliq/Estimates/Recent Changes/SPGlobal_GrupoBimbo,S.A.B.deC.V._RecentChanges_06-Oct-2026.xlsx",Recent Changes,18
2026-10-06,2026-09-28,Not Entitled**,Not Entitled**,EPS (GAAP) (Mex$),2026 FQ3,-,-,-,-,-,-,"filings/capitaliq/Estimates/Recent Changes/SPGlobal_GrupoBimbo,S.A.B.deC.V._RecentChanges_06-Oct-2026.xlsx",Recent Changes,19
2026-10-06,2026-09-28,Not Entitled**,Not Entitled**,EPS (GAAP) (Mex$),2026 FQ4,-,-,-,-,-,-,"filings/capitaliq/Estimates/Recent Changes/SPGlobal_GrupoBimbo,S.A.B.deC.V._RecentChanges_06-Oct-2026.xlsx",Recent Changes,20
2026-10-06,2026-09-28,Not Entitled**,Not Entitled**,EBITDA (Mex$000),2026 FY,-,-,-,-,-,-,"filings/capitaliq/Estimates/Recent Changes/SPGlobal_GrupoBimbo,S.A.B.deC.V._RecentChanges_06-Oct-2026.xlsx",Recent Changes,21
2026-10-06,2026-09-28,Not Entitled**,Not Entitled**,EBIT (Mex$000),2026 FQ3,-,-,-,-,-,-,"filings/capitaliq/Estimates/Recent Changes/SPGlobal_GrupoBimbo,S.A.B.deC.V._RecentChanges_06-Oct-2026.xlsx",Recent Changes,22
2026-10-06,2026-09-28,Not Entitled**,Not Entitled**,EBT Normalized (Mex$000),2026 FQ3,-,-,-,-,-,-,"filings/capitaliq/Estimates/Recent Changes/SPGlobal_GrupoBimbo,S.A.B.deC.V._RecentChanges_06-Oct-2026.xlsx",Recent Changes,23
2026-10-06,2026-09-28,Not Entitled**,Not Entitled**,Net Income (GAAP) (Mex$000),2026 FQ3,-,-,-,-,-,-,"filings/capitaliq/Estimates/Recent Changes/SPGlobal_GrupoBimbo,S.A.B.deC.V._RecentChanges_06-Oct-2026.xlsx",Recent Changes,24
2026-10-06,2026-09-28,Not Entitled**,Not Entitled**,Revenue (Mex$000),2026 FQ3,-,-,-,-,-,-,"filings/capitaliq/Estimates/Recent Changes/SPGlobal_GrupoBimbo,S.A.B.deC.V._RecentChanges_06-Oct-2026.xlsx",Recent Changes,25
2026-10-06,2026-09-28,Not Entitled**,Not Entitled**,EBITDA (Mex$000),2026 FQ4,-,-,-,-,-,-,"filings/capitaliq/Estimates/Recent Changes/SPGlobal_GrupoBimbo,S.A.B.deC.V._RecentChanges_06-Oct-2026.xlsx",Recent Changes,26
2026-10-06,2026-09-28,Not Entitled**,Not Entitled**,EBIT (Mex$000),2026 FQ4,-,-,-,-,-,-,"filings/capitaliq/Estimates/Recent Changes/SPGlobal_GrupoBimbo,S.A.B.deC.V._RecentChanges_06-Oct-2026.xlsx",Recent Changes,27
2026-10-06,2026-09-28,Not Entitled**,Not Entitled**,EBITDA (Mex$000),2026 FQ3,-,-,-,-,-,-,"filings/capitaliq/Estimates/Recent Changes/SPGlobal_GrupoBimbo,S.A.B.deC.V._RecentChanges_06-Oct-2026.xlsx",Recent Changes,28
2026-10-06,2026-09-28,Not Entitled**,Not Entitled**,EBT Normalized (Mex$000),2026 FY,-,-,-,-,-,-,"filings/capitaliq/Estimates/Recent Changes/SPGlobal_GrupoBimbo,S.A.B.deC.V._RecentChanges_06-Oct-2026.xlsx",Recent Changes,29
2026-10-06,2026-09-28,Not Entitled**,Not Entitled**,EBIT (Mex$000),2026 FY,-,-,-,-,-,-,"filings/capitaliq/Estimates/Recent Changes/SPGlobal_GrupoBimbo,S.A.B.deC.V._RecentChanges_06-Oct-2026.xlsx",Recent Changes,30
2026-10-06,2026-09-28,Not Entitled**,Not Entitled**,EBT Normalized (Mex$000),2026 FQ4,-,-,-,-,-,-,"filings/capitaliq/Estimates/Recent Changes/SPGlobal_GrupoBimbo,S.A.B.deC.V._RecentChanges_06-Oct-2026.xlsx",Recent Changes,31
2026-10-06,2026-09-28,Not Entitled**,Not Entitled**,Net Income (GAAP) (Mex$000),2026 FQ4,-,-,-,-,-,-,"filings/capitaliq/Estimates/Recent Changes/SPGlobal_GrupoBimbo,S.A.B.deC.V._RecentChanges_06-Oct-2026.xlsx",Recent Changes,32
2026-10-06,2026-09-28,Not Entitled**,Not Entitled**,Net Income (GAAP) (Mex$000),2026 FY,-,-,-,-,-,-,"filings/capitaliq/Estimates/Recent Changes/SPGlobal_GrupoBimbo,S.A.B.deC.V._RecentChanges_06-Oct-2026.xlsx",Recent Changes,33
2026-10-06,2026-09-28,Not Entitled**,Not Entitled**,Revenue (Mex$000),2026 FQ4,-,-,-,-,-,-,"filings/capitaliq/Estimates/Recent Changes/SPGlobal_GrupoBimbo,S.A.B.deC.V._RecentChanges_06-Oct-2026.xlsx",Recent Changes,34
2026-10-06,2026-09-28,Not Entitled**,Not Entitled**,Revenue (Mex$000),2026 FY,-,-,-,-,-,-,"filings/capitaliq/Estimates/Recent Changes/SPGlobal_GrupoBimbo,S.A.B.deC.V._RecentChanges_06-Oct-2026.xlsx",Recent Changes,35
2026-10-06,2026-09-28,Not Entitled**,Not Entitled**,ROE (%),2026 FY,-,-,-,-,-,-,"filings/capitaliq/Estimates/Recent Changes/SPGlobal_GrupoBimbo,S.A.B.deC.V._RecentChanges_06-Oct-2026.xlsx",Recent Changes,36
2026-10-06,2026-09-22,Not Entitled**,Not Entitled**,TEV (Mex$000),2026 FY,-,-,-,-,-,-,"filings/capitaliq/Estimates/Recent Changes/SPGlobal_GrupoBimbo,S.A.B.deC.V._RecentChanges_06-Oct-2026.xlsx",Recent Changes,37
2026-10-06,2026-09-22,Not Entitled**,Not Entitled**,ROE (%),2026 FY,-,-,-,-,-,-,"filings/capitaliq/Estimates/Recent Changes/SPGlobal_GrupoBimbo,S.A.B.deC.V._RecentChanges_06-Oct-2026.xlsx",Recent Changes,38
2026-10-06,2026-09-22,Not Entitled**,Not Entitled**,Revenue (Mex$000),2026 FY,-,-,-,-,-,-,"filings/capitaliq/Estimates/Recent Changes/SPGlobal_GrupoBimbo,S.A.B.deC.V._RecentChanges_06-Oct-2026.xlsx",Recent Changes,39
2026-10-06,2026-09-22,Not Entitled**,Not Entitled**,Net Debt (Mex$000),2026 FY,-,-,-,-,-,-,"filings/capitaliq/Estimates/Recent Changes/SPGlobal_GrupoBimbo,S.A.B.deC.V._RecentChanges_06-Oct-2026.xlsx",Recent Changes,40
2026-10-06,2026-09-22,Not Entitled**,Not Entitled**,Net Income (GAAP) (Mex$000),2026 FY,-,-,-,-,-,-,"filings/capitaliq/Estimates/Recent Changes/SPGlobal_GrupoBimbo,S.A.B.deC.V._RecentChanges_06-Oct-2026.xlsx",Recent Changes,41
2026-10-06,2026-09-22,Not Entitled**,Not Entitled**,EBT (GAAP) (Mex$000),2026 FY,-,-,-,-,-,-,"filings/capitaliq/Estimates/Recent Changes/SPGlobal_GrupoBimbo,S.A.B.deC.V._RecentChanges_06-Oct-2026.xlsx",Recent Changes,42
2026-10-06,2026-09-22,Not Entitled**,Not Entitled**,EBIT (Mex$000),2026 FY,-,-,-,-,-,-,"filings/capitaliq/Estimates/Recent Changes/SPGlobal_GrupoBimbo,S.A.B.deC.V._RecentChanges_06-Oct-2026.xlsx",Recent Changes,43
2026-10-06,2026-09-22,Not Entitled**,Not Entitled**,EBITDA (Mex$000),2026 FY,-,-,-,-,-,-,"filings/capitaliq/Estimates/Recent Changes/SPGlobal_GrupoBimbo,S.A.B.deC.V._RecentChanges_06-Oct-2026.xlsx",Recent Changes,44
2026-10-06,2026-09-22,Not Entitled**,Not Entitled**,EPS (GAAP) (Mex$),2026 FY,-,-,-,-,-,-,"filings/capitaliq/Estimates/Recent Changes/SPGlobal_GrupoBimbo,S.A.B.deC.V._RecentChanges_06-Oct-2026.xlsx",Recent Changes,45
2026-10-06,2026-09-22,Not Entitled**,Not Entitled**,Book Value per share (Mex$),2026 FY,-,-,-,-,-,-,"filings/capitaliq/Estimates/Recent Changes/SPGlobal_GrupoBimbo,S.A.B.deC.V._RecentChanges_06-Oct-2026.xlsx",Recent Changes,46
2026-10-06,2026-09-03,Not Entitled**,Not Entitled**,Net Debt (Mex$000),2026 FY,-,-,-,-,-,-,"filings/capitaliq/Estimates/Recent Changes/SPGlobal_GrupoBimbo,S.A.B.deC.V._RecentChanges_06-Oct-2026.xlsx",Recent Changes,47
2026-10-06,2026-09-03,Not Entitled**,Not Entitled**,TEV (Mex$000),2026 FY,360730537.66,369093620.67,-2.2658,373739323.03,377920864.54,-1.1064595534014,"filings/capitaliq/Estimates/Recent Changes/SPGlobal_GrupoBimbo,S.A.B.deC.V._RecentChanges_06-Oct-2026.xlsx",Recent Changes,48
2026-10-06,2026-09-03,Not Entitled**,Not Entitled**,ROE (%),2026 FY,-,-,-,-,-,-,"filings/capitaliq/Estimates/Recent Changes/SPGlobal_GrupoBimbo,S.A.B.deC.V._RecentChanges_06-Oct-2026.xlsx",Recent Changes,49
2026-10-06,2026-09-03,Not Entitled**,Not Entitled**,Revenue (Mex$000),2026 FY,-,-,-,-,-,-,"filings/capitaliq/Estimates/Recent Changes/SPGlobal_GrupoBimbo,S.A.B.deC.V._RecentChanges_06-Oct-2026.xlsx",Recent Changes,50
2026-10-06,2026-09-03,Not Entitled**,Not Entitled**,Net Income (GAAP) (Mex$000),2026 FY,-,-,-,-,-,-,"filings/capitaliq/Estimates/Recent Changes/SPGlobal_GrupoBimbo,S.A.B.deC.V._RecentChanges_06-Oct-2026.xlsx",Recent Changes,51
2026-10-06,2026-09-03,Not Entitled**,Not Entitled**,Revenue (Mex$000),2026 FQ4,-,-,-,-,-,-,"filings/capitaliq/Estimates/Recent Changes/SPGlobal_GrupoBimbo,S.A.B.deC.V._RecentChanges_06-Oct-2026.xlsx",Recent Changes,52
2026-10-06,2026-09-03,Not Entitled**,Not Entitled**,EBT Normalized (Mex$000),2026 FY,-,-,-,-,-,-,"filings/capitaliq/Estimates/Recent Changes/SPGlobal_GrupoBimbo,S.A.B.deC.V._RecentChanges_06-Oct-2026.xlsx",Recent Changes,53
2026-10-06,2026-09-03,Not Entitled**,Not Entitled**,EBITDA (Mex$000),2026 FQ3,-,-,-,-,-,-,"filings/capitaliq/Estimates/Recent Changes/SPGlobal_GrupoBimbo,S.A.B.deC.V._RecentChanges_06-Oct-2026.xlsx",Recent Changes,54
2026-10-06,2026-09-03,Not Entitled**,Not Entitled**,EBIT (Mex$000),2026 FQ4,-,-,-,-,-,-,"filings/capitaliq/Estimates/Recent Changes/SPGlobal_GrupoBimbo,S.A.B.deC.V._RecentChanges_06-Oct-2026.xlsx",Recent Changes,55
2026-10-06,2026-09-03,Not Entitled**,Not Entitled**,EBITDA (Mex$000),2026 FQ4,-,-,-,-,-,-,"filings/capitaliq/Estimates/Recent Changes/SPGlobal_GrupoBimbo,S.A.B.deC.V._RecentChanges_06-Oct-2026.xlsx",Recent Changes,56
2026-10-06,2026-09-03,Not Entitled**,Not Entitled**,Revenue (Mex$000),2026 FQ3,-,-,-,-,-,-,"filings/capitaliq/Estimates/Recent Changes/SPGlobal_GrupoBimbo,S.A.B.deC.V._RecentChanges_06-Oct-2026.xlsx",Recent Changes,57
2026-10-06,2026-09-03,Not Entitled**,Not Entitled**,Net Income (GAAP) (Mex$000),2026 FQ3,-,-,-,-,-,-,"filings/capitaliq/Estimates/Recent Changes/SPGlobal_GrupoBimbo,S.A.B.deC.V._RecentChanges_06-Oct-2026.xlsx",Recent Changes,58
2026-10-06,2026-09-03,Not Entitled**,Not Entitled**,EBT Normalized (Mex$000),2026 FQ3,-,-,-,-,-,-,"filings/capitaliq/Estimates/Recent Changes/SPGlobal_GrupoBimbo,S.A.B.deC.V._RecentChanges_06-Oct-2026.xlsx",Recent Changes,59
2026-10-06,2026-09-03,Not Entitled**,Not Entitled**,EBIT (Mex$000),2026 FQ3,-,-,-,-,-,-,"filings/capitaliq/Estimates/Recent Changes/SPGlobal_GrupoBimbo,S.A.B.deC.V._RecentChanges_06-Oct-2026.xlsx",Recent Changes,60
2026-10-06,2026-09-03,Not Entitled**,Not Entitled**,EBITDA (Mex$000),2026 FY,-,-,-,-,-,-,"filings/capitaliq/Estimates/Recent Changes/SPGlobal_GrupoBimbo,S.A.B.deC.V._RecentChanges_06-Oct-2026.xlsx",Recent Changes,61
2026-10-06,2026-09-03,Not Entitled**,Not Entitled**,EBIT (Mex$000),2026 FY,-,-,-,-,-,-,"filings/capitaliq/Estimates/Recent Changes/SPGlobal_GrupoBimbo,S.A.B.deC.V._RecentChanges_06-Oct-2026.xlsx",Recent Changes,62
2026-10-06,2026-09-03,Not Entitled**,Not Entitled**,Net Income (GAAP) (Mex$000),2026 FQ4,-,-,-,-,-,-,"filings/capitaliq/Estimates/Recent Changes/SPGlobal_GrupoBimbo,S.A.B.deC.V._RecentChanges_06-Oct-2026.xlsx",Recent Changes,63
2026-10-06,2026-09-03,Not Entitled**,Not Entitled**,EBT Normalized (Mex$000),2026 FQ4,-,-,-,-,-,-,"filings/capitaliq/Estimates/Recent Changes/SPGlobal_GrupoBimbo,S.A.B.deC.V._RecentChanges_06-Oct-2026.xlsx",Recent Changes,64
2026-10-06,2026-09-03,Not Entitled**,Not Entitled**,Dividend per share (Mex$),2026 FY,-,-,-,-,-,-,"filings/capitaliq/Estimates/Recent Changes/SPGlobal_GrupoBimbo,S.A.B.deC.V._RecentChanges_06-Oct-2026.xlsx",Recent Changes,65
2026-10-06,2026-09-03,Not Entitled**,Not Entitled**,EPS (GAAP) (Mex$),2026 FY,-,-,-,-,-,-,"filings/capitaliq/Estimates/Recent Changes/SPGlobal_GrupoBimbo,S.A.B.deC.V._RecentChanges_06-Oct-2026.xlsx",Recent Changes,66
2026-10-06,2026-09-03,Not Entitled**,Not Entitled**,EPS (GAAP) (Mex$),2026 FQ4,-,-,-,-,-,-,"filings/capitaliq/Estimates/Recent Changes/SPGlobal_GrupoBimbo,S.A.B.deC.V._RecentChanges_06-Oct-2026.xlsx",Recent Changes,67
2026-10-06,2026-09-03,Not Entitled**,Not Entitled**,EPS (GAAP) (Mex$),2026 FQ3,-,-,-,-,-,-,"filings/capitaliq/Estimates/Recent Changes/SPGlobal_GrupoBimbo,S.A.B.deC.V._RecentChanges_06-Oct-2026.xlsx",Recent Changes,68
2026-10-06,2026-08-27,Not Entitled**,Not Entitled**,EPS Normalized (Mex$),2026 FY,3.05,3.26,-6.4417,3.06957,3.07237,-0.09113485680436,"filings/capitaliq/Estimates/Recent Changes/SPGlobal_GrupoBimbo,S.A.B.deC.V._RecentChanges_06-Oct-2026.xlsx",Recent Changes,69
2026-10-06,2026-08-27,Not Entitled**,Not Entitled**,Target Price,Non-Periodic,64,63.5,0.787401556968689,70.16667,70.125,0.059422459453344345,"filings/capitaliq/Estimates/Recent Changes/SPGlobal_GrupoBimbo,S.A.B.deC.V._RecentChanges_06-Oct-2026.xlsx",Recent Changes,70
2026-10-06,2026-08-27,Not Entitled**,Not Entitled**,EPS (GAAP) (Mex$),2026 FY,3.05,3.26,-6.4417,3.11969,3.12964,-0.31792794059381,"filings/capitaliq/Estimates/Recent Changes/SPGlobal_GrupoBimbo,S.A.B.deC.V._RecentChanges_06-Oct-2026.xlsx",Recent Changes,71
2026-10-06,2026-08-27,Not Entitled**,Not Entitled**,Cash flow per share (Mex$),2026 FY,13.31363,11.6657,14.1262,13.31363,11.4109,16.6746707095847,"filings/capitaliq/Estimates/Recent Changes/SPGlobal_GrupoBimbo,S.A.B.deC.V._RecentChanges_06-Oct-2026.xlsx",Recent Changes,72
2026-10-06,2026-08-27,Not Entitled**,Not Entitled**,Cash flow per share (Mex$),2026 FY,11.1561,11.1561,0,13.31363,11.4109,16.6746707095847,"filings/capitaliq/Estimates/Recent Changes/SPGlobal_GrupoBimbo,S.A.B.deC.V._RecentChanges_06-Oct-2026.xlsx",Recent Changes,73
2026-10-06,2026-08-27,Not Entitled**,Not Entitled**,EBIT (Mex$000),2026 FY,37443893.09,36973387.75,1.2725,37439294.66,37380481.49,0.15733657688635,"filings/capitaliq/Estimates/Recent Changes/SPGlobal_GrupoBimbo,S.A.B.deC.V._RecentChanges_06-Oct-2026.xlsx",Recent Changes,74
2026-10-06,2026-08-27,Not Entitled**,Not Entitled**,EBITDA (Mex$000),2026 FY,62414216.11,61999953.6,0.6681,62118697.9,62081037.67,0.06066301629845,"filings/capitaliq/Estimates/Recent Changes/SPGlobal_GrupoBimbo,S.A.B.deC.V._RecentChanges_06-Oct-2026.xlsx",Recent Changes,75
2026-10-06,2026-08-27,Not Entitled**,Not Entitled**,EBT Normalized (Mex$000),2026 FY,23655140,24052510,-1.652,23696517.82,23795860.32,-0.41747807670776,"filings/capitaliq/Estimates/Recent Changes/SPGlobal_GrupoBimbo,S.A.B.deC.V._RecentChanges_06-Oct-2026.xlsx",Recent Changes,76
2026-10-06,2026-08-27,Not Entitled**,Not Entitled**,Net Income Normalized (Mex$000),2026 FY,13121740,14009960,-6.3399,13688387.28,13866031.28,-1.28114524201477,"filings/capitaliq/Estimates/Recent Changes/SPGlobal_GrupoBimbo,S.A.B.deC.V._RecentChanges_06-Oct-2026.xlsx",Recent Changes,77
2026-10-06,2026-08-27,Not Entitled**,Not Entitled**,Net Income (GAAP) (Mex$000),2026 FY,13121744.99,14009955.2,-6.3398,13459471.54,13507718.19,-0.3571783873587,"filings/capitaliq/Estimates/Recent Changes/SPGlobal_GrupoBimbo,S.A.B.deC.V._RecentChanges_06-Oct-2026.xlsx",Recent Changes,78
2026-10-06,2026-08-27,Not Entitled**,Not Entitled**,Revenue (Mex$000),2026 FY,419831119.35,422956904.96,-0.739,426413559.21,426697721.54,-0.06659569893517,"filings/capitaliq/Estimates/Recent Changes/SPGlobal_GrupoBimbo,S.A.B.deC.V._RecentChanges_06-Oct-2026.xlsx",Recent Changes,79
2026-10-06,2026-08-27,Not Entitled**,Not Entitled**,ROE (%),2026 FY,10.83789,11.26932,-3.8283,11.02356,11.08519,-0.55596701545034,"filings/capitaliq/Estimates/Recent Changes/SPGlobal_GrupoBimbo,S.A.B.deC.V._RecentChanges_06-Oct-2026.xlsx",Recent Changes,80
2026-10-06,2026-07-30,"Actinver Case de Bolsa, S.A. de C.V.","Hernandez Velez Leija, Antonio",Net Income Normalized (Mex$000),2026 FY,13277000,13277000,0,13866031.28,14014333.33,-1.05821694480846,"filings/capitaliq/Estimates/Recent Changes/SPGlobal_GrupoBimbo,S.A.B.deC.V._RecentChanges_06-Oct-2026.xlsx",Recent Changes,81
2026-10-06,2026-07-30,Itau BBA,"Fuchs, Alejandro",Net Debt (Mex$000),2026 FY,142714000,142714000,0,152087099.15,154430250,-1.51728748091776,"filings/capitaliq/Estimates/Recent Changes/SPGlobal_GrupoBimbo,S.A.B.deC.V._RecentChanges_06-Oct-2026.xlsx",Recent Changes,82
2026-10-06,2026-07-30,Not Entitled**,Not Entitled**,Net Income Normalized (Mex$000),2026 FY,12719196.4,12719000,0.0015,13866031.28,14014333.33,-1.05821694480846,"filings/capitaliq/Estimates/Recent Changes/SPGlobal_GrupoBimbo,S.A.B.deC.V._RecentChanges_06-Oct-2026.xlsx",Recent Changes,83
2026-10-06,2026-07-30,Not Entitled**,Not Entitled**,Net Income Normalized (Mex$000),2026 FY,14009960,14009960,0,13866031.28,14014333.33,-1.05821694480846,"filings/capitaliq/Estimates/Recent Changes/SPGlobal_GrupoBimbo,S.A.B.deC.V._RecentChanges_06-Oct-2026.xlsx",Recent Changes,84
2026-10-06,2026-07-30,Not Entitled**,Not Entitled**,EBITDA (Mex$000),2026 FY,61801002.11,61801000,0,62081037.67,62081037.48,3.0605159e-07,"filings/capitaliq/Estimates/Recent Changes/SPGlobal_GrupoBimbo,S.A.B.deC.V._RecentChanges_06-Oct-2026.xlsx",Recent Changes,85
2026-10-06,2026-07-30,Not Entitled**,Not Entitled**,EBT (GAAP) (Mex$000),2026 FY,22794049.12,22794000,0.0002,23658227.46,23604500,0.22761532758584,"filings/capitaliq/Estimates/Recent Changes/SPGlobal_GrupoBimbo,S.A.B.deC.V._RecentChanges_06-Oct-2026.xlsx",Recent Changes,86
2026-10-06,2026-07-30,Not Entitled**,Not Entitled**,EBT (GAAP) (Mex$000),2026 FY,-,-,-,-,-,-,"filings/capitaliq/Estimates/Recent Changes/SPGlobal_GrupoBimbo,S.A.B.deC.V._RecentChanges_06-Oct-2026.xlsx",Recent Changes,87
2026-10-06,2026-07-30,Not Entitled**,Not Entitled**,EBT (GAAP) (Mex$000),2026 FY,23339441.05,23339441.05,0,23658227.46,23604500,0.22761532758584,"filings/capitaliq/Estimates/Recent Changes/SPGlobal_GrupoBimbo,S.A.B.deC.V._RecentChanges_06-Oct-2026.xlsx",Recent Changes,88
2026-10-06,2026-07-30,Not Entitled**,Not Entitled**,EBIT (Mex$000),2026 FY,36248997.3,36249000,0,37380481.49,37931000,-1.45136830033482,"filings/capitaliq/Estimates/Recent Changes/SPGlobal_GrupoBimbo,S.A.B.deC.V._RecentChanges_06-Oct-2026.xlsx",Recent Changes,89
2026-10-06,2026-07-30,Not Entitled**,Not Entitled**,EBIT (Mex$000),2026 FY,-,-,-,-,-,-,"filings/capitaliq/Estimates/Recent Changes/SPGlobal_GrupoBimbo,S.A.B.deC.V._RecentChanges_06-Oct-2026.xlsx",Recent Changes,90
2026-10-06,2026-07-30,Not Entitled**,Not Entitled**,EBIT (Mex$000),2026 FY,36637892.95,36637892.95,0,37380481.49,37931000,-1.45136830033482,"filings/capitaliq/Estimates/Recent Changes/SPGlobal_GrupoBimbo,S.A.B.deC.V._RecentChanges_06-Oct-2026.xlsx",Recent Changes,91
2026-10-06,2026-07-30,Not Entitled**,Not Entitled**,EBIT (Mex$000),2026 FY,36973387.75,36973387.75,0,37380481.49,37931000,-1.45136830033482,"filings/capitaliq/Estimates/Recent Changes/SPGlobal_GrupoBimbo,S.A.B.deC.V._RecentChanges_06-Oct-2026.xlsx",Recent Changes,92
2026-10-06,2026-07-30,Not Entitled**,Not Entitled**,EBIT (Mex$000),2026 FY,-,-,-,-,-,-,"filings/capitaliq/Estimates/Recent Changes/SPGlobal_GrupoBimbo,S.A.B.deC.V._RecentChanges_06-Oct-2026.xlsx",Recent Changes,93
2026-10-06,2026-07-30,Not Entitled**,Not Entitled**,EPS Normalized (Mex$),2026 FQ3,0.8081,0.81,-0.2345,0.86603,0.86667,-0.07384586982358,"filings/capitaliq/Estimates/Recent Changes/SPGlobal_GrupoBimbo,S.A.B.deC.V._RecentChanges_06-Oct-2026.xlsx",Recent Changes,94
2026-10-06,2026-07-30,Not Entitled**,Not Entitled**,EPS Normalized (Mex$),2026 FQ4,0.91609,0.92,-0.425,0.9007,0.902,-0.14412416851441,"filings/capitaliq/Estimates/Recent Changes/SPGlobal_GrupoBimbo,S.A.B.deC.V._RecentChanges_06-Oct-2026.xlsx",Recent Changes,95
2026-10-06,2026-07-30,Not Entitled**,Not Entitled**,Dividend per share (Mex$),2026 FY,1.075,1.08,-0.4629,1.01549,1.01612,-0.06200055111601,"filings/capitaliq/Estimates/Recent Changes/SPGlobal_GrupoBimbo,S.A.B.deC.V._RecentChanges_06-Oct-2026.xlsx",Recent Changes,96
2026-10-06,2026-07-30,Not Entitled**,Not Entitled**,EPS Normalized (Mex$),2026 FY,2.95469,2.95,0.1589,3.07237,3.0717,0.02181202591399,"filings/capitaliq/Estimates/Recent Changes/SPGlobal_GrupoBimbo,S.A.B.deC.V._RecentChanges_06-Oct-2026.xlsx",Recent Changes,97
2026-10-06,2026-07-30,Not Entitled**,Not Entitled**,ROA (%),2026 FY,3.119,3.1,0.6129,3.119,3.1,0.61290322580645,"filings/capitaliq/Estimates/Recent Changes/SPGlobal_GrupoBimbo,S.A.B.deC.V._RecentChanges_06-Oct-2026.xlsx",Recent Changes,98
2026-10-06,2026-07-30,Not Entitled**,Not Entitled**,ROE (%),2026 FY,10.551,10.6,-0.4622,11.08519,11.16186,-0.68689268634439,"filings/capitaliq/Estimates/Recent Changes/SPGlobal_GrupoBimbo,S.A.B.deC.V._RecentChanges_06-Oct-2026.xlsx",Recent Changes,99
2026-10-06,2026-07-30,Not Entitled**,Not Entitled**,ROE (%),2026 FY,11.03402,11.03402,0,11.08519,11.16186,-0.68689268634439,"filings/capitaliq/Estimates/Recent Changes/SPGlobal_GrupoBimbo,S.A.B.deC.V._RecentChanges_06-Oct-2026.xlsx",Recent Changes,100
2026-10-06,2026-07-30,Not Entitled**,Not Entitled**,ROE (%),2026 FY,-,-,-,-,-,-,"filings/capitaliq/Estimates/Recent Changes/SPGlobal_GrupoBimbo,S.A.B.deC.V._RecentChanges_06-Oct-2026.xlsx",Recent Changes,101
2026-10-06,2026-07-30,Not Entitled**,Not Entitled**,Revenue (Mex$000),2026 FY,419284724.58,419285000,0,426697721.54,426697746.58,-5.86832253e-06,"filings/capitaliq/Estimates/Recent Changes/SPGlobal_GrupoBimbo,S.A.B.deC.V._RecentChanges_06-Oct-2026.xlsx",Recent Changes,102
2026-10-06,2026-07-30,Not Entitled**,Not Entitled**,Net Debt (Mex$000),2026 FY,138454495.74,138454000,0.0003,152087099.15,154430250,-1.51728748091776,"filings/capitaliq/Estimates/Recent Changes/SPGlobal_GrupoBimbo,S.A.B.deC.V._RecentChanges_06-Oct-2026.xlsx",Recent Changes,103
2026-10-06,2026-07-30,"Actinver Case de Bolsa, S.A. de C.V.","Hernandez Velez Leija, Antonio",Net Income (GAAP) (Mex$000),2026 FY,13277000,13277000,0,13507718.19,13643500,-0.99521244548686,"filings/capitaliq/Estimates/Recent Changes/SPGlobal_GrupoBimbo,S.A.B.deC.V._RecentChanges_06-Oct-2026.xlsx",Recent Changes,104
2026-10-06,2026-07-30,"Actinver Case de Bolsa, S.A. de C.V.","Hernandez Velez Leija, Antonio",EPS (GAAP) (Mex$),2026 FY,3.07,3.07,0,3.12964,3.1775,-1.50621557828482,"filings/capitaliq/Estimates/Recent Changes/SPGlobal_GrupoBimbo,S.A.B.deC.V._RecentChanges_06-Oct-2026.xlsx",Recent Changes,105
2026-10-06,2026-07-30,Itau BBA,"Fuchs, Alejandro","Selling, General and Administrative Expense (Mex$000)",2026 FY,191842000,191842000,0,177262000,191842000,-7.60000417009831,"filings/capitaliq/Estimates/Recent Changes/SPGlobal_GrupoBimbo,S.A.B.deC.V._RecentChanges_06-Oct-2026.xlsx",Recent Changes,106
2026-10-06,2026-07-30,Not Entitled**,Not Entitled**,"Selling, General and Administrative Expense (Mex$000)",2026 FY,177262000,179318000,-1.1465,177262000,191842000,-7.60000417009831,"filings/capitaliq/Estimates/Recent Changes/SPGlobal_GrupoBimbo,S.A.B.deC.V._RecentChanges_06-Oct-2026.xlsx",Recent Changes,107
2026-10-06,2026-07-30,Not Entitled**,Not Entitled**,EPS Normalized (Mex$),2026 FY,2.95,2.95054,-0.0183,3.0717,3.07177,-0.00227881644785,"filings/capitaliq/Estimates/Recent Changes/SPGlobal_GrupoBimbo,S.A.B.deC.V._RecentChanges_06-Oct-2026.xlsx",Recent Changes,108
2026-10-06,2026-07-30,Not Entitled**,Not Entitled**,Net Income (GAAP) (Mex$000),2026 FY,12719000,12768000,-0.3837,13507718.19,13643500,-0.99521244548686,"filings/capitaliq/Estimates/Recent Changes/SPGlobal_GrupoBimbo,S.A.B.deC.V._RecentChanges_06-Oct-2026.xlsx",Recent Changes,109
2026-10-06,2026-07-30,Not Entitled**,Not Entitled**,Net Income (GAAP) (Mex$000),2026 FY,-,-,-,-,-,-,"filings/capitaliq/Estimates/Recent Changes/SPGlobal_GrupoBimbo,S.A.B.deC.V._RecentChanges_06-Oct-2026.xlsx",Recent Changes,110
2026-10-06,2026-07-30,Not Entitled**,Not Entitled**,Net Income (GAAP) (Mex$000),2026 FY,13756553.96,13756553.96,0,13507718.19,13643500,-0.99521244548686,"filings/capitaliq/Estimates/Recent Changes/SPGlobal_GrupoBimbo,S.A.B.deC.V._RecentChanges_06-Oct-2026.xlsx",Recent Changes,111
2026-10-06,2026-07-30,Not Entitled**,Not Entitled**,Net Income (GAAP) (Mex$000),2026 FY,-,-,-,-,-,-,"filings/capitaliq/Estimates/Recent Changes/SPGlobal_GrupoBimbo,S.A.B.deC.V._RecentChanges_06-Oct-2026.xlsx",Recent Changes,112
2026-10-06,2026-07-30,Not Entitled**,Not Entitled**,Net Income Normalized (Mex$000),2026 FY,12719000,12768399.77,-0.3868,14014333.33,14662000,-4.41731462283454,"filings/capitaliq/Estimates/Recent Changes/SPGlobal_GrupoBimbo,S.A.B.deC.V._RecentChanges_06-Oct-2026.xlsx",Recent Changes,113
2026-10-06,2026-07-30,Not Entitled**,Not Entitled**,Interest Expense (Mex$000),2026 FY,13043000,13162000,-0.9041,13720666.67,14059500,-2.40999559017035,"filings/capitaliq/Estimates/Recent Changes/SPGlobal_GrupoBimbo,S.A.B.deC.V._RecentChanges_06-Oct-2026.xlsx",Recent Changes,114
2026-10-06,2026-07-30,Not Entitled**,Not Entitled**,Revenue (Mex$000),2026 FQ4,107508000,106984000,0.4897,107985285.75,107723285.75,0.24321575244933,"filings/capitaliq/Estimates/Recent Changes/SPGlobal_GrupoBimbo,S.A.B.deC.V._RecentChanges_06-Oct-2026.xlsx",Recent Changes,115
2026-10-06,2026-07-30,Not Entitled**,Not Entitled**,Net Income Normalized (Mex$000),2026 FQ4,3944000,3788000,4.1182,3944000,3788000,4.11826821541711,"filings/capitaliq/Estimates/Recent Changes/SPGlobal_GrupoBimbo,S.A.B.deC.V._RecentChanges_06-Oct-2026.xlsx",Recent Changes,116
2026-10-06,2026-07-30,Not Entitled**,Not Entitled**,Interest Expense (Mex$000),2026 FQ4,3239000,3267000,-0.857,3239000,3267000,-0.85705540250995,"filings/capitaliq/Estimates/Recent Changes/SPGlobal_GrupoBimbo,S.A.B.deC.V._RecentChanges_06-Oct-2026.xlsx",Recent Changes,117
2026-10-06,2026-07-30,Not Entitled**,Not Entitled**,Gross Margin (%),2026 FY,51.9,52.1,-0.3838,52.3,52.36667,-0.12731380475405,"filings/capitaliq/Estimates/Recent Changes/SPGlobal_GrupoBimbo,S.A.B.deC.V._RecentChanges_06-Oct-2026.xlsx",Recent Changes,118
2026-10-06,2026-07-30,Not Entitled**,Not Entitled**,Net Debt (Mex$000),2026 FY,138454000,134809998.8,2.703,154430250,159755666.67,-3.33347591419118,"filings/capitaliq/Estimates/Recent Changes/SPGlobal_GrupoBimbo,S.A.B.deC.V._RecentChanges_06-Oct-2026.xlsx",Recent Changes,119
2026-10-06,2026-07-30,Not Entitled**,Not Entitled**,Revenue (Mex$000),2026 FY,419285000,416294645.86,0.7183,426697746.58,426425896.2,0.06375090781834,"filings/capitaliq/Estimates/Recent Changes/SPGlobal_GrupoBimbo,S.A.B.deC.V._RecentChanges_06-Oct-2026.xlsx",Recent Changes,120
2026-10-06,2026-07-30,Not Entitled**,Not Entitled**,ROE (%),2026 FY,10.6,10.314,2.7729,11.16186,11.30233,-1.24284107790164,"filings/capitaliq/Estimates/Recent Changes/SPGlobal_GrupoBimbo,S.A.B.deC.V._RecentChanges_06-Oct-2026.xlsx",Recent Changes,121
2026-10-06,2026-07-30,Not Entitled**,Not Entitled**,ROA (%),2026 FY,3.1,3.074,0.8458,3.1,3.074,0.84580351333767,"filings/capitaliq/Estimates/Recent Changes/SPGlobal_GrupoBimbo,S.A.B.deC.V._RecentChanges_06-Oct-2026.xlsx",Recent Changes,122
2026-10-06,2026-07-30,Not Entitled**,Not Entitled**,Effective Tax Rate (%),2026 FY,35.4,35.6,-0.5617,35.2,35.3,-0.28328611898017,"filings/capitaliq/Estimates/Recent Changes/SPGlobal_GrupoBimbo,S.A.B.deC.V._RecentChanges_06-Oct-2026.xlsx",Recent Changes,123
2026-10-06,2026-07-30,Not Entitled**,Not Entitled**,"Selling, General and Administrative Expense (Mex$000)",2026 FQ3,44073000,NA,NA,44073000,NA,NA,"filings/capitaliq/Estimates/Recent Changes/SPGlobal_GrupoBimbo,S.A.B.deC.V._RecentChanges_06-Oct-2026.xlsx",Recent Changes,124
2026-10-06,2026-07-30,Not Entitled**,Not Entitled**,"Selling, General and Administrative Expense (Mex$000)",2026 FQ4,43529000,NA,NA,43529000,NA,NA,"filings/capitaliq/Estimates/Recent Changes/SPGlobal_GrupoBimbo,S.A.B.deC.V._RecentChanges_06-Oct-2026.xlsx",Recent Changes,125
2026-10-06,2026-07-30,Not Entitled**,Not Entitled**,Dividend per share (Mex$),2026 FY,1.08,0.77193,39.909,1.01612,1.00699,0.90666242961698,"filings/capitaliq/Estimates/Recent Changes/SPGlobal_GrupoBimbo,S.A.B.deC.V._RecentChanges_06-Oct-2026.xlsx",Recent Changes,126
2026-10-06,2026-07-30,Not Entitled**,Not Entitled**,EPS Normalized (Mex$),2026 FQ4,0.92,0.8754,5.0948,0.902,0.893,1.00783874580067,"filings/capitaliq/Estimates/Recent Changes/SPGlobal_GrupoBimbo,S.A.B.deC.V._RecentChanges_06-Oct-2026.xlsx",Recent Changes,127
2026-10-06,2026-07-30,Not Entitled**,Not Entitled**,EPS (GAAP) (Mex$),2026 FQ4,0.92,0.88,4.5454,0.95246,0.95,0.25894736842105,"filings/capitaliq/Estimates/Recent Changes/SPGlobal_GrupoBimbo,S.A.B.deC.V._RecentChanges_06-Oct-2026.xlsx",Recent Changes,128
2026-10-06,2026-07-30,Not Entitled**,Not Entitled**,EPS (GAAP) (Mex$),2026 FQ4,-,-,-,-,-,-,"filings/capitaliq/Estimates/Recent Changes/SPGlobal_GrupoBimbo,S.A.B.deC.V._RecentChanges_06-Oct-2026.xlsx",Recent Changes,129
2026-10-06,2026-07-30,Not Entitled**,Not Entitled**,Avg. Diluted Shares Outstanding,2026 FQ4,4305000,4327000,-0.5084,4305000,4327000,-0.50843540559279,"filings/capitaliq/Estimates/Recent Changes/SPGlobal_GrupoBimbo,S.A.B.deC.V._RecentChanges_06-Oct-2026.xlsx",Recent Changes,130
2026-10-06,2026-07-30,Not Entitled**,Not Entitled**,Avg. Diluted Shares Outstanding,2026 FY,4305000,4327000,-0.5084,4305000,4327000,-0.50843540559279,"filings/capitaliq/Estimates/Recent Changes/SPGlobal_GrupoBimbo,S.A.B.deC.V._RecentChanges_06-Oct-2026.xlsx",Recent Changes,131
2026-10-06,2026-07-30,Not Entitled**,Not Entitled**,Target Price,Non-Periodic,66,57,15.789473533630371,70.125,69.375,1.0810810327529907,"filings/capitaliq/Estimates/Recent Changes/SPGlobal_GrupoBimbo,S.A.B.deC.V._RecentChanges_06-Oct-2026.xlsx",Recent Changes,132
2026-10-06,2026-07-30,Not Entitled**,Not Entitled**,Avg. Diluted Shares Outstanding,2026 FQ3,4305000,4327000,-0.5084,4305000,4327000,-0.50843540559279,"filings/capitaliq/Estimates/Recent Changes/SPGlobal_GrupoBimbo,S.A.B.deC.V._RecentChanges_06-Oct-2026.xlsx",Recent Changes,133
2026-10-06,2026-07-30,Not Entitled**,Not Entitled**,EPS Normalized (Mex$),2026 FQ3,0.81,0.76329,6.1195,0.86667,0.895,-3.16536312849162,"filings/capitaliq/Estimates/Recent Changes/SPGlobal_GrupoBimbo,S.A.B.deC.V._RecentChanges_06-Oct-2026.xlsx",Recent Changes,134
2026-10-06,2026-07-30,Not Entitled**,Not Entitled**,EPS (GAAP) (Mex$),2026 FQ3,0.81,0.76,6.5789,0.86168,0.91,-5.30989010989011,"filings/capitaliq/Estimates/Recent Changes/SPGlobal_GrupoBimbo,S.A.B.deC.V._RecentChanges_06-Oct-2026.xlsx",Recent Changes,135
2026-10-06,2026-07-30,Not Entitled**,Not Entitled**,EPS (GAAP) (Mex$),2026 FQ3,-,-,-,-,-,-,"filings/capitaliq/Estimates/Recent Changes/SPGlobal_GrupoBimbo,S.A.B.deC.V._RecentChanges_06-Oct-2026.xlsx",Recent Changes,136
2026-10-06,2026-07-30,Not Entitled**,Not Entitled**,EBIT (Mex$000),2026 FY,36249000,36205244.79,0.1208,37931000,38491666.67,-1.45659234453721,"filings/capitaliq/Estimates/Recent Changes/SPGlobal_GrupoBimbo,S.A.B.deC.V._RecentChanges_06-Oct-2026.xlsx",Recent Changes,137
2026-10-06,2026-07-30,Not Entitled**,Not Entitled**,Depreciation & Amortization (Mex$000),2026 FY,25552000,24881000,2.6968,22932666.67,22709000,0.98492522788322,"filings/capitaliq/Estimates/Recent Changes/SPGlobal_GrupoBimbo,S.A.B.deC.V._RecentChanges_06-Oct-2026.xlsx",Recent Changes,138
2026-10-06,2026-07-30,Not Entitled**,Not Entitled**,EBT (GAAP) (Mex$000),2026 FY,22794000,22919965.82,-0.5495,23604500,24415000,-3.31968052426787,"filings/capitaliq/Estimates/Recent Changes/SPGlobal_GrupoBimbo,S.A.B.deC.V._RecentChanges_06-Oct-2026.xlsx",Recent Changes,139
2026-10-06,2026-07-30,Not Entitled**,Not Entitled**,Cash From Operations (Mex$000),2026 FY,32917000,36961000,-10.9412,35594500,38272000,-6.99597617056856,"filings/capitaliq/Estimates/Recent Changes/SPGlobal_GrupoBimbo,S.A.B.deC.V._RecentChanges_06-Oct-2026.xlsx",Recent Changes,140
2026-10-06,2026-07-30,Not Entitled**,Not Entitled**,EBT Normalized (Mex$000),2026 FQ4,-,-,-,-,-,-,"filings/capitaliq/Estimates/Recent Changes/SPGlobal_GrupoBimbo,S.A.B.deC.V._RecentChanges_06-Oct-2026.xlsx",Recent Changes,141
2026-10-06,2026-07-30,Not Entitled**,Not Entitled**,EBT Normalized (Mex$000),2026 FQ4,6537000,6279000,4.1089,6537000,6582883.4,-0.69701067468398,"filings/capitaliq/Estimates/Recent Changes/SPGlobal_GrupoBimbo,S.A.B.deC.V._RecentChanges_06-Oct-2026.xlsx",Recent Changes,142
2026-10-06,2026-07-30,Not Entitled**,Not Entitled**,Net Income (GAAP) (Mex$000),2026 FQ4,-,-,-,-,-,-,"filings/capitaliq/Estimates/Recent Changes/SPGlobal_GrupoBimbo,S.A.B.deC.V._RecentChanges_06-Oct-2026.xlsx",Recent Changes,143
2026-10-06,2026-07-30,Not Entitled**,Not Entitled**,Net Income (GAAP) (Mex$000),2026 FQ4,3944000,3788000,4.1182,3944000,4030429.28,-2.14441872057857,"filings/capitaliq/Estimates/Recent Changes/SPGlobal_GrupoBimbo,S.A.B.deC.V._RecentChanges_06-Oct-2026.xlsx",Recent Changes,144
2026-10-06,2026-07-30,Not Entitled**,Not Entitled**,Capital Expenditures (Mex$000),2026 FY,23529000,23269000,1.1173,21978765.56,21591206.95,1.79498353611029,"filings/capitaliq/Estimates/Recent Changes/SPGlobal_GrupoBimbo,S.A.B.deC.V._RecentChanges_06-Oct-2026.xlsx",Recent Changes,145
2026-10-06,2026-07-30,Not Entitled**,Not Entitled**,EBT Normalized (Mex$000),2026 FY,24052510,24052510,0,23795860.32,24415000,-2.53589875076797,"filings/capitaliq/Estimates/Recent Changes/SPGlobal_GrupoBimbo,S.A.B.deC.V._RecentChanges_06-Oct-2026.xlsx",Recent Changes,146
2026-10-06,2026-07-30,Not Entitled**,Not Entitled**,EBT Normalized (Mex$000),2026 FY,22794000,22920000,-0.5497,23795860.32,24415000,-2.53589875076797,"filings/capitaliq/Estimates/Recent Changes/SPGlobal_GrupoBimbo,S.A.B.deC.V._RecentChanges_06-Oct-2026.xlsx",Recent Changes,147
2026-10-06,2026-07-30,Not Entitled**,Not Entitled**,EBT Normalized (Mex$000),2026 FY,-,-,-,-,-,-,"filings/capitaliq/Estimates/Recent Changes/SPGlobal_GrupoBimbo,S.A.B.deC.V._RecentChanges_06-Oct-2026.xlsx",Recent Changes,148
2026-10-06,2026-07-30,Not Entitled**,Not Entitled**,Free Cash Flow (Mex$000),2026 FY,17821000,22169000,-19.6129,18993333.33,19579500,-2.99377752240864,"filings/capitaliq/Estimates/Recent Changes/SPGlobal_GrupoBimbo,S.A.B.deC.V._RecentChanges_06-Oct-2026.xlsx",Recent Changes,149
2026-10-06,2026-07-30,Not Entitled**,Not Entitled**,EBITDA (Mex$000),2026 FQ3,16038000,15593000,2.8538,16103010.14,15880510.14,1.4010884917328,"filings/capitaliq/Estimates/Recent Changes/SPGlobal_GrupoBimbo,S.A.B.deC.V._RecentChanges_06-Oct-2026.xlsx",Recent Changes,150
2026-10-06,2026-07-30,Not Entitled**,Not Entitled**,EBIT (Mex$000),2026 FQ3,-,-,-,-,-,-,"filings/capitaliq/Estimates/Recent Changes/SPGlobal_GrupoBimbo,S.A.B.deC.V._RecentChanges_06-Oct-2026.xlsx",Recent Changes,151
2026-10-06,2026-07-30,Not Entitled**,Not Entitled**,EBIT (Mex$000),2026 FQ3,9533000,9352000,1.9354,9533000,9609370.5,-0.79475029087493,"filings/capitaliq/Estimates/Recent Changes/SPGlobal_GrupoBimbo,S.A.B.deC.V._RecentChanges_06-Oct-2026.xlsx",Recent Changes,152
2026-10-06,2026-07-30,Not Entitled**,Not Entitled**,Depreciation & Amortization (Mex$000),2026 FQ3,6505000,6241000,4.23,6505000,6241000,4.23009133151739,"filings/capitaliq/Estimates/Recent Changes/SPGlobal_GrupoBimbo,S.A.B.deC.V._RecentChanges_06-Oct-2026.xlsx",Recent Changes,153
2026-10-06,2026-07-30,Not Entitled**,Not Entitled**,EBT (GAAP) (Mex$000),2026 FQ3,6408000,6085000,5.3081,6408000,6085000,5.30813475760066,"filings/capitaliq/Estimates/Recent Changes/SPGlobal_GrupoBimbo,S.A.B.deC.V._RecentChanges_06-Oct-2026.xlsx",Recent Changes,154
2026-10-06,2026-07-30,Not Entitled**,Not Entitled**,EBT Normalized (Mex$000),2026 FQ3,-,-,-,-,-,-,"filings/capitaliq/Estimates/Recent Changes/SPGlobal_GrupoBimbo,S.A.B.deC.V._RecentChanges_06-Oct-2026.xlsx",Recent Changes,155
2026-10-06,2026-07-30,Not Entitled**,Not Entitled**,EBT Normalized (Mex$000),2026 FQ3,6408000,6085000,5.3081,6408000,6366727.92,0.64824632870443,"filings/capitaliq/Estimates/Recent Changes/SPGlobal_GrupoBimbo,S.A.B.deC.V._RecentChanges_06-Oct-2026.xlsx",Recent Changes,156
2026-10-06,2026-07-30,Not Entitled**,Not Entitled**,Net Income (GAAP) (Mex$000),2026 FQ3,-,-,-,-,-,-,"filings/capitaliq/Estimates/Recent Changes/SPGlobal_GrupoBimbo,S.A.B.deC.V._RecentChanges_06-Oct-2026.xlsx",Recent Changes,157
2026-10-06,2026-07-30,Not Entitled**,Not Entitled**,Net Income (GAAP) (Mex$000),2026 FQ3,3479000,3303000,5.3284,3479000,3523191.92,-1.25431486570848,"filings/capitaliq/Estimates/Recent Changes/SPGlobal_GrupoBimbo,S.A.B.deC.V._RecentChanges_06-Oct-2026.xlsx",Recent Changes,158
2026-10-06,2026-07-30,Not Entitled**,Not Entitled**,Revenue (Mex$000),2026 FQ3,106432000,105831000,0.5678,106337039.8,106036539.8,0.28339287623567,"filings/capitaliq/Estimates/Recent Changes/SPGlobal_GrupoBimbo,S.A.B.deC.V._RecentChanges_06-Oct-2026.xlsx",Recent Changes,159
2026-10-06,2026-07-30,Not Entitled**,Not Entitled**,EBITDA (Mex$000),2026 FQ4,16614000,16398000,1.3172,16532383.8,16424383.8,0.65755891554361,"filings/capitaliq/Estimates/Recent Changes/SPGlobal_GrupoBimbo,S.A.B.deC.V._RecentChanges_06-Oct-2026.xlsx",Recent Changes,160
2026-10-06,2026-07-30,Not Entitled**,Not Entitled**,EBIT (Mex$000),2026 FQ4,-,-,-,-,-,-,"filings/capitaliq/Estimates/Recent Changes/SPGlobal_GrupoBimbo,S.A.B.deC.V._RecentChanges_06-Oct-2026.xlsx",Recent Changes,161
2026-10-06,2026-07-30,Not Entitled**,Not Entitled**,EBIT (Mex$000),2026 FQ4,9976000,9750000,2.3179,9976000,9875859.56,1.01399214307985,"filings/capitaliq/Estimates/Recent Changes/SPGlobal_GrupoBimbo,S.A.B.deC.V._RecentChanges_06-Oct-2026.xlsx",Recent Changes,162
2026-10-06,2026-07-30,Not Entitled**,Not Entitled**,EBT (GAAP) (Mex$000),2026 FQ4,6537000,6279000,4.1089,6537000,6279000,4.10893454371715,"filings/capitaliq/Estimates/Recent Changes/SPGlobal_GrupoBimbo,S.A.B.deC.V._RecentChanges_06-Oct-2026.xlsx",Recent Changes,163
2026-10-06,2026-07-30,Not Entitled**,Not Entitled**,Depreciation & Amortization (Mex$000),2026 FQ4,6638000,6649000,-0.1654,6638000,6649000,-0.16543841179125,"filings/capitaliq/Estimates/Recent Changes/SPGlobal_GrupoBimbo,S.A.B.deC.V._RecentChanges_06-Oct-2026.xlsx",Recent Changes,164
2026-10-06,2026-07-30,Not Entitled**,Not Entitled**,Net Income Normalized (Mex$000),2026 FQ3,3479000,3303000,5.3284,3479000,3303000,5.32848925219497,"filings/capitaliq/Estimates/Recent Changes/SPGlobal_GrupoBimbo,S.A.B.deC.V._RecentChanges_06-Oct-2026.xlsx",Recent Changes,165
2026-10-06,2026-07-30,Not Entitled**,Not Entitled**,Interest Expense (Mex$000),2026 FQ3,3239000,3350000,-3.3134,3239000,3350000,-3.3134328358209,"filings/capitaliq/Estimates/Recent Changes/SPGlobal_GrupoBimbo,S.A.B.deC.V._RecentChanges_06-Oct-2026.xlsx",Recent Changes,166
2026-10-06,2026-07-30,Not Entitled**,Not Entitled**,EBITDA (Mex$000),2026 FY,61801000,60933123.44,1.4243,62081037.48,62002139.61,0.12725023764708,"filings/capitaliq/Estimates/Recent Changes/SPGlobal_GrupoBimbo,S.A.B.deC.V._RecentChanges_06-Oct-2026.xlsx",Recent Changes,167
2026-10-06,2026-07-28,Not Entitled**,Not Entitled**,EPS Normalized (Mex$),2026 FQ3,0.88,0.887,-0.7891,0.895,0.91,-1.64835164835165,"filings/capitaliq/Estimates/Recent Changes/SPGlobal_GrupoBimbo,S.A.B.deC.V._RecentChanges_06-Oct-2026.xlsx",Recent Changes,168
2026-10-06,2026-07-28,Not Entitled**,Not Entitled**,EPS Normalized (Mex$),2027 FQ2,0.798,0.793,0.6305,0.798,0.793,0.63051702395965,"filings/capitaliq/Estimates/Recent Changes/SPGlobal_GrupoBimbo,S.A.B.deC.V._RecentChanges_06-Oct-2026.xlsx",Recent Changes,169
2026-10-06,2026-07-28,Not Entitled**,Not Entitled**,EPS Normalized (Mex$),2027 FQ1,0.62,0.646,-4.0247,0.62,0.646,-4.02476780185759,"filings/capitaliq/Estimates/Recent Changes/SPGlobal_GrupoBimbo,S.A.B.deC.V._RecentChanges_06-Oct-2026.xlsx",Recent Changes,170
2026-10-06,2026-07-28,Not Entitled**,Not Entitled**,EPS Normalized (Mex$),2027 FQ3,0.929,0.956,-2.8242,0.929,0.956,-2.82426778242678,"filings/capitaliq/Estimates/Recent Changes/SPGlobal_GrupoBimbo,S.A.B.deC.V._RecentChanges_06-Oct-2026.xlsx",Recent Changes,171
2026-10-06,2026-07-28,Not Entitled**,Not Entitled**,EPS Normalized (Mex$),2027 FQ4,0.878,0.88,-0.2272,0.878,0.88,-0.22727272727273,"filings/capitaliq/Estimates/Recent Changes/SPGlobal_GrupoBimbo,S.A.B.deC.V._RecentChanges_06-Oct-2026.xlsx",Recent Changes,172
2026-10-06,2026-07-28,Not Entitled**,Not Entitled**,EPS Normalized (Mex$),2026 FQ4,0.836,0.817,2.3255,0.893,0.95,-6,"filings/capitaliq/Estimates/Recent Changes/SPGlobal_GrupoBimbo,S.A.B.deC.V._RecentChanges_06-Oct-2026.xlsx",Recent Changes,173
2026-10-06,2026-07-28,Not Entitled**,Not Entitled**,EPS Normalized (Mex$),2026 FY,2.943,2.978,-1.1752,3.07177,3.12178,-1.60197067057896,"filings/capitaliq/Estimates/Recent Changes/SPGlobal_GrupoBimbo,S.A.B.deC.V._RecentChanges_06-Oct-2026.xlsx",Recent Changes,174
2026-10-06,2026-07-28,Not Entitled**,Not Entitled**,EPS Normalized (Mex$),2026 FY,2.95054,2.95054,0,3.07177,3.12178,-1.60197067057896,"filings/capitaliq/Estimates/Recent Changes/SPGlobal_GrupoBimbo,S.A.B.deC.V._RecentChanges_06-Oct-2026.xlsx",Recent Changes,175
2026-10-06,2026-07-28,Not Entitled**,Not Entitled**,Recommendation,Non-Periodic,Hold (3),Underperform (4), ,Hold (2.58),Hold (2.67), ,"filings/capitaliq/Estimates/Recent Changes/SPGlobal_GrupoBimbo,S.A.B.deC.V._RecentChanges_06-Oct-2026.xlsx",Recent Changes,176
2026-10-06,2026-07-27,"Actinver Case de Bolsa, S.A. de C.V.","Hernandez Velez Leija, Antonio",EBIT (Mex$000),2026 FY,35609000,35609000,0,38491666.67,36632455.49,5.07531137383769,"filings/capitaliq/Estimates/Recent Changes/SPGlobal_GrupoBimbo,S.A.B.deC.V._RecentChanges_06-Oct-2026.xlsx",Recent Changes,177
2026-10-06,2026-07-27,Itau BBA,"Fuchs, Alejandro",EBIT (Mex$000),2026 FY,34532000,34532000,0,38491666.67,36632455.49,5.07531137383769,"filings/capitaliq/Estimates/Recent Changes/SPGlobal_GrupoBimbo,S.A.B.deC.V._RecentChanges_06-Oct-2026.xlsx",Recent Changes,178
2026-10-06,2026-07-27,Not Entitled**,Not Entitled**,EBIT (Mex$000),2026 FY,-,-,-,-,-,-,"filings/capitaliq/Estimates/Recent Changes/SPGlobal_GrupoBimbo,S.A.B.deC.V._RecentChanges_06-Oct-2026.xlsx",Recent Changes,179
2026-10-06,2026-07-27,Not Entitled**,Not Entitled**,EBIT (Mex$000),2026 FY,36973387.75,36973387.75,0,38491666.67,36632455.49,5.07531137383769,"filings/capitaliq/Estimates/Recent Changes/SPGlobal_GrupoBimbo,S.A.B.deC.V._RecentChanges_06-Oct-2026.xlsx",Recent Changes,180
2026-10-06,2026-07-27,Not Entitled**,Not Entitled**,EBIT (Mex$000),2026 FY,36637892.95,36637892.95,0,38491666.67,36632455.49,5.07531137383769,"filings/capitaliq/Estimates/Recent Changes/SPGlobal_GrupoBimbo,S.A.B.deC.V._RecentChanges_06-Oct-2026.xlsx",Recent Changes,181
2026-10-06,2026-07-27,Not Entitled**,Not Entitled**,EBIT (Mex$000),2026 FY,-,-,-,-,-,-,"filings/capitaliq/Estimates/Recent Changes/SPGlobal_GrupoBimbo,S.A.B.deC.V._RecentChanges_06-Oct-2026.xlsx",Recent Changes,182
2026-10-06,2026-07-27,Not Entitled**,Not Entitled**,EBIT (Mex$000),2026 FY,36205244.79,36205244.79,0,38491666.67,36632455.49,5.07531137383769,"filings/capitaliq/Estimates/Recent Changes/SPGlobal_GrupoBimbo,S.A.B.deC.V._RecentChanges_06-Oct-2026.xlsx",Recent Changes,183
2026-10-06,2026-07-24,"Actinver Case de Bolsa, S.A. de C.V.","Hernandez Velez Leija, Antonio",EBIT (Mex$000),2026 FY,35609000,35609000,0,36632455.49,37436000,-2.14644863233251,"filings/capitaliq/Estimates/Recent Changes/SPGlobal_GrupoBimbo,S.A.B.deC.V._RecentChanges_06-Oct-2026.xlsx",Recent Changes,184
2026-10-06,2026-07-24,"Actinver Case de Bolsa, S.A. de C.V.","Hernandez Velez Leija, Antonio",EPS Normalized (Mex$),2026 FY,3.07,3.07,0,3.12178,3.06,2.01895424836601,"filings/capitaliq/Estimates/Recent Changes/SPGlobal_GrupoBimbo,S.A.B.deC.V._RecentChanges_06-Oct-2026.xlsx",Recent Changes,185
2026-10-06,2026-07-24,"Actinver Case de Bolsa, S.A. de C.V.","Hernandez Velez Leija, Antonio",EPS (GAAP) (Mex$),2026 FY,3.07,3.07,0,3.1775,3.17719,0.00975704946824,"filings/capitaliq/Estimates/Recent Changes/SPGlobal_GrupoBimbo,S.A.B.deC.V._RecentChanges_06-Oct-2026.xlsx",Recent Changes,186
2026-10-06,2026-07-24,"GBM Grupo Bursátil Mexicano, S.A. de C.V. Casa de Bolsa","Carrillo Villasana, Regina",ROE (%),2026 FY,17.4,17.4,0,11.30233,11.86562,-4.74724456033482,"filings/capitaliq/Estimates/Recent Changes/SPGlobal_GrupoBimbo,S.A.B.deC.V._RecentChanges_06-Oct-2026.xlsx",Recent Changes,187
2026-10-06,2026-07-24,Itau BBA,"Fuchs, Alejandro",Dividend per share (Mex$),2026 FY,1.08,1.08,0,1.00699,0.77,30.77792207792208,"filings/capitaliq/Estimates/Recent Changes/SPGlobal_GrupoBimbo,S.A.B.deC.V._RecentChanges_06-Oct-2026.xlsx",Recent Changes,188
2026-10-06,2026-07-24,Itau BBA,"Fuchs, Alejandro",EBIT (Mex$000),2026 FY,34532000,34532000,0,36632455.49,37436000,-2.14644863233251,"filings/capitaliq/Estimates/Recent Changes/SPGlobal_GrupoBimbo,S.A.B.deC.V._RecentChanges_06-Oct-2026.xlsx",Recent Changes,189
2026-10-06,2026-07-24,Not Entitled**,Not Entitled**,Dividend per share (Mex$),2026 FY,-,-,-,-,-,-,"filings/capitaliq/Estimates/Recent Changes/SPGlobal_GrupoBimbo,S.A.B.deC.V._RecentChanges_06-Oct-2026.xlsx",Recent Changes,190
2026-10-06,2026-07-24,Not Entitled**,Not Entitled**,Dividend per share (Mex$),2026 FY,0.95366,0.95366,0,1.00699,0.77,30.77792207792208,"filings/capitaliq/Estimates/Recent Changes/SPGlobal_GrupoBimbo,S.A.B.deC.V._RecentChanges_06-Oct-2026.xlsx",Recent Changes,191
2026-10-06,2026-07-24,Not Entitled**,Not Entitled**,Dividend per share (Mex$),2026 FY,1.075,1.075,0,1.00699,0.77,30.77792207792208,"filings/capitaliq/Estimates/Recent Changes/SPGlobal_GrupoBimbo,S.A.B.deC.V._RecentChanges_06-Oct-2026.xlsx",Recent Changes,192
2026-10-06,2026-07-24,Not Entitled**,Not Entitled**,Dividend per share (Mex$),2026 FY,-,-,-,-,-,-,"filings/capitaliq/Estimates/Recent Changes/SPGlobal_GrupoBimbo,S.A.B.deC.V._RecentChanges_06-Oct-2026.xlsx",Recent Changes,193
2026-10-06,2026-07-24,Not Entitled**,Not Entitled**,Book Value per share (Mex$),2026 FY,27.86,29.08,-4.1953,29.045,30.23,-3.91994707244459,"filings/capitaliq/Estimates/Recent Changes/SPGlobal_GrupoBimbo,S.A.B.deC.V._RecentChanges_06-Oct-2026.xlsx",Recent Changes,194
2026-10-06,2026-07-24,Not Entitled**,Not Entitled**,Effective Tax Rate (%),2026 FY,35,33,6.0606,35.3,35.6,-0.84269662921348,"filings/capitaliq/Estimates/Recent Changes/SPGlobal_GrupoBimbo,S.A.B.deC.V._RecentChanges_06-Oct-2026.xlsx",Recent Changes,195
2026-10-06,2026-07-24,Not Entitled**,Not Entitled**,Dividend per share (Mex$),2026 FY,1.13,1.14,-0.8771,1.00699,0.77,30.77792207792208,"filings/capitaliq/Estimates/Recent Changes/SPGlobal_GrupoBimbo,S.A.B.deC.V._RecentChanges_06-Oct-2026.xlsx",Recent Changes,196
2026-10-06,2026-07-24,Not Entitled**,Not Entitled**,EPS (GAAP) (Mex$),2026 FY,2.95,2.95,0,3.1775,3.17719,0.00975704946824,"filings/capitaliq/Estimates/Recent Changes/SPGlobal_GrupoBimbo,S.A.B.deC.V._RecentChanges_06-Oct-2026.xlsx",Recent Changes,197
2026-10-06,2026-07-24,Not Entitled**,Not Entitled**,EPS (GAAP) (Mex$),2026 FY,3.26,3.26,0,3.1775,3.17719,0.00975704946824,"filings/capitaliq/Estimates/Recent Changes/SPGlobal_GrupoBimbo,S.A.B.deC.V._RecentChanges_06-Oct-2026.xlsx",Recent Changes,198
2026-10-06,2026-07-24,Not Entitled**,Not Entitled**,EBIT (Mex$000),2026 FY,36205244.79,36205244.79,0,36632455.49,37436000,-2.14644863233251,"filings/capitaliq/Estimates/Recent Changes/SPGlobal_GrupoBimbo,S.A.B.deC.V._RecentChanges_06-Oct-2026.xlsx",Recent Changes,199
2026-10-06,2026-07-24,Not Entitled**,Not Entitled**,EBIT (Mex$000),2026 FY,-,-,-,-,-,-,"filings/capitaliq/Estimates/Recent Changes/SPGlobal_GrupoBimbo,S.A.B.deC.V._RecentChanges_06-Oct-2026.xlsx",Recent Changes,200
2026-10-06,2026-07-24,Not Entitled**,Not Entitled**,EBIT (Mex$000),2026 FY,36637892.95,36637892.95,0,36632455.49,37436000,-2.14644863233251,"filings/capitaliq/Estimates/Recent Changes/SPGlobal_GrupoBimbo,S.A.B.deC.V._RecentChanges_06-Oct-2026.xlsx",Recent Changes,201
2026-10-06,2026-07-24,Not Entitled**,Not Entitled**,EBIT (Mex$000),2026 FY,36973387.75,36973387.75,0,36632455.49,37436000,-2.14644863233251,"filings/capitaliq/Estimates/Recent Changes/SPGlobal_GrupoBimbo,S.A.B.deC.V._RecentChanges_06-Oct-2026.xlsx",Recent Changes,202
2026-10-06,2026-07-24,Not Entitled**,Not Entitled**,EBIT (Mex$000),2026 FY,-,-,-,-,-,-,"filings/capitaliq/Estimates/Recent Changes/SPGlobal_GrupoBimbo,S.A.B.deC.V._RecentChanges_06-Oct-2026.xlsx",Recent Changes,203
2026-10-06,2026-07-24,Not Entitled**,Not Entitled**,ROE (%),2026 FY,11.7,12.9,-9.3023,11.30233,11.86562,-4.74724456033482,"filings/capitaliq/Estimates/Recent Changes/SPGlobal_GrupoBimbo,S.A.B.deC.V._RecentChanges_06-Oct-2026.xlsx",Recent Changes,204
2026-10-06,2026-07-24,Not Entitled**,Not Entitled**,ROE (%),2026 FY,-,-,-,-,-,-,"filings/capitaliq/Estimates/Recent Changes/SPGlobal_GrupoBimbo,S.A.B.deC.V._RecentChanges_06-Oct-2026.xlsx",Recent Changes,205
2026-10-06,2026-07-24,Not Entitled**,Not Entitled**,ROE (%),2026 FY,11.03402,11.03402,0,11.30233,11.86562,-4.74724456033482,"filings/capitaliq/Estimates/Recent Changes/SPGlobal_GrupoBimbo,S.A.B.deC.V._RecentChanges_06-Oct-2026.xlsx",Recent Changes,206
2026-10-06,2026-07-24,Not Entitled**,Not Entitled**,ROE (%),2026 FY,10.314,10.314,0,11.30233,11.86562,-4.74724456033482,"filings/capitaliq/Estimates/Recent Changes/SPGlobal_GrupoBimbo,S.A.B.deC.V._RecentChanges_06-Oct-2026.xlsx",Recent Changes,207
2026-10-06,2026-07-24,Not Entitled**,Not Entitled**,Revenue (Mex$000),2026 FY,424675000,426574000,-0.4451,424033685.82,424223585.82,-0.04476413060178,"filings/capitaliq/Estimates/Recent Changes/SPGlobal_GrupoBimbo,S.A.B.deC.V._RecentChanges_06-Oct-2026.xlsx",Recent Changes,208
2026-10-06,2026-07-24,Not Entitled**,Not Entitled**,Net Debt (Mex$000),2026 FY,173435000,174829000,-0.7973,168363000,163291000,3.10611117575372,"filings/capitaliq/Estimates/Recent Changes/SPGlobal_GrupoBimbo,S.A.B.deC.V._RecentChanges_06-Oct-2026.xlsx",Recent Changes,209
2026-10-06,2026-07-24,Not Entitled**,Not Entitled**,Interest Expense (Mex$000),2026 FY,13673000,14342000,-4.6646,14059500,14446000,-2.67548110203517,"filings/capitaliq/Estimates/Recent Changes/SPGlobal_GrupoBimbo,S.A.B.deC.V._RecentChanges_06-Oct-2026.xlsx",Recent Changes,210
2026-10-06,2026-07-24,Not Entitled**,Not Entitled**,Net Income Normalized (Mex$000),2026 FY,14000000,15099000,-7.2786,14662000,15324000,-4.32002088227617,"filings/capitaliq/Estimates/Recent Changes/SPGlobal_GrupoBimbo,S.A.B.deC.V._RecentChanges_06-Oct-2026.xlsx",Recent Changes,211
2026-10-06,2026-07-24,Not Entitled**,Not Entitled**,Net Income (GAAP) (Mex$000),2026 FY,14000000,15099000,-7.2786,13643500,13287000,2.68307368104162,"filings/capitaliq/Estimates/Recent Changes/SPGlobal_GrupoBimbo,S.A.B.deC.V._RecentChanges_06-Oct-2026.xlsx",Recent Changes,212
2026-10-06,2026-07-24,Not Entitled**,Not Entitled**,EBITDA (Mex$000),2026 FY,62646000,64147000,-2.3399,62002139.61,62138594.16,-0.21959709878316,"filings/capitaliq/Estimates/Recent Changes/SPGlobal_GrupoBimbo,S.A.B.deC.V._RecentChanges_06-Oct-2026.xlsx",Recent Changes,213
2026-10-06,2026-07-24,Not Entitled**,Not Entitled**,EBT Normalized (Mex$000),2026 FY,-,-,-,-,-,-,"filings/capitaliq/Estimates/Recent Changes/SPGlobal_GrupoBimbo,S.A.B.deC.V._RecentChanges_06-Oct-2026.xlsx",Recent Changes,214
2026-10-06,2026-07-24,Not Entitled**,Not Entitled**,EBT Normalized (Mex$000),2026 FY,22920000,22920000,0,24415000,23631480.42,3.31557552076545,"filings/capitaliq/Estimates/Recent Changes/SPGlobal_GrupoBimbo,S.A.B.deC.V._RecentChanges_06-Oct-2026.xlsx",Recent Changes,215
2026-10-06,2026-07-24,Not Entitled**,Not Entitled**,EBT Normalized (Mex$000),2026 FY,24052510,24052510,0,24415000,23631480.42,3.31557552076545,"filings/capitaliq/Estimates/Recent Changes/SPGlobal_GrupoBimbo,S.A.B.deC.V._RecentChanges_06-Oct-2026.xlsx",Recent Changes,216
2026-10-06,2026-07-24,Not Entitled**,Not Entitled**,EBT Normalized (Mex$000),2026 FY,24415000,26083000,-6.3949,24415000,23631480.42,3.31557552076545,"filings/capitaliq/Estimates/Recent Changes/SPGlobal_GrupoBimbo,S.A.B.deC.V._RecentChanges_06-Oct-2026.xlsx",Recent Changes,217
2026-10-06,2026-07-24,Not Entitled**,Not Entitled**,Capital Expenditures (Mex$000),2026 FY,20052000,19604000,2.2852,21591206.95,22104275.93,-2.3211300004795,"filings/capitaliq/Estimates/Recent Changes/SPGlobal_GrupoBimbo,S.A.B.deC.V._RecentChanges_06-Oct-2026.xlsx",Recent Changes,218
2026-10-06,2026-07-24,Not Entitled**,Not Entitled**,Cash From Operations (Mex$000),2026 FY,36961000,36961000,0,38272000,36961000,3.54698195395146,"filings/capitaliq/Estimates/Recent Changes/SPGlobal_GrupoBimbo,S.A.B.deC.V._RecentChanges_06-Oct-2026.xlsx",Recent Changes,219
2026-10-06,2026-07-24,Not Entitled**,Not Entitled**,Cash From Operations (Mex$000),2026 FY,38272000,42177000,-9.2586,38272000,36961000,3.54698195395146,"filings/capitaliq/Estimates/Recent Changes/SPGlobal_GrupoBimbo,S.A.B.deC.V._RecentChanges_06-Oct-2026.xlsx",Recent Changes,220
2026-10-06,2026-07-24,Not Entitled**,Not Entitled**,EBT (GAAP) (Mex$000),2026 FY,-,-,-,-,-,-,"filings/capitaliq/Estimates/Recent Changes/SPGlobal_GrupoBimbo,S.A.B.deC.V._RecentChanges_06-Oct-2026.xlsx",Recent Changes,221
2026-10-06,2026-07-24,Not Entitled**,Not Entitled**,EBT (GAAP) (Mex$000),2026 FY,22919965.82,22919965.82,0,24415000,23447942.17,4.12427590868628,"filings/capitaliq/Estimates/Recent Changes/SPGlobal_GrupoBimbo,S.A.B.deC.V._RecentChanges_06-Oct-2026.xlsx",Recent Changes,222
2026-10-06,2026-07-24,Not Entitled**,Not Entitled**,EBT (GAAP) (Mex$000),2026 FY,23339441.05,23339441.05,0,24415000,23447942.17,4.12427590868628,"filings/capitaliq/Estimates/Recent Changes/SPGlobal_GrupoBimbo,S.A.B.deC.V._RecentChanges_06-Oct-2026.xlsx",Recent Changes,223
2026-10-06,2026-07-24,Not Entitled**,Not Entitled**,EBT (GAAP) (Mex$000),2026 FY,24415000,26083000,-6.3949,24415000,23447942.17,4.12427590868628,"filings/capitaliq/Estimates/Recent Changes/SPGlobal_GrupoBimbo,S.A.B.deC.V._RecentChanges_06-Oct-2026.xlsx",Recent Changes,224
2026-10-06,2026-07-24,Not Entitled**,Not Entitled**,Depreciation & Amortization (Mex$000),2026 FY,24056000,25576000,-5.943,22709000,22035500,3.05643166708266,"filings/capitaliq/Estimates/Recent Changes/SPGlobal_GrupoBimbo,S.A.B.deC.V._RecentChanges_06-Oct-2026.xlsx",Recent Changes,225
2026-10-06,2026-07-24,Not Entitled**,Not Entitled**,EBIT (Mex$000),2026 FY,38590000,40179000,-3.9548,36632455.49,37436000,-2.14644863233251,"filings/capitaliq/Estimates/Recent Changes/SPGlobal_GrupoBimbo,S.A.B.deC.V._RecentChanges_06-Oct-2026.xlsx",Recent Changes,226
2026-10-06,2026-07-24,Not Entitled**,Not Entitled**,EPS (GAAP) (Mex$),2026 FY,3.24,3.49,-7.1633,3.1775,3.17719,0.00975704946824,"filings/capitaliq/Estimates/Recent Changes/SPGlobal_GrupoBimbo,S.A.B.deC.V._RecentChanges_06-Oct-2026.xlsx",Recent Changes,227
2026-10-06,2026-07-24,Not Entitled**,Not Entitled**,EPS Normalized (Mex$),2026 FY,3.17888,3.17888,0,3.12178,3.06,2.01895424836601,"filings/capitaliq/Estimates/Recent Changes/SPGlobal_GrupoBimbo,S.A.B.deC.V._RecentChanges_06-Oct-2026.xlsx",Recent Changes,228
2026-10-06,2026-07-24,Not Entitled**,Not Entitled**,EPS Normalized (Mex$),2026 FY,3.24,3.49,-7.1633,3.12178,3.06,2.01895424836601,"filings/capitaliq/Estimates/Recent Changes/SPGlobal_GrupoBimbo,S.A.B.deC.V._RecentChanges_06-Oct-2026.xlsx",Recent Changes,229
2026-10-06,2026-07-24,"GBM Grupo Bursátil Mexicano, S.A. de C.V. Casa de Bolsa","Carrillo Villasana, Regina",ROE (%),2026 FY,17.4,17.4,0,11.86562,11.00989,7.77237556415187,"filings/capitaliq/Estimates/Recent Changes/SPGlobal_GrupoBimbo,S.A.B.deC.V._RecentChanges_06-Oct-2026.xlsx",Recent Changes,230
2026-10-06,2026-07-24,Not Entitled**,Not Entitled**,EPS Normalized (Mex$),2026 FY,3.09,3.32,-6.9277,3.06,3.03,0.99009900990099,"filings/capitaliq/Estimates/Recent Changes/SPGlobal_GrupoBimbo,S.A.B.deC.V._RecentChanges_06-Oct-2026.xlsx",Recent Changes,231
2026-10-06,2026-07-24,Not Entitled**,Not Entitled**,EPS (GAAP) (Mex$),2026 FY,3.09,3.32,-6.9277,3.17719,3.20594,-0.89677286536866,"filings/capitaliq/Estimates/Recent Changes/SPGlobal_GrupoBimbo,S.A.B.deC.V._RecentChanges_06-Oct-2026.xlsx",Recent Changes,232
2026-10-06,2026-07-24,Not Entitled**,Not Entitled**,EPS (GAAP) (Mex$),2026 FQ4,-,-,-,-,-,-,"filings/capitaliq/Estimates/Recent Changes/SPGlobal_GrupoBimbo,S.A.B.deC.V._RecentChanges_06-Oct-2026.xlsx",Recent Changes,233
2026-10-06,2026-07-24,Not Entitled**,Not Entitled**,EPS (GAAP) (Mex$),2026 FQ4,0.88,0.88,0,0.95,0.94579,0.44513052580383,"filings/capitaliq/Estimates/Recent Changes/SPGlobal_GrupoBimbo,S.A.B.deC.V._RecentChanges_06-Oct-2026.xlsx",Recent Changes,234
2026-10-06,2026-07-24,Not Entitled**,Not Entitled**,EPS (GAAP) (Mex$),2026 FQ4,0.95,0.97,-2.0618,0.95,0.94579,0.44513052580383,"filings/capitaliq/Estimates/Recent Changes/SPGlobal_GrupoBimbo,S.A.B.deC.V._RecentChanges_06-Oct-2026.xlsx",Recent Changes,235
2026-10-06,2026-07-24,Not Entitled**,Not Entitled**,EPS Normalized (Mex$),2026 FQ4,0.8754,0.8754,0,0.95,0.88747,7.04587197313712,"filings/capitaliq/Estimates/Recent Changes/SPGlobal_GrupoBimbo,S.A.B.deC.V._RecentChanges_06-Oct-2026.xlsx",Recent Changes,236
2026-10-06,2026-07-24,Not Entitled**,Not Entitled**,EPS Normalized (Mex$),2026 FQ4,0.817,0.817,0,0.95,0.88747,7.04587197313712,"filings/capitaliq/Estimates/Recent Changes/SPGlobal_GrupoBimbo,S.A.B.deC.V._RecentChanges_06-Oct-2026.xlsx",Recent Changes,237
2026-10-06,2026-07-24,Not Entitled**,Not Entitled**,EPS Normalized (Mex$),2026 FQ4,0.95,0.97,-2.0618,0.95,0.88747,7.04587197313712,"filings/capitaliq/Estimates/Recent Changes/SPGlobal_GrupoBimbo,S.A.B.deC.V._RecentChanges_06-Oct-2026.xlsx",Recent Changes,238
2026-10-06,2026-07-24,Not Entitled**,Not Entitled**,EPS (GAAP) (Mex$),2026 FQ3,-,-,-,-,-,-,"filings/capitaliq/Estimates/Recent Changes/SPGlobal_GrupoBimbo,S.A.B.deC.V._RecentChanges_06-Oct-2026.xlsx",Recent Changes,239
2026-10-06,2026-07-24,Not Entitled**,Not Entitled**,EPS (GAAP) (Mex$),2026 FQ3,0.76,0.76,0,0.91,0.84168,8.11709913506321,"filings/capitaliq/Estimates/Recent Changes/SPGlobal_GrupoBimbo,S.A.B.deC.V._RecentChanges_06-Oct-2026.xlsx",Recent Changes,240
2026-10-06,2026-07-24,Not Entitled**,Not Entitled**,EPS (GAAP) (Mex$),2026 FQ3,0.91,0.9,1.1111,0.91,0.84168,8.11709913506321,"filings/capitaliq/Estimates/Recent Changes/SPGlobal_GrupoBimbo,S.A.B.deC.V._RecentChanges_06-Oct-2026.xlsx",Recent Changes,241
2026-10-06,2026-07-24,Not Entitled**,Not Entitled**,EPS Normalized (Mex$),2026 FQ3,0.76329,0.76329,0,0.91,0.8501,7.04622985531114,"filings/capitaliq/Estimates/Recent Changes/SPGlobal_GrupoBimbo,S.A.B.deC.V._RecentChanges_06-Oct-2026.xlsx",Recent Changes,242
2026-10-06,2026-07-24,Not Entitled**,Not Entitled**,EPS Normalized (Mex$),2026 FQ3,0.887,0.887,0,0.91,0.8501,7.04622985531114,"filings/capitaliq/Estimates/Recent Changes/SPGlobal_GrupoBimbo,S.A.B.deC.V._RecentChanges_06-Oct-2026.xlsx",Recent Changes,243
2026-10-06,2026-07-24,Not Entitled**,Not Entitled**,EPS Normalized (Mex$),2026 FQ3,0.91,0.9,1.1111,0.91,0.8501,7.04622985531114,"filings/capitaliq/Estimates/Recent Changes/SPGlobal_GrupoBimbo,S.A.B.deC.V._RecentChanges_06-Oct-2026.xlsx",Recent Changes,244
2026-10-06,2026-07-24,Not Entitled**,Not Entitled**,EBITDA (Mex$000),2026 FY,60351000,61941000,-2.5669,62138594.16,62283139.61,-0.23207797632731,"filings/capitaliq/Estimates/Recent Changes/SPGlobal_GrupoBimbo,S.A.B.deC.V._RecentChanges_06-Oct-2026.xlsx",Recent Changes,245
2026-10-06,2026-07-24,Not Entitled**,Not Entitled**,Revenue (Mex$000),2026 FY,421351000,435366000,-3.2191,424223585.82,425625085.82,-0.32928040350345,"filings/capitaliq/Estimates/Recent Changes/SPGlobal_GrupoBimbo,S.A.B.deC.V._RecentChanges_06-Oct-2026.xlsx",Recent Changes,246
2026-10-06,2026-07-24,Not Entitled**,Not Entitled**,ROE (%),2026 FY,11.1,11.5,-3.4782,11.86562,11.00989,7.77237556415187,"filings/capitaliq/Estimates/Recent Changes/SPGlobal_GrupoBimbo,S.A.B.deC.V._RecentChanges_06-Oct-2026.xlsx",Recent Changes,247
2026-10-06,2026-07-23,"Actinver Case de Bolsa, S.A. de C.V.","Hernandez Velez Leija, Antonio",Net Income (GAAP) (Mex$000),2026 FY,13277000,13277000,0,13287000,13589331.39,-2.22477016214703,"filings/capitaliq/Estimates/Recent Changes/SPGlobal_GrupoBimbo,S.A.B.deC.V._RecentChanges_06-Oct-2026.xlsx",Recent Changes,248
2026-10-06,2026-07-23,"Actinver Case de Bolsa, S.A. de C.V.","Hernandez Velez Leija, Antonio",EBIT (Mex$000),2026 FY,35609000,35609000,0,37436000,37073009.94,0.97912217159457,"filings/capitaliq/Estimates/Recent Changes/SPGlobal_GrupoBimbo,S.A.B.deC.V._RecentChanges_06-Oct-2026.xlsx",Recent Changes,249
2026-10-06,2026-07-23,"Actinver Case de Bolsa, S.A. de C.V.","Hernandez Velez Leija, Antonio",EPS Normalized (Mex$),2026 FY,3.07,3.07,0,3.03,3.12082,-2.91013259335687,"filings/capitaliq/Estimates/Recent Changes/SPGlobal_GrupoBimbo,S.A.B.deC.V._RecentChanges_06-Oct-2026.xlsx",Recent Changes,250
2026-10-06,2026-07-23,"Actinver Case de Bolsa, S.A. de C.V.","Hernandez Velez Leija, Antonio",Net Income Normalized (Mex$000),2026 FY,13277000,13277000,0,15324000,13845059.96,10.682077537207,"filings/capitaliq/Estimates/Recent Changes/SPGlobal_GrupoBimbo,S.A.B.deC.V._RecentChanges_06-Oct-2026.xlsx",Recent Changes,251
2026-10-06,2026-07-23,"GBM Grupo Bursátil Mexicano, S.A. de C.V. Casa de Bolsa","Carrillo Villasana, Regina",EBIT (Mex$000),2026 FY,39449000,39449000,0,37436000,37073009.94,0.97912217159457,"filings/capitaliq/Estimates/Recent Changes/SPGlobal_GrupoBimbo,S.A.B.deC.V._RecentChanges_06-Oct-2026.xlsx",Recent Changes,252
2026-10-06,2026-07-23,"GBM Grupo Bursátil Mexicano, S.A. de C.V. Casa de Bolsa","Carrillo Villasana, Regina",Free Cash Flow (Mex$000),2026 FY,19566000,19566000,0,19593000,20442666.67,-4.1563396973395,"filings/capitaliq/Estimates/Recent Changes/SPGlobal_GrupoBimbo,S.A.B.deC.V._RecentChanges_06-Oct-2026.xlsx",Recent Changes,253
2026-10-06,2026-07-23,"GBM Grupo Bursátil Mexicano, S.A. de C.V. Casa de Bolsa","Carrillo Villasana, Regina",Net Debt (Mex$000),2026 FY,142541000,142541000,0,163291000,146589524.31,11.39336236242951,"filings/capitaliq/Estimates/Recent Changes/SPGlobal_GrupoBimbo,S.A.B.deC.V._RecentChanges_06-Oct-2026.xlsx",Recent Changes,254
2026-10-06,2026-07-23,Itau BBA,"Fuchs, Alejandro",EBIT (Mex$000),2026 FY,34532000,34532000,0,37436000,37073009.94,0.97912217159457,"filings/capitaliq/Estimates/Recent Changes/SPGlobal_GrupoBimbo,S.A.B.deC.V._RecentChanges_06-Oct-2026.xlsx",Recent Changes,255
2026-10-06,2026-07-23,Itau BBA,"Fuchs, Alejandro",Net Income (GAAP) (Mex$000),2026 FY,12592000,12592000,0,13287000,13589331.39,-2.22477016214703,"filings/capitaliq/Estimates/Recent Changes/SPGlobal_GrupoBimbo,S.A.B.deC.V._RecentChanges_06-Oct-2026.xlsx",Recent Changes,256
2026-10-06,2026-07-23,Itau BBA,"Fuchs, Alejandro",Net Debt (Mex$000),2026 FY,142714000,142714000,0,163291000,146589524.31,11.39336236242951,"filings/capitaliq/Estimates/Recent Changes/SPGlobal_GrupoBimbo,S.A.B.deC.V._RecentChanges_06-Oct-2026.xlsx",Recent Changes,257
2026-10-06,2026-07-23,Itau BBA,"Fuchs, Alejandro",Interest Expense (Mex$000),2026 FY,12983000,12983000,0,14446000,13530333.33,6.76751006547449,"filings/capitaliq/Estimates/Recent Changes/SPGlobal_GrupoBimbo,S.A.B.deC.V._RecentChanges_06-Oct-2026.xlsx",Recent Changes,258
2026-10-06,2026-07-23,Itau BBA,"Fuchs, Alejandro",Net Income Normalized (Mex$000),2026 FY,12592000,12592000,0,15324000,13845059.96,10.682077537207,"filings/capitaliq/Estimates/Recent Changes/SPGlobal_GrupoBimbo,S.A.B.deC.V._RecentChanges_06-Oct-2026.xlsx",Recent Changes,259
2026-10-06,2026-07-23,Itau BBA,"Fuchs, Alejandro",Dividend per share (Mex$),2026 FY,1.08,1.08,0,0.77,0.97886,-21.33706556606665,"filings/capitaliq/Estimates/Recent Changes/SPGlobal_GrupoBimbo,S.A.B.deC.V._RecentChanges_06-Oct-2026.xlsx",Recent Changes,260
2026-10-06,2026-07-23,Itau BBA,"Fuchs, Alejandro",EPS Normalized (Mex$),2026 FY,2.81,2.81,0,3.03,3.12082,-2.91013259335687,"filings/capitaliq/Estimates/Recent Changes/SPGlobal_GrupoBimbo,S.A.B.deC.V._RecentChanges_06-Oct-2026.xlsx",Recent Changes,261
2026-10-06,2026-07-23,Not Entitled**,Not Entitled**,EPS Normalized (Mex$),2026 FY,3.49,3.49,0,3.03,3.12082,-2.91013259335687,"filings/capitaliq/Estimates/Recent Changes/SPGlobal_GrupoBimbo,S.A.B.deC.V._RecentChanges_06-Oct-2026.xlsx",Recent Changes,262
2026-10-06,2026-07-23,Not Entitled**,Not Entitled**,Book Value per share (Mex$),2026 FY,-,-,-,-,-,-,"filings/capitaliq/Estimates/Recent Changes/SPGlobal_GrupoBimbo,S.A.B.deC.V._RecentChanges_06-Oct-2026.xlsx",Recent Changes,263
2026-10-06,2026-07-23,Not Entitled**,Not Entitled**,Book Value per share (Mex$),2026 FY,30.00283,30.00283,0,30.23,29.83071,1.33851993465794,"filings/capitaliq/Estimates/Recent Changes/SPGlobal_GrupoBimbo,S.A.B.deC.V._RecentChanges_06-Oct-2026.xlsx",Recent Changes,264
2026-10-06,2026-07-23,Not Entitled**,Not Entitled**,Book Value per share (Mex$),2026 FY,29.08,29.08,0,30.23,29.83071,1.33851993465794,"filings/capitaliq/Estimates/Recent Changes/SPGlobal_GrupoBimbo,S.A.B.deC.V._RecentChanges_06-Oct-2026.xlsx",Recent Changes,265
2026-10-06,2026-07-23,Not Entitled**,Not Entitled**,Dividend per share (Mex$),2026 FY,-,-,-,-,-,-,"filings/capitaliq/Estimates/Recent Changes/SPGlobal_GrupoBimbo,S.A.B.deC.V._RecentChanges_06-Oct-2026.xlsx",Recent Changes,266
2026-10-06,2026-07-23,Not Entitled**,Not Entitled**,Dividend per share (Mex$),2026 FY,1.075,1.075,0,0.77,0.97886,-21.33706556606665,"filings/capitaliq/Estimates/Recent Changes/SPGlobal_GrupoBimbo,S.A.B.deC.V._RecentChanges_06-Oct-2026.xlsx",Recent Changes,267
2026-10-06,2026-07-23,Not Entitled**,Not Entitled**,Dividend per share (Mex$),2026 FY,0.95366,0.95366,0,0.77,0.97886,-21.33706556606665,"filings/capitaliq/Estimates/Recent Changes/SPGlobal_GrupoBimbo,S.A.B.deC.V._RecentChanges_06-Oct-2026.xlsx",Recent Changes,268
2026-10-06,2026-07-23,Not Entitled**,Not Entitled**,Dividend per share (Mex$),2026 FY,0.77193,0.77193,0,0.77,0.97886,-21.33706556606665,"filings/capitaliq/Estimates/Recent Changes/SPGlobal_GrupoBimbo,S.A.B.deC.V._RecentChanges_06-Oct-2026.xlsx",Recent Changes,269
2026-10-06,2026-07-23,Not Entitled**,Not Entitled**,Dividend per share (Mex$),2026 FY,-,-,-,-,-,-,"filings/capitaliq/Estimates/Recent Changes/SPGlobal_GrupoBimbo,S.A.B.deC.V._RecentChanges_06-Oct-2026.xlsx",Recent Changes,270
2026-10-06,2026-07-23,Not Entitled**,Not Entitled**,Dividend per share (Mex$),2026 FY,1.14,1.14,0,0.77,0.97886,-21.33706556606665,"filings/capitaliq/Estimates/Recent Changes/SPGlobal_GrupoBimbo,S.A.B.deC.V._RecentChanges_06-Oct-2026.xlsx",Recent Changes,271
2026-10-06,2026-07-23,Not Entitled**,Not Entitled**,Net Income (GAAP) (Mex$000),2026 FY,-,-,-,-,-,-,"filings/capitaliq/Estimates/Recent Changes/SPGlobal_GrupoBimbo,S.A.B.deC.V._RecentChanges_06-Oct-2026.xlsx",Recent Changes,272
2026-10-06,2026-07-23,Not Entitled**,Not Entitled**,Net Income (GAAP) (Mex$000),2026 FY,14009955.2,14009955.2,0,13287000,13589331.39,-2.22477016214703,"filings/capitaliq/Estimates/Recent Changes/SPGlobal_GrupoBimbo,S.A.B.deC.V._RecentChanges_06-Oct-2026.xlsx",Recent Changes,273
2026-10-06,2026-07-23,Not Entitled**,Not Entitled**,Net Income (GAAP) (Mex$000),2026 FY,13756553.96,13756553.96,0,13287000,13589331.39,-2.22477016214703,"filings/capitaliq/Estimates/Recent Changes/SPGlobal_GrupoBimbo,S.A.B.deC.V._RecentChanges_06-Oct-2026.xlsx",Recent Changes,274
2026-10-06,2026-07-23,Not Entitled**,Not Entitled**,Net Income (GAAP) (Mex$000),2026 FY,-,-,-,-,-,-,"filings/capitaliq/Estimates/Recent Changes/SPGlobal_GrupoBimbo,S.A.B.deC.V._RecentChanges_06-Oct-2026.xlsx",Recent Changes,275
2026-10-06,2026-07-23,Not Entitled**,Not Entitled**,Net Income (GAAP) (Mex$000),2026 FY,12768000,12768000,0,13287000,13589331.39,-2.22477016214703,"filings/capitaliq/Estimates/Recent Changes/SPGlobal_GrupoBimbo,S.A.B.deC.V._RecentChanges_06-Oct-2026.xlsx",Recent Changes,276
2026-10-06,2026-07-23,Not Entitled**,Not Entitled**,Net Income Normalized (Mex$000),2026 FY,15099000,15099000,0,15324000,13845059.96,10.682077537207,"filings/capitaliq/Estimates/Recent Changes/SPGlobal_GrupoBimbo,S.A.B.deC.V._RecentChanges_06-Oct-2026.xlsx",Recent Changes,277
2026-10-06,2026-07-23,Not Entitled**,Not Entitled**,Net Income Normalized (Mex$000),2026 FY,12768399.77,12768399.77,0,15324000,13845059.96,10.682077537207,"filings/capitaliq/Estimates/Recent Changes/SPGlobal_GrupoBimbo,S.A.B.deC.V._RecentChanges_06-Oct-2026.xlsx",Recent Changes,278
2026-10-06,2026-07-23,Not Entitled**,Not Entitled**,Net Income Normalized (Mex$000),2026 FY,14009960,14009960,0,15324000,13845059.96,10.682077537207,"filings/capitaliq/Estimates/Recent Changes/SPGlobal_GrupoBimbo,S.A.B.deC.V._RecentChanges_06-Oct-2026.xlsx",Recent Changes,279
2026-10-06,2026-07-23,Not Entitled**,Not Entitled**,Interest Expense (Mex$000),2026 FY,13162000,13162000,0,14446000,13530333.33,6.76751006547449,"filings/capitaliq/Estimates/Recent Changes/SPGlobal_GrupoBimbo,S.A.B.deC.V._RecentChanges_06-Oct-2026.xlsx",Recent Changes,280
2026-10-06,2026-07-23,Not Entitled**,Not Entitled**,EPS Normalized (Mex$),2026 FY,2.978,2.978,0,3.03,3.12082,-2.91013259335687,"filings/capitaliq/Estimates/Recent Changes/SPGlobal_GrupoBimbo,S.A.B.deC.V._RecentChanges_06-Oct-2026.xlsx",Recent Changes,281
2026-10-06,2026-07-23,Not Entitled**,Not Entitled**,EPS Normalized (Mex$),2026 FY,3.26,3.26,0,3.03,3.12082,-2.91013259335687,"filings/capitaliq/Estimates/Recent Changes/SPGlobal_GrupoBimbo,S.A.B.deC.V._RecentChanges_06-Oct-2026.xlsx",Recent Changes,282
2026-10-06,2026-07-23,Not Entitled**,Not Entitled**,EPS Normalized (Mex$),2026 FY,3.17888,3.17888,0,3.03,3.12082,-2.91013259335687,"filings/capitaliq/Estimates/Recent Changes/SPGlobal_GrupoBimbo,S.A.B.deC.V._RecentChanges_06-Oct-2026.xlsx",Recent Changes,283
2026-10-06,2026-07-23,Not Entitled**,Not Entitled**,EPS Normalized (Mex$),2026 FY,3.32,3.32,0,3.03,3.12082,-2.91013259335687,"filings/capitaliq/Estimates/Recent Changes/SPGlobal_GrupoBimbo,S.A.B.deC.V._RecentChanges_06-Oct-2026.xlsx",Recent Changes,284
2026-10-06,2026-07-23,Not Entitled**,Not Entitled**,EPS Normalized (Mex$),2026 FY,2.95054,2.95054,0,3.03,3.12082,-2.91013259335687,"filings/capitaliq/Estimates/Recent Changes/SPGlobal_GrupoBimbo,S.A.B.deC.V._RecentChanges_06-Oct-2026.xlsx",Recent Changes,285
2026-10-06,2026-07-23,Not Entitled**,Not Entitled**,Net Debt (Mex$000),2026 FY,-,-,-,-,-,-,"filings/capitaliq/Estimates/Recent Changes/SPGlobal_GrupoBimbo,S.A.B.deC.V._RecentChanges_06-Oct-2026.xlsx",Recent Changes,286
2026-10-06,2026-07-23,Not Entitled**,Not Entitled**,Net Debt (Mex$000),2026 FY,134809998.8,134809998.8,0,163291000,146589524.31,11.39336236242951,"filings/capitaliq/Estimates/Recent Changes/SPGlobal_GrupoBimbo,S.A.B.deC.V._RecentChanges_06-Oct-2026.xlsx",Recent Changes,287
2026-10-06,2026-07-23,Not Entitled**,Not Entitled**,Net Debt (Mex$000),2026 FY,131342800.23,131342800.23,0,163291000,146589524.31,11.39336236242951,"filings/capitaliq/Estimates/Recent Changes/SPGlobal_GrupoBimbo,S.A.B.deC.V._RecentChanges_06-Oct-2026.xlsx",Recent Changes,288
2026-10-06,2026-07-23,Not Entitled**,Not Entitled**,Net Debt (Mex$000),2026 FY,174829000,174829000,0,163291000,146589524.31,11.39336236242951,"filings/capitaliq/Estimates/Recent Changes/SPGlobal_GrupoBimbo,S.A.B.deC.V._RecentChanges_06-Oct-2026.xlsx",Recent Changes,289
2026-10-06,2026-07-23,Not Entitled**,Not Entitled**,Net Income (GAAP) (Mex$000),2026 FY,15099000,15099000,0,13287000,13589331.39,-2.22477016214703,"filings/capitaliq/Estimates/Recent Changes/SPGlobal_GrupoBimbo,S.A.B.deC.V._RecentChanges_06-Oct-2026.xlsx",Recent Changes,290
2026-10-06,2026-07-23,Not Entitled**,Not Entitled**,EBIT (Mex$000),2026 FY,40179000,40179000,0,37436000,37073009.94,0.97912217159457,"filings/capitaliq/Estimates/Recent Changes/SPGlobal_GrupoBimbo,S.A.B.deC.V._RecentChanges_06-Oct-2026.xlsx",Recent Changes,291
2026-10-06,2026-07-23,Not Entitled**,Not Entitled**,Capital Expenditures (Mex$000),2026 FY,23269000,23269000,0,22104275.93,22395456.95,-1.30017896330532,"filings/capitaliq/Estimates/Recent Changes/SPGlobal_GrupoBimbo,S.A.B.deC.V._RecentChanges_06-Oct-2026.xlsx",Recent Changes,292
2026-10-06,2026-07-23,Not Entitled**,Not Entitled**,EBIT (Mex$000),2026 FY,-,-,-,-,-,-,"filings/capitaliq/Estimates/Recent Changes/SPGlobal_GrupoBimbo,S.A.B.deC.V._RecentChanges_06-Oct-2026.xlsx",Recent Changes,293
2026-10-06,2026-07-23,Not Entitled**,Not Entitled**,EBIT (Mex$000),2026 FY,36973387.75,36973387.75,0,37436000,37073009.94,0.97912217159457,"filings/capitaliq/Estimates/Recent Changes/SPGlobal_GrupoBimbo,S.A.B.deC.V._RecentChanges_06-Oct-2026.xlsx",Recent Changes,294
2026-10-06,2026-07-23,Not Entitled**,Not Entitled**,EBIT (Mex$000),2026 FY,36637892.95,36637892.95,0,37436000,37073009.94,0.97912217159457,"filings/capitaliq/Estimates/Recent Changes/SPGlobal_GrupoBimbo,S.A.B.deC.V._RecentChanges_06-Oct-2026.xlsx",Recent Changes,295
2026-10-06,2026-07-23,Not Entitled**,Not Entitled**,EBIT (Mex$000),2026 FY,-,-,-,-,-,-,"filings/capitaliq/Estimates/Recent Changes/SPGlobal_GrupoBimbo,S.A.B.deC.V._RecentChanges_06-Oct-2026.xlsx",Recent Changes,296
2026-10-06,2026-07-23,Not Entitled**,Not Entitled**,EBIT (Mex$000),2026 FY,36205244.79,36205244.79,0,37436000,37073009.94,0.97912217159457,"filings/capitaliq/Estimates/Recent Changes/SPGlobal_GrupoBimbo,S.A.B.deC.V._RecentChanges_06-Oct-2026.xlsx",Recent Changes,297
2026-10-06,2026-07-23,Not Entitled**,Not Entitled**,Free Cash Flow (Mex$000),2026 FY,22169000,22169000,0,19593000,20442666.67,-4.1563396973395,"filings/capitaliq/Estimates/Recent Changes/SPGlobal_GrupoBimbo,S.A.B.deC.V._RecentChanges_06-Oct-2026.xlsx",Recent Changes,298
2026-10-06,2026-07-20,Not Entitled**,Not Entitled**,Net Income (GAAP) (Mex$000),2026 FQ4,-,-,-,-,-,-,"filings/capitaliq/Estimates/Recent Changes/SPGlobal_GrupoBimbo,S.A.B.deC.V._RecentChanges_06-Oct-2026.xlsx",Recent Changes,299
2026-10-06,2026-07-20,Not Entitled**,Not Entitled**,EBT Normalized (Mex$000),2026 FQ4,-,-,-,-,-,-,"filings/capitaliq/Estimates/Recent Changes/SPGlobal_GrupoBimbo,S.A.B.deC.V._RecentChanges_06-Oct-2026.xlsx",Recent Changes,300
2026-10-06,2026-07-20,Not Entitled**,Not Entitled**,EBIT (Mex$000),2026 FY,-,-,-,-,-,-,"filings/capitaliq/Estimates/Recent Changes/SPGlobal_GrupoBimbo,S.A.B.deC.V._RecentChanges_06-Oct-2026.xlsx",Recent Changes,301
2026-10-06,2026-07-20,Not Entitled**,Not Entitled**,EBITDA (Mex$000),2026 FY,-,-,-,-,-,-,"filings/capitaliq/Estimates/Recent Changes/SPGlobal_GrupoBimbo,S.A.B.deC.V._RecentChanges_06-Oct-2026.xlsx",Recent Changes,302
2026-10-06,2026-07-20,Not Entitled**,Not Entitled**,EBITDA (Mex$000),2026 FQ3,-,-,-,-,-,-,"filings/capitaliq/Estimates/Recent Changes/SPGlobal_GrupoBimbo,S.A.B.deC.V._RecentChanges_06-Oct-2026.xlsx",Recent Changes,303
2026-10-06,2026-07-20,Not Entitled**,Not Entitled**,EBT Normalized (Mex$000),2026 FY,-,-,-,-,-,-,"filings/capitaliq/Estimates/Recent Changes/SPGlobal_GrupoBimbo,S.A.B.deC.V._RecentChanges_06-Oct-2026.xlsx",Recent Changes,304
2026-10-06,2026-07-20,Not Entitled**,Not Entitled**,EBIT (Mex$000),2026 FQ4,-,-,-,-,-,-,"filings/capitaliq/Estimates/Recent Changes/SPGlobal_GrupoBimbo,S.A.B.deC.V._RecentChanges_06-Oct-2026.xlsx",Recent Changes,305
2026-10-06,2026-07-20,Not Entitled**,Not Entitled**,EBITDA (Mex$000),2026 FQ4,-,-,-,-,-,-,"filings/capitaliq/Estimates/Recent Changes/SPGlobal_GrupoBimbo,S.A.B.deC.V._RecentChanges_06-Oct-2026.xlsx",Recent Changes,306
2026-10-06,2026-07-20,Not Entitled**,Not Entitled**,Revenue (Mex$000),2026 FQ3,-,-,-,-,-,-,"filings/capitaliq/Estimates/Recent Changes/SPGlobal_GrupoBimbo,S.A.B.deC.V._RecentChanges_06-Oct-2026.xlsx",Recent Changes,307
2026-10-06,2026-07-20,Not Entitled**,Not Entitled**,Net Income (GAAP) (Mex$000),2026 FQ3,-,-,-,-,-,-,"filings/capitaliq/Estimates/Recent Changes/SPGlobal_GrupoBimbo,S.A.B.deC.V._RecentChanges_06-Oct-2026.xlsx",Recent Changes,308
2026-10-06,2026-07-20,Not Entitled**,Not Entitled**,EBT Normalized (Mex$000),2026 FQ3,-,-,-,-,-,-,"filings/capitaliq/Estimates/Recent Changes/SPGlobal_GrupoBimbo,S.A.B.deC.V._RecentChanges_06-Oct-2026.xlsx",Recent Changes,309
2026-10-06,2026-07-20,Not Entitled**,Not Entitled**,EBIT (Mex$000),2026 FQ3,-,-,-,-,-,-,"filings/capitaliq/Estimates/Recent Changes/SPGlobal_GrupoBimbo,S.A.B.deC.V._RecentChanges_06-Oct-2026.xlsx",Recent Changes,310
2026-10-06,2026-07-20,Not Entitled**,Not Entitled**,Revenue (Mex$000),2026 FQ4,-,-,-,-,-,-,"filings/capitaliq/Estimates/Recent Changes/SPGlobal_GrupoBimbo,S.A.B.deC.V._RecentChanges_06-Oct-2026.xlsx",Recent Changes,311
2026-10-06,2026-07-20,Not Entitled**,Not Entitled**,Net Income (GAAP) (Mex$000),2026 FY,-,-,-,-,-,-,"filings/capitaliq/Estimates/Recent Changes/SPGlobal_GrupoBimbo,S.A.B.deC.V._RecentChanges_06-Oct-2026.xlsx",Recent Changes,312
2026-10-06,2026-07-20,Not Entitled**,Not Entitled**,ROE (%),2026 FY,-,-,-,-,-,-,"filings/capitaliq/Estimates/Recent Changes/SPGlobal_GrupoBimbo,S.A.B.deC.V._RecentChanges_06-Oct-2026.xlsx",Recent Changes,313
2026-10-06,2026-07-20,Not Entitled**,Not Entitled**,Revenue (Mex$000),2026 FY,-,-,-,-,-,-,"filings/capitaliq/Estimates/Recent Changes/SPGlobal_GrupoBimbo,S.A.B.deC.V._RecentChanges_06-Oct-2026.xlsx",Recent Changes,314
2026-10-06,2026-07-20,Not Entitled**,Not Entitled**,EPS (GAAP) (Mex$),2026 FY,-,-,-,-,-,-,"filings/capitaliq/Estimates/Recent Changes/SPGlobal_GrupoBimbo,S.A.B.deC.V._RecentChanges_06-Oct-2026.xlsx",Recent Changes,315
2026-10-06,2026-07-20,Not Entitled**,Not Entitled**,EPS (GAAP) (Mex$),2026 FQ3,-,-,-,-,-,-,"filings/capitaliq/Estimates/Recent Changes/SPGlobal_GrupoBimbo,S.A.B.deC.V._RecentChanges_06-Oct-2026.xlsx",Recent Changes,316
2026-10-06,2026-07-20,Not Entitled**,Not Entitled**,EPS (GAAP) (Mex$),2026 FQ4,-,-,-,-,-,-,"filings/capitaliq/Estimates/Recent Changes/SPGlobal_GrupoBimbo,S.A.B.deC.V._RecentChanges_06-Oct-2026.xlsx",Recent Changes,317
2026-10-06,2026-07-20,Not Entitled**,Not Entitled**,EPS (GAAP) (Mex$),2026 FQ4,-,-,-,-,-,-,"filings/capitaliq/Estimates/Recent Changes/SPGlobal_GrupoBimbo,S.A.B.deC.V._RecentChanges_06-Oct-2026.xlsx",Recent Changes,318
2026-10-06,2026-07-20,Not Entitled**,Not Entitled**,EPS (GAAP) (Mex$),2026 FQ3,-,-,-,-,-,-,"filings/capitaliq/Estimates/Recent Changes/SPGlobal_GrupoBimbo,S.A.B.deC.V._RecentChanges_06-Oct-2026.xlsx",Recent Changes,319
2026-10-06,2026-07-20,Not Entitled**,Not Entitled**,EPS (GAAP) (Mex$),2026 FY,-,-,-,-,-,-,"filings/capitaliq/Estimates/Recent Changes/SPGlobal_GrupoBimbo,S.A.B.deC.V._RecentChanges_06-Oct-2026.xlsx",Recent Changes,320
2026-10-06,2026-07-20,Not Entitled**,Not Entitled**,Revenue (Mex$000),2026 FY,-,-,-,-,-,-,"filings/capitaliq/Estimates/Recent Changes/SPGlobal_GrupoBimbo,S.A.B.deC.V._RecentChanges_06-Oct-2026.xlsx",Recent Changes,321
2026-10-06,2026-07-20,Not Entitled**,Not Entitled**,ROE (%),2026 FY,-,-,-,-,-,-,"filings/capitaliq/Estimates/Recent Changes/SPGlobal_GrupoBimbo,S.A.B.deC.V._RecentChanges_06-Oct-2026.xlsx",Recent Changes,322
2026-10-06,2026-07-20,Not Entitled**,Not Entitled**,Net Income (GAAP) (Mex$000),2026 FY,-,-,-,-,-,-,"filings/capitaliq/Estimates/Recent Changes/SPGlobal_GrupoBimbo,S.A.B.deC.V._RecentChanges_06-Oct-2026.xlsx",Recent Changes,323
2026-10-06,2026-07-20,Not Entitled**,Not Entitled**,Revenue (Mex$000),2026 FQ4,-,-,-,-,-,-,"filings/capitaliq/Estimates/Recent Changes/SPGlobal_GrupoBimbo,S.A.B.deC.V._RecentChanges_06-Oct-2026.xlsx",Recent Changes,324
2026-10-06,2026-07-20,Not Entitled**,Not Entitled**,EBIT (Mex$000),2026 FQ3,-,-,-,-,-,-,"filings/capitaliq/Estimates/Recent Changes/SPGlobal_GrupoBimbo,S.A.B.deC.V._RecentChanges_06-Oct-2026.xlsx",Recent Changes,325
2026-10-06,2026-07-20,Not Entitled**,Not Entitled**,EBT Normalized (Mex$000),2026 FQ3,-,-,-,-,-,-,"filings/capitaliq/Estimates/Recent Changes/SPGlobal_GrupoBimbo,S.A.B.deC.V._RecentChanges_06-Oct-2026.xlsx",Recent Changes,326
2026-10-06,2026-07-20,Not Entitled**,Not Entitled**,Net Income (GAAP) (Mex$000),2026 FQ3,-,-,-,-,-,-,"filings/capitaliq/Estimates/Recent Changes/SPGlobal_GrupoBimbo,S.A.B.deC.V._RecentChanges_06-Oct-2026.xlsx",Recent Changes,327
2026-10-06,2026-07-20,Not Entitled**,Not Entitled**,Revenue (Mex$000),2026 FQ3,-,-,-,-,-,-,"filings/capitaliq/Estimates/Recent Changes/SPGlobal_GrupoBimbo,S.A.B.deC.V._RecentChanges_06-Oct-2026.xlsx",Recent Changes,328
2026-10-06,2026-07-20,Not Entitled**,Not Entitled**,EBITDA (Mex$000),2026 FQ4,-,-,-,-,-,-,"filings/capitaliq/Estimates/Recent Changes/SPGlobal_GrupoBimbo,S.A.B.deC.V._RecentChanges_06-Oct-2026.xlsx",Recent Changes,329
2026-10-06,2026-07-20,Not Entitled**,Not Entitled**,EBIT (Mex$000),2026 FQ4,-,-,-,-,-,-,"filings/capitaliq/Estimates/Recent Changes/SPGlobal_GrupoBimbo,S.A.B.deC.V._RecentChanges_06-Oct-2026.xlsx",Recent Changes,330
2026-10-06,2026-07-20,Not Entitled**,Not Entitled**,EBT Normalized (Mex$000),2026 FY,-,-,-,-,-,-,"filings/capitaliq/Estimates/Recent Changes/SPGlobal_GrupoBimbo,S.A.B.deC.V._RecentChanges_06-Oct-2026.xlsx",Recent Changes,331
2026-10-06,2026-07-20,Not Entitled**,Not Entitled**,EBITDA (Mex$000),2026 FQ3,-,-,-,-,-,-,"filings/capitaliq/Estimates/Recent Changes/SPGlobal_GrupoBimbo,S.A.B.deC.V._RecentChanges_06-Oct-2026.xlsx",Recent Changes,332
2026-10-06,2026-07-20,Not Entitled**,Not Entitled**,EBITDA (Mex$000),2026 FY,-,-,-,-,-,-,"filings/capitaliq/Estimates/Recent Changes/SPGlobal_GrupoBimbo,S.A.B.deC.V._RecentChanges_06-Oct-2026.xlsx",Recent Changes,333
2026-10-06,2026-07-20,Not Entitled**,Not Entitled**,EBIT (Mex$000),2026 FY,-,-,-,-,-,-,"filings/capitaliq/Estimates/Recent Changes/SPGlobal_GrupoBimbo,S.A.B.deC.V._RecentChanges_06-Oct-2026.xlsx",Recent Changes,334
2026-10-06,2026-07-20,Not Entitled**,Not Entitled**,EBT Normalized (Mex$000),2026 FQ4,-,-,-,-,-,-,"filings/capitaliq/Estimates/Recent Changes/SPGlobal_GrupoBimbo,S.A.B.deC.V._RecentChanges_06-Oct-2026.xlsx",Recent Changes,335
2026-10-06,2026-07-20,Not Entitled**,Not Entitled**,Net Income (GAAP) (Mex$000),2026 FQ4,-,-,-,-,-,-,"filings/capitaliq/Estimates/Recent Changes/SPGlobal_GrupoBimbo,S.A.B.deC.V._RecentChanges_06-Oct-2026.xlsx",Recent Changes,336
2026-10-06,2026-07-20,Not Entitled**,Not Entitled**,Net Income (GAAP) (Mex$000),2026 FQ4,-,-,-,-,-,-,"filings/capitaliq/Estimates/Recent Changes/SPGlobal_GrupoBimbo,S.A.B.deC.V._RecentChanges_06-Oct-2026.xlsx",Recent Changes,337
2026-10-06,2026-07-20,Not Entitled**,Not Entitled**,EBT Normalized (Mex$000),2026 FQ4,-,-,-,-,-,-,"filings/capitaliq/Estimates/Recent Changes/SPGlobal_GrupoBimbo,S.A.B.deC.V._RecentChanges_06-Oct-2026.xlsx",Recent Changes,338
2026-10-06,2026-07-20,Not Entitled**,Not Entitled**,EBIT (Mex$000),2026 FY,-,-,-,-,-,-,"filings/capitaliq/Estimates/Recent Changes/SPGlobal_GrupoBimbo,S.A.B.deC.V._RecentChanges_06-Oct-2026.xlsx",Recent Changes,339
2026-10-06,2026-07-20,Not Entitled**,Not Entitled**,EBITDA (Mex$000),2026 FY,-,-,-,-,-,-,"filings/capitaliq/Estimates/Recent Changes/SPGlobal_GrupoBimbo,S.A.B.deC.V._RecentChanges_06-Oct-2026.xlsx",Recent Changes,340
2026-10-06,2026-07-20,Not Entitled**,Not Entitled**,EBITDA (Mex$000),2026 FQ3,-,-,-,-,-,-,"filings/capitaliq/Estimates/Recent Changes/SPGlobal_GrupoBimbo,S.A.B.deC.V._RecentChanges_06-Oct-2026.xlsx",Recent Changes,341
2026-10-06,2026-07-20,Not Entitled**,Not Entitled**,EBT Normalized (Mex$000),2026 FY,-,-,-,-,-,-,"filings/capitaliq/Estimates/Recent Changes/SPGlobal_GrupoBimbo,S.A.B.deC.V._RecentChanges_06-Oct-2026.xlsx",Recent Changes,342
2026-10-06,2026-07-20,Not Entitled**,Not Entitled**,EBIT (Mex$000),2026 FQ4,-,-,-,-,-,-,"filings/capitaliq/Estimates/Recent Changes/SPGlobal_GrupoBimbo,S.A.B.deC.V._RecentChanges_06-Oct-2026.xlsx",Recent Changes,343
2026-10-06,2026-07-20,Not Entitled**,Not Entitled**,EBITDA (Mex$000),2026 FQ4,-,-,-,-,-,-,"filings/capitaliq/Estimates/Recent Changes/SPGlobal_GrupoBimbo,S.A.B.deC.V._RecentChanges_06-Oct-2026.xlsx",Recent Changes,344
2026-10-06,2026-07-20,Not Entitled**,Not Entitled**,Revenue (Mex$000),2026 FQ3,-,-,-,-,-,-,"filings/capitaliq/Estimates/Recent Changes/SPGlobal_GrupoBimbo,S.A.B.deC.V._RecentChanges_06-Oct-2026.xlsx",Recent Changes,345
2026-10-06,2026-07-20,Not Entitled**,Not Entitled**,Net Income (GAAP) (Mex$000),2026 FQ3,-,-,-,-,-,-,"filings/capitaliq/Estimates/Recent Changes/SPGlobal_GrupoBimbo,S.A.B.deC.V._RecentChanges_06-Oct-2026.xlsx",Recent Changes,346
2026-10-06,2026-07-20,Not Entitled**,Not Entitled**,EBT Normalized (Mex$000),2026 FQ3,-,-,-,-,-,-,"filings/capitaliq/Estimates/Recent Changes/SPGlobal_GrupoBimbo,S.A.B.deC.V._RecentChanges_06-Oct-2026.xlsx",Recent Changes,347
2026-10-06,2026-07-20,Not Entitled**,Not Entitled**,EBIT (Mex$000),2026 FQ3,-,-,-,-,-,-,"filings/capitaliq/Estimates/Recent Changes/SPGlobal_GrupoBimbo,S.A.B.deC.V._RecentChanges_06-Oct-2026.xlsx",Recent Changes,348
2026-10-06,2026-07-20,Not Entitled**,Not Entitled**,Revenue (Mex$000),2026 FQ4,-,-,-,-,-,-,"filings/capitaliq/Estimates/Recent Changes/SPGlobal_GrupoBimbo,S.A.B.deC.V._RecentChanges_06-Oct-2026.xlsx",Recent Changes,349
2026-10-06,2026-07-20,Not Entitled**,Not Entitled**,Net Income (GAAP) (Mex$000),2026 FY,-,-,-,-,-,-,"filings/capitaliq/Estimates/Recent Changes/SPGlobal_GrupoBimbo,S.A.B.deC.V._RecentChanges_06-Oct-2026.xlsx",Recent Changes,350
2026-10-06,2026-07-20,Not Entitled**,Not Entitled**,ROE (%),2026 FY,-,-,-,-,-,-,"filings/capitaliq/Estimates/Recent Changes/SPGlobal_GrupoBimbo,S.A.B.deC.V._RecentChanges_06-Oct-2026.xlsx",Recent Changes,351
2026-10-06,2026-07-20,Not Entitled**,Not Entitled**,Revenue (Mex$000),2026 FY,-,-,-,-,-,-,"filings/capitaliq/Estimates/Recent Changes/SPGlobal_GrupoBimbo,S.A.B.deC.V._RecentChanges_06-Oct-2026.xlsx",Recent Changes,352
2026-10-06,2026-07-20,Not Entitled**,Not Entitled**,EPS (GAAP) (Mex$),2026 FY,-,-,-,-,-,-,"filings/capitaliq/Estimates/Recent Changes/SPGlobal_GrupoBimbo,S.A.B.deC.V._RecentChanges_06-Oct-2026.xlsx",Recent Changes,353
2026-10-06,2026-07-20,Not Entitled**,Not Entitled**,EPS (GAAP) (Mex$),2026 FQ3,-,-,-,-,-,-,"filings/capitaliq/Estimates/Recent Changes/SPGlobal_GrupoBimbo,S.A.B.deC.V._RecentChanges_06-Oct-2026.xlsx",Recent Changes,354
2026-10-06,2026-07-20,Not Entitled**,Not Entitled**,EPS (GAAP) (Mex$),2026 FQ4,-,-,-,-,-,-,"filings/capitaliq/Estimates/Recent Changes/SPGlobal_GrupoBimbo,S.A.B.deC.V._RecentChanges_06-Oct-2026.xlsx",Recent Changes,355
2026-10-06,2026-07-15,Not Entitled**,Not Entitled**,Book Value per share (Mex$),2026 FY,-,-,-,-,-,-,"filings/capitaliq/Estimates/Recent Changes/SPGlobal_GrupoBimbo,S.A.B.deC.V._RecentChanges_06-Oct-2026.xlsx",Recent Changes,356
2026-10-06,2026-07-15,Not Entitled**,Not Entitled**,EPS (GAAP) (Mex$),2026 FY,-,-,-,-,-,-,"filings/capitaliq/Estimates/Recent Changes/SPGlobal_GrupoBimbo,S.A.B.deC.V._RecentChanges_06-Oct-2026.xlsx",Recent Changes,357
2026-10-06,2026-07-15,Not Entitled**,Not Entitled**,Revenue (Mex$000),2026 FY,-,-,-,-,-,-,"filings/capitaliq/Estimates/Recent Changes/SPGlobal_GrupoBimbo,S.A.B.deC.V._RecentChanges_06-Oct-2026.xlsx",Recent Changes,358
2026-10-06,2026-07-15,Not Entitled**,Not Entitled**,ROE (%),2026 FY,-,-,-,-,-,-,"filings/capitaliq/Estimates/Recent Changes/SPGlobal_GrupoBimbo,S.A.B.deC.V._RecentChanges_06-Oct-2026.xlsx",Recent Changes,359
2026-10-06,2026-07-15,Not Entitled**,Not Entitled**,TEV (Mex$000),2026 FY,-,-,-,-,-,-,"filings/capitaliq/Estimates/Recent Changes/SPGlobal_GrupoBimbo,S.A.B.deC.V._RecentChanges_06-Oct-2026.xlsx",Recent Changes,360
2026-10-06,2026-07-15,Not Entitled**,Not Entitled**,Net Income (GAAP) (Mex$000),2026 FY,-,-,-,-,-,-,"filings/capitaliq/Estimates/Recent Changes/SPGlobal_GrupoBimbo,S.A.B.deC.V._RecentChanges_06-Oct-2026.xlsx",Recent Changes,361
2026-10-06,2026-07-15,Not Entitled**,Not Entitled**,Net Debt (Mex$000),2026 FY,-,-,-,-,-,-,"filings/capitaliq/Estimates/Recent Changes/SPGlobal_GrupoBimbo,S.A.B.deC.V._RecentChanges_06-Oct-2026.xlsx",Recent Changes,362
2026-10-06,2026-07-15,Not Entitled**,Not Entitled**,EBITDA (Mex$000),2026 FY,-,-,-,-,-,-,"filings/capitaliq/Estimates/Recent Changes/SPGlobal_GrupoBimbo,S.A.B.deC.V._RecentChanges_06-Oct-2026.xlsx",Recent Changes,363
2026-10-06,2026-07-15,Not Entitled**,Not Entitled**,EBIT (Mex$000),2026 FY,-,-,-,-,-,-,"filings/capitaliq/Estimates/Recent Changes/SPGlobal_GrupoBimbo,S.A.B.deC.V._RecentChanges_06-Oct-2026.xlsx",Recent Changes,364
2026-10-06,2026-07-15,Not Entitled**,Not Entitled**,EBT (GAAP) (Mex$000),2026 FY,-,-,-,-,-,-,"filings/capitaliq/Estimates/Recent Changes/SPGlobal_GrupoBimbo,S.A.B.deC.V._RecentChanges_06-Oct-2026.xlsx",Recent Changes,365
2026-10-06,2026-07-13,Not Entitled**,Not Entitled**,EPS Normalized (Mex$),2026 FY,2.978,2.983,-0.1676,3.12082,3.12138,-0.01794078260257,"filings/capitaliq/Estimates/Recent Changes/SPGlobal_GrupoBimbo,S.A.B.deC.V._RecentChanges_06-Oct-2026.xlsx",Recent Changes,366
2026-10-06,2026-07-13,Not Entitled**,Not Entitled**,EPS Normalized (Mex$),2027 FQ2,0.793,0.791,0.2528,0.793,0.791,0.25284450063211,"filings/capitaliq/Estimates/Recent Changes/SPGlobal_GrupoBimbo,S.A.B.deC.V._RecentChanges_06-Oct-2026.xlsx",Recent Changes,367
2026-10-06,2026-07-13,"Actinver Case de Bolsa, S.A. de C.V.","Hernandez Velez Leija, Antonio",EPS (GAAP) (Mex$),2026 FY,3.07,3.05,0.6557,3.20113,3.19863,0.07815846159137,"filings/capitaliq/Estimates/Recent Changes/SPGlobal_GrupoBimbo,S.A.B.deC.V._RecentChanges_06-Oct-2026.xlsx",Recent Changes,368
2026-10-06,2026-07-13,"Actinver Case de Bolsa, S.A. de C.V.","Hernandez Velez Leija, Antonio",EPS Normalized (Mex$),2026 FY,3.07,3.05,0.6557,3.12138,3.11916,0.07117300811757,"filings/capitaliq/Estimates/Recent Changes/SPGlobal_GrupoBimbo,S.A.B.deC.V._RecentChanges_06-Oct-2026.xlsx",Recent Changes,369
2026-10-06,2026-07-13,"Actinver Case de Bolsa, S.A. de C.V.","Hernandez Velez Leija, Antonio",EBIT (Mex$000),2026 FY,35609000,35507000,0.2872,36978562.4,36968362.4,0.02759115994816,"filings/capitaliq/Estimates/Recent Changes/SPGlobal_GrupoBimbo,S.A.B.deC.V._RecentChanges_06-Oct-2026.xlsx",Recent Changes,370
2026-10-06,2026-07-13,"Actinver Case de Bolsa, S.A. de C.V.","Hernandez Velez Leija, Antonio",EBITDA (Mex$000),2026 FY,61242000,61271000,-0.0473,62219348.33,62221984.7,-0.00423703938843,"filings/capitaliq/Estimates/Recent Changes/SPGlobal_GrupoBimbo,S.A.B.deC.V._RecentChanges_06-Oct-2026.xlsx",Recent Changes,371
2026-10-06,2026-07-13,"Actinver Case de Bolsa, S.A. de C.V.","Hernandez Velez Leija, Antonio",Gross Margin (%),2026 FY,52.6,52.5,0.1904,52.36667,52.33333,0.0637070104272,"filings/capitaliq/Estimates/Recent Changes/SPGlobal_GrupoBimbo,S.A.B.deC.V._RecentChanges_06-Oct-2026.xlsx",Recent Changes,372
2026-10-06,2026-07-13,"Actinver Case de Bolsa, S.A. de C.V.","Hernandez Velez Leija, Antonio",Net Income (GAAP) (Mex$000),2026 FY,13277000,13211000,0.4995,13571357.39,13564024.06,0.0540645605431,"filings/capitaliq/Estimates/Recent Changes/SPGlobal_GrupoBimbo,S.A.B.deC.V._RecentChanges_06-Oct-2026.xlsx",Recent Changes,373
2026-10-06,2026-07-13,"Actinver Case de Bolsa, S.A. de C.V.","Hernandez Velez Leija, Antonio",Net Income Normalized (Mex$000),2026 FY,13277000,13211000,0.4995,13845059.96,13834059.96,0.07951389564456,"filings/capitaliq/Estimates/Recent Changes/SPGlobal_GrupoBimbo,S.A.B.deC.V._RecentChanges_06-Oct-2026.xlsx",Recent Changes,374
2026-10-06,2026-07-13,"Actinver Case de Bolsa, S.A. de C.V.","Hernandez Velez Leija, Antonio",Revenue (Mex$000),2026 FY,424246000,426281000,-0.4773,425714172.56,425917672.56,-0.04777918670922,"filings/capitaliq/Estimates/Recent Changes/SPGlobal_GrupoBimbo,S.A.B.deC.V._RecentChanges_06-Oct-2026.xlsx",Recent Changes,375
2026-10-06,2026-06-26,Not Entitled**,Not Entitled**,ROE (%),2026 FY,-,-,-,-,-,-,"filings/capitaliq/Estimates/Recent Changes/SPGlobal_GrupoBimbo,S.A.B.deC.V._RecentChanges_06-Oct-2026.xlsx",Recent Changes,376
2026-10-06,2026-06-26,Not Entitled**,Not Entitled**,Revenue (Mex$000),2026 FY,-,-,-,-,-,-,"filings/capitaliq/Estimates/Recent Changes/SPGlobal_GrupoBimbo,S.A.B.deC.V._RecentChanges_06-Oct-2026.xlsx",Recent Changes,377
2026-10-06,2026-06-26,Not Entitled**,Not Entitled**,Net Income (GAAP) (Mex$000),2026 FY,-,-,-,-,-,-,"filings/capitaliq/Estimates/Recent Changes/SPGlobal_GrupoBimbo,S.A.B.deC.V._RecentChanges_06-Oct-2026.xlsx",Recent Changes,378
2026-10-06,2026-06-26,Not Entitled**,Not Entitled**,Revenue (Mex$000),2026 FQ4,-,-,-,-,-,-,"filings/capitaliq/Estimates/Recent Changes/SPGlobal_GrupoBimbo,S.A.B.deC.V._RecentChanges_06-Oct-2026.xlsx",Recent Changes,379
2026-10-06,2026-06-26,Not Entitled**,Not Entitled**,EBITDA (Mex$000),2026 FY,-,-,-,-,-,-,"filings/capitaliq/Estimates/Recent Changes/SPGlobal_GrupoBimbo,S.A.B.deC.V._RecentChanges_06-Oct-2026.xlsx",Recent Changes,380
2026-10-06,2026-06-26,Not Entitled**,Not Entitled**,EBIT (Mex$000),2026 FQ3,-,-,-,-,-,-,"filings/capitaliq/Estimates/Recent Changes/SPGlobal_GrupoBimbo,S.A.B.deC.V._RecentChanges_06-Oct-2026.xlsx",Recent Changes,381
2026-10-06,2026-06-26,Not Entitled**,Not Entitled**,EBT Normalized (Mex$000),2026 FQ3,-,-,-,-,-,-,"filings/capitaliq/Estimates/Recent Changes/SPGlobal_GrupoBimbo,S.A.B.deC.V._RecentChanges_06-Oct-2026.xlsx",Recent Changes,382
2026-10-06,2026-06-26,Not Entitled**,Not Entitled**,Net Income (GAAP) (Mex$000),2026 FQ3,-,-,-,-,-,-,"filings/capitaliq/Estimates/Recent Changes/SPGlobal_GrupoBimbo,S.A.B.deC.V._RecentChanges_06-Oct-2026.xlsx",Recent Changes,383
2026-10-06,2026-06-26,Not Entitled**,Not Entitled**,Revenue (Mex$000),2026 FQ3,-,-,-,-,-,-,"filings/capitaliq/Estimates/Recent Changes/SPGlobal_GrupoBimbo,S.A.B.deC.V._RecentChanges_06-Oct-2026.xlsx",Recent Changes,384
2026-10-06,2026-06-26,Not Entitled**,Not Entitled**,EBITDA (Mex$000),2026 FQ4,-,-,-,-,-,-,"filings/capitaliq/Estimates/Recent Changes/SPGlobal_GrupoBimbo,S.A.B.deC.V._RecentChanges_06-Oct-2026.xlsx",Recent Changes,385
2026-10-06,2026-06-26,Not Entitled**,Not Entitled**,EBIT (Mex$000),2026 FQ4,-,-,-,-,-,-,"filings/capitaliq/Estimates/Recent Changes/SPGlobal_GrupoBimbo,S.A.B.deC.V._RecentChanges_06-Oct-2026.xlsx",Recent Changes,386
2026-10-06,2026-06-26,Not Entitled**,Not Entitled**,EBT Normalized (Mex$000),2026 FY,-,-,-,-,-,-,"filings/capitaliq/Estimates/Recent Changes/SPGlobal_GrupoBimbo,S.A.B.deC.V._RecentChanges_06-Oct-2026.xlsx",Recent Changes,387
2026-10-06,2026-06-26,Not Entitled**,Not Entitled**,EBITDA (Mex$000),2026 FQ3,-,-,-,-,-,-,"filings/capitaliq/Estimates/Recent Changes/SPGlobal_GrupoBimbo,S.A.B.deC.V._RecentChanges_06-Oct-2026.xlsx",Recent Changes,388
2026-10-06,2026-06-26,Not Entitled**,Not Entitled**,EBIT (Mex$000),2026 FY,-,-,-,-,-,-,"filings/capitaliq/Estimates/Recent Changes/SPGlobal_GrupoBimbo,S.A.B.deC.V._RecentChanges_06-Oct-2026.xlsx",Recent Changes,389
2026-10-06,2026-06-26,Not Entitled**,Not Entitled**,EBT Normalized (Mex$000),2026 FQ4,-,-,-,-,-,-,"filings/capitaliq/Estimates/Recent Changes/SPGlobal_GrupoBimbo,S.A.B.deC.V._RecentChanges_06-Oct-2026.xlsx",Recent Changes,390
2026-10-06,2026-06-26,Not Entitled**,Not Entitled**,Net Income (GAAP) (Mex$000),2026 FQ4,-,-,-,-,-,-,"filings/capitaliq/Estimates/Recent Changes/SPGlobal_GrupoBimbo,S.A.B.deC.V._RecentChanges_06-Oct-2026.xlsx",Recent Changes,391
2026-10-06,2026-06-26,Not Entitled**,Not Entitled**,Dividend per share (Mex$),2026 FY,-,-,-,-,-,-,"filings/capitaliq/Estimates/Recent Changes/SPGlobal_GrupoBimbo,S.A.B.deC.V._RecentChanges_06-Oct-2026.xlsx",Recent Changes,392
2026-10-06,2026-06-26,Not Entitled**,Not Entitled**,EPS (GAAP) (Mex$),2026 FY,-,-,-,-,-,-,"filings/capitaliq/Estimates/Recent Changes/SPGlobal_GrupoBimbo,S.A.B.deC.V._RecentChanges_06-Oct-2026.xlsx",Recent Changes,393
2026-10-06,2026-06-26,Not Entitled**,Not Entitled**,Target Price,Non-Periodic,-,-,-,-,-,-,"filings/capitaliq/Estimates/Recent Changes/SPGlobal_GrupoBimbo,S.A.B.deC.V._RecentChanges_06-Oct-2026.xlsx",Recent Changes,394
2026-10-06,2026-06-26,Not Entitled**,Not Entitled**,EPS (GAAP) (Mex$),2026 FQ4,-,-,-,-,-,-,"filings/capitaliq/Estimates/Recent Changes/SPGlobal_GrupoBimbo,S.A.B.deC.V._RecentChanges_06-Oct-2026.xlsx",Recent Changes,395
2026-10-06,2026-06-26,Not Entitled**,Not Entitled**,EPS (GAAP) (Mex$),2026 FQ3,-,-,-,-,-,-,"filings/capitaliq/Estimates/Recent Changes/SPGlobal_GrupoBimbo,S.A.B.deC.V._RecentChanges_06-Oct-2026.xlsx",Recent Changes,396
2026-10-06,2026-06-22,Not Entitled**,Not Entitled**,EPS Normalized (Mex$),2026 FQ3,0.76329,0.76,0.4328,0.8501,0.849,0.12956419316843,"filings/capitaliq/Estimates/Recent Changes/SPGlobal_GrupoBimbo,S.A.B.deC.V._RecentChanges_06-Oct-2026.xlsx",Recent Changes,397
2026-10-06,2026-06-22,Not Entitled**,Not Entitled**,EPS Normalized (Mex$),2026 FQ4,0.8754,0.88,-0.5227,0.88747,0.889,-0.17210348706412,"filings/capitaliq/Estimates/Recent Changes/SPGlobal_GrupoBimbo,S.A.B.deC.V._RecentChanges_06-Oct-2026.xlsx",Recent Changes,398
2026-10-06,2026-06-22,Not Entitled**,Not Entitled**,Dividend per share (Mex$),2026 FY,0.77193,0.77,0.2506,0.9812,0.98096,0.02446582939162,"filings/capitaliq/Estimates/Recent Changes/SPGlobal_GrupoBimbo,S.A.B.deC.V._RecentChanges_06-Oct-2026.xlsx",Recent Changes,399
2026-10-06,2026-06-22,Not Entitled**,Not Entitled**,EPS Normalized (Mex$),2026 FY,2.95054,2.95,0.0183,3.11916,3.1191,0.00192363181687,"filings/capitaliq/Estimates/Recent Changes/SPGlobal_GrupoBimbo,S.A.B.deC.V._RecentChanges_06-Oct-2026.xlsx",Recent Changes,400
2026-10-06,2026-06-22,Not Entitled**,Not Entitled**,EBT (GAAP) (Mex$000),2026 FY,22919965.82,22920000,-0.0001,23380891.91,23380903.3,-4.871496988e-05,"filings/capitaliq/Estimates/Recent Changes/SPGlobal_GrupoBimbo,S.A.B.deC.V._RecentChanges_06-Oct-2026.xlsx",Recent Changes,401
2026-10-06,2026-06-22,Not Entitled**,Not Entitled**,EBIT (Mex$000),2026 FY,36205244.79,36205000,0.0006,36891138.04,36891113.56,6.635744394e-05,"filings/capitaliq/Estimates/Recent Changes/SPGlobal_GrupoBimbo,S.A.B.deC.V._RecentChanges_06-Oct-2026.xlsx",Recent Changes,402
2026-10-06,2026-06-22,Not Entitled**,Not Entitled**,EBITDA (Mex$000),2026 FY,60933123.44,60933000,0.0002,62160387.32,62160376.1,1.805008384e-05,"filings/capitaliq/Estimates/Recent Changes/SPGlobal_GrupoBimbo,S.A.B.deC.V._RecentChanges_06-Oct-2026.xlsx",Recent Changes,403
2026-10-06,2026-06-22,Not Entitled**,Not Entitled**,Net Debt (Mex$000),2026 FY,134809998.8,134810000,0,146462621.43,146462621.61,-1.2289825e-07,"filings/capitaliq/Estimates/Recent Changes/SPGlobal_GrupoBimbo,S.A.B.deC.V._RecentChanges_06-Oct-2026.xlsx",Recent Changes,404
2026-10-06,2026-06-22,Not Entitled**,Not Entitled**,Net Income Normalized (Mex$000),2026 FY,12768399.77,12768000,0.0031,13834059.96,13833993.33,0.00048163967128,"filings/capitaliq/Estimates/Recent Changes/SPGlobal_GrupoBimbo,S.A.B.deC.V._RecentChanges_06-Oct-2026.xlsx",Recent Changes,405
2026-10-06,2026-06-22,Not Entitled**,Not Entitled**,Revenue (Mex$000),2026 FY,416294645.86,416295000,0,426538671.15,426538706.56,-8.30170849e-06,"filings/capitaliq/Estimates/Recent Changes/SPGlobal_GrupoBimbo,S.A.B.deC.V._RecentChanges_06-Oct-2026.xlsx",Recent Changes,406
2026-10-06,2026-06-22,Not Entitled**,Not Entitled**,ROE (%),2026 FY,10.314,10.3,0.1359,10.91906,11.02667,-0.97590659736802,"filings/capitaliq/Estimates/Recent Changes/SPGlobal_GrupoBimbo,S.A.B.deC.V._RecentChanges_06-Oct-2026.xlsx",Recent Changes,407
2026-10-06,2026-06-22,Not Entitled**,Not Entitled**,ROE (%),2026 FY,-,-,-,-,-,-,"filings/capitaliq/Estimates/Recent Changes/SPGlobal_GrupoBimbo,S.A.B.deC.V._RecentChanges_06-Oct-2026.xlsx",Recent Changes,408
2026-10-06,2026-06-22,Not Entitled**,Not Entitled**,ROA (%),2026 FY,3.074,3.1,-0.8387,3.074,3.1,-0.83870967741935,"filings/capitaliq/Estimates/Recent Changes/SPGlobal_GrupoBimbo,S.A.B.deC.V._RecentChanges_06-Oct-2026.xlsx",Recent Changes,409
2026-10-06,2026-06-21,Not Entitled**,Not Entitled**,ROA (%),2026 FY,3.1,3.076,0.7802,3.1,3.076,0.78023407022107,"filings/capitaliq/Estimates/Recent Changes/SPGlobal_GrupoBimbo,S.A.B.deC.V._RecentChanges_06-Oct-2026.xlsx",Recent Changes,410
2026-10-06,2026-06-21,Not Entitled**,Not Entitled**,ROE (%),2026 FY,10.3,9.927,3.7574,11.02667,11.20834,-1.62084661957078,"filings/capitaliq/Estimates/Recent Changes/SPGlobal_GrupoBimbo,S.A.B.deC.V._RecentChanges_06-Oct-2026.xlsx",Recent Changes,411
2026-10-06,2026-06-21,Not Entitled**,Not Entitled**,Revenue (Mex$000),2026 FY,416295000,415356145.96,0.226,426538706.56,426444821.16,0.02201583776879,"filings/capitaliq/Estimates/Recent Changes/SPGlobal_GrupoBimbo,S.A.B.deC.V._RecentChanges_06-Oct-2026.xlsx",Recent Changes,412
2026-10-06,2026-06-21,Not Entitled**,Not Entitled**,Net Income Normalized (Mex$000),2026 FY,12768000,12893443.35,-0.9729,13833993.33,13854900.56,-0.1509013356643,"filings/capitaliq/Estimates/Recent Changes/SPGlobal_GrupoBimbo,S.A.B.deC.V._RecentChanges_06-Oct-2026.xlsx",Recent Changes,413
2026-10-06,2026-06-21,Not Entitled**,Not Entitled**,Net Income (GAAP) (Mex$000),2026 FY,12768000,14329000,-10.8939,13504436.78,13596491.38,-0.67704672791842,"filings/capitaliq/Estimates/Recent Changes/SPGlobal_GrupoBimbo,S.A.B.deC.V._RecentChanges_06-Oct-2026.xlsx",Recent Changes,414
2026-10-06,2026-06-21,Not Entitled**,Not Entitled**,Interest Expense (Mex$000),2026 FY,13162000,13131000,0.236,13530333.33,13714500,-1.34286098654709,"filings/capitaliq/Estimates/Recent Changes/SPGlobal_GrupoBimbo,S.A.B.deC.V._RecentChanges_06-Oct-2026.xlsx",Recent Changes,415
2026-10-06,2026-06-21,Not Entitled**,Not Entitled**,Gross Margin (%),2026 FY,52.1,52.2,-0.1915,52.33333,52.45,-0.22244041944709,"filings/capitaliq/Estimates/Recent Changes/SPGlobal_GrupoBimbo,S.A.B.deC.V._RecentChanges_06-Oct-2026.xlsx",Recent Changes,416
2026-10-06,2026-06-21,Not Entitled**,Not Entitled**,Revenue (Mex$000),2026 FQ4,106984000,NA,NA,109023674.8,111063349.61,-1.83649675357563,"filings/capitaliq/Estimates/Recent Changes/SPGlobal_GrupoBimbo,S.A.B.deC.V._RecentChanges_06-Oct-2026.xlsx",Recent Changes,417
2026-10-06,2026-06-21,Not Entitled**,Not Entitled**,Interest Expense (Mex$000),2026 FQ4,3267000,NA,NA,3267000,NA,NA,"filings/capitaliq/Estimates/Recent Changes/SPGlobal_GrupoBimbo,S.A.B.deC.V._RecentChanges_06-Oct-2026.xlsx",Recent Changes,418
2026-10-06,2026-06-21,Not Entitled**,Not Entitled**,Net Income Normalized (Mex$000),2026 FQ4,3788000,NA,NA,3788000,NA,NA,"filings/capitaliq/Estimates/Recent Changes/SPGlobal_GrupoBimbo,S.A.B.deC.V._RecentChanges_06-Oct-2026.xlsx",Recent Changes,419
2026-10-06,2026-06-21,Not Entitled**,Not Entitled**,Net Debt (Mex$000),2026 FY,134810000,125177266.04,7.6952,146462621.61,148404725.21,-1.30865347936316,"filings/capitaliq/Estimates/Recent Changes/SPGlobal_GrupoBimbo,S.A.B.deC.V._RecentChanges_06-Oct-2026.xlsx",Recent Changes,420
2026-10-06,2026-06-21,Not Entitled**,Not Entitled**,Free Cash Flow (Mex$000),2026 FY,22169000,20230000,9.5847,20442666.67,19579500,4.40852253632626,"filings/capitaliq/Estimates/Recent Changes/SPGlobal_GrupoBimbo,S.A.B.deC.V._RecentChanges_06-Oct-2026.xlsx",Recent Changes,421
2026-10-06,2026-06-21,Not Entitled**,Not Entitled**,EBITDA (Mex$000),2026 FQ3,15593000,NA,NA,15805048.86,16017097.72,-1.32389065551634,"filings/capitaliq/Estimates/Recent Changes/SPGlobal_GrupoBimbo,S.A.B.deC.V._RecentChanges_06-Oct-2026.xlsx",Recent Changes,422
2026-10-06,2026-06-21,Not Entitled**,Not Entitled**,EBT Normalized (Mex$000),2026 FY,22920000,25778000,-11.0869,23486255,24052510,-2.35424494158822,"filings/capitaliq/Estimates/Recent Changes/SPGlobal_GrupoBimbo,S.A.B.deC.V._RecentChanges_06-Oct-2026.xlsx",Recent Changes,423
2026-10-06,2026-06-21,Not Entitled**,Not Entitled**,EBIT (Mex$000),2026 FQ4,-,-,-,-,-,-,"filings/capitaliq/Estimates/Recent Changes/SPGlobal_GrupoBimbo,S.A.B.deC.V._RecentChanges_06-Oct-2026.xlsx",Recent Changes,424
2026-10-06,2026-06-21,Not Entitled**,Not Entitled**,EBIT (Mex$000),2026 FQ4,9750000,NA,NA,9750000,9720003.06,0.30861039667204,"filings/capitaliq/Estimates/Recent Changes/SPGlobal_GrupoBimbo,S.A.B.deC.V._RecentChanges_06-Oct-2026.xlsx",Recent Changes,425
2026-10-06,2026-06-21,Not Entitled**,Not Entitled**,Interest Expense (Mex$000),2026 FQ3,3350000,NA,NA,3350000,NA,NA,"filings/capitaliq/Estimates/Recent Changes/SPGlobal_GrupoBimbo,S.A.B.deC.V._RecentChanges_06-Oct-2026.xlsx",Recent Changes,426
2026-10-06,2026-06-21,Not Entitled**,Not Entitled**,Net Income Normalized (Mex$000),2026 FQ3,3303000,NA,NA,3303000,NA,NA,"filings/capitaliq/Estimates/Recent Changes/SPGlobal_GrupoBimbo,S.A.B.deC.V._RecentChanges_06-Oct-2026.xlsx",Recent Changes,427
2026-10-06,2026-06-21,Not Entitled**,Not Entitled**,Depreciation & Amortization (Mex$000),2026 FQ4,6649000,NA,NA,6649000,NA,NA,"filings/capitaliq/Estimates/Recent Changes/SPGlobal_GrupoBimbo,S.A.B.deC.V._RecentChanges_06-Oct-2026.xlsx",Recent Changes,428
2026-10-06,2026-06-21,Not Entitled**,Not Entitled**,EBT (GAAP) (Mex$000),2026 FQ4,6279000,NA,NA,6279000,NA,NA,"filings/capitaliq/Estimates/Recent Changes/SPGlobal_GrupoBimbo,S.A.B.deC.V._RecentChanges_06-Oct-2026.xlsx",Recent Changes,429
2026-10-06,2026-06-21,Not Entitled**,Not Entitled**,EBITDA (Mex$000),2026 FQ4,16398000,NA,NA,16363643.73,16329287.46,0.21039662682256,"filings/capitaliq/Estimates/Recent Changes/SPGlobal_GrupoBimbo,S.A.B.deC.V._RecentChanges_06-Oct-2026.xlsx",Recent Changes,430
2026-10-06,2026-06-21,Not Entitled**,Not Entitled**,Revenue (Mex$000),2026 FQ3,105831000,NA,NA,107284089.36,108737178.71,-1.33633166432924,"filings/capitaliq/Estimates/Recent Changes/SPGlobal_GrupoBimbo,S.A.B.deC.V._RecentChanges_06-Oct-2026.xlsx",Recent Changes,431
2026-10-06,2026-06-21,Not Entitled**,Not Entitled**,Net Income (GAAP) (Mex$000),2026 FQ3,-,-,-,-,-,-,"filings/capitaliq/Estimates/Recent Changes/SPGlobal_GrupoBimbo,S.A.B.deC.V._RecentChanges_06-Oct-2026.xlsx",Recent Changes,432
2026-10-06,2026-06-21,Not Entitled**,Not Entitled**,Net Income (GAAP) (Mex$000),2026 FQ3,3303000,NA,NA,3303000,3800349.12,-13.08693239214822,"filings/capitaliq/Estimates/Recent Changes/SPGlobal_GrupoBimbo,S.A.B.deC.V._RecentChanges_06-Oct-2026.xlsx",Recent Changes,433
2026-10-06,2026-06-21,Not Entitled**,Not Entitled**,EBT Normalized (Mex$000),2026 FQ3,-,-,-,-,-,-,"filings/capitaliq/Estimates/Recent Changes/SPGlobal_GrupoBimbo,S.A.B.deC.V._RecentChanges_06-Oct-2026.xlsx",Recent Changes,434
2026-10-06,2026-06-21,Not Entitled**,Not Entitled**,EBT Normalized (Mex$000),2026 FQ3,6085000,NA,NA,6085000,6462677.55,-5.84397948184805,"filings/capitaliq/Estimates/Recent Changes/SPGlobal_GrupoBimbo,S.A.B.deC.V._RecentChanges_06-Oct-2026.xlsx",Recent Changes,435
2026-10-06,2026-06-21,Not Entitled**,Not Entitled**,EBIT (Mex$000),2026 FQ3,-,-,-,-,-,-,"filings/capitaliq/Estimates/Recent Changes/SPGlobal_GrupoBimbo,S.A.B.deC.V._RecentChanges_06-Oct-2026.xlsx",Recent Changes,436
2026-10-06,2026-06-21,Not Entitled**,Not Entitled**,EBIT (Mex$000),2026 FQ3,9352000,NA,NA,9352000,9560027.53,-2.17601392200175,"filings/capitaliq/Estimates/Recent Changes/SPGlobal_GrupoBimbo,S.A.B.deC.V._RecentChanges_06-Oct-2026.xlsx",Recent Changes,437
2026-10-06,2026-06-21,Not Entitled**,Not Entitled**,EBT (GAAP) (Mex$000),2026 FQ3,6085000,NA,NA,6085000,NA,NA,"filings/capitaliq/Estimates/Recent Changes/SPGlobal_GrupoBimbo,S.A.B.deC.V._RecentChanges_06-Oct-2026.xlsx",Recent Changes,438
2026-10-06,2026-06-21,Not Entitled**,Not Entitled**,Depreciation & Amortization (Mex$000),2026 FQ3,6241000,NA,NA,6241000,NA,NA,"filings/capitaliq/Estimates/Recent Changes/SPGlobal_GrupoBimbo,S.A.B.deC.V._RecentChanges_06-Oct-2026.xlsx",Recent Changes,439
2026-10-06,2026-06-21,Not Entitled**,Not Entitled**,EBITDA (Mex$000),2026 FY,60933000,59970171.35,1.6055,62160376.1,62283113.71,-0.19706402376009,"filings/capitaliq/Estimates/Recent Changes/SPGlobal_GrupoBimbo,S.A.B.deC.V._RecentChanges_06-Oct-2026.xlsx",Recent Changes,440
2026-10-06,2026-06-21,Not Entitled**,Not Entitled**,EBIT (Mex$000),2026 FY,36205000,35797292.41,1.1389,36891113.56,36850342.81,0.11063872651121,"filings/capitaliq/Estimates/Recent Changes/SPGlobal_GrupoBimbo,S.A.B.deC.V._RecentChanges_06-Oct-2026.xlsx",Recent Changes,441
2026-10-06,2026-06-21,Not Entitled**,Not Entitled**,Capital Expenditures (Mex$000),2026 FY,23269000,27939000,-16.7149,22395456.95,22104275.93,1.31730630273579,"filings/capitaliq/Estimates/Recent Changes/SPGlobal_GrupoBimbo,S.A.B.deC.V._RecentChanges_06-Oct-2026.xlsx",Recent Changes,442
2026-10-06,2026-06-21,Not Entitled**,Not Entitled**,Net Income (GAAP) (Mex$000),2026 FQ4,-,-,-,-,-,-,"filings/capitaliq/Estimates/Recent Changes/SPGlobal_GrupoBimbo,S.A.B.deC.V._RecentChanges_06-Oct-2026.xlsx",Recent Changes,443
2026-10-06,2026-06-21,Not Entitled**,Not Entitled**,Net Income (GAAP) (Mex$000),2026 FQ4,3788000,NA,NA,3788000,3768422.32,0.51951926661978,"filings/capitaliq/Estimates/Recent Changes/SPGlobal_GrupoBimbo,S.A.B.deC.V._RecentChanges_06-Oct-2026.xlsx",Recent Changes,444
2026-10-06,2026-06-21,Not Entitled**,Not Entitled**,EBT Normalized (Mex$000),2026 FQ4,-,-,-,-,-,-,"filings/capitaliq/Estimates/Recent Changes/SPGlobal_GrupoBimbo,S.A.B.deC.V._RecentChanges_06-Oct-2026.xlsx",Recent Changes,445
2026-10-06,2026-06-21,Not Entitled**,Not Entitled**,EBT Normalized (Mex$000),2026 FQ4,6279000,NA,NA,6279000,5838489.07,7.54494741222492,"filings/capitaliq/Estimates/Recent Changes/SPGlobal_GrupoBimbo,S.A.B.deC.V._RecentChanges_06-Oct-2026.xlsx",Recent Changes,446
2026-10-06,2026-06-21,Not Entitled**,Not Entitled**,Cash From Operations (Mex$000),2026 FY,36961000,39779000,-7.0841,36961000,39779000,-7.0841398727972,"filings/capitaliq/Estimates/Recent Changes/SPGlobal_GrupoBimbo,S.A.B.deC.V._RecentChanges_06-Oct-2026.xlsx",Recent Changes,447
2026-10-06,2026-06-21,Not Entitled**,Not Entitled**,Depreciation & Amortization (Mex$000),2026 FY,24881000,24060000,3.4123,22035500,19190000,14.82803543512246,"filings/capitaliq/Estimates/Recent Changes/SPGlobal_GrupoBimbo,S.A.B.deC.V._RecentChanges_06-Oct-2026.xlsx",Recent Changes,448
2026-10-06,2026-06-21,Not Entitled**,Not Entitled**,EBT (GAAP) (Mex$000),2026 FY,22920000,22857167.11,0.2748,23380903.3,23611354.95,-0.97602043799693,"filings/capitaliq/Estimates/Recent Changes/SPGlobal_GrupoBimbo,S.A.B.deC.V._RecentChanges_06-Oct-2026.xlsx",Recent Changes,449
2026-10-06,2026-06-21,Not Entitled**,Not Entitled**,EPS Normalized (Mex$),2026 FY,2.95,2.96895,-0.6382,3.1191,3.1212,-0.06728181468666,"filings/capitaliq/Estimates/Recent Changes/SPGlobal_GrupoBimbo,S.A.B.deC.V._RecentChanges_06-Oct-2026.xlsx",Recent Changes,450
2026-10-06,2026-06-21,Not Entitled**,Not Entitled**,Dividend per share (Mex$),2026 FY,0.77,0.76818,0.2369,0.98096,1.0111,-2.98091187815251,"filings/capitaliq/Estimates/Recent Changes/SPGlobal_GrupoBimbo,S.A.B.deC.V._RecentChanges_06-Oct-2026.xlsx",Recent Changes,451
2026-10-06,2026-06-21,Not Entitled**,Not Entitled**,Effective Tax Rate (%),2026 FY,35.6,36.1,-1.385,35.6,33,7.87878787878788,"filings/capitaliq/Estimates/Recent Changes/SPGlobal_GrupoBimbo,S.A.B.deC.V._RecentChanges_06-Oct-2026.xlsx",Recent Changes,452
2026-10-06,2026-06-21,Not Entitled**,Not Entitled**,EPS (GAAP) (Mex$),2026 FY,2.95,3.33,-11.4114,3.18314,3.24815,-2.00144697751028,"filings/capitaliq/Estimates/Recent Changes/SPGlobal_GrupoBimbo,S.A.B.deC.V._RecentChanges_06-Oct-2026.xlsx",Recent Changes,453
2026-10-06,2026-06-21,Not Entitled**,Not Entitled**,EPS (GAAP) (Mex$),2026 FY,-,-,-,-,-,-,"filings/capitaliq/Estimates/Recent Changes/SPGlobal_GrupoBimbo,S.A.B.deC.V._RecentChanges_06-Oct-2026.xlsx",Recent Changes,454
2026-10-06,2026-06-21,Not Entitled**,Not Entitled**,EPS Normalized (Mex$),2026 FQ4,0.88,1.11365,-20.9805,0.889,0.8935,-0.50363738108562,"filings/capitaliq/Estimates/Recent Changes/SPGlobal_GrupoBimbo,S.A.B.deC.V._RecentChanges_06-Oct-2026.xlsx",Recent Changes,455
2026-10-06,2026-06-21,Not Entitled**,Not Entitled**,EPS (GAAP) (Mex$),2026 FQ4,0.88,1.16,-24.1379,0.925,0.97,-4.63917525773196,"filings/capitaliq/Estimates/Recent Changes/SPGlobal_GrupoBimbo,S.A.B.deC.V._RecentChanges_06-Oct-2026.xlsx",Recent Changes,456
2026-10-06,2026-06-21,Not Entitled**,Not Entitled**,Dividend per share (Mex$),2026 FQ4,0,NA,NA,0,NA,NA,"filings/capitaliq/Estimates/Recent Changes/SPGlobal_GrupoBimbo,S.A.B.deC.V._RecentChanges_06-Oct-2026.xlsx",Recent Changes,457
2026-10-06,2026-06-21,Not Entitled**,Not Entitled**,Dividend per share (Mex$),2026 FQ3,0,NA,NA,0,NA,NA,"filings/capitaliq/Estimates/Recent Changes/SPGlobal_GrupoBimbo,S.A.B.deC.V._RecentChanges_06-Oct-2026.xlsx",Recent Changes,458
2026-10-06,2026-06-21,Not Entitled**,Not Entitled**,Avg. Diluted Shares Outstanding,2026 FY,4327000,4305000,0.511,4327000,4305000,0.51103368176539,"filings/capitaliq/Estimates/Recent Changes/SPGlobal_GrupoBimbo,S.A.B.deC.V._RecentChanges_06-Oct-2026.xlsx",Recent Changes,459
2026-10-06,2026-06-21,Not Entitled**,Not Entitled**,Avg. Diluted Shares Outstanding,2026 FQ4,4327000,NA,NA,4327000,NA,NA,"filings/capitaliq/Estimates/Recent Changes/SPGlobal_GrupoBimbo,S.A.B.deC.V._RecentChanges_06-Oct-2026.xlsx",Recent Changes,460
2026-10-06,2026-06-21,Not Entitled**,Not Entitled**,Target Price,Non-Periodic,57,53,7.5471696853637695,69.45833,69.125,0.4822133779525757,"filings/capitaliq/Estimates/Recent Changes/SPGlobal_GrupoBimbo,S.A.B.deC.V._RecentChanges_06-Oct-2026.xlsx",Recent Changes,461
2026-10-06,2026-06-21,Not Entitled**,Not Entitled**,Avg. Diluted Shares Outstanding,2026 FQ3,4327000,NA,NA,4327000,NA,NA,"filings/capitaliq/Estimates/Recent Changes/SPGlobal_GrupoBimbo,S.A.B.deC.V._RecentChanges_06-Oct-2026.xlsx",Recent Changes,462
2026-10-06,2026-06-21,Not Entitled**,Not Entitled**,EPS Normalized (Mex$),2026 FQ3,0.76,0.73947,2.7763,0.849,0.8935,-4.98041410184667,"filings/capitaliq/Estimates/Recent Changes/SPGlobal_GrupoBimbo,S.A.B.deC.V._RecentChanges_06-Oct-2026.xlsx",Recent Changes,463
2026-10-06,2026-06-21,Not Entitled**,Not Entitled**,EPS (GAAP) (Mex$),2026 FQ3,0.76,0.93,-18.2795,0.83,0.9,-7.77777777777778,"filings/capitaliq/Estimates/Recent Changes/SPGlobal_GrupoBimbo,S.A.B.deC.V._RecentChanges_06-Oct-2026.xlsx",Recent Changes,464
2026-10-06,2026-06-03,Itau BBA,"Fuchs, Alejandro",EPS Normalized (Mex$),2026 FY,2.81,2.76,1.8115,3.1212,3.18741,-2.07723512193285,"filings/capitaliq/Estimates/Recent Changes/SPGlobal_GrupoBimbo,S.A.B.deC.V._RecentChanges_06-Oct-2026.xlsx",Recent Changes,465
2026-10-06,2026-06-03,Itau BBA,"Fuchs, Alejandro",Depreciation & Amortization (Mex$000),2026 FY,19190000,19696000,-2.569,21774000,22027000,-1.14859036636855,"filings/capitaliq/Estimates/Recent Changes/SPGlobal_GrupoBimbo,S.A.B.deC.V._RecentChanges_06-Oct-2026.xlsx",Recent Changes,466
2026-10-06,2026-06-03,Itau BBA,"Fuchs, Alejandro",Capital Expenditures (Mex$000),2026 FY,21527000,23798000,-9.5428,22104275.93,22861275.93,-3.31127624861313,"filings/capitaliq/Estimates/Recent Changes/SPGlobal_GrupoBimbo,S.A.B.deC.V._RecentChanges_06-Oct-2026.xlsx",Recent Changes,467
2026-10-06,2026-06-03,Itau BBA,"Fuchs, Alejandro",EBIT (Mex$000),2026 FY,34532000,34129000,1.1808,36850342.81,37309313.5,-1.23017725855503,"filings/capitaliq/Estimates/Recent Changes/SPGlobal_GrupoBimbo,S.A.B.deC.V._RecentChanges_06-Oct-2026.xlsx",Recent Changes,468
2026-10-06,2026-06-03,Itau BBA,"Fuchs, Alejandro",EBITDA (Mex$000),2026 FY,61641000,61407000,0.381,62283113.71,62259713.71,0.0375844966281,"filings/capitaliq/Estimates/Recent Changes/SPGlobal_GrupoBimbo,S.A.B.deC.V._RecentChanges_06-Oct-2026.xlsx",Recent Changes,469
2026-10-06,2026-06-03,Itau BBA,"Fuchs, Alejandro",Free Cash Flow (Mex$000),2026 FY,19593000,19942000,-1.75,19579500,19754000,-0.88336539435051,"filings/capitaliq/Estimates/Recent Changes/SPGlobal_GrupoBimbo,S.A.B.deC.V._RecentChanges_06-Oct-2026.xlsx",Recent Changes,470
2026-10-06,2026-06-03,Itau BBA,"Fuchs, Alejandro",Net Debt (Mex$000),2026 FY,142714000,144865000,-1.4848,148404725.21,148763225.21,-0.24098697745624,"filings/capitaliq/Estimates/Recent Changes/SPGlobal_GrupoBimbo,S.A.B.deC.V._RecentChanges_06-Oct-2026.xlsx",Recent Changes,471
2026-10-06,2026-06-03,Itau BBA,"Fuchs, Alejandro",Gross Margin (%),2026 FY,52.4,52.6,-0.3802,52.45,52.55,-0.19029495718363,"filings/capitaliq/Estimates/Recent Changes/SPGlobal_GrupoBimbo,S.A.B.deC.V._RecentChanges_06-Oct-2026.xlsx",Recent Changes,472
2026-10-06,2026-06-03,Itau BBA,"Fuchs, Alejandro",Interest Expense (Mex$000),2026 FY,12983000,13690000,-5.1643,13714500,14446000,-5.06368544925931,"filings/capitaliq/Estimates/Recent Changes/SPGlobal_GrupoBimbo,S.A.B.deC.V._RecentChanges_06-Oct-2026.xlsx",Recent Changes,473
2026-10-06,2026-06-03,Itau BBA,"Fuchs, Alejandro",EPS (GAAP) (Mex$),2026 FY,2.81,2.76,1.8115,3.24815,3.24815,0,"filings/capitaliq/Estimates/Recent Changes/SPGlobal_GrupoBimbo,S.A.B.deC.V._RecentChanges_06-Oct-2026.xlsx",Recent Changes,474
2026-10-06,2026-06-03,Itau BBA,"Fuchs, Alejandro",Dividend per share (Mex$),2026 FY,1.08,1,8,1.0111,0.99967,1.14337731451379,"filings/capitaliq/Estimates/Recent Changes/SPGlobal_GrupoBimbo,S.A.B.deC.V._RecentChanges_06-Oct-2026.xlsx",Recent Changes,475
2026-10-06,2026-06-03,Itau BBA,"Fuchs, Alejandro",Net Income (GAAP) (Mex$000),2026 FY,12592000,12341000,2.0338,13596491.38,13847315.17,-1.81135322566649,"filings/capitaliq/Estimates/Recent Changes/SPGlobal_GrupoBimbo,S.A.B.deC.V._RecentChanges_06-Oct-2026.xlsx",Recent Changes,476
2026-10-06,2026-06-03,Itau BBA,"Fuchs, Alejandro",Net Income Normalized (Mex$000),2026 FY,12592000,12341000,2.0338,13854900.56,14410990,-3.85878721725572,"filings/capitaliq/Estimates/Recent Changes/SPGlobal_GrupoBimbo,S.A.B.deC.V._RecentChanges_06-Oct-2026.xlsx",Recent Changes,477
2026-10-06,2026-06-03,Itau BBA,"Fuchs, Alejandro",Revenue (Mex$000),2026 FY,431746000,434804000,-0.7033,426444821.16,426750621.16,-0.07165777501829,"filings/capitaliq/Estimates/Recent Changes/SPGlobal_GrupoBimbo,S.A.B.deC.V._RecentChanges_06-Oct-2026.xlsx",Recent Changes,478
2026-10-06,2026-06-03,Itau BBA,"Fuchs, Alejandro","Selling, General and Administrative Expense (Mex$000)",2026 FY,191842000,194505000,-1.3691,191842000,194505000,-1.36911647515488,"filings/capitaliq/Estimates/Recent Changes/SPGlobal_GrupoBimbo,S.A.B.deC.V._RecentChanges_06-Oct-2026.xlsx",Recent Changes,479
2026-10-06,2026-06-03,Not Entitled**,Not Entitled**,Net Income Normalized (Mex$000),2026 FY,12893443.35,12893443.35,0,13854900.56,14410990,-3.85878721725572,"filings/capitaliq/Estimates/Recent Changes/SPGlobal_GrupoBimbo,S.A.B.deC.V._RecentChanges_06-Oct-2026.xlsx",Recent Changes,480
2026-10-06,2026-06-03,Not Entitled**,Not Entitled**,EPS Normalized (Mex$),2026 FY,2.96895,2.96895,0,3.1212,3.18741,-2.07723512193285,"filings/capitaliq/Estimates/Recent Changes/SPGlobal_GrupoBimbo,S.A.B.deC.V._RecentChanges_06-Oct-2026.xlsx",Recent Changes,481
2026-10-06,2026-06-03,Not Entitled**,Not Entitled**,Net Income (GAAP) (Mex$000),2026 FY,-,-,-,-,-,-,"filings/capitaliq/Estimates/Recent Changes/SPGlobal_GrupoBimbo,S.A.B.deC.V._RecentChanges_06-Oct-2026.xlsx",Recent Changes,482
2026-10-06,2026-06-03,Not Entitled**,Not Entitled**,EBIT (Mex$000),2026 FY,-,-,-,-,-,-,"filings/capitaliq/Estimates/Recent Changes/SPGlobal_GrupoBimbo,S.A.B.deC.V._RecentChanges_06-Oct-2026.xlsx",Recent Changes,483
2026-10-06,2026-05-19,Not Entitled**,Not Entitled**,ROE (%),2026 FY,-,-,-,-,-,-,"filings/capitaliq/Estimates/Recent Changes/SPGlobal_GrupoBimbo,S.A.B.deC.V._RecentChanges_06-Oct-2026.xlsx",Recent Changes,484
2026-10-06,2026-05-19,Not Entitled**,Not Entitled**,TEV (Mex$000),2026 FY,-,-,-,-,-,-,"filings/capitaliq/Estimates/Recent Changes/SPGlobal_GrupoBimbo,S.A.B.deC.V._RecentChanges_06-Oct-2026.xlsx",Recent Changes,485
2026-10-06,2026-05-19,Not Entitled**,Not Entitled**,Revenue (Mex$000),2026 FY,-,-,-,-,-,-,"filings/capitaliq/Estimates/Recent Changes/SPGlobal_GrupoBimbo,S.A.B.deC.V._RecentChanges_06-Oct-2026.xlsx",Recent Changes,486
2026-10-06,2026-05-19,Not Entitled**,Not Entitled**,Net Income (GAAP) (Mex$000),2026 FY,-,-,-,-,-,-,"filings/capitaliq/Estimates/Recent Changes/SPGlobal_GrupoBimbo,S.A.B.deC.V._RecentChanges_06-Oct-2026.xlsx",Recent Changes,487
2026-10-06,2026-05-19,Not Entitled**,Not Entitled**,Net Debt (Mex$000),2026 FY,-,-,-,-,-,-,"filings/capitaliq/Estimates/Recent Changes/SPGlobal_GrupoBimbo,S.A.B.deC.V._RecentChanges_06-Oct-2026.xlsx",Recent Changes,488
2026-10-06,2026-05-19,Not Entitled**,Not Entitled**,EBITDA (Mex$000),2026 FY,-,-,-,-,-,-,"filings/capitaliq/Estimates/Recent Changes/SPGlobal_GrupoBimbo,S.A.B.deC.V._RecentChanges_06-Oct-2026.xlsx",Recent Changes,489
2026-10-06,2026-05-19,Not Entitled**,Not Entitled**,EBIT (Mex$000),2026 FY,-,-,-,-,-,-,"filings/capitaliq/Estimates/Recent Changes/SPGlobal_GrupoBimbo,S.A.B.deC.V._RecentChanges_06-Oct-2026.xlsx",Recent Changes,490
2026-10-06,2026-05-19,Not Entitled**,Not Entitled**,EBT (GAAP) (Mex$000),2026 FY,22857167.11,22857167.11,0,23611354.95,23601310.1,0.04256056107665,"filings/capitaliq/Estimates/Recent Changes/SPGlobal_GrupoBimbo,S.A.B.deC.V._RecentChanges_06-Oct-2026.xlsx",Recent Changes,491
2026-10-06,2026-05-19,Not Entitled**,Not Entitled**,EBT (GAAP) (Mex$000),2026 FY,-,-,-,-,-,-,"filings/capitaliq/Estimates/Recent Changes/SPGlobal_GrupoBimbo,S.A.B.deC.V._RecentChanges_06-Oct-2026.xlsx",Recent Changes,492
2026-10-06,2026-05-19,Not Entitled**,Not Entitled**,Book Value per share (Mex$),2026 FY,-,-,-,-,-,-,"filings/capitaliq/Estimates/Recent Changes/SPGlobal_GrupoBimbo,S.A.B.deC.V._RecentChanges_06-Oct-2026.xlsx",Recent Changes,493
2026-10-06,2026-05-19,Not Entitled**,Not Entitled**,Dividend per share (Mex$),2026 FY,-,-,-,-,-,-,"filings/capitaliq/Estimates/Recent Changes/SPGlobal_GrupoBimbo,S.A.B.deC.V._RecentChanges_06-Oct-2026.xlsx",Recent Changes,494
2026-10-06,2026-05-19,Not Entitled**,Not Entitled**,EPS (GAAP) (Mex$),2026 FY,-,-,-,-,-,-,"filings/capitaliq/Estimates/Recent Changes/SPGlobal_GrupoBimbo,S.A.B.deC.V._RecentChanges_06-Oct-2026.xlsx",Recent Changes,495
2026-10-06,2026-05-19,Not Entitled**,Not Entitled**,EPS (GAAP) (Mex$),2026 FY,3.26,2.99,9.0301,3.27148,3.27378,-0.07025517902852,"filings/capitaliq/Estimates/Recent Changes/SPGlobal_GrupoBimbo,S.A.B.deC.V._RecentChanges_06-Oct-2026.xlsx",Recent Changes,496
2026-10-06,2026-05-19,Not Entitled**,Not Entitled**,Target Price,Non-Periodic,63.5,61,4.098360538482666,69.125,68.91667,0.3022926151752472,"filings/capitaliq/Estimates/Recent Changes/SPGlobal_GrupoBimbo,S.A.B.deC.V._RecentChanges_06-Oct-2026.xlsx",Recent Changes,497
2026-10-06,2026-05-19,Not Entitled**,Not Entitled**,EPS Normalized (Mex$),2026 FY,3.26,2.99,9.0301,3.18741,3.14884,1.22489551707931,"filings/capitaliq/Estimates/Recent Changes/SPGlobal_GrupoBimbo,S.A.B.deC.V._RecentChanges_06-Oct-2026.xlsx",Recent Changes,498
2026-10-06,2026-05-19,Not Entitled**,Not Entitled**,Dividend per share (Mex$),2026 FY,1.075,1.05,2.3809,0.97682,0.97324,0.36784349184168,"filings/capitaliq/Estimates/Recent Changes/SPGlobal_GrupoBimbo,S.A.B.deC.V._RecentChanges_06-Oct-2026.xlsx",Recent Changes,499
2026-10-06,2026-05-19,Not Entitled**,Not Entitled**,Cash flow per share (Mex$),2026 FY,11.6657,8.79816,32.5924,11.4109,11.1561,2.2839522772295,"filings/capitaliq/Estimates/Recent Changes/SPGlobal_GrupoBimbo,S.A.B.deC.V._RecentChanges_06-Oct-2026.xlsx",Recent Changes,500
2026-10-06,2026-05-19,Not Entitled**,Not Entitled**,EBIT (Mex$000),2026 FY,36973387.75,36050727.84,2.5593,37204611.91,37089279.42,0.31095910139955,"filings/capitaliq/Estimates/Recent Changes/SPGlobal_GrupoBimbo,S.A.B.deC.V._RecentChanges_06-Oct-2026.xlsx",Recent Changes,501
2026-10-06,2026-05-19,Not Entitled**,Not Entitled**,EBITDA (Mex$000),2026 FY,61999953.6,61683768.83,0.5125,62256430.4,62224811.93,0.05081328335001,"filings/capitaliq/Estimates/Recent Changes/SPGlobal_GrupoBimbo,S.A.B.deC.V._RecentChanges_06-Oct-2026.xlsx",Recent Changes,502
2026-10-06,2026-05-19,Not Entitled**,Not Entitled**,EBT Normalized (Mex$000),2026 FY,-,-,-,-,-,-,"filings/capitaliq/Estimates/Recent Changes/SPGlobal_GrupoBimbo,S.A.B.deC.V._RecentChanges_06-Oct-2026.xlsx",Recent Changes,503
2026-10-06,2026-05-19,Not Entitled**,Not Entitled**,EBT Normalized (Mex$000),2026 FY,24052510,22381610,7.4655,24052510,22264497.36,8.03077927648307,"filings/capitaliq/Estimates/Recent Changes/SPGlobal_GrupoBimbo,S.A.B.deC.V._RecentChanges_06-Oct-2026.xlsx",Recent Changes,504
2026-10-06,2026-05-19,Not Entitled**,Not Entitled**,Net Income Normalized (Mex$000),2026 FY,14009960,12886950,8.7143,14410990,14544666.67,-0.91907688937089,"filings/capitaliq/Estimates/Recent Changes/SPGlobal_GrupoBimbo,S.A.B.deC.V._RecentChanges_06-Oct-2026.xlsx",Recent Changes,505
2026-10-06,2026-05-19,Not Entitled**,Not Entitled**,Net Income (GAAP) (Mex$000),2026 FY,14009955.2,12886945.76,8.7143,13949710.33,13937661.35,0.08644907992401,"filings/capitaliq/Estimates/Recent Changes/SPGlobal_GrupoBimbo,S.A.B.deC.V._RecentChanges_06-Oct-2026.xlsx",Recent Changes,506
2026-10-06,2026-05-19,Not Entitled**,Not Entitled**,Revenue (Mex$000),2026 FY,422956904.96,431540814.7,-1.9891,427465123.77,428323514.74,-0.20040715497982,"filings/capitaliq/Estimates/Recent Changes/SPGlobal_GrupoBimbo,S.A.B.deC.V._RecentChanges_06-Oct-2026.xlsx",Recent Changes,507
2026-10-06,2026-05-19,Not Entitled**,Not Entitled**,ROE (%),2026 FY,11.26932,10.41834,8.168,11.26778,11.26701,0.00683411126821,"filings/capitaliq/Estimates/Recent Changes/SPGlobal_GrupoBimbo,S.A.B.deC.V._RecentChanges_06-Oct-2026.xlsx",Recent Changes,508
2026-10-06,2026-05-11,"Actinver Case de Bolsa, S.A. de C.V.","Hernandez Velez Leija, Antonio",Revenue (Mex$000),2026 FY,426281000,427557000,-0.2984,428323514.74,428451114.74,-0.029781694016,"filings/capitaliq/Estimates/Recent Changes/SPGlobal_GrupoBimbo,S.A.B.deC.V._RecentChanges_06-Oct-2026.xlsx",Recent Changes,509
2026-10-06,2026-05-11,"Actinver Case de Bolsa, S.A. de C.V.","Hernandez Velez Leija, Antonio",Net Income (GAAP) (Mex$000),2026 FY,13211000,13590000,-2.7888,13937661.35,14013461.35,-0.54090847440772,"filings/capitaliq/Estimates/Recent Changes/SPGlobal_GrupoBimbo,S.A.B.deC.V._RecentChanges_06-Oct-2026.xlsx",Recent Changes,510
2026-10-06,2026-05-11,"Actinver Case de Bolsa, S.A. de C.V.","Hernandez Velez Leija, Antonio",Net Income Normalized (Mex$000),2026 FY,13211000,13590000,-2.7888,14544666.67,15211500,-4.38374473260362,"filings/capitaliq/Estimates/Recent Changes/SPGlobal_GrupoBimbo,S.A.B.deC.V._RecentChanges_06-Oct-2026.xlsx",Recent Changes,511
2026-10-06,2026-05-11,"Actinver Case de Bolsa, S.A. de C.V.","Hernandez Velez Leija, Antonio",EBITDA (Mex$000),2026 FY,61271000,60057000,2.0214,62224811.93,62103411.93,0.19548040313282,"filings/capitaliq/Estimates/Recent Changes/SPGlobal_GrupoBimbo,S.A.B.deC.V._RecentChanges_06-Oct-2026.xlsx",Recent Changes,512
2026-10-06,2026-05-11,"Actinver Case de Bolsa, S.A. de C.V.","Hernandez Velez Leija, Antonio",EBIT (Mex$000),2026 FY,35507000,34584000,2.6688,37089279.42,38425473.24,-3.47736464208085,"filings/capitaliq/Estimates/Recent Changes/SPGlobal_GrupoBimbo,S.A.B.deC.V._RecentChanges_06-Oct-2026.xlsx",Recent Changes,513
2026-10-06,2026-05-11,"Actinver Case de Bolsa, S.A. de C.V.","Hernandez Velez Leija, Antonio",EPS Normalized (Mex$),2026 FY,3.05,3.14,-2.8662,3.14884,3.1617,-0.40674320776797,"filings/capitaliq/Estimates/Recent Changes/SPGlobal_GrupoBimbo,S.A.B.deC.V._RecentChanges_06-Oct-2026.xlsx",Recent Changes,514
2026-10-06,2026-05-11,"Actinver Case de Bolsa, S.A. de C.V.","Hernandez Velez Leija, Antonio",EPS (GAAP) (Mex$),2026 FY,3.05,3.14,-2.8662,3.27378,3.32972,-1.68002114291892,"filings/capitaliq/Estimates/Recent Changes/SPGlobal_GrupoBimbo,S.A.B.deC.V._RecentChanges_06-Oct-2026.xlsx",Recent Changes,515
2026-10-06,2026-05-11,Not Entitled**,Not Entitled**,EBIT (Mex$000),2026 FY,-,-,-,-,-,-,"filings/capitaliq/Estimates/Recent Changes/SPGlobal_GrupoBimbo,S.A.B.deC.V._RecentChanges_06-Oct-2026.xlsx",Recent Changes,516
2026-10-06,2026-05-11,Not Entitled**,Not Entitled**,EBIT (Mex$000),2026 FY,35797292.41,35797292.41,0,37089279.42,38425473.24,-3.47736464208085,"filings/capitaliq/Estimates/Recent Changes/SPGlobal_GrupoBimbo,S.A.B.deC.V._RecentChanges_06-Oct-2026.xlsx",Recent Changes,517
2026-10-06,2026-05-11,Not Entitled**,Not Entitled**,EBIT (Mex$000),2026 FY,36050727.84,36050727.84,0,37089279.42,38425473.24,-3.47736464208085,"filings/capitaliq/Estimates/Recent Changes/SPGlobal_GrupoBimbo,S.A.B.deC.V._RecentChanges_06-Oct-2026.xlsx",Recent Changes,518
2026-10-06,2026-05-07,Not Entitled**,Not Entitled**,TEV (Mex$000),2026 FY,369093620.67,347077475.38,6.3432,368447766.9,357439694.26,3.07970066469248,"filings/capitaliq/Estimates/Recent Changes/SPGlobal_GrupoBimbo,S.A.B.deC.V._RecentChanges_06-Oct-2026.xlsx",Recent Changes,519
2026-10-06,2026-05-03,Not Entitled**,Not Entitled**,EPS Normalized (Mex$),2026 FQ3,0.887,0.877,1.1402,0.8935,0.9,-0.72222222222222,"filings/capitaliq/Estimates/Recent Changes/SPGlobal_GrupoBimbo,S.A.B.deC.V._RecentChanges_06-Oct-2026.xlsx",Recent Changes,520
2026-10-06,2026-05-03,Not Entitled**,Not Entitled**,EPS Normalized (Mex$),2027 FQ4,0.88,0.886,-0.6772,0.88,0.886,-0.67720090293454,"filings/capitaliq/Estimates/Recent Changes/SPGlobal_GrupoBimbo,S.A.B.deC.V._RecentChanges_06-Oct-2026.xlsx",Recent Changes,521
2026-10-06,2026-05-03,Not Entitled**,Not Entitled**,EPS Normalized (Mex$),2027 FQ3,0.956,0.972,-1.646,0.956,0.972,-1.64609053497942,"filings/capitaliq/Estimates/Recent Changes/SPGlobal_GrupoBimbo,S.A.B.deC.V._RecentChanges_06-Oct-2026.xlsx",Recent Changes,522
2026-10-06,2026-05-03,Not Entitled**,Not Entitled**,EPS Normalized (Mex$),2027 FQ2,0.791,0.733,7.9126,0.791,0.733,7.91268758526603,"filings/capitaliq/Estimates/Recent Changes/SPGlobal_GrupoBimbo,S.A.B.deC.V._RecentChanges_06-Oct-2026.xlsx",Recent Changes,523
2026-10-06,2026-05-03,Not Entitled**,Not Entitled**,EPS Normalized (Mex$),2027 FQ1,0.646,0.527,22.5806,0.646,0.527,22.58064516129032,"filings/capitaliq/Estimates/Recent Changes/SPGlobal_GrupoBimbo,S.A.B.deC.V._RecentChanges_06-Oct-2026.xlsx",Recent Changes,524
2026-10-06,2026-05-03,Not Entitled**,Not Entitled**,EPS Normalized (Mex$),2026 FQ4,0.817,0.783,4.3422,0.8935,0.97,-7.88659793814433,"filings/capitaliq/Estimates/Recent Changes/SPGlobal_GrupoBimbo,S.A.B.deC.V._RecentChanges_06-Oct-2026.xlsx",Recent Changes,525
2026-10-06,2026-05-03,Not Entitled**,Not Entitled**,EPS Normalized (Mex$),2026 FY,2.99,2.99,0,3.1617,3.23178,-2.16846443755454,"filings/capitaliq/Estimates/Recent Changes/SPGlobal_GrupoBimbo,S.A.B.deC.V._RecentChanges_06-Oct-2026.xlsx",Recent Changes,526
2026-10-06,2026-05-03,Not Entitled**,Not Entitled**,EPS Normalized (Mex$),2026 FY,2.983,2.785,7.1095,3.1617,3.23178,-2.16846443755454,"filings/capitaliq/Estimates/Recent Changes/SPGlobal_GrupoBimbo,S.A.B.deC.V._RecentChanges_06-Oct-2026.xlsx",Recent Changes,527
2026-10-06,2026-04-30,"GBM Grupo Bursátil Mexicano, S.A. de C.V. Casa de Bolsa","Carrillo Villasana, Regina",ROE (%),2026 FY,17.4,17.4,0,11.26701,11.46377,-1.71636381399836,"filings/capitaliq/Estimates/Recent Changes/SPGlobal_GrupoBimbo,S.A.B.deC.V._RecentChanges_06-Oct-2026.xlsx",Recent Changes,528
2026-10-06,2026-04-30,Itau BBA,"Fuchs, Alejandro",Gross Margin (%),2026 FY,52.6,52.6,0,52.55,52.5,0.0952380952381,"filings/capitaliq/Estimates/Recent Changes/SPGlobal_GrupoBimbo,S.A.B.deC.V._RecentChanges_06-Oct-2026.xlsx",Recent Changes,529
2026-10-06,2026-04-30,Itau BBA,"Fuchs, Alejandro",Revenue (Mex$000),2026 FY,434804000,434804000,0,428451114.74,426114333.25,0.54839307379717,"filings/capitaliq/Estimates/Recent Changes/SPGlobal_GrupoBimbo,S.A.B.deC.V._RecentChanges_06-Oct-2026.xlsx",Recent Changes,530
2026-10-06,2026-04-30,Not Entitled**,Not Entitled**,Revenue (Mex$000),2026 FY,431540814.7,431540814.7,0,428451114.74,426114333.25,0.54839307379717,"filings/capitaliq/Estimates/Recent Changes/SPGlobal_GrupoBimbo,S.A.B.deC.V._RecentChanges_06-Oct-2026.xlsx",Recent Changes,531
2026-10-06,2026-04-30,Not Entitled**,Not Entitled**,ROE (%),2026 FY,-,-,-,-,-,-,"filings/capitaliq/Estimates/Recent Changes/SPGlobal_GrupoBimbo,S.A.B.deC.V._RecentChanges_06-Oct-2026.xlsx",Recent Changes,532
2026-10-06,2026-04-30,Not Entitled**,Not Entitled**,ROE (%),2026 FY,10.41834,10.41834,0,11.26701,11.46377,-1.71636381399836,"filings/capitaliq/Estimates/Recent Changes/SPGlobal_GrupoBimbo,S.A.B.deC.V._RecentChanges_06-Oct-2026.xlsx",Recent Changes,533
2026-10-06,2026-04-30,Not Entitled**,Not Entitled**,ROE (%),2026 FY,9.927,9.927,0,11.26701,11.46377,-1.71636381399836,"filings/capitaliq/Estimates/Recent Changes/SPGlobal_GrupoBimbo,S.A.B.deC.V._RecentChanges_06-Oct-2026.xlsx",Recent Changes,534
2026-10-06,2026-04-30,Not Entitled**,Not Entitled**,ROE (%),2026 FY,-,-,-,-,-,-,"filings/capitaliq/Estimates/Recent Changes/SPGlobal_GrupoBimbo,S.A.B.deC.V._RecentChanges_06-Oct-2026.xlsx",Recent Changes,535
2026-10-06,2026-04-30,Not Entitled**,Not Entitled**,EPS (GAAP) (Mex$),2026 FQ4,-,-,-,-,-,-,"filings/capitaliq/Estimates/Recent Changes/SPGlobal_GrupoBimbo,S.A.B.deC.V._RecentChanges_06-Oct-2026.xlsx",Recent Changes,536
2026-10-06,2026-04-30,Not Entitled**,Not Entitled**,EPS Normalized (Mex$),2026 FQ4,1.11365,1.11365,0,0.97,0.95555,1.51221809429125,"filings/capitaliq/Estimates/Recent Changes/SPGlobal_GrupoBimbo,S.A.B.deC.V._RecentChanges_06-Oct-2026.xlsx",Recent Changes,537
2026-10-06,2026-04-30,Not Entitled**,Not Entitled**,EPS Normalized (Mex$),2026 FQ4,0.783,0.783,0,0.97,0.95555,1.51221809429125,"filings/capitaliq/Estimates/Recent Changes/SPGlobal_GrupoBimbo,S.A.B.deC.V._RecentChanges_06-Oct-2026.xlsx",Recent Changes,538
2026-10-06,2026-04-30,Not Entitled**,Not Entitled**,EPS (GAAP) (Mex$),2026 FQ3,-,-,-,-,-,-,"filings/capitaliq/Estimates/Recent Changes/SPGlobal_GrupoBimbo,S.A.B.deC.V._RecentChanges_06-Oct-2026.xlsx",Recent Changes,539
2026-10-06,2026-04-30,Not Entitled**,Not Entitled**,EPS Normalized (Mex$),2026 FQ3,0.73947,0.73947,0,0.9,0.83882,7.29357907536778,"filings/capitaliq/Estimates/Recent Changes/SPGlobal_GrupoBimbo,S.A.B.deC.V._RecentChanges_06-Oct-2026.xlsx",Recent Changes,540
2026-10-06,2026-04-30,Not Entitled**,Not Entitled**,EPS Normalized (Mex$),2026 FQ3,0.877,0.877,0,0.9,0.83882,7.29357907536778,"filings/capitaliq/Estimates/Recent Changes/SPGlobal_GrupoBimbo,S.A.B.deC.V._RecentChanges_06-Oct-2026.xlsx",Recent Changes,541
2026-10-06,2026-04-29,"Actinver Case de Bolsa, S.A. de C.V.","Hernandez Velez Leija, Antonio",Net Income Normalized (Mex$000),2026 FY,13590000,13590000,0,15211500,15365770.48,-1.00398792368269,"filings/capitaliq/Estimates/Recent Changes/SPGlobal_GrupoBimbo,S.A.B.deC.V._RecentChanges_06-Oct-2026.xlsx",Recent Changes,542
2026-10-06,2026-04-29,"Actinver Case de Bolsa, S.A. de C.V.","Hernandez Velez Leija, Antonio",EPS (GAAP) (Mex$),2026 FY,3.14,3.14,0,3.32972,3.16439,5.22470365536486,"filings/capitaliq/Estimates/Recent Changes/SPGlobal_GrupoBimbo,S.A.B.deC.V._RecentChanges_06-Oct-2026.xlsx",Recent Changes,543
2026-10-06,2026-04-29,"GBM Grupo Bursátil Mexicano, S.A. de C.V. Casa de Bolsa","Carrillo Villasana, Regina",EBIT (Mex$000),2026 FY,39449000,39449000,0,38425473.24,38020964.32,1.06391020647316,"filings/capitaliq/Estimates/Recent Changes/SPGlobal_GrupoBimbo,S.A.B.deC.V._RecentChanges_06-Oct-2026.xlsx",Recent Changes,544
2026-10-06,2026-04-29,"GBM Grupo Bursátil Mexicano, S.A. de C.V. Casa de Bolsa","Carrillo Villasana, Regina",EBITDA (Mex$000),2026 FY,64138000,64138000,0,62103411.93,61347286.33,1.23253308374985,"filings/capitaliq/Estimates/Recent Changes/SPGlobal_GrupoBimbo,S.A.B.deC.V._RecentChanges_06-Oct-2026.xlsx",Recent Changes,545
2026-10-06,2026-04-29,"GBM Grupo Bursátil Mexicano, S.A. de C.V. Casa de Bolsa","Carrillo Villasana, Regina",Net Income Normalized (Mex$000),2026 FY,24837000,24837000,0,15211500,15365770.48,-1.00398792368269,"filings/capitaliq/Estimates/Recent Changes/SPGlobal_GrupoBimbo,S.A.B.deC.V._RecentChanges_06-Oct-2026.xlsx",Recent Changes,546
2026-10-06,2026-04-29,"GBM Grupo Bursátil Mexicano, S.A. de C.V. Casa de Bolsa","Carrillo Villasana, Regina",Net Income (GAAP) (Mex$000),2026 FY,24837000,24837000,0,14013461.35,14868588.06,-5.75123008687349,"filings/capitaliq/Estimates/Recent Changes/SPGlobal_GrupoBimbo,S.A.B.deC.V._RecentChanges_06-Oct-2026.xlsx",Recent Changes,547
2026-10-06,2026-04-29,Itau BBA,"Fuchs, Alejandro",Net Income Normalized (Mex$000),2026 FY,12341000,12341000,0,15211500,15365770.48,-1.00398792368269,"filings/capitaliq/Estimates/Recent Changes/SPGlobal_GrupoBimbo,S.A.B.deC.V._RecentChanges_06-Oct-2026.xlsx",Recent Changes,548
2026-10-06,2026-04-29,Itau BBA,"Fuchs, Alejandro",EPS (GAAP) (Mex$),2026 FY,2.76,2.76,0,3.32972,3.16439,5.22470365536486,"filings/capitaliq/Estimates/Recent Changes/SPGlobal_GrupoBimbo,S.A.B.deC.V._RecentChanges_06-Oct-2026.xlsx",Recent Changes,549
2026-10-06,2026-04-29,Itau BBA,"Fuchs, Alejandro",EPS Normalized (Mex$),2026 FY,2.76,2.76,0,3.23178,3.08254,4.84146191128096,"filings/capitaliq/Estimates/Recent Changes/SPGlobal_GrupoBimbo,S.A.B.deC.V._RecentChanges_06-Oct-2026.xlsx",Recent Changes,550
2026-10-06,2026-04-29,Itau BBA,"Fuchs, Alejandro",Net Income (GAAP) (Mex$000),2026 FY,12341000,12341000,0,14013461.35,14868588.06,-5.75123008687349,"filings/capitaliq/Estimates/Recent Changes/SPGlobal_GrupoBimbo,S.A.B.deC.V._RecentChanges_06-Oct-2026.xlsx",Recent Changes,551
2026-10-06,2026-04-29,Not Entitled**,Not Entitled**,EPS Normalized (Mex$),2026 FY,3.49,3.57,-2.2408,3.23178,3.08254,4.84146191128096,"filings/capitaliq/Estimates/Recent Changes/SPGlobal_GrupoBimbo,S.A.B.deC.V._RecentChanges_06-Oct-2026.xlsx",Recent Changes,552
2026-10-06,2026-04-29,Not Entitled**,Not Entitled**,Book Value per share (Mex$),2026 FY,29.08,28.41,2.3583,29.77094,29.54761,0.75583101306671,"filings/capitaliq/Estimates/Recent Changes/SPGlobal_GrupoBimbo,S.A.B.deC.V._RecentChanges_06-Oct-2026.xlsx",Recent Changes,553
2026-10-06,2026-04-29,Not Entitled**,Not Entitled**,EPS (GAAP) (Mex$),2026 FY,2.99,2.99,0,3.32972,3.16439,5.22470365536486,"filings/capitaliq/Estimates/Recent Changes/SPGlobal_GrupoBimbo,S.A.B.deC.V._RecentChanges_06-Oct-2026.xlsx",Recent Changes,554
2026-10-06,2026-04-29,Not Entitled**,Not Entitled**,EPS (GAAP) (Mex$),2026 FY,-,-,-,-,-,-,"filings/capitaliq/Estimates/Recent Changes/SPGlobal_GrupoBimbo,S.A.B.deC.V._RecentChanges_06-Oct-2026.xlsx",Recent Changes,555
2026-10-06,2026-04-29,Not Entitled**,Not Entitled**,Dividend per share (Mex$),2026 FY,0.76818,0.76818,0,0.97324,0.92886,4.77789979114183,"filings/capitaliq/Estimates/Recent Changes/SPGlobal_GrupoBimbo,S.A.B.deC.V._RecentChanges_06-Oct-2026.xlsx",Recent Changes,556
2026-10-06,2026-04-29,Not Entitled**,Not Entitled**,Dividend per share (Mex$),2026 FY,1.14,0.99,15.1515,0.97324,0.92886,4.77789979114183,"filings/capitaliq/Estimates/Recent Changes/SPGlobal_GrupoBimbo,S.A.B.deC.V._RecentChanges_06-Oct-2026.xlsx",Recent Changes,557
2026-10-06,2026-04-29,Not Entitled**,Not Entitled**,EPS Normalized (Mex$),2026 FY,2.785,2.785,0,3.23178,3.08254,4.84146191128096,"filings/capitaliq/Estimates/Recent Changes/SPGlobal_GrupoBimbo,S.A.B.deC.V._RecentChanges_06-Oct-2026.xlsx",Recent Changes,558
2026-10-06,2026-04-29,Not Entitled**,Not Entitled**,EPS Normalized (Mex$),2026 FY,2.99,2.99,0,3.23178,3.08254,4.84146191128096,"filings/capitaliq/Estimates/Recent Changes/SPGlobal_GrupoBimbo,S.A.B.deC.V._RecentChanges_06-Oct-2026.xlsx",Recent Changes,559
2026-10-06,2026-04-29,Not Entitled**,Not Entitled**,EPS Normalized (Mex$),2026 FY,2.96895,2.96895,0,3.23178,3.08254,4.84146191128096,"filings/capitaliq/Estimates/Recent Changes/SPGlobal_GrupoBimbo,S.A.B.deC.V._RecentChanges_06-Oct-2026.xlsx",Recent Changes,560
2026-10-06,2026-04-29,Not Entitled**,Not Entitled**,EPS (GAAP) (Mex$),2026 FY,3.49,3.57,-2.2408,3.32972,3.16439,5.22470365536486,"filings/capitaliq/Estimates/Recent Changes/SPGlobal_GrupoBimbo,S.A.B.deC.V._RecentChanges_06-Oct-2026.xlsx",Recent Changes,561
2026-10-06,2026-04-29,Not Entitled**,Not Entitled**,Recommendation,Non-Periodic,Outperform (2),Hold (3), ,Hold (2.67),Hold (2.75), ,"filings/capitaliq/Estimates/Recent Changes/SPGlobal_GrupoBimbo,S.A.B.deC.V._RecentChanges_06-Oct-2026.xlsx",Recent Changes,562
2026-10-06,2026-04-29,Not Entitled**,Not Entitled**,EBIT (Mex$000),2026 FY,40179000,39989000,0.4751,38425473.24,38020964.32,1.06391020647316,"filings/capitaliq/Estimates/Recent Changes/SPGlobal_GrupoBimbo,S.A.B.deC.V._RecentChanges_06-Oct-2026.xlsx",Recent Changes,563
2026-10-06,2026-04-29,Not Entitled**,Not Entitled**,EBITDA (Mex$000),2026 FY,61941000,61941000,0,62103411.93,61347286.33,1.23253308374985,"filings/capitaliq/Estimates/Recent Changes/SPGlobal_GrupoBimbo,S.A.B.deC.V._RecentChanges_06-Oct-2026.xlsx",Recent Changes,564
2026-10-06,2026-04-29,Not Entitled**,Not Entitled**,EBITDA (Mex$000),2026 FY,59970171.35,59970171.35,0,62103411.93,61347286.33,1.23253308374985,"filings/capitaliq/Estimates/Recent Changes/SPGlobal_GrupoBimbo,S.A.B.deC.V._RecentChanges_06-Oct-2026.xlsx",Recent Changes,565
2026-10-06,2026-04-29,Not Entitled**,Not Entitled**,EBITDA (Mex$000),2026 FY,64147000,65564000,-2.1612,62103411.93,61347286.33,1.23253308374985,"filings/capitaliq/Estimates/Recent Changes/SPGlobal_GrupoBimbo,S.A.B.deC.V._RecentChanges_06-Oct-2026.xlsx",Recent Changes,566
2026-10-06,2026-04-29,Not Entitled**,Not Entitled**,Net Income Normalized (Mex$000),2026 FY,15099000,15688000,-3.7544,15211500,15365770.48,-1.00398792368269,"filings/capitaliq/Estimates/Recent Changes/SPGlobal_GrupoBimbo,S.A.B.deC.V._RecentChanges_06-Oct-2026.xlsx",Recent Changes,567
2026-10-06,2026-04-29,Not Entitled**,Not Entitled**,Net Debt (Mex$000),2026 FY,174829000,173184000,0.9498,151373760.05,151044760.05,0.2178162287067,"filings/capitaliq/Estimates/Recent Changes/SPGlobal_GrupoBimbo,S.A.B.deC.V._RecentChanges_06-Oct-2026.xlsx",Recent Changes,568
2026-10-06,2026-04-29,Not Entitled**,Not Entitled**,Net Income Normalized (Mex$000),2026 FY,12886950,12886950,0,15211500,15365770.48,-1.00398792368269,"filings/capitaliq/Estimates/Recent Changes/SPGlobal_GrupoBimbo,S.A.B.deC.V._RecentChanges_06-Oct-2026.xlsx",Recent Changes,569
2026-10-06,2026-04-29,Not Entitled**,Not Entitled**,Net Income Normalized (Mex$000),2026 FY,12893443.35,12893443.35,0,15211500,15365770.48,-1.00398792368269,"filings/capitaliq/Estimates/Recent Changes/SPGlobal_GrupoBimbo,S.A.B.deC.V._RecentChanges_06-Oct-2026.xlsx",Recent Changes,570
2026-10-06,2026-04-29,Not Entitled**,Not Entitled**,Net Income (GAAP) (Mex$000),2026 FY,15099000,15688000,-3.7544,14013461.35,14868588.06,-5.75123008687349,"filings/capitaliq/Estimates/Recent Changes/SPGlobal_GrupoBimbo,S.A.B.deC.V._RecentChanges_06-Oct-2026.xlsx",Recent Changes,571
2026-10-06,2026-04-29,Not Entitled**,Not Entitled**,Revenue (Mex$000),2026 FY,426574000,447810000,-4.7421,426114333.25,426037722.12,0.01798224101349,"filings/capitaliq/Estimates/Recent Changes/SPGlobal_GrupoBimbo,S.A.B.deC.V._RecentChanges_06-Oct-2026.xlsx",Recent Changes,572
2026-10-06,2026-04-29,Not Entitled**,Not Entitled**,Net Income (GAAP) (Mex$000),2026 FY,-,-,-,-,-,-,"filings/capitaliq/Estimates/Recent Changes/SPGlobal_GrupoBimbo,S.A.B.deC.V._RecentChanges_06-Oct-2026.xlsx",Recent Changes,573
2026-10-06,2026-04-29,Not Entitled**,Not Entitled**,Net Income (GAAP) (Mex$000),2026 FY,12886945.76,12886945.76,0,14013461.35,14868588.06,-5.75123008687349,"filings/capitaliq/Estimates/Recent Changes/SPGlobal_GrupoBimbo,S.A.B.deC.V._RecentChanges_06-Oct-2026.xlsx",Recent Changes,574
2026-10-06,2026-04-29,"Actinver Case de Bolsa, S.A. de C.V.","Hernandez Velez Leija, Antonio",EBIT (Mex$000),2026 FY,34584000,34584000,0,38020964.32,36755215.54,3.44372563567886,"filings/capitaliq/Estimates/Recent Changes/SPGlobal_GrupoBimbo,S.A.B.deC.V._RecentChanges_06-Oct-2026.xlsx",Recent Changes,575
2026-10-06,2026-04-29,"GBM Grupo Bursátil Mexicano, S.A. de C.V. Casa de Bolsa","Carrillo Villasana, Regina",EBIT (Mex$000),2026 FY,39449000,39449000,0,38020964.32,36755215.54,3.44372563567886,"filings/capitaliq/Estimates/Recent Changes/SPGlobal_GrupoBimbo,S.A.B.deC.V._RecentChanges_06-Oct-2026.xlsx",Recent Changes,576
2026-10-06,2026-04-29,Itau BBA,"Fuchs, Alejandro",Revenue (Mex$000),2026 FY,434804000,434804000,0,426037722.12,427412306.78,-0.32160624254264,"filings/capitaliq/Estimates/Recent Changes/SPGlobal_GrupoBimbo,S.A.B.deC.V._RecentChanges_06-Oct-2026.xlsx",Recent Changes,577
2026-10-06,2026-04-29,Itau BBA,"Fuchs, Alejandro",Gross Margin (%),2026 FY,52.6,52.6,0,52.5,52.55,-0.09514747859182,"filings/capitaliq/Estimates/Recent Changes/SPGlobal_GrupoBimbo,S.A.B.deC.V._RecentChanges_06-Oct-2026.xlsx",Recent Changes,578
2026-10-06,2026-04-29,Itau BBA,"Fuchs, Alejandro",Interest Expense (Mex$000),2026 FY,13690000,13690000,0,14446000,13830000,4.45408532176428,"filings/capitaliq/Estimates/Recent Changes/SPGlobal_GrupoBimbo,S.A.B.deC.V._RecentChanges_06-Oct-2026.xlsx",Recent Changes,579
2026-10-06,2026-04-29,Itau BBA,"Fuchs, Alejandro",EBIT (Mex$000),2026 FY,34129000,34129000,0,38020964.32,36755215.54,3.44372563567886,"filings/capitaliq/Estimates/Recent Changes/SPGlobal_GrupoBimbo,S.A.B.deC.V._RecentChanges_06-Oct-2026.xlsx",Recent Changes,580
2026-10-06,2026-04-29,Not Entitled**,Not Entitled**,Revenue (Mex$000),2026 FY,431540814.7,431540814.7,0,426037722.12,427412306.78,-0.32160624254264,"filings/capitaliq/Estimates/Recent Changes/SPGlobal_GrupoBimbo,S.A.B.deC.V._RecentChanges_06-Oct-2026.xlsx",Recent Changes,581
2026-10-06,2026-04-29,Not Entitled**,Not Entitled**,Net Debt (Mex$000),2026 FY,-,-,-,-,-,-,"filings/capitaliq/Estimates/Recent Changes/SPGlobal_GrupoBimbo,S.A.B.deC.V._RecentChanges_06-Oct-2026.xlsx",Recent Changes,582
2026-10-06,2026-04-29,Not Entitled**,Not Entitled**,Net Debt (Mex$000),2026 FY,125177266.04,125177266.04,0,151044760.05,143816359.94,5.02613201517246,"filings/capitaliq/Estimates/Recent Changes/SPGlobal_GrupoBimbo,S.A.B.deC.V._RecentChanges_06-Oct-2026.xlsx",Recent Changes,583
2026-10-06,2026-04-29,Not Entitled**,Not Entitled**,EBIT (Mex$000),2026 FY,-,-,-,-,-,-,"filings/capitaliq/Estimates/Recent Changes/SPGlobal_GrupoBimbo,S.A.B.deC.V._RecentChanges_06-Oct-2026.xlsx",Recent Changes,584
2026-10-06,2026-04-29,Not Entitled**,Not Entitled**,EBIT (Mex$000),2026 FY,36050727.84,36050727.84,0,38020964.32,36755215.54,3.44372563567886,"filings/capitaliq/Estimates/Recent Changes/SPGlobal_GrupoBimbo,S.A.B.deC.V._RecentChanges_06-Oct-2026.xlsx",Recent Changes,585
2026-10-06,2026-04-29,Not Entitled**,Not Entitled**,EBIT (Mex$000),2026 FY,35797292.41,35797292.41,0,38020964.32,36755215.54,3.44372563567886,"filings/capitaliq/Estimates/Recent Changes/SPGlobal_GrupoBimbo,S.A.B.deC.V._RecentChanges_06-Oct-2026.xlsx",Recent Changes,586
2026-10-06,2026-04-29,Not Entitled**,Not Entitled**,EBIT (Mex$000),2026 FY,-,-,-,-,-,-,"filings/capitaliq/Estimates/Recent Changes/SPGlobal_GrupoBimbo,S.A.B.deC.V._RecentChanges_06-Oct-2026.xlsx",Recent Changes,587
2026-10-06,2026-04-29,Santander,"Argote Bolio, Ulises",Capital Expenditures (Mex$000),2026 FY,22552000,27010000,-16.5049,22861275.93,24347275.93,-6.10335219542567,"filings/capitaliq/Estimates/Recent Changes/SPGlobal_GrupoBimbo,S.A.B.deC.V._RecentChanges_06-Oct-2026.xlsx",Recent Changes,588
2026-10-06,2026-04-29,Santander,"Argote Bolio, Ulises",Book Value per share (Mex$),2026 FY,30.23,31.07,-2.7035,29.54761,29.20642,1.16820205968414,"filings/capitaliq/Estimates/Recent Changes/SPGlobal_GrupoBimbo,S.A.B.deC.V._RecentChanges_06-Oct-2026.xlsx",Recent Changes,589
2026-10-06,2026-04-29,Santander,"Argote Bolio, Ulises",EPS Normalized (Mex$),2026 FY,3.03,3.47,-12.6801,3.08254,3.13143,-1.56126753591809,"filings/capitaliq/Estimates/Recent Changes/SPGlobal_GrupoBimbo,S.A.B.deC.V._RecentChanges_06-Oct-2026.xlsx",Recent Changes,590
2026-10-06,2026-04-29,Santander,"Argote Bolio, Ulises",Dividend per share (Mex$),2026 FY,0.77,0.85,-9.4117,0.92886,0.93886,-1.06512153036661,"filings/capitaliq/Estimates/Recent Changes/SPGlobal_GrupoBimbo,S.A.B.deC.V._RecentChanges_06-Oct-2026.xlsx",Recent Changes,591
2026-10-06,2026-04-29,Santander,"Argote Bolio, Ulises",Revenue (Mex$000),2026 FY,430685000,450173000,-4.329,426037722.12,427412306.78,-0.32160624254264,"filings/capitaliq/Estimates/Recent Changes/SPGlobal_GrupoBimbo,S.A.B.deC.V._RecentChanges_06-Oct-2026.xlsx",Recent Changes,592
2026-10-06,2026-04-29,Santander,"Argote Bolio, Ulises",Interest Expense (Mex$000),2026 FY,14446000,13970000,3.4073,14446000,13830000,4.45408532176428,"filings/capitaliq/Estimates/Recent Changes/SPGlobal_GrupoBimbo,S.A.B.deC.V._RecentChanges_06-Oct-2026.xlsx",Recent Changes,593
2026-10-06,2026-04-29,Santander,"Argote Bolio, Ulises",EBITDA (Mex$000),2026 FY,63122000,64119000,-1.5549,61347286.33,61093755.8,0.41498599436245,"filings/capitaliq/Estimates/Recent Changes/SPGlobal_GrupoBimbo,S.A.B.deC.V._RecentChanges_06-Oct-2026.xlsx",Recent Changes,594
2026-10-06,2026-04-29,Santander,"Argote Bolio, Ulises",EBIT (Mex$000),2026 FY,37436000,39761000,-5.8474,38020964.32,36755215.54,3.44372563567886,"filings/capitaliq/Estimates/Recent Changes/SPGlobal_GrupoBimbo,S.A.B.deC.V._RecentChanges_06-Oct-2026.xlsx",Recent Changes,595
2026-10-06,2026-04-29,Santander,"Argote Bolio, Ulises",Net Income (GAAP) (Mex$000),2026 FY,13287000,18841000,-29.4782,14868588.06,15066286.57,-1.31219135572303,"filings/capitaliq/Estimates/Recent Changes/SPGlobal_GrupoBimbo,S.A.B.deC.V._RecentChanges_06-Oct-2026.xlsx",Recent Changes,596
2026-10-06,2026-04-29,Santander,"Argote Bolio, Ulises",Net Income Normalized (Mex$000),2026 FY,15324000,15215000,0.7163,15365770.48,15350199.05,0.10144122528496,"filings/capitaliq/Estimates/Recent Changes/SPGlobal_GrupoBimbo,S.A.B.deC.V._RecentChanges_06-Oct-2026.xlsx",Recent Changes,597
2026-10-06,2026-04-29,Santander,"Argote Bolio, Ulises",Net Debt (Mex$000),2026 FY,163291000,163996000,-0.4298,151044760.05,143816359.94,5.02613201517246,"filings/capitaliq/Estimates/Recent Changes/SPGlobal_GrupoBimbo,S.A.B.deC.V._RecentChanges_06-Oct-2026.xlsx",Recent Changes,598
2026-10-06,2026-04-29,Not Entitled**,Not Entitled**,EPS (GAAP) (Mex$),2026 FY,3.17888,3.0757,3.3546,3.16439,3.15149,0.40933018984671,"filings/capitaliq/Estimates/Recent Changes/SPGlobal_GrupoBimbo,S.A.B.deC.V._RecentChanges_06-Oct-2026.xlsx",Recent Changes,599
2026-10-06,2026-04-29,Not Entitled**,Not Entitled**,Dividend per share (Mex$),2026 FY,0.95366,0.92271,3.3542,0.93886,0.93499,0.41390817014086,"filings/capitaliq/Estimates/Recent Changes/SPGlobal_GrupoBimbo,S.A.B.deC.V._RecentChanges_06-Oct-2026.xlsx",Recent Changes,600
2026-10-06,2026-04-29,Not Entitled**,Not Entitled**,EPS Normalized (Mex$),2026 FY,3.17888,3.0757,3.3546,3.13143,3.11996,0.36763291837075,"filings/capitaliq/Estimates/Recent Changes/SPGlobal_GrupoBimbo,S.A.B.deC.V._RecentChanges_06-Oct-2026.xlsx",Recent Changes,601
2026-10-06,2026-04-29,Not Entitled**,Not Entitled**,Cash flow per share (Mex$),2026 FY,8.79816,8.79816,0,11.1561,8.89256,25.45431236899161,"filings/capitaliq/Estimates/Recent Changes/SPGlobal_GrupoBimbo,S.A.B.deC.V._RecentChanges_06-Oct-2026.xlsx",Recent Changes,602
2026-10-06,2026-04-29,Not Entitled**,Not Entitled**,Cash flow per share (Mex$),2026 FY,11.1561,8.98695,24.1366,11.1561,8.89256,25.45431236899161,"filings/capitaliq/Estimates/Recent Changes/SPGlobal_GrupoBimbo,S.A.B.deC.V._RecentChanges_06-Oct-2026.xlsx",Recent Changes,603
2026-10-06,2026-04-29,Not Entitled**,Not Entitled**,Book Value per share (Mex$),2026 FY,30.00283,29.76983,0.7826,29.20642,31.18746,-6.35204021103354,"filings/capitaliq/Estimates/Recent Changes/SPGlobal_GrupoBimbo,S.A.B.deC.V._RecentChanges_06-Oct-2026.xlsx",Recent Changes,604
2026-10-06,2026-04-29,Not Entitled**,Not Entitled**,Book Value per share (Mex$),2026 FY,-,-,-,-,-,-,"filings/capitaliq/Estimates/Recent Changes/SPGlobal_GrupoBimbo,S.A.B.deC.V._RecentChanges_06-Oct-2026.xlsx",Recent Changes,605
2026-10-06,2026-04-29,Not Entitled**,Not Entitled**,Capital Expenditures (Mex$000),2026 FY,22233827.8,23752271.47,-6.3928,24347275.93,24853423.82,-2.0365318423158,"filings/capitaliq/Estimates/Recent Changes/SPGlobal_GrupoBimbo,S.A.B.deC.V._RecentChanges_06-Oct-2026.xlsx",Recent Changes,606
2026-10-06,2026-04-29,Not Entitled**,Not Entitled**,EBT (GAAP) (Mex$000),2026 FY,23339441.05,22073035.78,5.7373,24221732.58,23905131.26,1.32440736909804,"filings/capitaliq/Estimates/Recent Changes/SPGlobal_GrupoBimbo,S.A.B.deC.V._RecentChanges_06-Oct-2026.xlsx",Recent Changes,607
2026-10-06,2026-04-29,Not Entitled**,Not Entitled**,EBIT (Mex$000),2026 FY,36637892.95,35249093.34,3.9399,36755215.54,36616335.58,0.3792841577404,"filings/capitaliq/Estimates/Recent Changes/SPGlobal_GrupoBimbo,S.A.B.deC.V._RecentChanges_06-Oct-2026.xlsx",Recent Changes,608
2026-10-06,2026-04-29,Not Entitled**,Not Entitled**,EBITDA (Mex$000),2026 FY,61736461.81,60238632.68,2.4864,61093755.8,60879780.21,0.35147234313578,"filings/capitaliq/Estimates/Recent Changes/SPGlobal_GrupoBimbo,S.A.B.deC.V._RecentChanges_06-Oct-2026.xlsx",Recent Changes,609
2026-10-06,2026-04-29,Not Entitled**,Not Entitled**,Net Debt (Mex$000),2026 FY,131342800.23,137885144.96,-4.7447,143816359.94,144750980.62,-0.64567485207825,"filings/capitaliq/Estimates/Recent Changes/SPGlobal_GrupoBimbo,S.A.B.deC.V._RecentChanges_06-Oct-2026.xlsx",Recent Changes,610
2026-10-06,2026-04-29,Not Entitled**,Not Entitled**,Net Income (GAAP) (Mex$000),2026 FY,13756553.96,13310040.58,3.3547,15066286.57,15010472.4,0.37183486643632,"filings/capitaliq/Estimates/Recent Changes/SPGlobal_GrupoBimbo,S.A.B.deC.V._RecentChanges_06-Oct-2026.xlsx",Recent Changes,611
2026-10-06,2026-04-29,Not Entitled**,Not Entitled**,Revenue (Mex$000),2026 FY,424371843,428821635.35,-1.0376,427412306.78,428047991.4,-0.14850779182981,"filings/capitaliq/Estimates/Recent Changes/SPGlobal_GrupoBimbo,S.A.B.deC.V._RecentChanges_06-Oct-2026.xlsx",Recent Changes,612
2026-10-06,2026-04-29,Not Entitled**,Not Entitled**,ROE (%),2026 FY,11.03402,10.71922,2.9367,11.6433,11.60394,0.33919513544537,"filings/capitaliq/Estimates/Recent Changes/SPGlobal_GrupoBimbo,S.A.B.deC.V._RecentChanges_06-Oct-2026.xlsx",Recent Changes,613
2026-10-06,2026-04-29,Not Entitled**,Not Entitled**,TEV (Mex$000),2026 FY,347077475.38,396145310.63,-12.3863,392840129.5,409196074.59,-3.99709237347599,"filings/capitaliq/Estimates/Recent Changes/SPGlobal_GrupoBimbo,S.A.B.deC.V._RecentChanges_06-Oct-2026.xlsx",Recent Changes,614
2026-10-06,2026-04-29,Santander,"Argote Bolio, Ulises",Book Value per share (Mex$),2026 FY,31.07,31.07,0,29.20642,31.18746,-6.35204021103354,"filings/capitaliq/Estimates/Recent Changes/SPGlobal_GrupoBimbo,S.A.B.deC.V._RecentChanges_06-Oct-2026.xlsx",Recent Changes,615
2026-10-06,2026-04-24,Not Entitled**,Not Entitled**,ROE (%),2026 FY,-,-,-,-,-,-,"filings/capitaliq/Estimates/Recent Changes/SPGlobal_GrupoBimbo,S.A.B.deC.V._RecentChanges_06-Oct-2026.xlsx",Recent Changes,616
2026-10-06,2026-04-24,Not Entitled**,Not Entitled**,Revenue (Mex$000),2026 FY,-,-,-,-,-,-,"filings/capitaliq/Estimates/Recent Changes/SPGlobal_GrupoBimbo,S.A.B.deC.V._RecentChanges_06-Oct-2026.xlsx",Recent Changes,617
2026-10-06,2026-04-24,Not Entitled**,Not Entitled**,Net Income (GAAP) (Mex$000),2026 FY,-,-,-,-,-,-,"filings/capitaliq/Estimates/Recent Changes/SPGlobal_GrupoBimbo,S.A.B.deC.V._RecentChanges_06-Oct-2026.xlsx",Recent Changes,618
2026-10-06,2026-04-24,Not Entitled**,Not Entitled**,Revenue (Mex$000),2026 FQ4,-,-,-,-,-,-,"filings/capitaliq/Estimates/Recent Changes/SPGlobal_GrupoBimbo,S.A.B.deC.V._RecentChanges_06-Oct-2026.xlsx",Recent Changes,619
2026-10-06,2026-04-24,Not Entitled**,Not Entitled**,EBITDA (Mex$000),2026 FY,-,-,-,-,-,-,"filings/capitaliq/Estimates/Recent Changes/SPGlobal_GrupoBimbo,S.A.B.deC.V._RecentChanges_06-Oct-2026.xlsx",Recent Changes,620
2026-10-06,2026-04-24,Not Entitled**,Not Entitled**,EBITDA (Mex$000),2026 FQ3,-,-,-,-,-,-,"filings/capitaliq/Estimates/Recent Changes/SPGlobal_GrupoBimbo,S.A.B.deC.V._RecentChanges_06-Oct-2026.xlsx",Recent Changes,621
2026-10-06,2026-04-24,Not Entitled**,Not Entitled**,EBT Normalized (Mex$000),2026 FY,-,-,-,-,-,-,"filings/capitaliq/Estimates/Recent Changes/SPGlobal_GrupoBimbo,S.A.B.deC.V._RecentChanges_06-Oct-2026.xlsx",Recent Changes,622
2026-10-06,2026-04-24,Not Entitled**,Not Entitled**,EBIT (Mex$000),2026 FQ3,-,-,-,-,-,-,"filings/capitaliq/Estimates/Recent Changes/SPGlobal_GrupoBimbo,S.A.B.deC.V._RecentChanges_06-Oct-2026.xlsx",Recent Changes,623
2026-10-06,2026-04-24,Not Entitled**,Not Entitled**,EBT Normalized (Mex$000),2026 FQ3,-,-,-,-,-,-,"filings/capitaliq/Estimates/Recent Changes/SPGlobal_GrupoBimbo,S.A.B.deC.V._RecentChanges_06-Oct-2026.xlsx",Recent Changes,624
2026-10-06,2026-04-24,Not Entitled**,Not Entitled**,Net Income (GAAP) (Mex$000),2026 FQ3,-,-,-,-,-,-,"filings/capitaliq/Estimates/Recent Changes/SPGlobal_GrupoBimbo,S.A.B.deC.V._RecentChanges_06-Oct-2026.xlsx",Recent Changes,625
2026-10-06,2026-04-24,Not Entitled**,Not Entitled**,Revenue (Mex$000),2026 FQ3,-,-,-,-,-,-,"filings/capitaliq/Estimates/Recent Changes/SPGlobal_GrupoBimbo,S.A.B.deC.V._RecentChanges_06-Oct-2026.xlsx",Recent Changes,626
2026-10-06,2026-04-24,Not Entitled**,Not Entitled**,EBITDA (Mex$000),2026 FQ4,-,-,-,-,-,-,"filings/capitaliq/Estimates/Recent Changes/SPGlobal_GrupoBimbo,S.A.B.deC.V._RecentChanges_06-Oct-2026.xlsx",Recent Changes,627
2026-10-06,2026-04-24,Not Entitled**,Not Entitled**,EBIT (Mex$000),2026 FQ4,-,-,-,-,-,-,"filings/capitaliq/Estimates/Recent Changes/SPGlobal_GrupoBimbo,S.A.B.deC.V._RecentChanges_06-Oct-2026.xlsx",Recent Changes,628
2026-10-06,2026-04-24,Not Entitled**,Not Entitled**,EBIT (Mex$000),2026 FY,-,-,-,-,-,-,"filings/capitaliq/Estimates/Recent Changes/SPGlobal_GrupoBimbo,S.A.B.deC.V._RecentChanges_06-Oct-2026.xlsx",Recent Changes,629
2026-10-06,2026-04-24,Not Entitled**,Not Entitled**,EBT Normalized (Mex$000),2026 FQ4,-,-,-,-,-,-,"filings/capitaliq/Estimates/Recent Changes/SPGlobal_GrupoBimbo,S.A.B.deC.V._RecentChanges_06-Oct-2026.xlsx",Recent Changes,630
2026-10-06,2026-04-24,Not Entitled**,Not Entitled**,Net Income (GAAP) (Mex$000),2026 FQ4,-,-,-,-,-,-,"filings/capitaliq/Estimates/Recent Changes/SPGlobal_GrupoBimbo,S.A.B.deC.V._RecentChanges_06-Oct-2026.xlsx",Recent Changes,631
2026-10-06,2026-04-24,Not Entitled**,Not Entitled**,Dividend per share (Mex$),2026 FY,-,-,-,-,-,-,"filings/capitaliq/Estimates/Recent Changes/SPGlobal_GrupoBimbo,S.A.B.deC.V._RecentChanges_06-Oct-2026.xlsx",Recent Changes,632
2026-10-06,2026-04-24,Not Entitled**,Not Entitled**,EPS (GAAP) (Mex$),2026 FY,-,-,-,-,-,-,"filings/capitaliq/Estimates/Recent Changes/SPGlobal_GrupoBimbo,S.A.B.deC.V._RecentChanges_06-Oct-2026.xlsx",Recent Changes,633
2026-10-06,2026-04-24,Not Entitled**,Not Entitled**,Target Price,Non-Periodic,-,-,-,-,-,-,"filings/capitaliq/Estimates/Recent Changes/SPGlobal_GrupoBimbo,S.A.B.deC.V._RecentChanges_06-Oct-2026.xlsx",Recent Changes,634
2026-10-06,2026-04-24,Not Entitled**,Not Entitled**,EPS (GAAP) (Mex$),2026 FQ3,-,-,-,-,-,-,"filings/capitaliq/Estimates/Recent Changes/SPGlobal_GrupoBimbo,S.A.B.deC.V._RecentChanges_06-Oct-2026.xlsx",Recent Changes,635
2026-10-06,2026-04-24,Not Entitled**,Not Entitled**,EPS (GAAP) (Mex$),2026 FQ4,-,-,-,-,-,-,"filings/capitaliq/Estimates/Recent Changes/SPGlobal_GrupoBimbo,S.A.B.deC.V._RecentChanges_06-Oct-2026.xlsx",Recent Changes,636
2026-10-06,2026-04-22,Not Entitled**,Not Entitled**,TEV (Mex$000),2026 FY,-,-,-,-,-,-,"filings/capitaliq/Estimates/Recent Changes/SPGlobal_GrupoBimbo,S.A.B.deC.V._RecentChanges_06-Oct-2026.xlsx",Recent Changes,637
2026-10-06,2026-04-22,Not Entitled**,Not Entitled**,EPS Normalized (Mex$),2026 FQ4,1.11365,1.16,-3.9956,0.95555,0.8765,9.0188248716486,"filings/capitaliq/Estimates/Recent Changes/SPGlobal_GrupoBimbo,S.A.B.deC.V._RecentChanges_06-Oct-2026.xlsx",Recent Changes,638
2026-10-06,2026-04-22,Not Entitled**,Not Entitled**,EPS Normalized (Mex$),2026 FQ3,0.73947,0.93,-20.487,0.83882,0.8885,-5.59144625773776,"filings/capitaliq/Estimates/Recent Changes/SPGlobal_GrupoBimbo,S.A.B.deC.V._RecentChanges_06-Oct-2026.xlsx",Recent Changes,639
2026-10-06,2026-04-22,Not Entitled**,Not Entitled**,EPS Normalized (Mex$),2026 FY,2.96895,3.32877,-10.8093,3.11996,3.15994,-1.26521389646639,"filings/capitaliq/Estimates/Recent Changes/SPGlobal_GrupoBimbo,S.A.B.deC.V._RecentChanges_06-Oct-2026.xlsx",Recent Changes,640
2026-10-06,2026-04-22,Not Entitled**,Not Entitled**,Dividend per share (Mex$),2026 FY,0.76818,0.81706,-5.9824,0.94261,0.94872,-0.64402563453917,"filings/capitaliq/Estimates/Recent Changes/SPGlobal_GrupoBimbo,S.A.B.deC.V._RecentChanges_06-Oct-2026.xlsx",Recent Changes,641
2026-10-06,2026-04-22,Not Entitled**,Not Entitled**,Net Debt (Mex$000),2026 FY,125177266.04,129258923.3,-3.1577,144750980.62,148621678.04,-2.60439625702399,"filings/capitaliq/Estimates/Recent Changes/SPGlobal_GrupoBimbo,S.A.B.deC.V._RecentChanges_06-Oct-2026.xlsx",Recent Changes,642
2026-10-06,2026-04-22,Not Entitled**,Not Entitled**,Net Debt (Mex$000),2026 FY,-,-,-,-,-,-,"filings/capitaliq/Estimates/Recent Changes/SPGlobal_GrupoBimbo,S.A.B.deC.V._RecentChanges_06-Oct-2026.xlsx",Recent Changes,643
2026-10-06,2026-04-22,Not Entitled**,Not Entitled**,Net Income Normalized (Mex$000),2026 FY,12893443.35,14329494.06,-10.0216,15350199.05,15555349.15,-1.31883957101664,"filings/capitaliq/Estimates/Recent Changes/SPGlobal_GrupoBimbo,S.A.B.deC.V._RecentChanges_06-Oct-2026.xlsx",Recent Changes,644
2026-10-06,2026-04-22,Not Entitled**,Not Entitled**,Revenue (Mex$000),2026 FY,415356145.96,429835407.05,-3.3685,428023975.42,430437185.6,-0.56064165939477,"filings/capitaliq/Estimates/Recent Changes/SPGlobal_GrupoBimbo,S.A.B.deC.V._RecentChanges_06-Oct-2026.xlsx",Recent Changes,645
2026-10-06,2026-04-22,Not Entitled**,Not Entitled**,ROA (%),2026 FY,3.076,3.36,-8.4523,3.076,3.36,-8.45238095238095,"filings/capitaliq/Estimates/Recent Changes/SPGlobal_GrupoBimbo,S.A.B.deC.V._RecentChanges_06-Oct-2026.xlsx",Recent Changes,646
2026-10-06,2026-04-22,Not Entitled**,Not Entitled**,ROE (%),2026 FY,-,-,-,-,-,-,"filings/capitaliq/Estimates/Recent Changes/SPGlobal_GrupoBimbo,S.A.B.deC.V._RecentChanges_06-Oct-2026.xlsx",Recent Changes,647
2026-10-06,2026-04-22,Not Entitled**,Not Entitled**,ROE (%),2026 FY,9.927,11.374,-12.7219,11.89079,12.38526,-3.99240710328245,"filings/capitaliq/Estimates/Recent Changes/SPGlobal_GrupoBimbo,S.A.B.deC.V._RecentChanges_06-Oct-2026.xlsx",Recent Changes,648
2026-10-06,2026-04-22,Not Entitled**,Not Entitled**,EBT (GAAP) (Mex$000),2026 FY,22857167.11,25777696.15,-11.3296,23905131.26,24635263.52,-2.96376882434095,"filings/capitaliq/Estimates/Recent Changes/SPGlobal_GrupoBimbo,S.A.B.deC.V._RecentChanges_06-Oct-2026.xlsx",Recent Changes,649
2026-10-06,2026-04-22,Not Entitled**,Not Entitled**,EBIT (Mex$000),2026 FY,35797292.41,38613763.78,-7.2939,36758026.57,37039673.7,-0.76039311868992,"filings/capitaliq/Estimates/Recent Changes/SPGlobal_GrupoBimbo,S.A.B.deC.V._RecentChanges_06-Oct-2026.xlsx",Recent Changes,650
2026-10-06,2026-04-22,Not Entitled**,Not Entitled**,EBITDA (Mex$000),2026 FY,59970171.35,62674260.24,-4.3145,60671314.57,61212132.35,-0.88351403428932,"filings/capitaliq/Estimates/Recent Changes/SPGlobal_GrupoBimbo,S.A.B.deC.V._RecentChanges_06-Oct-2026.xlsx",Recent Changes,651
2026-10-06,2026-04-21,Not Entitled**,Not Entitled**,Target Price,Non-Periodic,53,55,-3.6363637447357178,69.25,69.41667,-0.24010083079338074,"filings/capitaliq/Estimates/Recent Changes/SPGlobal_GrupoBimbo,S.A.B.deC.V._RecentChanges_06-Oct-2026.xlsx",Recent Changes,652
2026-10-06,2026-04-15,Not Entitled**,Not Entitled**,EPS Normalized (Mex$),2027 FQ1,0.527,0.58,-9.1379,0.527,0.58,-9.13793103448276,"filings/capitaliq/Estimates/Recent Changes/SPGlobal_GrupoBimbo,S.A.B.deC.V._RecentChanges_06-Oct-2026.xlsx",Recent Changes,653
2026-10-06,2026-04-15,Not Entitled**,Not Entitled**,EPS Normalized (Mex$),2027 FQ2,0.733,0.747,-1.8741,0.733,0.747,-1.87416331994645,"filings/capitaliq/Estimates/Recent Changes/SPGlobal_GrupoBimbo,S.A.B.deC.V._RecentChanges_06-Oct-2026.xlsx",Recent Changes,654
2026-10-06,2026-04-15,Not Entitled**,Not Entitled**,EPS Normalized (Mex$),2027 FQ3,0.972,0.961,1.1446,0.972,0.961,1.14464099895942,"filings/capitaliq/Estimates/Recent Changes/SPGlobal_GrupoBimbo,S.A.B.deC.V._RecentChanges_06-Oct-2026.xlsx",Recent Changes,655
2026-10-06,2026-04-15,Not Entitled**,Not Entitled**,EPS Normalized (Mex$),2027 FQ4,0.886,0.87,1.839,0.886,0.87,1.83908045977011,"filings/capitaliq/Estimates/Recent Changes/SPGlobal_GrupoBimbo,S.A.B.deC.V._RecentChanges_06-Oct-2026.xlsx",Recent Changes,656
2026-10-06,2026-04-15,Not Entitled**,Not Entitled**,EPS Normalized (Mex$),2026 FQ3,0.877,0.867,1.1534,0.8885,0.8835,0.56593095642332,"filings/capitaliq/Estimates/Recent Changes/SPGlobal_GrupoBimbo,S.A.B.deC.V._RecentChanges_06-Oct-2026.xlsx",Recent Changes,657
2026-10-06,2026-04-15,Not Entitled**,Not Entitled**,EPS Normalized (Mex$),2026 FQ4,0.783,0.767,2.086,0.8765,0.8685,0.92112838226828,"filings/capitaliq/Estimates/Recent Changes/SPGlobal_GrupoBimbo,S.A.B.deC.V._RecentChanges_06-Oct-2026.xlsx",Recent Changes,658
2026-10-06,2026-04-15,Not Entitled**,Not Entitled**,EPS Normalized (Mex$),2026 FY,2.785,2.823,-1.346,3.15994,3.16416,-0.13336872977346,"filings/capitaliq/Estimates/Recent Changes/SPGlobal_GrupoBimbo,S.A.B.deC.V._RecentChanges_06-Oct-2026.xlsx",Recent Changes,659
2026-10-06,2026-03-31,Itau BBA,"Fuchs, Alejandro","Selling, General and Administrative Expense (Mex$000)",2026 FY,194505000,201369000,-3.4086,194505000,191507666.67,1.56512445800142,"filings/capitaliq/Estimates/Recent Changes/SPGlobal_GrupoBimbo,S.A.B.deC.V._RecentChanges_06-Oct-2026.xlsx",Recent Changes,660
2026-10-06,2026-03-31,Itau BBA,"Fuchs, Alejandro",Revenue (Mex$000),2026 FY,434804000,447052000,-2.7397,430437185.6,429563822.73,0.20331387882004,"filings/capitaliq/Estimates/Recent Changes/SPGlobal_GrupoBimbo,S.A.B.deC.V._RecentChanges_06-Oct-2026.xlsx",Recent Changes,661
2026-10-06,2026-03-31,Itau BBA,"Fuchs, Alejandro",Net Income (GAAP) (Mex$000),2026 FY,12341000,15171000,-18.654,15174455.27,15488899.71,-2.03012767780391,"filings/capitaliq/Estimates/Recent Changes/SPGlobal_GrupoBimbo,S.A.B.deC.V._RecentChanges_06-Oct-2026.xlsx",Recent Changes,662
2026-10-06,2026-03-31,Itau BBA,"Fuchs, Alejandro",Net Income Normalized (Mex$000),2026 FY,12341000,15171000,-18.654,15555349.15,15959634.87,-2.53317649992077,"filings/capitaliq/Estimates/Recent Changes/SPGlobal_GrupoBimbo,S.A.B.deC.V._RecentChanges_06-Oct-2026.xlsx",Recent Changes,663
2026-10-06,2026-03-31,Itau BBA,"Fuchs, Alejandro",Gross Margin (%),2026 FY,52.6,53.5,-1.6822,52.43333,52.35,0.15917860553964,"filings/capitaliq/Estimates/Recent Changes/SPGlobal_GrupoBimbo,S.A.B.deC.V._RecentChanges_06-Oct-2026.xlsx",Recent Changes,664
2026-10-06,2026-03-31,Itau BBA,"Fuchs, Alejandro",Interest Expense (Mex$000),2026 FY,13690000,12250000,11.7551,13830000,13970000,-1.00214745884037,"filings/capitaliq/Estimates/Recent Changes/SPGlobal_GrupoBimbo,S.A.B.deC.V._RecentChanges_06-Oct-2026.xlsx",Recent Changes,665
2026-10-06,2026-03-31,Itau BBA,"Fuchs, Alejandro",Net Debt (Mex$000),2026 FY,144865000,138353000,4.7068,148621678.04,147536344.71,0.7356379420497,"filings/capitaliq/Estimates/Recent Changes/SPGlobal_GrupoBimbo,S.A.B.deC.V._RecentChanges_06-Oct-2026.xlsx",Recent Changes,666
2026-10-06,2026-03-31,Itau BBA,"Fuchs, Alejandro",Dividend per share (Mex$),2026 FY,1,1.05,-4.7619,0.94872,0.95497,-0.65447082107291,"filings/capitaliq/Estimates/Recent Changes/SPGlobal_GrupoBimbo,S.A.B.deC.V._RecentChanges_06-Oct-2026.xlsx",Recent Changes,667
2026-10-06,2026-03-31,Itau BBA,"Fuchs, Alejandro",EPS Normalized (Mex$),2026 FY,2.76,3.39,-18.584,3.16416,3.23416,-2.16439508249437,"filings/capitaliq/Estimates/Recent Changes/SPGlobal_GrupoBimbo,S.A.B.deC.V._RecentChanges_06-Oct-2026.xlsx",Recent Changes,668
2026-10-06,2026-03-31,Itau BBA,"Fuchs, Alejandro",EPS (GAAP) (Mex$),2026 FY,2.76,3.39,-18.584,3.22672,3.29672,-2.12332257516562,"filings/capitaliq/Estimates/Recent Changes/SPGlobal_GrupoBimbo,S.A.B.deC.V._RecentChanges_06-Oct-2026.xlsx",Recent Changes,669
2026-10-06,2026-03-31,Itau BBA,"Fuchs, Alejandro",Target Price,Non-Periodic,64,63,1.5873016119003296,69.41667,69.33333,0.12020193040370941,"filings/capitaliq/Estimates/Recent Changes/SPGlobal_GrupoBimbo,S.A.B.deC.V._RecentChanges_06-Oct-2026.xlsx",Recent Changes,670
2026-10-06,2026-03-31,Itau BBA,"Fuchs, Alejandro",Free Cash Flow (Mex$000),2026 FY,19942000,15716000,26.8897,17594000,16811333.33,4.65558950403608,"filings/capitaliq/Estimates/Recent Changes/SPGlobal_GrupoBimbo,S.A.B.deC.V._RecentChanges_06-Oct-2026.xlsx",Recent Changes,671
2026-10-06,2026-03-31,Itau BBA,"Fuchs, Alejandro",EBITDA (Mex$000),2026 FY,61407000,63190000,-2.8216,61212132.35,61163415.44,0.07965040809042,"filings/capitaliq/Estimates/Recent Changes/SPGlobal_GrupoBimbo,S.A.B.deC.V._RecentChanges_06-Oct-2026.xlsx",Recent Changes,672
2026-10-06,2026-03-31,Itau BBA,"Fuchs, Alejandro",EBIT (Mex$000),2026 FY,34129000,38016000,-10.2246,37039673.7,37428373.7,-1.03851693668432,"filings/capitaliq/Estimates/Recent Changes/SPGlobal_GrupoBimbo,S.A.B.deC.V._RecentChanges_06-Oct-2026.xlsx",Recent Changes,673
2026-10-06,2026-03-31,Itau BBA,"Fuchs, Alejandro",Capital Expenditures (Mex$000),2026 FY,23798000,25052000,-5.0055,24853423.82,25381135.74,-2.07915014286906,"filings/capitaliq/Estimates/Recent Changes/SPGlobal_GrupoBimbo,S.A.B.deC.V._RecentChanges_06-Oct-2026.xlsx",Recent Changes,674
2026-10-06,2026-03-31,Itau BBA,"Fuchs, Alejandro",Depreciation & Amortization (Mex$000),2026 FY,19696000,18542000,6.2237,23422500,24664666.67,-5.03621916573827,"filings/capitaliq/Estimates/Recent Changes/SPGlobal_GrupoBimbo,S.A.B.deC.V._RecentChanges_06-Oct-2026.xlsx",Recent Changes,675
2026-10-06,2026-03-31,Not Entitled**,Not Entitled**,"Selling, General and Administrative Expense (Mex$000)",2026 FY,179318000,179318000,0,194505000,191507666.67,1.56512445800142,"filings/capitaliq/Estimates/Recent Changes/SPGlobal_GrupoBimbo,S.A.B.deC.V._RecentChanges_06-Oct-2026.xlsx",Recent Changes,676
2026-10-06,2026-03-31,Santander,"Argote Bolio, Ulises","Selling, General and Administrative Expense (Mex$000)",2026 FY,193836000,193836000,0,194505000,191507666.67,1.56512445800142,"filings/capitaliq/Estimates/Recent Changes/SPGlobal_GrupoBimbo,S.A.B.deC.V._RecentChanges_06-Oct-2026.xlsx",Recent Changes,677
2026-10-06,2026-03-25,Itau BBA,"Fuchs, Alejandro",Dividend per share (Mex$),2026 FY,1.05,1.05,0,0.97467,0.91818,6.15238842057113,"filings/capitaliq/Estimates/Recent Changes/SPGlobal_GrupoBimbo,S.A.B.deC.V._RecentChanges_06-Oct-2026.xlsx",Recent Changes,678
2026-10-06,2026-03-25,Not Entitled**,Not Entitled**,Cash flow per share (Mex$),2026 FY,8.79816,9.39942,-6.3967,8.89256,8.98695,-1.05030071381281,"filings/capitaliq/Estimates/Recent Changes/SPGlobal_GrupoBimbo,S.A.B.deC.V._RecentChanges_06-Oct-2026.xlsx",Recent Changes,679
2026-10-06,2026-03-25,Not Entitled**,Not Entitled**,Gross Margin (%),2026 FY,52.2,52.2,0,52.35,52.5,-0.28571428571429,"filings/capitaliq/Estimates/Recent Changes/SPGlobal_GrupoBimbo,S.A.B.deC.V._RecentChanges_06-Oct-2026.xlsx",Recent Changes,680
2026-10-06,2026-03-25,Not Entitled**,Not Entitled**,Net Income Normalized (Mex$000),2026 FY,12886950,14556280,-11.4681,15959634.87,16198110.58,-1.47224399303984,"filings/capitaliq/Estimates/Recent Changes/SPGlobal_GrupoBimbo,S.A.B.deC.V._RecentChanges_06-Oct-2026.xlsx",Recent Changes,681
2026-10-06,2026-03-25,Not Entitled**,Not Entitled**,Net Income (GAAP) (Mex$000),2026 FY,12886945.76,14556283.64,-11.4681,15488899.71,15674381.7,-1.18334485882783,"filings/capitaliq/Estimates/Recent Changes/SPGlobal_GrupoBimbo,S.A.B.deC.V._RecentChanges_06-Oct-2026.xlsx",Recent Changes,682
2026-10-06,2026-03-25,Not Entitled**,Not Entitled**,Revenue (Mex$000),2026 FY,431540814.7,442010404.3,-2.3686,429563822.73,428189317.68,0.32100404966833,"filings/capitaliq/Estimates/Recent Changes/SPGlobal_GrupoBimbo,S.A.B.deC.V._RecentChanges_06-Oct-2026.xlsx",Recent Changes,683
2026-10-06,2026-03-25,Not Entitled**,Not Entitled**,Revenue (Mex$000),2026 FY,-,-,-,-,-,-,"filings/capitaliq/Estimates/Recent Changes/SPGlobal_GrupoBimbo,S.A.B.deC.V._RecentChanges_06-Oct-2026.xlsx",Recent Changes,684
2026-10-06,2026-03-25,Not Entitled**,Not Entitled**,Revenue (Mex$000),2026 FY,429835407.05,429835407.05,0,429563822.73,428189317.68,0.32100404966833,"filings/capitaliq/Estimates/Recent Changes/SPGlobal_GrupoBimbo,S.A.B.deC.V._RecentChanges_06-Oct-2026.xlsx",Recent Changes,685
2026-10-06,2026-03-25,Not Entitled**,Not Entitled**,ROE (%),2026 FY,10.41834,NA,NA,12.38526,12.77864,-3.07841836063932,"filings/capitaliq/Estimates/Recent Changes/SPGlobal_GrupoBimbo,S.A.B.deC.V._RecentChanges_06-Oct-2026.xlsx",Recent Changes,686
2026-10-06,2026-03-25,Not Entitled**,Not Entitled**,EBIT (Mex$000),2026 FY,36050727.84,36910242.6,-2.3286,37428373.7,37514325.18,-0.22911642309329,"filings/capitaliq/Estimates/Recent Changes/SPGlobal_GrupoBimbo,S.A.B.deC.V._RecentChanges_06-Oct-2026.xlsx",Recent Changes,687
2026-10-06,2026-03-25,Not Entitled**,Not Entitled**,EBITDA (Mex$000),2026 FY,61683768.83,62952378.75,-2.0151,60659800.5,60147816.34,0.85120988783015,"filings/capitaliq/Estimates/Recent Changes/SPGlobal_GrupoBimbo,S.A.B.deC.V._RecentChanges_06-Oct-2026.xlsx",Recent Changes,688
2026-10-06,2026-03-25,Not Entitled**,Not Entitled**,EBT Normalized (Mex$000),2026 FY,22381610,25219230,-11.2518,24894536.67,26151000,-4.80464735574165,"filings/capitaliq/Estimates/Recent Changes/SPGlobal_GrupoBimbo,S.A.B.deC.V._RecentChanges_06-Oct-2026.xlsx",Recent Changes,689
2026-10-06,2026-03-25,Not Entitled**,Not Entitled**,EPS (GAAP) (Mex$),2026 FY,2.99,3.38,-11.5384,3.29672,3.34005,-1.29728596877292,"filings/capitaliq/Estimates/Recent Changes/SPGlobal_GrupoBimbo,S.A.B.deC.V._RecentChanges_06-Oct-2026.xlsx",Recent Changes,690
2026-10-06,2026-03-25,Not Entitled**,Not Entitled**,Target Price,Non-Periodic,61,63,-3.174603223800659,69.33333,69.5,-0.2398129552602768,"filings/capitaliq/Estimates/Recent Changes/SPGlobal_GrupoBimbo,S.A.B.deC.V._RecentChanges_06-Oct-2026.xlsx",Recent Changes,691
2026-10-06,2026-03-25,Not Entitled**,Not Entitled**,EPS Normalized (Mex$),2026 FY,2.99,3.38,-11.5384,3.23416,3.2775,-1.32234935163997,"filings/capitaliq/Estimates/Recent Changes/SPGlobal_GrupoBimbo,S.A.B.deC.V._RecentChanges_06-Oct-2026.xlsx",Recent Changes,692
2026-10-06,2026-03-25,Not Entitled**,Not Entitled**,Dividend per share (Mex$),2026 FY,-,-,-,-,-,-,"filings/capitaliq/Estimates/Recent Changes/SPGlobal_GrupoBimbo,S.A.B.deC.V._RecentChanges_06-Oct-2026.xlsx",Recent Changes,693
2026-10-06,2026-03-11,"Actinver Case de Bolsa, S.A. de C.V.","Hernandez Velez Leija, Antonio",EBITDA (Mex$000),2026 FY,60057000,61545000,-2.4177,60147816.34,60238632.68,-0.150760958474,"filings/capitaliq/Estimates/Recent Changes/SPGlobal_GrupoBimbo,S.A.B.deC.V._RecentChanges_06-Oct-2026.xlsx",Recent Changes,694
2026-10-06,2026-03-11,"Actinver Case de Bolsa, S.A. de C.V.","Hernandez Velez Leija, Antonio",EBIT (Mex$000),2026 FY,34584000,34806000,-0.6378,37514325.18,37839916.87,-0.86044504568702,"filings/capitaliq/Estimates/Recent Changes/SPGlobal_GrupoBimbo,S.A.B.deC.V._RecentChanges_06-Oct-2026.xlsx",Recent Changes,695
2026-10-06,2026-03-11,"Actinver Case de Bolsa, S.A. de C.V.","Hernandez Velez Leija, Antonio",Revenue (Mex$000),2026 FY,427557000,451417000,-5.2855,428189317.68,428821635.35,-0.14745470327865,"filings/capitaliq/Estimates/Recent Changes/SPGlobal_GrupoBimbo,S.A.B.deC.V._RecentChanges_06-Oct-2026.xlsx",Recent Changes,696
2026-10-06,2026-03-11,"Actinver Case de Bolsa, S.A. de C.V.","Hernandez Velez Leija, Antonio",Net Income (GAAP) (Mex$000),2026 FY,13590000,NA,NA,15674381.7,15934929.41,-1.63507288483181,"filings/capitaliq/Estimates/Recent Changes/SPGlobal_GrupoBimbo,S.A.B.deC.V._RecentChanges_06-Oct-2026.xlsx",Recent Changes,697
2026-10-06,2026-03-11,"Actinver Case de Bolsa, S.A. de C.V.","Hernandez Velez Leija, Antonio",Net Income Normalized (Mex$000),2026 FY,13590000,13513000,0.5698,16198110.58,18580000,-12.81964165769645,"filings/capitaliq/Estimates/Recent Changes/SPGlobal_GrupoBimbo,S.A.B.deC.V._RecentChanges_06-Oct-2026.xlsx",Recent Changes,698
2026-10-06,2026-03-11,"Actinver Case de Bolsa, S.A. de C.V.","Hernandez Velez Leija, Antonio",Gross Margin (%),2026 FY,52.5,52.4,0.1908,52.5,52.9,-0.75614366729679,"filings/capitaliq/Estimates/Recent Changes/SPGlobal_GrupoBimbo,S.A.B.deC.V._RecentChanges_06-Oct-2026.xlsx",Recent Changes,699
2026-10-06,2026-03-11,"Actinver Case de Bolsa, S.A. de C.V.","Hernandez Velez Leija, Antonio",EPS Normalized (Mex$),2026 FY,3.14,3.12,0.641,3.2775,3.29468,-0.52144669588549,"filings/capitaliq/Estimates/Recent Changes/SPGlobal_GrupoBimbo,S.A.B.deC.V._RecentChanges_06-Oct-2026.xlsx",Recent Changes,700
2026-10-06,2026-03-11,"Actinver Case de Bolsa, S.A. de C.V.","Hernandez Velez Leija, Antonio",EPS (GAAP) (Mex$),2026 FY,3.14,NA,NA,3.34005,3.36506,-0.74322597516835,"filings/capitaliq/Estimates/Recent Changes/SPGlobal_GrupoBimbo,S.A.B.deC.V._RecentChanges_06-Oct-2026.xlsx",Recent Changes,701
2026-10-06,2026-03-11,"Actinver Case de Bolsa, S.A. de C.V.","Hernandez Velez Leija, Antonio",Target Price,Non-Periodic,75,70,7.142857074737549,69.5,69.08333,0.603141188621521,"filings/capitaliq/Estimates/Recent Changes/SPGlobal_GrupoBimbo,S.A.B.deC.V._RecentChanges_06-Oct-2026.xlsx",Recent Changes,702
2026-10-06,2026-03-11,"Actinver Case de Bolsa, S.A. de C.V.","Hernandez Velez Leija, Antonio",Recommendation,Non-Periodic,Buy (1),Hold (3), ,Hold (2.75),Hold (2.92), ,"filings/capitaliq/Estimates/Recent Changes/SPGlobal_GrupoBimbo,S.A.B.deC.V._RecentChanges_06-Oct-2026.xlsx",Recent Changes,703
2026-10-06,2026-03-11,Itau BBA,"Fuchs, Alejandro",Net Income Normalized (Mex$000),2026 FY,15171000,15171000,0,16198110.58,18580000,-12.81964165769645,"filings/capitaliq/Estimates/Recent Changes/SPGlobal_GrupoBimbo,S.A.B.deC.V._RecentChanges_06-Oct-2026.xlsx",Recent Changes,704
2026-10-06,2026-03-11,Not Entitled**,Not Entitled**,Net Income Normalized (Mex$000),2026 FY,14556280,14556280,0,16198110.58,18580000,-12.81964165769645,"filings/capitaliq/Estimates/Recent Changes/SPGlobal_GrupoBimbo,S.A.B.deC.V._RecentChanges_06-Oct-2026.xlsx",Recent Changes,705
2026-10-06,2026-03-11,Not Entitled**,Not Entitled**,Net Income Normalized (Mex$000),2026 FY,14329494.06,14329494.06,0,16198110.58,18580000,-12.81964165769645,"filings/capitaliq/Estimates/Recent Changes/SPGlobal_GrupoBimbo,S.A.B.deC.V._RecentChanges_06-Oct-2026.xlsx",Recent Changes,706
2026-10-06,2026-03-05,"Actinver Case de Bolsa, S.A. de C.V.","Hernandez Velez Leija, Antonio",Gross Margin (%),2026 FY,52.4,52.4,0,NA,NA,NA,"filings/capitaliq/Estimates/Recent Changes/SPGlobal_GrupoBimbo,S.A.B.deC.V._RecentChanges_06-Oct-2026.xlsx",Recent Changes,707
2026-10-06,2026-03-05,"GBM Grupo Bursátil Mexicano, S.A. de C.V. Casa de Bolsa","Carrillo Villasana, Regina",EBITDA (Mex$000),2026 FY,64138000,64138000,0,60238632.68,63334760.23,-4.88851230944338,"filings/capitaliq/Estimates/Recent Changes/SPGlobal_GrupoBimbo,S.A.B.deC.V._RecentChanges_06-Oct-2026.xlsx",Recent Changes,708
2026-10-06,2026-03-05,"GBM Grupo Bursátil Mexicano, S.A. de C.V. Casa de Bolsa","Carrillo Villasana, Regina",Revenue (Mex$000),2026 FY,450348000,450348000,0,428821635.35,444508000,-3.52892740963042,"filings/capitaliq/Estimates/Recent Changes/SPGlobal_GrupoBimbo,S.A.B.deC.V._RecentChanges_06-Oct-2026.xlsx",Recent Changes,709
2026-10-06,2026-03-05,Itau BBA,"Fuchs, Alejandro",EBIT (Mex$000),2026 FY,38016000,38016000,0,37839916.87,39733000,-4.76451093549443,"filings/capitaliq/Estimates/Recent Changes/SPGlobal_GrupoBimbo,S.A.B.deC.V._RecentChanges_06-Oct-2026.xlsx",Recent Changes,710
2026-10-06,2026-03-05,Itau BBA,"Fuchs, Alejandro",Gross Margin (%),2026 FY,53.5,53.5,0,NA,NA,NA,"filings/capitaliq/Estimates/Recent Changes/SPGlobal_GrupoBimbo,S.A.B.deC.V._RecentChanges_06-Oct-2026.xlsx",Recent Changes,711
2026-10-06,2026-03-05,Itau BBA,"Fuchs, Alejandro",EBITDA (Mex$000),2026 FY,63190000,63190000,0,60238632.68,63334760.23,-4.88851230944338,"filings/capitaliq/Estimates/Recent Changes/SPGlobal_GrupoBimbo,S.A.B.deC.V._RecentChanges_06-Oct-2026.xlsx",Recent Changes,712
2026-10-06,2026-03-05,Itau BBA,"Fuchs, Alejandro",EPS (GAAP) (Mex$),2026 FY,3.39,3.39,0,3.36506,3.445,-2.32046444121916,"filings/capitaliq/Estimates/Recent Changes/SPGlobal_GrupoBimbo,S.A.B.deC.V._RecentChanges_06-Oct-2026.xlsx",Recent Changes,713
2026-10-06,2026-03-05,Itau BBA,"Fuchs, Alejandro",Net Debt (Mex$000),2026 FY,138353000,138353000,0,151191828.99,159907000,-5.4501497808101,"filings/capitaliq/Estimates/Recent Changes/SPGlobal_GrupoBimbo,S.A.B.deC.V._RecentChanges_06-Oct-2026.xlsx",Recent Changes,714
2026-10-06,2026-03-05,Itau BBA,"Fuchs, Alejandro",Net Income (GAAP) (Mex$000),2026 FY,15171000,15171000,0,15934929.41,20262500,-21.35753529919803,"filings/capitaliq/Estimates/Recent Changes/SPGlobal_GrupoBimbo,S.A.B.deC.V._RecentChanges_06-Oct-2026.xlsx",Recent Changes,715
2026-10-06,2026-03-05,Itau BBA,"Fuchs, Alejandro",Revenue (Mex$000),2026 FY,447052000,447052000,0,428821635.35,444508000,-3.52892740963042,"filings/capitaliq/Estimates/Recent Changes/SPGlobal_GrupoBimbo,S.A.B.deC.V._RecentChanges_06-Oct-2026.xlsx",Recent Changes,716
2026-10-06,2026-03-05,Not Entitled**,Not Entitled**,Revenue (Mex$000),2026 FY,-,-,-,-,-,-,"filings/capitaliq/Estimates/Recent Changes/SPGlobal_GrupoBimbo,S.A.B.deC.V._RecentChanges_06-Oct-2026.xlsx",Recent Changes,717
2026-10-06,2026-03-05,Not Entitled**,Not Entitled**,Revenue (Mex$000),2026 FY,428821635.35,432050006.18,-0.7472,428821635.35,444508000,-3.52892740963042,"filings/capitaliq/Estimates/Recent Changes/SPGlobal_GrupoBimbo,S.A.B.deC.V._RecentChanges_06-Oct-2026.xlsx",Recent Changes,718
2026-10-06,2026-03-05,Not Entitled**,Not Entitled**,Revenue (Mex$000),2026 FY,-,-,-,-,-,-,"filings/capitaliq/Estimates/Recent Changes/SPGlobal_GrupoBimbo,S.A.B.deC.V._RecentChanges_06-Oct-2026.xlsx",Recent Changes,719
2026-10-06,2026-03-05,Not Entitled**,Not Entitled**,Revenue (Mex$000),2026 FY,442010404.3,442010404.3,0,428821635.35,444508000,-3.52892740963042,"filings/capitaliq/Estimates/Recent Changes/SPGlobal_GrupoBimbo,S.A.B.deC.V._RecentChanges_06-Oct-2026.xlsx",Recent Changes,720
2026-10-06,2026-03-05,Not Entitled**,Not Entitled**,Revenue (Mex$000),2026 FY,435366000,435366000,0,428821635.35,444508000,-3.52892740963042,"filings/capitaliq/Estimates/Recent Changes/SPGlobal_GrupoBimbo,S.A.B.deC.V._RecentChanges_06-Oct-2026.xlsx",Recent Changes,721
2026-10-06,2026-03-05,Not Entitled**,Not Entitled**,Net Income (GAAP) (Mex$000),2026 FY,14329000,14329000,0,15934929.41,20262500,-21.35753529919803,"filings/capitaliq/Estimates/Recent Changes/SPGlobal_GrupoBimbo,S.A.B.deC.V._RecentChanges_06-Oct-2026.xlsx",Recent Changes,722
2026-10-06,2026-03-05,Not Entitled**,Not Entitled**,Net Income (GAAP) (Mex$000),2026 FY,-,-,-,-,-,-,"filings/capitaliq/Estimates/Recent Changes/SPGlobal_GrupoBimbo,S.A.B.deC.V._RecentChanges_06-Oct-2026.xlsx",Recent Changes,723
2026-10-06,2026-03-05,Not Entitled**,Not Entitled**,Net Income (GAAP) (Mex$000),2026 FY,13310040.58,14147284.36,-5.918,15934929.41,20262500,-21.35753529919803,"filings/capitaliq/Estimates/Recent Changes/SPGlobal_GrupoBimbo,S.A.B.deC.V._RecentChanges_06-Oct-2026.xlsx",Recent Changes,724
2026-10-06,2026-03-05,Not Entitled**,Not Entitled**,Net Income (GAAP) (Mex$000),2026 FY,14556283.64,14556283.64,0,15934929.41,20262500,-21.35753529919803,"filings/capitaliq/Estimates/Recent Changes/SPGlobal_GrupoBimbo,S.A.B.deC.V._RecentChanges_06-Oct-2026.xlsx",Recent Changes,725
2026-10-06,2026-03-05,Not Entitled**,Not Entitled**,Net Income (GAAP) (Mex$000),2026 FY,-,-,-,-,-,-,"filings/capitaliq/Estimates/Recent Changes/SPGlobal_GrupoBimbo,S.A.B.deC.V._RecentChanges_06-Oct-2026.xlsx",Recent Changes,726
2026-10-06,2026-03-05,Not Entitled**,Not Entitled**,Revenue (Mex$000),2026 FY,429835407.05,429835407.05,0,428821635.35,444508000,-3.52892740963042,"filings/capitaliq/Estimates/Recent Changes/SPGlobal_GrupoBimbo,S.A.B.deC.V._RecentChanges_06-Oct-2026.xlsx",Recent Changes,727
2026-10-06,2026-03-05,Not Entitled**,Not Entitled**,Net Debt (Mex$000),2026 FY,137885144.96,151792550.27,-9.1621,151191828.99,159907000,-5.4501497808101,"filings/capitaliq/Estimates/Recent Changes/SPGlobal_GrupoBimbo,S.A.B.deC.V._RecentChanges_06-Oct-2026.xlsx",Recent Changes,728
2026-10-06,2026-03-05,Not Entitled**,Not Entitled**,EPS (GAAP) (Mex$),2026 FY,3.0757,3.26917,-5.918,3.36506,3.445,-2.32046444121916,"filings/capitaliq/Estimates/Recent Changes/SPGlobal_GrupoBimbo,S.A.B.deC.V._RecentChanges_06-Oct-2026.xlsx",Recent Changes,729
2026-10-06,2026-03-05,Not Entitled**,Not Entitled**,EPS (GAAP) (Mex$),2026 FY,3.38,3.38,0,3.36506,3.445,-2.32046444121916,"filings/capitaliq/Estimates/Recent Changes/SPGlobal_GrupoBimbo,S.A.B.deC.V._RecentChanges_06-Oct-2026.xlsx",Recent Changes,730
2026-10-06,2026-03-05,Not Entitled**,Not Entitled**,EPS (GAAP) (Mex$),2026 FY,-,-,-,-,-,-,"filings/capitaliq/Estimates/Recent Changes/SPGlobal_GrupoBimbo,S.A.B.deC.V._RecentChanges_06-Oct-2026.xlsx",Recent Changes,731
2026-10-06,2026-03-05,Not Entitled**,Not Entitled**,EPS (GAAP) (Mex$),2026 FY,3.33,3.33,0,3.36506,3.445,-2.32046444121916,"filings/capitaliq/Estimates/Recent Changes/SPGlobal_GrupoBimbo,S.A.B.deC.V._RecentChanges_06-Oct-2026.xlsx",Recent Changes,732
2026-10-06,2026-03-05,Not Entitled**,Not Entitled**,EPS (GAAP) (Mex$),2026 FY,-,-,-,-,-,-,"filings/capitaliq/Estimates/Recent Changes/SPGlobal_GrupoBimbo,S.A.B.deC.V._RecentChanges_06-Oct-2026.xlsx",Recent Changes,733
2026-10-06,2026-03-05,Not Entitled**,Not Entitled**,EPS Normalized (Mex$),2026 FY,3.0757,3.26917,-5.918,3.29468,3.31887,-0.72886253453736,"filings/capitaliq/Estimates/Recent Changes/SPGlobal_GrupoBimbo,S.A.B.deC.V._RecentChanges_06-Oct-2026.xlsx",Recent Changes,734
2026-10-06,2026-03-05,Not Entitled**,Not Entitled**,Dividend per share (Mex$),2026 FY,0.92271,0.98075,-5.9179,0.91818,0.93269,-1.55571518939841,"filings/capitaliq/Estimates/Recent Changes/SPGlobal_GrupoBimbo,S.A.B.deC.V._RecentChanges_06-Oct-2026.xlsx",Recent Changes,735
2026-10-06,2026-03-05,Not Entitled**,Not Entitled**,Book Value per share (Mex$),2026 FY,29.76983,29.18514,2.0033,29.74994,29.55505,0.65941353508115,"filings/capitaliq/Estimates/Recent Changes/SPGlobal_GrupoBimbo,S.A.B.deC.V._RecentChanges_06-Oct-2026.xlsx",Recent Changes,736
2026-10-06,2026-03-05,Not Entitled**,Not Entitled**,Target Price,Non-Periodic,76,75,1.3333333730697632,69.08333,69,0.12076811492443085,"filings/capitaliq/Estimates/Recent Changes/SPGlobal_GrupoBimbo,S.A.B.deC.V._RecentChanges_06-Oct-2026.xlsx",Recent Changes,737
2026-10-06,2026-03-05,Not Entitled**,Not Entitled**,Cash flow per share (Mex$),2026 FY,9.39942,9.39942,0,8.98695,9.35054,-3.8884385286839,"filings/capitaliq/Estimates/Recent Changes/SPGlobal_GrupoBimbo,S.A.B.deC.V._RecentChanges_06-Oct-2026.xlsx",Recent Changes,738
2026-10-06,2026-03-05,Not Entitled**,Not Entitled**,Cash flow per share (Mex$),2026 FY,8.98695,9.30166,-3.3833,8.98695,9.35054,-3.8884385286839,"filings/capitaliq/Estimates/Recent Changes/SPGlobal_GrupoBimbo,S.A.B.deC.V._RecentChanges_06-Oct-2026.xlsx",Recent Changes,739
2026-10-06,2026-03-05,Not Entitled**,Not Entitled**,EBITDA (Mex$000),2026 FY,65564000,65564000,0,60238632.68,63334760.23,-4.88851230944338,"filings/capitaliq/Estimates/Recent Changes/SPGlobal_GrupoBimbo,S.A.B.deC.V._RecentChanges_06-Oct-2026.xlsx",Recent Changes,740
2026-10-06,2026-03-05,Not Entitled**,Not Entitled**,Gross Margin (%),2026 FY,52.2,52.2,0,NA,NA,NA,"filings/capitaliq/Estimates/Recent Changes/SPGlobal_GrupoBimbo,S.A.B.deC.V._RecentChanges_06-Oct-2026.xlsx",Recent Changes,741
2026-10-06,2026-03-05,Not Entitled**,Not Entitled**,EBITDA (Mex$000),2026 FY,-,-,-,-,-,-,"filings/capitaliq/Estimates/Recent Changes/SPGlobal_GrupoBimbo,S.A.B.deC.V._RecentChanges_06-Oct-2026.xlsx",Recent Changes,742
2026-10-06,2026-03-05,Not Entitled**,Not Entitled**,EBITDA (Mex$000),2026 FY,62952378.75,62952378.75,0,60238632.68,63334760.23,-4.88851230944338,"filings/capitaliq/Estimates/Recent Changes/SPGlobal_GrupoBimbo,S.A.B.deC.V._RecentChanges_06-Oct-2026.xlsx",Recent Changes,743
2026-10-06,2026-03-05,Not Entitled**,Not Entitled**,EBITDA (Mex$000),2026 FY,61941000,61941000,0,60238632.68,63334760.23,-4.88851230944338,"filings/capitaliq/Estimates/Recent Changes/SPGlobal_GrupoBimbo,S.A.B.deC.V._RecentChanges_06-Oct-2026.xlsx",Recent Changes,744
2026-10-06,2026-03-05,Not Entitled**,Not Entitled**,EBIT (Mex$000),2026 FY,38613763.78,38613763.78,0,37839916.87,39733000,-4.76451093549443,"filings/capitaliq/Estimates/Recent Changes/SPGlobal_GrupoBimbo,S.A.B.deC.V._RecentChanges_06-Oct-2026.xlsx",Recent Changes,745
2026-10-06,2026-03-05,Not Entitled**,Not Entitled**,EBIT (Mex$000),2026 FY,-,-,-,-,-,-,"filings/capitaliq/Estimates/Recent Changes/SPGlobal_GrupoBimbo,S.A.B.deC.V._RecentChanges_06-Oct-2026.xlsx",Recent Changes,746
2026-10-06,2026-03-05,Not Entitled**,Not Entitled**,EBIT (Mex$000),2026 FY,35249093.34,37169799.61,-5.1673,37839916.87,39733000,-4.76451093549443,"filings/capitaliq/Estimates/Recent Changes/SPGlobal_GrupoBimbo,S.A.B.deC.V._RecentChanges_06-Oct-2026.xlsx",Recent Changes,747
2026-10-06,2026-03-05,Not Entitled**,Not Entitled**,EBIT (Mex$000),2026 FY,36910242.6,36910242.6,0,37839916.87,39733000,-4.76451093549443,"filings/capitaliq/Estimates/Recent Changes/SPGlobal_GrupoBimbo,S.A.B.deC.V._RecentChanges_06-Oct-2026.xlsx",Recent Changes,748
2026-10-06,2026-03-05,Not Entitled**,Not Entitled**,EBIT (Mex$000),2026 FY,-,-,-,-,-,-,"filings/capitaliq/Estimates/Recent Changes/SPGlobal_GrupoBimbo,S.A.B.deC.V._RecentChanges_06-Oct-2026.xlsx",Recent Changes,749
2026-10-06,2026-03-05,Not Entitled**,Not Entitled**,EBITDA (Mex$000),2026 FY,-,-,-,-,-,-,"filings/capitaliq/Estimates/Recent Changes/SPGlobal_GrupoBimbo,S.A.B.deC.V._RecentChanges_06-Oct-2026.xlsx",Recent Changes,750
2026-10-06,2026-03-05,Not Entitled**,Not Entitled**,EBITDA (Mex$000),2026 FY,62674260.24,62674260.24,0,60238632.68,63334760.23,-4.88851230944338,"filings/capitaliq/Estimates/Recent Changes/SPGlobal_GrupoBimbo,S.A.B.deC.V._RecentChanges_06-Oct-2026.xlsx",Recent Changes,751
2026-10-06,2026-03-05,Not Entitled**,Not Entitled**,EBITDA (Mex$000),2026 FY,60238632.68,61660892.72,-2.3065,60238632.68,63334760.23,-4.88851230944338,"filings/capitaliq/Estimates/Recent Changes/SPGlobal_GrupoBimbo,S.A.B.deC.V._RecentChanges_06-Oct-2026.xlsx",Recent Changes,752
2026-10-06,2026-03-05,Not Entitled**,Not Entitled**,Revenue (Mex$000),2026 FY,447810000,447810000,0,428821635.35,444508000,-3.52892740963042,"filings/capitaliq/Estimates/Recent Changes/SPGlobal_GrupoBimbo,S.A.B.deC.V._RecentChanges_06-Oct-2026.xlsx",Recent Changes,753
2026-10-06,2026-03-05,Not Entitled**,Not Entitled**,ROE (%),2026 FY,10.71922,11.65857,-8.0571,12.77864,13.36464,-4.38470471333309,"filings/capitaliq/Estimates/Recent Changes/SPGlobal_GrupoBimbo,S.A.B.deC.V._RecentChanges_06-Oct-2026.xlsx",Recent Changes,754
2026-10-06,2026-03-05,Not Entitled**,Not Entitled**,ROE (%),2026 FY,11.374,11.374,0,12.77864,13.36464,-4.38470471333309,"filings/capitaliq/Estimates/Recent Changes/SPGlobal_GrupoBimbo,S.A.B.deC.V._RecentChanges_06-Oct-2026.xlsx",Recent Changes,755
2026-10-06,2026-03-05,Not Entitled**,Not Entitled**,TEV (Mex$000),2026 FY,396145310.63,394904866.82,0.3141,416249870.79,415836389.52,0.09943364275485,"filings/capitaliq/Estimates/Recent Changes/SPGlobal_GrupoBimbo,S.A.B.deC.V._RecentChanges_06-Oct-2026.xlsx",Recent Changes,756
2026-10-06,2026-03-05,Not Entitled**,Not Entitled**,EBT (GAAP) (Mex$000),2026 FY,22073035.78,23461499.77,-5.918,24254452.64,26083000,-7.01049480504543,"filings/capitaliq/Estimates/Recent Changes/SPGlobal_GrupoBimbo,S.A.B.deC.V._RecentChanges_06-Oct-2026.xlsx",Recent Changes,757
2026-10-06,2026-03-05,Not Entitled**,Not Entitled**,EBT (GAAP) (Mex$000),2026 FY,-,-,-,-,-,-,"filings/capitaliq/Estimates/Recent Changes/SPGlobal_GrupoBimbo,S.A.B.deC.V._RecentChanges_06-Oct-2026.xlsx",Recent Changes,758
2026-10-06,2026-03-05,Not Entitled**,Not Entitled**,Capital Expenditures (Mex$000),2026 FY,23752271.47,23902929.65,-0.6302,25381135.74,27010000,-6.03059703813402,"filings/capitaliq/Estimates/Recent Changes/SPGlobal_GrupoBimbo,S.A.B.deC.V._RecentChanges_06-Oct-2026.xlsx",Recent Changes,759
2026-10-06,2026-03-05,Santander,"Argote Bolio, Ulises",EBITDA (Mex$000),2026 FY,64119000,64119000,0,60238632.68,63334760.23,-4.88851230944338,"filings/capitaliq/Estimates/Recent Changes/SPGlobal_GrupoBimbo,S.A.B.deC.V._RecentChanges_06-Oct-2026.xlsx",Recent Changes,760
2026-10-06,2026-03-03,Itau BBA,"Fuchs, Alejandro",EPS Normalized (Mex$),2026 FY,3.39,3.39,0,3.31887,3.45333,-3.89363310196245,"filings/capitaliq/Estimates/Recent Changes/SPGlobal_GrupoBimbo,S.A.B.deC.V._RecentChanges_06-Oct-2026.xlsx",Recent Changes,761
2026-10-06,2026-03-03,Not Entitled**,Not Entitled**,EPS Normalized (Mex$),2026 FY,3.32877,3.32877,0,3.31887,3.45333,-3.89363310196245,"filings/capitaliq/Estimates/Recent Changes/SPGlobal_GrupoBimbo,S.A.B.deC.V._RecentChanges_06-Oct-2026.xlsx",Recent Changes,762
2026-10-06,2026-03-03,Not Entitled**,Not Entitled**,EPS Normalized (Mex$),2026 FY,3.26917,3.26917,0,3.31887,3.45333,-3.89363310196245,"filings/capitaliq/Estimates/Recent Changes/SPGlobal_GrupoBimbo,S.A.B.deC.V._RecentChanges_06-Oct-2026.xlsx",Recent Changes,763
2026-10-06,2026-03-03,Not Entitled**,Not Entitled**,EPS Normalized (Mex$),2026 FY,3.38,3.38,0,3.31887,3.45333,-3.89363310196245,"filings/capitaliq/Estimates/Recent Changes/SPGlobal_GrupoBimbo,S.A.B.deC.V._RecentChanges_06-Oct-2026.xlsx",Recent Changes,764
2026-10-06,2026-03-03,Not Entitled**,Not Entitled**,EPS Normalized (Mex$),2026 FY,2.823,3.309,-14.6872,3.31887,3.45333,-3.89363310196245,"filings/capitaliq/Estimates/Recent Changes/SPGlobal_GrupoBimbo,S.A.B.deC.V._RecentChanges_06-Oct-2026.xlsx",Recent Changes,765
2026-10-06,2026-03-03,Not Entitled**,Not Entitled**,Target Price,Non-Periodic,75,72,4.166666507720947,69,68.75,0.3636363744735718,"filings/capitaliq/Estimates/Recent Changes/SPGlobal_GrupoBimbo,S.A.B.deC.V._RecentChanges_06-Oct-2026.xlsx",Recent Changes,766
2026-10-06,2026-03-03,Not Entitled**,Not Entitled**,EPS Normalized (Mex$),2026 FQ3,0.867,0.946,-8.3509,0.8835,0.9,-1.83333333333333,"filings/capitaliq/Estimates/Recent Changes/SPGlobal_GrupoBimbo,S.A.B.deC.V._RecentChanges_06-Oct-2026.xlsx",Recent Changes,767
2026-10-06,2026-03-03,Not Entitled**,Not Entitled**,EPS Normalized (Mex$),2027 FQ4,0.87,NA,NA,0.87,NA,NA,"filings/capitaliq/Estimates/Recent Changes/SPGlobal_GrupoBimbo,S.A.B.deC.V._RecentChanges_06-Oct-2026.xlsx",Recent Changes,768
2026-10-06,2026-03-03,Not Entitled**,Not Entitled**,EPS Normalized (Mex$),2027 FQ3,0.961,NA,NA,0.961,NA,NA,"filings/capitaliq/Estimates/Recent Changes/SPGlobal_GrupoBimbo,S.A.B.deC.V._RecentChanges_06-Oct-2026.xlsx",Recent Changes,769
2026-10-06,2026-03-03,Not Entitled**,Not Entitled**,EPS Normalized (Mex$),2027 FQ2,0.747,NA,NA,0.747,NA,NA,"filings/capitaliq/Estimates/Recent Changes/SPGlobal_GrupoBimbo,S.A.B.deC.V._RecentChanges_06-Oct-2026.xlsx",Recent Changes,770
2026-10-06,2026-03-03,Not Entitled**,Not Entitled**,EPS Normalized (Mex$),2027 FQ1,0.58,NA,NA,0.58,NA,NA,"filings/capitaliq/Estimates/Recent Changes/SPGlobal_GrupoBimbo,S.A.B.deC.V._RecentChanges_06-Oct-2026.xlsx",Recent Changes,771
2026-10-06,2026-03-03,Not Entitled**,Not Entitled**,EPS Normalized (Mex$),2026 FQ4,0.767,1,-23.3,0.8685,0.97,-10.4639175257732,"filings/capitaliq/Estimates/Recent Changes/SPGlobal_GrupoBimbo,S.A.B.deC.V._RecentChanges_06-Oct-2026.xlsx",Recent Changes,772
2026-10-06,2026-02-26,Itau BBA,"Fuchs, Alejandro",Net Debt (Mex$000),2026 FY,138353000,138353000,0,159907000,141924987.82,12.67008189058726,"filings/capitaliq/Estimates/Recent Changes/SPGlobal_GrupoBimbo,S.A.B.deC.V._RecentChanges_06-Oct-2026.xlsx",Recent Changes,773
2026-10-06,2026-02-26,Itau BBA,"Fuchs, Alejandro",Revenue (Mex$000),2026 FY,447052000,447052000,0,444508000,437921149.69,1.50411787936316,"filings/capitaliq/Estimates/Recent Changes/SPGlobal_GrupoBimbo,S.A.B.deC.V._RecentChanges_06-Oct-2026.xlsx",Recent Changes,774
2026-10-06,2026-02-26,Itau BBA,"Fuchs, Alejandro",EPS (GAAP) (Mex$),2026 FY,3.39,3.39,0,3.445,3.38924,1.64520659498885,"filings/capitaliq/Estimates/Recent Changes/SPGlobal_GrupoBimbo,S.A.B.deC.V._RecentChanges_06-Oct-2026.xlsx",Recent Changes,775
2026-10-06,2026-02-26,Itau BBA,"Fuchs, Alejandro",EPS Normalized (Mex$),2026 FY,3.39,3.39,0,3.45333,3.35242,3.01006437140931,"filings/capitaliq/Estimates/Recent Changes/SPGlobal_GrupoBimbo,S.A.B.deC.V._RecentChanges_06-Oct-2026.xlsx",Recent Changes,776
2026-10-06,2026-02-26,Itau BBA,"Fuchs, Alejandro",EBIT (Mex$000),2026 FY,38016000,38016000,0,39733000,37811369.76,5.08214923764243,"filings/capitaliq/Estimates/Recent Changes/SPGlobal_GrupoBimbo,S.A.B.deC.V._RecentChanges_06-Oct-2026.xlsx",Recent Changes,777
2026-10-06,2026-02-26,Not Entitled**,Not Entitled**,EBT (GAAP) (Mex$000),2026 FY,-,-,-,-,-,-,"filings/capitaliq/Estimates/Recent Changes/SPGlobal_GrupoBimbo,S.A.B.deC.V._RecentChanges_06-Oct-2026.xlsx",Recent Changes,778
2026-10-06,2026-02-26,Not Entitled**,Not Entitled**,EBT (GAAP) (Mex$000),2026 FY,25777696.15,25777696.15,0,26083000,24982379.52,4.40558706234882,"filings/capitaliq/Estimates/Recent Changes/SPGlobal_GrupoBimbo,S.A.B.deC.V._RecentChanges_06-Oct-2026.xlsx",Recent Changes,779
2026-10-06,2026-02-26,Not Entitled**,Not Entitled**,EBT (GAAP) (Mex$000),2026 FY,23461499.77,23461499.77,0,26083000,24982379.52,4.40558706234882,"filings/capitaliq/Estimates/Recent Changes/SPGlobal_GrupoBimbo,S.A.B.deC.V._RecentChanges_06-Oct-2026.xlsx",Recent Changes,780
2026-10-06,2026-02-26,Not Entitled**,Not Entitled**,Revenue (Mex$000),2026 FY,442010404.3,442010404.3,0,444508000,437921149.69,1.50411787936316,"filings/capitaliq/Estimates/Recent Changes/SPGlobal_GrupoBimbo,S.A.B.deC.V._RecentChanges_06-Oct-2026.xlsx",Recent Changes,781
2026-10-06,2026-02-26,Not Entitled**,Not Entitled**,Revenue (Mex$000),2026 FY,-,-,-,-,-,-,"filings/capitaliq/Estimates/Recent Changes/SPGlobal_GrupoBimbo,S.A.B.deC.V._RecentChanges_06-Oct-2026.xlsx",Recent Changes,782
2026-10-06,2026-02-26,Not Entitled**,Not Entitled**,Revenue (Mex$000),2026 FY,432050006.18,432050006.18,0,444508000,437921149.69,1.50411787936316,"filings/capitaliq/Estimates/Recent Changes/SPGlobal_GrupoBimbo,S.A.B.deC.V._RecentChanges_06-Oct-2026.xlsx",Recent Changes,783
2026-10-06,2026-02-26,Not Entitled**,Not Entitled**,Revenue (Mex$000),2026 FY,-,-,-,-,-,-,"filings/capitaliq/Estimates/Recent Changes/SPGlobal_GrupoBimbo,S.A.B.deC.V._RecentChanges_06-Oct-2026.xlsx",Recent Changes,784
2026-10-06,2026-02-26,Not Entitled**,Not Entitled**,Dividend per share (Mex$),2026 FY,-,-,-,-,-,-,"filings/capitaliq/Estimates/Recent Changes/SPGlobal_GrupoBimbo,S.A.B.deC.V._RecentChanges_06-Oct-2026.xlsx",Recent Changes,785
2026-10-06,2026-02-26,Not Entitled**,Not Entitled**,Dividend per share (Mex$),2026 FY,0.98075,0.98075,0,0.93269,0.85,9.72823529411765,"filings/capitaliq/Estimates/Recent Changes/SPGlobal_GrupoBimbo,S.A.B.deC.V._RecentChanges_06-Oct-2026.xlsx",Recent Changes,786
2026-10-06,2026-02-26,Not Entitled**,Not Entitled**,Book Value per share (Mex$),2026 FY,29.18514,29.18514,0,29.55505,31.07,-4.87592532990023,"filings/capitaliq/Estimates/Recent Changes/SPGlobal_GrupoBimbo,S.A.B.deC.V._RecentChanges_06-Oct-2026.xlsx",Recent Changes,787
2026-10-06,2026-02-26,Not Entitled**,Not Entitled**,EBITDA (Mex$000),2026 FY,61660892.72,61660892.72,0,63334760.23,62744320.95,0.94102425695309,"filings/capitaliq/Estimates/Recent Changes/SPGlobal_GrupoBimbo,S.A.B.deC.V._RecentChanges_06-Oct-2026.xlsx",Recent Changes,788
2026-10-06,2026-02-26,Not Entitled**,Not Entitled**,EBITDA (Mex$000),2026 FY,-,-,-,-,-,-,"filings/capitaliq/Estimates/Recent Changes/SPGlobal_GrupoBimbo,S.A.B.deC.V._RecentChanges_06-Oct-2026.xlsx",Recent Changes,789
2026-10-06,2026-02-26,Not Entitled**,Not Entitled**,EBIT (Mex$000),2026 FY,-,-,-,-,-,-,"filings/capitaliq/Estimates/Recent Changes/SPGlobal_GrupoBimbo,S.A.B.deC.V._RecentChanges_06-Oct-2026.xlsx",Recent Changes,790
2026-10-06,2026-02-26,Not Entitled**,Not Entitled**,EBIT (Mex$000),2026 FY,36910242.6,36910242.6,0,39733000,37811369.76,5.08214923764243,"filings/capitaliq/Estimates/Recent Changes/SPGlobal_GrupoBimbo,S.A.B.deC.V._RecentChanges_06-Oct-2026.xlsx",Recent Changes,791
2026-10-06,2026-02-26,Not Entitled**,Not Entitled**,EBIT (Mex$000),2026 FY,37169799.61,37169799.61,0,39733000,37811369.76,5.08214923764243,"filings/capitaliq/Estimates/Recent Changes/SPGlobal_GrupoBimbo,S.A.B.deC.V._RecentChanges_06-Oct-2026.xlsx",Recent Changes,792
2026-10-06,2026-02-26,Not Entitled**,Not Entitled**,EBIT (Mex$000),2026 FY,-,-,-,-,-,-,"filings/capitaliq/Estimates/Recent Changes/SPGlobal_GrupoBimbo,S.A.B.deC.V._RecentChanges_06-Oct-2026.xlsx",Recent Changes,793
2026-10-06,2026-02-26,Not Entitled**,Not Entitled**,EBIT (Mex$000),2026 FY,38613763.78,38613763.78,0,39733000,37811369.76,5.08214923764243,"filings/capitaliq/Estimates/Recent Changes/SPGlobal_GrupoBimbo,S.A.B.deC.V._RecentChanges_06-Oct-2026.xlsx",Recent Changes,794
2026-10-06,2026-02-26,Not Entitled**,Not Entitled**,EPS Normalized (Mex$),2026 FY,3.309,3.309,0,3.45333,3.35242,3.01006437140931,"filings/capitaliq/Estimates/Recent Changes/SPGlobal_GrupoBimbo,S.A.B.deC.V._RecentChanges_06-Oct-2026.xlsx",Recent Changes,795
2026-10-06,2026-02-26,Not Entitled**,Not Entitled**,EPS Normalized (Mex$),2026 FY,3.38,3.38,0,3.45333,3.35242,3.01006437140931,"filings/capitaliq/Estimates/Recent Changes/SPGlobal_GrupoBimbo,S.A.B.deC.V._RecentChanges_06-Oct-2026.xlsx",Recent Changes,796
2026-10-06,2026-02-26,Not Entitled**,Not Entitled**,EPS Normalized (Mex$),2026 FY,3.26917,3.26917,0,3.45333,3.35242,3.01006437140931,"filings/capitaliq/Estimates/Recent Changes/SPGlobal_GrupoBimbo,S.A.B.deC.V._RecentChanges_06-Oct-2026.xlsx",Recent Changes,797
2026-10-06,2026-02-26,Not Entitled**,Not Entitled**,EPS Normalized (Mex$),2026 FY,3.32877,3.32877,0,3.45333,3.35242,3.01006437140931,"filings/capitaliq/Estimates/Recent Changes/SPGlobal_GrupoBimbo,S.A.B.deC.V._RecentChanges_06-Oct-2026.xlsx",Recent Changes,798
2026-10-06,2026-02-26,Not Entitled**,Not Entitled**,EPS (GAAP) (Mex$),2026 FY,-,-,-,-,-,-,"filings/capitaliq/Estimates/Recent Changes/SPGlobal_GrupoBimbo,S.A.B.deC.V._RecentChanges_06-Oct-2026.xlsx",Recent Changes,799
2026-10-06,2026-02-26,Not Entitled**,Not Entitled**,EPS (GAAP) (Mex$),2026 FY,3.33,3.33,0,3.445,3.38924,1.64520659498885,"filings/capitaliq/Estimates/Recent Changes/SPGlobal_GrupoBimbo,S.A.B.deC.V._RecentChanges_06-Oct-2026.xlsx",Recent Changes,800
2026-10-06,2026-02-26,Not Entitled**,Not Entitled**,EPS (GAAP) (Mex$),2026 FY,-,-,-,-,-,-,"filings/capitaliq/Estimates/Recent Changes/SPGlobal_GrupoBimbo,S.A.B.deC.V._RecentChanges_06-Oct-2026.xlsx",Recent Changes,801
2026-10-06,2026-02-26,Not Entitled**,Not Entitled**,EPS (GAAP) (Mex$),2026 FY,3.38,3.38,0,3.445,3.38924,1.64520659498885,"filings/capitaliq/Estimates/Recent Changes/SPGlobal_GrupoBimbo,S.A.B.deC.V._RecentChanges_06-Oct-2026.xlsx",Recent Changes,802
2026-10-06,2026-02-26,Not Entitled**,Not Entitled**,EPS (GAAP) (Mex$),2026 FY,3.26917,3.26917,0,3.445,3.38924,1.64520659498885,"filings/capitaliq/Estimates/Recent Changes/SPGlobal_GrupoBimbo,S.A.B.deC.V._RecentChanges_06-Oct-2026.xlsx",Recent Changes,803
2026-10-06,2026-02-26,Not Entitled**,Not Entitled**,Revenue (Mex$000),2026 FY,429835407.05,429835407.05,0,444508000,437921149.69,1.50411787936316,"filings/capitaliq/Estimates/Recent Changes/SPGlobal_GrupoBimbo,S.A.B.deC.V._RecentChanges_06-Oct-2026.xlsx",Recent Changes,804
2026-10-06,2026-02-26,Not Entitled**,Not Entitled**,Net Debt (Mex$000),2026 FY,-,-,-,-,-,-,"filings/capitaliq/Estimates/Recent Changes/SPGlobal_GrupoBimbo,S.A.B.deC.V._RecentChanges_06-Oct-2026.xlsx",Recent Changes,805
2026-10-06,2026-02-26,Not Entitled**,Not Entitled**,Net Debt (Mex$000),2026 FY,129258923.3,129258923.3,0,159907000,141924987.82,12.67008189058726,"filings/capitaliq/Estimates/Recent Changes/SPGlobal_GrupoBimbo,S.A.B.deC.V._RecentChanges_06-Oct-2026.xlsx",Recent Changes,806
2026-10-06,2026-02-26,Not Entitled**,Not Entitled**,Net Debt (Mex$000),2026 FY,151792550.27,151792550.27,0,159907000,141924987.82,12.67008189058726,"filings/capitaliq/Estimates/Recent Changes/SPGlobal_GrupoBimbo,S.A.B.deC.V._RecentChanges_06-Oct-2026.xlsx",Recent Changes,807
2026-10-06,2026-02-26,Itau BBA,"Fuchs, Alejandro",EPS Normalized (Mex$),2026 FY,3.39,3.39,0,3.35242,3.47,-3.38847262247839,"filings/capitaliq/Estimates/Recent Changes/SPGlobal_GrupoBimbo,S.A.B.deC.V._RecentChanges_06-Oct-2026.xlsx",Recent Changes,808
2026-10-06,2026-02-26,Itau BBA,"Fuchs, Alejandro",EBITDA (Mex$000),2026 FY,63190000,63190000,0,62744320.95,64128500,-2.15844601074405,"filings/capitaliq/Estimates/Recent Changes/SPGlobal_GrupoBimbo,S.A.B.deC.V._RecentChanges_06-Oct-2026.xlsx",Recent Changes,809
2026-10-06,2026-02-26,Not Entitled**,Not Entitled**,EBITDA (Mex$000),2026 FY,62674260.24,62674260.24,0,62744320.95,64128500,-2.15844601074405,"filings/capitaliq/Estimates/Recent Changes/SPGlobal_GrupoBimbo,S.A.B.deC.V._RecentChanges_06-Oct-2026.xlsx",Recent Changes,810
2026-10-06,2026-02-26,Not Entitled**,Not Entitled**,EBITDA (Mex$000),2026 FY,-,-,-,-,-,-,"filings/capitaliq/Estimates/Recent Changes/SPGlobal_GrupoBimbo,S.A.B.deC.V._RecentChanges_06-Oct-2026.xlsx",Recent Changes,811
2026-10-06,2026-02-26,Not Entitled**,Not Entitled**,EBITDA (Mex$000),2026 FY,61660892.72,61660892.72,0,62744320.95,64128500,-2.15844601074405,"filings/capitaliq/Estimates/Recent Changes/SPGlobal_GrupoBimbo,S.A.B.deC.V._RecentChanges_06-Oct-2026.xlsx",Recent Changes,812
2026-10-06,2026-02-26,Not Entitled**,Not Entitled**,EBITDA (Mex$000),2026 FY,61941000,63955000,-3.149,62744320.95,64128500,-2.15844601074405,"filings/capitaliq/Estimates/Recent Changes/SPGlobal_GrupoBimbo,S.A.B.deC.V._RecentChanges_06-Oct-2026.xlsx",Recent Changes,813
2026-10-06,2026-02-26,Not Entitled**,Not Entitled**,EBITDA (Mex$000),2026 FY,62952378.75,62952378.75,0,62744320.95,64128500,-2.15844601074405,"filings/capitaliq/Estimates/Recent Changes/SPGlobal_GrupoBimbo,S.A.B.deC.V._RecentChanges_06-Oct-2026.xlsx",Recent Changes,814
2026-10-06,2026-02-26,Not Entitled**,Not Entitled**,EBITDA (Mex$000),2026 FY,-,-,-,-,-,-,"filings/capitaliq/Estimates/Recent Changes/SPGlobal_GrupoBimbo,S.A.B.deC.V._RecentChanges_06-Oct-2026.xlsx",Recent Changes,815
2026-10-06,2026-02-26,Not Entitled**,Not Entitled**,ROE (%),2026 FY,12.9,12.9,0,13.36464,17.4,-23.19172413793103,"filings/capitaliq/Estimates/Recent Changes/SPGlobal_GrupoBimbo,S.A.B.deC.V._RecentChanges_06-Oct-2026.xlsx",Recent Changes,816
2026-10-06,2026-02-26,Not Entitled**,Not Entitled**,ROE (%),2026 FY,11.65857,11.65857,0,13.36464,17.4,-23.19172413793103,"filings/capitaliq/Estimates/Recent Changes/SPGlobal_GrupoBimbo,S.A.B.deC.V._RecentChanges_06-Oct-2026.xlsx",Recent Changes,817
2026-10-06,2026-02-26,Not Entitled**,Not Entitled**,ROE (%),2026 FY,11.5,13.5,-14.8148,13.36464,17.4,-23.19172413793103,"filings/capitaliq/Estimates/Recent Changes/SPGlobal_GrupoBimbo,S.A.B.deC.V._RecentChanges_06-Oct-2026.xlsx",Recent Changes,818
2026-10-06,2026-02-26,Not Entitled**,Not Entitled**,Revenue (Mex$000),2026 FY,435366000,461572000,-5.6775,437921149.69,441196899.69,-0.74246895259274,"filings/capitaliq/Estimates/Recent Changes/SPGlobal_GrupoBimbo,S.A.B.deC.V._RecentChanges_06-Oct-2026.xlsx",Recent Changes,819
2026-10-06,2026-02-26,Not Entitled**,Not Entitled**,EPS Normalized (Mex$),2026 FY,3.32877,3.32877,0,3.35242,3.47,-3.38847262247839,"filings/capitaliq/Estimates/Recent Changes/SPGlobal_GrupoBimbo,S.A.B.deC.V._RecentChanges_06-Oct-2026.xlsx",Recent Changes,820
2026-10-06,2026-02-26,Not Entitled**,Not Entitled**,EPS Normalized (Mex$),2026 FY,3.32,3.99,-16.7919,3.35242,3.47,-3.38847262247839,"filings/capitaliq/Estimates/Recent Changes/SPGlobal_GrupoBimbo,S.A.B.deC.V._RecentChanges_06-Oct-2026.xlsx",Recent Changes,821
2026-10-06,2026-02-26,Not Entitled**,Not Entitled**,EPS Normalized (Mex$),2026 FY,3.26917,3.26917,0,3.35242,3.47,-3.38847262247839,"filings/capitaliq/Estimates/Recent Changes/SPGlobal_GrupoBimbo,S.A.B.deC.V._RecentChanges_06-Oct-2026.xlsx",Recent Changes,822
2026-10-06,2026-02-26,Not Entitled**,Not Entitled**,EPS Normalized (Mex$),2026 FY,3.38,3.38,0,3.35242,3.47,-3.38847262247839,"filings/capitaliq/Estimates/Recent Changes/SPGlobal_GrupoBimbo,S.A.B.deC.V._RecentChanges_06-Oct-2026.xlsx",Recent Changes,823
2026-10-06,2026-02-26,Not Entitled**,Not Entitled**,EPS Normalized (Mex$),2026 FY,3.309,3.309,0,3.35242,3.47,-3.38847262247839,"filings/capitaliq/Estimates/Recent Changes/SPGlobal_GrupoBimbo,S.A.B.deC.V._RecentChanges_06-Oct-2026.xlsx",Recent Changes,824
2026-10-06,2026-02-26,Not Entitled**,Not Entitled**,EPS (GAAP) (Mex$),2026 FY,3.32,3.99,-16.7919,3.38924,3.47299,-2.41146677646639,"filings/capitaliq/Estimates/Recent Changes/SPGlobal_GrupoBimbo,S.A.B.deC.V._RecentChanges_06-Oct-2026.xlsx",Recent Changes,825
2026-10-06,2026-02-26,Not Entitled**,Not Entitled**,Target Price,Non-Periodic,85,80,6.25,68.75,68.33333,0.6097609996795654,"filings/capitaliq/Estimates/Recent Changes/SPGlobal_GrupoBimbo,S.A.B.deC.V._RecentChanges_06-Oct-2026.xlsx",Recent Changes,826
2026-10-06,2026-02-26,Not Entitled**,Not Entitled**,EPS Normalized (Mex$),2026 FQ4,1,1,0,0.97,1.06,-8.49056603773585,"filings/capitaliq/Estimates/Recent Changes/SPGlobal_GrupoBimbo,S.A.B.deC.V._RecentChanges_06-Oct-2026.xlsx",Recent Changes,827
2026-10-06,2026-02-26,Not Entitled**,Not Entitled**,EPS Normalized (Mex$),2026 FQ4,0.97,1.12,-13.3928,0.97,1.06,-8.49056603773585,"filings/capitaliq/Estimates/Recent Changes/SPGlobal_GrupoBimbo,S.A.B.deC.V._RecentChanges_06-Oct-2026.xlsx",Recent Changes,828
2026-10-06,2026-02-26,Not Entitled**,Not Entitled**,EPS (GAAP) (Mex$),2026 FQ4,0.97,1.12,-13.3928,0.97,1.12,-13.39285714285714,"filings/capitaliq/Estimates/Recent Changes/SPGlobal_GrupoBimbo,S.A.B.deC.V._RecentChanges_06-Oct-2026.xlsx",Recent Changes,829
2026-10-06,2026-02-26,Not Entitled**,Not Entitled**,EPS Normalized (Mex$),2026 FQ3,0.946,0.946,0,0.9,1.013,-11.15498519249753,"filings/capitaliq/Estimates/Recent Changes/SPGlobal_GrupoBimbo,S.A.B.deC.V._RecentChanges_06-Oct-2026.xlsx",Recent Changes,830
2026-10-06,2026-02-26,Not Entitled**,Not Entitled**,EPS Normalized (Mex$),2026 FQ3,0.9,1.08,-16.6666,0.9,1.013,-11.15498519249753,"filings/capitaliq/Estimates/Recent Changes/SPGlobal_GrupoBimbo,S.A.B.deC.V._RecentChanges_06-Oct-2026.xlsx",Recent Changes,831
2026-10-06,2026-02-26,Not Entitled**,Not Entitled**,EPS (GAAP) (Mex$),2026 FQ3,0.9,1.08,-16.6666,0.9,1.08,-16.66666666666667,"filings/capitaliq/Estimates/Recent Changes/SPGlobal_GrupoBimbo,S.A.B.deC.V._RecentChanges_06-Oct-2026.xlsx",Recent Changes,832
2026-10-06,2026-02-25,"GBM Grupo Bursátil Mexicano, S.A. de C.V. Casa de Bolsa","Carrillo Villasana, Regina",ROE (%),2026 FY,17.4,16.6,4.8192,17.4,12.28622,41.62207741681331,"filings/capitaliq/Estimates/Recent Changes/SPGlobal_GrupoBimbo,S.A.B.deC.V._RecentChanges_06-Oct-2026.xlsx",Recent Changes,833
2026-10-06,2026-02-25,"GBM Grupo Bursátil Mexicano, S.A. de C.V. Casa de Bolsa","Carrillo Villasana, Regina",Net Income Normalized (Mex$000),2026 FY,24837000,25036000,-0.7948,20026000,15215000,31.62011173184358,"filings/capitaliq/Estimates/Recent Changes/SPGlobal_GrupoBimbo,S.A.B.deC.V._RecentChanges_06-Oct-2026.xlsx",Recent Changes,834
2026-10-06,2026-02-25,"GBM Grupo Bursátil Mexicano, S.A. de C.V. Casa de Bolsa","Carrillo Villasana, Regina",Net Income (GAAP) (Mex$000),2026 FY,24837000,25036000,-0.7948,20262500,16064459.88,26.13246975845415,"filings/capitaliq/Estimates/Recent Changes/SPGlobal_GrupoBimbo,S.A.B.deC.V._RecentChanges_06-Oct-2026.xlsx",Recent Changes,835
2026-10-06,2026-02-25,"GBM Grupo Bursátil Mexicano, S.A. de C.V. Casa de Bolsa","Carrillo Villasana, Regina",Revenue (Mex$000),2026 FY,450348000,450605000,-0.057,441196899.69,450173000,-1.99392240538637,"filings/capitaliq/Estimates/Recent Changes/SPGlobal_GrupoBimbo,S.A.B.deC.V._RecentChanges_06-Oct-2026.xlsx",Recent Changes,836
2026-10-06,2026-02-25,"GBM Grupo Bursátil Mexicano, S.A. de C.V. Casa de Bolsa","Carrillo Villasana, Regina",EBIT (Mex$000),2026 FY,39449000,39761000,-0.7846,37811369.76,39761000,-4.90337325519982,"filings/capitaliq/Estimates/Recent Changes/SPGlobal_GrupoBimbo,S.A.B.deC.V._RecentChanges_06-Oct-2026.xlsx",Recent Changes,837
2026-10-06,2026-02-25,"GBM Grupo Bursátil Mexicano, S.A. de C.V. Casa de Bolsa","Carrillo Villasana, Regina",EBITDA (Mex$000),2026 FY,64138000,64466000,-0.5087,64128500,64119000,0.01481620112603,"filings/capitaliq/Estimates/Recent Changes/SPGlobal_GrupoBimbo,S.A.B.deC.V._RecentChanges_06-Oct-2026.xlsx",Recent Changes,838
2026-10-06,2026-02-25,"GBM Grupo Bursátil Mexicano, S.A. de C.V. Casa de Bolsa","Carrillo Villasana, Regina",Free Cash Flow (Mex$000),2026 FY,19566000,19173000,2.0497,16811333.33,16680333.33,0.78535600823032,"filings/capitaliq/Estimates/Recent Changes/SPGlobal_GrupoBimbo,S.A.B.deC.V._RecentChanges_06-Oct-2026.xlsx",Recent Changes,839
2026-10-06,2026-02-25,"GBM Grupo Bursátil Mexicano, S.A. de C.V. Casa de Bolsa","Carrillo Villasana, Regina",Maintenance Capital Expenditure (Mex$000),2026 FY,22085000,22099000,-0.0633,22085000,22099000,-0.06335128286348,"filings/capitaliq/Estimates/Recent Changes/SPGlobal_GrupoBimbo,S.A.B.deC.V._RecentChanges_06-Oct-2026.xlsx",Recent Changes,840
2026-10-06,2026-02-25,"GBM Grupo Bursátil Mexicano, S.A. de C.V. Casa de Bolsa","Carrillo Villasana, Regina",Net Debt (Mex$000),2026 FY,142541000,156232000,-8.7632,141924987.82,163996000,-13.4582625064026,"filings/capitaliq/Estimates/Recent Changes/SPGlobal_GrupoBimbo,S.A.B.deC.V._RecentChanges_06-Oct-2026.xlsx",Recent Changes,841
2026-10-06,2026-02-25,Itau BBA,"Fuchs, Alejandro",Net Debt (Mex$000),2026 FY,138353000,138353000,0,141924987.82,163996000,-13.4582625064026,"filings/capitaliq/Estimates/Recent Changes/SPGlobal_GrupoBimbo,S.A.B.deC.V._RecentChanges_06-Oct-2026.xlsx",Recent Changes,842
2026-10-06,2026-02-25,Itau BBA,"Fuchs, Alejandro",Net Income (GAAP) (Mex$000),2026 FY,15171000,15171000,0,20262500,16064459.88,26.13246975845415,"filings/capitaliq/Estimates/Recent Changes/SPGlobal_GrupoBimbo,S.A.B.deC.V._RecentChanges_06-Oct-2026.xlsx",Recent Changes,843
2026-10-06,2026-02-25,Itau BBA,"Fuchs, Alejandro",EBIT (Mex$000),2026 FY,38016000,38016000,0,37811369.76,39761000,-4.90337325519982,"filings/capitaliq/Estimates/Recent Changes/SPGlobal_GrupoBimbo,S.A.B.deC.V._RecentChanges_06-Oct-2026.xlsx",Recent Changes,844
2026-10-06,2026-02-25,Itau BBA,"Fuchs, Alejandro",Net Income Normalized (Mex$000),2026 FY,15171000,15171000,0,20026000,15215000,31.62011173184358,"filings/capitaliq/Estimates/Recent Changes/SPGlobal_GrupoBimbo,S.A.B.deC.V._RecentChanges_06-Oct-2026.xlsx",Recent Changes,845
2026-10-06,2026-02-25,Itau BBA,"Fuchs, Alejandro",Revenue (Mex$000),2026 FY,447052000,447052000,0,441196899.69,450173000,-1.99392240538637,"filings/capitaliq/Estimates/Recent Changes/SPGlobal_GrupoBimbo,S.A.B.deC.V._RecentChanges_06-Oct-2026.xlsx",Recent Changes,846
2026-10-06,2026-02-25,Not Entitled**,Not Entitled**,Revenue (Mex$000),2026 FY,-,-,-,-,-,-,"filings/capitaliq/Estimates/Recent Changes/SPGlobal_GrupoBimbo,S.A.B.deC.V._RecentChanges_06-Oct-2026.xlsx",Recent Changes,847
2026-10-06,2026-02-25,Not Entitled**,Not Entitled**,Revenue (Mex$000),2026 FY,432050006.18,432050006.18,0,441196899.69,450173000,-1.99392240538637,"filings/capitaliq/Estimates/Recent Changes/SPGlobal_GrupoBimbo,S.A.B.deC.V._RecentChanges_06-Oct-2026.xlsx",Recent Changes,848
2026-10-06,2026-02-25,Not Entitled**,Not Entitled**,Revenue (Mex$000),2026 FY,461572000,461572000,0,441196899.69,450173000,-1.99392240538637,"filings/capitaliq/Estimates/Recent Changes/SPGlobal_GrupoBimbo,S.A.B.deC.V._RecentChanges_06-Oct-2026.xlsx",Recent Changes,849
2026-10-06,2026-02-25,Not Entitled**,Not Entitled**,Revenue (Mex$000),2026 FY,442010404.3,442010404.3,0,441196899.69,450173000,-1.99392240538637,"filings/capitaliq/Estimates/Recent Changes/SPGlobal_GrupoBimbo,S.A.B.deC.V._RecentChanges_06-Oct-2026.xlsx",Recent Changes,850
2026-10-06,2026-02-25,Not Entitled**,Not Entitled**,Revenue (Mex$000),2026 FY,-,-,-,-,-,-,"filings/capitaliq/Estimates/Recent Changes/SPGlobal_GrupoBimbo,S.A.B.deC.V._RecentChanges_06-Oct-2026.xlsx",Recent Changes,851
2026-10-06,2026-02-25,Not Entitled**,Not Entitled**,ROE (%),2026 FY,-,-,-,-,-,-,"filings/capitaliq/Estimates/Recent Changes/SPGlobal_GrupoBimbo,S.A.B.deC.V._RecentChanges_06-Oct-2026.xlsx",Recent Changes,852
2026-10-06,2026-02-25,Not Entitled**,Not Entitled**,ROE (%),2026 FY,13.5,13.5,0,17.4,12.28622,41.62207741681331,"filings/capitaliq/Estimates/Recent Changes/SPGlobal_GrupoBimbo,S.A.B.deC.V._RecentChanges_06-Oct-2026.xlsx",Recent Changes,853
2026-10-06,2026-02-25,Not Entitled**,Not Entitled**,ROE (%),2026 FY,11.65857,11.65857,0,17.4,12.28622,41.62207741681331,"filings/capitaliq/Estimates/Recent Changes/SPGlobal_GrupoBimbo,S.A.B.deC.V._RecentChanges_06-Oct-2026.xlsx",Recent Changes,854
2026-10-06,2026-02-25,Not Entitled**,Not Entitled**,ROE (%),2026 FY,-,-,-,-,-,-,"filings/capitaliq/Estimates/Recent Changes/SPGlobal_GrupoBimbo,S.A.B.deC.V._RecentChanges_06-Oct-2026.xlsx",Recent Changes,855
2026-10-06,2026-02-25,Not Entitled**,Not Entitled**,ROE (%),2026 FY,11.374,11.374,0,17.4,12.28622,41.62207741681331,"filings/capitaliq/Estimates/Recent Changes/SPGlobal_GrupoBimbo,S.A.B.deC.V._RecentChanges_06-Oct-2026.xlsx",Recent Changes,856
2026-10-06,2026-02-25,Not Entitled**,Not Entitled**,ROE (%),2026 FY,12.9,12.9,0,17.4,12.28622,41.62207741681331,"filings/capitaliq/Estimates/Recent Changes/SPGlobal_GrupoBimbo,S.A.B.deC.V._RecentChanges_06-Oct-2026.xlsx",Recent Changes,857
2026-10-06,2026-02-25,Not Entitled**,Not Entitled**,Revenue (Mex$000),2026 FY,429835407.05,429835407.05,0,441196899.69,450173000,-1.99392240538637,"filings/capitaliq/Estimates/Recent Changes/SPGlobal_GrupoBimbo,S.A.B.deC.V._RecentChanges_06-Oct-2026.xlsx",Recent Changes,858
2026-10-06,2026-02-25,Not Entitled**,Not Entitled**,Net Income Normalized (Mex$000),2026 FY,14329494.06,14329494.06,0,20026000,15215000,31.62011173184358,"filings/capitaliq/Estimates/Recent Changes/SPGlobal_GrupoBimbo,S.A.B.deC.V._RecentChanges_06-Oct-2026.xlsx",Recent Changes,859
2026-10-06,2026-02-25,Not Entitled**,Not Entitled**,Net Income Normalized (Mex$000),2026 FY,14556280,14556280,0,20026000,15215000,31.62011173184358,"filings/capitaliq/Estimates/Recent Changes/SPGlobal_GrupoBimbo,S.A.B.deC.V._RecentChanges_06-Oct-2026.xlsx",Recent Changes,860
2026-10-06,2026-02-25,Not Entitled**,Not Entitled**,Net Income (GAAP) (Mex$000),2026 FY,-,-,-,-,-,-,"filings/capitaliq/Estimates/Recent Changes/SPGlobal_GrupoBimbo,S.A.B.deC.V._RecentChanges_06-Oct-2026.xlsx",Recent Changes,861
2026-10-06,2026-02-25,Not Entitled**,Not Entitled**,Net Income (GAAP) (Mex$000),2026 FY,14556283.64,14556283.64,0,20262500,16064459.88,26.13246975845415,"filings/capitaliq/Estimates/Recent Changes/SPGlobal_GrupoBimbo,S.A.B.deC.V._RecentChanges_06-Oct-2026.xlsx",Recent Changes,862
2026-10-06,2026-02-25,Not Entitled**,Not Entitled**,Net Income (GAAP) (Mex$000),2026 FY,14147284.36,14147284.36,0,20262500,16064459.88,26.13246975845415,"filings/capitaliq/Estimates/Recent Changes/SPGlobal_GrupoBimbo,S.A.B.deC.V._RecentChanges_06-Oct-2026.xlsx",Recent Changes,863
2026-10-06,2026-02-25,Not Entitled**,Not Entitled**,Net Income (GAAP) (Mex$000),2026 FY,-,-,-,-,-,-,"filings/capitaliq/Estimates/Recent Changes/SPGlobal_GrupoBimbo,S.A.B.deC.V._RecentChanges_06-Oct-2026.xlsx",Recent Changes,864
2026-10-06,2026-02-25,Not Entitled**,Not Entitled**,Net Income (GAAP) (Mex$000),2026 FY,14329000,14329000,0,20262500,16064459.88,26.13246975845415,"filings/capitaliq/Estimates/Recent Changes/SPGlobal_GrupoBimbo,S.A.B.deC.V._RecentChanges_06-Oct-2026.xlsx",Recent Changes,865
2026-10-06,2026-02-25,Not Entitled**,Not Entitled**,Net Debt (Mex$000),2026 FY,151792550.27,151792550.27,0,141924987.82,163996000,-13.4582625064026,"filings/capitaliq/Estimates/Recent Changes/SPGlobal_GrupoBimbo,S.A.B.deC.V._RecentChanges_06-Oct-2026.xlsx",Recent Changes,866
2026-10-06,2026-02-25,Not Entitled**,Not Entitled**,Net Debt (Mex$000),2026 FY,129258923.3,129258923.3,0,141924987.82,163996000,-13.4582625064026,"filings/capitaliq/Estimates/Recent Changes/SPGlobal_GrupoBimbo,S.A.B.deC.V._RecentChanges_06-Oct-2026.xlsx",Recent Changes,867
2026-10-06,2026-02-25,Not Entitled**,Not Entitled**,Net Debt (Mex$000),2026 FY,-,-,-,-,-,-,"filings/capitaliq/Estimates/Recent Changes/SPGlobal_GrupoBimbo,S.A.B.deC.V._RecentChanges_06-Oct-2026.xlsx",Recent Changes,868
2026-10-06,2026-02-25,Not Entitled**,Not Entitled**,EBIT (Mex$000),2026 FY,38613763.78,38613763.78,0,37811369.76,39761000,-4.90337325519982,"filings/capitaliq/Estimates/Recent Changes/SPGlobal_GrupoBimbo,S.A.B.deC.V._RecentChanges_06-Oct-2026.xlsx",Recent Changes,869
2026-10-06,2026-02-25,Not Entitled**,Not Entitled**,EBIT (Mex$000),2026 FY,-,-,-,-,-,-,"filings/capitaliq/Estimates/Recent Changes/SPGlobal_GrupoBimbo,S.A.B.deC.V._RecentChanges_06-Oct-2026.xlsx",Recent Changes,870
2026-10-06,2026-02-25,Not Entitled**,Not Entitled**,EBIT (Mex$000),2026 FY,37169799.61,37169799.61,0,37811369.76,39761000,-4.90337325519982,"filings/capitaliq/Estimates/Recent Changes/SPGlobal_GrupoBimbo,S.A.B.deC.V._RecentChanges_06-Oct-2026.xlsx",Recent Changes,871
2026-10-06,2026-02-25,Not Entitled**,Not Entitled**,EBIT (Mex$000),2026 FY,36910242.6,36910242.6,0,37811369.76,39761000,-4.90337325519982,"filings/capitaliq/Estimates/Recent Changes/SPGlobal_GrupoBimbo,S.A.B.deC.V._RecentChanges_06-Oct-2026.xlsx",Recent Changes,872
2026-10-06,2026-02-25,Not Entitled**,Not Entitled**,EBIT (Mex$000),2026 FY,-,-,-,-,-,-,"filings/capitaliq/Estimates/Recent Changes/SPGlobal_GrupoBimbo,S.A.B.deC.V._RecentChanges_06-Oct-2026.xlsx",Recent Changes,873
2026-10-06,2026-02-25,"GBM Grupo Bursátil Mexicano, S.A. de C.V. Casa de Bolsa","Carrillo Villasana, Regina",Capital Expenditures (Mex$000),2026 FY,21911000,21911000,0,27010000,25162985.93,7.34020229212122,"filings/capitaliq/Estimates/Recent Changes/SPGlobal_GrupoBimbo,S.A.B.deC.V._RecentChanges_06-Oct-2026.xlsx",Recent Changes,874
2026-10-06,2026-02-25,Itau BBA,"Fuchs, Alejandro",EPS Normalized (Mex$),2026 FY,3.39,3.39,0,3.47,3.46337,0.19143204451156,"filings/capitaliq/Estimates/Recent Changes/SPGlobal_GrupoBimbo,S.A.B.deC.V._RecentChanges_06-Oct-2026.xlsx",Recent Changes,875
2026-10-06,2026-02-25,Itau BBA,"Fuchs, Alejandro",Interest Expense (Mex$000),2026 FY,12250000,12250000,0,13970000,13423250,4.07315664984262,"filings/capitaliq/Estimates/Recent Changes/SPGlobal_GrupoBimbo,S.A.B.deC.V._RecentChanges_06-Oct-2026.xlsx",Recent Changes,876
2026-10-06,2026-02-25,Itau BBA,"Fuchs, Alejandro",Dividend per share (Mex$),2026 FY,1.05,1.05,0,0.85,0.98296,-13.52649141368927,"filings/capitaliq/Estimates/Recent Changes/SPGlobal_GrupoBimbo,S.A.B.deC.V._RecentChanges_06-Oct-2026.xlsx",Recent Changes,877
2026-10-06,2026-02-25,Itau BBA,"Fuchs, Alejandro",Capital Expenditures (Mex$000),2026 FY,25052000,25052000,0,27010000,25162985.93,7.34020229212122,"filings/capitaliq/Estimates/Recent Changes/SPGlobal_GrupoBimbo,S.A.B.deC.V._RecentChanges_06-Oct-2026.xlsx",Recent Changes,878
2026-10-06,2026-02-25,Not Entitled**,Not Entitled**,Book Value per share (Mex$),2026 FY,-,-,-,-,-,-,"filings/capitaliq/Estimates/Recent Changes/SPGlobal_GrupoBimbo,S.A.B.deC.V._RecentChanges_06-Oct-2026.xlsx",Recent Changes,879
2026-10-06,2026-02-25,Not Entitled**,Not Entitled**,Book Value per share (Mex$),2026 FY,29.18514,29.18514,0,31.07,31.04128,0.09252195785741,"filings/capitaliq/Estimates/Recent Changes/SPGlobal_GrupoBimbo,S.A.B.deC.V._RecentChanges_06-Oct-2026.xlsx",Recent Changes,880
2026-10-06,2026-02-25,Not Entitled**,Not Entitled**,Book Value per share (Mex$),2026 FY,28.41,28.41,0,31.07,31.04128,0.09252195785741,"filings/capitaliq/Estimates/Recent Changes/SPGlobal_GrupoBimbo,S.A.B.deC.V._RecentChanges_06-Oct-2026.xlsx",Recent Changes,881
2026-10-06,2026-02-25,Not Entitled**,Not Entitled**,Capital Expenditures (Mex$000),2026 FY,23902929.65,23902929.65,0,27010000,25162985.93,7.34020229212122,"filings/capitaliq/Estimates/Recent Changes/SPGlobal_GrupoBimbo,S.A.B.deC.V._RecentChanges_06-Oct-2026.xlsx",Recent Changes,882
2026-10-06,2026-02-25,Not Entitled**,Not Entitled**,Capital Expenditures (Mex$000),2026 FY,27939000,27939000,0,27010000,25162985.93,7.34020229212122,"filings/capitaliq/Estimates/Recent Changes/SPGlobal_GrupoBimbo,S.A.B.deC.V._RecentChanges_06-Oct-2026.xlsx",Recent Changes,883
2026-10-06,2026-02-25,Not Entitled**,Not Entitled**,Interest Expense (Mex$000),2026 FY,13131000,13131000,0,13970000,13423250,4.07315664984262,"filings/capitaliq/Estimates/Recent Changes/SPGlobal_GrupoBimbo,S.A.B.deC.V._RecentChanges_06-Oct-2026.xlsx",Recent Changes,884
2026-10-06,2026-02-25,Not Entitled**,Not Entitled**,Interest Expense (Mex$000),2026 FY,14342000,14342000,0,13970000,13423250,4.07315664984262,"filings/capitaliq/Estimates/Recent Changes/SPGlobal_GrupoBimbo,S.A.B.deC.V._RecentChanges_06-Oct-2026.xlsx",Recent Changes,885
2026-10-06,2026-02-25,Not Entitled**,Not Entitled**,Dividend per share (Mex$),2026 FY,-,-,-,-,-,-,"filings/capitaliq/Estimates/Recent Changes/SPGlobal_GrupoBimbo,S.A.B.deC.V._RecentChanges_06-Oct-2026.xlsx",Recent Changes,886
2026-10-06,2026-02-25,Not Entitled**,Not Entitled**,Dividend per share (Mex$),2026 FY,1.05,1.05,0,0.85,0.98296,-13.52649141368927,"filings/capitaliq/Estimates/Recent Changes/SPGlobal_GrupoBimbo,S.A.B.deC.V._RecentChanges_06-Oct-2026.xlsx",Recent Changes,887
2026-10-06,2026-02-25,Not Entitled**,Not Entitled**,Dividend per share (Mex$),2026 FY,0.98075,0.98075,0,0.85,0.98296,-13.52649141368927,"filings/capitaliq/Estimates/Recent Changes/SPGlobal_GrupoBimbo,S.A.B.deC.V._RecentChanges_06-Oct-2026.xlsx",Recent Changes,888
2026-10-06,2026-02-25,Not Entitled**,Not Entitled**,Dividend per share (Mex$),2026 FY,-,-,-,-,-,-,"filings/capitaliq/Estimates/Recent Changes/SPGlobal_GrupoBimbo,S.A.B.deC.V._RecentChanges_06-Oct-2026.xlsx",Recent Changes,889
2026-10-06,2026-02-25,Not Entitled**,Not Entitled**,Dividend per share (Mex$),2026 FY,0.99,0.99,0,0.85,0.98296,-13.52649141368927,"filings/capitaliq/Estimates/Recent Changes/SPGlobal_GrupoBimbo,S.A.B.deC.V._RecentChanges_06-Oct-2026.xlsx",Recent Changes,890
2026-10-06,2026-02-25,Not Entitled**,Not Entitled**,EPS Normalized (Mex$),2026 FY,3.309,3.309,0,3.47,3.46337,0.19143204451156,"filings/capitaliq/Estimates/Recent Changes/SPGlobal_GrupoBimbo,S.A.B.deC.V._RecentChanges_06-Oct-2026.xlsx",Recent Changes,891
2026-10-06,2026-02-25,Not Entitled**,Not Entitled**,EPS Normalized (Mex$),2026 FY,3.38,3.38,0,3.47,3.46337,0.19143204451156,"filings/capitaliq/Estimates/Recent Changes/SPGlobal_GrupoBimbo,S.A.B.deC.V._RecentChanges_06-Oct-2026.xlsx",Recent Changes,892
2026-10-06,2026-02-25,Not Entitled**,Not Entitled**,EPS Normalized (Mex$),2026 FY,3.26917,3.26917,0,3.47,3.46337,0.19143204451156,"filings/capitaliq/Estimates/Recent Changes/SPGlobal_GrupoBimbo,S.A.B.deC.V._RecentChanges_06-Oct-2026.xlsx",Recent Changes,893
2026-10-06,2026-02-25,Not Entitled**,Not Entitled**,EPS Normalized (Mex$),2026 FY,3.99,3.99,0,3.47,3.46337,0.19143204451156,"filings/capitaliq/Estimates/Recent Changes/SPGlobal_GrupoBimbo,S.A.B.deC.V._RecentChanges_06-Oct-2026.xlsx",Recent Changes,894
2026-10-06,2026-02-25,Not Entitled**,Not Entitled**,EPS Normalized (Mex$),2026 FY,3.32877,3.32877,0,3.47,3.46337,0.19143204451156,"filings/capitaliq/Estimates/Recent Changes/SPGlobal_GrupoBimbo,S.A.B.deC.V._RecentChanges_06-Oct-2026.xlsx",Recent Changes,895
2026-10-06,2026-02-25,Not Entitled**,Not Entitled**,EPS Normalized (Mex$),2026 FY,3.57,3.57,0,3.47,3.46337,0.19143204451156,"filings/capitaliq/Estimates/Recent Changes/SPGlobal_GrupoBimbo,S.A.B.deC.V._RecentChanges_06-Oct-2026.xlsx",Recent Changes,896
2026-10-06,2026-02-25,"Actinver Case de Bolsa, S.A. de C.V.","Hernandez Velez Leija, Antonio",Gross Margin (%),2026 FY,52.4,52.4,0,52.9,52.75,0.28436018957346,"filings/capitaliq/Estimates/Recent Changes/SPGlobal_GrupoBimbo,S.A.B.deC.V._RecentChanges_06-Oct-2026.xlsx",Recent Changes,897
2026-10-06,2026-02-25,"GBM Grupo Bursátil Mexicano, S.A. de C.V. Casa de Bolsa","Carrillo Villasana, Regina",EBITDA (Mex$000),2026 FY,64466000,64466000,0,64119000,63260488.86,1.35710481450744,"filings/capitaliq/Estimates/Recent Changes/SPGlobal_GrupoBimbo,S.A.B.deC.V._RecentChanges_06-Oct-2026.xlsx",Recent Changes,898
2026-10-06,2026-02-25,"GBM Grupo Bursátil Mexicano, S.A. de C.V. Casa de Bolsa","Carrillo Villasana, Regina",Net Income Normalized (Mex$000),2026 FY,25036000,25036000,0,15215000,16665962.34,-8.70614195807669,"filings/capitaliq/Estimates/Recent Changes/SPGlobal_GrupoBimbo,S.A.B.deC.V._RecentChanges_06-Oct-2026.xlsx",Recent Changes,899
2026-10-06,2026-02-25,"GBM Grupo Bursátil Mexicano, S.A. de C.V. Casa de Bolsa","Carrillo Villasana, Regina",Net Debt (Mex$000),2026 FY,156232000,156232000,0,163996000,148346418.13,10.54934933197096,"filings/capitaliq/Estimates/Recent Changes/SPGlobal_GrupoBimbo,S.A.B.deC.V._RecentChanges_06-Oct-2026.xlsx",Recent Changes,900
2026-10-06,2026-02-25,"GBM Grupo Bursátil Mexicano, S.A. de C.V. Casa de Bolsa","Carrillo Villasana, Regina",Revenue (Mex$000),2026 FY,450605000,450605000,0,450173000,442781519.75,1.66932898513319,"filings/capitaliq/Estimates/Recent Changes/SPGlobal_GrupoBimbo,S.A.B.deC.V._RecentChanges_06-Oct-2026.xlsx",Recent Changes,901
2026-10-06,2026-02-25,Itau BBA,"Fuchs, Alejandro",Revenue (Mex$000),2026 FY,447052000,447052000,0,450173000,442781519.75,1.66932898513319,"filings/capitaliq/Estimates/Recent Changes/SPGlobal_GrupoBimbo,S.A.B.deC.V._RecentChanges_06-Oct-2026.xlsx",Recent Changes,902
2026-10-06,2026-02-25,Itau BBA,"Fuchs, Alejandro",Net Income Normalized (Mex$000),2026 FY,15171000,15171000,0,15215000,16665962.34,-8.70614195807669,"filings/capitaliq/Estimates/Recent Changes/SPGlobal_GrupoBimbo,S.A.B.deC.V._RecentChanges_06-Oct-2026.xlsx",Recent Changes,903
2026-10-06,2026-02-25,Itau BBA,"Fuchs, Alejandro",EBITDA (Mex$000),2026 FY,63190000,63190000,0,64119000,63260488.86,1.35710481450744,"filings/capitaliq/Estimates/Recent Changes/SPGlobal_GrupoBimbo,S.A.B.deC.V._RecentChanges_06-Oct-2026.xlsx",Recent Changes,904
2026-10-06,2026-02-25,Itau BBA,"Fuchs, Alejandro",Gross Margin (%),2026 FY,53.5,53.5,0,52.9,52.75,0.28436018957346,"filings/capitaliq/Estimates/Recent Changes/SPGlobal_GrupoBimbo,S.A.B.deC.V._RecentChanges_06-Oct-2026.xlsx",Recent Changes,905
2026-10-06,2026-02-25,Itau BBA,"Fuchs, Alejandro",Net Debt (Mex$000),2026 FY,138353000,138353000,0,163996000,148346418.13,10.54934933197096,"filings/capitaliq/Estimates/Recent Changes/SPGlobal_GrupoBimbo,S.A.B.deC.V._RecentChanges_06-Oct-2026.xlsx",Recent Changes,906
2026-10-06,2026-02-25,Itau BBA,"Fuchs, Alejandro",EBIT (Mex$000),2026 FY,38016000,38016000,0,39761000,38087995.34,4.39247233955369,"filings/capitaliq/Estimates/Recent Changes/SPGlobal_GrupoBimbo,S.A.B.deC.V._RecentChanges_06-Oct-2026.xlsx",Recent Changes,907
2026-10-06,2026-02-25,Not Entitled**,Not Entitled**,EBT Normalized (Mex$000),2026 FY,-,-,-,-,-,-,"filings/capitaliq/Estimates/Recent Changes/SPGlobal_GrupoBimbo,S.A.B.deC.V._RecentChanges_06-Oct-2026.xlsx",Recent Changes,908
2026-10-06,2026-02-25,Not Entitled**,Not Entitled**,EBT Normalized (Mex$000),2026 FY,25778000,25778000,0,26219000,25778286.87,1.70962924038559,"filings/capitaliq/Estimates/Recent Changes/SPGlobal_GrupoBimbo,S.A.B.deC.V._RecentChanges_06-Oct-2026.xlsx",Recent Changes,909
2026-10-06,2026-02-25,Not Entitled**,Not Entitled**,EBT Normalized (Mex$000),2026 FY,25219230,25219230,0,26219000,25778286.87,1.70962924038559,"filings/capitaliq/Estimates/Recent Changes/SPGlobal_GrupoBimbo,S.A.B.deC.V._RecentChanges_06-Oct-2026.xlsx",Recent Changes,910
2026-10-06,2026-02-25,Not Entitled**,Not Entitled**,EBT Normalized (Mex$000),2026 FY,26083000,26083000,0,26219000,25778286.87,1.70962924038559,"filings/capitaliq/Estimates/Recent Changes/SPGlobal_GrupoBimbo,S.A.B.deC.V._RecentChanges_06-Oct-2026.xlsx",Recent Changes,911
2026-10-06,2026-02-25,Not Entitled**,Not Entitled**,EBITDA (Mex$000),2026 FY,-,-,-,-,-,-,"filings/capitaliq/Estimates/Recent Changes/SPGlobal_GrupoBimbo,S.A.B.deC.V._RecentChanges_06-Oct-2026.xlsx",Recent Changes,912
2026-10-06,2026-02-25,Not Entitled**,Not Entitled**,EBITDA (Mex$000),2026 FY,62952378.75,62952378.75,0,64119000,63260488.86,1.35710481450744,"filings/capitaliq/Estimates/Recent Changes/SPGlobal_GrupoBimbo,S.A.B.deC.V._RecentChanges_06-Oct-2026.xlsx",Recent Changes,913
2026-10-06,2026-02-25,Not Entitled**,Not Entitled**,EBITDA (Mex$000),2026 FY,63955000,63955000,0,64119000,63260488.86,1.35710481450744,"filings/capitaliq/Estimates/Recent Changes/SPGlobal_GrupoBimbo,S.A.B.deC.V._RecentChanges_06-Oct-2026.xlsx",Recent Changes,914
2026-10-06,2026-02-25,Not Entitled**,Not Entitled**,EBITDA (Mex$000),2026 FY,61660892.72,61660892.72,0,64119000,63260488.86,1.35710481450744,"filings/capitaliq/Estimates/Recent Changes/SPGlobal_GrupoBimbo,S.A.B.deC.V._RecentChanges_06-Oct-2026.xlsx",Recent Changes,915
2026-10-06,2026-02-25,Not Entitled**,Not Entitled**,EBITDA (Mex$000),2026 FY,-,-,-,-,-,-,"filings/capitaliq/Estimates/Recent Changes/SPGlobal_GrupoBimbo,S.A.B.deC.V._RecentChanges_06-Oct-2026.xlsx",Recent Changes,916
2026-10-06,2026-02-25,Not Entitled**,Not Entitled**,EBITDA (Mex$000),2026 FY,62674260.24,62674260.24,0,64119000,63260488.86,1.35710481450744,"filings/capitaliq/Estimates/Recent Changes/SPGlobal_GrupoBimbo,S.A.B.deC.V._RecentChanges_06-Oct-2026.xlsx",Recent Changes,917
2026-10-06,2026-02-25,Not Entitled**,Not Entitled**,EBITDA (Mex$000),2026 FY,65564000,65564000,0,64119000,63260488.86,1.35710481450744,"filings/capitaliq/Estimates/Recent Changes/SPGlobal_GrupoBimbo,S.A.B.deC.V._RecentChanges_06-Oct-2026.xlsx",Recent Changes,918
2026-10-06,2026-02-25,Not Entitled**,Not Entitled**,EBIT (Mex$000),2026 FY,-,-,-,-,-,-,"filings/capitaliq/Estimates/Recent Changes/SPGlobal_GrupoBimbo,S.A.B.deC.V._RecentChanges_06-Oct-2026.xlsx",Recent Changes,919
2026-10-06,2026-02-25,Not Entitled**,Not Entitled**,EBIT (Mex$000),2026 FY,36910242.6,36910242.6,0,39761000,38087995.34,4.39247233955369,"filings/capitaliq/Estimates/Recent Changes/SPGlobal_GrupoBimbo,S.A.B.deC.V._RecentChanges_06-Oct-2026.xlsx",Recent Changes,920
2026-10-06,2026-02-25,Not Entitled**,Not Entitled**,EBIT (Mex$000),2026 FY,37169799.61,37169799.61,0,39761000,38087995.34,4.39247233955369,"filings/capitaliq/Estimates/Recent Changes/SPGlobal_GrupoBimbo,S.A.B.deC.V._RecentChanges_06-Oct-2026.xlsx",Recent Changes,921
2026-10-06,2026-02-25,Not Entitled**,Not Entitled**,EBIT (Mex$000),2026 FY,-,-,-,-,-,-,"filings/capitaliq/Estimates/Recent Changes/SPGlobal_GrupoBimbo,S.A.B.deC.V._RecentChanges_06-Oct-2026.xlsx",Recent Changes,922
2026-10-06,2026-02-25,Not Entitled**,Not Entitled**,EBIT (Mex$000),2026 FY,38613763.78,38613763.78,0,39761000,38087995.34,4.39247233955369,"filings/capitaliq/Estimates/Recent Changes/SPGlobal_GrupoBimbo,S.A.B.deC.V._RecentChanges_06-Oct-2026.xlsx",Recent Changes,923
2026-10-06,2026-02-25,Not Entitled**,Not Entitled**,EBIT (Mex$000),2026 FY,39989000,39989000,0,39761000,38087995.34,4.39247233955369,"filings/capitaliq/Estimates/Recent Changes/SPGlobal_GrupoBimbo,S.A.B.deC.V._RecentChanges_06-Oct-2026.xlsx",Recent Changes,924
2026-10-06,2026-02-25,Not Entitled**,Not Entitled**,Revenue (Mex$000),2026 FY,-,-,-,-,-,-,"filings/capitaliq/Estimates/Recent Changes/SPGlobal_GrupoBimbo,S.A.B.deC.V._RecentChanges_06-Oct-2026.xlsx",Recent Changes,925
2026-10-06,2026-02-25,Not Entitled**,Not Entitled**,Revenue (Mex$000),2026 FY,442010404.3,442010404.3,0,450173000,442781519.75,1.66932898513319,"filings/capitaliq/Estimates/Recent Changes/SPGlobal_GrupoBimbo,S.A.B.deC.V._RecentChanges_06-Oct-2026.xlsx",Recent Changes,926
2026-10-06,2026-02-25,Not Entitled**,Not Entitled**,Revenue (Mex$000),2026 FY,461572000,461572000,0,450173000,442781519.75,1.66932898513319,"filings/capitaliq/Estimates/Recent Changes/SPGlobal_GrupoBimbo,S.A.B.deC.V._RecentChanges_06-Oct-2026.xlsx",Recent Changes,927
2026-10-06,2026-02-25,Not Entitled**,Not Entitled**,Revenue (Mex$000),2026 FY,432050006.18,432050006.18,0,450173000,442781519.75,1.66932898513319,"filings/capitaliq/Estimates/Recent Changes/SPGlobal_GrupoBimbo,S.A.B.deC.V._RecentChanges_06-Oct-2026.xlsx",Recent Changes,928
2026-10-06,2026-02-25,Not Entitled**,Not Entitled**,Revenue (Mex$000),2026 FY,-,-,-,-,-,-,"filings/capitaliq/Estimates/Recent Changes/SPGlobal_GrupoBimbo,S.A.B.deC.V._RecentChanges_06-Oct-2026.xlsx",Recent Changes,929
2026-10-06,2026-02-25,Not Entitled**,Not Entitled**,Net Income Normalized (Mex$000),2026 FY,14556280,14556280,0,15215000,16665962.34,-8.70614195807669,"filings/capitaliq/Estimates/Recent Changes/SPGlobal_GrupoBimbo,S.A.B.deC.V._RecentChanges_06-Oct-2026.xlsx",Recent Changes,930
2026-10-06,2026-02-25,Not Entitled**,Not Entitled**,Net Income Normalized (Mex$000),2026 FY,14329494.06,14329494.06,0,15215000,16665962.34,-8.70614195807669,"filings/capitaliq/Estimates/Recent Changes/SPGlobal_GrupoBimbo,S.A.B.deC.V._RecentChanges_06-Oct-2026.xlsx",Recent Changes,931
2026-10-06,2026-02-25,Not Entitled**,Not Entitled**,Net Income Normalized (Mex$000),2026 FY,15688000,15688000,0,15215000,16665962.34,-8.70614195807669,"filings/capitaliq/Estimates/Recent Changes/SPGlobal_GrupoBimbo,S.A.B.deC.V._RecentChanges_06-Oct-2026.xlsx",Recent Changes,932
2026-10-06,2026-02-25,Not Entitled**,Not Entitled**,Net Debt (Mex$000),2026 FY,-,-,-,-,-,-,"filings/capitaliq/Estimates/Recent Changes/SPGlobal_GrupoBimbo,S.A.B.deC.V._RecentChanges_06-Oct-2026.xlsx",Recent Changes,933
2026-10-06,2026-02-25,Not Entitled**,Not Entitled**,Net Debt (Mex$000),2026 FY,129258923.3,129258923.3,0,163996000,148346418.13,10.54934933197096,"filings/capitaliq/Estimates/Recent Changes/SPGlobal_GrupoBimbo,S.A.B.deC.V._RecentChanges_06-Oct-2026.xlsx",Recent Changes,934
2026-10-06,2026-02-25,Not Entitled**,Not Entitled**,Net Debt (Mex$000),2026 FY,151792550.27,151792550.27,0,163996000,148346418.13,10.54934933197096,"filings/capitaliq/Estimates/Recent Changes/SPGlobal_GrupoBimbo,S.A.B.deC.V._RecentChanges_06-Oct-2026.xlsx",Recent Changes,935
2026-10-06,2026-02-25,Not Entitled**,Not Entitled**,Net Debt (Mex$000),2026 FY,173184000,173184000,0,163996000,148346418.13,10.54934933197096,"filings/capitaliq/Estimates/Recent Changes/SPGlobal_GrupoBimbo,S.A.B.deC.V._RecentChanges_06-Oct-2026.xlsx",Recent Changes,936
2026-10-06,2026-02-25,Not Entitled**,Not Entitled**,Revenue (Mex$000),2026 FY,429835407.05,429835407.05,0,450173000,442781519.75,1.66932898513319,"filings/capitaliq/Estimates/Recent Changes/SPGlobal_GrupoBimbo,S.A.B.deC.V._RecentChanges_06-Oct-2026.xlsx",Recent Changes,937
2026-10-06,2026-02-25,Not Entitled**,Not Entitled**,Revenue (Mex$000),2026 FY,447810000,447810000,0,450173000,442781519.75,1.66932898513319,"filings/capitaliq/Estimates/Recent Changes/SPGlobal_GrupoBimbo,S.A.B.deC.V._RecentChanges_06-Oct-2026.xlsx",Recent Changes,938
2026-10-06,2026-02-25,Not Entitled**,Not Entitled**,Gross Margin (%),2026 FY,52.2,52.2,0,52.9,52.75,0.28436018957346,"filings/capitaliq/Estimates/Recent Changes/SPGlobal_GrupoBimbo,S.A.B.deC.V._RecentChanges_06-Oct-2026.xlsx",Recent Changes,939
2026-10-06,2026-02-09,Not Entitled**,Not Entitled**,EPS Normalized (Mex$),2026 FQ3,0.946,0.983,-3.7639,1.013,1.0315,-1.79350460494426,"filings/capitaliq/Estimates/Recent Changes/SPGlobal_GrupoBimbo,S.A.B.deC.V._RecentChanges_06-Oct-2026.xlsx",Recent Changes,940
2026-10-06,2026-02-09,Not Entitled**,Not Entitled**,EPS Normalized (Mex$),2026 FQ4,1,1.062,-5.838,1.06,1.091,-2.84142988084326,"filings/capitaliq/Estimates/Recent Changes/SPGlobal_GrupoBimbo,S.A.B.deC.V._RecentChanges_06-Oct-2026.xlsx",Recent Changes,941
2026-10-06,2026-02-09,Not Entitled**,Not Entitled**,EPS Normalized (Mex$),2026 FY,3.309,3.446,-3.9756,3.46337,3.48049,-0.49188476335229,"filings/capitaliq/Estimates/Recent Changes/SPGlobal_GrupoBimbo,S.A.B.deC.V._RecentChanges_06-Oct-2026.xlsx",Recent Changes,942
2026-10-06,2026-02-09,"Actinver Case de Bolsa, S.A. de C.V.","Hernandez Velez Leija, Antonio",Target Price,Non-Periodic,70,73,-4.109589099884033,68.33333,68.58333,-0.3645200729370117,"filings/capitaliq/Estimates/Recent Changes/SPGlobal_GrupoBimbo,S.A.B.deC.V._RecentChanges_06-Oct-2026.xlsx",Recent Changes,943
2026-10-06,2026-01-13,Not Entitled**,Not Entitled**,ROE (%),2026 FY,-,-,-,-,-,-,"filings/capitaliq/Estimates/Recent Changes/SPGlobal_GrupoBimbo,S.A.B.deC.V._RecentChanges_06-Oct-2026.xlsx",Recent Changes,944
2026-10-06,2026-01-13,Not Entitled**,Not Entitled**,Revenue (Mex$000),2026 FY,-,-,-,-,-,-,"filings/capitaliq/Estimates/Recent Changes/SPGlobal_GrupoBimbo,S.A.B.deC.V._RecentChanges_06-Oct-2026.xlsx",Recent Changes,945
2026-10-06,2026-01-13,Not Entitled**,Not Entitled**,Net Income (GAAP) (Mex$000),2026 FY,-,-,-,-,-,-,"filings/capitaliq/Estimates/Recent Changes/SPGlobal_GrupoBimbo,S.A.B.deC.V._RecentChanges_06-Oct-2026.xlsx",Recent Changes,946
2026-10-06,2026-01-13,Not Entitled**,Not Entitled**,EBITDA (Mex$000),2026 FY,-,-,-,-,-,-,"filings/capitaliq/Estimates/Recent Changes/SPGlobal_GrupoBimbo,S.A.B.deC.V._RecentChanges_06-Oct-2026.xlsx",Recent Changes,947
2026-10-06,2026-01-13,Not Entitled**,Not Entitled**,EBT Normalized (Mex$000),2026 FY,-,-,-,-,-,-,"filings/capitaliq/Estimates/Recent Changes/SPGlobal_GrupoBimbo,S.A.B.deC.V._RecentChanges_06-Oct-2026.xlsx",Recent Changes,948
2026-10-06,2026-01-13,Not Entitled**,Not Entitled**,EBIT (Mex$000),2026 FY,-,-,-,-,-,-,"filings/capitaliq/Estimates/Recent Changes/SPGlobal_GrupoBimbo,S.A.B.deC.V._RecentChanges_06-Oct-2026.xlsx",Recent Changes,949
2026-10-06,2026-01-13,Not Entitled**,Not Entitled**,Dividend per share (Mex$),2026 FY,-,-,-,-,-,-,"filings/capitaliq/Estimates/Recent Changes/SPGlobal_GrupoBimbo,S.A.B.deC.V._RecentChanges_06-Oct-2026.xlsx",Recent Changes,950
2026-10-06,2026-01-13,Not Entitled**,Not Entitled**,EPS (GAAP) (Mex$),2026 FY,-,-,-,-,-,-,"filings/capitaliq/Estimates/Recent Changes/SPGlobal_GrupoBimbo,S.A.B.deC.V._RecentChanges_06-Oct-2026.xlsx",Recent Changes,951
2026-10-06,2025-12-23,Not Entitled**,Not Entitled**,EPS (GAAP) (Mex$),2026 FY,-,-,-,-,-,-,"filings/capitaliq/Estimates/Recent Changes/SPGlobal_GrupoBimbo,S.A.B.deC.V._RecentChanges_06-Oct-2026.xlsx",Recent Changes,952
2026-10-06,2025-12-23,Not Entitled**,Not Entitled**,Dividend per share (Mex$),2026 FY,-,-,-,-,-,-,"filings/capitaliq/Estimates/Recent Changes/SPGlobal_GrupoBimbo,S.A.B.deC.V._RecentChanges_06-Oct-2026.xlsx",Recent Changes,953
2026-10-06,2025-12-23,Not Entitled**,Not Entitled**,Book Value per share (Mex$),2026 FY,-,-,-,-,-,-,"filings/capitaliq/Estimates/Recent Changes/SPGlobal_GrupoBimbo,S.A.B.deC.V._RecentChanges_06-Oct-2026.xlsx",Recent Changes,954
2026-10-06,2025-12-23,Not Entitled**,Not Entitled**,EBIT (Mex$000),2026 FY,-,-,-,-,-,-,"filings/capitaliq/Estimates/Recent Changes/SPGlobal_GrupoBimbo,S.A.B.deC.V._RecentChanges_06-Oct-2026.xlsx",Recent Changes,955
2026-10-06,2025-12-23,Not Entitled**,Not Entitled**,EBT (GAAP) (Mex$000),2026 FY,-,-,-,-,-,-,"filings/capitaliq/Estimates/Recent Changes/SPGlobal_GrupoBimbo,S.A.B.deC.V._RecentChanges_06-Oct-2026.xlsx",Recent Changes,956
2026-10-06,2025-12-23,Not Entitled**,Not Entitled**,EBITDA (Mex$000),2026 FY,-,-,-,-,-,-,"filings/capitaliq/Estimates/Recent Changes/SPGlobal_GrupoBimbo,S.A.B.deC.V._RecentChanges_06-Oct-2026.xlsx",Recent Changes,957
2026-10-06,2025-12-23,Not Entitled**,Not Entitled**,Net Income (GAAP) (Mex$000),2026 FY,-,-,-,-,-,-,"filings/capitaliq/Estimates/Recent Changes/SPGlobal_GrupoBimbo,S.A.B.deC.V._RecentChanges_06-Oct-2026.xlsx",Recent Changes,958
2026-10-06,2025-12-23,Not Entitled**,Not Entitled**,Net Debt (Mex$000),2026 FY,-,-,-,-,-,-,"filings/capitaliq/Estimates/Recent Changes/SPGlobal_GrupoBimbo,S.A.B.deC.V._RecentChanges_06-Oct-2026.xlsx",Recent Changes,959
2026-10-06,2025-12-23,Not Entitled**,Not Entitled**,Revenue (Mex$000),2026 FY,-,-,-,-,-,-,"filings/capitaliq/Estimates/Recent Changes/SPGlobal_GrupoBimbo,S.A.B.deC.V._RecentChanges_06-Oct-2026.xlsx",Recent Changes,960
2026-10-06,2025-12-23,Not Entitled**,Not Entitled**,ROE (%),2026 FY,-,-,-,-,-,-,"filings/capitaliq/Estimates/Recent Changes/SPGlobal_GrupoBimbo,S.A.B.deC.V._RecentChanges_06-Oct-2026.xlsx",Recent Changes,961
2026-10-06,2025-12-23,Not Entitled**,Not Entitled**,TEV (Mex$000),2026 FY,-,-,-,-,-,-,"filings/capitaliq/Estimates/Recent Changes/SPGlobal_GrupoBimbo,S.A.B.deC.V._RecentChanges_06-Oct-2026.xlsx",Recent Changes,962
2026-10-06,2025-12-19,Not Entitled**,Not Entitled**,ROE (%),2026 FY,-,-,-,-,-,-,"filings/capitaliq/Estimates/Recent Changes/SPGlobal_GrupoBimbo,S.A.B.deC.V._RecentChanges_06-Oct-2026.xlsx",Recent Changes,963
2026-10-06,2025-12-19,Not Entitled**,Not Entitled**,Revenue (Mex$000),2026 FY,-,-,-,-,-,-,"filings/capitaliq/Estimates/Recent Changes/SPGlobal_GrupoBimbo,S.A.B.deC.V._RecentChanges_06-Oct-2026.xlsx",Recent Changes,964
2026-10-06,2025-12-19,Not Entitled**,Not Entitled**,Net Income (GAAP) (Mex$000),2026 FY,-,-,-,-,-,-,"filings/capitaliq/Estimates/Recent Changes/SPGlobal_GrupoBimbo,S.A.B.deC.V._RecentChanges_06-Oct-2026.xlsx",Recent Changes,965
2026-10-06,2025-12-19,Not Entitled**,Not Entitled**,EBITDA (Mex$000),2026 FY,-,-,-,-,-,-,"filings/capitaliq/Estimates/Recent Changes/SPGlobal_GrupoBimbo,S.A.B.deC.V._RecentChanges_06-Oct-2026.xlsx",Recent Changes,966
2026-10-06,2025-12-19,Not Entitled**,Not Entitled**,EBT Normalized (Mex$000),2026 FY,-,-,-,-,-,-,"filings/capitaliq/Estimates/Recent Changes/SPGlobal_GrupoBimbo,S.A.B.deC.V._RecentChanges_06-Oct-2026.xlsx",Recent Changes,967
2026-10-06,2025-12-19,Not Entitled**,Not Entitled**,EBIT (Mex$000),2026 FY,-,-,-,-,-,-,"filings/capitaliq/Estimates/Recent Changes/SPGlobal_GrupoBimbo,S.A.B.deC.V._RecentChanges_06-Oct-2026.xlsx",Recent Changes,968
2026-10-06,2025-12-19,Not Entitled**,Not Entitled**,Dividend per share (Mex$),2026 FY,-,-,-,-,-,-,"filings/capitaliq/Estimates/Recent Changes/SPGlobal_GrupoBimbo,S.A.B.deC.V._RecentChanges_06-Oct-2026.xlsx",Recent Changes,969
2026-10-06,2025-12-19,Not Entitled**,Not Entitled**,EPS (GAAP) (Mex$),2026 FY,-,-,-,-,-,-,"filings/capitaliq/Estimates/Recent Changes/SPGlobal_GrupoBimbo,S.A.B.deC.V._RecentChanges_06-Oct-2026.xlsx",Recent Changes,970
2026-10-06,2025-12-16,Not Entitled**,Not Entitled**,TEV (Mex$000),2026 FY,-,-,-,-,-,-,"filings/capitaliq/Estimates/Recent Changes/SPGlobal_GrupoBimbo,S.A.B.deC.V._RecentChanges_06-Oct-2026.xlsx",Recent Changes,971
2026-10-06,2025-12-10,Santander,"Argote Bolio, Ulises",EBIT (Mex$000),2026 FY,39761000,44891000,-11.4276,37920823.41,38433823.41,-1.33476181780687,"filings/capitaliq/Estimates/Recent Changes/SPGlobal_GrupoBimbo,S.A.B.deC.V._RecentChanges_06-Oct-2026.xlsx",Recent Changes,972
2026-10-06,2025-12-10,Santander,"Argote Bolio, Ulises",Depreciation & Amortization (Mex$000),2026 FY,24358000,24819000,-1.8574,24664666.67,24818000,-0.61783113063099,"filings/capitaliq/Estimates/Recent Changes/SPGlobal_GrupoBimbo,S.A.B.deC.V._RecentChanges_06-Oct-2026.xlsx",Recent Changes,973
2026-10-06,2025-12-10,Santander,"Argote Bolio, Ulises",Capital Expenditures (Mex$000),2026 FY,27010000,28458000,-5.0882,25162985.93,25452585.93,-1.13780187520616,"filings/capitaliq/Estimates/Recent Changes/SPGlobal_GrupoBimbo,S.A.B.deC.V._RecentChanges_06-Oct-2026.xlsx",Recent Changes,974
2026-10-06,2025-12-10,Santander,"Argote Bolio, Ulises",EBT Normalized (Mex$000),2026 FY,26219000,30726000,-14.6683,25761600.16,25647250.2,0.44585660883052,"filings/capitaliq/Estimates/Recent Changes/SPGlobal_GrupoBimbo,S.A.B.deC.V._RecentChanges_06-Oct-2026.xlsx",Recent Changes,975
2026-10-06,2025-12-10,Santander,"Argote Bolio, Ulises",Recommendation,Non-Periodic,Hold (3),Buy (1), ,Hold (2.92),Hold (2.75), ,"filings/capitaliq/Estimates/Recent Changes/SPGlobal_GrupoBimbo,S.A.B.deC.V._RecentChanges_06-Oct-2026.xlsx",Recent Changes,976
2026-10-06,2025-12-10,Santander,"Argote Bolio, Ulises",EBITDA (Mex$000),2026 FY,64119000,69710000,-8.0203,63303593.78,63811866.5,-0.79651755680897,"filings/capitaliq/Estimates/Recent Changes/SPGlobal_GrupoBimbo,S.A.B.deC.V._RecentChanges_06-Oct-2026.xlsx",Recent Changes,977
2026-10-06,2025-12-10,Santander,"Argote Bolio, Ulises",Revenue (Mex$000),2026 FY,450173000,474298000,-5.0864,445097656.27,447290838.09,-0.490325674759,"filings/capitaliq/Estimates/Recent Changes/SPGlobal_GrupoBimbo,S.A.B.deC.V._RecentChanges_06-Oct-2026.xlsx",Recent Changes,978
2026-10-06,2025-12-10,Santander,"Argote Bolio, Ulises","Selling, General and Administrative Expense (Mex$000)",2026 FY,193836000,202305000,-4.1862,191507666.67,190343500,0.61161356705115,"filings/capitaliq/Estimates/Recent Changes/SPGlobal_GrupoBimbo,S.A.B.deC.V._RecentChanges_06-Oct-2026.xlsx",Recent Changes,979
2026-10-06,2025-12-10,Santander,"Argote Bolio, Ulises",Net Income Normalized (Mex$000),2026 FY,15215000,18841000,-19.2452,16215539.15,16733539.15,-3.09557945486983,"filings/capitaliq/Estimates/Recent Changes/SPGlobal_GrupoBimbo,S.A.B.deC.V._RecentChanges_06-Oct-2026.xlsx",Recent Changes,980
2026-10-06,2025-12-10,Santander,"Argote Bolio, Ulises",Net Debt (Mex$000),2026 FY,163996000,158701000,3.3364,149423014.78,148666586.21,0.5088087305183,"filings/capitaliq/Estimates/Recent Changes/SPGlobal_GrupoBimbo,S.A.B.deC.V._RecentChanges_06-Oct-2026.xlsx",Recent Changes,981
2026-10-06,2025-12-10,Santander,"Argote Bolio, Ulises",Interest Expense (Mex$000),2026 FY,13970000,14702000,-4.9789,13423250,13606250,-1.3449701423978,"filings/capitaliq/Estimates/Recent Changes/SPGlobal_GrupoBimbo,S.A.B.deC.V._RecentChanges_06-Oct-2026.xlsx",Recent Changes,982
2026-10-06,2025-12-10,Santander,"Argote Bolio, Ulises",Gross Margin (%),2026 FY,52.9,53.1,-0.3766,52.75,52.7,0.09487666034156,"filings/capitaliq/Estimates/Recent Changes/SPGlobal_GrupoBimbo,S.A.B.deC.V._RecentChanges_06-Oct-2026.xlsx",Recent Changes,983
2026-10-06,2025-12-10,Santander,"Argote Bolio, Ulises",Effective Tax Rate (%),2026 FY,33,32,3.125,34.03333,34.55,-1.49542691751085,"filings/capitaliq/Estimates/Recent Changes/SPGlobal_GrupoBimbo,S.A.B.deC.V._RecentChanges_06-Oct-2026.xlsx",Recent Changes,984
2026-10-06,2025-12-10,Santander,"Argote Bolio, Ulises",Target Price,Non-Periodic,70,76,-7.8947367668151855,68.58333,69.08333,-0.7237635850906372,"filings/capitaliq/Estimates/Recent Changes/SPGlobal_GrupoBimbo,S.A.B.deC.V._RecentChanges_06-Oct-2026.xlsx",Recent Changes,985
2026-10-06,2025-12-10,Santander,"Argote Bolio, Ulises",Book Value per share (Mex$),2026 FY,31.07,35.85,-13.3333,30.82878,32.02378,-3.73160195329846,"filings/capitaliq/Estimates/Recent Changes/SPGlobal_GrupoBimbo,S.A.B.deC.V._RecentChanges_06-Oct-2026.xlsx",Recent Changes,986
2026-10-06,2025-12-10,Santander,"Argote Bolio, Ulises",EPS Normalized (Mex$),2026 FY,3.47,4.29,-19.1142,3.44044,3.53155,-2.57988701844799,"filings/capitaliq/Estimates/Recent Changes/SPGlobal_GrupoBimbo,S.A.B.deC.V._RecentChanges_06-Oct-2026.xlsx",Recent Changes,987
2026-10-06,2025-12-10,Santander,"Argote Bolio, Ulises",Dividend per share (Mex$),2026 FY,0.85,1.08,-21.2962,0.99096,1.02382,-3.20954855345666,"filings/capitaliq/Estimates/Recent Changes/SPGlobal_GrupoBimbo,S.A.B.deC.V._RecentChanges_06-Oct-2026.xlsx",Recent Changes,988
2026-10-06,2025-12-08,Not Entitled**,Not Entitled**,Target Price,Non-Periodic,63,60,5,69.08333,68.83333,0.36319613456726074,"filings/capitaliq/Estimates/Recent Changes/SPGlobal_GrupoBimbo,S.A.B.deC.V._RecentChanges_06-Oct-2026.xlsx",Recent Changes,989
2026-10-06,2025-12-08,Not Entitled**,Not Entitled**,EPS (GAAP) (Mex$),2026 FY,3.38,3.44,-1.7441,3.57957,3.58623,-0.18571034205837,"filings/capitaliq/Estimates/Recent Changes/SPGlobal_GrupoBimbo,S.A.B.deC.V._RecentChanges_06-Oct-2026.xlsx",Recent Changes,990
2026-10-06,2025-12-08,Not Entitled**,Not Entitled**,EPS Normalized (Mex$),2026 FY,3.38,3.44,-1.7441,3.53155,3.53822,-0.1885128680523,"filings/capitaliq/Estimates/Recent Changes/SPGlobal_GrupoBimbo,S.A.B.deC.V._RecentChanges_06-Oct-2026.xlsx",Recent Changes,991
2026-10-06,2025-12-08,Not Entitled**,Not Entitled**,Cash flow per share (Mex$),2026 FY,9.39942,9.6147,-2.239,9.35054,9.45818,-1.13806250251105,"filings/capitaliq/Estimates/Recent Changes/SPGlobal_GrupoBimbo,S.A.B.deC.V._RecentChanges_06-Oct-2026.xlsx",Recent Changes,992
2026-10-06,2025-12-08,Not Entitled**,Not Entitled**,Net Income Normalized (Mex$000),2026 FY,14556280,14815380,-1.7488,16733539.15,16770553.44,-0.22071000895961,"filings/capitaliq/Estimates/Recent Changes/SPGlobal_GrupoBimbo,S.A.B.deC.V._RecentChanges_06-Oct-2026.xlsx",Recent Changes,993
2026-10-06,2025-12-08,Not Entitled**,Not Entitled**,Net Income (GAAP) (Mex$000),2026 FY,14556283.64,14815382.21,-1.7488,16440167.9,16468956.63,-0.17480603444883,"filings/capitaliq/Estimates/Recent Changes/SPGlobal_GrupoBimbo,S.A.B.deC.V._RecentChanges_06-Oct-2026.xlsx",Recent Changes,994
2026-10-06,2025-12-08,Not Entitled**,Not Entitled**,Revenue (Mex$000),2026 FY,442010404.3,453834120.24,-2.6052,447290838.09,448365721.36,-0.23973359665847,"filings/capitaliq/Estimates/Recent Changes/SPGlobal_GrupoBimbo,S.A.B.deC.V._RecentChanges_06-Oct-2026.xlsx",Recent Changes,995
2026-10-06,2025-12-08,Not Entitled**,Not Entitled**,EBITDA (Mex$000),2026 FY,62952378.75,65060131.13,-3.2396,63811866.5,64003480.36,-0.29938037575805,"filings/capitaliq/Estimates/Recent Changes/SPGlobal_GrupoBimbo,S.A.B.deC.V._RecentChanges_06-Oct-2026.xlsx",Recent Changes,996
2026-10-06,2025-12-08,Not Entitled**,Not Entitled**,EBT Normalized (Mex$000),2026 FY,25219230,25282610,-0.2506,25647250.2,25663095.2,-0.06174235756254,"filings/capitaliq/Estimates/Recent Changes/SPGlobal_GrupoBimbo,S.A.B.deC.V._RecentChanges_06-Oct-2026.xlsx",Recent Changes,997
2026-10-06,2025-12-08,Not Entitled**,Not Entitled**,EBIT (Mex$000),2026 FY,36910242.6,38281599.95,-3.5822,38433823.41,38570959.15,-0.35554143070876,"filings/capitaliq/Estimates/Recent Changes/SPGlobal_GrupoBimbo,S.A.B.deC.V._RecentChanges_06-Oct-2026.xlsx",Recent Changes,998
2026-10-06,2025-12-01,Not Entitled**,Not Entitled**,Target Price,Non-Periodic,72,60,20,68.83333,67.83333,1.4742015600204468,"filings/capitaliq/Estimates/Recent Changes/SPGlobal_GrupoBimbo,S.A.B.deC.V._RecentChanges_06-Oct-2026.xlsx",Recent Changes,999
2026-10-06,2025-12-01,Not Entitled**,Not Entitled**,Recommendation,Non-Periodic,Outperform (2),Underperform (4), ,Hold (2.75),Hold (2.92), ,"filings/capitaliq/Estimates/Recent Changes/SPGlobal_GrupoBimbo,S.A.B.deC.V._RecentChanges_06-Oct-2026.xlsx",Recent Changes,1000
2026-10-06,2025-11-25,Not Entitled**,Not Entitled**,EPS Normalized (Mex$),2026 FY,3.32877,3.33,-0.0369,3.53822,3.53835,-0.00367402885526,"filings/capitaliq/Estimates/Recent Changes/SPGlobal_GrupoBimbo,S.A.B.deC.V._RecentChanges_06-Oct-2026.xlsx",Recent Changes,1001
2026-10-06,2025-11-25,Not Entitled**,Not Entitled**,Dividend per share (Mex$),2026 FY,0.81706,0.82,-0.3585,1.02382,1.02382,0,"filings/capitaliq/Estimates/Recent Changes/SPGlobal_GrupoBimbo,S.A.B.deC.V._RecentChanges_06-Oct-2026.xlsx",Recent Changes,1002
2026-10-06,2025-11-25,Not Entitled**,Not Entitled**,EBIT (Mex$000),2026 FY,38613763.78,38614000,-0.0006,38570959.15,38570982.77,-6.123774481e-05,"filings/capitaliq/Estimates/Recent Changes/SPGlobal_GrupoBimbo,S.A.B.deC.V._RecentChanges_06-Oct-2026.xlsx",Recent Changes,1003
2026-10-06,2025-11-25,Not Entitled**,Not Entitled**,EBT (GAAP) (Mex$000),2026 FY,25777696.15,25778000,-0.0011,25139146.88,25139222.84,-0.00030215731204,"filings/capitaliq/Estimates/Recent Changes/SPGlobal_GrupoBimbo,S.A.B.deC.V._RecentChanges_06-Oct-2026.xlsx",Recent Changes,1004
2026-10-06,2025-11-25,Not Entitled**,Not Entitled**,EBITDA (Mex$000),2026 FY,62674260.24,62674000,0.0004,64003480.36,64003456.7,3.696675339e-05,"filings/capitaliq/Estimates/Recent Changes/SPGlobal_GrupoBimbo,S.A.B.deC.V._RecentChanges_06-Oct-2026.xlsx",Recent Changes,1005
2026-10-06,2025-11-25,Not Entitled**,Not Entitled**,Revenue (Mex$000),2026 FY,429835407.05,429835000,0,448365721.36,448365684.35,8.25442296e-06,"filings/capitaliq/Estimates/Recent Changes/SPGlobal_GrupoBimbo,S.A.B.deC.V._RecentChanges_06-Oct-2026.xlsx",Recent Changes,1006
2026-10-06,2025-11-25,Not Entitled**,Not Entitled**,ROE (%),2026 FY,11.374,11.4,-0.228,12.37665,12.38037,-0.03004756723749,"filings/capitaliq/Estimates/Recent Changes/SPGlobal_GrupoBimbo,S.A.B.deC.V._RecentChanges_06-Oct-2026.xlsx",Recent Changes,1007
2026-10-06,2025-11-25,Not Entitled**,Not Entitled**,ROA (%),2026 FY,3.36,3.4,-1.1764,3.36,3.4,-1.17647058823529,"filings/capitaliq/Estimates/Recent Changes/SPGlobal_GrupoBimbo,S.A.B.deC.V._RecentChanges_06-Oct-2026.xlsx",Recent Changes,1008
2026-10-06,2025-11-25,Not Entitled**,Not Entitled**,Net Debt (Mex$000),2026 FY,129258923.3,129259000,0,148666586.21,148666597.16,-7.3654743e-06,"filings/capitaliq/Estimates/Recent Changes/SPGlobal_GrupoBimbo,S.A.B.deC.V._RecentChanges_06-Oct-2026.xlsx",Recent Changes,1009
2026-10-06,2025-11-25,Not Entitled**,Not Entitled**,Net Income Normalized (Mex$000),2026 FY,14329494.06,14329000,0.0034,16770553.44,16770482.86,0.00042085848445,"filings/capitaliq/Estimates/Recent Changes/SPGlobal_GrupoBimbo,S.A.B.deC.V._RecentChanges_06-Oct-2026.xlsx",Recent Changes,1010
2026-10-06,2025-11-25,Not Entitled**,Not Entitled**,Net Income (GAAP) (Mex$000),2026 FY,14329000,14943000,-4.1089,16468956.63,16537178.85,-0.41253844212975,"filings/capitaliq/Estimates/Recent Changes/SPGlobal_GrupoBimbo,S.A.B.deC.V._RecentChanges_06-Oct-2026.xlsx",Recent Changes,1011
2026-10-06,2025-11-25,Not Entitled**,Not Entitled**,Net Income Normalized (Mex$000),2026 FY,14329000,14942880.2,-4.1081,16770482.86,16858180.03,-0.52020544236649,"filings/capitaliq/Estimates/Recent Changes/SPGlobal_GrupoBimbo,S.A.B.deC.V._RecentChanges_06-Oct-2026.xlsx",Recent Changes,1012
2026-10-06,2025-11-25,Not Entitled**,Not Entitled**,Net Debt (Mex$000),2026 FY,129259000,118929582.18,8.6853,148666597.16,147190966.05,1.00252831379525,"filings/capitaliq/Estimates/Recent Changes/SPGlobal_GrupoBimbo,S.A.B.deC.V._RecentChanges_06-Oct-2026.xlsx",Recent Changes,1013
2026-10-06,2025-11-25,Not Entitled**,Not Entitled**,Gross Margin (%),2026 FY,52.2,51.7,0.9671,52.7,52.53333,0.31726524855744,"filings/capitaliq/Estimates/Recent Changes/SPGlobal_GrupoBimbo,S.A.B.deC.V._RecentChanges_06-Oct-2026.xlsx",Recent Changes,1014
2026-10-06,2025-11-25,Not Entitled**,Not Entitled**,Interest Expense (Mex$000),2026 FY,13131000,12594000,4.2639,13606250,13472000,0.99651128266033,"filings/capitaliq/Estimates/Recent Changes/SPGlobal_GrupoBimbo,S.A.B.deC.V._RecentChanges_06-Oct-2026.xlsx",Recent Changes,1015
2026-10-06,2025-11-25,Not Entitled**,Not Entitled**,"Selling, General and Administrative Expense (Mex$000)",2026 FY,179318000,181852000,-1.3934,190343500,191610500,-0.66123724952443,"filings/capitaliq/Estimates/Recent Changes/SPGlobal_GrupoBimbo,S.A.B.deC.V._RecentChanges_06-Oct-2026.xlsx",Recent Changes,1016
2026-10-06,2025-11-25,Not Entitled**,Not Entitled**,ROA (%),2026 FY,3.4,3.39,0.2949,3.4,3.39,0.29498525073746,"filings/capitaliq/Estimates/Recent Changes/SPGlobal_GrupoBimbo,S.A.B.deC.V._RecentChanges_06-Oct-2026.xlsx",Recent Changes,1017
2026-10-06,2025-11-25,Not Entitled**,Not Entitled**,ROE (%),2026 FY,11.4,10.79,5.6533,12.38037,12.29322,0.70892735995939,"filings/capitaliq/Estimates/Recent Changes/SPGlobal_GrupoBimbo,S.A.B.deC.V._RecentChanges_06-Oct-2026.xlsx",Recent Changes,1018
2026-10-06,2025-11-25,Not Entitled**,Not Entitled**,Revenue (Mex$000),2026 FY,429835000,438047086.76,-1.8747,448365684.35,449112237.69,-0.16622867901349,"filings/capitaliq/Estimates/Recent Changes/SPGlobal_GrupoBimbo,S.A.B.deC.V._RecentChanges_06-Oct-2026.xlsx",Recent Changes,1019
2026-10-06,2025-11-25,Not Entitled**,Not Entitled**,EBITDA (Mex$000),2026 FY,62674000,61178118.57,2.4451,64003456.7,63867467.48,0.21292408383436,"filings/capitaliq/Estimates/Recent Changes/SPGlobal_GrupoBimbo,S.A.B.deC.V._RecentChanges_06-Oct-2026.xlsx",Recent Changes,1020
2026-10-06,2025-11-25,Not Entitled**,Not Entitled**,EBT Normalized (Mex$000),2026 FY,25778000,26033000,-0.9795,25663095.2,25726845.2,-0.24779563722022,"filings/capitaliq/Estimates/Recent Changes/SPGlobal_GrupoBimbo,S.A.B.deC.V._RecentChanges_06-Oct-2026.xlsx",Recent Changes,1021
2026-10-06,2025-11-25,Not Entitled**,Not Entitled**,Free Cash Flow (Mex$000),2026 FY,20230000,30271000,-33.1703,16680333.33,20027333.33,-16.71216005071605,"filings/capitaliq/Estimates/Recent Changes/SPGlobal_GrupoBimbo,S.A.B.deC.V._RecentChanges_06-Oct-2026.xlsx",Recent Changes,1022
2026-10-06,2025-11-25,Not Entitled**,Not Entitled**,Capital Expenditures (Mex$000),2026 FY,27939000,17522000,59.4509,25452585.93,23369185.93,8.91515864626441,"filings/capitaliq/Estimates/Recent Changes/SPGlobal_GrupoBimbo,S.A.B.deC.V._RecentChanges_06-Oct-2026.xlsx",Recent Changes,1023
2026-10-06,2025-11-25,Not Entitled**,Not Entitled**,Cash From Operations (Mex$000),2026 FY,39779000,39515000,0.6681,40978000,40846000,0.32316505900211,"filings/capitaliq/Estimates/Recent Changes/SPGlobal_GrupoBimbo,S.A.B.deC.V._RecentChanges_06-Oct-2026.xlsx",Recent Changes,1024
2026-10-06,2025-11-25,Not Entitled**,Not Entitled**,EBT (GAAP) (Mex$000),2026 FY,25778000,26033207.31,-0.9803,25139222.84,25203024.66,-0.2531514405938,"filings/capitaliq/Estimates/Recent Changes/SPGlobal_GrupoBimbo,S.A.B.deC.V._RecentChanges_06-Oct-2026.xlsx",Recent Changes,1025
2026-10-06,2025-11-25,Not Entitled**,Not Entitled**,Depreciation & Amortization (Mex$000),2026 FY,24060000,23554000,2.1482,24818000,24565000,1.02992061876654,"filings/capitaliq/Estimates/Recent Changes/SPGlobal_GrupoBimbo,S.A.B.deC.V._RecentChanges_06-Oct-2026.xlsx",Recent Changes,1026
2026-10-06,2025-11-25,Not Entitled**,Not Entitled**,EBIT (Mex$000),2026 FY,38614000,38226698.71,1.0131,38570982.77,38532252.64,0.10051353696304,"filings/capitaliq/Estimates/Recent Changes/SPGlobal_GrupoBimbo,S.A.B.deC.V._RecentChanges_06-Oct-2026.xlsx",Recent Changes,1027
2026-10-06,2025-11-25,Not Entitled**,Not Entitled**,EPS (GAAP) (Mex$),2026 FY,3.33,3.45,-3.4782,3.58623,3.59957,-0.37059982164536,"filings/capitaliq/Estimates/Recent Changes/SPGlobal_GrupoBimbo,S.A.B.deC.V._RecentChanges_06-Oct-2026.xlsx",Recent Changes,1028
2026-10-06,2025-11-25,Not Entitled**,Not Entitled**,Avg. Diluted Shares Outstanding,2026 FY,4305000,4327000,-0.5084,4347000,4358000,-0.2524093620927,"filings/capitaliq/Estimates/Recent Changes/SPGlobal_GrupoBimbo,S.A.B.deC.V._RecentChanges_06-Oct-2026.xlsx",Recent Changes,1029
2026-10-06,2025-11-25,Not Entitled**,Not Entitled**,Effective Tax Rate (%),2026 FY,36.1,34.3,5.2478,34.55,33.65,2.67459138187221,"filings/capitaliq/Estimates/Recent Changes/SPGlobal_GrupoBimbo,S.A.B.deC.V._RecentChanges_06-Oct-2026.xlsx",Recent Changes,1030
2026-10-06,2025-11-25,Not Entitled**,Not Entitled**,Dividend per share (Mex$),2026 FY,0.82,1.33412,-38.5362,1.02382,1.0626,-3.64953886693017,"filings/capitaliq/Estimates/Recent Changes/SPGlobal_GrupoBimbo,S.A.B.deC.V._RecentChanges_06-Oct-2026.xlsx",Recent Changes,1031
2026-10-06,2025-11-25,Not Entitled**,Not Entitled**,EPS Normalized (Mex$),2026 FY,3.33,3.45302,-3.5626,3.53835,3.55202,-0.38485143664732,"filings/capitaliq/Estimates/Recent Changes/SPGlobal_GrupoBimbo,S.A.B.deC.V._RecentChanges_06-Oct-2026.xlsx",Recent Changes,1032
2026-10-06,2025-11-25,Not Entitled**,Not Entitled**,Target Price,Non-Periodic,55,60,-8.333333015441895,67.83333,68.25,-0.6105055212974548,"filings/capitaliq/Estimates/Recent Changes/SPGlobal_GrupoBimbo,S.A.B.deC.V._RecentChanges_06-Oct-2026.xlsx",Recent Changes,1033
2026-10-06,2025-11-13,Not Entitled**,Not Entitled**,EPS Normalized (Mex$),2026 FY,3.26917,3.40044,-3.8603,3.55202,3.56661,-0.40907191983424,"filings/capitaliq/Estimates/Recent Changes/SPGlobal_GrupoBimbo,S.A.B.deC.V._RecentChanges_06-Oct-2026.xlsx",Recent Changes,1034
2026-10-06,2025-11-13,Not Entitled**,Not Entitled**,Dividend per share (Mex$),2026 FY,0.98075,1.02013,-3.8602,1.0626,1.06753,-0.46181371952076,"filings/capitaliq/Estimates/Recent Changes/SPGlobal_GrupoBimbo,S.A.B.deC.V._RecentChanges_06-Oct-2026.xlsx",Recent Changes,1035
2026-10-06,2025-11-13,Not Entitled**,Not Entitled**,Book Value per share (Mex$),2026 FY,29.18514,30.61064,-4.6568,32.02378,32.38016,-1.10061222674625,"filings/capitaliq/Estimates/Recent Changes/SPGlobal_GrupoBimbo,S.A.B.deC.V._RecentChanges_06-Oct-2026.xlsx",Recent Changes,1036
2026-10-06,2025-11-13,Not Entitled**,Not Entitled**,Target Price,Non-Periodic,75,70,7.142857074737549,68.25,67.83333,0.6142555475234985,"filings/capitaliq/Estimates/Recent Changes/SPGlobal_GrupoBimbo,S.A.B.deC.V._RecentChanges_06-Oct-2026.xlsx",Recent Changes,1037
2026-10-06,2025-11-13,Not Entitled**,Not Entitled**,Cash flow per share (Mex$),2026 FY,9.30166,9.59899,-3.0975,9.45818,9.60684,-1.54743911629631,"filings/capitaliq/Estimates/Recent Changes/SPGlobal_GrupoBimbo,S.A.B.deC.V._RecentChanges_06-Oct-2026.xlsx",Recent Changes,1038
2026-10-06,2025-11-13,Not Entitled**,Not Entitled**,EPS (GAAP) (Mex$),2026 FY,3.26917,3.40044,-3.8603,3.59957,3.61415,-0.40341435745611,"filings/capitaliq/Estimates/Recent Changes/SPGlobal_GrupoBimbo,S.A.B.deC.V._RecentChanges_06-Oct-2026.xlsx",Recent Changes,1039
2026-10-06,2025-11-13,Not Entitled**,Not Entitled**,EBIT (Mex$000),2026 FY,37169799.61,37280891.6,-0.2979,38532252.64,38543361.84,-0.02882260256932,"filings/capitaliq/Estimates/Recent Changes/SPGlobal_GrupoBimbo,S.A.B.deC.V._RecentChanges_06-Oct-2026.xlsx",Recent Changes,1040
2026-10-06,2025-11-13,Not Entitled**,Not Entitled**,EBT (GAAP) (Mex$000),2026 FY,23461499.77,24403532.27,-3.8602,25203024.66,25438532.79,-0.92579289829396,"filings/capitaliq/Estimates/Recent Changes/SPGlobal_GrupoBimbo,S.A.B.deC.V._RecentChanges_06-Oct-2026.xlsx",Recent Changes,1041
2026-10-06,2025-11-13,Not Entitled**,Not Entitled**,Capital Expenditures (Mex$000),2026 FY,23902929.65,26805719.49,-10.8289,23369185.93,23949743.9,-2.424067549215,"filings/capitaliq/Estimates/Recent Changes/SPGlobal_GrupoBimbo,S.A.B.deC.V._RecentChanges_06-Oct-2026.xlsx",Recent Changes,1042
2026-10-06,2025-11-13,Not Entitled**,Not Entitled**,EBITDA (Mex$000),2026 FY,61660892.72,62069230.87,-0.6578,63867467.48,63904589.13,-0.0580891771708,"filings/capitaliq/Estimates/Recent Changes/SPGlobal_GrupoBimbo,S.A.B.deC.V._RecentChanges_06-Oct-2026.xlsx",Recent Changes,1043
2026-10-06,2025-11-13,Not Entitled**,Not Entitled**,Revenue (Mex$000),2026 FY,432050006.18,444372894.48,-2.773,449112237.69,450232500.27,-0.24881868353088,"filings/capitaliq/Estimates/Recent Changes/SPGlobal_GrupoBimbo,S.A.B.deC.V._RecentChanges_06-Oct-2026.xlsx",Recent Changes,1044
2026-10-06,2025-11-13,Not Entitled**,Not Entitled**,ROE (%),2026 FY,11.65857,11.55806,0.8696,12.29322,12.27887,0.11686743161219,"filings/capitaliq/Estimates/Recent Changes/SPGlobal_GrupoBimbo,S.A.B.deC.V._RecentChanges_06-Oct-2026.xlsx",Recent Changes,1045
2026-10-06,2025-11-13,Not Entitled**,Not Entitled**,TEV (Mex$000),2026 FY,394904866.82,357936346.04,10.3282,414095381.11,401772540.85,3.06711858255158,"filings/capitaliq/Estimates/Recent Changes/SPGlobal_GrupoBimbo,S.A.B.deC.V._RecentChanges_06-Oct-2026.xlsx",Recent Changes,1046
2026-10-06,2025-11-13,Not Entitled**,Not Entitled**,Net Debt (Mex$000),2026 FY,151792550.27,138237087.8,9.8059,147190966.05,145254471.41,1.33317385771484,"filings/capitaliq/Estimates/Recent Changes/SPGlobal_GrupoBimbo,S.A.B.deC.V._RecentChanges_06-Oct-2026.xlsx",Recent Changes,1047
2026-10-06,2025-11-13,Not Entitled**,Not Entitled**,Net Income (GAAP) (Mex$000),2026 FY,14147284.36,14715329.96,-3.8602,16537178.85,16600295.03,-0.3802111943549,"filings/capitaliq/Estimates/Recent Changes/SPGlobal_GrupoBimbo,S.A.B.deC.V._RecentChanges_06-Oct-2026.xlsx",Recent Changes,1048
2026-10-06,2025-11-10,"Actinver Case de Bolsa, S.A. de C.V.","Hernandez Velez Leija, Antonio",Net Income Normalized (Mex$000),2026 FY,13513000,13531000,-0.133,16858180.03,17415710.03,-3.2013050231062,"filings/capitaliq/Estimates/Recent Changes/SPGlobal_GrupoBimbo,S.A.B.deC.V._RecentChanges_06-Oct-2026.xlsx",Recent Changes,1049
2026-10-06,2025-11-10,"Actinver Case de Bolsa, S.A. de C.V.","Hernandez Velez Leija, Antonio",Gross Margin (%),2026 FY,52.4,52.6,-0.3802,52.53333,52.6,-0.12674904942966,"filings/capitaliq/Estimates/Recent Changes/SPGlobal_GrupoBimbo,S.A.B.deC.V._RecentChanges_06-Oct-2026.xlsx",Recent Changes,1050
2026-10-06,2025-11-10,"Actinver Case de Bolsa, S.A. de C.V.","Hernandez Velez Leija, Antonio",Revenue (Mex$000),2026 FY,451417000,457612000,-1.3537,450232500.27,450114050.29,0.02631554823132,"filings/capitaliq/Estimates/Recent Changes/SPGlobal_GrupoBimbo,S.A.B.deC.V._RecentChanges_06-Oct-2026.xlsx",Recent Changes,1051
2026-10-06,2025-11-10,"Actinver Case de Bolsa, S.A. de C.V.","Hernandez Velez Leija, Antonio",EBITDA (Mex$000),2026 FY,61545000,61952000,-0.6569,63904589.13,64140548.04,-0.3678779137541,"filings/capitaliq/Estimates/Recent Changes/SPGlobal_GrupoBimbo,S.A.B.deC.V._RecentChanges_06-Oct-2026.xlsx",Recent Changes,1052
2026-10-06,2025-11-10,"Actinver Case de Bolsa, S.A. de C.V.","Hernandez Velez Leija, Antonio",EBIT (Mex$000),2026 FY,34806000,34646000,0.4618,38543361.84,38958624.27,-1.06590629874929,"filings/capitaliq/Estimates/Recent Changes/SPGlobal_GrupoBimbo,S.A.B.deC.V._RecentChanges_06-Oct-2026.xlsx",Recent Changes,1053
2026-10-06,2025-11-10,"Actinver Case de Bolsa, S.A. de C.V.","Hernandez Velez Leija, Antonio",EPS Normalized (Mex$),2026 FY,3.12,3.13,-0.3194,3.56661,3.62243,-1.54095455260695,"filings/capitaliq/Estimates/Recent Changes/SPGlobal_GrupoBimbo,S.A.B.deC.V._RecentChanges_06-Oct-2026.xlsx",Recent Changes,1054
2026-10-06,2025-11-10,"Actinver Case de Bolsa, S.A. de C.V.","Hernandez Velez Leija, Antonio",Target Price,Non-Periodic,73,65,12.307692527770996,67.83333,67.16667,0.9925458431243896,"filings/capitaliq/Estimates/Recent Changes/SPGlobal_GrupoBimbo,S.A.B.deC.V._RecentChanges_06-Oct-2026.xlsx",Recent Changes,1055
2026-10-06,2025-11-06,Santander,"Argote Bolio, Ulises",EPS (GAAP) (Mex$),2026 FY,4.29,NA,NA,3.61415,3.52967,2.39342488107953,"filings/capitaliq/Estimates/Recent Changes/SPGlobal_GrupoBimbo,S.A.B.deC.V._RecentChanges_06-Oct-2026.xlsx",Recent Changes,1056
2026-10-06,2025-11-06,Santander,"Argote Bolio, Ulises",Net Income Normalized (Mex$000),2026 FY,18841000,20747000,-9.1868,17415710.03,17733376.7,-1.79134902153181,"filings/capitaliq/Estimates/Recent Changes/SPGlobal_GrupoBimbo,S.A.B.deC.V._RecentChanges_06-Oct-2026.xlsx",Recent Changes,1057
2026-10-06,2025-11-02,Not Entitled**,Not Entitled**,EPS Normalized (Mex$),2026 FQ4,1.062,1.045,1.6267,1.091,1.0825,0.78521939953811,"filings/capitaliq/Estimates/Recent Changes/SPGlobal_GrupoBimbo,S.A.B.deC.V._RecentChanges_06-Oct-2026.xlsx",Recent Changes,1058
2026-10-06,2025-11-02,Not Entitled**,Not Entitled**,EPS Normalized (Mex$),2026 FQ3,0.983,0.941,4.4633,1.0315,1.0105,2.0781791192479,"filings/capitaliq/Estimates/Recent Changes/SPGlobal_GrupoBimbo,S.A.B.deC.V._RecentChanges_06-Oct-2026.xlsx",Recent Changes,1059
2026-10-06,2025-11-02,Not Entitled**,Not Entitled**,EPS Normalized (Mex$),2026 FY,3.446,3.366,2.3767,3.62243,3.61243,0.27682197302093,"filings/capitaliq/Estimates/Recent Changes/SPGlobal_GrupoBimbo,S.A.B.deC.V._RecentChanges_06-Oct-2026.xlsx",Recent Changes,1060
2026-10-06,2025-11-02,Not Entitled**,Not Entitled**,Target Price,Non-Periodic,60,54,11.11111068725586,67.16667,66.66667,0.7499999403953552,"filings/capitaliq/Estimates/Recent Changes/SPGlobal_GrupoBimbo,S.A.B.deC.V._RecentChanges_06-Oct-2026.xlsx",Recent Changes,1061
2026-10-06,2025-10-29,Not Entitled**,Not Entitled**,Revenue (Mex$000),2026 FY,461572000,461232000,0.0737,450114050.29,448840944.77,0.28364291066457,"filings/capitaliq/Estimates/Recent Changes/SPGlobal_GrupoBimbo,S.A.B.deC.V._RecentChanges_06-Oct-2026.xlsx",Recent Changes,1062
2026-10-06,2025-10-29,Not Entitled**,Not Entitled**,ROE (%),2026 FY,13.5,14.9,-9.3959,12.27887,12.07534,1.68550119499741,"filings/capitaliq/Estimates/Recent Changes/SPGlobal_GrupoBimbo,S.A.B.deC.V._RecentChanges_06-Oct-2026.xlsx",Recent Changes,1063
2026-10-06,2025-10-29,Not Entitled**,Not Entitled**,EBITDA (Mex$000),2026 FY,63955000,66638000,-4.0262,64140548.04,64161164.49,-0.03213228775362,"filings/capitaliq/Estimates/Recent Changes/SPGlobal_GrupoBimbo,S.A.B.deC.V._RecentChanges_06-Oct-2026.xlsx",Recent Changes,1064
2026-10-06,2025-10-29,Not Entitled**,Not Entitled**,EPS (GAAP) (Mex$),2026 FY,3.99,4.98,-19.8795,3.52967,3.46391,1.89843269599961,"filings/capitaliq/Estimates/Recent Changes/SPGlobal_GrupoBimbo,S.A.B.deC.V._RecentChanges_06-Oct-2026.xlsx",Recent Changes,1065
2026-10-06,2025-10-29,Not Entitled**,Not Entitled**,Target Price,Non-Periodic,80,78,2.5641026496887207,66.66667,66.5,0.25063157081604004,"filings/capitaliq/Estimates/Recent Changes/SPGlobal_GrupoBimbo,S.A.B.deC.V._RecentChanges_06-Oct-2026.xlsx",Recent Changes,1066
2026-10-06,2025-10-29,Not Entitled**,Not Entitled**,EPS Normalized (Mex$),2026 FY,3.99,4.98,-19.8795,3.61243,3.55849,1.5158114818364,"filings/capitaliq/Estimates/Recent Changes/SPGlobal_GrupoBimbo,S.A.B.deC.V._RecentChanges_06-Oct-2026.xlsx",Recent Changes,1067
2026-10-06,2025-10-29,Not Entitled**,Not Entitled**,EPS (GAAP) (Mex$),2026 FQ3,1.08,1.39,-22.3021,1.08,0.93,16.12903225806452,"filings/capitaliq/Estimates/Recent Changes/SPGlobal_GrupoBimbo,S.A.B.deC.V._RecentChanges_06-Oct-2026.xlsx",Recent Changes,1068
2026-10-06,2025-10-29,Not Entitled**,Not Entitled**,EPS Normalized (Mex$),2026 FQ4,1.12,1.36,-17.647,1.0825,1.045,3.58851674641148,"filings/capitaliq/Estimates/Recent Changes/SPGlobal_GrupoBimbo,S.A.B.deC.V._RecentChanges_06-Oct-2026.xlsx",Recent Changes,1069
2026-10-06,2025-10-29,Not Entitled**,Not Entitled**,EPS (GAAP) (Mex$),2026 FQ4,1.12,1.36,-17.647,1.12,1.16,-3.44827586206897,"filings/capitaliq/Estimates/Recent Changes/SPGlobal_GrupoBimbo,S.A.B.deC.V._RecentChanges_06-Oct-2026.xlsx",Recent Changes,1070
2026-10-06,2025-10-29,Not Entitled**,Not Entitled**,EPS Normalized (Mex$),2026 FQ3,1.08,1.39,-22.3021,1.0105,0.941,7.38575982996812,"filings/capitaliq/Estimates/Recent Changes/SPGlobal_GrupoBimbo,S.A.B.deC.V._RecentChanges_06-Oct-2026.xlsx",Recent Changes,1071
2026-10-06,2025-10-28,Not Entitled**,Not Entitled**,Target Price,Non-Periodic,69,62,11.290322303771973,66.5,65.91667,0.8849506378173828,"filings/capitaliq/Estimates/Recent Changes/SPGlobal_GrupoBimbo,S.A.B.deC.V._RecentChanges_06-Oct-2026.xlsx",Recent Changes,1072
2026-10-06,2025-10-28,Not Entitled**,Not Entitled**,EPS Normalized (Mex$),2026 FY,3.57,3.47,2.8818,3.55849,3.54421,0.4029106627429,"filings/capitaliq/Estimates/Recent Changes/SPGlobal_GrupoBimbo,S.A.B.deC.V._RecentChanges_06-Oct-2026.xlsx",Recent Changes,1073
2026-10-06,2025-10-28,Not Entitled**,Not Entitled**,Book Value per share (Mex$),2026 FY,28.41,29.26,-2.9049,32.38016,32.59266,-0.65198728793538,"filings/capitaliq/Estimates/Recent Changes/SPGlobal_GrupoBimbo,S.A.B.deC.V._RecentChanges_06-Oct-2026.xlsx",Recent Changes,1074
2026-10-06,2025-10-28,Not Entitled**,Not Entitled**,EPS (GAAP) (Mex$),2026 FY,3.57,3.47,2.8818,3.46391,3.44963,0.41395743891374,"filings/capitaliq/Estimates/Recent Changes/SPGlobal_GrupoBimbo,S.A.B.deC.V._RecentChanges_06-Oct-2026.xlsx",Recent Changes,1075
2026-10-06,2025-10-28,Not Entitled**,Not Entitled**,Cash From Operations (Mex$000),2026 FY,42177000,43533000,-3.1148,40846000,41524000,-1.63279067527213,"filings/capitaliq/Estimates/Recent Changes/SPGlobal_GrupoBimbo,S.A.B.deC.V._RecentChanges_06-Oct-2026.xlsx",Recent Changes,1076
2026-10-06,2025-10-28,Not Entitled**,Not Entitled**,EBT (GAAP) (Mex$000),2026 FY,26083000,25204000,3.4875,25438532.79,25218782.79,0.87137433170303,"filings/capitaliq/Estimates/Recent Changes/SPGlobal_GrupoBimbo,S.A.B.deC.V._RecentChanges_06-Oct-2026.xlsx",Recent Changes,1077
2026-10-06,2025-10-28,Not Entitled**,Not Entitled**,Depreciation & Amortization (Mex$000),2026 FY,25576000,26441000,-3.2714,24565000,24997500,-1.73017301730173,"filings/capitaliq/Estimates/Recent Changes/SPGlobal_GrupoBimbo,S.A.B.deC.V._RecentChanges_06-Oct-2026.xlsx",Recent Changes,1078
2026-10-06,2025-10-28,Not Entitled**,Not Entitled**,EBIT (Mex$000),2026 FY,39989000,38935000,2.707,38958624.27,38841513.16,0.30151016392586,"filings/capitaliq/Estimates/Recent Changes/SPGlobal_GrupoBimbo,S.A.B.deC.V._RecentChanges_06-Oct-2026.xlsx",Recent Changes,1079
2026-10-06,2025-10-28,Not Entitled**,Not Entitled**,EBITDA (Mex$000),2026 FY,65564000,65376000,0.2875,64161164.49,64140275.6,0.03256750895532,"filings/capitaliq/Estimates/Recent Changes/SPGlobal_GrupoBimbo,S.A.B.deC.V._RecentChanges_06-Oct-2026.xlsx",Recent Changes,1080
2026-10-06,2025-10-28,Not Entitled**,Not Entitled**,Free Cash Flow (Mex$000),2026 FY,10638000,18725000,-43.1882,20027333.33,24722000,-18.98983362996521,"filings/capitaliq/Estimates/Recent Changes/SPGlobal_GrupoBimbo,S.A.B.deC.V._RecentChanges_06-Oct-2026.xlsx",Recent Changes,1081
2026-10-06,2025-10-28,Not Entitled**,Not Entitled**,EBT Normalized (Mex$000),2026 FY,26083000,25204000,3.4875,25726845.2,25507095.2,0.86152499246563,"filings/capitaliq/Estimates/Recent Changes/SPGlobal_GrupoBimbo,S.A.B.deC.V._RecentChanges_06-Oct-2026.xlsx",Recent Changes,1082
2026-10-06,2025-10-28,Not Entitled**,Not Entitled**,Interest Expense (Mex$000),2026 FY,14342000,14182000,1.1281,13472000,13432000,0.29779630732579,"filings/capitaliq/Estimates/Recent Changes/SPGlobal_GrupoBimbo,S.A.B.deC.V._RecentChanges_06-Oct-2026.xlsx",Recent Changes,1083
2026-10-06,2025-10-28,Not Entitled**,Not Entitled**,Net Debt (Mex$000),2026 FY,173184000,176446000,-1.8487,145254471.41,145720471.41,-0.31979034619567,"filings/capitaliq/Estimates/Recent Changes/SPGlobal_GrupoBimbo,S.A.B.deC.V._RecentChanges_06-Oct-2026.xlsx",Recent Changes,1084
2026-10-06,2025-10-28,Not Entitled**,Not Entitled**,Net Income (GAAP) (Mex$000),2026 FY,15688000,15216000,3.1019,16600295.03,16547850.58,0.31692605481575,"filings/capitaliq/Estimates/Recent Changes/SPGlobal_GrupoBimbo,S.A.B.deC.V._RecentChanges_06-Oct-2026.xlsx",Recent Changes,1085
2026-10-06,2025-10-28,Not Entitled**,Not Entitled**,Net Income Normalized (Mex$000),2026 FY,15688000,15216000,3.1019,17733376.7,17654710.03,0.44558460527714,"filings/capitaliq/Estimates/Recent Changes/SPGlobal_GrupoBimbo,S.A.B.deC.V._RecentChanges_06-Oct-2026.xlsx",Recent Changes,1086
2026-10-06,2025-10-28,Not Entitled**,Not Entitled**,TEV (Mex$000),2026 FY,463641000,414913000,11.7441,401772540.85,385529874.18,4.21307601766198,"filings/capitaliq/Estimates/Recent Changes/SPGlobal_GrupoBimbo,S.A.B.deC.V._RecentChanges_06-Oct-2026.xlsx",Recent Changes,1087
2026-10-06,2025-10-28,Not Entitled**,Not Entitled**,ROE (%),2026 FY,12.9,12.1,6.6115,12.07534,11.94201,1.11647871673194,"filings/capitaliq/Estimates/Recent Changes/SPGlobal_GrupoBimbo,S.A.B.deC.V._RecentChanges_06-Oct-2026.xlsx",Recent Changes,1088
2026-10-06,2025-10-28,Not Entitled**,Not Entitled**,Revenue (Mex$000),2026 FY,447810000,459168000,-2.4736,448840944.77,450102944.77,-0.28038030292045,"filings/capitaliq/Estimates/Recent Changes/SPGlobal_GrupoBimbo,S.A.B.deC.V._RecentChanges_06-Oct-2026.xlsx",Recent Changes,1089
2026-10-06,2025-10-14,"Actinver Case de Bolsa, S.A. de C.V.","Hernandez Velez Leija, Antonio",Target Price,Non-Periodic,65,59,10.1694917678833,65.91667,65.41667,0.7643311619758606,"filings/capitaliq/Estimates/Recent Changes/SPGlobal_GrupoBimbo,S.A.B.deC.V._RecentChanges_06-Oct-2026.xlsx",Recent Changes,1090
2026-10-06,2025-10-13,Not Entitled**,Not Entitled**,EPS Normalized (Mex$),2026 FQ3,0.941,0.944,-0.3177,0.941,0.944,-0.31779661016949,"filings/capitaliq/Estimates/Recent Changes/SPGlobal_GrupoBimbo,S.A.B.deC.V._RecentChanges_06-Oct-2026.xlsx",Recent Changes,1091
2026-10-06,2025-10-13,Not Entitled**,Not Entitled**,EPS Normalized (Mex$),2026 FQ4,1.045,1.051,-0.5708,1.045,1.051,-0.5708848715509,"filings/capitaliq/Estimates/Recent Changes/SPGlobal_GrupoBimbo,S.A.B.deC.V._RecentChanges_06-Oct-2026.xlsx",Recent Changes,1092
2026-10-06,2025-10-13,Not Entitled**,Not Entitled**,EPS Normalized (Mex$),2026 FY,3.366,3.385,-0.5612,3.49243,3.49481,-0.06810098403061,"filings/capitaliq/Estimates/Recent Changes/SPGlobal_GrupoBimbo,S.A.B.deC.V._RecentChanges_06-Oct-2026.xlsx",Recent Changes,1093
2026-10-06,2025-10-05,Itau BBA,"Fuchs, Alejandro",EPS Normalized (Mex$),2026 FY,3.39,3.17,6.94,3.49481,3.46731,0.79312204562038,"filings/capitaliq/Estimates/Recent Changes/SPGlobal_GrupoBimbo,S.A.B.deC.V._RecentChanges_06-Oct-2026.xlsx",Recent Changes,1094
2026-10-06,2025-10-05,Itau BBA,"Fuchs, Alejandro",EPS (GAAP) (Mex$),2026 FY,3.39,3.17,6.94,3.44963,3.4182,0.91948978994793,"filings/capitaliq/Estimates/Recent Changes/SPGlobal_GrupoBimbo,S.A.B.deC.V._RecentChanges_06-Oct-2026.xlsx",Recent Changes,1095
2026-10-06,2025-10-05,Itau BBA,"Fuchs, Alejandro",Target Price,Non-Periodic,63,52,21.153846740722656,65.41667,64.5,1.4211938381195068,"filings/capitaliq/Estimates/Recent Changes/SPGlobal_GrupoBimbo,S.A.B.deC.V._RecentChanges_06-Oct-2026.xlsx",Recent Changes,1096
2026-10-06,2025-10-05,Itau BBA,"Fuchs, Alejandro",Revenue (Mex$000),2026 FY,447052000,445634000,0.3181,450853850.29,450712050.29,0.03146132878159,"filings/capitaliq/Estimates/Recent Changes/SPGlobal_GrupoBimbo,S.A.B.deC.V._RecentChanges_06-Oct-2026.xlsx",Recent Changes,1097
2026-10-06,2025-10-05,Itau BBA,"Fuchs, Alejandro","Selling, General and Administrative Expense (Mex$000)",2026 FY,201369000,200194000,0.5869,195175333.33,194783666.67,0.20107777345806,"filings/capitaliq/Estimates/Recent Changes/SPGlobal_GrupoBimbo,S.A.B.deC.V._RecentChanges_06-Oct-2026.xlsx",Recent Changes,1098
2026-10-06,2025-10-05,Itau BBA,"Fuchs, Alejandro",Net Income Normalized (Mex$000),2026 FY,15171000,14164000,7.1095,17065608.6,16921751.46,0.85013150287695,"filings/capitaliq/Estimates/Recent Changes/SPGlobal_GrupoBimbo,S.A.B.deC.V._RecentChanges_06-Oct-2026.xlsx",Recent Changes,1099
2026-10-06,2025-10-05,Itau BBA,"Fuchs, Alejandro",Net Income (GAAP) (Mex$000),2026 FY,15171000,14164000,7.1095,16547850.58,16435961.69,0.68075657579608,"filings/capitaliq/Estimates/Recent Changes/SPGlobal_GrupoBimbo,S.A.B.deC.V._RecentChanges_06-Oct-2026.xlsx",Recent Changes,1100
2026-10-06,2025-10-05,Itau BBA,"Fuchs, Alejandro",Net Debt (Mex$000),2026 FY,138353000,143050000,-3.2834,145720471.41,146391471.41,-0.45836003527878,"filings/capitaliq/Estimates/Recent Changes/SPGlobal_GrupoBimbo,S.A.B.deC.V._RecentChanges_06-Oct-2026.xlsx",Recent Changes,1101
2026-10-06,2025-10-05,Itau BBA,"Fuchs, Alejandro",Interest Expense (Mex$000),2026 FY,12250000,12398000,-1.1937,13432000,13469000,-0.2747048778677,"filings/capitaliq/Estimates/Recent Changes/SPGlobal_GrupoBimbo,S.A.B.deC.V._RecentChanges_06-Oct-2026.xlsx",Recent Changes,1102
2026-10-06,2025-10-05,Itau BBA,"Fuchs, Alejandro",Gross Margin (%),2026 FY,53.5,53,0.9433,52.725,52.6,0.23764258555133,"filings/capitaliq/Estimates/Recent Changes/SPGlobal_GrupoBimbo,S.A.B.deC.V._RecentChanges_06-Oct-2026.xlsx",Recent Changes,1103
2026-10-06,2025-10-05,Itau BBA,"Fuchs, Alejandro",EBITDA (Mex$000),2026 FY,63190000,61203000,3.2465,63921448.04,63722748.04,0.31181957167835,"filings/capitaliq/Estimates/Recent Changes/SPGlobal_GrupoBimbo,S.A.B.deC.V._RecentChanges_06-Oct-2026.xlsx",Recent Changes,1104
2026-10-06,2025-10-05,Itau BBA,"Fuchs, Alejandro",EBIT (Mex$000),2026 FY,38016000,35842000,6.0655,38421961.84,38204561.84,0.5690419927088,"filings/capitaliq/Estimates/Recent Changes/SPGlobal_GrupoBimbo,S.A.B.deC.V._RecentChanges_06-Oct-2026.xlsx",Recent Changes,1105
2026-10-06,2025-10-05,Itau BBA,"Fuchs, Alejandro",Capital Expenditures (Mex$000),2026 FY,25052000,26358000,-4.9548,23949743.9,24210943.9,-1.07885095714918,"filings/capitaliq/Estimates/Recent Changes/SPGlobal_GrupoBimbo,S.A.B.deC.V._RecentChanges_06-Oct-2026.xlsx",Recent Changes,1106
2026-10-06,2025-09-18,Not Entitled**,Not Entitled**,EBT (GAAP) (Mex$000),2026 FY,26033207.31,26033000,0.0007,25218782.79,25218730.96,0.00020552184042,"filings/capitaliq/Estimates/Recent Changes/SPGlobal_GrupoBimbo,S.A.B.deC.V._RecentChanges_06-Oct-2026.xlsx",Recent Changes,1107
2026-10-06,2025-09-18,Not Entitled**,Not Entitled**,EBIT (Mex$000),2026 FY,38226698.71,38227000,-0.0007,38204561.84,38204591.97,-7.886486531e-05,"filings/capitaliq/Estimates/Recent Changes/SPGlobal_GrupoBimbo,S.A.B.deC.V._RecentChanges_06-Oct-2026.xlsx",Recent Changes,1108
2026-10-06,2025-09-18,Not Entitled**,Not Entitled**,EBITDA (Mex$000),2026 FY,61178118.57,61178000,0.0001,63722748.04,63722736.18,1.861188127e-05,"filings/capitaliq/Estimates/Recent Changes/SPGlobal_GrupoBimbo,S.A.B.deC.V._RecentChanges_06-Oct-2026.xlsx",Recent Changes,1109
2026-10-06,2025-09-18,Not Entitled**,Not Entitled**,Net Debt (Mex$000),2026 FY,118929582.18,118930000,-0.0003,146391471.41,146391531.1,-4.077421662e-05,"filings/capitaliq/Estimates/Recent Changes/SPGlobal_GrupoBimbo,S.A.B.deC.V._RecentChanges_06-Oct-2026.xlsx",Recent Changes,1110
2026-10-06,2025-09-18,Not Entitled**,Not Entitled**,Net Income Normalized (Mex$000),2026 FY,14942880.2,14943000,-0.0008,16921751.46,16921768.57,-0.00010111236263,"filings/capitaliq/Estimates/Recent Changes/SPGlobal_GrupoBimbo,S.A.B.deC.V._RecentChanges_06-Oct-2026.xlsx",Recent Changes,1111
2026-10-06,2025-09-18,Not Entitled**,Not Entitled**,ROA (%),2026 FY,3.39,3.4,-0.2941,3.39,3.4,-0.29411764705882,"filings/capitaliq/Estimates/Recent Changes/SPGlobal_GrupoBimbo,S.A.B.deC.V._RecentChanges_06-Oct-2026.xlsx",Recent Changes,1112
2026-10-06,2025-09-18,Not Entitled**,Not Entitled**,ROE (%),2026 FY,10.79,10.8,-0.0925,11.94201,11.94368,-0.01398229021541,"filings/capitaliq/Estimates/Recent Changes/SPGlobal_GrupoBimbo,S.A.B.deC.V._RecentChanges_06-Oct-2026.xlsx",Recent Changes,1113
2026-10-06,2025-09-18,Not Entitled**,Not Entitled**,Revenue (Mex$000),2026 FY,438047086.76,438047000,0,450712050.29,450712041.62,1.92362289e-06,"filings/capitaliq/Estimates/Recent Changes/SPGlobal_GrupoBimbo,S.A.B.deC.V._RecentChanges_06-Oct-2026.xlsx",Recent Changes,1114
2026-10-06,2025-09-18,Not Entitled**,Not Entitled**,EPS Normalized (Mex$),2026 FY,3.45302,3.45,0.0875,3.46731,3.46693,0.01096070586946,"filings/capitaliq/Estimates/Recent Changes/SPGlobal_GrupoBimbo,S.A.B.deC.V._RecentChanges_06-Oct-2026.xlsx",Recent Changes,1115
2026-10-06,2025-09-18,Not Entitled**,Not Entitled**,Dividend per share (Mex$),2026 FY,1.33412,1.33,0.3097,1.06753,1.06701,0.0487343136428,"filings/capitaliq/Estimates/Recent Changes/SPGlobal_GrupoBimbo,S.A.B.deC.V._RecentChanges_06-Oct-2026.xlsx",Recent Changes,1116
2026-10-06,2025-09-17,Not Entitled**,Not Entitled**,Avg. Diluted Shares Outstanding,2026 FY,4327000,4318000,0.2084,4358000,4353500,0.10336510853336,"filings/capitaliq/Estimates/Recent Changes/SPGlobal_GrupoBimbo,S.A.B.deC.V._RecentChanges_06-Oct-2026.xlsx",Recent Changes,1117
2026-10-06,2025-09-17,Not Entitled**,Not Entitled**,EPS (GAAP) (Mex$),2026 FY,3.45,3.34,3.2934,3.4182,3.40248,0.46201594131339,"filings/capitaliq/Estimates/Recent Changes/SPGlobal_GrupoBimbo,S.A.B.deC.V._RecentChanges_06-Oct-2026.xlsx",Recent Changes,1118
2026-10-06,2025-09-17,Not Entitled**,Not Entitled**,Dividend per share (Mex$),2026 FY,1.33,1.37436,-3.2276,1.06701,1.07256,-0.5174535690311,"filings/capitaliq/Estimates/Recent Changes/SPGlobal_GrupoBimbo,S.A.B.deC.V._RecentChanges_06-Oct-2026.xlsx",Recent Changes,1119
2026-10-06,2025-09-17,Not Entitled**,Not Entitled**,EPS Normalized (Mex$),2026 FY,3.45,3.33884,3.3292,3.46693,3.45304,0.40225424553437,"filings/capitaliq/Estimates/Recent Changes/SPGlobal_GrupoBimbo,S.A.B.deC.V._RecentChanges_06-Oct-2026.xlsx",Recent Changes,1120
2026-10-06,2025-09-17,Not Entitled**,Not Entitled**,Effective Tax Rate (%),2026 FY,34.3,32.9,4.2553,33.1,32.63333,1.43004100408999,"filings/capitaliq/Estimates/Recent Changes/SPGlobal_GrupoBimbo,S.A.B.deC.V._RecentChanges_06-Oct-2026.xlsx",Recent Changes,1121
2026-10-06,2025-09-17,Not Entitled**,Not Entitled**,Target Price,Non-Periodic,60,63,-4.761904716491699,64.5,64.75,-0.3861003816127777,"filings/capitaliq/Estimates/Recent Changes/SPGlobal_GrupoBimbo,S.A.B.deC.V._RecentChanges_06-Oct-2026.xlsx",Recent Changes,1122
2026-10-06,2025-09-17,Not Entitled**,Not Entitled**,Revenue (Mex$000),2026 FY,438047000,438009211.96,0.0086,450712041.62,450708262.81,0.00083841595813,"filings/capitaliq/Estimates/Recent Changes/SPGlobal_GrupoBimbo,S.A.B.deC.V._RecentChanges_06-Oct-2026.xlsx",Recent Changes,1123
2026-10-06,2025-09-17,Not Entitled**,Not Entitled**,ROE (%),2026 FY,10.8,9.974,8.2815,11.94368,11.80601,1.16610099432408,"filings/capitaliq/Estimates/Recent Changes/SPGlobal_GrupoBimbo,S.A.B.deC.V._RecentChanges_06-Oct-2026.xlsx",Recent Changes,1124
2026-10-06,2025-09-17,Not Entitled**,Not Entitled**,ROA (%),2026 FY,3.4,3.189,6.6164,3.4,3.189,6.6164941988084,"filings/capitaliq/Estimates/Recent Changes/SPGlobal_GrupoBimbo,S.A.B.deC.V._RecentChanges_06-Oct-2026.xlsx",Recent Changes,1125
2026-10-06,2025-09-17,Not Entitled**,Not Entitled**,"Selling, General and Administrative Expense (Mex$000)",2026 FY,181852000,191096000,-4.8373,194783666.67,197865000,-1.55729074368888,"filings/capitaliq/Estimates/Recent Changes/SPGlobal_GrupoBimbo,S.A.B.deC.V._RecentChanges_06-Oct-2026.xlsx",Recent Changes,1126
2026-10-06,2025-09-17,Not Entitled**,Not Entitled**,Net Income (GAAP) (Mex$000),2026 FY,14943000,14418000,3.6412,16435961.69,16377628.36,0.35617690619034,"filings/capitaliq/Estimates/Recent Changes/SPGlobal_GrupoBimbo,S.A.B.deC.V._RecentChanges_06-Oct-2026.xlsx",Recent Changes,1127
2026-10-06,2025-09-17,Not Entitled**,Not Entitled**,Net Income Normalized (Mex$000),2026 FY,14943000,14418345.5,3.6387,16921768.57,16846817.93,0.44489493690397,"filings/capitaliq/Estimates/Recent Changes/SPGlobal_GrupoBimbo,S.A.B.deC.V._RecentChanges_06-Oct-2026.xlsx",Recent Changes,1128
2026-10-06,2025-09-17,Not Entitled**,Not Entitled**,Gross Margin (%),2026 FY,51.7,53.5,-3.3644,52.6,53.05,-0.84825636192271,"filings/capitaliq/Estimates/Recent Changes/SPGlobal_GrupoBimbo,S.A.B.deC.V._RecentChanges_06-Oct-2026.xlsx",Recent Changes,1129
2026-10-06,2025-09-17,Not Entitled**,Not Entitled**,Interest Expense (Mex$000),2026 FY,12594000,12509000,0.6795,13469000,13447750,0.15801899946088,"filings/capitaliq/Estimates/Recent Changes/SPGlobal_GrupoBimbo,S.A.B.deC.V._RecentChanges_06-Oct-2026.xlsx",Recent Changes,1130
2026-10-06,2025-09-17,Not Entitled**,Not Entitled**,Net Debt (Mex$000),2026 FY,118930000,119958240.05,-0.8571,146391531.1,146538422.53,-0.10024089755022,"filings/capitaliq/Estimates/Recent Changes/SPGlobal_GrupoBimbo,S.A.B.deC.V._RecentChanges_06-Oct-2026.xlsx",Recent Changes,1131
2026-10-06,2025-09-17,Not Entitled**,Not Entitled**,EBT Normalized (Mex$000),2026 FY,26033000,24325000,7.0215,26550876.16,26209276.16,1.30335533844823,"filings/capitaliq/Estimates/Recent Changes/SPGlobal_GrupoBimbo,S.A.B.deC.V._RecentChanges_06-Oct-2026.xlsx",Recent Changes,1132
2026-10-06,2025-09-17,Not Entitled**,Not Entitled**,Free Cash Flow (Mex$000),2026 FY,30271000,27412000,10.4297,21720000,20767000,4.58901141233688,"filings/capitaliq/Estimates/Recent Changes/SPGlobal_GrupoBimbo,S.A.B.deC.V._RecentChanges_06-Oct-2026.xlsx",Recent Changes,1133
2026-10-06,2025-09-17,Not Entitled**,Not Entitled**,EBITDA (Mex$000),2026 FY,61178000,60311809.43,1.4361,63722736.18,63636117.12,0.13611619300508,"filings/capitaliq/Estimates/Recent Changes/SPGlobal_GrupoBimbo,S.A.B.deC.V._RecentChanges_06-Oct-2026.xlsx",Recent Changes,1134
2026-10-06,2025-09-17,Not Entitled**,Not Entitled**,EBIT (Mex$000),2026 FY,38227000,36615363.51,4.4015,38204591.97,38043428.32,0.42363072182765,"filings/capitaliq/Estimates/Recent Changes/SPGlobal_GrupoBimbo,S.A.B.deC.V._RecentChanges_06-Oct-2026.xlsx",Recent Changes,1135
2026-10-06,2025-09-17,Not Entitled**,Not Entitled**,Capital Expenditures (Mex$000),2026 FY,17522000,19710000,-11.1009,24210943.9,24648543.9,-1.77535842188228,"filings/capitaliq/Estimates/Recent Changes/SPGlobal_GrupoBimbo,S.A.B.deC.V._RecentChanges_06-Oct-2026.xlsx",Recent Changes,1136
2026-10-06,2025-09-17,Not Entitled**,Not Entitled**,Cash From Operations (Mex$000),2026 FY,39515000,38729000,2.0294,41524000,41131000,0.95548369842698,"filings/capitaliq/Estimates/Recent Changes/SPGlobal_GrupoBimbo,S.A.B.deC.V._RecentChanges_06-Oct-2026.xlsx",Recent Changes,1137
2026-10-06,2025-09-17,Not Entitled**,Not Entitled**,EBT (GAAP) (Mex$000),2026 FY,26033000,24324992.81,7.0216,25218730.96,24791729.16,1.72235586007023,"filings/capitaliq/Estimates/Recent Changes/SPGlobal_GrupoBimbo,S.A.B.deC.V._RecentChanges_06-Oct-2026.xlsx",Recent Changes,1138
2026-10-06,2025-09-17,Not Entitled**,Not Entitled**,Depreciation & Amortization (Mex$000),2026 FY,23554000,24203000,-2.6814,24938000,25154333.33,-0.86002410464201,"filings/capitaliq/Estimates/Recent Changes/SPGlobal_GrupoBimbo,S.A.B.deC.V._RecentChanges_06-Oct-2026.xlsx",Recent Changes,1139
2026-10-06,2025-09-08,Not Entitled**,Not Entitled**,EBIT (Mex$000),2026 FY,-,-,-,-,-,-,"filings/capitaliq/Estimates/Recent Changes/SPGlobal_GrupoBimbo,S.A.B.deC.V._RecentChanges_06-Oct-2026.xlsx",Recent Changes,1140
2026-10-06,2025-09-08,Not Entitled**,Not Entitled**,EBITDA (Mex$000),2026 FY,-,-,-,-,-,-,"filings/capitaliq/Estimates/Recent Changes/SPGlobal_GrupoBimbo,S.A.B.deC.V._RecentChanges_06-Oct-2026.xlsx",Recent Changes,1141
2026-10-06,2025-09-08,Not Entitled**,Not Entitled**,EBT Normalized (Mex$000),2026 FY,-,-,-,-,-,-,"filings/capitaliq/Estimates/Recent Changes/SPGlobal_GrupoBimbo,S.A.B.deC.V._RecentChanges_06-Oct-2026.xlsx",Recent Changes,1142
2026-10-06,2025-09-08,Not Entitled**,Not Entitled**,Net Income (GAAP) (Mex$000),2026 FY,-,-,-,-,-,-,"filings/capitaliq/Estimates/Recent Changes/SPGlobal_GrupoBimbo,S.A.B.deC.V._RecentChanges_06-Oct-2026.xlsx",Recent Changes,1143
2026-10-06,2025-09-08,Not Entitled**,Not Entitled**,ROE (%),2026 FY,-,-,-,-,-,-,"filings/capitaliq/Estimates/Recent Changes/SPGlobal_GrupoBimbo,S.A.B.deC.V._RecentChanges_06-Oct-2026.xlsx",Recent Changes,1144
2026-10-06,2025-09-08,Not Entitled**,Not Entitled**,Revenue (Mex$000),2026 FY,-,-,-,-,-,-,"filings/capitaliq/Estimates/Recent Changes/SPGlobal_GrupoBimbo,S.A.B.deC.V._RecentChanges_06-Oct-2026.xlsx",Recent Changes,1145
2026-10-06,2025-09-08,Not Entitled**,Not Entitled**,Dividend per share (Mex$),2026 FY,-,-,-,-,-,-,"filings/capitaliq/Estimates/Recent Changes/SPGlobal_GrupoBimbo,S.A.B.deC.V._RecentChanges_06-Oct-2026.xlsx",Recent Changes,1146
2026-10-06,2025-09-08,Not Entitled**,Not Entitled**,EPS (GAAP) (Mex$),2026 FY,-,-,-,-,-,-,"filings/capitaliq/Estimates/Recent Changes/SPGlobal_GrupoBimbo,S.A.B.deC.V._RecentChanges_06-Oct-2026.xlsx",Recent Changes,1147
2026-10-06,2025-09-08,Not Entitled**,Not Entitled**,Target Price,Non-Periodic,-,-,-,-,-,-,"filings/capitaliq/Estimates/Recent Changes/SPGlobal_GrupoBimbo,S.A.B.deC.V._RecentChanges_06-Oct-2026.xlsx",Recent Changes,1148
2026-10-06,2025-09-03,"GBM Grupo Bursátil Mexicano, S.A. de C.V. Casa de Bolsa","Carrillo Villasana, Regina",Target Price,Non-Periodic,87,76,14.473684310913086,63.91667,63,1.4550317525863647,"filings/capitaliq/Estimates/Recent Changes/SPGlobal_GrupoBimbo,S.A.B.deC.V._RecentChanges_06-Oct-2026.xlsx",Recent Changes,1149
2026-10-06,2025-09-03,"GBM Grupo Bursátil Mexicano, S.A. de C.V. Casa de Bolsa","Carrillo Villasana, Regina",Recommendation,Non-Periodic,Buy (1),Hold (3), ,Hold (2.92),Hold (3.08), ,"filings/capitaliq/Estimates/Recent Changes/SPGlobal_GrupoBimbo,S.A.B.deC.V._RecentChanges_06-Oct-2026.xlsx",Recent Changes,1150
2026-10-06,2025-09-03,"GBM Grupo Bursátil Mexicano, S.A. de C.V. Casa de Bolsa","Carrillo Villasana, Regina",Revenue (Mex$000),2026 FY,450605000,458802000,-1.7866,451359295.73,452178995.73,-0.18127777002925,"filings/capitaliq/Estimates/Recent Changes/SPGlobal_GrupoBimbo,S.A.B.deC.V._RecentChanges_06-Oct-2026.xlsx",Recent Changes,1151
2026-10-06,2025-09-03,"GBM Grupo Bursátil Mexicano, S.A. de C.V. Casa de Bolsa","Carrillo Villasana, Regina",ROE (%),2026 FY,16.6,11.8,40.6779,11.83534,11.03534,7.24943680937787,"filings/capitaliq/Estimates/Recent Changes/SPGlobal_GrupoBimbo,S.A.B.deC.V._RecentChanges_06-Oct-2026.xlsx",Recent Changes,1152
2026-10-06,2025-09-03,"GBM Grupo Bursátil Mexicano, S.A. de C.V. Casa de Bolsa","Carrillo Villasana, Regina",Net Income Normalized (Mex$000),2026 FY,25036000,17828000,40.4307,16846817.93,15817103.64,6.51013177530144,"filings/capitaliq/Estimates/Recent Changes/SPGlobal_GrupoBimbo,S.A.B.deC.V._RecentChanges_06-Oct-2026.xlsx",Recent Changes,1153
2026-10-06,2025-09-03,"GBM Grupo Bursátil Mexicano, S.A. de C.V. Casa de Bolsa","Carrillo Villasana, Regina",Net Income (GAAP) (Mex$000),2026 FY,25036000,17828000,40.4307,16421604.25,15620715.36,5.12709483235856,"filings/capitaliq/Estimates/Recent Changes/SPGlobal_GrupoBimbo,S.A.B.deC.V._RecentChanges_06-Oct-2026.xlsx",Recent Changes,1154
2026-10-06,2025-09-03,"GBM Grupo Bursátil Mexicano, S.A. de C.V. Casa de Bolsa","Carrillo Villasana, Regina",Net Debt (Mex$000),2026 FY,156232000,165024000,-5.3277,146538422.53,147794422.53,-0.84982909266759,"filings/capitaliq/Estimates/Recent Changes/SPGlobal_GrupoBimbo,S.A.B.deC.V._RecentChanges_06-Oct-2026.xlsx",Recent Changes,1155
2026-10-06,2025-09-03,"GBM Grupo Bursátil Mexicano, S.A. de C.V. Casa de Bolsa","Carrillo Villasana, Regina",Maintenance Capital Expenditure (Mex$000),2026 FY,22099000,16020000,37.9463,22099000,16020000,37.94631710362047,"filings/capitaliq/Estimates/Recent Changes/SPGlobal_GrupoBimbo,S.A.B.deC.V._RecentChanges_06-Oct-2026.xlsx",Recent Changes,1156
2026-10-06,2025-09-03,"GBM Grupo Bursátil Mexicano, S.A. de C.V. Casa de Bolsa","Carrillo Villasana, Regina",Free Cash Flow (Mex$000),2026 FY,19173000,26618000,-27.9697,20767000,23248666.67,-10.67444729293803,"filings/capitaliq/Estimates/Recent Changes/SPGlobal_GrupoBimbo,S.A.B.deC.V._RecentChanges_06-Oct-2026.xlsx",Recent Changes,1157
2026-10-06,2025-09-03,"GBM Grupo Bursátil Mexicano, S.A. de C.V. Casa de Bolsa","Carrillo Villasana, Regina",EBITDA (Mex$000),2026 FY,64466000,65547000,-1.6491,63590975.72,63699075.72,-0.16970418923372,"filings/capitaliq/Estimates/Recent Changes/SPGlobal_GrupoBimbo,S.A.B.deC.V._RecentChanges_06-Oct-2026.xlsx",Recent Changes,1158
2026-10-06,2025-09-03,"GBM Grupo Bursátil Mexicano, S.A. de C.V. Casa de Bolsa","Carrillo Villasana, Regina",EBIT (Mex$000),2026 FY,39761000,41323000,-3.7799,38034954.29,38191154.29,-0.40899523175946,"filings/capitaliq/Estimates/Recent Changes/SPGlobal_GrupoBimbo,S.A.B.deC.V._RecentChanges_06-Oct-2026.xlsx",Recent Changes,1159
2026-10-06,2025-09-03,"GBM Grupo Bursátil Mexicano, S.A. de C.V. Casa de Bolsa","Carrillo Villasana, Regina",Capital Expenditures (Mex$000),2026 FY,21911000,NA,NA,24648543.9,25332929.87,-2.70156659143667,"filings/capitaliq/Estimates/Recent Changes/SPGlobal_GrupoBimbo,S.A.B.deC.V._RecentChanges_06-Oct-2026.xlsx",Recent Changes,1160
2026-10-06,2025-08-19,Not Entitled**,Not Entitled**,EBIT (Mex$000),2026 FY,38281599.95,40870629,-6.3346,38191154.29,38450057.2,-0.67334856916676,"filings/capitaliq/Estimates/Recent Changes/SPGlobal_GrupoBimbo,S.A.B.deC.V._RecentChanges_06-Oct-2026.xlsx",Recent Changes,1161
2026-10-06,2025-08-19,Not Entitled**,Not Entitled**,EBITDA (Mex$000),2026 FY,65060131.13,66640883.83,-2.372,63699075.72,63857150.99,-0.24754513402071,"filings/capitaliq/Estimates/Recent Changes/SPGlobal_GrupoBimbo,S.A.B.deC.V._RecentChanges_06-Oct-2026.xlsx",Recent Changes,1162
2026-10-06,2025-08-19,Not Entitled**,Not Entitled**,EBT Normalized (Mex$000),2026 FY,25282610,27795070,-9.0392,26358249.88,26860741.88,-1.87073016167936,"filings/capitaliq/Estimates/Recent Changes/SPGlobal_GrupoBimbo,S.A.B.deC.V._RecentChanges_06-Oct-2026.xlsx",Recent Changes,1163
2026-10-06,2025-08-19,Not Entitled**,Not Entitled**,Net Income (GAAP) (Mex$000),2026 FY,14815382.21,16485015.51,-10.1281,15620715.36,15806230.17,-1.17368156736136,"filings/capitaliq/Estimates/Recent Changes/SPGlobal_GrupoBimbo,S.A.B.deC.V._RecentChanges_06-Oct-2026.xlsx",Recent Changes,1164
2026-10-06,2025-08-19,Not Entitled**,Not Entitled**,Net Income Normalized (Mex$000),2026 FY,14815380,16485020,-10.1282,15817103.64,16055623.64,-1.48558539579718,"filings/capitaliq/Estimates/Recent Changes/SPGlobal_GrupoBimbo,S.A.B.deC.V._RecentChanges_06-Oct-2026.xlsx",Recent Changes,1165
2026-10-06,2025-08-19,Not Entitled**,Not Entitled**,Revenue (Mex$000),2026 FY,453834120.24,462493343.29,-1.8722,452178995.73,453044918.04,-0.19113387558704,"filings/capitaliq/Estimates/Recent Changes/SPGlobal_GrupoBimbo,S.A.B.deC.V._RecentChanges_06-Oct-2026.xlsx",Recent Changes,1166
2026-10-06,2025-08-19,Not Entitled**,Not Entitled**,EPS (GAAP) (Mex$),2026 FY,3.44,3.82,-9.9476,3.40825,3.46254,-1.56792412506426,"filings/capitaliq/Estimates/Recent Changes/SPGlobal_GrupoBimbo,S.A.B.deC.V._RecentChanges_06-Oct-2026.xlsx",Recent Changes,1167
2026-10-06,2025-08-19,Not Entitled**,Not Entitled**,Target Price,Non-Periodic,60,62,-3.225806474685669,63,63.16667,-0.26385751366615295,"filings/capitaliq/Estimates/Recent Changes/SPGlobal_GrupoBimbo,S.A.B.deC.V._RecentChanges_06-Oct-2026.xlsx",Recent Changes,1168
2026-10-06,2025-08-19,Not Entitled**,Not Entitled**,Cash flow per share (Mex$),2026 FY,9.6147,9.7752,-1.6419,9.60684,9.6871,-0.82852453262586,"filings/capitaliq/Estimates/Recent Changes/SPGlobal_GrupoBimbo,S.A.B.deC.V._RecentChanges_06-Oct-2026.xlsx",Recent Changes,1169
2026-10-06,2025-08-19,Not Entitled**,Not Entitled**,Dividend per share (Mex$),2026 FY,1.05,1.03131,1.8122,1.07663,1.07429,0.21781827998027,"filings/capitaliq/Estimates/Recent Changes/SPGlobal_GrupoBimbo,S.A.B.deC.V._RecentChanges_06-Oct-2026.xlsx",Recent Changes,1170
2026-10-06,2025-08-19,Not Entitled**,Not Entitled**,EPS Normalized (Mex$),2026 FY,3.44,3.82,-9.9476,3.45304,3.50054,-1.35693350168831,"filings/capitaliq/Estimates/Recent Changes/SPGlobal_GrupoBimbo,S.A.B.deC.V._RecentChanges_06-Oct-2026.xlsx",Recent Changes,1171
2026-10-06,2025-08-18,Not Entitled**,Not Entitled**,Dividend per share (Mex$),2026 FY,-,-,-,-,-,-,"filings/capitaliq/Estimates/Recent Changes/SPGlobal_GrupoBimbo,S.A.B.deC.V._RecentChanges_06-Oct-2026.xlsx",Recent Changes,1172
2026-10-06,2025-08-18,Not Entitled**,Not Entitled**,Book Value per share (Mex$),2026 FY,-,-,-,-,-,-,"filings/capitaliq/Estimates/Recent Changes/SPGlobal_GrupoBimbo,S.A.B.deC.V._RecentChanges_06-Oct-2026.xlsx",Recent Changes,1173
2026-10-06,2025-08-18,Not Entitled**,Not Entitled**,EPS (GAAP) (Mex$),2026 FY,-,-,-,-,-,-,"filings/capitaliq/Estimates/Recent Changes/SPGlobal_GrupoBimbo,S.A.B.deC.V._RecentChanges_06-Oct-2026.xlsx",Recent Changes,1174
2026-10-06,2025-08-18,Not Entitled**,Not Entitled**,TEV (Mex$000),2026 FY,-,-,-,-,-,-,"filings/capitaliq/Estimates/Recent Changes/SPGlobal_GrupoBimbo,S.A.B.deC.V._RecentChanges_06-Oct-2026.xlsx",Recent Changes,1175
2026-10-06,2025-08-18,Not Entitled**,Not Entitled**,ROE (%),2026 FY,-,-,-,-,-,-,"filings/capitaliq/Estimates/Recent Changes/SPGlobal_GrupoBimbo,S.A.B.deC.V._RecentChanges_06-Oct-2026.xlsx",Recent Changes,1176
2026-10-06,2025-08-18,Not Entitled**,Not Entitled**,Revenue (Mex$000),2026 FY,-,-,-,-,-,-,"filings/capitaliq/Estimates/Recent Changes/SPGlobal_GrupoBimbo,S.A.B.deC.V._RecentChanges_06-Oct-2026.xlsx",Recent Changes,1177
2026-10-06,2025-08-18,Not Entitled**,Not Entitled**,Net Debt (Mex$000),2026 FY,-,-,-,-,-,-,"filings/capitaliq/Estimates/Recent Changes/SPGlobal_GrupoBimbo,S.A.B.deC.V._RecentChanges_06-Oct-2026.xlsx",Recent Changes,1178
2026-10-06,2025-08-18,Not Entitled**,Not Entitled**,Net Income (GAAP) (Mex$000),2026 FY,-,-,-,-,-,-,"filings/capitaliq/Estimates/Recent Changes/SPGlobal_GrupoBimbo,S.A.B.deC.V._RecentChanges_06-Oct-2026.xlsx",Recent Changes,1179
2026-10-06,2025-08-18,Not Entitled**,Not Entitled**,EBITDA (Mex$000),2026 FY,-,-,-,-,-,-,"filings/capitaliq/Estimates/Recent Changes/SPGlobal_GrupoBimbo,S.A.B.deC.V._RecentChanges_06-Oct-2026.xlsx",Recent Changes,1180
2026-10-06,2025-08-18,Not Entitled**,Not Entitled**,EBIT (Mex$000),2026 FY,-,-,-,-,-,-,"filings/capitaliq/Estimates/Recent Changes/SPGlobal_GrupoBimbo,S.A.B.deC.V._RecentChanges_06-Oct-2026.xlsx",Recent Changes,1181
2026-10-06,2025-08-18,Not Entitled**,Not Entitled**,EBT (GAAP) (Mex$000),2026 FY,-,-,-,-,-,-,"filings/capitaliq/Estimates/Recent Changes/SPGlobal_GrupoBimbo,S.A.B.deC.V._RecentChanges_06-Oct-2026.xlsx",Recent Changes,1182
2026-10-06,2025-08-18,Not Entitled**,Not Entitled**,TEV (Mex$000),2026 FY,-,-,-,-,-,-,"filings/capitaliq/Estimates/Recent Changes/SPGlobal_GrupoBimbo,S.A.B.deC.V._RecentChanges_06-Oct-2026.xlsx",Recent Changes,1183
2026-10-06,2025-08-18,Not Entitled**,Not Entitled**,Target Price,Non-Periodic,-,-,-,-,-,-,"filings/capitaliq/Estimates/Recent Changes/SPGlobal_GrupoBimbo,S.A.B.deC.V._RecentChanges_06-Oct-2026.xlsx",Recent Changes,1184
2026-10-06,2025-08-06,"Actinver Case de Bolsa, S.A. de C.V.","Hernandez Velez Leija, Antonio",Target Price,Non-Periodic,59,58,1.7241379022598267,62.91667,62.83333,0.13263660669326782,"filings/capitaliq/Estimates/Recent Changes/SPGlobal_GrupoBimbo,S.A.B.deC.V._RecentChanges_06-Oct-2026.xlsx",Recent Changes,1185
2026-10-06,2025-08-06,"Actinver Case de Bolsa, S.A. de C.V.","Hernandez Velez Leija, Antonio",EPS Normalized (Mex$),2026 FY,3.13,3.4,-7.9411,3.50054,3.55347,-1.48952995241271,"filings/capitaliq/Estimates/Recent Changes/SPGlobal_GrupoBimbo,S.A.B.deC.V._RecentChanges_06-Oct-2026.xlsx",Recent Changes,1186
2026-10-06,2025-08-06,"Actinver Case de Bolsa, S.A. de C.V.","Hernandez Velez Leija, Antonio",EBIT (Mex$000),2026 FY,34646000,35284000,-1.8081,38344224.36,38755138.18,-1.06028216978996,"filings/capitaliq/Estimates/Recent Changes/SPGlobal_GrupoBimbo,S.A.B.deC.V._RecentChanges_06-Oct-2026.xlsx",Recent Changes,1187
2026-10-06,2025-08-06,"Actinver Case de Bolsa, S.A. de C.V.","Hernandez Velez Leija, Antonio",EBITDA (Mex$000),2026 FY,61952000,61900000,0.084,63773811.54,63976235.04,-0.31640420833367,"filings/capitaliq/Estimates/Recent Changes/SPGlobal_GrupoBimbo,S.A.B.deC.V._RecentChanges_06-Oct-2026.xlsx",Recent Changes,1188
2026-10-06,2025-08-06,"Actinver Case de Bolsa, S.A. de C.V.","Hernandez Velez Leija, Antonio",Net Income Normalized (Mex$000),2026 FY,13531000,14906000,-9.2244,16055623.64,16476394.25,-2.55377847613716,"filings/capitaliq/Estimates/Recent Changes/SPGlobal_GrupoBimbo,S.A.B.deC.V._RecentChanges_06-Oct-2026.xlsx",Recent Changes,1189
2026-10-06,2025-08-06,"Actinver Case de Bolsa, S.A. de C.V.","Hernandez Velez Leija, Antonio",Gross Margin (%),2026 FY,52.6,52.2,0.7662,53.05,53.2,-0.28195488721805,"filings/capitaliq/Estimates/Recent Changes/SPGlobal_GrupoBimbo,S.A.B.deC.V._RecentChanges_06-Oct-2026.xlsx",Recent Changes,1190
2026-10-06,2025-08-06,"Actinver Case de Bolsa, S.A. de C.V.","Hernandez Velez Leija, Antonio",Revenue (Mex$000),2026 FY,457612000,463363000,-1.2411,453287729.73,452807255.25,0.10611015491232,"filings/capitaliq/Estimates/Recent Changes/SPGlobal_GrupoBimbo,S.A.B.deC.V._RecentChanges_06-Oct-2026.xlsx",Recent Changes,1191
2026-10-06,2025-07-30,Not Entitled**,Not Entitled**,EPS Normalized (Mex$),2026 FY,3.385,3.41,-0.7331,3.55347,3.55704,-0.10036434788476,"filings/capitaliq/Estimates/Recent Changes/SPGlobal_GrupoBimbo,S.A.B.deC.V._RecentChanges_06-Oct-2026.xlsx",Recent Changes,1192
2026-10-06,2025-07-30,Not Entitled**,Not Entitled**,EPS Normalized (Mex$),2026 FQ4,1.051,1.048,0.2862,1.1055,1.104,0.13586956521739,"filings/capitaliq/Estimates/Recent Changes/SPGlobal_GrupoBimbo,S.A.B.deC.V._RecentChanges_06-Oct-2026.xlsx",Recent Changes,1193
2026-10-06,2025-07-30,Not Entitled**,Not Entitled**,EPS Normalized (Mex$),2026 FQ3,0.944,0.964,-2.0746,0.937,0.947,-1.05596620908131,"filings/capitaliq/Estimates/Recent Changes/SPGlobal_GrupoBimbo,S.A.B.deC.V._RecentChanges_06-Oct-2026.xlsx",Recent Changes,1194
2026-10-06,2025-07-29,Not Entitled**,Not Entitled**,EPS Normalized (Mex$),2026 FY,3.40044,3.50323,-2.9341,3.55704,3.57172,-0.41100646187271,"filings/capitaliq/Estimates/Recent Changes/SPGlobal_GrupoBimbo,S.A.B.deC.V._RecentChanges_06-Oct-2026.xlsx",Recent Changes,1195
2026-10-06,2025-07-29,Not Entitled**,Not Entitled**,Dividend per share (Mex$),2026 FY,1.02013,1.05097,-2.9344,1.07679,1.08065,-0.35719243048165,"filings/capitaliq/Estimates/Recent Changes/SPGlobal_GrupoBimbo,S.A.B.deC.V._RecentChanges_06-Oct-2026.xlsx",Recent Changes,1196
2026-10-06,2025-07-29,Not Entitled**,Not Entitled**,Book Value per share (Mex$),2026 FY,30.61064,33.152590000000004,-7.6674,32.49266,33.12815,-1.91827795998267,"filings/capitaliq/Estimates/Recent Changes/SPGlobal_GrupoBimbo,S.A.B.deC.V._RecentChanges_06-Oct-2026.xlsx",Recent Changes,1197
2026-10-06,2025-07-29,Not Entitled**,Not Entitled**,Target Price,Non-Periodic,70,68,2.941176414489746,62.83333,62.66667,0.26594680547714233,"filings/capitaliq/Estimates/Recent Changes/SPGlobal_GrupoBimbo,S.A.B.deC.V._RecentChanges_06-Oct-2026.xlsx",Recent Changes,1198
2026-10-06,2025-07-29,Not Entitled**,Not Entitled**,Cash flow per share (Mex$),2026 FY,9.59899,9.72093,-1.2544,9.6871,9.74806,-0.6253551988806,"filings/capitaliq/Estimates/Recent Changes/SPGlobal_GrupoBimbo,S.A.B.deC.V._RecentChanges_06-Oct-2026.xlsx",Recent Changes,1199
2026-10-06,2025-07-29,Not Entitled**,Not Entitled**,EPS (GAAP) (Mex$),2026 FY,3.40044,3.50323,-2.9341,3.45111,3.46579,-0.4235686524573,"filings/capitaliq/Estimates/Recent Changes/SPGlobal_GrupoBimbo,S.A.B.deC.V._RecentChanges_06-Oct-2026.xlsx",Recent Changes,1200
2026-10-06,2025-07-29,Not Entitled**,Not Entitled**,Revenue (Mex$000),2026 FY,444372894.48,461964130.58,-3.8079,452807255.25,454761837.04,-0.42980338955489,"filings/capitaliq/Estimates/Recent Changes/SPGlobal_GrupoBimbo,S.A.B.deC.V._RecentChanges_06-Oct-2026.xlsx",Recent Changes,1201
2026-10-06,2025-07-29,Not Entitled**,Not Entitled**,TEV (Mex$000),2026 FY,357936346.04,362029096.51,-1.1305,374276564.07,375640814.23,-0.36317942787886,"filings/capitaliq/Estimates/Recent Changes/SPGlobal_GrupoBimbo,S.A.B.deC.V._RecentChanges_06-Oct-2026.xlsx",Recent Changes,1202
2026-10-06,2025-07-29,Not Entitled**,Not Entitled**,ROE (%),2026 FY,11.55806,10.97281,5.3336,11.01534,10.9178,0.89340343292605,"filings/capitaliq/Estimates/Recent Changes/SPGlobal_GrupoBimbo,S.A.B.deC.V._RecentChanges_06-Oct-2026.xlsx",Recent Changes,1203
2026-10-06,2025-07-29,Not Entitled**,Not Entitled**,Net Debt (Mex$000),2026 FY,138237087.8,129806641.3,6.4946,147628715.89,146424366.39,0.8225062055534,"filings/capitaliq/Estimates/Recent Changes/SPGlobal_GrupoBimbo,S.A.B.deC.V._RecentChanges_06-Oct-2026.xlsx",Recent Changes,1204
2026-10-06,2025-07-29,Not Entitled**,Not Entitled**,Net Income (GAAP) (Mex$000),2026 FY,14715329.96,15374184.09,-4.2854,15776298.16,15849504.17,-0.46188201987141,"filings/capitaliq/Estimates/Recent Changes/SPGlobal_GrupoBimbo,S.A.B.deC.V._RecentChanges_06-Oct-2026.xlsx",Recent Changes,1205
2026-10-06,2025-07-29,Not Entitled**,Not Entitled**,EBITDA (Mex$000),2026 FY,62069230.87,63367254.6,-2.0484,63976235.04,64120459.9,-0.22492798745506,"filings/capitaliq/Estimates/Recent Changes/SPGlobal_GrupoBimbo,S.A.B.deC.V._RecentChanges_06-Oct-2026.xlsx",Recent Changes,1206
2026-10-06,2025-07-29,Not Entitled**,Not Entitled**,EBIT (Mex$000),2026 FY,37280891.6,38200718.92,-2.4078,38755138.18,38857341.21,-0.26302116104047,"filings/capitaliq/Estimates/Recent Changes/SPGlobal_GrupoBimbo,S.A.B.deC.V._RecentChanges_06-Oct-2026.xlsx",Recent Changes,1207
2026-10-06,2025-07-29,Not Entitled**,Not Entitled**,EBT (GAAP) (Mex$000),2026 FY,24403532.27,25496159.35,-4.2854,24527814.56,24800971.33,-1.10139545086922,"filings/capitaliq/Estimates/Recent Changes/SPGlobal_GrupoBimbo,S.A.B.deC.V._RecentChanges_06-Oct-2026.xlsx",Recent Changes,1208
2026-10-06,2025-07-29,Not Entitled**,Not Entitled**,Capital Expenditures (Mex$000),2026 FY,26805719.49,27910844.2,-3.9594,25332929.87,25609211.05,-1.07883518731047,"filings/capitaliq/Estimates/Recent Changes/SPGlobal_GrupoBimbo,S.A.B.deC.V._RecentChanges_06-Oct-2026.xlsx",Recent Changes,1209
2026-10-06,2025-07-28,Not Entitled**,Not Entitled**,Cash From Operations (Mex$000),2026 FY,43533000,42767000,1.7911,41131000,40748000,0.93992343182487,"filings/capitaliq/Estimates/Recent Changes/SPGlobal_GrupoBimbo,S.A.B.deC.V._RecentChanges_06-Oct-2026.xlsx",Recent Changes,1210
2026-10-06,2025-07-28,Not Entitled**,Not Entitled**,EBT (GAAP) (Mex$000),2026 FY,25204000,24921000,1.1355,24800971.33,24730221.33,0.28608720907068,"filings/capitaliq/Estimates/Recent Changes/SPGlobal_GrupoBimbo,S.A.B.deC.V._RecentChanges_06-Oct-2026.xlsx",Recent Changes,1211
2026-10-06,2025-07-28,Not Entitled**,Not Entitled**,Depreciation & Amortization (Mex$000),2026 FY,26441000,26533000,-0.3467,25154333.33,25185000,-0.12176561445305,"filings/capitaliq/Estimates/Recent Changes/SPGlobal_GrupoBimbo,S.A.B.deC.V._RecentChanges_06-Oct-2026.xlsx",Recent Changes,1212
2026-10-06,2025-07-28,Not Entitled**,Not Entitled**,EBIT (Mex$000),2026 FY,38935000,37310000,4.3554,38857341.21,38676785.66,0.46683183961363,"filings/capitaliq/Estimates/Recent Changes/SPGlobal_GrupoBimbo,S.A.B.deC.V._RecentChanges_06-Oct-2026.xlsx",Recent Changes,1213
2026-10-06,2025-07-28,Not Entitled**,Not Entitled**,EBITDA (Mex$000),2026 FY,65376000,63843000,2.4012,64120459.9,63950126.57,0.26635338995546,"filings/capitaliq/Estimates/Recent Changes/SPGlobal_GrupoBimbo,S.A.B.deC.V._RecentChanges_06-Oct-2026.xlsx",Recent Changes,1214
2026-10-06,2025-07-28,Not Entitled**,Not Entitled**,EBT Normalized (Mex$000),2026 FY,25204000,24921000,1.1355,26860741.88,26804141.88,0.21116139532985,"filings/capitaliq/Estimates/Recent Changes/SPGlobal_GrupoBimbo,S.A.B.deC.V._RecentChanges_06-Oct-2026.xlsx",Recent Changes,1215
2026-10-06,2025-07-28,Not Entitled**,Not Entitled**,Net Income Normalized (Mex$000),2026 FY,15216000,15090000,0.8349,16476394.25,16455394.25,0.12761772632704,"filings/capitaliq/Estimates/Recent Changes/SPGlobal_GrupoBimbo,S.A.B.deC.V._RecentChanges_06-Oct-2026.xlsx",Recent Changes,1216
2026-10-06,2025-07-28,Not Entitled**,Not Entitled**,Net Income (GAAP) (Mex$000),2026 FY,15216000,15090000,0.8349,15849504.17,15835504.17,0.08840893128318,"filings/capitaliq/Estimates/Recent Changes/SPGlobal_GrupoBimbo,S.A.B.deC.V._RecentChanges_06-Oct-2026.xlsx",Recent Changes,1217
2026-10-06,2025-07-28,Not Entitled**,Not Entitled**,Net Debt (Mex$000),2026 FY,176446000,175172000,0.7272,146424366.39,146242366.39,0.12445094023892,"filings/capitaliq/Estimates/Recent Changes/SPGlobal_GrupoBimbo,S.A.B.deC.V._RecentChanges_06-Oct-2026.xlsx",Recent Changes,1218
2026-10-06,2025-07-28,Not Entitled**,Not Entitled**,Interest Expense (Mex$000),2026 FY,14182000,12831000,10.5291,13447750,13110000,2.57627765064836,"filings/capitaliq/Estimates/Recent Changes/SPGlobal_GrupoBimbo,S.A.B.deC.V._RecentChanges_06-Oct-2026.xlsx",Recent Changes,1219
2026-10-06,2025-07-28,Not Entitled**,Not Entitled**,ROE (%),2026 FY,12.1,11.4,6.1403,10.9178,10.80114,1.08007117767199,"filings/capitaliq/Estimates/Recent Changes/SPGlobal_GrupoBimbo,S.A.B.deC.V._RecentChanges_06-Oct-2026.xlsx",Recent Changes,1220
2026-10-06,2025-07-28,Not Entitled**,Not Entitled**,TEV (Mex$000),2026 FY,414913000,407574000,1.8006,375640814.23,373194480.9,0.65551165818433,"filings/capitaliq/Estimates/Recent Changes/SPGlobal_GrupoBimbo,S.A.B.deC.V._RecentChanges_06-Oct-2026.xlsx",Recent Changes,1221
2026-10-06,2025-07-28,Not Entitled**,Not Entitled**,Revenue (Mex$000),2026 FY,459168000,457716000,0.3172,454761837.04,454600503.71,0.03548903458825,"filings/capitaliq/Estimates/Recent Changes/SPGlobal_GrupoBimbo,S.A.B.deC.V._RecentChanges_06-Oct-2026.xlsx",Recent Changes,1222
2026-10-06,2025-07-28,Not Entitled**,Not Entitled**,EPS (GAAP) (Mex$),2026 FY,3.47,3.44,0.872,3.46579,3.46151,0.1236454610849,"filings/capitaliq/Estimates/Recent Changes/SPGlobal_GrupoBimbo,S.A.B.deC.V._RecentChanges_06-Oct-2026.xlsx",Recent Changes,1223
2026-10-06,2025-07-28,Not Entitled**,Not Entitled**,Book Value per share (Mex$),2026 FY,29.26,30.69,-4.6594,33.12815,33.48565,-1.06762150353958,"filings/capitaliq/Estimates/Recent Changes/SPGlobal_GrupoBimbo,S.A.B.deC.V._RecentChanges_06-Oct-2026.xlsx",Recent Changes,1224
2026-10-06,2025-07-28,Not Entitled**,Not Entitled**,Dividend per share (Mex$),2026 FY,0.99,1,-1,1.08065,1.0819,-0.11553748035863,"filings/capitaliq/Estimates/Recent Changes/SPGlobal_GrupoBimbo,S.A.B.deC.V._RecentChanges_06-Oct-2026.xlsx",Recent Changes,1225
2026-10-06,2025-07-28,Not Entitled**,Not Entitled**,EPS Normalized (Mex$),2026 FY,3.47,3.44,0.872,3.57172,3.56744,0.11997398694862,"filings/capitaliq/Estimates/Recent Changes/SPGlobal_GrupoBimbo,S.A.B.deC.V._RecentChanges_06-Oct-2026.xlsx",Recent Changes,1226
2026-10-06,2025-07-28,Not Entitled**,Not Entitled**,Target Price,Non-Periodic,62,63,-1.5873016119003296,62.66667,62.75,-0.13279680907726288,"filings/capitaliq/Estimates/Recent Changes/SPGlobal_GrupoBimbo,S.A.B.deC.V._RecentChanges_06-Oct-2026.xlsx",Recent Changes,1227
2026-10-06,2025-07-24,Santander,"Argote Bolio, Ulises",Net Income (GAAP) (Mex$000),2026 FY,18841000,NA,NA,15835504.17,15459817.19,2.43008682045095,"filings/capitaliq/Estimates/Recent Changes/SPGlobal_GrupoBimbo,S.A.B.deC.V._RecentChanges_06-Oct-2026.xlsx",Recent Changes,1228
2026-10-06,2025-07-24,Santander,"Argote Bolio, Ulises",Net Income Normalized (Mex$000),2026 FY,20747000,18841000,10.1162,16455394.25,16137727.58,1.96847213106816,"filings/capitaliq/Estimates/Recent Changes/SPGlobal_GrupoBimbo,S.A.B.deC.V._RecentChanges_06-Oct-2026.xlsx",Recent Changes,1229
2026-10-06,2025-07-24,Santander,"Argote Bolio, Ulises",Capital Expenditures (Mex$000),2026 FY,28458000,NA,NA,25609211.05,24659614.73,3.8508157179145,"filings/capitaliq/Estimates/Recent Changes/SPGlobal_GrupoBimbo,S.A.B.deC.V._RecentChanges_06-Oct-2026.xlsx",Recent Changes,1230
2026-10-06,2025-07-22,Not Entitled**,Not Entitled**,Target Price,Non-Periodic,-,-,-,-,-,-,"filings/capitaliq/Estimates/Recent Changes/SPGlobal_GrupoBimbo,S.A.B.deC.V._RecentChanges_06-Oct-2026.xlsx",Recent Changes,1231
2026-10-06,2025-07-22,Not Entitled**,Not Entitled**,Dividend per share (Mex$),2026 FY,-,-,-,-,-,-,"filings/capitaliq/Estimates/Recent Changes/SPGlobal_GrupoBimbo,S.A.B.deC.V._RecentChanges_06-Oct-2026.xlsx",Recent Changes,1232
2026-10-06,2025-07-22,Not Entitled**,Not Entitled**,Book Value per share (Mex$),2026 FY,-,-,-,-,-,-,"filings/capitaliq/Estimates/Recent Changes/SPGlobal_GrupoBimbo,S.A.B.deC.V._RecentChanges_06-Oct-2026.xlsx",Recent Changes,1233
2026-10-06,2025-07-22,Not Entitled**,Not Entitled**,EPS (GAAP) (Mex$),2026 FY,-,-,-,-,-,-,"filings/capitaliq/Estimates/Recent Changes/SPGlobal_GrupoBimbo,S.A.B.deC.V._RecentChanges_06-Oct-2026.xlsx",Recent Changes,1234
2026-10-06,2025-07-22,Not Entitled**,Not Entitled**,EBITDA (Mex$000),2026 FY,-,-,-,-,-,-,"filings/capitaliq/Estimates/Recent Changes/SPGlobal_GrupoBimbo,S.A.B.deC.V._RecentChanges_06-Oct-2026.xlsx",Recent Changes,1235
2026-10-06,2025-07-22,Not Entitled**,Not Entitled**,EBT (GAAP) (Mex$000),2026 FY,-,-,-,-,-,-,"filings/capitaliq/Estimates/Recent Changes/SPGlobal_GrupoBimbo,S.A.B.deC.V._RecentChanges_06-Oct-2026.xlsx",Recent Changes,1236
2026-10-06,2025-07-22,Not Entitled**,Not Entitled**,EBIT (Mex$000),2026 FY,-,-,-,-,-,-,"filings/capitaliq/Estimates/Recent Changes/SPGlobal_GrupoBimbo,S.A.B.deC.V._RecentChanges_06-Oct-2026.xlsx",Recent Changes,1237
2026-10-06,2025-07-22,Not Entitled**,Not Entitled**,Revenue (Mex$000),2026 FY,-,-,-,-,-,-,"filings/capitaliq/Estimates/Recent Changes/SPGlobal_GrupoBimbo,S.A.B.deC.V._RecentChanges_06-Oct-2026.xlsx",Recent Changes,1238
2026-10-06,2025-07-22,Not Entitled**,Not Entitled**,TEV (Mex$000),2026 FY,-,-,-,-,-,-,"filings/capitaliq/Estimates/Recent Changes/SPGlobal_GrupoBimbo,S.A.B.deC.V._RecentChanges_06-Oct-2026.xlsx",Recent Changes,1239
2026-10-06,2025-07-22,Not Entitled**,Not Entitled**,ROE (%),2026 FY,-,-,-,-,-,-,"filings/capitaliq/Estimates/Recent Changes/SPGlobal_GrupoBimbo,S.A.B.deC.V._RecentChanges_06-Oct-2026.xlsx",Recent Changes,1240
2026-10-06,2025-07-22,Not Entitled**,Not Entitled**,Net Debt (Mex$000),2026 FY,-,-,-,-,-,-,"filings/capitaliq/Estimates/Recent Changes/SPGlobal_GrupoBimbo,S.A.B.deC.V._RecentChanges_06-Oct-2026.xlsx",Recent Changes,1241
2026-10-06,2025-07-22,Not Entitled**,Not Entitled**,Net Income (GAAP) (Mex$000),2026 FY,-,-,-,-,-,-,"filings/capitaliq/Estimates/Recent Changes/SPGlobal_GrupoBimbo,S.A.B.deC.V._RecentChanges_06-Oct-2026.xlsx",Recent Changes,1242
2026-10-06,2025-07-16,"Actinver Case de Bolsa, S.A. de C.V.","Hernandez Velez Leija, Antonio",Target Price,Non-Periodic,58,63,-7.936507701873779,62.83333,63.25,-0.6587668061256409,"filings/capitaliq/Estimates/Recent Changes/SPGlobal_GrupoBimbo,S.A.B.deC.V._RecentChanges_06-Oct-2026.xlsx",Recent Changes,1243
2026-10-06,2025-07-14,Not Entitled**,Not Entitled**,EPS Normalized (Mex$),2026 FY,3.41,3.517,-3.0423,3.54651,3.55988,-0.37557445756599,"filings/capitaliq/Estimates/Recent Changes/SPGlobal_GrupoBimbo,S.A.B.deC.V._RecentChanges_06-Oct-2026.xlsx",Recent Changes,1244
2026-10-06,2025-07-14,Not Entitled**,Not Entitled**,EPS Normalized (Mex$),2026 FQ3,0.964,1.004,-3.984,0.947,0.967,-2.06825232678387,"filings/capitaliq/Estimates/Recent Changes/SPGlobal_GrupoBimbo,S.A.B.deC.V._RecentChanges_06-Oct-2026.xlsx",Recent Changes,1245
2026-10-06,2025-07-14,Not Entitled**,Not Entitled**,EPS Normalized (Mex$),2026 FQ4,1.048,1.07,-2.056,1.104,1.115,-0.98654708520179,"filings/capitaliq/Estimates/Recent Changes/SPGlobal_GrupoBimbo,S.A.B.deC.V._RecentChanges_06-Oct-2026.xlsx",Recent Changes,1246
2026-10-06,2025-07-14,Not Entitled**,Not Entitled**,Dividend per share (Mex$),2026 FY,1.37436,1.37,0.3182,1.0844,1.08385,0.05074502929372,"filings/capitaliq/Estimates/Recent Changes/SPGlobal_GrupoBimbo,S.A.B.deC.V._RecentChanges_06-Oct-2026.xlsx",Recent Changes,1247
2026-10-06,2025-07-14,Not Entitled**,Not Entitled**,EPS Normalized (Mex$),2026 FY,3.33884,3.34,-0.0347,3.55988,3.56003,-0.00421344763949,"filings/capitaliq/Estimates/Recent Changes/SPGlobal_GrupoBimbo,S.A.B.deC.V._RecentChanges_06-Oct-2026.xlsx",Recent Changes,1248
2026-10-06,2025-07-14,Not Entitled**,Not Entitled**,Net Income Normalized (Mex$000),2026 FY,14418345.5,14418000,0.0023,15961766.5,15961717.14,0.00030923991177,"filings/capitaliq/Estimates/Recent Changes/SPGlobal_GrupoBimbo,S.A.B.deC.V._RecentChanges_06-Oct-2026.xlsx",Recent Changes,1249
2026-10-06,2025-07-14,Not Entitled**,Not Entitled**,Net Debt (Mex$000),2026 FY,119958240.05,119958000,0.0002,146668245.61,146668211.31,2.338611734e-05,"filings/capitaliq/Estimates/Recent Changes/SPGlobal_GrupoBimbo,S.A.B.deC.V._RecentChanges_06-Oct-2026.xlsx",Recent Changes,1250
2026-10-06,2025-07-14,Not Entitled**,Not Entitled**,ROE (%),2026 FY,9.974,10,-0.26,10.8628,10.86714,-0.03993691072352,"filings/capitaliq/Estimates/Recent Changes/SPGlobal_GrupoBimbo,S.A.B.deC.V._RecentChanges_06-Oct-2026.xlsx",Recent Changes,1251
2026-10-06,2025-07-14,Not Entitled**,Not Entitled**,ROA (%),2026 FY,3.189,3.2,-0.3437,3.189,3.2,-0.34375,"filings/capitaliq/Estimates/Recent Changes/SPGlobal_GrupoBimbo,S.A.B.deC.V._RecentChanges_06-Oct-2026.xlsx",Recent Changes,1252
2026-10-06,2025-07-14,Not Entitled**,Not Entitled**,Revenue (Mex$000),2026 FY,438009211.96,438009000,0,456352400.95,456352379.75,4.64553291e-06,"filings/capitaliq/Estimates/Recent Changes/SPGlobal_GrupoBimbo,S.A.B.deC.V._RecentChanges_06-Oct-2026.xlsx",Recent Changes,1253
2026-10-06,2025-07-14,Not Entitled**,Not Entitled**,EBIT (Mex$000),2026 FY,36615363.51,36615000,0.0009,38364181.24,38364144.89,9.474992888e-05,"filings/capitaliq/Estimates/Recent Changes/SPGlobal_GrupoBimbo,S.A.B.deC.V._RecentChanges_06-Oct-2026.xlsx",Recent Changes,1254
2026-10-06,2025-07-14,Not Entitled**,Not Entitled**,EBT (GAAP) (Mex$000),2026 FY,24324992.81,24325000,0,24790528.74,24790530.54,-7.26083694e-06,"filings/capitaliq/Estimates/Recent Changes/SPGlobal_GrupoBimbo,S.A.B.deC.V._RecentChanges_06-Oct-2026.xlsx",Recent Changes,1255
2026-10-06,2025-07-14,Not Entitled**,Not Entitled**,EBITDA (Mex$000),2026 FY,60311809.43,60312000,-0.0003,63796428.86,63796447.92,-2.987627152e-05,"filings/capitaliq/Estimates/Recent Changes/SPGlobal_GrupoBimbo,S.A.B.deC.V._RecentChanges_06-Oct-2026.xlsx",Recent Changes,1256
2026-10-06,2025-07-14,Not Entitled**,Not Entitled**,EBITDA (Mex$000),2026 FY,60312000,62825621.46,-4.0009,63796447.92,64047810.06,-0.39246016337565,"filings/capitaliq/Estimates/Recent Changes/SPGlobal_GrupoBimbo,S.A.B.deC.V._RecentChanges_06-Oct-2026.xlsx",Recent Changes,1257
2026-10-06,2025-07-14,Not Entitled**,Not Entitled**,Free Cash Flow (Mex$000),2026 FY,27412000,29504000,-7.0905,23248666.67,23946000,-2.91210778418107,"filings/capitaliq/Estimates/Recent Changes/SPGlobal_GrupoBimbo,S.A.B.deC.V._RecentChanges_06-Oct-2026.xlsx",Recent Changes,1258
2026-10-06,2025-07-14,Not Entitled**,Not Entitled**,EBT Normalized (Mex$000),2026 FY,24325000,26083000,-6.74,26804141.88,27155741.88,-1.29475380033329,"filings/capitaliq/Estimates/Recent Changes/SPGlobal_GrupoBimbo,S.A.B.deC.V._RecentChanges_06-Oct-2026.xlsx",Recent Changes,1259
2026-10-06,2025-07-14,Not Entitled**,Not Entitled**,Capital Expenditures (Mex$000),2026 FY,19710000,20764000,-5.076,24659614.73,25010948.07,-1.40471820187183,"filings/capitaliq/Estimates/Recent Changes/SPGlobal_GrupoBimbo,S.A.B.deC.V._RecentChanges_06-Oct-2026.xlsx",Recent Changes,1260
2026-10-06,2025-07-14,Not Entitled**,Not Entitled**,Cash From Operations (Mex$000),2026 FY,38729000,42363000,-8.5782,40748000,42565000,-4.26876541759662,"filings/capitaliq/Estimates/Recent Changes/SPGlobal_GrupoBimbo,S.A.B.deC.V._RecentChanges_06-Oct-2026.xlsx",Recent Changes,1261
2026-10-06,2025-07-14,Not Entitled**,Not Entitled**,Depreciation & Amortization (Mex$000),2026 FY,24203000,26060000,-7.1258,25185000,25804000,-2.39885289102465,"filings/capitaliq/Estimates/Recent Changes/SPGlobal_GrupoBimbo,S.A.B.deC.V._RecentChanges_06-Oct-2026.xlsx",Recent Changes,1262
2026-10-06,2025-07-14,Not Entitled**,Not Entitled**,EBT (GAAP) (Mex$000),2026 FY,24325000,26082945.55,-6.7398,24790530.54,25230016.93,-1.74191872807435,"filings/capitaliq/Estimates/Recent Changes/SPGlobal_GrupoBimbo,S.A.B.deC.V._RecentChanges_06-Oct-2026.xlsx",Recent Changes,1263
2026-10-06,2025-07-14,Not Entitled**,Not Entitled**,EBIT (Mex$000),2026 FY,36615000,36766100.74,-0.4109,38364144.89,38379254.97,-0.03937043596029,"filings/capitaliq/Estimates/Recent Changes/SPGlobal_GrupoBimbo,S.A.B.deC.V._RecentChanges_06-Oct-2026.xlsx",Recent Changes,1264
2026-10-06,2025-07-14,Not Entitled**,Not Entitled**,Revenue (Mex$000),2026 FY,438009000,461432342.6,-5.0762,456352379.75,458694714.01,-0.51065211533023,"filings/capitaliq/Estimates/Recent Changes/SPGlobal_GrupoBimbo,S.A.B.deC.V._RecentChanges_06-Oct-2026.xlsx",Recent Changes,1265
2026-10-06,2025-07-14,Not Entitled**,Not Entitled**,"Selling, General and Administrative Expense (Mex$000)",2026 FY,191096000,196047000,-2.5254,197865000,199515333.33,-0.82717117649817,"filings/capitaliq/Estimates/Recent Changes/SPGlobal_GrupoBimbo,S.A.B.deC.V._RecentChanges_06-Oct-2026.xlsx",Recent Changes,1266
2026-10-06,2025-07-14,Not Entitled**,Not Entitled**,ROA (%),2026 FY,3.2,3.588,-10.8138,3.2,3.588,-10.81382385730212,"filings/capitaliq/Estimates/Recent Changes/SPGlobal_GrupoBimbo,S.A.B.deC.V._RecentChanges_06-Oct-2026.xlsx",Recent Changes,1267
2026-10-06,2025-07-14,Not Entitled**,Not Entitled**,ROE (%),2026 FY,10,11.163,-10.4183,10.86714,11.06097,-1.75237795600205,"filings/capitaliq/Estimates/Recent Changes/SPGlobal_GrupoBimbo,S.A.B.deC.V._RecentChanges_06-Oct-2026.xlsx",Recent Changes,1268
2026-10-06,2025-07-14,Not Entitled**,Not Entitled**,Interest Expense (Mex$000),2026 FY,12509000,11626000,7.595,13110000,12889250,1.7126675330217,"filings/capitaliq/Estimates/Recent Changes/SPGlobal_GrupoBimbo,S.A.B.deC.V._RecentChanges_06-Oct-2026.xlsx",Recent Changes,1269
2026-10-06,2025-07-14,Not Entitled**,Not Entitled**,Gross Margin (%),2026 FY,53.5,52.2,2.4904,52.95,52.625,0.61757719714964,"filings/capitaliq/Estimates/Recent Changes/SPGlobal_GrupoBimbo,S.A.B.deC.V._RecentChanges_06-Oct-2026.xlsx",Recent Changes,1270
2026-10-06,2025-07-14,Not Entitled**,Not Entitled**,Net Debt (Mex$000),2026 FY,119958000,117288720.35,2.2758,146668211.31,146286885.65,0.26066975061069,"filings/capitaliq/Estimates/Recent Changes/SPGlobal_GrupoBimbo,S.A.B.deC.V._RecentChanges_06-Oct-2026.xlsx",Recent Changes,1271
2026-10-06,2025-07-14,Not Entitled**,Not Entitled**,Net Income Normalized (Mex$000),2026 FY,14418000,15870647.99,-9.153,15961717.14,16169238.28,-1.28343176349059,"filings/capitaliq/Estimates/Recent Changes/SPGlobal_GrupoBimbo,S.A.B.deC.V._RecentChanges_06-Oct-2026.xlsx",Recent Changes,1272
2026-10-06,2025-07-14,Not Entitled**,Not Entitled**,Net Income (GAAP) (Mex$000),2026 FY,14418000,15871000,-9.155,15476394.92,15658019.92,-1.15994870953006,"filings/capitaliq/Estimates/Recent Changes/SPGlobal_GrupoBimbo,S.A.B.deC.V._RecentChanges_06-Oct-2026.xlsx",Recent Changes,1273
2026-10-06,2025-07-14,Not Entitled**,Not Entitled**,EPS (GAAP) (Mex$),2026 FQ3,0.93,0.98,-5.102,0.93,0.98,-5.10204081632653,"filings/capitaliq/Estimates/Recent Changes/SPGlobal_GrupoBimbo,S.A.B.deC.V._RecentChanges_06-Oct-2026.xlsx",Recent Changes,1274
2026-10-06,2025-07-14,Not Entitled**,Not Entitled**,Target Price,Non-Periodic,63,60,5,63.25,63,0.3968254029750824,"filings/capitaliq/Estimates/Recent Changes/SPGlobal_GrupoBimbo,S.A.B.deC.V._RecentChanges_06-Oct-2026.xlsx",Recent Changes,1275
2026-10-06,2025-07-14,Not Entitled**,Not Entitled**,EPS Normalized (Mex$),2026 FQ4,1.16,1.15,0.8695,1.115,1.11,0.45045045045045,"filings/capitaliq/Estimates/Recent Changes/SPGlobal_GrupoBimbo,S.A.B.deC.V._RecentChanges_06-Oct-2026.xlsx",Recent Changes,1276
2026-10-06,2025-07-14,Not Entitled**,Not Entitled**,EPS (GAAP) (Mex$),2026 FQ4,1.16,1.15,0.8695,1.16,1.15,0.8695652173913,"filings/capitaliq/Estimates/Recent Changes/SPGlobal_GrupoBimbo,S.A.B.deC.V._RecentChanges_06-Oct-2026.xlsx",Recent Changes,1277
2026-10-06,2025-07-14,Not Entitled**,Not Entitled**,EPS Normalized (Mex$),2026 FQ3,0.93,0.98,-5.102,0.967,0.992,-2.52016129032258,"filings/capitaliq/Estimates/Recent Changes/SPGlobal_GrupoBimbo,S.A.B.deC.V._RecentChanges_06-Oct-2026.xlsx",Recent Changes,1278
2026-10-06,2025-07-14,Not Entitled**,Not Entitled**,EPS Normalized (Mex$),2026 FY,3.34,3.631,-8.0143,3.56003,3.5964,-1.01128906684462,"filings/capitaliq/Estimates/Recent Changes/SPGlobal_GrupoBimbo,S.A.B.deC.V._RecentChanges_06-Oct-2026.xlsx",Recent Changes,1279
2026-10-06,2025-07-14,Not Entitled**,Not Entitled**,Dividend per share (Mex$),2026 FY,1.37,1.45089,-5.5751,1.08385,1.09396,-0.92416541738272,"filings/capitaliq/Estimates/Recent Changes/SPGlobal_GrupoBimbo,S.A.B.deC.V._RecentChanges_06-Oct-2026.xlsx",Recent Changes,1280
2026-10-06,2025-07-14,Not Entitled**,Not Entitled**,Effective Tax Rate (%),2026 FY,32.9,32,2.8125,32.63333,32.33333,0.9278351471995,"filings/capitaliq/Estimates/Recent Changes/SPGlobal_GrupoBimbo,S.A.B.deC.V._RecentChanges_06-Oct-2026.xlsx",Recent Changes,1281
2026-10-06,2025-07-14,Not Entitled**,Not Entitled**,EPS (GAAP) (Mex$),2026 FY,3.34,3.63,-7.9889,3.46722,3.50865,-1.18079603266214,"filings/capitaliq/Estimates/Recent Changes/SPGlobal_GrupoBimbo,S.A.B.deC.V._RecentChanges_06-Oct-2026.xlsx",Recent Changes,1282
2026-10-06,2025-07-14,Not Entitled**,Not Entitled**,Avg. Diluted Shares Outstanding,2026 FY,4318000,4371000,-1.2125,4353500,4380000,-0.60502283105023,"filings/capitaliq/Estimates/Recent Changes/SPGlobal_GrupoBimbo,S.A.B.deC.V._RecentChanges_06-Oct-2026.xlsx",Recent Changes,1283
2026-10-06,2025-07-09,Itau BBA,"Fuchs, Alejandro",EPS (GAAP) (Mex$),2026 FY,3.17,2.6,21.923,3.50865,3.56509,-1.58312973866017,"filings/capitaliq/Estimates/Recent Changes/SPGlobal_GrupoBimbo,S.A.B.deC.V._RecentChanges_06-Oct-2026.xlsx",Recent Changes,1284
2026-10-06,2025-07-09,Itau BBA,"Fuchs, Alejandro",Dividend per share (Mex$),2026 FY,1.05,1.04,0.9615,1.09396,1.10025,-0.57168825266985,"filings/capitaliq/Estimates/Recent Changes/SPGlobal_GrupoBimbo,S.A.B.deC.V._RecentChanges_06-Oct-2026.xlsx",Recent Changes,1285
2026-10-06,2025-07-09,Itau BBA,"Fuchs, Alejandro",EPS Normalized (Mex$),2026 FY,3.17,2.6,21.923,3.5964,3.65732,-1.66570056762876,"filings/capitaliq/Estimates/Recent Changes/SPGlobal_GrupoBimbo,S.A.B.deC.V._RecentChanges_06-Oct-2026.xlsx",Recent Changes,1286
2026-10-06,2025-07-09,Itau BBA,"Fuchs, Alejandro",Target Price,Non-Periodic,52,50,4,63,62.83333,0.2652572989463806,"filings/capitaliq/Estimates/Recent Changes/SPGlobal_GrupoBimbo,S.A.B.deC.V._RecentChanges_06-Oct-2026.xlsx",Recent Changes,1287
2026-10-06,2025-07-09,Itau BBA,"Fuchs, Alejandro",Net Income (GAAP) (Mex$000),2026 FY,14164000,11645000,21.6316,15658019.92,15871451.34,-1.34475049211221,"filings/capitaliq/Estimates/Recent Changes/SPGlobal_GrupoBimbo,S.A.B.deC.V._RecentChanges_06-Oct-2026.xlsx",Recent Changes,1288
2026-10-06,2025-07-09,Itau BBA,"Fuchs, Alejandro",Net Income Normalized (Mex$000),2026 FY,14164000,11645000,21.6316,16169238.28,16503444.66,-2.0250704436876,"filings/capitaliq/Estimates/Recent Changes/SPGlobal_GrupoBimbo,S.A.B.deC.V._RecentChanges_06-Oct-2026.xlsx",Recent Changes,1289
2026-10-06,2025-07-09,Itau BBA,"Fuchs, Alejandro",Net Debt (Mex$000),2026 FY,143050000,108424000,31.9357,146286885.65,146826366.59,-0.36742783501989,"filings/capitaliq/Estimates/Recent Changes/SPGlobal_GrupoBimbo,S.A.B.deC.V._RecentChanges_06-Oct-2026.xlsx",Recent Changes,1290
2026-10-06,2025-07-09,Itau BBA,"Fuchs, Alejandro",Gross Margin (%),2026 FY,53,52.7,0.5692,52.625,52.5,0.23809523809524,"filings/capitaliq/Estimates/Recent Changes/SPGlobal_GrupoBimbo,S.A.B.deC.V._RecentChanges_06-Oct-2026.xlsx",Recent Changes,1291
2026-10-06,2025-07-09,Itau BBA,"Fuchs, Alejandro",Interest Expense (Mex$000),2026 FY,12398000,14143000,-12.3382,12889250,13053000,-1.25450088102352,"filings/capitaliq/Estimates/Recent Changes/SPGlobal_GrupoBimbo,S.A.B.deC.V._RecentChanges_06-Oct-2026.xlsx",Recent Changes,1292
2026-10-06,2025-07-09,Itau BBA,"Fuchs, Alejandro","Selling, General and Administrative Expense (Mex$000)",2026 FY,200194000,203840000,-1.7886,199515333.33,199176000,0.17036858356428,"filings/capitaliq/Estimates/Recent Changes/SPGlobal_GrupoBimbo,S.A.B.deC.V._RecentChanges_06-Oct-2026.xlsx",Recent Changes,1293
2026-10-06,2025-07-09,Itau BBA,"Fuchs, Alejandro",Revenue (Mex$000),2026 FY,445634000,450671000,-1.1176,458694714.01,460145904.46,-0.31537615263642,"filings/capitaliq/Estimates/Recent Changes/SPGlobal_GrupoBimbo,S.A.B.deC.V._RecentChanges_06-Oct-2026.xlsx",Recent Changes,1294
2026-10-06,2025-07-09,Itau BBA,"Fuchs, Alejandro",EBIT (Mex$000),2026 FY,35842000,33730000,6.2614,38379254.97,38661172.18,-0.7291998511774,"filings/capitaliq/Estimates/Recent Changes/SPGlobal_GrupoBimbo,S.A.B.deC.V._RecentChanges_06-Oct-2026.xlsx",Recent Changes,1295
2026-10-06,2025-07-09,Itau BBA,"Fuchs, Alejandro",Capital Expenditures (Mex$000),2026 FY,26358000,27517000,-4.2119,25010948.07,24337422.1,2.76744992642421,"filings/capitaliq/Estimates/Recent Changes/SPGlobal_GrupoBimbo,S.A.B.deC.V._RecentChanges_06-Oct-2026.xlsx",Recent Changes,1296
2026-10-06,2025-07-09,Itau BBA,"Fuchs, Alejandro",Free Cash Flow (Mex$000),2026 FY,15716000,12491000,25.8185,23946000,28061000,-14.66448095221125,"filings/capitaliq/Estimates/Recent Changes/SPGlobal_GrupoBimbo,S.A.B.deC.V._RecentChanges_06-Oct-2026.xlsx",Recent Changes,1297
2026-10-06,2025-07-09,Itau BBA,"Fuchs, Alejandro",EBITDA (Mex$000),2026 FY,61203000,59216000,3.3555,64047810.06,64363900.07,-0.49109828592772,"filings/capitaliq/Estimates/Recent Changes/SPGlobal_GrupoBimbo,S.A.B.deC.V._RecentChanges_06-Oct-2026.xlsx",Recent Changes,1298
2026-10-06,2025-06-16,Not Entitled**,Not Entitled**,EBITDA (Mex$000),2026 FY,-,-,-,-,-,-,"filings/capitaliq/Estimates/Recent Changes/SPGlobal_GrupoBimbo,S.A.B.deC.V._RecentChanges_06-Oct-2026.xlsx",Recent Changes,1299
2026-10-06,2025-06-16,Not Entitled**,Not Entitled**,EBT Normalized (Mex$000),2026 FY,-,-,-,-,-,-,"filings/capitaliq/Estimates/Recent Changes/SPGlobal_GrupoBimbo,S.A.B.deC.V._RecentChanges_06-Oct-2026.xlsx",Recent Changes,1300
2026-10-06,2025-06-16,Not Entitled**,Not Entitled**,EBIT (Mex$000),2026 FY,-,-,-,-,-,-,"filings/capitaliq/Estimates/Recent Changes/SPGlobal_GrupoBimbo,S.A.B.deC.V._RecentChanges_06-Oct-2026.xlsx",Recent Changes,1301
2026-10-06,2025-06-16,Not Entitled**,Not Entitled**,Revenue (Mex$000),2026 FY,-,-,-,-,-,-,"filings/capitaliq/Estimates/Recent Changes/SPGlobal_GrupoBimbo,S.A.B.deC.V._RecentChanges_06-Oct-2026.xlsx",Recent Changes,1302
2026-10-06,2025-06-16,Not Entitled**,Not Entitled**,ROE (%),2026 FY,-,-,-,-,-,-,"filings/capitaliq/Estimates/Recent Changes/SPGlobal_GrupoBimbo,S.A.B.deC.V._RecentChanges_06-Oct-2026.xlsx",Recent Changes,1303
2026-10-06,2025-06-16,Not Entitled**,Not Entitled**,Net Income (GAAP) (Mex$000),2026 FY,-,-,-,-,-,-,"filings/capitaliq/Estimates/Recent Changes/SPGlobal_GrupoBimbo,S.A.B.deC.V._RecentChanges_06-Oct-2026.xlsx",Recent Changes,1304
2026-10-06,2025-06-16,Not Entitled**,Not Entitled**,Dividend per share (Mex$),2026 FY,-,-,-,-,-,-,"filings/capitaliq/Estimates/Recent Changes/SPGlobal_GrupoBimbo,S.A.B.deC.V._RecentChanges_06-Oct-2026.xlsx",Recent Changes,1305
2026-10-06,2025-06-16,Not Entitled**,Not Entitled**,EPS (GAAP) (Mex$),2026 FY,-,-,-,-,-,-,"filings/capitaliq/Estimates/Recent Changes/SPGlobal_GrupoBimbo,S.A.B.deC.V._RecentChanges_06-Oct-2026.xlsx",Recent Changes,1306
2026-10-06,2025-06-16,Not Entitled**,Not Entitled**,Target Price,Non-Periodic,-,-,-,-,-,-,"filings/capitaliq/Estimates/Recent Changes/SPGlobal_GrupoBimbo,S.A.B.deC.V._RecentChanges_06-Oct-2026.xlsx",Recent Changes,1307
2026-10-06,2025-06-09,Not Entitled**,Not Entitled**,Target Price,Non-Periodic,63,69,-8.69565200805664,63.41667,63.91667,-0.7822685241699219,"filings/capitaliq/Estimates/Recent Changes/SPGlobal_GrupoBimbo,S.A.B.deC.V._RecentChanges_06-Oct-2026.xlsx",Recent Changes,1308
2026-10-06,2025-06-09,Not Entitled**,Not Entitled**,EPS (GAAP) (Mex$),2026 FY,3.44,3.51,-1.9943,3.50902,3.51902,-0.28417002460912,"filings/capitaliq/Estimates/Recent Changes/SPGlobal_GrupoBimbo,S.A.B.deC.V._RecentChanges_06-Oct-2026.xlsx",Recent Changes,1309
2026-10-06,2025-06-09,Not Entitled**,Not Entitled**,Book Value per share (Mex$),2026 FY,30.69,30.83,-0.4541,33.32815,33.36315,-0.10490616143859,"filings/capitaliq/Estimates/Recent Changes/SPGlobal_GrupoBimbo,S.A.B.deC.V._RecentChanges_06-Oct-2026.xlsx",Recent Changes,1310
2026-10-06,2025-06-09,Not Entitled**,Not Entitled**,EPS Normalized (Mex$),2026 FY,3.44,3.51,-1.9943,3.52515,3.5339,-0.24760179971137,"filings/capitaliq/Estimates/Recent Changes/SPGlobal_GrupoBimbo,S.A.B.deC.V._RecentChanges_06-Oct-2026.xlsx",Recent Changes,1311
2026-10-06,2025-06-09,Not Entitled**,Not Entitled**,Net Income (GAAP) (Mex$000),2026 FY,15090000,15382000,-1.8983,15657250.7,15693750.7,-0.2325766523104,"filings/capitaliq/Estimates/Recent Changes/SPGlobal_GrupoBimbo,S.A.B.deC.V._RecentChanges_06-Oct-2026.xlsx",Recent Changes,1312
2026-10-06,2025-06-09,Not Entitled**,Not Entitled**,Net Income Normalized (Mex$000),2026 FY,15090000,15382000,-1.8983,15809381.14,15851095.43,-0.26316345254632,"filings/capitaliq/Estimates/Recent Changes/SPGlobal_GrupoBimbo,S.A.B.deC.V._RecentChanges_06-Oct-2026.xlsx",Recent Changes,1313
2026-10-06,2025-06-09,Not Entitled**,Not Entitled**,Net Debt (Mex$000),2026 FY,175172000,173996000,0.6758,141340314.22,141172314.22,0.11900350357521,"filings/capitaliq/Estimates/Recent Changes/SPGlobal_GrupoBimbo,S.A.B.deC.V._RecentChanges_06-Oct-2026.xlsx",Recent Changes,1314
2026-10-06,2025-06-09,Not Entitled**,Not Entitled**,ROE (%),2026 FY,11.4,11.6,-1.7241,11.2843,11.31764,-0.29458438331666,"filings/capitaliq/Estimates/Recent Changes/SPGlobal_GrupoBimbo,S.A.B.deC.V._RecentChanges_06-Oct-2026.xlsx",Recent Changes,1315
2026-10-06,2025-06-09,Not Entitled**,Not Entitled**,TEV (Mex$000),2026 FY,407574000,456930000,-10.8016,387538067.98,403990067.98,-4.07237734389413,"filings/capitaliq/Estimates/Recent Changes/SPGlobal_GrupoBimbo,S.A.B.deC.V._RecentChanges_06-Oct-2026.xlsx",Recent Changes,1316
2026-10-06,2025-06-09,Not Entitled**,Not Entitled**,Revenue (Mex$000),2026 FY,457716000,467786000,-2.1526,460836106.48,461843106.48,-0.21803941335727,"filings/capitaliq/Estimates/Recent Changes/SPGlobal_GrupoBimbo,S.A.B.deC.V._RecentChanges_06-Oct-2026.xlsx",Recent Changes,1317
2026-10-06,2025-06-09,Not Entitled**,Not Entitled**,EBT (GAAP) (Mex$000),2026 FY,24921000,25357000,-1.7194,25230016.93,25339016.93,-0.43016664893163,"filings/capitaliq/Estimates/Recent Changes/SPGlobal_GrupoBimbo,S.A.B.deC.V._RecentChanges_06-Oct-2026.xlsx",Recent Changes,1318
2026-10-06,2025-06-09,Not Entitled**,Not Entitled**,EBT Normalized (Mex$000),2026 FY,24921000,25357000,-1.7194,28154822.99,28242022.99,-0.30875975149116,"filings/capitaliq/Estimates/Recent Changes/SPGlobal_GrupoBimbo,S.A.B.deC.V._RecentChanges_06-Oct-2026.xlsx",Recent Changes,1319
2026-10-06,2025-06-09,Not Entitled**,Not Entitled**,Depreciation & Amortization (Mex$000),2026 FY,26533000,27120000,-2.1644,23988500,24135250,-0.60803182067723,"filings/capitaliq/Estimates/Recent Changes/SPGlobal_GrupoBimbo,S.A.B.deC.V._RecentChanges_06-Oct-2026.xlsx",Recent Changes,1320
2026-10-06,2025-06-09,Not Entitled**,Not Entitled**,Cash From Operations (Mex$000),2026 FY,42767000,43452000,-1.5764,42565000,42907500,-0.7982287478879,"filings/capitaliq/Estimates/Recent Changes/SPGlobal_GrupoBimbo,S.A.B.deC.V._RecentChanges_06-Oct-2026.xlsx",Recent Changes,1321
2026-10-06,2025-06-09,Not Entitled**,Not Entitled**,EBIT (Mex$000),2026 FY,37310000,37746000,-1.155,38474959.1,38518559.1,-0.11319218843781,"filings/capitaliq/Estimates/Recent Changes/SPGlobal_GrupoBimbo,S.A.B.deC.V._RecentChanges_06-Oct-2026.xlsx",Recent Changes,1322
2026-10-06,2025-06-09,Not Entitled**,Not Entitled**,EBITDA (Mex$000),2026 FY,63843000,64866000,-1.577,64172122.14,64274422.14,-0.15916129090538,"filings/capitaliq/Estimates/Recent Changes/SPGlobal_GrupoBimbo,S.A.B.deC.V._RecentChanges_06-Oct-2026.xlsx",Recent Changes,1323
2026-10-06,2025-05-19,Not Entitled**,Not Entitled**,EBITDA (Mex$000),2026 FY,-,-,-,-,-,-,"filings/capitaliq/Estimates/Recent Changes/SPGlobal_GrupoBimbo,S.A.B.deC.V._RecentChanges_06-Oct-2026.xlsx",Recent Changes,1324
2026-10-06,2025-05-19,Not Entitled**,Not Entitled**,EBIT (Mex$000),2026 FY,-,-,-,-,-,-,"filings/capitaliq/Estimates/Recent Changes/SPGlobal_GrupoBimbo,S.A.B.deC.V._RecentChanges_06-Oct-2026.xlsx",Recent Changes,1325
2026-10-06,2025-05-19,Not Entitled**,Not Entitled**,EBT (GAAP) (Mex$000),2026 FY,-,-,-,-,-,-,"filings/capitaliq/Estimates/Recent Changes/SPGlobal_GrupoBimbo,S.A.B.deC.V._RecentChanges_06-Oct-2026.xlsx",Recent Changes,1326
2026-10-06,2025-05-19,Not Entitled**,Not Entitled**,Revenue (Mex$000),2026 FY,-,-,-,-,-,-,"filings/capitaliq/Estimates/Recent Changes/SPGlobal_GrupoBimbo,S.A.B.deC.V._RecentChanges_06-Oct-2026.xlsx",Recent Changes,1327
2026-10-06,2025-05-19,Not Entitled**,Not Entitled**,TEV (Mex$000),2026 FY,-,-,-,-,-,-,"filings/capitaliq/Estimates/Recent Changes/SPGlobal_GrupoBimbo,S.A.B.deC.V._RecentChanges_06-Oct-2026.xlsx",Recent Changes,1328
2026-10-06,2025-05-19,Not Entitled**,Not Entitled**,ROE (%),2026 FY,-,-,-,-,-,-,"filings/capitaliq/Estimates/Recent Changes/SPGlobal_GrupoBimbo,S.A.B.deC.V._RecentChanges_06-Oct-2026.xlsx",Recent Changes,1329
2026-10-06,2025-05-19,Not Entitled**,Not Entitled**,Net Debt (Mex$000),2026 FY,-,-,-,-,-,-,"filings/capitaliq/Estimates/Recent Changes/SPGlobal_GrupoBimbo,S.A.B.deC.V._RecentChanges_06-Oct-2026.xlsx",Recent Changes,1330
2026-10-06,2025-05-19,Not Entitled**,Not Entitled**,Net Income (GAAP) (Mex$000),2026 FY,-,-,-,-,-,-,"filings/capitaliq/Estimates/Recent Changes/SPGlobal_GrupoBimbo,S.A.B.deC.V._RecentChanges_06-Oct-2026.xlsx",Recent Changes,1331
2026-10-06,2025-05-19,Not Entitled**,Not Entitled**,Dividend per share (Mex$),2026 FY,-,-,-,-,-,-,"filings/capitaliq/Estimates/Recent Changes/SPGlobal_GrupoBimbo,S.A.B.deC.V._RecentChanges_06-Oct-2026.xlsx",Recent Changes,1332
2026-10-06,2025-05-19,Not Entitled**,Not Entitled**,Book Value per share (Mex$),2026 FY,-,-,-,-,-,-,"filings/capitaliq/Estimates/Recent Changes/SPGlobal_GrupoBimbo,S.A.B.deC.V._RecentChanges_06-Oct-2026.xlsx",Recent Changes,1333
2026-10-06,2025-05-19,Not Entitled**,Not Entitled**,EPS (GAAP) (Mex$),2026 FY,-,-,-,-,-,-,"filings/capitaliq/Estimates/Recent Changes/SPGlobal_GrupoBimbo,S.A.B.deC.V._RecentChanges_06-Oct-2026.xlsx",Recent Changes,1334
2026-10-06,2025-05-19,Not Entitled**,Not Entitled**,Target Price,Non-Periodic,-,-,-,-,-,-,"filings/capitaliq/Estimates/Recent Changes/SPGlobal_GrupoBimbo,S.A.B.deC.V._RecentChanges_06-Oct-2026.xlsx",Recent Changes,1335
2026-10-06,2025-05-19,Not Entitled**,Not Entitled**,Recommendation,Non-Periodic,-,-, ,-,-, ,"filings/capitaliq/Estimates/Recent Changes/SPGlobal_GrupoBimbo,S.A.B.deC.V._RecentChanges_06-Oct-2026.xlsx",Recent Changes,1336
2026-10-06,2025-05-12,"Actinver Case de Bolsa, S.A. de C.V.","Hernandez Velez Leija, Antonio",EPS Normalized (Mex$),2026 FY,3.4,NA,NA,3.5339,3.55303,-0.53841369197558,"filings/capitaliq/Estimates/Recent Changes/SPGlobal_GrupoBimbo,S.A.B.deC.V._RecentChanges_06-Oct-2026.xlsx",Recent Changes,1337
2026-10-06,2025-05-12,"Actinver Case de Bolsa, S.A. de C.V.","Hernandez Velez Leija, Antonio",Net Income Normalized (Mex$000),2026 FY,14906000,NA,NA,15851095.43,16008611.33,-0.98394480790983,"filings/capitaliq/Estimates/Recent Changes/SPGlobal_GrupoBimbo,S.A.B.deC.V._RecentChanges_06-Oct-2026.xlsx",Recent Changes,1338
2026-10-06,2025-05-12,"Actinver Case de Bolsa, S.A. de C.V.","Hernandez Velez Leija, Antonio",Gross Margin (%),2026 FY,52.2,NA,NA,52.55,52.66667,-0.22152530243511,"filings/capitaliq/Estimates/Recent Changes/SPGlobal_GrupoBimbo,S.A.B.deC.V._RecentChanges_06-Oct-2026.xlsx",Recent Changes,1339
2026-10-06,2025-05-12,"Actinver Case de Bolsa, S.A. de C.V.","Hernandez Velez Leija, Antonio",Revenue (Mex$000),2026 FY,463363000,NA,NA,464123239.68,464207710.75,-0.01819682612844,"filings/capitaliq/Estimates/Recent Changes/SPGlobal_GrupoBimbo,S.A.B.deC.V._RecentChanges_06-Oct-2026.xlsx",Recent Changes,1340
2026-10-06,2025-05-12,"Actinver Case de Bolsa, S.A. de C.V.","Hernandez Velez Leija, Antonio",EBIT (Mex$000),2026 FY,35284000,NA,NA,38891031.7,39291813,-1.0200122351188,"filings/capitaliq/Estimates/Recent Changes/SPGlobal_GrupoBimbo,S.A.B.deC.V._RecentChanges_06-Oct-2026.xlsx",Recent Changes,1341
2026-10-06,2025-05-12,"Actinver Case de Bolsa, S.A. de C.V.","Hernandez Velez Leija, Antonio",EBITDA (Mex$000),2026 FY,61900000,NA,NA,64530429.96,64822699.96,-0.45087600513454,"filings/capitaliq/Estimates/Recent Changes/SPGlobal_GrupoBimbo,S.A.B.deC.V._RecentChanges_06-Oct-2026.xlsx",Recent Changes,1342
2026-10-06,2025-05-11,Not Entitled**,Not Entitled**,EPS Normalized (Mex$),2026 FY,3.517,3.681,-4.4553,3.55303,3.57646,-0.65511707107028,"filings/capitaliq/Estimates/Recent Changes/SPGlobal_GrupoBimbo,S.A.B.deC.V._RecentChanges_06-Oct-2026.xlsx",Recent Changes,1343
2026-10-06,2025-05-11,Not Entitled**,Not Entitled**,EPS Normalized (Mex$),2026 FQ3,1.004,1.054,-4.7438,0.992,1.017,-2.45821042281219,"filings/capitaliq/Estimates/Recent Changes/SPGlobal_GrupoBimbo,S.A.B.deC.V._RecentChanges_06-Oct-2026.xlsx",Recent Changes,1344
2026-10-06,2025-05-11,Not Entitled**,Not Entitled**,EPS Normalized (Mex$),2026 FQ4,1.07,1.062,0.7532,1.11,1.106,0.36166365280289,"filings/capitaliq/Estimates/Recent Changes/SPGlobal_GrupoBimbo,S.A.B.deC.V._RecentChanges_06-Oct-2026.xlsx",Recent Changes,1345
2026-10-06,2025-05-05,Not Entitled**,Not Entitled**,EBITDA (Mex$000),2026 FY,63367254.6,66332221.84,-4.4698,64822699.96,65152140.76,-0.50564846551022,"filings/capitaliq/Estimates/Recent Changes/SPGlobal_GrupoBimbo,S.A.B.deC.V._RecentChanges_06-Oct-2026.xlsx",Recent Changes,1346
2026-10-06,2025-05-05,Not Entitled**,Not Entitled**,EBIT (Mex$000),2026 FY,38200718.92,41867382.16,-8.7578,39291813,39699220.03,-1.02623434337534,"filings/capitaliq/Estimates/Recent Changes/SPGlobal_GrupoBimbo,S.A.B.deC.V._RecentChanges_06-Oct-2026.xlsx",Recent Changes,1347
2026-10-06,2025-05-05,Not Entitled**,Not Entitled**,EBT (GAAP) (Mex$000),2026 FY,25496159.35,29766644.48,-14.3465,26429292.89,27496914.17,-3.88269488495843,"filings/capitaliq/Estimates/Recent Changes/SPGlobal_GrupoBimbo,S.A.B.deC.V._RecentChanges_06-Oct-2026.xlsx",Recent Changes,1348
2026-10-06,2025-05-05,Not Entitled**,Not Entitled**,Capital Expenditures (Mex$000),2026 FY,27910844.2,28901785.59,-3.4286,25397281.4,25727595.2,-1.28388913706167,"filings/capitaliq/Estimates/Recent Changes/SPGlobal_GrupoBimbo,S.A.B.deC.V._RecentChanges_06-Oct-2026.xlsx",Recent Changes,1349
2026-10-06,2025-05-05,Not Entitled**,Not Entitled**,ROE (%),2026 FY,10.97281,12.56983,-12.7051,12.15264,12.4188,-2.14320224176249,"filings/capitaliq/Estimates/Recent Changes/SPGlobal_GrupoBimbo,S.A.B.deC.V._RecentChanges_06-Oct-2026.xlsx",Recent Changes,1350
2026-10-06,2025-05-05,Not Entitled**,Not Entitled**,TEV (Mex$000),2026 FY,362029096.51,366861329.47,-1.3171,401077155.95,402687900.27,-0.39999819188011,"filings/capitaliq/Estimates/Recent Changes/SPGlobal_GrupoBimbo,S.A.B.deC.V._RecentChanges_06-Oct-2026.xlsx",Recent Changes,1351
2026-10-06,2025-05-05,Not Entitled**,Not Entitled**,Revenue (Mex$000),2026 FY,461964130.58,459574773.75,0.5199,464207710.75,463942226.66,0.05722352369416,"filings/capitaliq/Estimates/Recent Changes/SPGlobal_GrupoBimbo,S.A.B.deC.V._RecentChanges_06-Oct-2026.xlsx",Recent Changes,1352
2026-10-06,2025-05-05,Not Entitled**,Not Entitled**,Net Debt (Mex$000),2026 FY,129806641.3,129535012.69,0.2096,141559916.39,141521112.3,0.02741929410344,"filings/capitaliq/Estimates/Recent Changes/SPGlobal_GrupoBimbo,S.A.B.deC.V._RecentChanges_06-Oct-2026.xlsx",Recent Changes,1353
2026-10-06,2025-05-05,Not Entitled**,Not Entitled**,Net Income (GAAP) (Mex$000),2026 FY,15374184.09,17949286.62,-14.3465,16050936,16372823.82,-1.96598841799545,"filings/capitaliq/Estimates/Recent Changes/SPGlobal_GrupoBimbo,S.A.B.deC.V._RecentChanges_06-Oct-2026.xlsx",Recent Changes,1354
2026-10-06,2025-05-05,Not Entitled**,Not Entitled**,EPS Normalized (Mex$),2026 FY,3.50323,4.09,-14.3464,3.57646,3.66029,-2.29025569012291,"filings/capitaliq/Estimates/Recent Changes/SPGlobal_GrupoBimbo,S.A.B.deC.V._RecentChanges_06-Oct-2026.xlsx",Recent Changes,1355
2026-10-06,2025-05-05,Not Entitled**,Not Entitled**,Dividend per share (Mex$),2026 FY,1.05097,1.227,-14.3463,1.12319,1.14519,-1.9210785983112,"filings/capitaliq/Estimates/Recent Changes/SPGlobal_GrupoBimbo,S.A.B.deC.V._RecentChanges_06-Oct-2026.xlsx",Recent Changes,1356
2026-10-06,2025-05-05,Not Entitled**,Not Entitled**,Cash flow per share (Mex$),2026 FY,9.72093,10.17829,-4.4934,9.74806,9.97674,-2.29213149786403,"filings/capitaliq/Estimates/Recent Changes/SPGlobal_GrupoBimbo,S.A.B.deC.V._RecentChanges_06-Oct-2026.xlsx",Recent Changes,1357
2026-10-06,2025-05-05,Not Entitled**,Not Entitled**,Book Value per share (Mex$),2026 FY,33.152590000000004,33.96976,-2.4055,31.72565,31.92994,-0.63980702751086,"filings/capitaliq/Estimates/Recent Changes/SPGlobal_GrupoBimbo,S.A.B.deC.V._RecentChanges_06-Oct-2026.xlsx",Recent Changes,1358
2026-10-06,2025-05-05,Not Entitled**,Not Entitled**,Target Price,Non-Periodic,68,70,-2.857142925262451,65.27273,65.45455,-0.27778053283691406,"filings/capitaliq/Estimates/Recent Changes/SPGlobal_GrupoBimbo,S.A.B.deC.V._RecentChanges_06-Oct-2026.xlsx",Recent Changes,1359
2026-10-06,2025-05-05,Not Entitled**,Not Entitled**,EPS (GAAP) (Mex$),2026 FY,3.50323,4.09,-14.3464,3.60331,3.68713,-2.273312847662,"filings/capitaliq/Estimates/Recent Changes/SPGlobal_GrupoBimbo,S.A.B.deC.V._RecentChanges_06-Oct-2026.xlsx",Recent Changes,1360
2026-10-06,2025-04-30,"GBM Grupo Bursátil Mexicano, S.A. de C.V. Casa de Bolsa","Carrillo Villasana, Regina",Net Income Normalized (Mex$000),2026 FY,17828000,27840000,-35.9626,16008611.33,17677278,-9.4396132142064,"filings/capitaliq/Estimates/Recent Changes/SPGlobal_GrupoBimbo,S.A.B.deC.V._RecentChanges_06-Oct-2026.xlsx",Recent Changes,1361
2026-10-06,2025-04-30,"GBM Grupo Bursátil Mexicano, S.A. de C.V. Casa de Bolsa","Carrillo Villasana, Regina",Net Income (GAAP) (Mex$000),2026 FY,17828000,27840000,-35.9626,16372823.82,17624323.82,-7.10098164776003,"filings/capitaliq/Estimates/Recent Changes/SPGlobal_GrupoBimbo,S.A.B.deC.V._RecentChanges_06-Oct-2026.xlsx",Recent Changes,1362
2026-10-06,2025-04-30,"GBM Grupo Bursátil Mexicano, S.A. de C.V. Casa de Bolsa","Carrillo Villasana, Regina",Net Debt (Mex$000),2026 FY,165024000,79146000,108.5057,141521112.3,129252826.58,9.4916962704925,"filings/capitaliq/Estimates/Recent Changes/SPGlobal_GrupoBimbo,S.A.B.deC.V._RecentChanges_06-Oct-2026.xlsx",Recent Changes,1363
2026-10-06,2025-04-30,"GBM Grupo Bursátil Mexicano, S.A. de C.V. Casa de Bolsa","Carrillo Villasana, Regina",Maintenance Capital Expenditure (Mex$000),2026 FY,16020000,12342000,29.8006,16020000,12342000,29.80068060281964,"filings/capitaliq/Estimates/Recent Changes/SPGlobal_GrupoBimbo,S.A.B.deC.V._RecentChanges_06-Oct-2026.xlsx",Recent Changes,1364
2026-10-06,2025-04-30,"GBM Grupo Bursátil Mexicano, S.A. de C.V. Casa de Bolsa","Carrillo Villasana, Regina",Revenue (Mex$000),2026 FY,458802000,477518000,-3.9194,463942226.66,466021782.22,-0.44623569956185,"filings/capitaliq/Estimates/Recent Changes/SPGlobal_GrupoBimbo,S.A.B.deC.V._RecentChanges_06-Oct-2026.xlsx",Recent Changes,1365
2026-10-06,2025-04-30,"GBM Grupo Bursátil Mexicano, S.A. de C.V. Casa de Bolsa","Carrillo Villasana, Regina",ROE (%),2026 FY,11.8,17.4,-32.1839,12.4188,13.35214,-6.99019033653032,"filings/capitaliq/Estimates/Recent Changes/SPGlobal_GrupoBimbo,S.A.B.deC.V._RecentChanges_06-Oct-2026.xlsx",Recent Changes,1366
2026-10-06,2025-04-30,"GBM Grupo Bursátil Mexicano, S.A. de C.V. Casa de Bolsa","Carrillo Villasana, Regina",EBIT (Mex$000),2026 FY,41323000,50530000,-18.2208,39699220.03,40722220.03,-2.51214201791149,"filings/capitaliq/Estimates/Recent Changes/SPGlobal_GrupoBimbo,S.A.B.deC.V._RecentChanges_06-Oct-2026.xlsx",Recent Changes,1367
2026-10-06,2025-04-30,"GBM Grupo Bursátil Mexicano, S.A. de C.V. Casa de Bolsa","Carrillo Villasana, Regina",EBITDA (Mex$000),2026 FY,65547000,73352000,-10.6404,65152140.76,66019362.98,-1.31358768224213,"filings/capitaliq/Estimates/Recent Changes/SPGlobal_GrupoBimbo,S.A.B.deC.V._RecentChanges_06-Oct-2026.xlsx",Recent Changes,1368
2026-10-06,2025-04-30,"GBM Grupo Bursátil Mexicano, S.A. de C.V. Casa de Bolsa","Carrillo Villasana, Regina",Free Cash Flow (Mex$000),2026 FY,26618000,27697000,-3.8957,22871000,23230666.67,-1.54824084521204,"filings/capitaliq/Estimates/Recent Changes/SPGlobal_GrupoBimbo,S.A.B.deC.V._RecentChanges_06-Oct-2026.xlsx",Recent Changes,1369
2026-10-06,2025-04-30,Not Entitled**,Not Entitled**,EBITDA (Mex$000),2026 FY,66640883.83,68284588.67,-2.4071,66019362.98,66201996.85,-0.2758736574273,"filings/capitaliq/Estimates/Recent Changes/SPGlobal_GrupoBimbo,S.A.B.deC.V._RecentChanges_06-Oct-2026.xlsx",Recent Changes,1370
2026-10-06,2025-04-30,Not Entitled**,Not Entitled**,EBT Normalized (Mex$000),2026 FY,27795070,29495950,-5.7664,28242022.99,28582198.99,-1.19016734898185,"filings/capitaliq/Estimates/Recent Changes/SPGlobal_GrupoBimbo,S.A.B.deC.V._RecentChanges_06-Oct-2026.xlsx",Recent Changes,1371
2026-10-06,2025-04-30,Not Entitled**,Not Entitled**,EBIT (Mex$000),2026 FY,40870629,42481920.6,-3.7928,40722220.03,40901252.43,-0.43771862562498,"filings/capitaliq/Estimates/Recent Changes/SPGlobal_GrupoBimbo,S.A.B.deC.V._RecentChanges_06-Oct-2026.xlsx",Recent Changes,1372
2026-10-06,2025-04-30,Not Entitled**,Not Entitled**,Revenue (Mex$000),2026 FY,462493343.29,464753006.2,-0.4862,466021782.22,466272855.87,-0.0538469367966,"filings/capitaliq/Estimates/Recent Changes/SPGlobal_GrupoBimbo,S.A.B.deC.V._RecentChanges_06-Oct-2026.xlsx",Recent Changes,1373
2026-10-06,2025-04-30,Not Entitled**,Not Entitled**,Net Income (GAAP) (Mex$000),2026 FY,16485015.51,17791591.89,-7.3437,17624323.82,17787645.87,-0.91817686946114,"filings/capitaliq/Estimates/Recent Changes/SPGlobal_GrupoBimbo,S.A.B.deC.V._RecentChanges_06-Oct-2026.xlsx",Recent Changes,1374
2026-10-06,2025-04-30,Not Entitled**,Not Entitled**,Net Income Normalized (Mex$000),2026 FY,16485020,17791590,-7.3437,17677278,17895039.66,-1.21688280181213,"filings/capitaliq/Estimates/Recent Changes/SPGlobal_GrupoBimbo,S.A.B.deC.V._RecentChanges_06-Oct-2026.xlsx",Recent Changes,1375
2026-10-06,2025-04-30,Not Entitled**,Not Entitled**,Recommendation,Non-Periodic,Underperform (4),Hold (3), ,Hold (2.91),Hold (2.82), ,"filings/capitaliq/Estimates/Recent Changes/SPGlobal_GrupoBimbo,S.A.B.deC.V._RecentChanges_06-Oct-2026.xlsx",Recent Changes,1376
2026-10-06,2025-04-30,Not Entitled**,Not Entitled**,EPS (GAAP) (Mex$),2026 FY,3.82,4.11,-7.0559,3.68713,3.72856,-1.11115283111979,"filings/capitaliq/Estimates/Recent Changes/SPGlobal_GrupoBimbo,S.A.B.deC.V._RecentChanges_06-Oct-2026.xlsx",Recent Changes,1377
2026-10-06,2025-04-30,Not Entitled**,Not Entitled**,Target Price,Non-Periodic,62,64,-3.125,65.45455,65.63636,-0.27699586749076843,"filings/capitaliq/Estimates/Recent Changes/SPGlobal_GrupoBimbo,S.A.B.deC.V._RecentChanges_06-Oct-2026.xlsx",Recent Changes,1378
2026-10-06,2025-04-30,Not Entitled**,Not Entitled**,Cash flow per share (Mex$),2026 FY,9.7752,10.07861,-3.0104,9.97674,10.12845,-1.49785998844838,"filings/capitaliq/Estimates/Recent Changes/SPGlobal_GrupoBimbo,S.A.B.deC.V._RecentChanges_06-Oct-2026.xlsx",Recent Changes,1379
2026-10-06,2025-04-30,Not Entitled**,Not Entitled**,Dividend per share (Mex$),2026 FY,1.03131,1.23339,-16.3841,1.14519,1.17045,-2.15814430347302,"filings/capitaliq/Estimates/Recent Changes/SPGlobal_GrupoBimbo,S.A.B.deC.V._RecentChanges_06-Oct-2026.xlsx",Recent Changes,1380
2026-10-06,2025-04-30,Not Entitled**,Not Entitled**,EPS Normalized (Mex$),2026 FY,3.82,4.11,-7.0559,3.66029,3.70171,-1.11894232665444,"filings/capitaliq/Estimates/Recent Changes/SPGlobal_GrupoBimbo,S.A.B.deC.V._RecentChanges_06-Oct-2026.xlsx",Recent Changes,1381
2026-10-06,2025-04-29,Not Entitled**,Not Entitled**,EPS Normalized (Mex$),2026 FY,3.51,NA,NA,3.8615,3.91171,-1.2835818606185,"filings/capitaliq/Estimates/Recent Changes/SPGlobal_GrupoBimbo,S.A.B.deC.V._RecentChanges_06-Oct-2026.xlsx",Recent Changes,1382
2026-10-06,2025-04-29,Not Entitled**,Not Entitled**,Dividend per share (Mex$),2026 FY,1,NA,NA,1.17045,1.1948,-2.03799799129561,"filings/capitaliq/Estimates/Recent Changes/SPGlobal_GrupoBimbo,S.A.B.deC.V._RecentChanges_06-Oct-2026.xlsx",Recent Changes,1383
2026-10-06,2025-04-29,Not Entitled**,Not Entitled**,Effective Tax Rate (%),2026 FY,33,35,-5.7142,32.33333,32,1.04165625,"filings/capitaliq/Estimates/Recent Changes/SPGlobal_GrupoBimbo,S.A.B.deC.V._RecentChanges_06-Oct-2026.xlsx",Recent Changes,1384
2026-10-06,2025-04-29,Not Entitled**,Not Entitled**,Book Value per share (Mex$),2026 FY,30.83,NA,NA,31.92994,32.29659,-1.13525917132428,"filings/capitaliq/Estimates/Recent Changes/SPGlobal_GrupoBimbo,S.A.B.deC.V._RecentChanges_06-Oct-2026.xlsx",Recent Changes,1385
2026-10-06,2025-04-29,Not Entitled**,Not Entitled**,EPS (GAAP) (Mex$),2026 FY,3.51,NA,NA,3.88499,3.93856,-1.36014177770556,"filings/capitaliq/Estimates/Recent Changes/SPGlobal_GrupoBimbo,S.A.B.deC.V._RecentChanges_06-Oct-2026.xlsx",Recent Changes,1386
2026-10-06,2025-04-29,Not Entitled**,Not Entitled**,Avg. Diluted Shares Outstanding,2026 FY,4389000,NA,NA,4380000,4371000,0.20590253946465,"filings/capitaliq/Estimates/Recent Changes/SPGlobal_GrupoBimbo,S.A.B.deC.V._RecentChanges_06-Oct-2026.xlsx",Recent Changes,1387
2026-10-06,2025-04-29,Not Entitled**,Not Entitled**,Target Price,Non-Periodic,69,80,-13.75,65.63636,66.63636,-1.5006822347640991,"filings/capitaliq/Estimates/Recent Changes/SPGlobal_GrupoBimbo,S.A.B.deC.V._RecentChanges_06-Oct-2026.xlsx",Recent Changes,1388
2026-10-06,2025-04-29,Not Entitled**,Not Entitled**,Net Income Normalized (Mex$000),2026 FY,15382000,NA,NA,17895039.66,18397647.6,-2.73191416059084,"filings/capitaliq/Estimates/Recent Changes/SPGlobal_GrupoBimbo,S.A.B.deC.V._RecentChanges_06-Oct-2026.xlsx",Recent Changes,1389
2026-10-06,2025-04-29,Not Entitled**,Not Entitled**,Net Income (GAAP) (Mex$000),2026 FY,15382000,NA,NA,17787645.87,18131309.56,-1.89541571094328,"filings/capitaliq/Estimates/Recent Changes/SPGlobal_GrupoBimbo,S.A.B.deC.V._RecentChanges_06-Oct-2026.xlsx",Recent Changes,1390
2026-10-06,2025-04-29,Not Entitled**,Not Entitled**,Interest Expense (Mex$000),2026 FY,12831000,NA,NA,13325500,13490333.33,-1.22186254385161,"filings/capitaliq/Estimates/Recent Changes/SPGlobal_GrupoBimbo,S.A.B.deC.V._RecentChanges_06-Oct-2026.xlsx",Recent Changes,1391
2026-10-06,2025-04-29,Not Entitled**,Not Entitled**,Net Debt (Mex$000),2026 FY,173996000,11557000,1405.5464,129252826.58,121795631.02,6.1227118719681,"filings/capitaliq/Estimates/Recent Changes/SPGlobal_GrupoBimbo,S.A.B.deC.V._RecentChanges_06-Oct-2026.xlsx",Recent Changes,1392
2026-10-06,2025-04-29,Not Entitled**,Not Entitled**,Revenue (Mex$000),2026 FY,467786000,NA,NA,465768770.29,465544633.65,0.04814503783294,"filings/capitaliq/Estimates/Recent Changes/SPGlobal_GrupoBimbo,S.A.B.deC.V._RecentChanges_06-Oct-2026.xlsx",Recent Changes,1393
2026-10-06,2025-04-29,Not Entitled**,Not Entitled**,TEV (Mex$000),2026 FY,456930000,NA,NA,402687900.27,375566850.4,7.22136414359109,"filings/capitaliq/Estimates/Recent Changes/SPGlobal_GrupoBimbo,S.A.B.deC.V._RecentChanges_06-Oct-2026.xlsx",Recent Changes,1394
2026-10-06,2025-04-29,Not Entitled**,Not Entitled**,ROE (%),2026 FY,11.6,NA,NA,13.57326,13.90214,-2.3656789530245,"filings/capitaliq/Estimates/Recent Changes/SPGlobal_GrupoBimbo,S.A.B.deC.V._RecentChanges_06-Oct-2026.xlsx",Recent Changes,1395
2026-10-06,2025-04-29,Not Entitled**,Not Entitled**,EBIT (Mex$000),2026 FY,37746000,36166000,4.3687,40901252.43,41295658.98,-0.95507992787091,"filings/capitaliq/Estimates/Recent Changes/SPGlobal_GrupoBimbo,S.A.B.deC.V._RecentChanges_06-Oct-2026.xlsx",Recent Changes,1396
2026-10-06,2025-04-29,Not Entitled**,Not Entitled**,Depreciation & Amortization (Mex$000),2026 FY,27120000,13186000,105.6726,24135250,23140333.33,4.29949152335741,"filings/capitaliq/Estimates/Recent Changes/SPGlobal_GrupoBimbo,S.A.B.deC.V._RecentChanges_06-Oct-2026.xlsx",Recent Changes,1397
2026-10-06,2025-04-29,Not Entitled**,Not Entitled**,EBT Normalized (Mex$000),2026 FY,25357000,NA,NA,28582198.99,29388498.74,-2.74358944678778,"filings/capitaliq/Estimates/Recent Changes/SPGlobal_GrupoBimbo,S.A.B.deC.V._RecentChanges_06-Oct-2026.xlsx",Recent Changes,1398
2026-10-06,2025-04-29,Not Entitled**,Not Entitled**,EBT (GAAP) (Mex$000),2026 FY,25357000,NA,NA,27496914.17,28210218.9,-2.52853312669616,"filings/capitaliq/Estimates/Recent Changes/SPGlobal_GrupoBimbo,S.A.B.deC.V._RecentChanges_06-Oct-2026.xlsx",Recent Changes,1399
2026-10-06,2025-04-29,Not Entitled**,Not Entitled**,Cash From Operations (Mex$000),2026 FY,43452000,48551000,-10.5023,42907500,42363000,1.28531973656257,"filings/capitaliq/Estimates/Recent Changes/SPGlobal_GrupoBimbo,S.A.B.deC.V._RecentChanges_06-Oct-2026.xlsx",Recent Changes,1400
2026-10-06,2025-04-29,Not Entitled**,Not Entitled**,EBITDA (Mex$000),2026 FY,64866000,55254000,17.396,66245597.17,66398885.74,-0.23086015419029,"filings/capitaliq/Estimates/Recent Changes/SPGlobal_GrupoBimbo,S.A.B.deC.V._RecentChanges_06-Oct-2026.xlsx",Recent Changes,1401
2026-10-06,2025-04-20,Not Entitled**,Not Entitled**,EPS Normalized (Mex$),2026 FY,3.681,3.665,0.4365,3.91171,3.90943,0.0583205224291,"filings/capitaliq/Estimates/Recent Changes/SPGlobal_GrupoBimbo,S.A.B.deC.V._RecentChanges_06-Oct-2026.xlsx",Recent Changes,1402
2026-10-06,2025-04-16,Santander,"Argote Bolio, Ulises",Dividend per share (Mex$),2026 FY,1.08,1.16,-6.8965,1.1948,1.20623,-0.94758047801829,"filings/capitaliq/Estimates/Recent Changes/SPGlobal_GrupoBimbo,S.A.B.deC.V._RecentChanges_06-Oct-2026.xlsx",Recent Changes,1403
2026-10-06,2025-04-16,Santander,"Argote Bolio, Ulises",EPS Normalized (Mex$),2026 FY,4.29,4.48,-4.241,3.90943,3.93657,-0.68943267870253,"filings/capitaliq/Estimates/Recent Changes/SPGlobal_GrupoBimbo,S.A.B.deC.V._RecentChanges_06-Oct-2026.xlsx",Recent Changes,1404
2026-10-06,2025-04-16,Santander,"Argote Bolio, Ulises",Book Value per share (Mex$),2026 FY,35.85,36.91,-2.8718,32.29659,32.64992,-1.08217723044957,"filings/capitaliq/Estimates/Recent Changes/SPGlobal_GrupoBimbo,S.A.B.deC.V._RecentChanges_06-Oct-2026.xlsx",Recent Changes,1405
2026-10-06,2025-04-16,Santander,"Argote Bolio, Ulises",Effective Tax Rate (%),2026 FY,32,41,-21.9512,32,32,0,"filings/capitaliq/Estimates/Recent Changes/SPGlobal_GrupoBimbo,S.A.B.deC.V._RecentChanges_06-Oct-2026.xlsx",Recent Changes,1406
2026-10-06,2025-04-16,Santander,"Argote Bolio, Ulises",Target Price,Non-Periodic,76,83,-8.433734893798828,66.63636,67.27273,-0.9459553956985474,"filings/capitaliq/Estimates/Recent Changes/SPGlobal_GrupoBimbo,S.A.B.deC.V._RecentChanges_06-Oct-2026.xlsx",Recent Changes,1407
2026-10-06,2025-04-16,Santander,"Argote Bolio, Ulises",EBITDA (Mex$000),2026 FY,69710000,71874000,-3.0108,66398885.74,66639330.19,-0.36081462600907,"filings/capitaliq/Estimates/Recent Changes/SPGlobal_GrupoBimbo,S.A.B.deC.V._RecentChanges_06-Oct-2026.xlsx",Recent Changes,1408
2026-10-06,2025-04-16,Santander,"Argote Bolio, Ulises",EBT Normalized (Mex$000),2026 FY,30726000,NA,NA,29388498.74,28942664.99,1.54040324259718,"filings/capitaliq/Estimates/Recent Changes/SPGlobal_GrupoBimbo,S.A.B.deC.V._RecentChanges_06-Oct-2026.xlsx",Recent Changes,1409
2026-10-06,2025-04-16,Santander,"Argote Bolio, Ulises",Depreciation & Amortization (Mex$000),2026 FY,24819000,NA,NA,23140333.33,22301000,3.76365781803507,"filings/capitaliq/Estimates/Recent Changes/SPGlobal_GrupoBimbo,S.A.B.deC.V._RecentChanges_06-Oct-2026.xlsx",Recent Changes,1410
2026-10-06,2025-04-16,Santander,"Argote Bolio, Ulises",EBIT (Mex$000),2026 FY,44891000,46624000,-3.7169,41295658.98,41512283.98,-0.52183348934587,"filings/capitaliq/Estimates/Recent Changes/SPGlobal_GrupoBimbo,S.A.B.deC.V._RecentChanges_06-Oct-2026.xlsx",Recent Changes,1411
2026-10-06,2025-04-16,Santander,"Argote Bolio, Ulises","Selling, General and Administrative Expense (Mex$000)",2026 FY,202305000,NA,NA,200730666.67,199943500,0.39369455371142,"filings/capitaliq/Estimates/Recent Changes/SPGlobal_GrupoBimbo,S.A.B.deC.V._RecentChanges_06-Oct-2026.xlsx",Recent Changes,1412
2026-10-06,2025-04-16,Santander,"Argote Bolio, Ulises",Revenue (Mex$000),2026 FY,474298000,471835000,0.522,465544633.65,465270966.99,0.05881877001061,"filings/capitaliq/Estimates/Recent Changes/SPGlobal_GrupoBimbo,S.A.B.deC.V._RecentChanges_06-Oct-2026.xlsx",Recent Changes,1413
2026-10-06,2025-04-16,Santander,"Argote Bolio, Ulises",Net Debt (Mex$000),2026 FY,158701000,134620000,17.8881,121795631.02,117782131.02,3.40756273064756,"filings/capitaliq/Estimates/Recent Changes/SPGlobal_GrupoBimbo,S.A.B.deC.V._RecentChanges_06-Oct-2026.xlsx",Recent Changes,1414
2026-10-06,2025-04-16,Santander,"Argote Bolio, Ulises",Gross Margin (%),2026 FY,53.1,NA,NA,52.66667,52.45,0.41309818875119,"filings/capitaliq/Estimates/Recent Changes/SPGlobal_GrupoBimbo,S.A.B.deC.V._RecentChanges_06-Oct-2026.xlsx",Recent Changes,1415
2026-10-06,2025-04-16,Santander,"Argote Bolio, Ulises",Interest Expense (Mex$000),2026 FY,14702000,NA,NA,13490333.33,12884500,4.70203213163103,"filings/capitaliq/Estimates/Recent Changes/SPGlobal_GrupoBimbo,S.A.B.deC.V._RecentChanges_06-Oct-2026.xlsx",Recent Changes,1416
2026-10-06,2025-04-16,Santander,"Argote Bolio, Ulises",Net Income Normalized (Mex$000),2026 FY,18841000,19857000,-5.1165,18397647.6,18600847.6,-1.09242333666558,"filings/capitaliq/Estimates/Recent Changes/SPGlobal_GrupoBimbo,S.A.B.deC.V._RecentChanges_06-Oct-2026.xlsx",Recent Changes,1417
2026-10-06,2025-04-16,"Actinver Case de Bolsa, S.A. de C.V.","Hernandez Velez Leija, Antonio",Target Price,Non-Periodic,63,62,1.6129032373428345,67.27273,67.18182,0.13531935214996338,"filings/capitaliq/Estimates/Recent Changes/SPGlobal_GrupoBimbo,S.A.B.deC.V._RecentChanges_06-Oct-2026.xlsx",Recent Changes,1418
2026-10-06,2025-04-14,Not Entitled**,Not Entitled**,Net Income (GAAP) (Mex$000),2026 FY,17949286.62,17787441,0.9098,18131309.56,18108188.76,0.12768146116895,"filings/capitaliq/Estimates/Recent Changes/SPGlobal_GrupoBimbo,S.A.B.deC.V._RecentChanges_06-Oct-2026.xlsx",Recent Changes,1419
2026-10-06,2025-04-14,Not Entitled**,Not Entitled**,Net Debt (Mex$000),2026 FY,129535012.69,130013227.11,-0.3678,117782131.02,117861833.42,-0.06762358745598,"filings/capitaliq/Estimates/Recent Changes/SPGlobal_GrupoBimbo,S.A.B.deC.V._RecentChanges_06-Oct-2026.xlsx",Recent Changes,1420
2026-10-06,2025-04-14,Not Entitled**,Not Entitled**,Revenue (Mex$000),2026 FY,459574773.75,464890558.21,-1.1434,465270966.99,465861609.7,-0.12678501462706,"filings/capitaliq/Estimates/Recent Changes/SPGlobal_GrupoBimbo,S.A.B.deC.V._RecentChanges_06-Oct-2026.xlsx",Recent Changes,1421
2026-10-06,2025-04-14,Not Entitled**,Not Entitled**,ROE (%),2026 FY,12.56983,12.45786,0.8987,13.90214,13.88348,0.13440434242711,"filings/capitaliq/Estimates/Recent Changes/SPGlobal_GrupoBimbo,S.A.B.deC.V._RecentChanges_06-Oct-2026.xlsx",Recent Changes,1422
2026-10-06,2025-04-14,Not Entitled**,Not Entitled**,TEV (Mex$000),2026 FY,366861329.47,346864862.82,5.7649,375566850.4,365568617.08,2.73498130114709,"filings/capitaliq/Estimates/Recent Changes/SPGlobal_GrupoBimbo,S.A.B.deC.V._RecentChanges_06-Oct-2026.xlsx",Recent Changes,1423
2026-10-06,2025-04-14,Not Entitled**,Not Entitled**,EBIT (Mex$000),2026 FY,41867382.16,41603409.55,0.6344,41512283.98,41479287.41,0.07954951027448,"filings/capitaliq/Estimates/Recent Changes/SPGlobal_GrupoBimbo,S.A.B.deC.V._RecentChanges_06-Oct-2026.xlsx",Recent Changes,1424
2026-10-06,2025-04-14,Not Entitled**,Not Entitled**,EBT (GAAP) (Mex$000),2026 FY,29766644.48,29498243.78,0.9098,28210218.9,28120752,0.31815258710009,"filings/capitaliq/Estimates/Recent Changes/SPGlobal_GrupoBimbo,S.A.B.deC.V._RecentChanges_06-Oct-2026.xlsx",Recent Changes,1425
2026-10-06,2025-04-14,Not Entitled**,Not Entitled**,Capital Expenditures (Mex$000),2026 FY,28901785.59,29215677.35,-1.0743,25727595.2,25832225.78,-0.40503896524862,"filings/capitaliq/Estimates/Recent Changes/SPGlobal_GrupoBimbo,S.A.B.deC.V._RecentChanges_06-Oct-2026.xlsx",Recent Changes,1426
2026-10-06,2025-04-14,Not Entitled**,Not Entitled**,EBITDA (Mex$000),2026 FY,66332221.84,65889574.98,0.6718,66639330.19,66590147.2,0.07385926006783,"filings/capitaliq/Estimates/Recent Changes/SPGlobal_GrupoBimbo,S.A.B.deC.V._RecentChanges_06-Oct-2026.xlsx",Recent Changes,1427
2026-10-06,2025-04-14,Not Entitled**,Not Entitled**,Cash flow per share (Mex$),2026 FY,10.17829,10.09099,0.8651,10.12845,10.0848,0.43282960495002,"filings/capitaliq/Estimates/Recent Changes/SPGlobal_GrupoBimbo,S.A.B.deC.V._RecentChanges_06-Oct-2026.xlsx",Recent Changes,1428
2026-10-06,2025-04-14,Not Entitled**,Not Entitled**,Book Value per share (Mex$),2026 FY,33.96976,33.95326,0.0485,32.64992,32.64442,0.01684820866782,"filings/capitaliq/Estimates/Recent Changes/SPGlobal_GrupoBimbo,S.A.B.deC.V._RecentChanges_06-Oct-2026.xlsx",Recent Changes,1429
2026-10-06,2025-04-14,Not Entitled**,Not Entitled**,EPS Normalized (Mex$),2026 FY,4.09,4.05312,0.9099,3.93657,3.9313,0.13405234909572,"filings/capitaliq/Estimates/Recent Changes/SPGlobal_GrupoBimbo,S.A.B.deC.V._RecentChanges_06-Oct-2026.xlsx",Recent Changes,1430
2026-10-06,2025-04-14,Not Entitled**,Not Entitled**,Dividend per share (Mex$),2026 FY,1.227,1.21594,0.9095,1.20623,1.20465,0.1311584277591,"filings/capitaliq/Estimates/Recent Changes/SPGlobal_GrupoBimbo,S.A.B.deC.V._RecentChanges_06-Oct-2026.xlsx",Recent Changes,1431
2026-10-06,2025-04-14,Not Entitled**,Not Entitled**,EPS (GAAP) (Mex$),2026 FY,4.09,4.05312,0.9099,3.93856,3.93329,0.13398452694818,"filings/capitaliq/Estimates/Recent Changes/SPGlobal_GrupoBimbo,S.A.B.deC.V._RecentChanges_06-Oct-2026.xlsx",Recent Changes,1432
2026-10-06,2025-04-14,Not Entitled**,Not Entitled**,EPS (GAAP) (Mex$),2026 FY,4.11,NA,NA,3.93329,3.90384,0.7543854256322,"filings/capitaliq/Estimates/Recent Changes/SPGlobal_GrupoBimbo,S.A.B.deC.V._RecentChanges_06-Oct-2026.xlsx",Recent Changes,1433
2026-10-06,2025-04-14,Not Entitled**,Not Entitled**,Target Price,Non-Periodic,64,68,-5.882352828979492,67.18182,67.54545,-0.5383486151695251,"filings/capitaliq/Estimates/Recent Changes/SPGlobal_GrupoBimbo,S.A.B.deC.V._RecentChanges_06-Oct-2026.xlsx",Recent Changes,1434
2026-10-06,2025-04-14,Not Entitled**,Not Entitled**,Dividend per share (Mex$),2026 FY,1.23339,NA,NA,1.20465,1.19986,0.39921324154485,"filings/capitaliq/Estimates/Recent Changes/SPGlobal_GrupoBimbo,S.A.B.deC.V._RecentChanges_06-Oct-2026.xlsx",Recent Changes,1435
2026-10-06,2025-04-14,Not Entitled**,Not Entitled**,EPS Normalized (Mex$),2026 FY,4.11,NA,NA,3.9313,3.90152,0.76329225532613,"filings/capitaliq/Estimates/Recent Changes/SPGlobal_GrupoBimbo,S.A.B.deC.V._RecentChanges_06-Oct-2026.xlsx",Recent Changes,1436
2026-10-06,2025-04-14,Not Entitled**,Not Entitled**,Cash flow per share (Mex$),2026 FY,10.07861,NA,NA,10.0848,10.09099,-0.06134185050228,"filings/capitaliq/Estimates/Recent Changes/SPGlobal_GrupoBimbo,S.A.B.deC.V._RecentChanges_06-Oct-2026.xlsx",Recent Changes,1437
2026-10-06,2025-04-14,Not Entitled**,Not Entitled**,EBITDA (Mex$000),2026 FY,68284588.67,NA,NA,66590147.2,66378342.02,0.3190877830847,"filings/capitaliq/Estimates/Recent Changes/SPGlobal_GrupoBimbo,S.A.B.deC.V._RecentChanges_06-Oct-2026.xlsx",Recent Changes,1438
2026-10-06,2025-04-14,Not Entitled**,Not Entitled**,EBT Normalized (Mex$000),2026 FY,29495950,NA,NA,28942664.99,28666022.48,0.96505369795552,"filings/capitaliq/Estimates/Recent Changes/SPGlobal_GrupoBimbo,S.A.B.deC.V._RecentChanges_06-Oct-2026.xlsx",Recent Changes,1439
2026-10-06,2025-04-14,Not Entitled**,Not Entitled**,EBIT (Mex$000),2026 FY,42481920.6,NA,NA,41479287.41,41336054.09,0.34650941690792,"filings/capitaliq/Estimates/Recent Changes/SPGlobal_GrupoBimbo,S.A.B.deC.V._RecentChanges_06-Oct-2026.xlsx",Recent Changes,1440
2026-10-06,2025-04-14,Not Entitled**,Not Entitled**,Revenue (Mex$000),2026 FY,464753006.2,NA,NA,465861609.7,466000185.14,-0.02973720706964,"filings/capitaliq/Estimates/Recent Changes/SPGlobal_GrupoBimbo,S.A.B.deC.V._RecentChanges_06-Oct-2026.xlsx",Recent Changes,1441
2026-10-06,2025-04-14,Not Entitled**,Not Entitled**,Net Income (GAAP) (Mex$000),2026 FY,17791591.89,NA,NA,18108188.76,18160954.91,-0.2905472221119,"filings/capitaliq/Estimates/Recent Changes/SPGlobal_GrupoBimbo,S.A.B.deC.V._RecentChanges_06-Oct-2026.xlsx",Recent Changes,1442
2026-10-06,2025-04-14,Not Entitled**,Not Entitled**,Net Income Normalized (Mex$000),2026 FY,17791590,NA,NA,18600847.6,18803162,-1.07595945830813,"filings/capitaliq/Estimates/Recent Changes/SPGlobal_GrupoBimbo,S.A.B.deC.V._RecentChanges_06-Oct-2026.xlsx",Recent Changes,1443
2026-10-06,2025-04-10,"GBM Grupo Bursátil Mexicano, S.A. de C.V. Casa de Bolsa","Carrillo Villasana, Regina",Target Price,Non-Periodic,76,96,-20.83333396911621,67.54545,69.36364,-2.621243715286255,"filings/capitaliq/Estimates/Recent Changes/SPGlobal_GrupoBimbo,S.A.B.deC.V._RecentChanges_06-Oct-2026.xlsx",Recent Changes,1444
2026-10-06,2025-04-04,Not Entitled**,Not Entitled**,Net Income (GAAP) (Mex$000),2026 FY,-,-,-,-,-,-,"filings/capitaliq/Estimates/Recent Changes/SPGlobal_GrupoBimbo,S.A.B.deC.V._RecentChanges_06-Oct-2026.xlsx",Recent Changes,1445
2026-10-06,2025-04-04,Not Entitled**,Not Entitled**,ROE (%),2026 FY,-,-,-,-,-,-,"filings/capitaliq/Estimates/Recent Changes/SPGlobal_GrupoBimbo,S.A.B.deC.V._RecentChanges_06-Oct-2026.xlsx",Recent Changes,1446
2026-10-06,2025-04-04,Not Entitled**,Not Entitled**,Revenue (Mex$000),2026 FY,-,-,-,-,-,-,"filings/capitaliq/Estimates/Recent Changes/SPGlobal_GrupoBimbo,S.A.B.deC.V._RecentChanges_06-Oct-2026.xlsx",Recent Changes,1447
2026-10-06,2025-04-04,Not Entitled**,Not Entitled**,EBIT (Mex$000),2026 FY,-,-,-,-,-,-,"filings/capitaliq/Estimates/Recent Changes/SPGlobal_GrupoBimbo,S.A.B.deC.V._RecentChanges_06-Oct-2026.xlsx",Recent Changes,1448
2026-10-06,2025-04-04,Not Entitled**,Not Entitled**,EBT Normalized (Mex$000),2026 FY,-,-,-,-,-,-,"filings/capitaliq/Estimates/Recent Changes/SPGlobal_GrupoBimbo,S.A.B.deC.V._RecentChanges_06-Oct-2026.xlsx",Recent Changes,1449
2026-10-06,2025-04-04,Not Entitled**,Not Entitled**,EBITDA (Mex$000),2026 FY,-,-,-,-,-,-,"filings/capitaliq/Estimates/Recent Changes/SPGlobal_GrupoBimbo,S.A.B.deC.V._RecentChanges_06-Oct-2026.xlsx",Recent Changes,1450
2026-10-06,2025-04-04,Not Entitled**,Not Entitled**,Dividend per share (Mex$),2026 FY,-,-,-,-,-,-,"filings/capitaliq/Estimates/Recent Changes/SPGlobal_GrupoBimbo,S.A.B.deC.V._RecentChanges_06-Oct-2026.xlsx",Recent Changes,1451
2026-10-06,2025-04-04,Not Entitled**,Not Entitled**,Target Price,Non-Periodic,-,-,-,-,-,-,"filings/capitaliq/Estimates/Recent Changes/SPGlobal_GrupoBimbo,S.A.B.deC.V._RecentChanges_06-Oct-2026.xlsx",Recent Changes,1452
2026-10-06,2025-04-04,Not Entitled**,Not Entitled**,EPS (GAAP) (Mex$),2026 FY,-,-,-,-,-,-,"filings/capitaliq/Estimates/Recent Changes/SPGlobal_GrupoBimbo,S.A.B.deC.V._RecentChanges_06-Oct-2026.xlsx",Recent Changes,1453
2026-10-06,2025-03-20,Not Entitled**,Not Entitled**,EPS Normalized (Mex$),2026 FY,3.631,3.63,0.0275,3.90152,3.90135,0.00435746600536,"filings/capitaliq/Estimates/Recent Changes/SPGlobal_GrupoBimbo,S.A.B.deC.V._RecentChanges_06-Oct-2026.xlsx",Recent Changes,1454
2026-10-06,2025-03-20,Not Entitled**,Not Entitled**,Dividend per share (Mex$),2026 FY,1.45089,1.69542,-14.4229,1.17513,1.21588,-3.35148205415008,"filings/capitaliq/Estimates/Recent Changes/SPGlobal_GrupoBimbo,S.A.B.deC.V._RecentChanges_06-Oct-2026.xlsx",Recent Changes,1455
2026-10-06,2025-03-20,Not Entitled**,Not Entitled**,EBITDA (Mex$000),2026 FY,62825621.46,62826000,-0.0006,66294378.12,66294425.43,-7.136346637e-05,"filings/capitaliq/Estimates/Recent Changes/SPGlobal_GrupoBimbo,S.A.B.deC.V._RecentChanges_06-Oct-2026.xlsx",Recent Changes,1456
2026-10-06,2025-03-20,Not Entitled**,Not Entitled**,EBT (GAAP) (Mex$000),2026 FY,26082945.55,26083000,-0.0002,28120752,28120770.15,-6.454304026e-05,"filings/capitaliq/Estimates/Recent Changes/SPGlobal_GrupoBimbo,S.A.B.deC.V._RecentChanges_06-Oct-2026.xlsx",Recent Changes,1457
2026-10-06,2025-03-20,Not Entitled**,Not Entitled**,EBIT (Mex$000),2026 FY,36766100.74,36766000,0.0002,40871154.52,40871140.13,3.520821772e-05,"filings/capitaliq/Estimates/Recent Changes/SPGlobal_GrupoBimbo,S.A.B.deC.V._RecentChanges_06-Oct-2026.xlsx",Recent Changes,1458
2026-10-06,2025-03-20,Not Entitled**,Not Entitled**,Revenue (Mex$000),2026 FY,461432342.6,461432000,0,463544909.37,463544866.54,9.23966655e-06,"filings/capitaliq/Estimates/Recent Changes/SPGlobal_GrupoBimbo,S.A.B.deC.V._RecentChanges_06-Oct-2026.xlsx",Recent Changes,1459
2026-10-06,2025-03-20,Not Entitled**,Not Entitled**,ROE (%),2026 FY,11.163,11.2,-0.3303,13.84798,13.85414,-0.04446324347812,"filings/capitaliq/Estimates/Recent Changes/SPGlobal_GrupoBimbo,S.A.B.deC.V._RecentChanges_06-Oct-2026.xlsx",Recent Changes,1460
2026-10-06,2025-03-20,Not Entitled**,Not Entitled**,ROA (%),2026 FY,3.588,3.6,-0.3333,3.588,3.6,-0.33333333333333,"filings/capitaliq/Estimates/Recent Changes/SPGlobal_GrupoBimbo,S.A.B.deC.V._RecentChanges_06-Oct-2026.xlsx",Recent Changes,1461
2026-10-06,2025-03-20,Not Entitled**,Not Entitled**,Net Income Normalized (Mex$000),2026 FY,15870647.99,15871000,-0.0022,18803162,18803250,-0.0004680042014,"filings/capitaliq/Estimates/Recent Changes/SPGlobal_GrupoBimbo,S.A.B.deC.V._RecentChanges_06-Oct-2026.xlsx",Recent Changes,1462
2026-10-06,2025-03-20,Not Entitled**,Not Entitled**,Net Debt (Mex$000),2026 FY,117288720.35,117289000,-0.0002,117861833.42,117861880.03,-3.954628926e-05,"filings/capitaliq/Estimates/Recent Changes/SPGlobal_GrupoBimbo,S.A.B.deC.V._RecentChanges_06-Oct-2026.xlsx",Recent Changes,1463
2026-10-06,2025-03-19,Not Entitled**,Not Entitled**,Net Debt (Mex$000),2026 FY,117289000,70580523.9,66.1775,117861880.03,110077134.01,7.07208276270419,"filings/capitaliq/Estimates/Recent Changes/SPGlobal_GrupoBimbo,S.A.B.deC.V._RecentChanges_06-Oct-2026.xlsx",Recent Changes,1464
2026-10-06,2025-03-19,Not Entitled**,Not Entitled**,Interest Expense (Mex$000),2026 FY,11626000,7686000,51.262,12884500,10914500,18.04938384717578,"filings/capitaliq/Estimates/Recent Changes/SPGlobal_GrupoBimbo,S.A.B.deC.V._RecentChanges_06-Oct-2026.xlsx",Recent Changes,1465
2026-10-06,2025-03-19,Not Entitled**,Not Entitled**,Gross Margin (%),2026 FY,52.2,50.4,3.5714,52.45,51.55,1.7458777885548,"filings/capitaliq/Estimates/Recent Changes/SPGlobal_GrupoBimbo,S.A.B.deC.V._RecentChanges_06-Oct-2026.xlsx",Recent Changes,1466
2026-10-06,2025-03-19,Not Entitled**,Not Entitled**,Net Income (GAAP) (Mex$000),2026 FY,15871000,19949000,-20.4421,17990945.16,18670611.82,-3.6403020241251,"filings/capitaliq/Estimates/Recent Changes/SPGlobal_GrupoBimbo,S.A.B.deC.V._RecentChanges_06-Oct-2026.xlsx",Recent Changes,1467
2026-10-06,2025-03-19,Not Entitled**,Not Entitled**,Net Income Normalized (Mex$000),2026 FY,15871000,19948942.6,-20.4418,18803250,19822735.65,-5.14301188292343,"filings/capitaliq/Estimates/Recent Changes/SPGlobal_GrupoBimbo,S.A.B.deC.V._RecentChanges_06-Oct-2026.xlsx",Recent Changes,1468
2026-10-06,2025-03-19,Not Entitled**,Not Entitled**,"Selling, General and Administrative Expense (Mex$000)",2026 FY,196047000,184150000,6.4604,199943500,193995000,3.06631614216861,"filings/capitaliq/Estimates/Recent Changes/SPGlobal_GrupoBimbo,S.A.B.deC.V._RecentChanges_06-Oct-2026.xlsx",Recent Changes,1469
2026-10-06,2025-03-19,Not Entitled**,Not Entitled**,ROA (%),2026 FY,3.6,4.92,-26.8292,3.6,4.92,-26.82926829268293,"filings/capitaliq/Estimates/Recent Changes/SPGlobal_GrupoBimbo,S.A.B.deC.V._RecentChanges_06-Oct-2026.xlsx",Recent Changes,1470
2026-10-06,2025-03-19,Not Entitled**,Not Entitled**,ROE (%),2026 FY,11.2,14.601,-23.2929,13.85414,14.42098,-3.93066213253191,"filings/capitaliq/Estimates/Recent Changes/SPGlobal_GrupoBimbo,S.A.B.deC.V._RecentChanges_06-Oct-2026.xlsx",Recent Changes,1471
2026-10-06,2025-03-19,Not Entitled**,Not Entitled**,Revenue (Mex$000),2026 FY,461432000,446615642.95,3.3174,463544866.54,461692821.91,0.40114217551362,"filings/capitaliq/Estimates/Recent Changes/SPGlobal_GrupoBimbo,S.A.B.deC.V._RecentChanges_06-Oct-2026.xlsx",Recent Changes,1472
2026-10-06,2025-03-19,Not Entitled**,Not Entitled**,EBIT (Mex$000),2026 FY,36766000,39490231.07,-6.8984,40871140.13,41260316,-0.94322076932227,"filings/capitaliq/Estimates/Recent Changes/SPGlobal_GrupoBimbo,S.A.B.deC.V._RecentChanges_06-Oct-2026.xlsx",Recent Changes,1473
2026-10-06,2025-03-19,Not Entitled**,Not Entitled**,Capital Expenditures (Mex$000),2026 FY,20764000,15651000,32.6688,25832225.78,24127892.45,7.06374721095874,"filings/capitaliq/Estimates/Recent Changes/SPGlobal_GrupoBimbo,S.A.B.deC.V._RecentChanges_06-Oct-2026.xlsx",Recent Changes,1474
2026-10-06,2025-03-19,Not Entitled**,Not Entitled**,Cash From Operations (Mex$000),2026 FY,42363000,44301000,-4.3746,42363000,44301000,-4.37461908309068,"filings/capitaliq/Estimates/Recent Changes/SPGlobal_GrupoBimbo,S.A.B.deC.V._RecentChanges_06-Oct-2026.xlsx",Recent Changes,1475
2026-10-06,2025-03-19,Not Entitled**,Not Entitled**,EBT (GAAP) (Mex$000),2026 FY,26083000,33002390.93,-20.9663,28120770.15,30427233.79,-7.58026068330282,"filings/capitaliq/Estimates/Recent Changes/SPGlobal_GrupoBimbo,S.A.B.deC.V._RecentChanges_06-Oct-2026.xlsx",Recent Changes,1476
2026-10-06,2025-03-19,Not Entitled**,Not Entitled**,EBT Normalized (Mex$000),2026 FY,26083000,33002000,-20.9653,27524198.76,30983698.76,-11.16554878356299,"filings/capitaliq/Estimates/Recent Changes/SPGlobal_GrupoBimbo,S.A.B.deC.V._RecentChanges_06-Oct-2026.xlsx",Recent Changes,1477
2026-10-06,2025-03-19,Not Entitled**,Not Entitled**,Depreciation & Amortization (Mex$000),2026 FY,26060000,22207000,17.3503,22301000,20374500,9.45544675942968,"filings/capitaliq/Estimates/Recent Changes/SPGlobal_GrupoBimbo,S.A.B.deC.V._RecentChanges_06-Oct-2026.xlsx",Recent Changes,1478
2026-10-06,2025-03-19,Not Entitled**,Not Entitled**,EBITDA (Mex$000),2026 FY,62826000,62949447.42,-0.1961,66294425.43,66309856.36,-0.02327094469369,"filings/capitaliq/Estimates/Recent Changes/SPGlobal_GrupoBimbo,S.A.B.deC.V._RecentChanges_06-Oct-2026.xlsx",Recent Changes,1479
2026-10-06,2025-03-19,Not Entitled**,Not Entitled**,Free Cash Flow (Mex$000),2026 FY,29504000,33810000,-12.7358,23230666.67,24666000,-5.81907617773453,"filings/capitaliq/Estimates/Recent Changes/SPGlobal_GrupoBimbo,S.A.B.deC.V._RecentChanges_06-Oct-2026.xlsx",Recent Changes,1480
2026-10-06,2025-03-19,Not Entitled**,Not Entitled**,EPS (GAAP) (Mex$),2026 FY,3.63,4.55,-20.2197,3.8651,4.01844,-3.81590866107246,"filings/capitaliq/Estimates/Recent Changes/SPGlobal_GrupoBimbo,S.A.B.deC.V._RecentChanges_06-Oct-2026.xlsx",Recent Changes,1481
2026-10-06,2025-03-19,Not Entitled**,Not Entitled**,Avg. Diluted Shares Outstanding,2026 FY,4371000,4388000,-0.3874,4371000,4388000,-0.38742023701003,"filings/capitaliq/Estimates/Recent Changes/SPGlobal_GrupoBimbo,S.A.B.deC.V._RecentChanges_06-Oct-2026.xlsx",Recent Changes,1482
2026-10-06,2025-03-19,Not Entitled**,Not Entitled**,Effective Tax Rate (%),2026 FY,32,33.8,-5.3254,32,33.8,-5.32544378698225,"filings/capitaliq/Estimates/Recent Changes/SPGlobal_GrupoBimbo,S.A.B.deC.V._RecentChanges_06-Oct-2026.xlsx",Recent Changes,1483
2026-10-06,2025-03-19,Not Entitled**,Not Entitled**,EPS Normalized (Mex$),2026 FY,3.63,4.54625,-20.1539,3.90135,4.05406,-3.76684114196633,"filings/capitaliq/Estimates/Recent Changes/SPGlobal_GrupoBimbo,S.A.B.deC.V._RecentChanges_06-Oct-2026.xlsx",Recent Changes,1484
2026-10-06,2025-03-19,Not Entitled**,Not Entitled**,EPS Normalized (Mex$),2026 FQ4,1.15,NA,NA,1.19067,1.211,-1.67877786952931,"filings/capitaliq/Estimates/Recent Changes/SPGlobal_GrupoBimbo,S.A.B.deC.V._RecentChanges_06-Oct-2026.xlsx",Recent Changes,1485
2026-10-06,2025-03-19,Not Entitled**,Not Entitled**,EPS (GAAP) (Mex$),2026 FQ4,1.15,NA,NA,1.255,1.36,-7.72058823529412,"filings/capitaliq/Estimates/Recent Changes/SPGlobal_GrupoBimbo,S.A.B.deC.V._RecentChanges_06-Oct-2026.xlsx",Recent Changes,1486
2026-10-06,2025-03-19,Not Entitled**,Not Entitled**,EPS Normalized (Mex$),2026 FQ3,0.98,NA,NA,1.14133,1.222,-6.60147299509002,"filings/capitaliq/Estimates/Recent Changes/SPGlobal_GrupoBimbo,S.A.B.deC.V._RecentChanges_06-Oct-2026.xlsx",Recent Changes,1487
2026-10-06,2025-03-19,Not Entitled**,Not Entitled**,Target Price,Non-Periodic,60,65,-7.692307472229004,68.90909,69.36364,-0.6553145051002502,"filings/capitaliq/Estimates/Recent Changes/SPGlobal_GrupoBimbo,S.A.B.deC.V._RecentChanges_06-Oct-2026.xlsx",Recent Changes,1488
2026-10-06,2025-03-19,Not Entitled**,Not Entitled**,EPS (GAAP) (Mex$),2026 FQ3,0.98,NA,NA,1.185,1.39,-14.74820143884892,"filings/capitaliq/Estimates/Recent Changes/SPGlobal_GrupoBimbo,S.A.B.deC.V._RecentChanges_06-Oct-2026.xlsx",Recent Changes,1489
2026-10-06,2025-03-11,Not Entitled**,Not Entitled**,EPS Normalized (Mex$),2026 FY,4.05312,3.94493,2.7425,4.05406,4.03603,0.44672611452343,"filings/capitaliq/Estimates/Recent Changes/SPGlobal_GrupoBimbo,S.A.B.deC.V._RecentChanges_06-Oct-2026.xlsx",Recent Changes,1490
2026-10-06,2025-03-11,Not Entitled**,Not Entitled**,Dividend per share (Mex$),2026 FY,1.21594,1.18348,2.7427,1.21588,1.21047,0.44693383561757,"filings/capitaliq/Estimates/Recent Changes/SPGlobal_GrupoBimbo,S.A.B.deC.V._RecentChanges_06-Oct-2026.xlsx",Recent Changes,1491
2026-10-06,2025-03-11,Not Entitled**,Not Entitled**,Book Value per share (Mex$),2026 FY,33.95326,33.41186,1.6203,32.64442,32.46395,0.55590893899233,"filings/capitaliq/Estimates/Recent Changes/SPGlobal_GrupoBimbo,S.A.B.deC.V._RecentChanges_06-Oct-2026.xlsx",Recent Changes,1492
2026-10-06,2025-03-11,Not Entitled**,Not Entitled**,Cash flow per share (Mex$),2026 FY,10.09099,9.79974,2.972,10.09099,9.79974,2.9720176249574,"filings/capitaliq/Estimates/Recent Changes/SPGlobal_GrupoBimbo,S.A.B.deC.V._RecentChanges_06-Oct-2026.xlsx",Recent Changes,1493
2026-10-06,2025-03-11,Not Entitled**,Not Entitled**,EPS (GAAP) (Mex$),2026 FY,4.05312,3.94493,2.7425,4.01844,4.0004,0.45095490450955,"filings/capitaliq/Estimates/Recent Changes/SPGlobal_GrupoBimbo,S.A.B.deC.V._RecentChanges_06-Oct-2026.xlsx",Recent Changes,1494
2026-10-06,2025-03-11,Not Entitled**,Not Entitled**,EBITDA (Mex$000),2026 FY,65889574.98,64889963.07,1.5404,66309856.36,66184904.87,0.18879152315083,"filings/capitaliq/Estimates/Recent Changes/SPGlobal_GrupoBimbo,S.A.B.deC.V._RecentChanges_06-Oct-2026.xlsx",Recent Changes,1495
2026-10-06,2025-03-11,Not Entitled**,Not Entitled**,EBT (GAAP) (Mex$000),2026 FY,29498243.78,29445298.48,0.1798,30427233.79,30409585.36,0.05803574692345,"filings/capitaliq/Estimates/Recent Changes/SPGlobal_GrupoBimbo,S.A.B.deC.V._RecentChanges_06-Oct-2026.xlsx",Recent Changes,1496
2026-10-06,2025-03-11,Not Entitled**,Not Entitled**,Capital Expenditures (Mex$000),2026 FY,29215677.35,32750263.21,-10.7925,24127892.45,25306087.74,-4.6557780961839,"filings/capitaliq/Estimates/Recent Changes/SPGlobal_GrupoBimbo,S.A.B.deC.V._RecentChanges_06-Oct-2026.xlsx",Recent Changes,1497
2026-10-06,2025-03-11,Not Entitled**,Not Entitled**,EBIT (Mex$000),2026 FY,41603409.55,41400567.89,0.4899,41260316,41231338.62,0.0702799884017,"filings/capitaliq/Estimates/Recent Changes/SPGlobal_GrupoBimbo,S.A.B.deC.V._RecentChanges_06-Oct-2026.xlsx",Recent Changes,1498
2026-10-06,2025-03-11,Not Entitled**,Not Entitled**,Revenue (Mex$000),2026 FY,464890558.21,465877112.26,-0.2117,461692821.91,461816141.17,-0.0267031073638,"filings/capitaliq/Estimates/Recent Changes/SPGlobal_GrupoBimbo,S.A.B.deC.V._RecentChanges_06-Oct-2026.xlsx",Recent Changes,1499
2026-10-06,2025-03-11,Not Entitled**,Not Entitled**,ROE (%),2026 FY,12.45786,12.31592,1.1524,14.42098,14.39732,0.16433614033723,"filings/capitaliq/Estimates/Recent Changes/SPGlobal_GrupoBimbo,S.A.B.deC.V._RecentChanges_06-Oct-2026.xlsx",Recent Changes,1500
2026-10-06,2025-03-11,Not Entitled**,Not Entitled**,TEV (Mex$000),2026 FY,346864862.82,330746644.74,4.8732,365568617.08,357509508.04,2.25423628148606,"filings/capitaliq/Estimates/Recent Changes/SPGlobal_GrupoBimbo,S.A.B.deC.V._RecentChanges_06-Oct-2026.xlsx",Recent Changes,1501
2026-10-06,2025-03-11,Not Entitled**,Not Entitled**,Net Income (GAAP) (Mex$000),2026 FY,17787441,17490507.3,1.6976,18670611.82,18621122.87,0.26576780758872,"filings/capitaliq/Estimates/Recent Changes/SPGlobal_GrupoBimbo,S.A.B.deC.V._RecentChanges_06-Oct-2026.xlsx",Recent Changes,1502
2026-10-06,2025-03-11,Not Entitled**,Not Entitled**,Net Debt (Mex$000),2026 FY,130013227.11,132157551.35,-1.6225,110077134.01,110434521.38,-0.32361925015299,"filings/capitaliq/Estimates/Recent Changes/SPGlobal_GrupoBimbo,S.A.B.deC.V._RecentChanges_06-Oct-2026.xlsx",Recent Changes,1503
2026-10-06,2025-03-03,Not Entitled**,Not Entitled**,EPS Normalized (Mex$),2026 FQ3,1.054,NA,NA,1.222,1.39,-12.0863309352518,"filings/capitaliq/Estimates/Recent Changes/SPGlobal_GrupoBimbo,S.A.B.deC.V._RecentChanges_06-Oct-2026.xlsx",Recent Changes,1504
2026-10-06,2025-03-03,Not Entitled**,Not Entitled**,EPS Normalized (Mex$),2026 FQ4,1.062,NA,NA,1.211,1.36,-10.95588235294118,"filings/capitaliq/Estimates/Recent Changes/SPGlobal_GrupoBimbo,S.A.B.deC.V._RecentChanges_06-Oct-2026.xlsx",Recent Changes,1505
2026-10-06,2025-03-03,Not Entitled**,Not Entitled**,EPS Normalized (Mex$),2026 FY,3.665,NA,NA,4.03603,4.11024,-1.80549067694344,"filings/capitaliq/Estimates/Recent Changes/SPGlobal_GrupoBimbo,S.A.B.deC.V._RecentChanges_06-Oct-2026.xlsx",Recent Changes,1506
2026-10-06,2025-02-28,Not Entitled**,Not Entitled**,EPS (GAAP) (Mex$),2026 FY,4.98,4.3,15.8139,4.0004,3.88707,2.91556365077037,"filings/capitaliq/Estimates/Recent Changes/SPGlobal_GrupoBimbo,S.A.B.deC.V._RecentChanges_06-Oct-2026.xlsx",Recent Changes,1507
2026-10-06,2025-02-28,Not Entitled**,Not Entitled**,EPS Normalized (Mex$),2026 FY,4.98,4.3,15.8139,4.11024,3.97424,3.42203792423205,"filings/capitaliq/Estimates/Recent Changes/SPGlobal_GrupoBimbo,S.A.B.deC.V._RecentChanges_06-Oct-2026.xlsx",Recent Changes,1508
2026-10-06,2025-02-28,Not Entitled**,Not Entitled**,EPS (GAAP) (Mex$),2026 FQ3,1.39,1.19,16.8067,1.39,1.19,16.80672268907563,"filings/capitaliq/Estimates/Recent Changes/SPGlobal_GrupoBimbo,S.A.B.deC.V._RecentChanges_06-Oct-2026.xlsx",Recent Changes,1509
2026-10-06,2025-02-28,Not Entitled**,Not Entitled**,EPS (GAAP) (Mex$),2026 FQ4,1.36,1.18,15.2542,1.36,1.18,15.25423728813559,"filings/capitaliq/Estimates/Recent Changes/SPGlobal_GrupoBimbo,S.A.B.deC.V._RecentChanges_06-Oct-2026.xlsx",Recent Changes,1510
2026-10-06,2025-02-28,Not Entitled**,Not Entitled**,EPS Normalized (Mex$),2026 FQ4,1.36,1.18,15.2542,1.36,1.18,15.25423728813559,"filings/capitaliq/Estimates/Recent Changes/SPGlobal_GrupoBimbo,S.A.B.deC.V._RecentChanges_06-Oct-2026.xlsx",Recent Changes,1511
2026-10-06,2025-02-28,Not Entitled**,Not Entitled**,EPS Normalized (Mex$),2026 FQ3,1.39,1.19,16.8067,1.39,1.19,16.80672268907563,"filings/capitaliq/Estimates/Recent Changes/SPGlobal_GrupoBimbo,S.A.B.deC.V._RecentChanges_06-Oct-2026.xlsx",Recent Changes,1512
2026-10-06,2025-02-28,Not Entitled**,Not Entitled**,ROE (%),2026 FY,14.9,12.7,17.3228,14.39732,14.03065,2.61335005862166,"filings/capitaliq/Estimates/Recent Changes/SPGlobal_GrupoBimbo,S.A.B.deC.V._RecentChanges_06-Oct-2026.xlsx",Recent Changes,1513
2026-10-06,2025-02-28,Not Entitled**,Not Entitled**,Revenue (Mex$000),2026 FY,461232000,454713000,1.4336,461816141.17,461001266.17,0.17676198739539,"filings/capitaliq/Estimates/Recent Changes/SPGlobal_GrupoBimbo,S.A.B.deC.V._RecentChanges_06-Oct-2026.xlsx",Recent Changes,1514
2026-10-06,2025-02-28,Not Entitled**,Not Entitled**,EBITDA (Mex$000),2026 FY,66638000,66587000,0.0765,66184904.87,66178529.87,0.00963303357225,"filings/capitaliq/Estimates/Recent Changes/SPGlobal_GrupoBimbo,S.A.B.deC.V._RecentChanges_06-Oct-2026.xlsx",Recent Changes,1515
2026-10-06,2025-02-27,Not Entitled**,Not Entitled**,EBIT (Mex$000),2026 FY,-,-,-,-,-,-,"filings/capitaliq/Estimates/Recent Changes/SPGlobal_GrupoBimbo,S.A.B.deC.V._RecentChanges_06-Oct-2026.xlsx",Recent Changes,1516
2026-10-06,2025-02-27,Not Entitled**,Not Entitled**,EBT (GAAP) (Mex$000),2026 FY,-,-,-,-,-,-,"filings/capitaliq/Estimates/Recent Changes/SPGlobal_GrupoBimbo,S.A.B.deC.V._RecentChanges_06-Oct-2026.xlsx",Recent Changes,1517
2026-10-06,2025-02-27,Not Entitled**,Not Entitled**,EBITDA (Mex$000),2026 FY,-,-,-,-,-,-,"filings/capitaliq/Estimates/Recent Changes/SPGlobal_GrupoBimbo,S.A.B.deC.V._RecentChanges_06-Oct-2026.xlsx",Recent Changes,1518
2026-10-06,2025-02-27,Not Entitled**,Not Entitled**,Net Debt (Mex$000),2026 FY,-,-,-,-,-,-,"filings/capitaliq/Estimates/Recent Changes/SPGlobal_GrupoBimbo,S.A.B.deC.V._RecentChanges_06-Oct-2026.xlsx",Recent Changes,1519
2026-10-06,2025-02-27,Not Entitled**,Not Entitled**,Net Income (GAAP) (Mex$000),2026 FY,-,-,-,-,-,-,"filings/capitaliq/Estimates/Recent Changes/SPGlobal_GrupoBimbo,S.A.B.deC.V._RecentChanges_06-Oct-2026.xlsx",Recent Changes,1520
2026-10-06,2025-02-27,Not Entitled**,Not Entitled**,Revenue (Mex$000),2026 FY,-,-,-,-,-,-,"filings/capitaliq/Estimates/Recent Changes/SPGlobal_GrupoBimbo,S.A.B.deC.V._RecentChanges_06-Oct-2026.xlsx",Recent Changes,1521
2026-10-06,2025-02-27,Not Entitled**,Not Entitled**,ROE (%),2026 FY,-,-,-,-,-,-,"filings/capitaliq/Estimates/Recent Changes/SPGlobal_GrupoBimbo,S.A.B.deC.V._RecentChanges_06-Oct-2026.xlsx",Recent Changes,1522
2026-10-06,2025-02-27,Not Entitled**,Not Entitled**,TEV (Mex$000),2026 FY,-,-,-,-,-,-,"filings/capitaliq/Estimates/Recent Changes/SPGlobal_GrupoBimbo,S.A.B.deC.V._RecentChanges_06-Oct-2026.xlsx",Recent Changes,1523
2026-10-06,2025-02-27,Not Entitled**,Not Entitled**,Book Value per share (Mex$),2026 FY,-,-,-,-,-,-,"filings/capitaliq/Estimates/Recent Changes/SPGlobal_GrupoBimbo,S.A.B.deC.V._RecentChanges_06-Oct-2026.xlsx",Recent Changes,1524
2026-10-06,2025-02-27,Not Entitled**,Not Entitled**,Dividend per share (Mex$),2026 FY,-,-,-,-,-,-,"filings/capitaliq/Estimates/Recent Changes/SPGlobal_GrupoBimbo,S.A.B.deC.V._RecentChanges_06-Oct-2026.xlsx",Recent Changes,1525
2026-10-06,2025-02-27,Not Entitled**,Not Entitled**,EPS (GAAP) (Mex$),2026 FY,-,-,-,-,-,-,"filings/capitaliq/Estimates/Recent Changes/SPGlobal_GrupoBimbo,S.A.B.deC.V._RecentChanges_06-Oct-2026.xlsx",Recent Changes,1526
2026-10-06,2025-02-27,Santander,"Argote Bolio, Ulises",EPS Normalized (Mex$),2026 FY,4.48,NA,NA,3.97424,3.8478,3.28603357762877,"filings/capitaliq/Estimates/Recent Changes/SPGlobal_GrupoBimbo,S.A.B.deC.V._RecentChanges_06-Oct-2026.xlsx",Recent Changes,1527
2026-10-06,2025-02-27,Santander,"Argote Bolio, Ulises",Dividend per share (Mex$),2026 FY,1.16,NA,NA,1.21857,1.23321,-1.18714574160119,"filings/capitaliq/Estimates/Recent Changes/SPGlobal_GrupoBimbo,S.A.B.deC.V._RecentChanges_06-Oct-2026.xlsx",Recent Changes,1528
2026-10-06,2025-02-27,Santander,"Argote Bolio, Ulises",Book Value per share (Mex$),2026 FY,36.91,NA,NA,35.16093,33.41186,5.23487767517283,"filings/capitaliq/Estimates/Recent Changes/SPGlobal_GrupoBimbo,S.A.B.deC.V._RecentChanges_06-Oct-2026.xlsx",Recent Changes,1529
2026-10-06,2025-02-27,Santander,"Argote Bolio, Ulises",Revenue (Mex$000),2026 FY,471835000,NA,NA,459352619.37,457272222.59,0.45495804845013,"filings/capitaliq/Estimates/Recent Changes/SPGlobal_GrupoBimbo,S.A.B.deC.V._RecentChanges_06-Oct-2026.xlsx",Recent Changes,1530
2026-10-06,2025-02-27,Santander,"Argote Bolio, Ulises",Net Income Normalized (Mex$000),2026 FY,19857000,NA,NA,19822735.65,19811314.2,0.05765114764572,"filings/capitaliq/Estimates/Recent Changes/SPGlobal_GrupoBimbo,S.A.B.deC.V._RecentChanges_06-Oct-2026.xlsx",Recent Changes,1531
2026-10-06,2025-02-27,Santander,"Argote Bolio, Ulises",Net Debt (Mex$000),2026 FY,134620000,NA,NA,104985615.05,97577018.81,7.59256260372729,"filings/capitaliq/Estimates/Recent Changes/SPGlobal_GrupoBimbo,S.A.B.deC.V._RecentChanges_06-Oct-2026.xlsx",Recent Changes,1532
2026-10-06,2025-02-27,Santander,"Argote Bolio, Ulises",EBITDA (Mex$000),2026 FY,71874000,NA,NA,66306975.15,65379137.67,1.41916445072011,"filings/capitaliq/Estimates/Recent Changes/SPGlobal_GrupoBimbo,S.A.B.deC.V._RecentChanges_06-Oct-2026.xlsx",Recent Changes,1533
2026-10-06,2025-02-27,Santander,"Argote Bolio, Ulises",EBIT (Mex$000),2026 FY,46624000,NA,NA,41512659.7,40490391.64,2.52471763940686,"filings/capitaliq/Estimates/Recent Changes/SPGlobal_GrupoBimbo,S.A.B.deC.V._RecentChanges_06-Oct-2026.xlsx",Recent Changes,1534
2026-10-06,2025-02-27,Not Entitled**,Not Entitled**,Recommendation,Non-Periodic,-,-, ,-,-, ,"filings/capitaliq/Estimates/Recent Changes/SPGlobal_GrupoBimbo,S.A.B.deC.V._RecentChanges_06-Oct-2026.xlsx",Recent Changes,1535
2026-10-06,2025-02-06,"Actinver Case de Bolsa, S.A. de C.V.","Hernandez Velez Leija, Antonio",Target Price,Non-Periodic,62,71,-12.676055908203125,70.19667,70.94667,-1.0571321249008179,"filings/capitaliq/Estimates/Recent Changes/SPGlobal_GrupoBimbo,S.A.B.deC.V._RecentChanges_06-Oct-2026.xlsx",Recent Changes,1536
2026-10-06,2025-02-06,"Actinver Case de Bolsa, S.A. de C.V.","Hernandez Velez Leija, Antonio",Recommendation,Non-Periodic,Hold (3),Hold (3), ,Hold (2.82),Hold (2.82), ,"filings/capitaliq/Estimates/Recent Changes/SPGlobal_GrupoBimbo,S.A.B.deC.V._RecentChanges_06-Oct-2026.xlsx",Recent Changes,1537
2026-10-06,2025-01-21,Not Entitled**,Not Entitled**,EBITDA (Mex$000),2026 FY,66587000,NA,NA,65629507.83,65469925.8,0.24374860372913,"filings/capitaliq/Estimates/Recent Changes/SPGlobal_GrupoBimbo,S.A.B.deC.V._RecentChanges_06-Oct-2026.xlsx",Recent Changes,1538
2026-10-06,2025-01-21,Not Entitled**,Not Entitled**,Revenue (Mex$000),2026 FY,454713000,NA,NA,460936523.48,461973777.4,-0.22452657937377,"filings/capitaliq/Estimates/Recent Changes/SPGlobal_GrupoBimbo,S.A.B.deC.V._RecentChanges_06-Oct-2026.xlsx",Recent Changes,1539
2026-10-06,2025-01-21,Not Entitled**,Not Entitled**,ROE (%),2026 FY,12.7,NA,NA,13.98065,14.23678,-1.7990725430891,"filings/capitaliq/Estimates/Recent Changes/SPGlobal_GrupoBimbo,S.A.B.deC.V._RecentChanges_06-Oct-2026.xlsx",Recent Changes,1540
2026-10-06,2025-01-21,Not Entitled**,Not Entitled**,Target Price,Non-Periodic,78,84,-7.142857074737549,70.18154,70.64308,-0.6533406972885132,"filings/capitaliq/Estimates/Recent Changes/SPGlobal_GrupoBimbo,S.A.B.deC.V._RecentChanges_06-Oct-2026.xlsx",Recent Changes,1541
2026-10-06,2025-01-21,Not Entitled**,Not Entitled**,EPS (GAAP) (Mex$),2026 FY,4.3,NA,NA,3.9354,3.86248,1.88790621569562,"filings/capitaliq/Estimates/Recent Changes/SPGlobal_GrupoBimbo,S.A.B.deC.V._RecentChanges_06-Oct-2026.xlsx",Recent Changes,1542
2026-10-06,2025-01-21,Not Entitled**,Not Entitled**,EPS Normalized (Mex$),2026 FY,4.3,NA,NA,3.8478,3.69706,4.07729384970761,"filings/capitaliq/Estimates/Recent Changes/SPGlobal_GrupoBimbo,S.A.B.deC.V._RecentChanges_06-Oct-2026.xlsx",Recent Changes,1543
2026-10-06,2025-01-21,Not Entitled**,Not Entitled**,Recommendation,Non-Periodic,Outperform (2),Hold (3), ,Hold (3.00),Hold (3.08), ,"filings/capitaliq/Estimates/Recent Changes/SPGlobal_GrupoBimbo,S.A.B.deC.V._RecentChanges_06-Oct-2026.xlsx",Recent Changes,1544
2026-10-06,2025-01-21,Not Entitled**,Not Entitled**,EPS (GAAP) (Mex$),2026 FQ3,1.19,NA,NA,1.19,NA,NA,"filings/capitaliq/Estimates/Recent Changes/SPGlobal_GrupoBimbo,S.A.B.deC.V._RecentChanges_06-Oct-2026.xlsx",Recent Changes,1545
2026-10-06,2025-01-21,Not Entitled**,Not Entitled**,EPS Normalized (Mex$),2026 FQ3,1.19,NA,NA,1.19,NA,NA,"filings/capitaliq/Estimates/Recent Changes/SPGlobal_GrupoBimbo,S.A.B.deC.V._RecentChanges_06-Oct-2026.xlsx",Recent Changes,1546
2026-10-06,2025-01-21,Not Entitled**,Not Entitled**,EPS Normalized (Mex$),2026 FQ4,1.18,NA,NA,1.18,NA,NA,"filings/capitaliq/Estimates/Recent Changes/SPGlobal_GrupoBimbo,S.A.B.deC.V._RecentChanges_06-Oct-2026.xlsx",Recent Changes,1547
2026-10-06,2025-01-21,Not Entitled**,Not Entitled**,EPS (GAAP) (Mex$),2026 FQ4,1.18,NA,NA,1.18,NA,NA,"filings/capitaliq/Estimates/Recent Changes/SPGlobal_GrupoBimbo,S.A.B.deC.V._RecentChanges_06-Oct-2026.xlsx",Recent Changes,1548
2026-10-06,2025-01-20,Not Entitled**,Not Entitled**,EPS (GAAP) (Mex$),2026 FY,-,-,-,-,-,-,"filings/capitaliq/Estimates/Recent Changes/SPGlobal_GrupoBimbo,S.A.B.deC.V._RecentChanges_06-Oct-2026.xlsx",Recent Changes,1549
2026-10-06,2025-01-20,Not Entitled**,Not Entitled**,Target Price,Non-Periodic,-,-,-,-,-,-,"filings/capitaliq/Estimates/Recent Changes/SPGlobal_GrupoBimbo,S.A.B.deC.V._RecentChanges_06-Oct-2026.xlsx",Recent Changes,1550
2026-10-06,2025-01-20,Not Entitled**,Not Entitled**,ROE (%),2026 FY,-,-,-,-,-,-,"filings/capitaliq/Estimates/Recent Changes/SPGlobal_GrupoBimbo,S.A.B.deC.V._RecentChanges_06-Oct-2026.xlsx",Recent Changes,1551
2026-10-06,2025-01-20,Not Entitled**,Not Entitled**,Revenue (Mex$000),2026 FY,-,-,-,-,-,-,"filings/capitaliq/Estimates/Recent Changes/SPGlobal_GrupoBimbo,S.A.B.deC.V._RecentChanges_06-Oct-2026.xlsx",Recent Changes,1552
2026-10-06,2025-01-20,Not Entitled**,Not Entitled**,Net Income (GAAP) (Mex$000),2026 FY,-,-,-,-,-,-,"filings/capitaliq/Estimates/Recent Changes/SPGlobal_GrupoBimbo,S.A.B.deC.V._RecentChanges_06-Oct-2026.xlsx",Recent Changes,1553
2026-10-06,2025-01-20,Not Entitled**,Not Entitled**,EBITDA (Mex$000),2026 FY,-,-,-,-,-,-,"filings/capitaliq/Estimates/Recent Changes/SPGlobal_GrupoBimbo,S.A.B.deC.V._RecentChanges_06-Oct-2026.xlsx",Recent Changes,1554
2026-10-06,2025-01-20,Not Entitled**,Not Entitled**,EBT Normalized (Mex$000),2026 FY,-,-,-,-,-,-,"filings/capitaliq/Estimates/Recent Changes/SPGlobal_GrupoBimbo,S.A.B.deC.V._RecentChanges_06-Oct-2026.xlsx",Recent Changes,1555
2026-10-06,2025-01-20,Not Entitled**,Not Entitled**,EBIT (Mex$000),2026 FY,-,-,-,-,-,-,"filings/capitaliq/Estimates/Recent Changes/SPGlobal_GrupoBimbo,S.A.B.deC.V._RecentChanges_06-Oct-2026.xlsx",Recent Changes,1556
2026-10-06,2025-01-19,Not Entitled**,Not Entitled**,Target Price,Non-Periodic,54,64,-15.625,71.72,72.48923,-1.0611644983291626,"filings/capitaliq/Estimates/Recent Changes/SPGlobal_GrupoBimbo,S.A.B.deC.V._RecentChanges_06-Oct-2026.xlsx",Recent Changes,1557
2026-10-06,2025-01-16,Not Entitled**,Not Entitled**,EBIT (Mex$000),2026 FY,41400567.89,42499944.35,-2.5867,41234476.75,41417706.16,-0.44239391069165,"filings/capitaliq/Estimates/Recent Changes/SPGlobal_GrupoBimbo,S.A.B.deC.V._RecentChanges_06-Oct-2026.xlsx",Recent Changes,1558
2026-10-06,2025-01-16,Not Entitled**,Not Entitled**,Capital Expenditures (Mex$000),2026 FY,32750263.21,24795752.7,32.0801,25306087.74,22654584.23,11.70404843046638,"filings/capitaliq/Estimates/Recent Changes/SPGlobal_GrupoBimbo,S.A.B.deC.V._RecentChanges_06-Oct-2026.xlsx",Recent Changes,1559
2026-10-06,2025-01-16,Not Entitled**,Not Entitled**,EBT (GAAP) (Mex$000),2026 FY,29445298.48,32028407.76,-8.065,31063258.89,31924295.32,-2.69711961178537,"filings/capitaliq/Estimates/Recent Changes/SPGlobal_GrupoBimbo,S.A.B.deC.V._RecentChanges_06-Oct-2026.xlsx",Recent Changes,1560
2026-10-06,2025-01-16,Not Entitled**,Not Entitled**,Recommendation,Non-Periodic,Buy (1),Hold (3), ,Hold (3.08),Hold (3.25), ,"filings/capitaliq/Estimates/Recent Changes/SPGlobal_GrupoBimbo,S.A.B.deC.V._RecentChanges_06-Oct-2026.xlsx",Recent Changes,1561
2026-10-06,2025-01-16,Not Entitled**,Not Entitled**,EBITDA (Mex$000),2026 FY,64889963.07,63243733.18,2.6029,65919652.2,65645280.55,0.41796096794958,"filings/capitaliq/Estimates/Recent Changes/SPGlobal_GrupoBimbo,S.A.B.deC.V._RecentChanges_06-Oct-2026.xlsx",Recent Changes,1562
2026-10-06,2025-01-16,Not Entitled**,Not Entitled**,Net Debt (Mex$000),2026 FY,132157551.35,96778434.7,36.5568,101490877.93,94415054.6,7.49438038242685,"filings/capitaliq/Estimates/Recent Changes/SPGlobal_GrupoBimbo,S.A.B.deC.V._RecentChanges_06-Oct-2026.xlsx",Recent Changes,1563
2026-10-06,2025-01-16,Not Entitled**,Not Entitled**,Net Income (GAAP) (Mex$000),2026 FY,17490507.3,19601385.55,-10.769,19143912.47,19495725.51,-1.80456500487527,"filings/capitaliq/Estimates/Recent Changes/SPGlobal_GrupoBimbo,S.A.B.deC.V._RecentChanges_06-Oct-2026.xlsx",Recent Changes,1564
2026-10-06,2025-01-16,Not Entitled**,Not Entitled**,Revenue (Mex$000),2026 FY,465877112.26,431230481.67,8.0343,463805926.86,458031488.42,1.26070774302421,"filings/capitaliq/Estimates/Recent Changes/SPGlobal_GrupoBimbo,S.A.B.deC.V._RecentChanges_06-Oct-2026.xlsx",Recent Changes,1565
2026-10-06,2025-01-16,Not Entitled**,Not Entitled**,TEV (Mex$000),2026 FY,330746644.74,342485083.69,-3.4274,373836043.41,379705262.88,-1.54573034502682,"filings/capitaliq/Estimates/Recent Changes/SPGlobal_GrupoBimbo,S.A.B.deC.V._RecentChanges_06-Oct-2026.xlsx",Recent Changes,1566
2026-10-06,2025-01-16,Not Entitled**,Not Entitled**,ROE (%),2026 FY,12.31592,13.39595,-8.0623,14.44618,14.66219,-1.47324512913828,"filings/capitaliq/Estimates/Recent Changes/SPGlobal_GrupoBimbo,S.A.B.deC.V._RecentChanges_06-Oct-2026.xlsx",Recent Changes,1567
2026-10-06,2025-01-16,Not Entitled**,Not Entitled**,EPS (GAAP) (Mex$),2026 FY,3.94493,4.46646,-11.6765,3.947,4.05131,-2.57472274400132,"filings/capitaliq/Estimates/Recent Changes/SPGlobal_GrupoBimbo,S.A.B.deC.V._RecentChanges_06-Oct-2026.xlsx",Recent Changes,1568
2026-10-06,2025-01-16,Not Entitled**,Not Entitled**,EPS Normalized (Mex$),2026 FY,3.94493,4.46646,-11.6765,3.69706,3.8709,-4.49094525820869,"filings/capitaliq/Estimates/Recent Changes/SPGlobal_GrupoBimbo,S.A.B.deC.V._RecentChanges_06-Oct-2026.xlsx",Recent Changes,1569
2026-10-06,2025-01-16,Not Entitled**,Not Entitled**,Dividend per share (Mex$),2026 FY,1.18348,1.33994,-11.6766,1.25457,1.28586,-2.43339088236667,"filings/capitaliq/Estimates/Recent Changes/SPGlobal_GrupoBimbo,S.A.B.deC.V._RecentChanges_06-Oct-2026.xlsx",Recent Changes,1570
2026-10-06,2025-01-16,Not Entitled**,Not Entitled**,Cash flow per share (Mex$),2026 FY,9.79974,9.73998,0.6135,9.79974,9.73998,0.61355362126,"filings/capitaliq/Estimates/Recent Changes/SPGlobal_GrupoBimbo,S.A.B.deC.V._RecentChanges_06-Oct-2026.xlsx",Recent Changes,1571
2026-10-06,2025-01-16,Not Entitled**,Not Entitled**,Book Value per share (Mex$),2026 FY,33.41186,34.90511,-4.278,31.51593,32.26256,-2.31423048883908,"filings/capitaliq/Estimates/Recent Changes/SPGlobal_GrupoBimbo,S.A.B.deC.V._RecentChanges_06-Oct-2026.xlsx",Recent Changes,1572
2026-10-06,2025-01-16,Not Entitled**,Not Entitled**,Target Price,Non-Periodic,70,76,-7.8947367668151855,72.48923,72.95077,-0.6326732635498047,"filings/capitaliq/Estimates/Recent Changes/SPGlobal_GrupoBimbo,S.A.B.deC.V._RecentChanges_06-Oct-2026.xlsx",Recent Changes,1573
2026-10-06,2025-01-08,Itau BBA,"Fuchs, Alejandro",Dividend per share (Mex$),2026 FY,1.04,1.02,1.9607,1.28586,1.34732,-4.56164830923611,"filings/capitaliq/Estimates/Recent Changes/SPGlobal_GrupoBimbo,S.A.B.deC.V._RecentChanges_06-Oct-2026.xlsx",Recent Changes,1574
2026-10-06,2025-01-08,Itau BBA,"Fuchs, Alejandro",EPS Normalized (Mex$),2026 FY,2.6,4.04,-35.6435,3.8709,4.50636,-14.1014033499321,"filings/capitaliq/Estimates/Recent Changes/SPGlobal_GrupoBimbo,S.A.B.deC.V._RecentChanges_06-Oct-2026.xlsx",Recent Changes,1575
2026-10-06,2025-01-08,Itau BBA,"Fuchs, Alejandro",EPS (GAAP) (Mex$),2026 FY,2.6,4.04,-35.6435,4.05131,4.41414,-8.21972116878939,"filings/capitaliq/Estimates/Recent Changes/SPGlobal_GrupoBimbo,S.A.B.deC.V._RecentChanges_06-Oct-2026.xlsx",Recent Changes,1576
2026-10-06,2025-01-08,Itau BBA,"Fuchs, Alejandro",Target Price,Non-Periodic,50,81,-38.2716064453125,72.95077,75.33538,-3.165325403213501,"filings/capitaliq/Estimates/Recent Changes/SPGlobal_GrupoBimbo,S.A.B.deC.V._RecentChanges_06-Oct-2026.xlsx",Recent Changes,1577
2026-10-06,2025-01-08,Itau BBA,"Fuchs, Alejandro",Recommendation,Non-Periodic,Underperform (4),Outperform (2), ,Hold (3.25),Hold (3.08), ,"filings/capitaliq/Estimates/Recent Changes/SPGlobal_GrupoBimbo,S.A.B.deC.V._RecentChanges_06-Oct-2026.xlsx",Recent Changes,1578
2026-10-06,2025-01-08,Itau BBA,"Fuchs, Alejandro","Selling, General and Administrative Expense (Mex$000)",2026 FY,203840000,192853000,5.697,193995000,184150000,5.34618517512897,"filings/capitaliq/Estimates/Recent Changes/SPGlobal_GrupoBimbo,S.A.B.deC.V._RecentChanges_06-Oct-2026.xlsx",Recent Changes,1579
2026-10-06,2025-01-08,Itau BBA,"Fuchs, Alejandro",Revenue (Mex$000),2026 FY,450671000,442373000,1.8757,458031488.42,459503586.11,-0.32036696437176,"filings/capitaliq/Estimates/Recent Changes/SPGlobal_GrupoBimbo,S.A.B.deC.V._RecentChanges_06-Oct-2026.xlsx",Recent Changes,1580
2026-10-06,2025-01-08,Itau BBA,"Fuchs, Alejandro",Net Income (GAAP) (Mex$000),2026 FY,11645000,18077000,-35.5811,19495725.51,21065870.61,-7.45350206060152,"filings/capitaliq/Estimates/Recent Changes/SPGlobal_GrupoBimbo,S.A.B.deC.V._RecentChanges_06-Oct-2026.xlsx",Recent Changes,1581
2026-10-06,2025-01-08,Itau BBA,"Fuchs, Alejandro",Net Income Normalized (Mex$000),2026 FY,11645000,18077000,-35.5811,19811314.2,23894471.3,-17.08829230299814,"filings/capitaliq/Estimates/Recent Changes/SPGlobal_GrupoBimbo,S.A.B.deC.V._RecentChanges_06-Oct-2026.xlsx",Recent Changes,1582
2026-10-06,2025-01-08,Itau BBA,"Fuchs, Alejandro",Net Debt (Mex$000),2026 FY,108424000,77158000,40.522,94415054.6,90912818.25,3.85230203772723,"filings/capitaliq/Estimates/Recent Changes/SPGlobal_GrupoBimbo,S.A.B.deC.V._RecentChanges_06-Oct-2026.xlsx",Recent Changes,1583
2026-10-06,2025-01-08,Itau BBA,"Fuchs, Alejandro",Gross Margin (%),2026 FY,52.7,52.6,0.1901,51.55,50.4,2.28174603174603,"filings/capitaliq/Estimates/Recent Changes/SPGlobal_GrupoBimbo,S.A.B.deC.V._RecentChanges_06-Oct-2026.xlsx",Recent Changes,1584
2026-10-06,2025-01-08,Itau BBA,"Fuchs, Alejandro",Interest Expense (Mex$000),2026 FY,14143000,11340000,24.7178,10914500,7686000,42.00494405412438,"filings/capitaliq/Estimates/Recent Changes/SPGlobal_GrupoBimbo,S.A.B.deC.V._RecentChanges_06-Oct-2026.xlsx",Recent Changes,1585
2026-10-06,2025-01-08,Itau BBA,"Fuchs, Alejandro",EBITDA (Mex$000),2026 FY,59216000,60203000,-1.6394,65645280.55,66931136.66,-1.92116281624194,"filings/capitaliq/Estimates/Recent Changes/SPGlobal_GrupoBimbo,S.A.B.deC.V._RecentChanges_06-Oct-2026.xlsx",Recent Changes,1586
2026-10-06,2025-01-08,Itau BBA,"Fuchs, Alejandro",Free Cash Flow (Mex$000),2026 FY,12491000,34596000,-63.8946,24666000,30753500,-19.79449493553579,"filings/capitaliq/Estimates/Recent Changes/SPGlobal_GrupoBimbo,S.A.B.deC.V._RecentChanges_06-Oct-2026.xlsx",Recent Changes,1587
2026-10-06,2025-01-08,Itau BBA,"Fuchs, Alejandro",Depreciation & Amortization (Mex$000),2026 FY,18542000,13049000,42.0951,20374500,22207000,-8.25190255324898,"filings/capitaliq/Estimates/Recent Changes/SPGlobal_GrupoBimbo,S.A.B.deC.V._RecentChanges_06-Oct-2026.xlsx",Recent Changes,1588
2026-10-06,2025-01-08,Itau BBA,"Fuchs, Alejandro",Capital Expenditures (Mex$000),2026 FY,27517000,19000000,44.8263,22654584.23,20223376.35,12.02177043992953,"filings/capitaliq/Estimates/Recent Changes/SPGlobal_GrupoBimbo,S.A.B.deC.V._RecentChanges_06-Oct-2026.xlsx",Recent Changes,1589
2026-10-06,2025-01-08,Itau BBA,"Fuchs, Alejandro",EBIT (Mex$000),2026 FY,33730000,39840000,-15.3363,41417706.16,42955247.4,-3.5794025947107,"filings/capitaliq/Estimates/Recent Changes/SPGlobal_GrupoBimbo,S.A.B.deC.V._RecentChanges_06-Oct-2026.xlsx",Recent Changes,1590
2026-10-06,2024-12-17,Santander,"Argote Bolio, Ulises",Target Price,Non-Periodic,83,84,-1.1904761791229248,75.33538,75.41231,-0.1020125225186348,"filings/capitaliq/Estimates/Recent Changes/SPGlobal_GrupoBimbo,S.A.B.deC.V._RecentChanges_06-Oct-2026.xlsx",Recent Changes,1591
2026-10-06,2024-12-02,Not Entitled**,Not Entitled**,Target Price,Non-Periodic,68,77,-11.688311576843262,75.41231,76.10462,-0.9096819758415222,"filings/capitaliq/Estimates/Recent Changes/SPGlobal_GrupoBimbo,S.A.B.deC.V._RecentChanges_06-Oct-2026.xlsx",Recent Changes,1592
2026-10-06,2024-11-29,"Actinver Case de Bolsa, S.A. de C.V.","Hernandez Velez Leija, Antonio",Target Price,Non-Periodic,71,75,-5.333333492279053,76.10462,76.41231,-0.4026707112789154,"filings/capitaliq/Estimates/Recent Changes/SPGlobal_GrupoBimbo,S.A.B.deC.V._RecentChanges_06-Oct-2026.xlsx",Recent Changes,1593
2026-10-06,2024-11-23,Not Entitled**,Not Entitled**,TEV (Mex$000),2026 FY,342485083.69,372855078.87,-8.1452,379705262.88,394890260.48,-3.84537151702405,"filings/capitaliq/Estimates/Recent Changes/SPGlobal_GrupoBimbo,S.A.B.deC.V._RecentChanges_06-Oct-2026.xlsx",Recent Changes,1594
2026-10-06,2024-11-11,Not Entitled**,Not Entitled**,EPS (GAAP) (Mex$),2026 FY,-,-,-,-,-,-,"filings/capitaliq/Estimates/Recent Changes/SPGlobal_GrupoBimbo,S.A.B.deC.V._RecentChanges_06-Oct-2026.xlsx",Recent Changes,1595
2026-10-06,2024-11-11,Not Entitled**,Not Entitled**,EBIT (Mex$000),2026 FY,-,-,-,-,-,-,"filings/capitaliq/Estimates/Recent Changes/SPGlobal_GrupoBimbo,S.A.B.deC.V._RecentChanges_06-Oct-2026.xlsx",Recent Changes,1596
2026-10-06,2024-11-11,Not Entitled**,Not Entitled**,EBT Normalized (Mex$000),2026 FY,-,-,-,-,-,-,"filings/capitaliq/Estimates/Recent Changes/SPGlobal_GrupoBimbo,S.A.B.deC.V._RecentChanges_06-Oct-2026.xlsx",Recent Changes,1597
2026-10-06,2024-11-11,Not Entitled**,Not Entitled**,EBITDA (Mex$000),2026 FY,-,-,-,-,-,-,"filings/capitaliq/Estimates/Recent Changes/SPGlobal_GrupoBimbo,S.A.B.deC.V._RecentChanges_06-Oct-2026.xlsx",Recent Changes,1598
2026-10-06,2024-11-11,Not Entitled**,Not Entitled**,Net Income (GAAP) (Mex$000),2026 FY,-,-,-,-,-,-,"filings/capitaliq/Estimates/Recent Changes/SPGlobal_GrupoBimbo,S.A.B.deC.V._RecentChanges_06-Oct-2026.xlsx",Recent Changes,1599
2026-10-06,2024-11-11,Not Entitled**,Not Entitled**,Revenue (Mex$000),2026 FY,-,-,-,-,-,-,"filings/capitaliq/Estimates/Recent Changes/SPGlobal_GrupoBimbo,S.A.B.deC.V._RecentChanges_06-Oct-2026.xlsx",Recent Changes,1600
2026-10-06,2024-11-11,Not Entitled**,Not Entitled**,ROE (%),2026 FY,-,-,-,-,-,-,"filings/capitaliq/Estimates/Recent Changes/SPGlobal_GrupoBimbo,S.A.B.deC.V._RecentChanges_06-Oct-2026.xlsx",Recent Changes,1601
2026-10-06,2024-10-29,Not Entitled**,Not Entitled**,Target Price,Non-Periodic,64,68,-5.882352828979492,76.41231,76.72,-0.40105578303337097,"filings/capitaliq/Estimates/Recent Changes/SPGlobal_GrupoBimbo,S.A.B.deC.V._RecentChanges_06-Oct-2026.xlsx",Recent Changes,1602
2026-10-06,2024-10-14,"Actinver Case de Bolsa, S.A. de C.V.",NA,Target Price,Non-Periodic,75,NA,NA,76.72,76.86333,-0.18647383153438568,"filings/capitaliq/Estimates/Recent Changes/SPGlobal_GrupoBimbo,S.A.B.deC.V._RecentChanges_06-Oct-2026.xlsx",Recent Changes,1603
2026-10-06,2024-10-10,Santander,"Argote Bolio, Ulises",Target Price,Non-Periodic,84,86,-2.3255813121795654,76.86333,77.03,-0.21637023985385895,"filings/capitaliq/Estimates/Recent Changes/SPGlobal_GrupoBimbo,S.A.B.deC.V._RecentChanges_06-Oct-2026.xlsx",Recent Changes,1604
2026-10-06,2024-10-08,Not Entitled**,Not Entitled**,TEV (Mex$000),2026 FY,-,-,-,-,-,-,"filings/capitaliq/Estimates/Recent Changes/SPGlobal_GrupoBimbo,S.A.B.deC.V._RecentChanges_06-Oct-2026.xlsx",Recent Changes,1605
2026-10-06,2024-10-08,Not Entitled**,Not Entitled**,ROE (%),2026 FY,-,-,-,-,-,-,"filings/capitaliq/Estimates/Recent Changes/SPGlobal_GrupoBimbo,S.A.B.deC.V._RecentChanges_06-Oct-2026.xlsx",Recent Changes,1606
2026-10-06,2024-10-08,Not Entitled**,Not Entitled**,Revenue (Mex$000),2026 FY,-,-,-,-,-,-,"filings/capitaliq/Estimates/Recent Changes/SPGlobal_GrupoBimbo,S.A.B.deC.V._RecentChanges_06-Oct-2026.xlsx",Recent Changes,1607
2026-10-06,2024-10-08,Not Entitled**,Not Entitled**,Net Income (GAAP) (Mex$000),2026 FY,-,-,-,-,-,-,"filings/capitaliq/Estimates/Recent Changes/SPGlobal_GrupoBimbo,S.A.B.deC.V._RecentChanges_06-Oct-2026.xlsx",Recent Changes,1608
2026-10-06,2024-10-08,Not Entitled**,Not Entitled**,Net Debt (Mex$000),2026 FY,-,-,-,-,-,-,"filings/capitaliq/Estimates/Recent Changes/SPGlobal_GrupoBimbo,S.A.B.deC.V._RecentChanges_06-Oct-2026.xlsx",Recent Changes,1609
2026-10-06,2024-10-08,Not Entitled**,Not Entitled**,EBITDA (Mex$000),2026 FY,-,-,-,-,-,-,"filings/capitaliq/Estimates/Recent Changes/SPGlobal_GrupoBimbo,S.A.B.deC.V._RecentChanges_06-Oct-2026.xlsx",Recent Changes,1610
2026-10-06,2024-10-08,Not Entitled**,Not Entitled**,EBT (GAAP) (Mex$000),2026 FY,-,-,-,-,-,-,"filings/capitaliq/Estimates/Recent Changes/SPGlobal_GrupoBimbo,S.A.B.deC.V._RecentChanges_06-Oct-2026.xlsx",Recent Changes,1611
2026-10-06,2024-10-08,Not Entitled**,Not Entitled**,EBIT (Mex$000),2026 FY,-,-,-,-,-,-,"filings/capitaliq/Estimates/Recent Changes/SPGlobal_GrupoBimbo,S.A.B.deC.V._RecentChanges_06-Oct-2026.xlsx",Recent Changes,1612
2026-10-06,2024-10-08,Not Entitled**,Not Entitled**,EPS (GAAP) (Mex$),2026 FY,-,-,-,-,-,-,"filings/capitaliq/Estimates/Recent Changes/SPGlobal_GrupoBimbo,S.A.B.deC.V._RecentChanges_06-Oct-2026.xlsx",Recent Changes,1613
2026-10-06,2024-10-08,Not Entitled**,Not Entitled**,Dividend per share (Mex$),2026 FY,-,-,-,-,-,-,"filings/capitaliq/Estimates/Recent Changes/SPGlobal_GrupoBimbo,S.A.B.deC.V._RecentChanges_06-Oct-2026.xlsx",Recent Changes,1614
2026-10-06,2024-10-08,Not Entitled**,Not Entitled**,Book Value per share (Mex$),2026 FY,-,-,-,-,-,-,"filings/capitaliq/Estimates/Recent Changes/SPGlobal_GrupoBimbo,S.A.B.deC.V._RecentChanges_06-Oct-2026.xlsx",Recent Changes,1615
2026-10-06,2024-10-08,Not Entitled**,Not Entitled**,Target Price,Non-Periodic,-,-,-,-,-,-,"filings/capitaliq/Estimates/Recent Changes/SPGlobal_GrupoBimbo,S.A.B.deC.V._RecentChanges_06-Oct-2026.xlsx",Recent Changes,1616
2026-10-06,2024-10-08,Not Entitled**,Not Entitled**,TEV (Mex$000),2026 FY,-,-,-,-,-,-,"filings/capitaliq/Estimates/Recent Changes/SPGlobal_GrupoBimbo,S.A.B.deC.V._RecentChanges_06-Oct-2026.xlsx",Recent Changes,1617
2026-10-06,2024-10-04,Not Entitled**,Not Entitled**,Net Income (GAAP) (Mex$000),2026 FY,-,-,-,-,-,-,"filings/capitaliq/Estimates/Recent Changes/SPGlobal_GrupoBimbo,S.A.B.deC.V._RecentChanges_06-Oct-2026.xlsx",Recent Changes,1618
2026-10-06,2024-10-04,Not Entitled**,Not Entitled**,Revenue (Mex$000),2026 FY,-,-,-,-,-,-,"filings/capitaliq/Estimates/Recent Changes/SPGlobal_GrupoBimbo,S.A.B.deC.V._RecentChanges_06-Oct-2026.xlsx",Recent Changes,1619
2026-10-06,2024-10-04,Not Entitled**,Not Entitled**,ROE (%),2026 FY,-,-,-,-,-,-,"filings/capitaliq/Estimates/Recent Changes/SPGlobal_GrupoBimbo,S.A.B.deC.V._RecentChanges_06-Oct-2026.xlsx",Recent Changes,1620
2026-10-06,2024-10-04,Not Entitled**,Not Entitled**,EBIT (Mex$000),2026 FY,-,-,-,-,-,-,"filings/capitaliq/Estimates/Recent Changes/SPGlobal_GrupoBimbo,S.A.B.deC.V._RecentChanges_06-Oct-2026.xlsx",Recent Changes,1621
2026-10-06,2024-10-04,Not Entitled**,Not Entitled**,EBT Normalized (Mex$000),2026 FY,-,-,-,-,-,-,"filings/capitaliq/Estimates/Recent Changes/SPGlobal_GrupoBimbo,S.A.B.deC.V._RecentChanges_06-Oct-2026.xlsx",Recent Changes,1622
2026-10-06,2024-10-04,Not Entitled**,Not Entitled**,EBITDA (Mex$000),2026 FY,-,-,-,-,-,-,"filings/capitaliq/Estimates/Recent Changes/SPGlobal_GrupoBimbo,S.A.B.deC.V._RecentChanges_06-Oct-2026.xlsx",Recent Changes,1623
2026-10-06,2024-10-04,Not Entitled**,Not Entitled**,EPS (GAAP) (Mex$),2026 FY,-,-,-,-,-,-,"filings/capitaliq/Estimates/Recent Changes/SPGlobal_GrupoBimbo,S.A.B.deC.V._RecentChanges_06-Oct-2026.xlsx",Recent Changes,1624
2026-10-06,2024-09-06,Not Entitled**,Not Entitled**,EPS (GAAP) (Mex$),2026 FY,-,-,-,-,-,-,"filings/capitaliq/Estimates/Recent Changes/SPGlobal_GrupoBimbo,S.A.B.deC.V._RecentChanges_06-Oct-2026.xlsx",Recent Changes,1625
2026-10-06,2024-09-06,Not Entitled**,Not Entitled**,EBITDA (Mex$000),2026 FY,-,-,-,-,-,-,"filings/capitaliq/Estimates/Recent Changes/SPGlobal_GrupoBimbo,S.A.B.deC.V._RecentChanges_06-Oct-2026.xlsx",Recent Changes,1626
2026-10-06,2024-09-06,Not Entitled**,Not Entitled**,EBT Normalized (Mex$000),2026 FY,-,-,-,-,-,-,"filings/capitaliq/Estimates/Recent Changes/SPGlobal_GrupoBimbo,S.A.B.deC.V._RecentChanges_06-Oct-2026.xlsx",Recent Changes,1627
2026-10-06,2024-09-06,Not Entitled**,Not Entitled**,EBIT (Mex$000),2026 FY,-,-,-,-,-,-,"filings/capitaliq/Estimates/Recent Changes/SPGlobal_GrupoBimbo,S.A.B.deC.V._RecentChanges_06-Oct-2026.xlsx",Recent Changes,1628
2026-10-06,2024-09-06,Not Entitled**,Not Entitled**,ROE (%),2026 FY,-,-,-,-,-,-,"filings/capitaliq/Estimates/Recent Changes/SPGlobal_GrupoBimbo,S.A.B.deC.V._RecentChanges_06-Oct-2026.xlsx",Recent Changes,1629
2026-10-06,2024-09-06,Not Entitled**,Not Entitled**,Revenue (Mex$000),2026 FY,-,-,-,-,-,-,"filings/capitaliq/Estimates/Recent Changes/SPGlobal_GrupoBimbo,S.A.B.deC.V._RecentChanges_06-Oct-2026.xlsx",Recent Changes,1630
2026-10-06,2024-09-06,Not Entitled**,Not Entitled**,Net Income (GAAP) (Mex$000),2026 FY,-,-,-,-,-,-,"filings/capitaliq/Estimates/Recent Changes/SPGlobal_GrupoBimbo,S.A.B.deC.V._RecentChanges_06-Oct-2026.xlsx",Recent Changes,1631
2026-10-06,2024-07-30,Not Entitled**,Not Entitled**,Target Price,Non-Periodic,68,74,-8.108108520507812,77.36333,77.86333,-0.6421508193016052,"filings/capitaliq/Estimates/Recent Changes/SPGlobal_GrupoBimbo,S.A.B.deC.V._RecentChanges_06-Oct-2026.xlsx",Recent Changes,1632
2026-10-06,2024-07-30,Not Entitled**,Not Entitled**,Recommendation,Non-Periodic,Underperform (4),Hold (3), ,Hold (3.09),Hold (3.00), ,"filings/capitaliq/Estimates/Recent Changes/SPGlobal_GrupoBimbo,S.A.B.deC.V._RecentChanges_06-Oct-2026.xlsx",Recent Changes,1633
2026-10-06,2024-07-27,Not Entitled**,Not Entitled**,Net Debt (Mex$000),2026 FY,96778434.7,78329938.95,23.5522,87224393.58,83534694.43,4.41696611830175,"filings/capitaliq/Estimates/Recent Changes/SPGlobal_GrupoBimbo,S.A.B.deC.V._RecentChanges_06-Oct-2026.xlsx",Recent Changes,1634
2026-10-06,2024-07-27,Not Entitled**,Not Entitled**,Net Income (GAAP) (Mex$000),2026 FY,19601385.55,22541662.77,-13.0437,20826095.07,21316141.27,-2.29894423100715,"filings/capitaliq/Estimates/Recent Changes/SPGlobal_GrupoBimbo,S.A.B.deC.V._RecentChanges_06-Oct-2026.xlsx",Recent Changes,1635
2026-10-06,2024-07-27,Not Entitled**,Not Entitled**,Revenue (Mex$000),2026 FY,431230481.67,448000333.04,-3.7432,452946626.82,455741602.05,-0.61328068743949,"filings/capitaliq/Estimates/Recent Changes/SPGlobal_GrupoBimbo,S.A.B.deC.V._RecentChanges_06-Oct-2026.xlsx",Recent Changes,1636
2026-10-06,2024-07-27,Not Entitled**,Not Entitled**,ROE (%),2026 FY,13.39595,14.71655,-8.9735,14.76059,15.02471,-1.75790414590365,"filings/capitaliq/Estimates/Recent Changes/SPGlobal_GrupoBimbo,S.A.B.deC.V._RecentChanges_06-Oct-2026.xlsx",Recent Changes,1637
2026-10-06,2024-07-27,Not Entitled**,Not Entitled**,TEV (Mex$000),2026 FY,372855078.87,337581334.04,10.4489,402871353.36,385234480.95,4.57821749665475,"filings/capitaliq/Estimates/Recent Changes/SPGlobal_GrupoBimbo,S.A.B.deC.V._RecentChanges_06-Oct-2026.xlsx",Recent Changes,1638
2026-10-06,2024-07-27,Not Entitled**,Not Entitled**,EBIT (Mex$000),2026 FY,42499944.35,45614749.11,-6.8285,42828911.76,43348045.89,-1.19759523028409,"filings/capitaliq/Estimates/Recent Changes/SPGlobal_GrupoBimbo,S.A.B.deC.V._RecentChanges_06-Oct-2026.xlsx",Recent Changes,1639
2026-10-06,2024-07-27,Not Entitled**,Not Entitled**,EBT (GAAP) (Mex$000),2026 FY,32028407.76,36832782.31,-13.0437,32970831.94,34572290.13,-4.6322016388794,"filings/capitaliq/Estimates/Recent Changes/SPGlobal_GrupoBimbo,S.A.B.deC.V._RecentChanges_06-Oct-2026.xlsx",Recent Changes,1640
2026-10-06,2024-07-27,Not Entitled**,Not Entitled**,Capital Expenditures (Mex$000),2026 FY,24795752.7,25760019.15,-3.7432,19815584.23,20137006.38,-1.59617643225875,"filings/capitaliq/Estimates/Recent Changes/SPGlobal_GrupoBimbo,S.A.B.deC.V._RecentChanges_06-Oct-2026.xlsx",Recent Changes,1641
2026-10-06,2024-07-27,Not Entitled**,Not Entitled**,EBITDA (Mex$000),2026 FY,63243733.18,65014203.24,-2.7232,65751257.61,66046335.95,-0.4467747313392,"filings/capitaliq/Estimates/Recent Changes/SPGlobal_GrupoBimbo,S.A.B.deC.V._RecentChanges_06-Oct-2026.xlsx",Recent Changes,1642
2026-10-06,2024-07-27,Not Entitled**,Not Entitled**,Cash flow per share (Mex$),2026 FY,9.73998,10.02384,-2.8318,9.73998,10.02384,-2.83184887228846,"filings/capitaliq/Estimates/Recent Changes/SPGlobal_GrupoBimbo,S.A.B.deC.V._RecentChanges_06-Oct-2026.xlsx",Recent Changes,1643
2026-10-06,2024-07-27,Not Entitled**,Not Entitled**,Book Value per share (Mex$),2026 FY,34.90511,36.32698,-3.914,33.03256,33.74349,-2.10686565023357,"filings/capitaliq/Estimates/Recent Changes/SPGlobal_GrupoBimbo,S.A.B.deC.V._RecentChanges_06-Oct-2026.xlsx",Recent Changes,1644
2026-10-06,2024-07-27,Not Entitled**,Not Entitled**,Target Price,Non-Periodic,76,80,-5,77.86333,78.19667,-0.42628413438796997,"filings/capitaliq/Estimates/Recent Changes/SPGlobal_GrupoBimbo,S.A.B.deC.V._RecentChanges_06-Oct-2026.xlsx",Recent Changes,1645
2026-10-06,2024-07-27,Not Entitled**,Not Entitled**,Dividend per share (Mex$),2026 FY,1.33994,1.52526,-12.15,1.29786,1.28734,0.81718893221682,"filings/capitaliq/Estimates/Recent Changes/SPGlobal_GrupoBimbo,S.A.B.deC.V._RecentChanges_06-Oct-2026.xlsx",Recent Changes,1646
2026-10-06,2024-07-27,Not Entitled**,Not Entitled**,EPS Normalized (Mex$),2026 FY,4.46646,5.0842,-12.1501,4.3509,4.55682,-4.51894084032286,"filings/capitaliq/Estimates/Recent Changes/SPGlobal_GrupoBimbo,S.A.B.deC.V._RecentChanges_06-Oct-2026.xlsx",Recent Changes,1647
2026-10-06,2024-07-27,Not Entitled**,Not Entitled**,EPS (GAAP) (Mex$),2026 FY,4.46646,5.0842,-12.1501,4.40045,4.524,-2.73099027409372,"filings/capitaliq/Estimates/Recent Changes/SPGlobal_GrupoBimbo,S.A.B.deC.V._RecentChanges_06-Oct-2026.xlsx",Recent Changes,1648
2026-10-06,2024-07-25,"GBM Grupo Bursátil Mexicano, S.A. de C.V. Casa de Bolsa","Willard Alonso, Luis Rodrigo",Free Cash Flow (Mex$000),2026 FY,27697000,NA,NA,32034333.33,34203000,-6.3405744232962,"filings/capitaliq/Estimates/Recent Changes/SPGlobal_GrupoBimbo,S.A.B.deC.V._RecentChanges_06-Oct-2026.xlsx",Recent Changes,1649
2026-10-06,2024-07-25,"GBM Grupo Bursátil Mexicano, S.A. de C.V. Casa de Bolsa","Willard Alonso, Luis Rodrigo",EBITDA (Mex$000),2026 FY,73352000,59615263,23.0423,66046335.95,64585203.14,2.2623336909427,"filings/capitaliq/Estimates/Recent Changes/SPGlobal_GrupoBimbo,S.A.B.deC.V._RecentChanges_06-Oct-2026.xlsx",Recent Changes,1650
2026-10-06,2024-07-25,"GBM Grupo Bursátil Mexicano, S.A. de C.V. Casa de Bolsa","Willard Alonso, Luis Rodrigo",EBIT (Mex$000),2026 FY,50530000,NA,NA,43348045.89,41911655.07,3.42718706193055,"filings/capitaliq/Estimates/Recent Changes/SPGlobal_GrupoBimbo,S.A.B.deC.V._RecentChanges_06-Oct-2026.xlsx",Recent Changes,1651
2026-10-06,2024-07-25,"GBM Grupo Bursátil Mexicano, S.A. de C.V. Casa de Bolsa","Willard Alonso, Luis Rodrigo",ROE (%),2026 FY,17.4,NA,NA,15.02471,14.43089,4.11492291882205,"filings/capitaliq/Estimates/Recent Changes/SPGlobal_GrupoBimbo,S.A.B.deC.V._RecentChanges_06-Oct-2026.xlsx",Recent Changes,1652
2026-10-06,2024-07-25,"GBM Grupo Bursátil Mexicano, S.A. de C.V. Casa de Bolsa","Willard Alonso, Luis Rodrigo",Revenue (Mex$000),2026 FY,477518000,NA,NA,455741602.05,451386322.46,0.96486742581482,"filings/capitaliq/Estimates/Recent Changes/SPGlobal_GrupoBimbo,S.A.B.deC.V._RecentChanges_06-Oct-2026.xlsx",Recent Changes,1653
2026-10-06,2024-07-25,"GBM Grupo Bursátil Mexicano, S.A. de C.V. Casa de Bolsa","Willard Alonso, Luis Rodrigo",Net Income (GAAP) (Mex$000),2026 FY,27840000,NA,NA,21316141.27,20011369.53,6.52015214672816,"filings/capitaliq/Estimates/Recent Changes/SPGlobal_GrupoBimbo,S.A.B.deC.V._RecentChanges_06-Oct-2026.xlsx",Recent Changes,1654
2026-10-06,2024-07-25,"GBM Grupo Bursátil Mexicano, S.A. de C.V. Casa de Bolsa","Willard Alonso, Luis Rodrigo",Net Income Normalized (Mex$000),2026 FY,27840000,NA,NA,21955314.2,19012971.3,15.47545017332457,"filings/capitaliq/Estimates/Recent Changes/SPGlobal_GrupoBimbo,S.A.B.deC.V._RecentChanges_06-Oct-2026.xlsx",Recent Changes,1655
2026-10-06,2024-07-25,"GBM Grupo Bursátil Mexicano, S.A. de C.V. Casa de Bolsa","Willard Alonso, Luis Rodrigo",Net Debt (Mex$000),2026 FY,79146000,NA,NA,83534694.43,84631868.04,-1.29640717546426,"filings/capitaliq/Estimates/Recent Changes/SPGlobal_GrupoBimbo,S.A.B.deC.V._RecentChanges_06-Oct-2026.xlsx",Recent Changes,1656
2026-10-06,2024-07-25,"GBM Grupo Bursátil Mexicano, S.A. de C.V. Casa de Bolsa","Willard Alonso, Luis Rodrigo",Maintenance Capital Expenditure (Mex$000),2026 FY,12342000,NA,NA,12342000,NA,NA,"filings/capitaliq/Estimates/Recent Changes/SPGlobal_GrupoBimbo,S.A.B.deC.V._RecentChanges_06-Oct-2026.xlsx",Recent Changes,1657
2026-10-06,2024-07-17,Santander,"Miranda de Abiega, Danele",Recommendation,Non-Periodic,Buy (1),Hold (3), ,Hold (3.00),Hold (3.18), ,"filings/capitaliq/Estimates/Recent Changes/SPGlobal_GrupoBimbo,S.A.B.deC.V._RecentChanges_06-Oct-2026.xlsx",Recent Changes,1658
2026-10-06,2024-07-17,Santander,"Miranda de Abiega, Danele",Target Price,Non-Periodic,86,84,2.3809523582458496,78.09091,77.90909,0.23337456583976746,"filings/capitaliq/Estimates/Recent Changes/SPGlobal_GrupoBimbo,S.A.B.deC.V._RecentChanges_06-Oct-2026.xlsx",Recent Changes,1659
2026-10-06,2024-07-09,Not Entitled**,Not Entitled**,TEV (Mex$000),2026 FY,337581334.04,377433331.85,-10.5586,385234480.95,405160479.86,-4.91805097004655,"filings/capitaliq/Estimates/Recent Changes/SPGlobal_GrupoBimbo,S.A.B.deC.V._RecentChanges_06-Oct-2026.xlsx",Recent Changes,1660
2026-10-06,2024-07-02,Not Entitled**,Not Entitled**,EPS (GAAP) (Mex$),2026 FY,-,-,-,-,-,-,"filings/capitaliq/Estimates/Recent Changes/SPGlobal_GrupoBimbo,S.A.B.deC.V._RecentChanges_06-Oct-2026.xlsx",Recent Changes,1661
2026-10-06,2024-07-02,Not Entitled**,Not Entitled**,ROE (%),2026 FY,-,-,-,-,-,-,"filings/capitaliq/Estimates/Recent Changes/SPGlobal_GrupoBimbo,S.A.B.deC.V._RecentChanges_06-Oct-2026.xlsx",Recent Changes,1662
2026-10-06,2024-07-02,Not Entitled**,Not Entitled**,Revenue (Mex$000),2026 FY,-,-,-,-,-,-,"filings/capitaliq/Estimates/Recent Changes/SPGlobal_GrupoBimbo,S.A.B.deC.V._RecentChanges_06-Oct-2026.xlsx",Recent Changes,1663
2026-10-06,2024-07-02,Not Entitled**,Not Entitled**,Net Income (GAAP) (Mex$000),2026 FY,-,-,-,-,-,-,"filings/capitaliq/Estimates/Recent Changes/SPGlobal_GrupoBimbo,S.A.B.deC.V._RecentChanges_06-Oct-2026.xlsx",Recent Changes,1664
2026-10-06,2024-07-02,Not Entitled**,Not Entitled**,EBIT (Mex$000),2026 FY,-,-,-,-,-,-,"filings/capitaliq/Estimates/Recent Changes/SPGlobal_GrupoBimbo,S.A.B.deC.V._RecentChanges_06-Oct-2026.xlsx",Recent Changes,1665
2026-10-06,2024-07-02,Not Entitled**,Not Entitled**,EBT Normalized (Mex$000),2026 FY,-,-,-,-,-,-,"filings/capitaliq/Estimates/Recent Changes/SPGlobal_GrupoBimbo,S.A.B.deC.V._RecentChanges_06-Oct-2026.xlsx",Recent Changes,1666
2026-10-06,2024-07-02,Not Entitled**,Not Entitled**,EBITDA (Mex$000),2026 FY,-,-,-,-,-,-,"filings/capitaliq/Estimates/Recent Changes/SPGlobal_GrupoBimbo,S.A.B.deC.V._RecentChanges_06-Oct-2026.xlsx",Recent Changes,1667
2026-10-06,2024-06-28,Not Entitled**,Not Entitled**,EBITDA (Mex$000),2026 FY,-,-,-,-,-,-,"filings/capitaliq/Estimates/Recent Changes/SPGlobal_GrupoBimbo,S.A.B.deC.V._RecentChanges_06-Oct-2026.xlsx",Recent Changes,1668
2026-10-06,2024-06-28,Not Entitled**,Not Entitled**,EBT Normalized (Mex$000),2026 FY,-,-,-,-,-,-,"filings/capitaliq/Estimates/Recent Changes/SPGlobal_GrupoBimbo,S.A.B.deC.V._RecentChanges_06-Oct-2026.xlsx",Recent Changes,1669
2026-10-06,2024-06-28,Not Entitled**,Not Entitled**,EBIT (Mex$000),2026 FY,-,-,-,-,-,-,"filings/capitaliq/Estimates/Recent Changes/SPGlobal_GrupoBimbo,S.A.B.deC.V._RecentChanges_06-Oct-2026.xlsx",Recent Changes,1670
2026-10-06,2024-06-28,Not Entitled**,Not Entitled**,Net Income (GAAP) (Mex$000),2026 FY,-,-,-,-,-,-,"filings/capitaliq/Estimates/Recent Changes/SPGlobal_GrupoBimbo,S.A.B.deC.V._RecentChanges_06-Oct-2026.xlsx",Recent Changes,1671
2026-10-06,2024-06-28,Not Entitled**,Not Entitled**,Revenue (Mex$000),2026 FY,-,-,-,-,-,-,"filings/capitaliq/Estimates/Recent Changes/SPGlobal_GrupoBimbo,S.A.B.deC.V._RecentChanges_06-Oct-2026.xlsx",Recent Changes,1672
2026-10-06,2024-06-28,Not Entitled**,Not Entitled**,ROE (%),2026 FY,-,-,-,-,-,-,"filings/capitaliq/Estimates/Recent Changes/SPGlobal_GrupoBimbo,S.A.B.deC.V._RecentChanges_06-Oct-2026.xlsx",Recent Changes,1673
2026-10-06,2024-06-28,Not Entitled**,Not Entitled**,Dividend per share (Mex$),2026 FY,-,-,-,-,-,-,"filings/capitaliq/Estimates/Recent Changes/SPGlobal_GrupoBimbo,S.A.B.deC.V._RecentChanges_06-Oct-2026.xlsx",Recent Changes,1674
2026-10-06,2024-06-28,Not Entitled**,Not Entitled**,EPS (GAAP) (Mex$),2026 FY,-,-,-,-,-,-,"filings/capitaliq/Estimates/Recent Changes/SPGlobal_GrupoBimbo,S.A.B.deC.V._RecentChanges_06-Oct-2026.xlsx",Recent Changes,1675
2026-10-06,2024-06-28,Not Entitled**,Not Entitled**,Target Price,Non-Periodic,-,-,-,-,-,-,"filings/capitaliq/Estimates/Recent Changes/SPGlobal_GrupoBimbo,S.A.B.deC.V._RecentChanges_06-Oct-2026.xlsx",Recent Changes,1676
2026-10-06,2024-06-28,Not Entitled**,Not Entitled**,EPS Normalized (Mex$),2026 FY,4.54625,4.55,-0.0824,4.55682,4.55807,-0.02742388774196,"filings/capitaliq/Estimates/Recent Changes/SPGlobal_GrupoBimbo,S.A.B.deC.V._RecentChanges_06-Oct-2026.xlsx",Recent Changes,1677
2026-10-06,2024-06-28,Not Entitled**,Not Entitled**,Dividend per share (Mex$),2026 FY,1.69542,1.7,-0.2694,1.33476,1.33568,-0.06887877335889,"filings/capitaliq/Estimates/Recent Changes/SPGlobal_GrupoBimbo,S.A.B.deC.V._RecentChanges_06-Oct-2026.xlsx",Recent Changes,1678
2026-10-06,2024-06-28,Not Entitled**,Not Entitled**,ROA (%),2026 FY,4.92,4.9,0.4081,4.92,4.9,0.40816326530612,"filings/capitaliq/Estimates/Recent Changes/SPGlobal_GrupoBimbo,S.A.B.deC.V._RecentChanges_06-Oct-2026.xlsx",Recent Changes,1679
2026-10-06,2024-06-28,Not Entitled**,Not Entitled**,ROE (%),2026 FY,14.601,14.6,0.0068,14.99839,14.99814,0.00166687335896,"filings/capitaliq/Estimates/Recent Changes/SPGlobal_GrupoBimbo,S.A.B.deC.V._RecentChanges_06-Oct-2026.xlsx",Recent Changes,1680
2026-10-06,2024-06-28,Not Entitled**,Not Entitled**,Revenue (Mex$000),2026 FY,446615642.95,446616000,0,453068991.4,453069062.81,-1.576139398e-05,"filings/capitaliq/Estimates/Recent Changes/SPGlobal_GrupoBimbo,S.A.B.deC.V._RecentChanges_06-Oct-2026.xlsx",Recent Changes,1681
2026-10-06,2024-06-28,Not Entitled**,Not Entitled**,Net Income Normalized (Mex$000),2026 FY,19948942.6,19949000,-0.0002,19012971.3,19013000,-0.00015094935044,"filings/capitaliq/Estimates/Recent Changes/SPGlobal_GrupoBimbo,S.A.B.deC.V._RecentChanges_06-Oct-2026.xlsx",Recent Changes,1682
2026-10-06,2024-06-28,Not Entitled**,Not Entitled**,Net Debt (Mex$000),2026 FY,70580523.9,70581000,-0.0006,84631868.04,84631987.06,-0.00014063240642,"filings/capitaliq/Estimates/Recent Changes/SPGlobal_GrupoBimbo,S.A.B.deC.V._RecentChanges_06-Oct-2026.xlsx",Recent Changes,1683
2026-10-06,2024-06-28,Not Entitled**,Not Entitled**,EBIT (Mex$000),2026 FY,39490231.07,39490000,0.0005,42275988.99,42275942.77,0.00010932931822,"filings/capitaliq/Estimates/Recent Changes/SPGlobal_GrupoBimbo,S.A.B.deC.V._RecentChanges_06-Oct-2026.xlsx",Recent Changes,1684
2026-10-06,2024-06-28,Not Entitled**,Not Entitled**,EBT (GAAP) (Mex$000),2026 FY,33002390.93,33002000,0.0011,34572290.13,34572159.82,0.00037692177949,"filings/capitaliq/Estimates/Recent Changes/SPGlobal_GrupoBimbo,S.A.B.deC.V._RecentChanges_06-Oct-2026.xlsx",Recent Changes,1685
2026-10-06,2024-06-28,Not Entitled**,Not Entitled**,EBITDA (Mex$000),2026 FY,62949447.42,62949000,0.0007,63103953.89,63103864.4,0.00014181381893,"filings/capitaliq/Estimates/Recent Changes/SPGlobal_GrupoBimbo,S.A.B.deC.V._RecentChanges_06-Oct-2026.xlsx",Recent Changes,1686
2026-10-06,2024-06-27,Not Entitled**,Not Entitled**,EBITDA (Mex$000),2026 FY,62949000,63995005.21,-1.6345,63103864.4,63313065.45,-0.33042318913655,"filings/capitaliq/Estimates/Recent Changes/SPGlobal_GrupoBimbo,S.A.B.deC.V._RecentChanges_06-Oct-2026.xlsx",Recent Changes,1687
2026-10-06,2024-06-27,Not Entitled**,Not Entitled**,Free Cash Flow (Mex$000),2026 FY,33810000,33263000,1.6444,34203000,33929500,0.80608320193342,"filings/capitaliq/Estimates/Recent Changes/SPGlobal_GrupoBimbo,S.A.B.deC.V._RecentChanges_06-Oct-2026.xlsx",Recent Changes,1688
2026-10-06,2024-06-27,Not Entitled**,Not Entitled**,EBT (GAAP) (Mex$000),2026 FY,33002000,33883385.67,-2.6012,34572159.82,34865955.04,-0.84264211223511,"filings/capitaliq/Estimates/Recent Changes/SPGlobal_GrupoBimbo,S.A.B.deC.V._RecentChanges_06-Oct-2026.xlsx",Recent Changes,1689
2026-10-06,2024-06-27,Not Entitled**,Not Entitled**,Depreciation & Amortization (Mex$000),2026 FY,22207000,23543000,-5.6747,22207000,23543000,-5.67472284755554,"filings/capitaliq/Estimates/Recent Changes/SPGlobal_GrupoBimbo,S.A.B.deC.V._RecentChanges_06-Oct-2026.xlsx",Recent Changes,1690
2026-10-06,2024-06-27,Not Entitled**,Not Entitled**,EBT Normalized (Mex$000),2026 FY,33002000,33883000,-2.6001,34913291.36,35353791.36,-1.24597669176266,"filings/capitaliq/Estimates/Recent Changes/SPGlobal_GrupoBimbo,S.A.B.deC.V._RecentChanges_06-Oct-2026.xlsx",Recent Changes,1691
2026-10-06,2024-06-27,Not Entitled**,Not Entitled**,Cash From Operations (Mex$000),2026 FY,44301000,43813000,1.1138,44301000,43813000,1.11382466391254,"filings/capitaliq/Estimates/Recent Changes/SPGlobal_GrupoBimbo,S.A.B.deC.V._RecentChanges_06-Oct-2026.xlsx",Recent Changes,1692
2026-10-06,2024-06-27,Not Entitled**,Not Entitled**,EBIT (Mex$000),2026 FY,39490000,40452094.57,-2.3783,42275942.77,42468361.69,-0.45308769244402,"filings/capitaliq/Estimates/Recent Changes/SPGlobal_GrupoBimbo,S.A.B.deC.V._RecentChanges_06-Oct-2026.xlsx",Recent Changes,1693
2026-10-06,2024-06-27,Not Entitled**,Not Entitled**,Net Debt (Mex$000),2026 FY,70581000,71137286.45,-0.7819,84631987.06,84771058.68,-0.16405554226352,"filings/capitaliq/Estimates/Recent Changes/SPGlobal_GrupoBimbo,S.A.B.deC.V._RecentChanges_06-Oct-2026.xlsx",Recent Changes,1694
2026-10-06,2024-06-27,Not Entitled**,Not Entitled**,Gross Margin (%),2026 FY,50.4,53,-4.9056,51.5,52.8,-2.46212121212121,"filings/capitaliq/Estimates/Recent Changes/SPGlobal_GrupoBimbo,S.A.B.deC.V._RecentChanges_06-Oct-2026.xlsx",Recent Changes,1695
2026-10-06,2024-06-27,Not Entitled**,Not Entitled**,Interest Expense (Mex$000),2026 FY,7686000,7701000,-0.1947,9513000,9520500,-0.07877737513786,"filings/capitaliq/Estimates/Recent Changes/SPGlobal_GrupoBimbo,S.A.B.deC.V._RecentChanges_06-Oct-2026.xlsx",Recent Changes,1696
2026-10-06,2024-06-27,Not Entitled**,Not Entitled**,Net Income (GAAP) (Mex$000),2026 FY,19949000,20498000,-2.6783,21003052.31,21112852.31,-0.5200623695359,"filings/capitaliq/Estimates/Recent Changes/SPGlobal_GrupoBimbo,S.A.B.deC.V._RecentChanges_06-Oct-2026.xlsx",Recent Changes,1697
2026-10-06,2024-06-27,Not Entitled**,Not Entitled**,Net Income Normalized (Mex$000),2026 FY,19949000,20498390.56,-2.6801,19013000,19287695.28,-1.42419960504478,"filings/capitaliq/Estimates/Recent Changes/SPGlobal_GrupoBimbo,S.A.B.deC.V._RecentChanges_06-Oct-2026.xlsx",Recent Changes,1698
2026-10-06,2024-06-27,Not Entitled**,Not Entitled**,Revenue (Mex$000),2026 FY,446616000,449379714.16,-0.615,453069062.81,453621805.64,-0.12185102724948,"filings/capitaliq/Estimates/Recent Changes/SPGlobal_GrupoBimbo,S.A.B.deC.V._RecentChanges_06-Oct-2026.xlsx",Recent Changes,1699
2026-10-06,2024-06-27,Not Entitled**,Not Entitled**,ROE (%),2026 FY,14.6,14.86,-1.7496,14.99814,15.06314,-0.43151693471613,"filings/capitaliq/Estimates/Recent Changes/SPGlobal_GrupoBimbo,S.A.B.deC.V._RecentChanges_06-Oct-2026.xlsx",Recent Changes,1700
2026-10-06,2024-06-27,Not Entitled**,Not Entitled**,"Selling, General and Administrative Expense (Mex$000)",2026 FY,184150000,196617000,-6.3407,188501500,194735000,-3.20101676637482,"filings/capitaliq/Estimates/Recent Changes/SPGlobal_GrupoBimbo,S.A.B.deC.V._RecentChanges_06-Oct-2026.xlsx",Recent Changes,1701
2026-10-06,2024-06-27,Not Entitled**,Not Entitled**,ROA (%),2026 FY,4.9,5.052,-3.0087,4.9,5.052,-3.00870942201108,"filings/capitaliq/Estimates/Recent Changes/SPGlobal_GrupoBimbo,S.A.B.deC.V._RecentChanges_06-Oct-2026.xlsx",Recent Changes,1702
2026-10-06,2024-06-27,Not Entitled**,Not Entitled**,Dividend per share (Mex$),2026 FY,1.7,1.77866,-4.4224,1.33568,1.35141,-1.16396948372441,"filings/capitaliq/Estimates/Recent Changes/SPGlobal_GrupoBimbo,S.A.B.deC.V._RecentChanges_06-Oct-2026.xlsx",Recent Changes,1703
2026-10-06,2024-06-27,Not Entitled**,Not Entitled**,EPS Normalized (Mex$),2026 FY,4.55,4.67147,-2.6002,4.55807,4.59856,-0.88049302390313,"filings/capitaliq/Estimates/Recent Changes/SPGlobal_GrupoBimbo,S.A.B.deC.V._RecentChanges_06-Oct-2026.xlsx",Recent Changes,1704
2026-10-06,2024-06-27,Not Entitled**,Not Entitled**,EPS (GAAP) (Mex$),2026 FY,4.55,4.67,-2.5695,4.74911,4.77311,-0.50281682173677,"filings/capitaliq/Estimates/Recent Changes/SPGlobal_GrupoBimbo,S.A.B.deC.V._RecentChanges_06-Oct-2026.xlsx",Recent Changes,1705
2026-10-06,2024-06-20,Not Entitled**,Not Entitled**,EPS (GAAP) (Mex$),2026 FY,-,-,-,-,-,-,"filings/capitaliq/Estimates/Recent Changes/SPGlobal_GrupoBimbo,S.A.B.deC.V._RecentChanges_06-Oct-2026.xlsx",Recent Changes,1706
2026-10-06,2024-06-20,Not Entitled**,Not Entitled**,Dividend per share (Mex$),2026 FY,-,-,-,-,-,-,"filings/capitaliq/Estimates/Recent Changes/SPGlobal_GrupoBimbo,S.A.B.deC.V._RecentChanges_06-Oct-2026.xlsx",Recent Changes,1707
2026-10-06,2024-06-20,Not Entitled**,Not Entitled**,Book Value per share (Mex$),2026 FY,-,-,-,-,-,-,"filings/capitaliq/Estimates/Recent Changes/SPGlobal_GrupoBimbo,S.A.B.deC.V._RecentChanges_06-Oct-2026.xlsx",Recent Changes,1708
2026-10-06,2024-06-20,Not Entitled**,Not Entitled**,TEV (Mex$000),2026 FY,-,-,-,-,-,-,"filings/capitaliq/Estimates/Recent Changes/SPGlobal_GrupoBimbo,S.A.B.deC.V._RecentChanges_06-Oct-2026.xlsx",Recent Changes,1709
2026-10-06,2024-06-20,Not Entitled**,Not Entitled**,ROE (%),2026 FY,-,-,-,-,-,-,"filings/capitaliq/Estimates/Recent Changes/SPGlobal_GrupoBimbo,S.A.B.deC.V._RecentChanges_06-Oct-2026.xlsx",Recent Changes,1710
2026-10-06,2024-06-20,Not Entitled**,Not Entitled**,Revenue (Mex$000),2026 FY,-,-,-,-,-,-,"filings/capitaliq/Estimates/Recent Changes/SPGlobal_GrupoBimbo,S.A.B.deC.V._RecentChanges_06-Oct-2026.xlsx",Recent Changes,1711
2026-10-06,2024-06-20,Not Entitled**,Not Entitled**,Net Income (GAAP) (Mex$000),2026 FY,-,-,-,-,-,-,"filings/capitaliq/Estimates/Recent Changes/SPGlobal_GrupoBimbo,S.A.B.deC.V._RecentChanges_06-Oct-2026.xlsx",Recent Changes,1712
2026-10-06,2024-06-20,Not Entitled**,Not Entitled**,Net Debt (Mex$000),2026 FY,-,-,-,-,-,-,"filings/capitaliq/Estimates/Recent Changes/SPGlobal_GrupoBimbo,S.A.B.deC.V._RecentChanges_06-Oct-2026.xlsx",Recent Changes,1713
2026-10-06,2024-06-20,Not Entitled**,Not Entitled**,EBIT (Mex$000),2026 FY,-,-,-,-,-,-,"filings/capitaliq/Estimates/Recent Changes/SPGlobal_GrupoBimbo,S.A.B.deC.V._RecentChanges_06-Oct-2026.xlsx",Recent Changes,1714
2026-10-06,2024-06-20,Not Entitled**,Not Entitled**,EBT (GAAP) (Mex$000),2026 FY,-,-,-,-,-,-,"filings/capitaliq/Estimates/Recent Changes/SPGlobal_GrupoBimbo,S.A.B.deC.V._RecentChanges_06-Oct-2026.xlsx",Recent Changes,1715
2026-10-06,2024-06-20,Not Entitled**,Not Entitled**,EBITDA (Mex$000),2026 FY,-,-,-,-,-,-,"filings/capitaliq/Estimates/Recent Changes/SPGlobal_GrupoBimbo,S.A.B.deC.V._RecentChanges_06-Oct-2026.xlsx",Recent Changes,1716
2026-10-06,2024-06-20,Not Entitled**,Not Entitled**,Target Price,Non-Periodic,-,-,-,-,-,-,"filings/capitaliq/Estimates/Recent Changes/SPGlobal_GrupoBimbo,S.A.B.deC.V._RecentChanges_06-Oct-2026.xlsx",Recent Changes,1717
2026-10-06,2024-06-20,Not Entitled**,Not Entitled**,Recommendation,Non-Periodic,-,-, ,-,-, ,"filings/capitaliq/Estimates/Recent Changes/SPGlobal_GrupoBimbo,S.A.B.deC.V._RecentChanges_06-Oct-2026.xlsx",Recent Changes,1718
2026-10-06,2024-05-29,Not Entitled**,Not Entitled**,Target Price,Non-Periodic,77,86,-10.465116500854492,82.20833,82.95833,-0.9040683507919312,"filings/capitaliq/Estimates/Recent Changes/SPGlobal_GrupoBimbo,S.A.B.deC.V._RecentChanges_06-Oct-2026.xlsx",Recent Changes,1719
2026-10-06,2024-05-02,Itau BBA,"Fuchs, Alejandro",EPS (GAAP) (Mex$),2026 FY,4.04,6.05,-33.2231,4.78889,5.29139,-9.49655950515838,"filings/capitaliq/Estimates/Recent Changes/SPGlobal_GrupoBimbo,S.A.B.deC.V._RecentChanges_06-Oct-2026.xlsx",Recent Changes,1720
2026-10-06,2024-05-02,Itau BBA,"Fuchs, Alejandro",Dividend per share (Mex$),2026 FY,1.02,2.66,-61.6541,1.33426,1.43902,-7.27995441342024,"filings/capitaliq/Estimates/Recent Changes/SPGlobal_GrupoBimbo,S.A.B.deC.V._RecentChanges_06-Oct-2026.xlsx",Recent Changes,1721
2026-10-06,2024-05-02,Itau BBA,"Fuchs, Alejandro",EPS Normalized (Mex$),2026 FY,4.04,6.05,-33.2231,4.59856,5.26856,-12.71694732526535,"filings/capitaliq/Estimates/Recent Changes/SPGlobal_GrupoBimbo,S.A.B.deC.V._RecentChanges_06-Oct-2026.xlsx",Recent Changes,1722
2026-10-06,2024-05-02,Itau BBA,"Fuchs, Alejandro",Target Price,Non-Periodic,81,110,-26.363636016845703,82.95833,85.375,-2.830652952194214,"filings/capitaliq/Estimates/Recent Changes/SPGlobal_GrupoBimbo,S.A.B.deC.V._RecentChanges_06-Oct-2026.xlsx",Recent Changes,1723
2026-10-06,2024-05-02,Itau BBA,"Fuchs, Alejandro",EBITDA (Mex$000),2026 FY,60203000,77607000,-22.4258,62626326.72,66977326.72,-6.49622822091637,"filings/capitaliq/Estimates/Recent Changes/SPGlobal_GrupoBimbo,S.A.B.deC.V._RecentChanges_06-Oct-2026.xlsx",Recent Changes,1724
2026-10-06,2024-05-02,Itau BBA,"Fuchs, Alejandro",Capital Expenditures (Mex$000),2026 FY,19000000,19614000,-3.1304,20137006.38,20705509.58,-2.74566147625332,"filings/capitaliq/Estimates/Recent Changes/SPGlobal_GrupoBimbo,S.A.B.deC.V._RecentChanges_06-Oct-2026.xlsx",Recent Changes,1725
2026-10-06,2024-05-02,Itau BBA,"Fuchs, Alejandro",EBIT (Mex$000),2026 FY,39840000,50434000,-21.0056,42305328.88,43127105.18,-1.90547521464783,"filings/capitaliq/Estimates/Recent Changes/SPGlobal_GrupoBimbo,S.A.B.deC.V._RecentChanges_06-Oct-2026.xlsx",Recent Changes,1726
2026-10-06,2024-05-02,Itau BBA,"Fuchs, Alejandro",Net Debt (Mex$000),2026 FY,77158000,39769000,94.0154,75541741.8,74733612.7,1.08134622535115,"filings/capitaliq/Estimates/Recent Changes/SPGlobal_GrupoBimbo,S.A.B.deC.V._RecentChanges_06-Oct-2026.xlsx",Recent Changes,1727
2026-10-06,2024-05-02,Itau BBA,"Fuchs, Alejandro",Interest Expense (Mex$000),2026 FY,11340000,7384000,53.5752,9520500,7701000,23.62680171406311,"filings/capitaliq/Estimates/Recent Changes/SPGlobal_GrupoBimbo,S.A.B.deC.V._RecentChanges_06-Oct-2026.xlsx",Recent Changes,1728
2026-10-06,2024-05-02,Itau BBA,"Fuchs, Alejandro",Gross Margin (%),2026 FY,52.6,54.6,-3.663,52.8,53,-0.37735849056604,"filings/capitaliq/Estimates/Recent Changes/SPGlobal_GrupoBimbo,S.A.B.deC.V._RecentChanges_06-Oct-2026.xlsx",Recent Changes,1729
2026-10-06,2024-05-02,Itau BBA,"Fuchs, Alejandro",Net Income Normalized (Mex$000),2026 FY,18077000,27066000,-33.2114,19287695.28,23782195.28,-18.89859177037251,"filings/capitaliq/Estimates/Recent Changes/SPGlobal_GrupoBimbo,S.A.B.deC.V._RecentChanges_06-Oct-2026.xlsx",Recent Changes,1730
2026-10-06,2024-05-02,Itau BBA,"Fuchs, Alejandro",Net Income (GAAP) (Mex$000),2026 FY,18077000,27066000,-33.2114,21166051.82,23413301.82,-9.5981763583655,"filings/capitaliq/Estimates/Recent Changes/SPGlobal_GrupoBimbo,S.A.B.deC.V._RecentChanges_06-Oct-2026.xlsx",Recent Changes,1731
2026-10-06,2024-05-02,Itau BBA,"Fuchs, Alejandro",Revenue (Mex$000),2026 FY,442373000,516930000,-14.423,451028490.99,469667740.99,-3.9686034132791,"filings/capitaliq/Estimates/Recent Changes/SPGlobal_GrupoBimbo,S.A.B.deC.V._RecentChanges_06-Oct-2026.xlsx",Recent Changes,1732
2026-10-06,2024-05-02,Itau BBA,"Fuchs, Alejandro","Selling, General and Administrative Expense (Mex$000)",2026 FY,192853000,231850000,-16.8199,194735000,196617000,-0.95719088379947,"filings/capitaliq/Estimates/Recent Changes/SPGlobal_GrupoBimbo,S.A.B.deC.V._RecentChanges_06-Oct-2026.xlsx",Recent Changes,1733
2026-10-06,2024-04-28,Not Entitled**,Not Entitled**,Target Price,Non-Periodic,74,79,-6.329113960266113,85.375,85.79167,-0.48567652702331543,"filings/capitaliq/Estimates/Recent Changes/SPGlobal_GrupoBimbo,S.A.B.deC.V._RecentChanges_06-Oct-2026.xlsx",Recent Changes,1734
2026-10-06,2024-04-23,Not Entitled**,Not Entitled**,EPS Normalized (Mex$),2026 FY,4.67147,4.67,0.0314,5.26856,5.26807,0.0093013190789,"filings/capitaliq/Estimates/Recent Changes/SPGlobal_GrupoBimbo,S.A.B.deC.V._RecentChanges_06-Oct-2026.xlsx",Recent Changes,1735
2026-10-06,2024-04-23,Not Entitled**,Not Entitled**,Dividend per share (Mex$),2026 FY,1.77866,1.78,-0.0752,1.43902,1.43946,-0.03056701818738,"filings/capitaliq/Estimates/Recent Changes/SPGlobal_GrupoBimbo,S.A.B.deC.V._RecentChanges_06-Oct-2026.xlsx",Recent Changes,1736
2026-10-06,2024-04-23,Not Entitled**,Not Entitled**,ROE (%),2026 FY,14.86,14.9,-0.2684,14.78752,14.80085,-0.09006239506515,"filings/capitaliq/Estimates/Recent Changes/SPGlobal_GrupoBimbo,S.A.B.deC.V._RecentChanges_06-Oct-2026.xlsx",Recent Changes,1737
2026-10-06,2024-04-23,Not Entitled**,Not Entitled**,ROA (%),2026 FY,5.052,5.1,-0.9411,5.052,5.1,-0.94117647058824,"filings/capitaliq/Estimates/Recent Changes/SPGlobal_GrupoBimbo,S.A.B.deC.V._RecentChanges_06-Oct-2026.xlsx",Recent Changes,1738
2026-10-06,2024-04-23,Not Entitled**,Not Entitled**,Revenue (Mex$000),2026 FY,449379714.16,449380000,0,469667740.99,469667812.45,-1.521500901e-05,"filings/capitaliq/Estimates/Recent Changes/SPGlobal_GrupoBimbo,S.A.B.deC.V._RecentChanges_06-Oct-2026.xlsx",Recent Changes,1739
2026-10-06,2024-04-23,Not Entitled**,Not Entitled**,Net Income Normalized (Mex$000),2026 FY,20498390.56,20498000,0.0019,23782195.28,23782000,0.00082112522076,"filings/capitaliq/Estimates/Recent Changes/SPGlobal_GrupoBimbo,S.A.B.deC.V._RecentChanges_06-Oct-2026.xlsx",Recent Changes,1740
2026-10-06,2024-04-23,Not Entitled**,Not Entitled**,Net Debt (Mex$000),2026 FY,71137286.45,71137000,0.0004,74733612.7,74733469.48,0.00019164104249,"filings/capitaliq/Estimates/Recent Changes/SPGlobal_GrupoBimbo,S.A.B.deC.V._RecentChanges_06-Oct-2026.xlsx",Recent Changes,1741
2026-10-06,2024-04-23,Not Entitled**,Not Entitled**,EBIT (Mex$000),2026 FY,40452094.57,40452000,0.0002,43127105.18,43127073.65,7.310952803e-05,"filings/capitaliq/Estimates/Recent Changes/SPGlobal_GrupoBimbo,S.A.B.deC.V._RecentChanges_06-Oct-2026.xlsx",Recent Changes,1742
2026-10-06,2024-04-23,Not Entitled**,Not Entitled**,EBT (GAAP) (Mex$000),2026 FY,33883385.67,33883000,0.0011,35358083.99,35357891.16,0.00054536623558,"filings/capitaliq/Estimates/Recent Changes/SPGlobal_GrupoBimbo,S.A.B.deC.V._RecentChanges_06-Oct-2026.xlsx",Recent Changes,1743
2026-10-06,2024-04-23,Not Entitled**,Not Entitled**,EBITDA (Mex$000),2026 FY,63995005.21,63995000,0,66977326.72,66977325.41,1.9558858e-06,"filings/capitaliq/Estimates/Recent Changes/SPGlobal_GrupoBimbo,S.A.B.deC.V._RecentChanges_06-Oct-2026.xlsx",Recent Changes,1744
2026-10-06,2024-04-22,Not Entitled**,Not Entitled**,Free Cash Flow (Mex$000),2026 FY,33263000,33987000,-2.1302,33929500,34291500,-1.05565519151976,"filings/capitaliq/Estimates/Recent Changes/SPGlobal_GrupoBimbo,S.A.B.deC.V._RecentChanges_06-Oct-2026.xlsx",Recent Changes,1745
2026-10-06,2024-04-22,Not Entitled**,Not Entitled**,EBITDA (Mex$000),2026 FY,63995000,63764663.6,0.3612,66977325.41,66919741.31,0.08604949581805,"filings/capitaliq/Estimates/Recent Changes/SPGlobal_GrupoBimbo,S.A.B.deC.V._RecentChanges_06-Oct-2026.xlsx",Recent Changes,1746
2026-10-06,2024-04-22,Not Entitled**,Not Entitled**,EBT (GAAP) (Mex$000),2026 FY,33883000,35117176.88,-3.5144,35357891.16,35974979.6,-1.71532672668979,"filings/capitaliq/Estimates/Recent Changes/SPGlobal_GrupoBimbo,S.A.B.deC.V._RecentChanges_06-Oct-2026.xlsx",Recent Changes,1747
2026-10-06,2024-04-22,Not Entitled**,Not Entitled**,EBT Normalized (Mex$000),2026 FY,33883000,35117000,-3.5139,35353791.36,35970791.36,-1.71528058369634,"filings/capitaliq/Estimates/Recent Changes/SPGlobal_GrupoBimbo,S.A.B.deC.V._RecentChanges_06-Oct-2026.xlsx",Recent Changes,1748
2026-10-06,2024-04-22,Not Entitled**,Not Entitled**,Depreciation & Amortization (Mex$000),2026 FY,23543000,22093000,6.5631,23543000,22093000,6.56316480333137,"filings/capitaliq/Estimates/Recent Changes/SPGlobal_GrupoBimbo,S.A.B.deC.V._RecentChanges_06-Oct-2026.xlsx",Recent Changes,1749
2026-10-06,2024-04-22,Not Entitled**,Not Entitled**,Cash From Operations (Mex$000),2026 FY,43813000,44632000,-1.835,43813000,44632000,-1.83500627352572,"filings/capitaliq/Estimates/Recent Changes/SPGlobal_GrupoBimbo,S.A.B.deC.V._RecentChanges_06-Oct-2026.xlsx",Recent Changes,1750
2026-10-06,2024-04-22,Not Entitled**,Not Entitled**,Capital Expenditures (Mex$000),2026 FY,15651000,15580000,0.4557,20705509.58,20670009.58,0.17174641290128,"filings/capitaliq/Estimates/Recent Changes/SPGlobal_GrupoBimbo,S.A.B.deC.V._RecentChanges_06-Oct-2026.xlsx",Recent Changes,1751
2026-10-06,2024-04-22,Not Entitled**,Not Entitled**,EBIT (Mex$000),2026 FY,40452000,41671470.13,-2.9263,43127073.65,43533563.7,-0.93373943103123,"filings/capitaliq/Estimates/Recent Changes/SPGlobal_GrupoBimbo,S.A.B.deC.V._RecentChanges_06-Oct-2026.xlsx",Recent Changes,1752
2026-10-06,2024-04-22,Not Entitled**,Not Entitled**,Net Debt (Mex$000),2026 FY,71137000,68166526.98,4.3576,74733469.48,73248232.96,2.02767556291914,"filings/capitaliq/Estimates/Recent Changes/SPGlobal_GrupoBimbo,S.A.B.deC.V._RecentChanges_06-Oct-2026.xlsx",Recent Changes,1753
2026-10-06,2024-04-22,Not Entitled**,Not Entitled**,Interest Expense (Mex$000),2026 FY,7701000,7366000,4.5479,7701000,7366000,4.54792288894923,"filings/capitaliq/Estimates/Recent Changes/SPGlobal_GrupoBimbo,S.A.B.deC.V._RecentChanges_06-Oct-2026.xlsx",Recent Changes,1754
2026-10-06,2024-04-22,Not Entitled**,Not Entitled**,Net Income Normalized (Mex$000),2026 FY,20498000,21646227.83,-5.3045,23782000,24356113.92,-2.35716552273377,"filings/capitaliq/Estimates/Recent Changes/SPGlobal_GrupoBimbo,S.A.B.deC.V._RecentChanges_06-Oct-2026.xlsx",Recent Changes,1755
2026-10-06,2024-04-22,Not Entitled**,Not Entitled**,Net Income (GAAP) (Mex$000),2026 FY,20498000,21646000,-5.3035,23413301.82,23700301.82,-1.21095504259701,"filings/capitaliq/Estimates/Recent Changes/SPGlobal_GrupoBimbo,S.A.B.deC.V._RecentChanges_06-Oct-2026.xlsx",Recent Changes,1756
2026-10-06,2024-04-22,Not Entitled**,Not Entitled**,Revenue (Mex$000),2026 FY,449380000,447772914.81,0.3589,469667812.45,469266041.16,0.08561695387266,"filings/capitaliq/Estimates/Recent Changes/SPGlobal_GrupoBimbo,S.A.B.deC.V._RecentChanges_06-Oct-2026.xlsx",Recent Changes,1757
2026-10-06,2024-04-22,Not Entitled**,Not Entitled**,ROA (%),2026 FY,5.1,5.562,-8.3063,5.1,5.562,-8.30636461704423,"filings/capitaliq/Estimates/Recent Changes/SPGlobal_GrupoBimbo,S.A.B.deC.V._RecentChanges_06-Oct-2026.xlsx",Recent Changes,1758
2026-10-06,2024-04-22,Not Entitled**,Not Entitled**,"Selling, General and Administrative Expense (Mex$000)",2026 FY,196617000,195471000,0.5862,196617000,195471000,0.58627622511779,"filings/capitaliq/Estimates/Recent Changes/SPGlobal_GrupoBimbo,S.A.B.deC.V._RecentChanges_06-Oct-2026.xlsx",Recent Changes,1759
2026-10-06,2024-04-22,Not Entitled**,Not Entitled**,ROE (%),2026 FY,14.9,15.683,-4.9926,14.80085,15.06185,-1.73285486178657,"filings/capitaliq/Estimates/Recent Changes/SPGlobal_GrupoBimbo,S.A.B.deC.V._RecentChanges_06-Oct-2026.xlsx",Recent Changes,1760
2026-10-06,2024-04-22,Not Entitled**,Not Entitled**,Effective Tax Rate (%),2026 FY,33.8,33,2.4242,33.8,33,2.42424242424242,"filings/capitaliq/Estimates/Recent Changes/SPGlobal_GrupoBimbo,S.A.B.deC.V._RecentChanges_06-Oct-2026.xlsx",Recent Changes,1761
2026-10-06,2024-04-22,Not Entitled**,Not Entitled**,Dividend per share (Mex$),2026 FY,1.78,1.9158,-7.0884,1.43946,1.48473,-3.04903921925199,"filings/capitaliq/Estimates/Recent Changes/SPGlobal_GrupoBimbo,S.A.B.deC.V._RecentChanges_06-Oct-2026.xlsx",Recent Changes,1762
2026-10-06,2024-04-22,Not Entitled**,Not Entitled**,EPS Normalized (Mex$),2026 FY,4.67,4.83707,-3.4539,5.26807,5.32376,-1.04606518701068,"filings/capitaliq/Estimates/Recent Changes/SPGlobal_GrupoBimbo,S.A.B.deC.V._RecentChanges_06-Oct-2026.xlsx",Recent Changes,1763
2026-10-06,2024-04-22,Not Entitled**,Not Entitled**,EPS (GAAP) (Mex$),2026 FY,4.67,4.84,-3.5123,5.29139,5.33389,-0.79679183485224,"filings/capitaliq/Estimates/Recent Changes/SPGlobal_GrupoBimbo,S.A.B.deC.V._RecentChanges_06-Oct-2026.xlsx",Recent Changes,1764
2026-10-06,2024-04-22,Not Entitled**,Not Entitled**,Avg. Diluted Shares Outstanding,2026 FY,4388000,4475000,-1.9441,4388000,4475000,-1.94413407821229,"filings/capitaliq/Estimates/Recent Changes/SPGlobal_GrupoBimbo,S.A.B.deC.V._RecentChanges_06-Oct-2026.xlsx",Recent Changes,1765
2026-10-06,2024-04-22,Not Entitled**,Not Entitled**,Target Price,Non-Periodic,65,74,-12.162161827087402,85.79167,86.54167,-0.8666345477104187,"filings/capitaliq/Estimates/Recent Changes/SPGlobal_GrupoBimbo,S.A.B.deC.V._RecentChanges_06-Oct-2026.xlsx",Recent Changes,1766
2026-10-06,2024-04-22,Not Entitled**,Not Entitled**,Recommendation,Non-Periodic,Underperform (4),Hold (3), ,Hold (3.00),Hold (2.92), ,"filings/capitaliq/Estimates/Recent Changes/SPGlobal_GrupoBimbo,S.A.B.deC.V._RecentChanges_06-Oct-2026.xlsx",Recent Changes,1767
2026-10-06,2024-04-19,Itau BBA,"Fuchs, Alejandro",Free Cash Flow (Mex$000),2026 FY,34596000,23994000,44.186,34291500,33987000,0.89593079706947,"filings/capitaliq/Estimates/Recent Changes/SPGlobal_GrupoBimbo,S.A.B.deC.V._RecentChanges_06-Oct-2026.xlsx",Recent Changes,1768
2026-10-06,2024-04-09,Santander,"Alanis, Alan",Target Price,Non-Periodic,84,96,-12.5,86.54167,87.54167,-1.1423131227493286,"filings/capitaliq/Estimates/Recent Changes/SPGlobal_GrupoBimbo,S.A.B.deC.V._RecentChanges_06-Oct-2026.xlsx",Recent Changes,1769
2026-10-06,2024-04-03,Not Entitled**,Not Entitled**,EPS Normalized (Mex$),2026 FY,4.83707,4.84,-0.0605,4.96064,4.9621,-0.02942302654118,"filings/capitaliq/Estimates/Recent Changes/SPGlobal_GrupoBimbo,S.A.B.deC.V._RecentChanges_06-Oct-2026.xlsx",Recent Changes,1770
2026-10-06,2024-04-03,Not Entitled**,Not Entitled**,Dividend per share (Mex$),2026 FY,1.9158,1.92,-0.2187,1.48473,1.48613,-0.09420441011217,"filings/capitaliq/Estimates/Recent Changes/SPGlobal_GrupoBimbo,S.A.B.deC.V._RecentChanges_06-Oct-2026.xlsx",Recent Changes,1771
2026-10-06,2024-04-03,Not Entitled**,Not Entitled**,ROE (%),2026 FY,15.683,15.7,-0.1082,15.06185,15.06752,-0.03763061207153,"filings/capitaliq/Estimates/Recent Changes/SPGlobal_GrupoBimbo,S.A.B.deC.V._RecentChanges_06-Oct-2026.xlsx",Recent Changes,1772
2026-10-06,2024-04-03,Not Entitled**,Not Entitled**,ROA (%),2026 FY,5.562,5.6,-0.6785,5.562,5.6,-0.67857142857143,"filings/capitaliq/Estimates/Recent Changes/SPGlobal_GrupoBimbo,S.A.B.deC.V._RecentChanges_06-Oct-2026.xlsx",Recent Changes,1773
2026-10-06,2024-04-03,Not Entitled**,Not Entitled**,Revenue (Mex$000),2026 FY,447772914.81,447773000,0,453378054.87,453378083.27,-6.26408753e-06,"filings/capitaliq/Estimates/Recent Changes/SPGlobal_GrupoBimbo,S.A.B.deC.V._RecentChanges_06-Oct-2026.xlsx",Recent Changes,1774
2026-10-06,2024-04-03,Not Entitled**,Not Entitled**,Net Income Normalized (Mex$000),2026 FY,21646227.83,21646000,0.001,21646227.83,21646000,0.00105252702578,"filings/capitaliq/Estimates/Recent Changes/SPGlobal_GrupoBimbo,S.A.B.deC.V._RecentChanges_06-Oct-2026.xlsx",Recent Changes,1775
2026-10-06,2024-04-03,Not Entitled**,Not Entitled**,Net Debt (Mex$000),2026 FY,68166526.98,68167000,-0.0006,73248232.96,73248469.48,-0.0003229009448,"filings/capitaliq/Estimates/Recent Changes/SPGlobal_GrupoBimbo,S.A.B.deC.V._RecentChanges_06-Oct-2026.xlsx",Recent Changes,1776
2026-10-06,2024-04-03,Not Entitled**,Not Entitled**,EBIT (Mex$000),2026 FY,41671470.13,41671000,0.0011,43533563.7,43533406.99,0.00035997642003,"filings/capitaliq/Estimates/Recent Changes/SPGlobal_GrupoBimbo,S.A.B.deC.V._RecentChanges_06-Oct-2026.xlsx",Recent Changes,1777
2026-10-06,2024-04-03,Not Entitled**,Not Entitled**,EBT (GAAP) (Mex$000),2026 FY,35117176.88,35117000,0.0005,35974979.6,35974891.16,0.00024583813084,"filings/capitaliq/Estimates/Recent Changes/SPGlobal_GrupoBimbo,S.A.B.deC.V._RecentChanges_06-Oct-2026.xlsx",Recent Changes,1778
2026-10-06,2024-04-03,Not Entitled**,Not Entitled**,EBITDA (Mex$000),2026 FY,63764663.6,63765000,-0.0005,63357321.75,63357433.88,-0.00017698002134,"filings/capitaliq/Estimates/Recent Changes/SPGlobal_GrupoBimbo,S.A.B.deC.V._RecentChanges_06-Oct-2026.xlsx",Recent Changes,1779
2026-10-06,2024-04-02,Not Entitled**,Not Entitled**,EBITDA (Mex$000),2026 FY,-,-,-,-,-,-,"filings/capitaliq/Estimates/Recent Changes/SPGlobal_GrupoBimbo,S.A.B.deC.V._RecentChanges_06-Oct-2026.xlsx",Recent Changes,1780
2026-10-06,2024-04-02,Not Entitled**,Not Entitled**,EBT Normalized (Mex$000),2026 FY,-,-,-,-,-,-,"filings/capitaliq/Estimates/Recent Changes/SPGlobal_GrupoBimbo,S.A.B.deC.V._RecentChanges_06-Oct-2026.xlsx",Recent Changes,1781
2026-10-06,2024-04-02,Not Entitled**,Not Entitled**,EBIT (Mex$000),2026 FY,-,-,-,-,-,-,"filings/capitaliq/Estimates/Recent Changes/SPGlobal_GrupoBimbo,S.A.B.deC.V._RecentChanges_06-Oct-2026.xlsx",Recent Changes,1782
2026-10-06,2024-04-02,Not Entitled**,Not Entitled**,Net Income (GAAP) (Mex$000),2026 FY,-,-,-,-,-,-,"filings/capitaliq/Estimates/Recent Changes/SPGlobal_GrupoBimbo,S.A.B.deC.V._RecentChanges_06-Oct-2026.xlsx",Recent Changes,1783
2026-10-06,2024-04-02,Not Entitled**,Not Entitled**,Revenue (Mex$000),2026 FY,-,-,-,-,-,-,"filings/capitaliq/Estimates/Recent Changes/SPGlobal_GrupoBimbo,S.A.B.deC.V._RecentChanges_06-Oct-2026.xlsx",Recent Changes,1784
2026-10-06,2024-04-02,Not Entitled**,Not Entitled**,ROE (%),2026 FY,-,-,-,-,-,-,"filings/capitaliq/Estimates/Recent Changes/SPGlobal_GrupoBimbo,S.A.B.deC.V._RecentChanges_06-Oct-2026.xlsx",Recent Changes,1785
2026-10-06,2024-04-02,Not Entitled**,Not Entitled**,Target Price,Non-Periodic,-,-,-,-,-,-,"filings/capitaliq/Estimates/Recent Changes/SPGlobal_GrupoBimbo,S.A.B.deC.V._RecentChanges_06-Oct-2026.xlsx",Recent Changes,1786
2026-10-06,2024-04-02,Not Entitled**,Not Entitled**,EPS (GAAP) (Mex$),2026 FY,-,-,-,-,-,-,"filings/capitaliq/Estimates/Recent Changes/SPGlobal_GrupoBimbo,S.A.B.deC.V._RecentChanges_06-Oct-2026.xlsx",Recent Changes,1787
2026-10-06,2024-04-02,Not Entitled**,Not Entitled**,EPS (GAAP) (Mex$),2026 FY,4.84,NA,NA,5.17697,5.34546,-3.15202059317627,"filings/capitaliq/Estimates/Recent Changes/SPGlobal_GrupoBimbo,S.A.B.deC.V._RecentChanges_06-Oct-2026.xlsx",Recent Changes,1788
2026-10-06,2024-04-02,Not Entitled**,Not Entitled**,Avg. Diluted Shares Outstanding,2026 FY,4475000,NA,NA,4475000,NA,NA,"filings/capitaliq/Estimates/Recent Changes/SPGlobal_GrupoBimbo,S.A.B.deC.V._RecentChanges_06-Oct-2026.xlsx",Recent Changes,1789
2026-10-06,2024-04-02,Not Entitled**,Not Entitled**,Dividend per share (Mex$),2026 FY,1.92,NA,NA,1.48613,1.2692,17.09186889379136,"filings/capitaliq/Estimates/Recent Changes/SPGlobal_GrupoBimbo,S.A.B.deC.V._RecentChanges_06-Oct-2026.xlsx",Recent Changes,1790
2026-10-06,2024-04-02,Not Entitled**,Not Entitled**,EPS Normalized (Mex$),2026 FY,4.84,NA,NA,4.9621,5.0842,-2.40155776720035,"filings/capitaliq/Estimates/Recent Changes/SPGlobal_GrupoBimbo,S.A.B.deC.V._RecentChanges_06-Oct-2026.xlsx",Recent Changes,1791
2026-10-06,2024-04-02,Not Entitled**,Not Entitled**,Effective Tax Rate (%),2026 FY,33,NA,NA,33,35,-5.71428571428571,"filings/capitaliq/Estimates/Recent Changes/SPGlobal_GrupoBimbo,S.A.B.deC.V._RecentChanges_06-Oct-2026.xlsx",Recent Changes,1792
2026-10-06,2024-04-02,Not Entitled**,Not Entitled**,Target Price,Non-Periodic,74,88,-15.909090995788574,87.95833,89.125,-1.3090265989303589,"filings/capitaliq/Estimates/Recent Changes/SPGlobal_GrupoBimbo,S.A.B.deC.V._RecentChanges_06-Oct-2026.xlsx",Recent Changes,1793
2026-10-06,2024-04-02,Not Entitled**,Not Entitled**,ROE (%),2026 FY,15.7,NA,NA,15.16752,14.90128,1.78669214993611,"filings/capitaliq/Estimates/Recent Changes/SPGlobal_GrupoBimbo,S.A.B.deC.V._RecentChanges_06-Oct-2026.xlsx",Recent Changes,1794
2026-10-06,2024-04-02,Not Entitled**,Not Entitled**,"Selling, General and Administrative Expense (Mex$000)",2026 FY,195471000,NA,NA,195471000,231850000,-15.69074832866077,"filings/capitaliq/Estimates/Recent Changes/SPGlobal_GrupoBimbo,S.A.B.deC.V._RecentChanges_06-Oct-2026.xlsx",Recent Changes,1795
2026-10-06,2024-04-02,Not Entitled**,Not Entitled**,ROA (%),2026 FY,5.6,NA,NA,5.6,NA,NA,"filings/capitaliq/Estimates/Recent Changes/SPGlobal_GrupoBimbo,S.A.B.deC.V._RecentChanges_06-Oct-2026.xlsx",Recent Changes,1796
2026-10-06,2024-04-02,Not Entitled**,Not Entitled**,Revenue (Mex$000),2026 FY,447773000,NA,NA,458094748.52,463255622.78,-1.11404460220678,"filings/capitaliq/Estimates/Recent Changes/SPGlobal_GrupoBimbo,S.A.B.deC.V._RecentChanges_06-Oct-2026.xlsx",Recent Changes,1797
2026-10-06,2024-04-02,Not Entitled**,Not Entitled**,Net Income (GAAP) (Mex$000),2026 FY,21646000,NA,NA,22937621.65,23583432.48,-2.73840896802313,"filings/capitaliq/Estimates/Recent Changes/SPGlobal_GrupoBimbo,S.A.B.deC.V._RecentChanges_06-Oct-2026.xlsx",Recent Changes,1798
2026-10-06,2024-04-02,Not Entitled**,Not Entitled**,Net Income Normalized (Mex$000),2026 FY,21646000,NA,NA,21646000,27066000,-20.02512377152147,"filings/capitaliq/Estimates/Recent Changes/SPGlobal_GrupoBimbo,S.A.B.deC.V._RecentChanges_06-Oct-2026.xlsx",Recent Changes,1799
2026-10-06,2024-04-02,Not Entitled**,Not Entitled**,Net Debt (Mex$000),2026 FY,68167000,NA,NA,73248469.48,78329938.95,-6.48726341181452,"filings/capitaliq/Estimates/Recent Changes/SPGlobal_GrupoBimbo,S.A.B.deC.V._RecentChanges_06-Oct-2026.xlsx",Recent Changes,1800
2026-10-06,2024-04-02,Not Entitled**,Not Entitled**,Interest Expense (Mex$000),2026 FY,7366000,NA,NA,7366000,7384000,-0.24377031419285,"filings/capitaliq/Estimates/Recent Changes/SPGlobal_GrupoBimbo,S.A.B.deC.V._RecentChanges_06-Oct-2026.xlsx",Recent Changes,1801
2026-10-06,2024-04-02,Not Entitled**,Not Entitled**,Gross Margin (%),2026 FY,53,NA,NA,53,54.6,-2.93040293040293,"filings/capitaliq/Estimates/Recent Changes/SPGlobal_GrupoBimbo,S.A.B.deC.V._RecentChanges_06-Oct-2026.xlsx",Recent Changes,1802
2026-10-06,2024-04-02,Not Entitled**,Not Entitled**,EBIT (Mex$000),2026 FY,41671000,NA,NA,43994319.06,45155978.59,-2.57254867743527,"filings/capitaliq/Estimates/Recent Changes/SPGlobal_GrupoBimbo,S.A.B.deC.V._RecentChanges_06-Oct-2026.xlsx",Recent Changes,1803
2026-10-06,2024-04-02,Not Entitled**,Not Entitled**,EBT Normalized (Mex$000),2026 FY,35117000,NA,NA,36723183.92,38329367.83,-4.19047847886199,"filings/capitaliq/Estimates/Recent Changes/SPGlobal_GrupoBimbo,S.A.B.deC.V._RecentChanges_06-Oct-2026.xlsx",Recent Changes,1804
2026-10-06,2024-04-02,Not Entitled**,Not Entitled**,Depreciation & Amortization (Mex$000),2026 FY,22093000,NA,NA,22093000,21235000,4.04049917588886,"filings/capitaliq/Estimates/Recent Changes/SPGlobal_GrupoBimbo,S.A.B.deC.V._RecentChanges_06-Oct-2026.xlsx",Recent Changes,1805
2026-10-06,2024-04-02,Not Entitled**,Not Entitled**,EBT (GAAP) (Mex$000),2026 FY,35117000,NA,NA,35974891.16,36832782.31,-2.32915108823339,"filings/capitaliq/Estimates/Recent Changes/SPGlobal_GrupoBimbo,S.A.B.deC.V._RecentChanges_06-Oct-2026.xlsx",Recent Changes,1806
2026-10-06,2024-04-02,Not Entitled**,Not Entitled**,Capital Expenditures (Mex$000),2026 FY,15580000,NA,NA,20670009.58,25760019.15,-19.7593392317024,"filings/capitaliq/Estimates/Recent Changes/SPGlobal_GrupoBimbo,S.A.B.deC.V._RecentChanges_06-Oct-2026.xlsx",Recent Changes,1807
2026-10-06,2024-04-02,Not Entitled**,Not Entitled**,Cash From Operations (Mex$000),2026 FY,44632000,NA,NA,44632000,48551000,-8.07192436819015,"filings/capitaliq/Estimates/Recent Changes/SPGlobal_GrupoBimbo,S.A.B.deC.V._RecentChanges_06-Oct-2026.xlsx",Recent Changes,1808
2026-10-06,2024-04-02,Not Entitled**,Not Entitled**,EBITDA (Mex$000),2026 FY,63765000,NA,NA,63923030.04,64002045.06,-0.12345702379655,"filings/capitaliq/Estimates/Recent Changes/SPGlobal_GrupoBimbo,S.A.B.deC.V._RecentChanges_06-Oct-2026.xlsx",Recent Changes,1809
2026-10-06,2024-04-02,Not Entitled**,Not Entitled**,Free Cash Flow (Mex$000),2026 FY,33987000,NA,NA,33987000,27267000,24.64517548685224,"filings/capitaliq/Estimates/Recent Changes/SPGlobal_GrupoBimbo,S.A.B.deC.V._RecentChanges_06-Oct-2026.xlsx",Recent Changes,1810
2026-10-06,2024-03-25,Not Entitled**,Not Entitled**,EBITDA (Mex$000),2026 FY,-,-,-,-,-,-,"filings/capitaliq/Estimates/Recent Changes/SPGlobal_GrupoBimbo,S.A.B.deC.V._RecentChanges_06-Oct-2026.xlsx",Recent Changes,1811
2026-10-06,2024-03-25,Not Entitled**,Not Entitled**,EBT Normalized (Mex$000),2026 FY,-,-,-,-,-,-,"filings/capitaliq/Estimates/Recent Changes/SPGlobal_GrupoBimbo,S.A.B.deC.V._RecentChanges_06-Oct-2026.xlsx",Recent Changes,1812
2026-10-06,2024-03-25,Not Entitled**,Not Entitled**,EBIT (Mex$000),2026 FY,-,-,-,-,-,-,"filings/capitaliq/Estimates/Recent Changes/SPGlobal_GrupoBimbo,S.A.B.deC.V._RecentChanges_06-Oct-2026.xlsx",Recent Changes,1813
2026-10-06,2024-03-25,Not Entitled**,Not Entitled**,Net Income (GAAP) (Mex$000),2026 FY,-,-,-,-,-,-,"filings/capitaliq/Estimates/Recent Changes/SPGlobal_GrupoBimbo,S.A.B.deC.V._RecentChanges_06-Oct-2026.xlsx",Recent Changes,1814
2026-10-06,2024-03-25,Not Entitled**,Not Entitled**,Revenue (Mex$000),2026 FY,-,-,-,-,-,-,"filings/capitaliq/Estimates/Recent Changes/SPGlobal_GrupoBimbo,S.A.B.deC.V._RecentChanges_06-Oct-2026.xlsx",Recent Changes,1815
2026-10-06,2024-03-25,Not Entitled**,Not Entitled**,ROE (%),2026 FY,-,-,-,-,-,-,"filings/capitaliq/Estimates/Recent Changes/SPGlobal_GrupoBimbo,S.A.B.deC.V._RecentChanges_06-Oct-2026.xlsx",Recent Changes,1816
2026-10-06,2024-03-25,Not Entitled**,Not Entitled**,Dividend per share (Mex$),2026 FY,-,-,-,-,-,-,"filings/capitaliq/Estimates/Recent Changes/SPGlobal_GrupoBimbo,S.A.B.deC.V._RecentChanges_06-Oct-2026.xlsx",Recent Changes,1817
2026-10-06,2024-03-25,Not Entitled**,Not Entitled**,EPS (GAAP) (Mex$),2026 FY,-,-,-,-,-,-,"filings/capitaliq/Estimates/Recent Changes/SPGlobal_GrupoBimbo,S.A.B.deC.V._RecentChanges_06-Oct-2026.xlsx",Recent Changes,1818
2026-10-06,2024-03-12,Not Entitled**,Not Entitled**,EPS (GAAP) (Mex$),2026 FY,5.0842,NA,NA,5.0842,6.05,-15.96363636363636,"filings/capitaliq/Estimates/Recent Changes/SPGlobal_GrupoBimbo,S.A.B.deC.V._RecentChanges_06-Oct-2026.xlsx",Recent Changes,1819
2026-10-06,2024-03-12,Not Entitled**,Not Entitled**,Target Price,Non-Periodic,80,76,5.263157844543457,89.125,88.79167,0.37540683150291443,"filings/capitaliq/Estimates/Recent Changes/SPGlobal_GrupoBimbo,S.A.B.deC.V._RecentChanges_06-Oct-2026.xlsx",Recent Changes,1820
2026-10-06,2024-03-12,Not Entitled**,Not Entitled**,Book Value per share (Mex$),2026 FY,36.32698,NA,NA,36.32698,NA,NA,"filings/capitaliq/Estimates/Recent Changes/SPGlobal_GrupoBimbo,S.A.B.deC.V._RecentChanges_06-Oct-2026.xlsx",Recent Changes,1821
2026-10-06,2024-03-12,Not Entitled**,Not Entitled**,Cash flow per share (Mex$),2026 FY,10.02384,NA,NA,10.02384,NA,NA,"filings/capitaliq/Estimates/Recent Changes/SPGlobal_GrupoBimbo,S.A.B.deC.V._RecentChanges_06-Oct-2026.xlsx",Recent Changes,1822
2026-10-06,2024-03-12,Not Entitled**,Not Entitled**,Dividend per share (Mex$),2026 FY,1.52526,NA,NA,1.52526,2.66,-42.6593984962406,"filings/capitaliq/Estimates/Recent Changes/SPGlobal_GrupoBimbo,S.A.B.deC.V._RecentChanges_06-Oct-2026.xlsx",Recent Changes,1823
2026-10-06,2024-03-12,Not Entitled**,Not Entitled**,EPS Normalized (Mex$),2026 FY,5.0842,NA,NA,5.0842,6.05,-15.96363636363636,"filings/capitaliq/Estimates/Recent Changes/SPGlobal_GrupoBimbo,S.A.B.deC.V._RecentChanges_06-Oct-2026.xlsx",Recent Changes,1824
2026-10-06,2024-03-12,Not Entitled**,Not Entitled**,TEV (Mex$000),2026 FY,377433331.85,NA,NA,377433331.85,NA,NA,"filings/capitaliq/Estimates/Recent Changes/SPGlobal_GrupoBimbo,S.A.B.deC.V._RecentChanges_06-Oct-2026.xlsx",Recent Changes,1825
2026-10-06,2024-03-12,Not Entitled**,Not Entitled**,ROE (%),2026 FY,14.71655,NA,NA,14.71655,NA,NA,"filings/capitaliq/Estimates/Recent Changes/SPGlobal_GrupoBimbo,S.A.B.deC.V._RecentChanges_06-Oct-2026.xlsx",Recent Changes,1826
2026-10-06,2024-03-12,Not Entitled**,Not Entitled**,Revenue (Mex$000),2026 FY,448000333.04,NA,NA,448000333.04,516930000,-13.33442960555588,"filings/capitaliq/Estimates/Recent Changes/SPGlobal_GrupoBimbo,S.A.B.deC.V._RecentChanges_06-Oct-2026.xlsx",Recent Changes,1827
2026-10-06,2024-03-12,Not Entitled**,Not Entitled**,Net Income (GAAP) (Mex$000),2026 FY,22541662.77,NA,NA,22541662.77,27066000,-16.71594336067391,"filings/capitaliq/Estimates/Recent Changes/SPGlobal_GrupoBimbo,S.A.B.deC.V._RecentChanges_06-Oct-2026.xlsx",Recent Changes,1828
2026-10-06,2024-03-12,Not Entitled**,Not Entitled**,Net Debt (Mex$000),2026 FY,78329938.95,NA,NA,78329938.95,39769000,96.9623046845533,"filings/capitaliq/Estimates/Recent Changes/SPGlobal_GrupoBimbo,S.A.B.deC.V._RecentChanges_06-Oct-2026.xlsx",Recent Changes,1829
2026-10-06,2024-03-12,Not Entitled**,Not Entitled**,EBIT (Mex$000),2026 FY,45614749.11,NA,NA,45614749.11,50434000,-9.55555952333743,"filings/capitaliq/Estimates/Recent Changes/SPGlobal_GrupoBimbo,S.A.B.deC.V._RecentChanges_06-Oct-2026.xlsx",Recent Changes,1830
2026-10-06,2024-03-12,Not Entitled**,Not Entitled**,Capital Expenditures (Mex$000),2026 FY,25760019.15,NA,NA,25760019.15,19614000,31.3348585194249,"filings/capitaliq/Estimates/Recent Changes/SPGlobal_GrupoBimbo,S.A.B.deC.V._RecentChanges_06-Oct-2026.xlsx",Recent Changes,1831
2026-10-06,2024-03-12,Not Entitled**,Not Entitled**,EBT (GAAP) (Mex$000),2026 FY,36832782.31,NA,NA,36832782.31,NA,NA,"filings/capitaliq/Estimates/Recent Changes/SPGlobal_GrupoBimbo,S.A.B.deC.V._RecentChanges_06-Oct-2026.xlsx",Recent Changes,1832
2026-10-06,2024-03-12,Not Entitled**,Not Entitled**,EBITDA (Mex$000),2026 FY,65014203.24,NA,NA,65014203.24,77607000,-16.22636715760176,"filings/capitaliq/Estimates/Recent Changes/SPGlobal_GrupoBimbo,S.A.B.deC.V._RecentChanges_06-Oct-2026.xlsx",Recent Changes,1833
2026-10-06,2024-03-04,Not Entitled**,Not Entitled**,Target Price,Non-Periodic,79,84,-5.952381134033203,88.79167,89.20833,-0.4670639932155609,"filings/capitaliq/Estimates/Recent Changes/SPGlobal_GrupoBimbo,S.A.B.deC.V._RecentChanges_06-Oct-2026.xlsx",Recent Changes,1834
2026-10-06,2024-02-22,Not Entitled**,Not Entitled**,Target Price,Non-Periodic,84,108,-22.22222137451172,89.20833,91.20833,-2.192782163619995,"filings/capitaliq/Estimates/Recent Changes/SPGlobal_GrupoBimbo,S.A.B.deC.V._RecentChanges_06-Oct-2026.xlsx",Recent Changes,1835
2026-10-06,2024-02-21,Not Entitled**,Not Entitled**,Recommendation,Non-Periodic,Hold (3),Buy (1), ,Hold (2.92),Hold (2.75), ,"filings/capitaliq/Estimates/Recent Changes/SPGlobal_GrupoBimbo,S.A.B.deC.V._RecentChanges_06-Oct-2026.xlsx",Recent Changes,1836
2026-10-06,2024-02-21,Not Entitled**,Not Entitled**,Target Price,Non-Periodic,86,103,-16.504854202270508,91.20833,92.625,-1.529468297958374,"filings/capitaliq/Estimates/Recent Changes/SPGlobal_GrupoBimbo,S.A.B.deC.V._RecentChanges_06-Oct-2026.xlsx",Recent Changes,1837
2026-10-06,2024-02-21,Not Entitled**,Not Entitled**,Recommendation,Non-Periodic,Hold (3),Outperform (2), ,Hold (2.75),Hold (2.67), ,"filings/capitaliq/Estimates/Recent Changes/SPGlobal_GrupoBimbo,S.A.B.deC.V._RecentChanges_06-Oct-2026.xlsx",Recent Changes,1838
2026-10-06,2024-02-20,Not Entitled**,Not Entitled**,Target Price,Non-Periodic,80,84,-4.761904716491699,92.625,92.95833,-0.3585800230503082,"filings/capitaliq/Estimates/Recent Changes/SPGlobal_GrupoBimbo,S.A.B.deC.V._RecentChanges_06-Oct-2026.xlsx",Recent Changes,1839
2026-10-06,2024-02-06,Not Entitled**,Not Entitled**,Target Price,Non-Periodic,84,85,-1.1764706373214722,92.95833,93.04167,-0.08957277238368988,"filings/capitaliq/Estimates/Recent Changes/SPGlobal_GrupoBimbo,S.A.B.deC.V._RecentChanges_06-Oct-2026.xlsx",Recent Changes,1840
2026-10-06,2024-01-29,Not Entitled**,Not Entitled**,Target Price,Non-Periodic,76,82,-7.317073345184326,93.04167,93.54167,-0.5345211625099182,"filings/capitaliq/Estimates/Recent Changes/SPGlobal_GrupoBimbo,S.A.B.deC.V._RecentChanges_06-Oct-2026.xlsx",Recent Changes,1841
2026-10-06,2024-01-22,Not Entitled**,Not Entitled**,Target Price,Non-Periodic,-,-,-,-,-,-,"filings/capitaliq/Estimates/Recent Changes/SPGlobal_GrupoBimbo,S.A.B.deC.V._RecentChanges_06-Oct-2026.xlsx",Recent Changes,1842
2026-10-06,2024-01-21,Not Entitled**,Not Entitled**,Target Price,Non-Periodic,88,86,2.3255813121795654,94.29167,94.125,0.17707304656505585,"filings/capitaliq/Estimates/Recent Changes/SPGlobal_GrupoBimbo,S.A.B.deC.V._RecentChanges_06-Oct-2026.xlsx",Recent Changes,1843
2026-10-06,2024-01-21,Not Entitled**,Not Entitled**,Target Price,Non-Periodic,84,91,-7.692307472229004,94.125,94.70833,-0.6159225702285767,"filings/capitaliq/Estimates/Recent Changes/SPGlobal_GrupoBimbo,S.A.B.deC.V._RecentChanges_06-Oct-2026.xlsx",Recent Changes,1844
2026-10-06,2024-01-21,Not Entitled**,Not Entitled**,Recommendation,Non-Periodic,Hold (3),Outperform (2), ,Hold (2.67),Hold (2.58), ,"filings/capitaliq/Estimates/Recent Changes/SPGlobal_GrupoBimbo,S.A.B.deC.V._RecentChanges_06-Oct-2026.xlsx",Recent Changes,1845
2026-10-06,2023-12-06,Not Entitled**,Not Entitled**,Target Price,Non-Periodic,108,107,0.9345794320106506,95.13636,95.04545,0.09564897418022156,"filings/capitaliq/Estimates/Recent Changes/SPGlobal_GrupoBimbo,S.A.B.deC.V._RecentChanges_06-Oct-2026.xlsx",Recent Changes,1846
2026-10-06,2023-11-21,Santander,"Alanis, Alan",Target Price,Non-Periodic,96,107,-10.280373573303223,95.04545,96.04545,-1.0411736965179443,"filings/capitaliq/Estimates/Recent Changes/SPGlobal_GrupoBimbo,S.A.B.deC.V._RecentChanges_06-Oct-2026.xlsx",Recent Changes,1847
2026-10-06,2023-11-15,Not Entitled**,Not Entitled**,Target Price,Non-Periodic,103,119,-13.445378303527832,96.04545,97.5,-1.4918462038040161,"filings/capitaliq/Estimates/Recent Changes/SPGlobal_GrupoBimbo,S.A.B.deC.V._RecentChanges_06-Oct-2026.xlsx",Recent Changes,1848
2026-10-06,2023-11-01,Not Entitled**,Not Entitled**,Target Price,Non-Periodic,86,92,-6.5217390060424805,97.5,98.04545,-0.5563236474990845,"filings/capitaliq/Estimates/Recent Changes/SPGlobal_GrupoBimbo,S.A.B.deC.V._RecentChanges_06-Oct-2026.xlsx",Recent Changes,1849
2026-10-06,2023-10-29,Not Entitled**,Not Entitled**,Target Price,Non-Periodic,82,84,-2.3809523582458496,98.04545,98.22727,-0.18510134518146515,"filings/capitaliq/Estimates/Recent Changes/SPGlobal_GrupoBimbo,S.A.B.deC.V._RecentChanges_06-Oct-2026.xlsx",Recent Changes,1850
2026-10-06,2023-10-29,Not Entitled**,Not Entitled**,Target Price,Non-Periodic,85,93,-8.602150917053223,98.22727,98.95455,-0.7349636554718018,"filings/capitaliq/Estimates/Recent Changes/SPGlobal_GrupoBimbo,S.A.B.deC.V._RecentChanges_06-Oct-2026.xlsx",Recent Changes,1851
2026-10-06,2023-10-26,Not Entitled**,Not Entitled**,Target Price,Non-Periodic,91,111,-18.01801872253418,98.95455,100.77273,-1.8042380809783936,"filings/capitaliq/Estimates/Recent Changes/SPGlobal_GrupoBimbo,S.A.B.deC.V._RecentChanges_06-Oct-2026.xlsx",Recent Changes,1852
2026-10-06,2023-10-12,Not Entitled**,Not Entitled**,Target Price,Non-Periodic,92,96,-4.166666507720947,101.25,101.65,-0.39350712299346924,"filings/capitaliq/Estimates/Recent Changes/SPGlobal_GrupoBimbo,S.A.B.deC.V._RecentChanges_06-Oct-2026.xlsx",Recent Changes,1853
2026-10-06,2023-10-09,Not Entitled**,Not Entitled**,Target Price,Non-Periodic,-,-,-,-,-,-,"filings/capitaliq/Estimates/Recent Changes/SPGlobal_GrupoBimbo,S.A.B.deC.V._RecentChanges_06-Oct-2026.xlsx",Recent Changes,1854
2026-10-06,2023-09-05,Not Entitled**,Not Entitled**,Target Price,Non-Periodic,119,121,-1.6528925895690918,100.4,100.58182,-0.18076825141906738,"filings/capitaliq/Estimates/Recent Changes/SPGlobal_GrupoBimbo,S.A.B.deC.V._RecentChanges_06-Oct-2026.xlsx",Recent Changes,1855
2026-10-06,2023-08-20,Santander,"Alanis, Alan",Target Price,Non-Periodic,107,103,3.8834950923919678,100.58182,100.21818,0.36284834146499634,"filings/capitaliq/Estimates/Recent Changes/SPGlobal_GrupoBimbo,S.A.B.deC.V._RecentChanges_06-Oct-2026.xlsx",Recent Changes,1856
2026-10-06,2023-07-26,Not Entitled**,Not Entitled**,Target Price,Non-Periodic,121,125,-3.200000047683716,100.21818,100.58182,-0.36153650283813477,"filings/capitaliq/Estimates/Recent Changes/SPGlobal_GrupoBimbo,S.A.B.deC.V._RecentChanges_06-Oct-2026.xlsx",Recent Changes,1857
2026-10-06,2023-07-25,Not Entitled**,Not Entitled**,Target Price,Non-Periodic,111,108,2.777777671813965,100.58182,100.30909,0.2718896269798279,"filings/capitaliq/Estimates/Recent Changes/SPGlobal_GrupoBimbo,S.A.B.deC.V._RecentChanges_06-Oct-2026.xlsx",Recent Changes,1858
2026-10-06,2023-07-14,Not Entitled**,Not Entitled**,Target Price,Non-Periodic,96,90,6.666666507720947,100.30909,99.76364,0.5467422604560852,"filings/capitaliq/Estimates/Recent Changes/SPGlobal_GrupoBimbo,S.A.B.deC.V._RecentChanges_06-Oct-2026.xlsx",Recent Changes,1859
2026-10-06,2023-07-12,Itau BBA,"Fuchs, Alejandro",Recommendation,Non-Periodic,Outperform (2),Hold (3), ,Hold (2.73),Hold (2.82), ,"filings/capitaliq/Estimates/Recent Changes/SPGlobal_GrupoBimbo,S.A.B.deC.V._RecentChanges_06-Oct-2026.xlsx",Recent Changes,1860
2026-10-06,2023-07-12,Itau BBA,"Fuchs, Alejandro",Target Price,Non-Periodic,110,88,25,99.76364,97.76364,2.045750379562378,"filings/capitaliq/Estimates/Recent Changes/SPGlobal_GrupoBimbo,S.A.B.deC.V._RecentChanges_06-Oct-2026.xlsx",Recent Changes,1861
2026-10-06,2023-07-12,Itau BBA,"Fuchs, Alejandro",EPS (GAAP) (Mex$),2026 FY,6.05,4.93,22.718,5.945,5.84,1.79794520547945,"filings/capitaliq/Estimates/Recent Changes/SPGlobal_GrupoBimbo,S.A.B.deC.V._RecentChanges_06-Oct-2026.xlsx",Recent Changes,1862
2026-10-06,2023-07-12,Itau BBA,"Fuchs, Alejandro",EPS Normalized (Mex$),2026 FY,6.05,4.93,22.718,5.945,5.84,1.79794520547945,"filings/capitaliq/Estimates/Recent Changes/SPGlobal_GrupoBimbo,S.A.B.deC.V._RecentChanges_06-Oct-2026.xlsx",Recent Changes,1863
2026-10-06,2023-07-12,Itau BBA,"Fuchs, Alejandro",Dividend per share (Mex$),2026 FY,2.66,2.56,3.9062,2.055,1.45,41.72413793103448,"filings/capitaliq/Estimates/Recent Changes/SPGlobal_GrupoBimbo,S.A.B.deC.V._RecentChanges_06-Oct-2026.xlsx",Recent Changes,1864
2026-10-06,2023-07-12,Itau BBA,"Fuchs, Alejandro",Gross Margin (%),2026 FY,54.6,52.9,3.2136,53.15,51.7,2.80464216634429,"filings/capitaliq/Estimates/Recent Changes/SPGlobal_GrupoBimbo,S.A.B.deC.V._RecentChanges_06-Oct-2026.xlsx",Recent Changes,1865
2026-10-06,2023-07-12,Itau BBA,"Fuchs, Alejandro",EBITDA (Mex$000),2026 FY,77607000,65982000,17.6184,72825500,68044000,7.02707071894656,"filings/capitaliq/Estimates/Recent Changes/SPGlobal_GrupoBimbo,S.A.B.deC.V._RecentChanges_06-Oct-2026.xlsx",Recent Changes,1866
2026-10-06,2023-07-12,Itau BBA,"Fuchs, Alejandro",Capital Expenditures (Mex$000),2026 FY,19614000,15835000,23.8648,20502000,21390000,-4.15147265077139,"filings/capitaliq/Estimates/Recent Changes/SPGlobal_GrupoBimbo,S.A.B.deC.V._RecentChanges_06-Oct-2026.xlsx",Recent Changes,1867
2026-10-06,2023-07-12,Itau BBA,"Fuchs, Alejandro",EBIT (Mex$000),2026 FY,50434000,41527000,21.4486,48621000,46808000,3.87326952657665,"filings/capitaliq/Estimates/Recent Changes/SPGlobal_GrupoBimbo,S.A.B.deC.V._RecentChanges_06-Oct-2026.xlsx",Recent Changes,1868
2026-10-06,2023-07-12,Itau BBA,"Fuchs, Alejandro",Net Debt (Mex$000),2026 FY,39769000,34294000,15.9648,25545000,11321000,125.64261107676,"filings/capitaliq/Estimates/Recent Changes/SPGlobal_GrupoBimbo,S.A.B.deC.V._RecentChanges_06-Oct-2026.xlsx",Recent Changes,1869
2026-10-06,2023-07-12,Itau BBA,"Fuchs, Alejandro",Interest Expense (Mex$000),2026 FY,7384000,5452000,35.4365,7384000,5452000,35.43653705062362,"filings/capitaliq/Estimates/Recent Changes/SPGlobal_GrupoBimbo,S.A.B.deC.V._RecentChanges_06-Oct-2026.xlsx",Recent Changes,1870
2026-10-06,2023-07-12,Itau BBA,"Fuchs, Alejandro",Net Income (GAAP) (Mex$000),2026 FY,27066000,22046000,22.7705,26722000,26378000,1.30411706725301,"filings/capitaliq/Estimates/Recent Changes/SPGlobal_GrupoBimbo,S.A.B.deC.V._RecentChanges_06-Oct-2026.xlsx",Recent Changes,1871
2026-10-06,2023-07-12,Itau BBA,"Fuchs, Alejandro",Net Income Normalized (Mex$000),2026 FY,27066000,22046000,22.7705,26722000,26378000,1.30411706725301,"filings/capitaliq/Estimates/Recent Changes/SPGlobal_GrupoBimbo,S.A.B.deC.V._RecentChanges_06-Oct-2026.xlsx",Recent Changes,1872
2026-10-06,2023-07-12,Itau BBA,"Fuchs, Alejandro",Revenue (Mex$000),2026 FY,516930000,475958000,8.6083,499888500,482847000,3.52937887156801,"filings/capitaliq/Estimates/Recent Changes/SPGlobal_GrupoBimbo,S.A.B.deC.V._RecentChanges_06-Oct-2026.xlsx",Recent Changes,1873
2026-10-06,2023-07-12,Itau BBA,"Fuchs, Alejandro","Selling, General and Administrative Expense (Mex$000)",2026 FY,231850000,NA,NA,231850000,NA,NA,"filings/capitaliq/Estimates/Recent Changes/SPGlobal_GrupoBimbo,S.A.B.deC.V._RecentChanges_06-Oct-2026.xlsx",Recent Changes,1874
2026-10-06,2023-07-09,Not Entitled**,Not Entitled**,Target Price,Non-Periodic,-,-,-,-,-,-,"filings/capitaliq/Estimates/Recent Changes/SPGlobal_GrupoBimbo,S.A.B.deC.V._RecentChanges_06-Oct-2026.xlsx",Recent Changes,1875
2026-10-06,2023-07-09,Not Entitled**,Not Entitled**,Recommendation,Non-Periodic,-,-, ,-,-, ,"filings/capitaliq/Estimates/Recent Changes/SPGlobal_GrupoBimbo,S.A.B.deC.V._RecentChanges_06-Oct-2026.xlsx",Recent Changes,1876
2026-10-06,2023-06-08,Not Entitled**,Not Entitled**,Target Price,Non-Periodic,125,106,17.924528121948242,96.28333,94.7,1.671942949295044,"filings/capitaliq/Estimates/Recent Changes/SPGlobal_GrupoBimbo,S.A.B.deC.V._RecentChanges_06-Oct-2026.xlsx",Recent Changes,1877
2026-10-06,2023-05-31,Not Entitled**,Not Entitled**,Target Price,Non-Periodic,93,95,-2.1052632331848145,94.7,94.86667,-0.17568868398666382,"filings/capitaliq/Estimates/Recent Changes/SPGlobal_GrupoBimbo,S.A.B.deC.V._RecentChanges_06-Oct-2026.xlsx",Recent Changes,1878
2026-10-06,2023-05-26,Not Entitled**,Not Entitled**,Recommendation,Non-Periodic,Hold (3),Underperform (4), ,Hold (2.75),Hold (2.83), ,"filings/capitaliq/Estimates/Recent Changes/SPGlobal_GrupoBimbo,S.A.B.deC.V._RecentChanges_06-Oct-2026.xlsx",Recent Changes,1879
2026-10-06,2023-05-26,Not Entitled**,Not Entitled**,Target Price,Non-Periodic,90,78,15.384614944458008,94.86667,93.86667,1.0653408765792847,"filings/capitaliq/Estimates/Recent Changes/SPGlobal_GrupoBimbo,S.A.B.deC.V._RecentChanges_06-Oct-2026.xlsx",Recent Changes,1880
2026-10-06,2023-05-24,Not Entitled**,Not Entitled**,Target Price,Non-Periodic,107,90,18.88888931274414,93.86667,92.45,1.5323634147644043,"filings/capitaliq/Estimates/Recent Changes/SPGlobal_GrupoBimbo,S.A.B.deC.V._RecentChanges_06-Oct-2026.xlsx",Recent Changes,1881
2026-10-06,2023-05-24,Not Entitled**,Not Entitled**,Recommendation,Non-Periodic,Outperform (2),Hold (3), ,Hold (2.83),Hold (2.92), ,"filings/capitaliq/Estimates/Recent Changes/SPGlobal_GrupoBimbo,S.A.B.deC.V._RecentChanges_06-Oct-2026.xlsx",Recent Changes,1882
2026-10-06,2023-05-23,Santander,"Alanis, Alan",Target Price,Non-Periodic,103,93,10.75268840789795,92.45,91.61667,0.9095833897590637,"filings/capitaliq/Estimates/Recent Changes/SPGlobal_GrupoBimbo,S.A.B.deC.V._RecentChanges_06-Oct-2026.xlsx",Recent Changes,1883
2026-10-06,2023-05-02,Not Entitled**,Not Entitled**,Target Price,Non-Periodic,95,90,5.55555534362793,91.61667,91.2,0.4568749964237213,"filings/capitaliq/Estimates/Recent Changes/SPGlobal_GrupoBimbo,S.A.B.deC.V._RecentChanges_06-Oct-2026.xlsx",Recent Changes,1884
2026-10-06,2023-04-28,Not Entitled**,Not Entitled**,Target Price,Non-Periodic,106,102,3.9215686321258545,91.2,90.86667,0.3668341636657715,"filings/capitaliq/Estimates/Recent Changes/SPGlobal_GrupoBimbo,S.A.B.deC.V._RecentChanges_06-Oct-2026.xlsx",Recent Changes,1885
2026-10-06,2023-04-27,Not Entitled**,Not Entitled**,Target Price,Non-Periodic,108,105,2.857142925262451,90.86667,90.61667,0.2758874297142029,"filings/capitaliq/Estimates/Recent Changes/SPGlobal_GrupoBimbo,S.A.B.deC.V._RecentChanges_06-Oct-2026.xlsx",Recent Changes,1886
2026-10-06,2023-04-13,Not Entitled**,Not Entitled**,Target Price,Non-Periodic,105,86,22.0930233001709,90.61667,89.03333,1.7783677577972412,"filings/capitaliq/Estimates/Recent Changes/SPGlobal_GrupoBimbo,S.A.B.deC.V._RecentChanges_06-Oct-2026.xlsx",Recent Changes,1887
2026-10-06,2023-03-28,Not Entitled**,Not Entitled**,Target Price,Non-Periodic,78,75,4,89.03333,88.78333,0.28158438205718994,"filings/capitaliq/Estimates/Recent Changes/SPGlobal_GrupoBimbo,S.A.B.deC.V._RecentChanges_06-Oct-2026.xlsx",Recent Changes,1888
2026-10-06,2023-03-23,Not Entitled**,Not Entitled**,Target Price,Non-Periodic,84,80,5,88.78333,88.45,0.3768569827079773,"filings/capitaliq/Estimates/Recent Changes/SPGlobal_GrupoBimbo,S.A.B.deC.V._RecentChanges_06-Oct-2026.xlsx",Recent Changes,1889
2026-10-06,2023-03-14,Not Entitled**,Not Entitled**,Target Price,Non-Periodic,90,73,23.28767204284668,88.45,87.03333,1.627732753753662,"filings/capitaliq/Estimates/Recent Changes/SPGlobal_GrupoBimbo,S.A.B.deC.V._RecentChanges_06-Oct-2026.xlsx",Recent Changes,1890
2026-10-06,2023-02-27,Not Entitled**,Not Entitled**,Target Price,Non-Periodic,86,105,-18.095237731933594,85.70833,87.29167,-1.8138500452041626,"filings/capitaliq/Estimates/Recent Changes/SPGlobal_GrupoBimbo,S.A.B.deC.V._RecentChanges_06-Oct-2026.xlsx",Recent Changes,1891
2026-10-06,2023-02-23,Not Entitled**,Not Entitled**,Target Price,Non-Periodic,105,107,-1.8691588640213013,87.29167,87.45833,-0.19055932760238647,"filings/capitaliq/Estimates/Recent Changes/SPGlobal_GrupoBimbo,S.A.B.deC.V._RecentChanges_06-Oct-2026.xlsx",Recent Changes,1892
2026-10-06,2023-02-22,Not Entitled**,Not Entitled**,Target Price,Non-Periodic,102,100,2,87.45833,87.29167,0.19092313945293427,"filings/capitaliq/Estimates/Recent Changes/SPGlobal_GrupoBimbo,S.A.B.deC.V._RecentChanges_06-Oct-2026.xlsx",Recent Changes,1893
2026-10-06,2023-02-17,Not Entitled**,Not Entitled**,Target Price,Non-Periodic,-,-,-,-,-,-,"filings/capitaliq/Estimates/Recent Changes/SPGlobal_GrupoBimbo,S.A.B.deC.V._RecentChanges_06-Oct-2026.xlsx",Recent Changes,1894
2026-10-06,2023-01-22,Not Entitled**,Not Entitled**,Target Price,Non-Periodic,100,88,13.636363983154297,86.375,85.375,1.1713030338287354,"filings/capitaliq/Estimates/Recent Changes/SPGlobal_GrupoBimbo,S.A.B.deC.V._RecentChanges_06-Oct-2026.xlsx",Recent Changes,1895
2026-10-06,2023-01-20,Not Entitled**,Not Entitled**,Target Price,Non-Periodic,75,68,10.29411792755127,85.375,84.79167,0.6879567503929138,"filings/capitaliq/Estimates/Recent Changes/SPGlobal_GrupoBimbo,S.A.B.deC.V._RecentChanges_06-Oct-2026.xlsx",Recent Changes,1896
2026-10-06,2023-01-19,Not Entitled**,Not Entitled**,Target Price,Non-Periodic,107,86,24.418603897094727,84.79167,83.04167,2.1073756217956543,"filings/capitaliq/Estimates/Recent Changes/SPGlobal_GrupoBimbo,S.A.B.deC.V._RecentChanges_06-Oct-2026.xlsx",Recent Changes,1897
2026-10-06,2022-12-29,Itau BBA,"Fuchs, Alejandro",EPS (GAAP) (Mex$),2026 FY,4.93,4.94,-0.2024,5.525,5.53,-0.09041591320072,"filings/capitaliq/Estimates/Recent Changes/SPGlobal_GrupoBimbo,S.A.B.deC.V._RecentChanges_06-Oct-2026.xlsx",Recent Changes,1898
2026-10-06,2022-12-29,Itau BBA,"Fuchs, Alejandro",EPS Normalized (Mex$),2026 FY,4.93,4.94,-0.2024,5.525,5.53,-0.09041591320072,"filings/capitaliq/Estimates/Recent Changes/SPGlobal_GrupoBimbo,S.A.B.deC.V._RecentChanges_06-Oct-2026.xlsx",Recent Changes,1899
2026-10-06,2022-12-29,Itau BBA,"Fuchs, Alejandro",Target Price,Non-Periodic,88,80,10,83.04167,82.375,0.8093110918998718,"filings/capitaliq/Estimates/Recent Changes/SPGlobal_GrupoBimbo,S.A.B.deC.V._RecentChanges_06-Oct-2026.xlsx",Recent Changes,1900
2026-10-06,2022-12-29,Itau BBA,"Fuchs, Alejandro",Revenue (Mex$000),2026 FY,475958000,478111000,-0.4503,473400500,474477000,-0.22688138729591,"filings/capitaliq/Estimates/Recent Changes/SPGlobal_GrupoBimbo,S.A.B.deC.V._RecentChanges_06-Oct-2026.xlsx",Recent Changes,1901
2026-10-06,2022-12-29,Itau BBA,"Fuchs, Alejandro",Net Income Normalized (Mex$000),2026 FY,22046000,22127000,-0.366,24721000,24761500,-0.1635603658906,"filings/capitaliq/Estimates/Recent Changes/SPGlobal_GrupoBimbo,S.A.B.deC.V._RecentChanges_06-Oct-2026.xlsx",Recent Changes,1902
2026-10-06,2022-12-29,Itau BBA,"Fuchs, Alejandro",Net Income (GAAP) (Mex$000),2026 FY,22046000,22127000,-0.366,24721000,24761500,-0.1635603658906,"filings/capitaliq/Estimates/Recent Changes/SPGlobal_GrupoBimbo,S.A.B.deC.V._RecentChanges_06-Oct-2026.xlsx",Recent Changes,1903
2026-10-06,2022-12-29,Itau BBA,"Fuchs, Alejandro",Interest Expense (Mex$000),2026 FY,5452000,5069000,7.5557,5452000,5069000,7.55573091339515,"filings/capitaliq/Estimates/Recent Changes/SPGlobal_GrupoBimbo,S.A.B.deC.V._RecentChanges_06-Oct-2026.xlsx",Recent Changes,1904
2026-10-06,2022-12-29,Itau BBA,"Fuchs, Alejandro",Net Debt (Mex$000),2026 FY,34294000,12628000,171.5711,-30288000,-30288000,0,"filings/capitaliq/Estimates/Recent Changes/SPGlobal_GrupoBimbo,S.A.B.deC.V._RecentChanges_06-Oct-2026.xlsx",Recent Changes,1905
2026-10-06,2022-12-29,Itau BBA,"Fuchs, Alejandro",EBIT (Mex$000),2026 FY,41527000,41409000,0.2849,41779000,41720000,0.14141898370086,"filings/capitaliq/Estimates/Recent Changes/SPGlobal_GrupoBimbo,S.A.B.deC.V._RecentChanges_06-Oct-2026.xlsx",Recent Changes,1906
2026-10-06,2022-12-29,Itau BBA,"Fuchs, Alejandro",Capital Expenditures (Mex$000),2026 FY,15835000,16144000,-1.914,18778500,18933000,-0.81603549358263,"filings/capitaliq/Estimates/Recent Changes/SPGlobal_GrupoBimbo,S.A.B.deC.V._RecentChanges_06-Oct-2026.xlsx",Recent Changes,1907
2026-10-06,2022-12-29,Itau BBA,"Fuchs, Alejandro",EBITDA (Mex$000),2026 FY,65982000,66728000,-1.1179,64098000,64471000,-0.57855469901196,"filings/capitaliq/Estimates/Recent Changes/SPGlobal_GrupoBimbo,S.A.B.deC.V._RecentChanges_06-Oct-2026.xlsx",Recent Changes,1908
2026-10-06,2022-12-29,Itau BBA,"Fuchs, Alejandro",Gross Margin (%),2026 FY,52.9,53.7,-1.4897,52.3,52.7,-0.75901328273245,"filings/capitaliq/Estimates/Recent Changes/SPGlobal_GrupoBimbo,S.A.B.deC.V._RecentChanges_06-Oct-2026.xlsx",Recent Changes,1909
2026-10-06,2022-12-27,Not Entitled**,Not Entitled**,Target Price,Non-Periodic,-,-,-,-,-,-,"filings/capitaliq/Estimates/Recent Changes/SPGlobal_GrupoBimbo,S.A.B.deC.V._RecentChanges_06-Oct-2026.xlsx",Recent Changes,1910
2026-10-06,2022-12-18,Not Entitled**,Not Entitled**,Target Price,Non-Periodic,90,76,18.421052932739258,80.29167,79.125,1.4744644165039062,"filings/capitaliq/Estimates/Recent Changes/SPGlobal_GrupoBimbo,S.A.B.deC.V._RecentChanges_06-Oct-2026.xlsx",Recent Changes,1911
2026-10-06,2022-12-13,"GBM Grupo Bursátil Mexicano, S.A. de C.V. Casa de Bolsa","Willard Alonso, Luis Rodrigo",Target Price,Non-Periodic,96,73,31.50684928894043,79.125,77.20833,2.4824652671813965,"filings/capitaliq/Estimates/Recent Changes/SPGlobal_GrupoBimbo,S.A.B.deC.V._RecentChanges_06-Oct-2026.xlsx",Recent Changes,1912
2026-10-06,2022-11-16,Santander,"Alanis, Alan",Target Price,Non-Periodic,93,87,6.896551609039307,77.20833,76.70833,0.6518197059631348,"filings/capitaliq/Estimates/Recent Changes/SPGlobal_GrupoBimbo,S.A.B.deC.V._RecentChanges_06-Oct-2026.xlsx",Recent Changes,1913
2026-10-06,2022-11-04,Not Entitled**,Not Entitled**,Target Price,Non-Periodic,68,65,4.615384578704834,76.70833,76.45833,0.3269754946231842,"filings/capitaliq/Estimates/Recent Changes/SPGlobal_GrupoBimbo,S.A.B.deC.V._RecentChanges_06-Oct-2026.xlsx",Recent Changes,1914
2026-10-06,2022-10-30,Not Entitled**,Not Entitled**,Target Price,Non-Periodic,80,72,11.11111068725586,76.45833,75.79167,0.8795953392982483,"filings/capitaliq/Estimates/Recent Changes/SPGlobal_GrupoBimbo,S.A.B.deC.V._RecentChanges_06-Oct-2026.xlsx",Recent Changes,1915
2026-10-06,2022-09-29,Not Entitled**,Not Entitled**,Target Price,Non-Periodic,65,77,-15.584415435791016,75.79167,76.79167,-1.3022246360778809,"filings/capitaliq/Estimates/Recent Changes/SPGlobal_GrupoBimbo,S.A.B.deC.V._RecentChanges_06-Oct-2026.xlsx",Recent Changes,1916
2026-10-06,2022-09-29,Not Entitled**,Not Entitled**,Recommendation,Non-Periodic,Underperform (4),Hold (3), ,Hold (2.75),Hold (2.67), ,"filings/capitaliq/Estimates/Recent Changes/SPGlobal_GrupoBimbo,S.A.B.deC.V._RecentChanges_06-Oct-2026.xlsx",Recent Changes,1917
2026-10-06,2022-09-11,Itau BBA,"Fuchs, Alejandro",EPS (GAAP) (Mex$),2026 FY,4.94,4.5,9.7777,5.53,5.31,4.14312617702448,"filings/capitaliq/Estimates/Recent Changes/SPGlobal_GrupoBimbo,S.A.B.deC.V._RecentChanges_06-Oct-2026.xlsx",Recent Changes,1918
2026-10-06,2022-09-11,Itau BBA,"Fuchs, Alejandro",EPS Normalized (Mex$),2026 FY,4.94,4.5,9.7777,5.53,5.31,4.14312617702448,"filings/capitaliq/Estimates/Recent Changes/SPGlobal_GrupoBimbo,S.A.B.deC.V._RecentChanges_06-Oct-2026.xlsx",Recent Changes,1919
2026-10-06,2022-09-11,Itau BBA,"Fuchs, Alejandro",Target Price,Non-Periodic,80,64,25,76.79167,75.45833,1.7669885158538818,"filings/capitaliq/Estimates/Recent Changes/SPGlobal_GrupoBimbo,S.A.B.deC.V._RecentChanges_06-Oct-2026.xlsx",Recent Changes,1920
2026-10-06,2022-09-11,Itau BBA,"Fuchs, Alejandro",Gross Margin (%),2026 FY,53.7,53.4,0.5617,52.7,52.55,0.28544243577545,"filings/capitaliq/Estimates/Recent Changes/SPGlobal_GrupoBimbo,S.A.B.deC.V._RecentChanges_06-Oct-2026.xlsx",Recent Changes,1921
2026-10-06,2022-09-11,Itau BBA,"Fuchs, Alejandro",EBITDA (Mex$000),2026 FY,66728000,65776000,1.4473,64471000,63995000,0.74380811000859,"filings/capitaliq/Estimates/Recent Changes/SPGlobal_GrupoBimbo,S.A.B.deC.V._RecentChanges_06-Oct-2026.xlsx",Recent Changes,1922
2026-10-06,2022-09-11,Itau BBA,"Fuchs, Alejandro",EBIT (Mex$000),2026 FY,41409000,39440000,4.9923,41720000,40735500,2.41681088976446,"filings/capitaliq/Estimates/Recent Changes/SPGlobal_GrupoBimbo,S.A.B.deC.V._RecentChanges_06-Oct-2026.xlsx",Recent Changes,1923
2026-10-06,2022-09-11,Itau BBA,"Fuchs, Alejandro",Net Debt (Mex$000),2026 FY,12628000,22660000,-44.2718,-30288000,-3814000,-694.1269008914526,"filings/capitaliq/Estimates/Recent Changes/SPGlobal_GrupoBimbo,S.A.B.deC.V._RecentChanges_06-Oct-2026.xlsx",Recent Changes,1924
2026-10-06,2022-09-11,Itau BBA,"Fuchs, Alejandro",Interest Expense (Mex$000),2026 FY,5069000,5142000,-1.4196,5069000,5142000,-1.4196810579541,"filings/capitaliq/Estimates/Recent Changes/SPGlobal_GrupoBimbo,S.A.B.deC.V._RecentChanges_06-Oct-2026.xlsx",Recent Changes,1925
2026-10-06,2022-09-11,Itau BBA,"Fuchs, Alejandro",Net Income (GAAP) (Mex$000),2026 FY,22127000,20138000,9.8768,24761500,23767000,4.18437329069719,"filings/capitaliq/Estimates/Recent Changes/SPGlobal_GrupoBimbo,S.A.B.deC.V._RecentChanges_06-Oct-2026.xlsx",Recent Changes,1926
2026-10-06,2022-09-11,Itau BBA,"Fuchs, Alejandro",Net Income Normalized (Mex$000),2026 FY,22127000,20138000,9.8768,24761500,23767000,4.18437329069719,"filings/capitaliq/Estimates/Recent Changes/SPGlobal_GrupoBimbo,S.A.B.deC.V._RecentChanges_06-Oct-2026.xlsx",Recent Changes,1927
2026-10-06,2022-09-11,Itau BBA,"Fuchs, Alejandro",Revenue (Mex$000),2026 FY,478111000,476046000,0.4337,474477000,473444500,0.21808258412549,"filings/capitaliq/Estimates/Recent Changes/SPGlobal_GrupoBimbo,S.A.B.deC.V._RecentChanges_06-Oct-2026.xlsx",Recent Changes,1928
2026-10-06,2022-08-31,Not Entitled**,Not Entitled**,Target Price,Non-Periodic,73,48,52.08333206176758,75.45833,73.375,2.8392913341522217,"filings/capitaliq/Estimates/Recent Changes/SPGlobal_GrupoBimbo,S.A.B.deC.V._RecentChanges_06-Oct-2026.xlsx",Recent Changes,1929
2026-10-06,2022-08-24,Santander,"Alanis, Alan",Target Price,Non-Periodic,87,63,38.095237731933594,73.375,71.375,2.8021016120910645,"filings/capitaliq/Estimates/Recent Changes/SPGlobal_GrupoBimbo,S.A.B.deC.V._RecentChanges_06-Oct-2026.xlsx",Recent Changes,1930
2026-10-06,2022-08-09,Not Entitled**,Not Entitled**,Target Price,Non-Periodic,77,76,1.3157894611358643,71.375,71.29167,0.11688602715730667,"filings/capitaliq/Estimates/Recent Changes/SPGlobal_GrupoBimbo,S.A.B.deC.V._RecentChanges_06-Oct-2026.xlsx",Recent Changes,1931
2026-10-06,2022-07-22,Not Entitled**,Not Entitled**,Target Price,Non-Periodic,88,80,10,70.14167,69.475,0.9595825672149658,"filings/capitaliq/Estimates/Recent Changes/SPGlobal_GrupoBimbo,S.A.B.deC.V._RecentChanges_06-Oct-2026.xlsx",Recent Changes,1932
2026-10-06,2022-07-21,Not Entitled**,Not Entitled**,Target Price,Non-Periodic,76,66,15.151515007019043,69.475,68.64167,1.214029312133789,"filings/capitaliq/Estimates/Recent Changes/SPGlobal_GrupoBimbo,S.A.B.deC.V._RecentChanges_06-Oct-2026.xlsx",Recent Changes,1933
2026-10-06,2022-07-21,Not Entitled**,Not Entitled**,Target Price,Non-Periodic,86,71,21.126760482788086,68.64167,67.39167,1.8548285961151123,"filings/capitaliq/Estimates/Recent Changes/SPGlobal_GrupoBimbo,S.A.B.deC.V._RecentChanges_06-Oct-2026.xlsx",Recent Changes,1934
2026-10-06,2022-07-13,Not Entitled**,Not Entitled**,Target Price,Non-Periodic,76,65,16.923076629638672,67.39167,66.475,1.3789695501327515,"filings/capitaliq/Estimates/Recent Changes/SPGlobal_GrupoBimbo,S.A.B.deC.V._RecentChanges_06-Oct-2026.xlsx",Recent Changes,1935
2026-10-06,2022-06-19,Itau BBA,"Fuchs, Alejandro",Target Price,Non-Periodic,64,67,-4.477612018585205,66.475,66.725,-0.37467217445373535,"filings/capitaliq/Estimates/Recent Changes/SPGlobal_GrupoBimbo,S.A.B.deC.V._RecentChanges_06-Oct-2026.xlsx",Recent Changes,1936
2026-10-06,2022-06-19,Itau BBA,"Fuchs, Alejandro",EPS Normalized (Mex$),2026 FY,4.5,4.28,5.1401,4.41,4.3,2.55813953488372,"filings/capitaliq/Estimates/Recent Changes/SPGlobal_GrupoBimbo,S.A.B.deC.V._RecentChanges_06-Oct-2026.xlsx",Recent Changes,1937
2026-10-06,2022-06-19,Itau BBA,"Fuchs, Alejandro",EPS (GAAP) (Mex$),2026 FY,4.5,4.28,5.1401,4.41,4.3,2.55813953488372,"filings/capitaliq/Estimates/Recent Changes/SPGlobal_GrupoBimbo,S.A.B.deC.V._RecentChanges_06-Oct-2026.xlsx",Recent Changes,1938
2026-10-06,2022-06-19,Itau BBA,"Fuchs, Alejandro",Revenue (Mex$000),2026 FY,476046000,458855000,3.7464,461799500,453204000,1.89660726736745,"filings/capitaliq/Estimates/Recent Changes/SPGlobal_GrupoBimbo,S.A.B.deC.V._RecentChanges_06-Oct-2026.xlsx",Recent Changes,1939
2026-10-06,2022-06-19,Itau BBA,"Fuchs, Alejandro",Net Income Normalized (Mex$000),2026 FY,20138000,19167000,5.0659,19829000,19343500,2.50988704215886,"filings/capitaliq/Estimates/Recent Changes/SPGlobal_GrupoBimbo,S.A.B.deC.V._RecentChanges_06-Oct-2026.xlsx",Recent Changes,1940
2026-10-06,2022-06-19,Itau BBA,"Fuchs, Alejandro",Net Income (GAAP) (Mex$000),2026 FY,20138000,19167000,5.0659,19829000,19343500,2.50988704215886,"filings/capitaliq/Estimates/Recent Changes/SPGlobal_GrupoBimbo,S.A.B.deC.V._RecentChanges_06-Oct-2026.xlsx",Recent Changes,1941
2026-10-06,2022-06-19,Itau BBA,"Fuchs, Alejandro",Interest Expense (Mex$000),2026 FY,5142000,4203000,22.3411,5142000,4203000,22.34118486795146,"filings/capitaliq/Estimates/Recent Changes/SPGlobal_GrupoBimbo,S.A.B.deC.V._RecentChanges_06-Oct-2026.xlsx",Recent Changes,1942
2026-10-06,2022-06-19,Itau BBA,"Fuchs, Alejandro",Net Debt (Mex$000),2026 FY,22660000,50344000,-54.9896,22553000,36395000,-38.03269679901085,"filings/capitaliq/Estimates/Recent Changes/SPGlobal_GrupoBimbo,S.A.B.deC.V._RecentChanges_06-Oct-2026.xlsx",Recent Changes,1943
2026-10-06,2022-06-19,Itau BBA,"Fuchs, Alejandro",Capital Expenditures (Mex$000),2026 FY,16144000,20449000,-21.0523,18020000,20172500,-10.67046722022555,"filings/capitaliq/Estimates/Recent Changes/SPGlobal_GrupoBimbo,S.A.B.deC.V._RecentChanges_06-Oct-2026.xlsx",Recent Changes,1944
2026-10-06,2022-06-19,Itau BBA,"Fuchs, Alejandro",EBIT (Mex$000),2026 FY,39440000,37722000,4.5543,38426000,37567000,2.28658130806293,"filings/capitaliq/Estimates/Recent Changes/SPGlobal_GrupoBimbo,S.A.B.deC.V._RecentChanges_06-Oct-2026.xlsx",Recent Changes,1945
2026-10-06,2022-06-19,Itau BBA,"Fuchs, Alejandro",EBITDA (Mex$000),2026 FY,65776000,63700000,3.259,62201500,61163500,1.69709058507116,"filings/capitaliq/Estimates/Recent Changes/SPGlobal_GrupoBimbo,S.A.B.deC.V._RecentChanges_06-Oct-2026.xlsx",Recent Changes,1946
2026-10-06,2022-06-19,Itau BBA,"Fuchs, Alejandro",Gross Margin (%),2026 FY,53.4,54.1,-1.2939,52.95,53.3,-0.65666041275797,"filings/capitaliq/Estimates/Recent Changes/SPGlobal_GrupoBimbo,S.A.B.deC.V._RecentChanges_06-Oct-2026.xlsx",Recent Changes,1947
2026-10-06,2022-05-12,Not Entitled**,Not Entitled**,Target Price,Non-Periodic,65,63,3.174603223800659,66.725,66.55833,0.2504119277000427,"filings/capitaliq/Estimates/Recent Changes/SPGlobal_GrupoBimbo,S.A.B.deC.V._RecentChanges_06-Oct-2026.xlsx",Recent Changes,1948
2026-10-06,2022-04-26,Not Entitled**,Not Entitled**,Target Price,Non-Periodic,71,77,-7.792207717895508,65.33636,65.88182,-0.8279370665550232,"filings/capitaliq/Estimates/Recent Changes/SPGlobal_GrupoBimbo,S.A.B.deC.V._RecentChanges_06-Oct-2026.xlsx",Recent Changes,1949
2026-10-06,2022-04-26,"GBM Grupo Bursátil Mexicano, S.A. de C.V. Casa de Bolsa","Willard Alonso, Luis Rodrigo",Target Price,Non-Periodic,73,70,4.285714149475098,65.88182,65.60909,0.4156893491744995,"filings/capitaliq/Estimates/Recent Changes/SPGlobal_GrupoBimbo,S.A.B.deC.V._RecentChanges_06-Oct-2026.xlsx",Recent Changes,1950
2026-10-06,2022-04-18,Itau BBA,"Fuchs, Alejandro",EPS (GAAP) (Mex$),2026 FY,4.28,NA,NA,4.3,4.32,-0.46296296296296,"filings/capitaliq/Estimates/Recent Changes/SPGlobal_GrupoBimbo,S.A.B.deC.V._RecentChanges_06-Oct-2026.xlsx",Recent Changes,1951
2026-10-06,2022-04-18,Itau BBA,"Fuchs, Alejandro",Dividend per share (Mex$),2026 FY,2.56,NA,NA,1.78,1,78,"filings/capitaliq/Estimates/Recent Changes/SPGlobal_GrupoBimbo,S.A.B.deC.V._RecentChanges_06-Oct-2026.xlsx",Recent Changes,1952
2026-10-06,2022-04-18,Itau BBA,"Fuchs, Alejandro",EPS Normalized (Mex$),2026 FY,4.28,NA,NA,4.3,4.32,-0.46296296296296,"filings/capitaliq/Estimates/Recent Changes/SPGlobal_GrupoBimbo,S.A.B.deC.V._RecentChanges_06-Oct-2026.xlsx",Recent Changes,1953
2026-10-06,2022-04-18,Itau BBA,"Fuchs, Alejandro",Free Cash Flow (Mex$000),2026 FY,23994000,22452000,6.8679,25750000,27506000,-6.38406165927434,"filings/capitaliq/Estimates/Recent Changes/SPGlobal_GrupoBimbo,S.A.B.deC.V._RecentChanges_06-Oct-2026.xlsx",Recent Changes,1954
2026-10-06,2022-04-18,Itau BBA,"Fuchs, Alejandro",Gross Margin (%),2026 FY,54.1,NA,NA,53.3,52.5,1.52380952380952,"filings/capitaliq/Estimates/Recent Changes/SPGlobal_GrupoBimbo,S.A.B.deC.V._RecentChanges_06-Oct-2026.xlsx",Recent Changes,1955
2026-10-06,2022-04-18,Itau BBA,"Fuchs, Alejandro",EBITDA (Mex$000),2026 FY,63700000,NA,NA,60647421,59121131.5,2.58163107044052,"filings/capitaliq/Estimates/Recent Changes/SPGlobal_GrupoBimbo,S.A.B.deC.V._RecentChanges_06-Oct-2026.xlsx",Recent Changes,1956
2026-10-06,2022-04-18,Itau BBA,"Fuchs, Alejandro",EBIT (Mex$000),2026 FY,37722000,37662000,0.1593,37567000,37412000,0.41430557040522,"filings/capitaliq/Estimates/Recent Changes/SPGlobal_GrupoBimbo,S.A.B.deC.V._RecentChanges_06-Oct-2026.xlsx",Recent Changes,1957
2026-10-06,2022-04-18,Itau BBA,"Fuchs, Alejandro",Capital Expenditures (Mex$000),2026 FY,20449000,NA,NA,20172500,19896000,1.38972657820667,"filings/capitaliq/Estimates/Recent Changes/SPGlobal_GrupoBimbo,S.A.B.deC.V._RecentChanges_06-Oct-2026.xlsx",Recent Changes,1958
2026-10-06,2022-04-18,Itau BBA,"Fuchs, Alejandro",Net Debt (Mex$000),2026 FY,50344000,NA,NA,36395000,22446000,62.14470284237726,"filings/capitaliq/Estimates/Recent Changes/SPGlobal_GrupoBimbo,S.A.B.deC.V._RecentChanges_06-Oct-2026.xlsx",Recent Changes,1959
2026-10-06,2022-04-18,Itau BBA,"Fuchs, Alejandro",Interest Expense (Mex$000),2026 FY,4203000,NA,NA,4203000,NA,NA,"filings/capitaliq/Estimates/Recent Changes/SPGlobal_GrupoBimbo,S.A.B.deC.V._RecentChanges_06-Oct-2026.xlsx",Recent Changes,1960
2026-10-06,2022-04-18,Itau BBA,"Fuchs, Alejandro",Net Income (GAAP) (Mex$000),2026 FY,19167000,NA,NA,19343500,19520000,-0.90420081967213,"filings/capitaliq/Estimates/Recent Changes/SPGlobal_GrupoBimbo,S.A.B.deC.V._RecentChanges_06-Oct-2026.xlsx",Recent Changes,1961
2026-10-06,2022-04-18,Itau BBA,"Fuchs, Alejandro",Net Income Normalized (Mex$000),2026 FY,19167000,NA,NA,19343500,19520000,-0.90420081967213,"filings/capitaliq/Estimates/Recent Changes/SPGlobal_GrupoBimbo,S.A.B.deC.V._RecentChanges_06-Oct-2026.xlsx",Recent Changes,1962
2026-10-06,2022-04-18,Itau BBA,"Fuchs, Alejandro",Revenue (Mex$000),2026 FY,458855000,NA,NA,453204000,447553000,1.26264375392412,"filings/capitaliq/Estimates/Recent Changes/SPGlobal_GrupoBimbo,S.A.B.deC.V._RecentChanges_06-Oct-2026.xlsx",Recent Changes,1963
2026-10-06,2022-04-17,Not Entitled**,Not Entitled**,Target Price,Non-Periodic,66,70,-5.714285850524902,66.80833,67.14167,-0.4964725971221924,"filings/capitaliq/Estimates/Recent Changes/SPGlobal_GrupoBimbo,S.A.B.deC.V._RecentChanges_06-Oct-2026.xlsx",Recent Changes,1964
2026-10-06,2022-04-08,Not Entitled**,Not Entitled**,Target Price,Non-Periodic,63,62,1.6129032373428345,67.14167,67.05833,0.12427986413240433,"filings/capitaliq/Estimates/Recent Changes/SPGlobal_GrupoBimbo,S.A.B.deC.V._RecentChanges_06-Oct-2026.xlsx",Recent Changes,1965
2026-10-06,2022-03-27,Santander,"Alanis, Alan",Target Price,Non-Periodic,63,65,-3.076923131942749,67.05833,67.225,-0.24792860448360443,"filings/capitaliq/Estimates/Recent Changes/SPGlobal_GrupoBimbo,S.A.B.deC.V._RecentChanges_06-Oct-2026.xlsx",Recent Changes,1966
2026-10-06,2022-03-24,Not Entitled**,Not Entitled**,Target Price,Non-Periodic,-,-,-,-,-,-,"filings/capitaliq/Estimates/Recent Changes/SPGlobal_GrupoBimbo,S.A.B.deC.V._RecentChanges_06-Oct-2026.xlsx",Recent Changes,1967
2026-10-06,2022-03-22,Not Entitled**,Not Entitled**,Target Price,Non-Periodic,-,-,-,-,-,-,"filings/capitaliq/Estimates/Recent Changes/SPGlobal_GrupoBimbo,S.A.B.deC.V._RecentChanges_06-Oct-2026.xlsx",Recent Changes,1968
2026-10-06,2022-03-04,Not Entitled**,Not Entitled**,Target Price,Non-Periodic,62,63,-1.5873016119003296,67.91667,68,-0.12254411727190018,"filings/capitaliq/Estimates/Recent Changes/SPGlobal_GrupoBimbo,S.A.B.deC.V._RecentChanges_06-Oct-2026.xlsx",Recent Changes,1969
2026-10-06,2022-03-01,Not Entitled**,Not Entitled**,Target Price,Non-Periodic,72,68,5.882352828979492,68,67.66667,0.49260589480400085,"filings/capitaliq/Estimates/Recent Changes/SPGlobal_GrupoBimbo,S.A.B.deC.V._RecentChanges_06-Oct-2026.xlsx",Recent Changes,1970
2026-10-06,2022-02-22,Not Entitled**,Not Entitled**,Target Price,Non-Periodic,77,69,11.594202995300293,67.66667,67,0.995029866695404,"filings/capitaliq/Estimates/Recent Changes/SPGlobal_GrupoBimbo,S.A.B.deC.V._RecentChanges_06-Oct-2026.xlsx",Recent Changes,1971
2026-10-06,2022-02-22,Not Entitled**,Not Entitled**,Target Price,Non-Periodic,70,65,7.692307472229004,67,66.58333,0.6257872581481934,"filings/capitaliq/Estimates/Recent Changes/SPGlobal_GrupoBimbo,S.A.B.deC.V._RecentChanges_06-Oct-2026.xlsx",Recent Changes,1972
2026-10-06,2022-02-22,Not Entitled**,Not Entitled**,Target Price,Non-Periodic,80,76,5.263157844543457,66.58333,66.25,0.5031396150588989,"filings/capitaliq/Estimates/Recent Changes/SPGlobal_GrupoBimbo,S.A.B.deC.V._RecentChanges_06-Oct-2026.xlsx",Recent Changes,1973
2026-10-06,2022-02-02,Not Entitled**,Not Entitled**,Target Price,Non-Periodic,-,-,-,-,-,-,"filings/capitaliq/Estimates/Recent Changes/SPGlobal_GrupoBimbo,S.A.B.deC.V._RecentChanges_06-Oct-2026.xlsx",Recent Changes,1974
2026-10-06,2022-02-02,Not Entitled**,Not Entitled**,Recommendation,Non-Periodic,-,-, ,-,-, ,"filings/capitaliq/Estimates/Recent Changes/SPGlobal_GrupoBimbo,S.A.B.deC.V._RecentChanges_06-Oct-2026.xlsx",Recent Changes,1975
2026-10-06,2022-01-19,Santander,"Alanis, Alan",Recommendation,Non-Periodic,Hold (3),Hold (3), ,Hold (2.54),Hold (2.54), ,"filings/capitaliq/Estimates/Recent Changes/SPGlobal_GrupoBimbo,S.A.B.deC.V._RecentChanges_06-Oct-2026.xlsx",Recent Changes,1976
2026-10-06,2022-01-18,Not Entitled**,Not Entitled**,Target Price,Non-Periodic,65,57,14.035087585449219,65.15385,64.53846,0.9535244703292847,"filings/capitaliq/Estimates/Recent Changes/SPGlobal_GrupoBimbo,S.A.B.deC.V._RecentChanges_06-Oct-2026.xlsx",Recent Changes,1977
2026-10-06,2022-01-12,Not Entitled**,Not Entitled**,Target Price,Non-Periodic,76,73,4.109589099884033,64.53846,64.30769,0.35885289311408997,"filings/capitaliq/Estimates/Recent Changes/SPGlobal_GrupoBimbo,S.A.B.deC.V._RecentChanges_06-Oct-2026.xlsx",Recent Changes,1978
2026-10-06,2021-12-16,Not Entitled**,Not Entitled**,Target Price,Non-Periodic,68,46,47.826087951660156,64.30769,62.61538,2.7027065753936768,"filings/capitaliq/Estimates/Recent Changes/SPGlobal_GrupoBimbo,S.A.B.deC.V._RecentChanges_06-Oct-2026.xlsx",Recent Changes,1979
2026-10-06,2021-12-15,Itau BBA,"Fuchs, Alejandro",Target Price,Non-Periodic,67,46,45.65217208862305,62.61538,61,2.6481640338897705,"filings/capitaliq/Estimates/Recent Changes/SPGlobal_GrupoBimbo,S.A.B.deC.V._RecentChanges_06-Oct-2026.xlsx",Recent Changes,1980
2026-10-06,2021-12-08,Not Entitled**,Not Entitled**,Target Price,Non-Periodic,-,-,-,-,-,-,"filings/capitaliq/Estimates/Recent Changes/SPGlobal_GrupoBimbo,S.A.B.deC.V._RecentChanges_06-Oct-2026.xlsx",Recent Changes,1981
2026-10-06,2021-11-28,Santander,"Miranda Valenzuela, Luis",Recommendation,Non-Periodic,Hold (3),Buy (1), ,Hold (2.54),Outperform (2.38), ,"filings/capitaliq/Estimates/Recent Changes/SPGlobal_GrupoBimbo,S.A.B.deC.V._RecentChanges_06-Oct-2026.xlsx",Recent Changes,1982
2026-10-06,2021-11-28,Santander,"Miranda Valenzuela, Luis",Target Price,Non-Periodic,65,63,3.174603223800659,59.53846,59.38462,0.2590569853782654,"filings/capitaliq/Estimates/Recent Changes/SPGlobal_GrupoBimbo,S.A.B.deC.V._RecentChanges_06-Oct-2026.xlsx",Recent Changes,1983
2026-10-06,2021-11-16,"GBM Grupo Bursátil Mexicano, S.A. de C.V. Casa de Bolsa","Angel Tortolero, Miguel",Target Price,Non-Periodic,70,51,37.25490188598633,59.38462,57.92308,2.523242950439453,"filings/capitaliq/Estimates/Recent Changes/SPGlobal_GrupoBimbo,S.A.B.deC.V._RecentChanges_06-Oct-2026.xlsx",Recent Changes,1984
2026-10-06,2021-11-16,"GBM Grupo Bursátil Mexicano, S.A. de C.V. Casa de Bolsa","Angel Tortolero, Miguel",Recommendation,Non-Periodic,Hold (3),Buy (1), ,Outperform (2.38),Outperform (2.23), ,"filings/capitaliq/Estimates/Recent Changes/SPGlobal_GrupoBimbo,S.A.B.deC.V._RecentChanges_06-Oct-2026.xlsx",Recent Changes,1985
2026-10-06,2021-11-16,"GBM Grupo Bursátil Mexicano, S.A. de C.V. Casa de Bolsa","Willard Alonso, Luis Rodrigo",EBITDA (Mex$000),2026 FY,59615263,NA,NA,59615263,55254000,7.89311724038079,"filings/capitaliq/Estimates/Recent Changes/SPGlobal_GrupoBimbo,S.A.B.deC.V._RecentChanges_06-Oct-2026.xlsx",Recent Changes,1986
2026-10-06,2021-11-01,Not Entitled**,Not Entitled**,Target Price,Non-Periodic,63,62,1.6129032373428345,57.92308,57.84615,0.13299070298671722,"filings/capitaliq/Estimates/Recent Changes/SPGlobal_GrupoBimbo,S.A.B.deC.V._RecentChanges_06-Oct-2026.xlsx",Recent Changes,1987
2026-10-06,2021-10-29,Not Entitled**,Not Entitled**,Recommendation,Non-Periodic,Buy (1),Hold (3), ,Outperform (2.08),Outperform (2.23), ,"filings/capitaliq/Estimates/Recent Changes/SPGlobal_GrupoBimbo,S.A.B.deC.V._RecentChanges_06-Oct-2026.xlsx",Recent Changes,1988
2026-10-06,2021-10-29,Not Entitled**,Not Entitled**,Target Price,Non-Periodic,73,62,17.74193572998047,57.84615,57,1.484473705291748,"filings/capitaliq/Estimates/Recent Changes/SPGlobal_GrupoBimbo,S.A.B.deC.V._RecentChanges_06-Oct-2026.xlsx",Recent Changes,1989
2026-10-06,2021-10-28,Not Entitled**,Not Entitled**,Target Price,Non-Periodic,69,55,25.454545974731445,57,55.92308,1.925716519355774,"filings/capitaliq/Estimates/Recent Changes/SPGlobal_GrupoBimbo,S.A.B.deC.V._RecentChanges_06-Oct-2026.xlsx",Recent Changes,1990
2026-10-06,2021-10-19,Not Entitled**,Not Entitled**,Target Price,Non-Periodic,-,-,-,-,-,-,"filings/capitaliq/Estimates/Recent Changes/SPGlobal_GrupoBimbo,S.A.B.deC.V._RecentChanges_06-Oct-2026.xlsx",Recent Changes,1991
2026-10-06,2021-10-14,Not Entitled**,Not Entitled**,Target Price,Non-Periodic,57,48,18.75,55.84615,55.15385,1.255216121673584,"filings/capitaliq/Estimates/Recent Changes/SPGlobal_GrupoBimbo,S.A.B.deC.V._RecentChanges_06-Oct-2026.xlsx",Recent Changes,1992
2026-10-06,2021-10-05,Not Entitled**,Not Entitled**,Target Price,Non-Periodic,62,52,19.230770111083984,55.15385,54.38462,1.4144256114959717,"filings/capitaliq/Estimates/Recent Changes/SPGlobal_GrupoBimbo,S.A.B.deC.V._RecentChanges_06-Oct-2026.xlsx",Recent Changes,1993
2026-10-06,2021-09-23,Not Entitled**,Not Entitled**,Target Price,Non-Periodic,62,48,29.16666603088379,54.38462,53.30769,2.0202150344848633,"filings/capitaliq/Estimates/Recent Changes/SPGlobal_GrupoBimbo,S.A.B.deC.V._RecentChanges_06-Oct-2026.xlsx",Recent Changes,1994
2026-10-06,2021-09-23,Not Entitled**,Not Entitled**,Recommendation,Non-Periodic,Hold (3),Outperform (2), ,Outperform (2.23),Outperform (2.15), ,"filings/capitaliq/Estimates/Recent Changes/SPGlobal_GrupoBimbo,S.A.B.deC.V._RecentChanges_06-Oct-2026.xlsx",Recent Changes,1995
2026-10-06,2021-09-13,Not Entitled**,Not Entitled**,Target Price,Non-Periodic,-,-,-,-,-,-,"filings/capitaliq/Estimates/Recent Changes/SPGlobal_GrupoBimbo,S.A.B.deC.V._RecentChanges_06-Oct-2026.xlsx",Recent Changes,1996
2026-10-06,2021-09-01,Not Entitled**,Not Entitled**,Target Price,Non-Periodic,48,56,-14.285714149475098,51.53846,52.15385,-1.1799511909484863,"filings/capitaliq/Estimates/Recent Changes/SPGlobal_GrupoBimbo,S.A.B.deC.V._RecentChanges_06-Oct-2026.xlsx",Recent Changes,1997
2026-10-06,2021-08-24,Santander,"Miranda Valenzuela, Luis",Target Price,Non-Periodic,63,52,21.153846740722656,52.15385,51.30769,1.649187445640564,"filings/capitaliq/Estimates/Recent Changes/SPGlobal_GrupoBimbo,S.A.B.deC.V._RecentChanges_06-Oct-2026.xlsx",Recent Changes,1998
2026-10-06,2021-08-15,Not Entitled**,Not Entitled**,Target Price,Non-Periodic,-,-,-,-,-,-,"filings/capitaliq/Estimates/Recent Changes/SPGlobal_GrupoBimbo,S.A.B.deC.V._RecentChanges_06-Oct-2026.xlsx",Recent Changes,1999
2026-10-06,2021-08-15,Not Entitled**,Not Entitled**,Recommendation,Non-Periodic,-,-, ,-,-, ,"filings/capitaliq/Estimates/Recent Changes/SPGlobal_GrupoBimbo,S.A.B.deC.V._RecentChanges_06-Oct-2026.xlsx",Recent Changes,2000
2026-10-06,2021-08-02,Not Entitled**,Not Entitled**,Target Price,Non-Periodic,48,51,-5.882352828979492,50.38462,50.61538,-0.455908864736557,"filings/capitaliq/Estimates/Recent Changes/SPGlobal_GrupoBimbo,S.A.B.deC.V._RecentChanges_06-Oct-2026.xlsx",Recent Changes,2001
2026-10-06,2021-08-01,Not Entitled**,Not Entitled**,Target Price,Non-Periodic,56,48,16.66666603088379,50.61538,50,1.2307599782943726,"filings/capitaliq/Estimates/Recent Changes/SPGlobal_GrupoBimbo,S.A.B.deC.V._RecentChanges_06-Oct-2026.xlsx",Recent Changes,2002
2026-10-06,2021-08-01,Not Entitled**,Not Entitled**,Recommendation,Non-Periodic,Outperform (2),Hold (3), ,Outperform (2.15),Outperform (2.23), ,"filings/capitaliq/Estimates/Recent Changes/SPGlobal_GrupoBimbo,S.A.B.deC.V._RecentChanges_06-Oct-2026.xlsx",Recent Changes,2003
2026-10-06,2021-07-29,Not Entitled**,Not Entitled**,Recommendation,Non-Periodic,Hold (3),Outperform (2), ,Outperform (2.23),Outperform (2.15), ,"filings/capitaliq/Estimates/Recent Changes/SPGlobal_GrupoBimbo,S.A.B.deC.V._RecentChanges_06-Oct-2026.xlsx",Recent Changes,2004
2026-10-06,2021-07-28,Not Entitled**,Not Entitled**,Target Price,Non-Periodic,52,47,10.638298034667969,50,49.61538,0.7752031683921814,"filings/capitaliq/Estimates/Recent Changes/SPGlobal_GrupoBimbo,S.A.B.deC.V._RecentChanges_06-Oct-2026.xlsx",Recent Changes,2005
2026-10-06,2021-07-28,Not Entitled**,Not Entitled**,Target Price,Non-Periodic,55,50,10,49.61538,49.23077,0.7812390327453613,"filings/capitaliq/Estimates/Recent Changes/SPGlobal_GrupoBimbo,S.A.B.deC.V._RecentChanges_06-Oct-2026.xlsx",Recent Changes,2006
2026-10-06,2021-07-28,Not Entitled**,Not Entitled**,Target Price,Non-Periodic,48,45,6.666666507720947,49.23077,49,0.4709591865539551,"filings/capitaliq/Estimates/Recent Changes/SPGlobal_GrupoBimbo,S.A.B.deC.V._RecentChanges_06-Oct-2026.xlsx",Recent Changes,2007
2026-10-06,2021-07-20,Not Entitled**,Not Entitled**,Target Price,Non-Periodic,-,-,-,-,-,-,"filings/capitaliq/Estimates/Recent Changes/SPGlobal_GrupoBimbo,S.A.B.deC.V._RecentChanges_06-Oct-2026.xlsx",Recent Changes,2008
2026-10-06,2021-07-15,Not Entitled**,Not Entitled**,Target Price,Non-Periodic,48,47,2.127659559249878,48.76923,48.69231,0.1579715609550476,"filings/capitaliq/Estimates/Recent Changes/SPGlobal_GrupoBimbo,S.A.B.deC.V._RecentChanges_06-Oct-2026.xlsx",Recent Changes,2009
2026-10-06,2021-07-08,Not Entitled**,Not Entitled**,Target Price,Non-Periodic,46,43,6.976744174957275,48.69231,48.46154,0.47619205713272095,"filings/capitaliq/Estimates/Recent Changes/SPGlobal_GrupoBimbo,S.A.B.deC.V._RecentChanges_06-Oct-2026.xlsx",Recent Changes,2010
2026-10-06,2021-06-21,Santander,"Miranda Valenzuela, Luis",Target Price,Non-Periodic,52,49,6.122448921203613,48.46154,48.23077,0.47847047448158264,"filings/capitaliq/Estimates/Recent Changes/SPGlobal_GrupoBimbo,S.A.B.deC.V._RecentChanges_06-Oct-2026.xlsx",Recent Changes,2011
2026-10-06,2021-06-21,Santander,"Miranda Valenzuela, Luis",Recommendation,Non-Periodic,Buy (1),Hold (3), ,Outperform (2.15),Outperform (2.31), ,"filings/capitaliq/Estimates/Recent Changes/SPGlobal_GrupoBimbo,S.A.B.deC.V._RecentChanges_06-Oct-2026.xlsx",Recent Changes,2012
2026-10-06,2021-06-18,Not Entitled**,Not Entitled**,Target Price,Non-Periodic,47,46,2.17391300201416,48.23077,48.15385,0.15973800420761108,"filings/capitaliq/Estimates/Recent Changes/SPGlobal_GrupoBimbo,S.A.B.deC.V._RecentChanges_06-Oct-2026.xlsx",Recent Changes,2013
2026-10-06,2021-05-30,Not Entitled**,Not Entitled**,Target Price,Non-Periodic,-,-,-,-,-,-,"filings/capitaliq/Estimates/Recent Changes/SPGlobal_GrupoBimbo,S.A.B.deC.V._RecentChanges_06-Oct-2026.xlsx",Recent Changes,2014
2026-10-06,2021-05-28,"GBM Grupo Bursátil Mexicano, S.A. de C.V. Casa de Bolsa","Angel Tortolero, Miguel",Target Price,Non-Periodic,51,45,13.333333015441895,47.92308,47.46154,0.9724505543708801,"filings/capitaliq/Estimates/Recent Changes/SPGlobal_GrupoBimbo,S.A.B.deC.V._RecentChanges_06-Oct-2026.xlsx",Recent Changes,2015
2026-10-06,2021-05-28,"GBM Grupo Bursátil Mexicano, S.A. de C.V. Casa de Bolsa","Angel Tortolero, Miguel",Recommendation,Non-Periodic,Buy (1),Hold (3), ,Outperform (2.31),Outperform (2.46), ,"filings/capitaliq/Estimates/Recent Changes/SPGlobal_GrupoBimbo,S.A.B.deC.V._RecentChanges_06-Oct-2026.xlsx",Recent Changes,2016
2026-10-06,2021-04-28,Not Entitled**,Not Entitled**,Target Price,Non-Periodic,47,48,-2.0833332538604736,47.30769,47.38462,-0.16235226392745972,"filings/capitaliq/Estimates/Recent Changes/SPGlobal_GrupoBimbo,S.A.B.deC.V._RecentChanges_06-Oct-2026.xlsx",Recent Changes,2017
2026-10-06,2021-03-30,Not Entitled**,Not Entitled**,Target Price,Non-Periodic,-,-,-,-,-,-,"filings/capitaliq/Estimates/Recent Changes/SPGlobal_GrupoBimbo,S.A.B.deC.V._RecentChanges_06-Oct-2026.xlsx",Recent Changes,2018
2026-10-06,2021-03-10,Not Entitled**,Not Entitled**,Target Price,Non-Periodic,-,-,-,-,-,-,"filings/capitaliq/Estimates/Recent Changes/SPGlobal_GrupoBimbo,S.A.B.deC.V._RecentChanges_06-Oct-2026.xlsx",Recent Changes,2019
2026-10-06,2021-02-24,Not Entitled**,Not Entitled**,Target Price,Non-Periodic,45,46,-2.17391300201416,47.46154,47.53846,-0.16180582344532013,"filings/capitaliq/Estimates/Recent Changes/SPGlobal_GrupoBimbo,S.A.B.deC.V._RecentChanges_06-Oct-2026.xlsx",Recent Changes,2020
2026-10-06,2021-02-24,Not Entitled**,Not Entitled**,Target Price,Non-Periodic,46,45,2.222222328186035,47.53846,47.46154,0.16206806898117065,"filings/capitaliq/Estimates/Recent Changes/SPGlobal_GrupoBimbo,S.A.B.deC.V._RecentChanges_06-Oct-2026.xlsx",Recent Changes,2021
2026-10-06,2021-02-03,Not Entitled**,Not Entitled**,Recommendation,Non-Periodic,-,-, ,-,-, ,"filings/capitaliq/Estimates/Recent Changes/SPGlobal_GrupoBimbo,S.A.B.deC.V._RecentChanges_06-Oct-2026.xlsx",Recent Changes,2022
2026-10-06,2021-01-27,Not Entitled**,Not Entitled**,Target Price,Non-Periodic,48,49,-2.040816307067871,47.46154,47.53846,-0.16180582344532013,"filings/capitaliq/Estimates/Recent Changes/SPGlobal_GrupoBimbo,S.A.B.deC.V._RecentChanges_06-Oct-2026.xlsx",Recent Changes,2023
2026-10-06,2021-01-27,Not Entitled**,Not Entitled**,Recommendation,Non-Periodic,Hold (3),Buy (1), ,Hold (2.92),Hold (2.77), ,"filings/capitaliq/Estimates/Recent Changes/SPGlobal_GrupoBimbo,S.A.B.deC.V._RecentChanges_06-Oct-2026.xlsx",Recent Changes,2024
2026-10-06,2020-12-14,Santander,"Miranda Valenzuela, Luis",Target Price,Non-Periodic,49,40,22.5,47.53846,46.84615,1.4778375625610352,"filings/capitaliq/Estimates/Recent Changes/SPGlobal_GrupoBimbo,S.A.B.deC.V._RecentChanges_06-Oct-2026.xlsx",Recent Changes,2025
2026-10-06,2020-12-06,Not Entitled**,Not Entitled**,Target Price,Non-Periodic,43,42,2.3809523582458496,46.84615,46.76923,0.16446711122989655,"filings/capitaliq/Estimates/Recent Changes/SPGlobal_GrupoBimbo,S.A.B.deC.V._RecentChanges_06-Oct-2026.xlsx",Recent Changes,2026
2026-10-06,2020-12-02,Not Entitled**,Not Entitled**,Target Price,Non-Periodic,-,-,-,-,-,-,"filings/capitaliq/Estimates/Recent Changes/SPGlobal_GrupoBimbo,S.A.B.deC.V._RecentChanges_06-Oct-2026.xlsx",Recent Changes,2027
2026-10-06,2020-11-16,Not Entitled**,Not Entitled**,Recommendation,Non-Periodic,-,-, ,-,-, ,"filings/capitaliq/Estimates/Recent Changes/SPGlobal_GrupoBimbo,S.A.B.deC.V._RecentChanges_06-Oct-2026.xlsx",Recent Changes,2028
2026-10-06,2020-11-09,Itau BBA,"Ley Pinto, Joaquín",Target Price,Non-Periodic,46,42,9.523809432983398,46.38571,46.41538,-0.06392277777194977,"filings/capitaliq/Estimates/Recent Changes/SPGlobal_GrupoBimbo,S.A.B.deC.V._RecentChanges_06-Oct-2026.xlsx",Recent Changes,2029
2026-10-06,2020-10-22,Not Entitled**,Not Entitled**,Target Price,Non-Periodic,51,46,10.8695650100708,45.73846,45.35385,0.848020613193512,"filings/capitaliq/Estimates/Recent Changes/SPGlobal_GrupoBimbo,S.A.B.deC.V._RecentChanges_06-Oct-2026.xlsx",Recent Changes,2030
2026-10-06,2020-10-21,Not Entitled**,Not Entitled**,Target Price,Non-Periodic,49,46,6.5217390060424805,45.35385,45.12308,0.5114234089851379,"filings/capitaliq/Estimates/Recent Changes/SPGlobal_GrupoBimbo,S.A.B.deC.V._RecentChanges_06-Oct-2026.xlsx",Recent Changes,2031
2026-10-06,2020-10-21,Not Entitled**,Not Entitled**,Target Price,Non-Periodic,46,42,9.523809432983398,45.12308,44.81538,0.6865946650505066,"filings/capitaliq/Estimates/Recent Changes/SPGlobal_GrupoBimbo,S.A.B.deC.V._RecentChanges_06-Oct-2026.xlsx",Recent Changes,2032
2026-10-06,2020-10-20,Not Entitled**,Not Entitled**,Target Price,Non-Periodic,-,-,-,-,-,-,"filings/capitaliq/Estimates/Recent Changes/SPGlobal_GrupoBimbo,S.A.B.deC.V._RecentChanges_06-Oct-2026.xlsx",Recent Changes,2033
2026-10-06,2020-10-20,Not Entitled**,Not Entitled**,Recommendation,Non-Periodic,-,-, ,-,-, ,"filings/capitaliq/Estimates/Recent Changes/SPGlobal_GrupoBimbo,S.A.B.deC.V._RecentChanges_06-Oct-2026.xlsx",Recent Changes,2034
2026-10-06,2020-10-15,"GBM Grupo Bursátil Mexicano, S.A. de C.V. Casa de Bolsa","Angel Tortolero, Miguel",Target Price,Non-Periodic,45,40,12.5,43.89231,43.50769,0.8840276002883911,"filings/capitaliq/Estimates/Recent Changes/SPGlobal_GrupoBimbo,S.A.B.deC.V._RecentChanges_06-Oct-2026.xlsx",Recent Changes,2035
2026-10-06,2020-08-15,Not Entitled**,Not Entitled**,Target Price,Non-Periodic,50,41,21.95121955871582,43.04286,42.50769,1.258995771408081,"filings/capitaliq/Estimates/Recent Changes/SPGlobal_GrupoBimbo,S.A.B.deC.V._RecentChanges_06-Oct-2026.xlsx",Recent Changes,2036
2026-10-06,2020-08-15,Not Entitled**,Not Entitled**,Recommendation,Non-Periodic,Outperform (2),Hold (3), ,Outperform (2.50),Hold (2.57), ,"filings/capitaliq/Estimates/Recent Changes/SPGlobal_GrupoBimbo,S.A.B.deC.V._RecentChanges_06-Oct-2026.xlsx",Recent Changes,2037
2026-10-06,2020-08-15,Not Entitled**,Not Entitled**,Effective Tax Rate (%),2026 FY,35,NA,NA,35,41,-14.63414634146341,"filings/capitaliq/Estimates/Recent Changes/SPGlobal_GrupoBimbo,S.A.B.deC.V._RecentChanges_06-Oct-2026.xlsx",Recent Changes,2038
2026-10-06,2020-08-15,Not Entitled**,Not Entitled**,Free Cash Flow (Mex$000),2026 FY,18725000,23909000,-21.6822,18725000,23909000,-21.6822117194362,"filings/capitaliq/Estimates/Recent Changes/SPGlobal_GrupoBimbo,S.A.B.deC.V._RecentChanges_06-Oct-2026.xlsx",Recent Changes,2039
2026-10-06,2020-08-15,Not Entitled**,Not Entitled**,EBITDA (Mex$000),2026 FY,55254000,NA,NA,55254000,NA,NA,"filings/capitaliq/Estimates/Recent Changes/SPGlobal_GrupoBimbo,S.A.B.deC.V._RecentChanges_06-Oct-2026.xlsx",Recent Changes,2040
2026-10-06,2020-08-15,Not Entitled**,Not Entitled**,Capital Expenditures (Mex$000),2026 FY,19604000,17136000,14.4024,19112500,18621000,2.63949304548628,"filings/capitaliq/Estimates/Recent Changes/SPGlobal_GrupoBimbo,S.A.B.deC.V._RecentChanges_06-Oct-2026.xlsx",Recent Changes,2041
2026-10-06,2020-08-15,Not Entitled**,Not Entitled**,Cash From Operations (Mex$000),2026 FY,48551000,NA,NA,48551000,NA,NA,"filings/capitaliq/Estimates/Recent Changes/SPGlobal_GrupoBimbo,S.A.B.deC.V._RecentChanges_06-Oct-2026.xlsx",Recent Changes,2042
2026-10-06,2020-08-15,Not Entitled**,Not Entitled**,EBIT (Mex$000),2026 FY,36166000,NA,NA,34476000,32786000,5.15463917525773,"filings/capitaliq/Estimates/Recent Changes/SPGlobal_GrupoBimbo,S.A.B.deC.V._RecentChanges_06-Oct-2026.xlsx",Recent Changes,2043
2026-10-06,2020-08-11,Not Entitled**,Not Entitled**,Target Price,Non-Periodic,-,-,-,-,-,-,"filings/capitaliq/Estimates/Recent Changes/SPGlobal_GrupoBimbo,S.A.B.deC.V._RecentChanges_06-Oct-2026.xlsx",Recent Changes,2044
2026-10-06,2020-07-28,Not Entitled**,Not Entitled**,Target Price,Non-Periodic,42,37,13.513513565063477,41.06154,40.67692,0.9455484747886658,"filings/capitaliq/Estimates/Recent Changes/SPGlobal_GrupoBimbo,S.A.B.deC.V._RecentChanges_06-Oct-2026.xlsx",Recent Changes,2045
2026-10-06,2020-07-28,Not Entitled**,Not Entitled**,Target Price,Non-Periodic,42,36,16.66666603088379,40.67692,40.21538,1.1476703882217407,"filings/capitaliq/Estimates/Recent Changes/SPGlobal_GrupoBimbo,S.A.B.deC.V._RecentChanges_06-Oct-2026.xlsx",Recent Changes,2046
2026-10-06,2020-07-28,Not Entitled**,Not Entitled**,Recommendation,Non-Periodic,Hold (3),Underperform (4), ,Hold (2.57),Hold (2.64), ,"filings/capitaliq/Estimates/Recent Changes/SPGlobal_GrupoBimbo,S.A.B.deC.V._RecentChanges_06-Oct-2026.xlsx",Recent Changes,2047
2026-10-06,2020-07-28,Not Entitled**,Not Entitled**,Target Price,Non-Periodic,46,41,12.195121765136719,40.21538,39.83077,0.9656102657318115,"filings/capitaliq/Estimates/Recent Changes/SPGlobal_GrupoBimbo,S.A.B.deC.V._RecentChanges_06-Oct-2026.xlsx",Recent Changes,2048
2026-10-06,2020-07-27,Not Entitled**,Not Entitled**,Target Price,Non-Periodic,46,40,15,39.83077,39.36923,1.1723368167877197,"filings/capitaliq/Estimates/Recent Changes/SPGlobal_GrupoBimbo,S.A.B.deC.V._RecentChanges_06-Oct-2026.xlsx",Recent Changes,2049
2026-10-06,2020-07-27,Not Entitled**,Not Entitled**,Target Price,Non-Periodic,45,41,9.756097793579102,39.36923,39.06154,0.7877057790756226,"filings/capitaliq/Estimates/Recent Changes/SPGlobal_GrupoBimbo,S.A.B.deC.V._RecentChanges_06-Oct-2026.xlsx",Recent Changes,2050
2026-10-06,2020-07-27,Not Entitled**,Not Entitled**,Target Price,Non-Periodic,41,41,0,39.06154,39.2,-0.353214293718338,"filings/capitaliq/Estimates/Recent Changes/SPGlobal_GrupoBimbo,S.A.B.deC.V._RecentChanges_06-Oct-2026.xlsx",Recent Changes,2051
2026-10-06,2020-07-19,Not Entitled**,Not Entitled**,Target Price,Non-Periodic,-,-,-,-,-,-,"filings/capitaliq/Estimates/Recent Changes/SPGlobal_GrupoBimbo,S.A.B.deC.V._RecentChanges_06-Oct-2026.xlsx",Recent Changes,2052
2026-10-06,2020-07-14,Not Entitled**,Not Entitled**,Target Price,Non-Periodic,41,36,13.88888931274414,39.12857,38.77143,0.9211422204971313,"filings/capitaliq/Estimates/Recent Changes/SPGlobal_GrupoBimbo,S.A.B.deC.V._RecentChanges_06-Oct-2026.xlsx",Recent Changes,2053
2026-10-06,2020-07-12,Not Entitled**,Not Entitled**,Recommendation,Non-Periodic,Underperform (4),Hold (3), ,Hold (2.64),Hold (2.57), ,"filings/capitaliq/Estimates/Recent Changes/SPGlobal_GrupoBimbo,S.A.B.deC.V._RecentChanges_06-Oct-2026.xlsx",Recent Changes,2054
2026-10-06,2020-04-27,Not Entitled**,Not Entitled**,Target Price,Non-Periodic,40,38,5.263157844543457,38.52,38.38667,0.3473341166973114,"filings/capitaliq/Estimates/Recent Changes/SPGlobal_GrupoBimbo,S.A.B.deC.V._RecentChanges_06-Oct-2026.xlsx",Recent Changes,2055
2026-10-06,2020-04-15,Not Entitled**,Not Entitled**,Target Price,Non-Periodic,-,-,-,-,-,-,"filings/capitaliq/Estimates/Recent Changes/SPGlobal_GrupoBimbo,S.A.B.deC.V._RecentChanges_06-Oct-2026.xlsx",Recent Changes,2056
2026-10-06,2020-04-07,Not Entitled**,Not Entitled**,Target Price,Non-Periodic,36,40,-10,38.41429,38.7,-0.7382687330245972,"filings/capitaliq/Estimates/Recent Changes/SPGlobal_GrupoBimbo,S.A.B.deC.V._RecentChanges_06-Oct-2026.xlsx",Recent Changes,2057
2026-10-06,2020-04-02,Not Entitled**,Not Entitled**,Recommendation,Non-Periodic,Outperform (2),Hold (3), ,Hold (2.57),Hold (2.64), ,"filings/capitaliq/Estimates/Recent Changes/SPGlobal_GrupoBimbo,S.A.B.deC.V._RecentChanges_06-Oct-2026.xlsx",Recent Changes,2058
2026-10-06,2020-04-02,Not Entitled**,Not Entitled**,Target Price,Non-Periodic,41,38.3,7.04960823059082,38.95,38.75714,0.49761152267456055,"filings/capitaliq/Estimates/Recent Changes/SPGlobal_GrupoBimbo,S.A.B.deC.V._RecentChanges_06-Oct-2026.xlsx",Recent Changes,2059
2026-10-06,2020-03-23,Not Entitled**,Not Entitled**,Recommendation,Non-Periodic,Hold (3),Outperform (2), ,Hold (2.53),Outperform (2.47), ,"filings/capitaliq/Estimates/Recent Changes/SPGlobal_GrupoBimbo,S.A.B.deC.V._RecentChanges_06-Oct-2026.xlsx",Recent Changes,2060
2026-10-06,2020-03-23,Not Entitled**,Not Entitled**,Target Price,Non-Periodic,36,41,-12.195121765136719,39.27333,39.60667,-0.8416259288787842,"filings/capitaliq/Estimates/Recent Changes/SPGlobal_GrupoBimbo,S.A.B.deC.V._RecentChanges_06-Oct-2026.xlsx",Recent Changes,2061
2026-10-06,2020-03-23,Not Entitled**,Not Entitled**,Target Price,Non-Periodic,38,35,8.571428298950195,39.60667,39.40667,0.5075283050537109,"filings/capitaliq/Estimates/Recent Changes/SPGlobal_GrupoBimbo,S.A.B.deC.V._RecentChanges_06-Oct-2026.xlsx",Recent Changes,2062
2026-10-06,2020-03-23,Not Entitled**,Not Entitled**,Recommendation,Non-Periodic,Buy (1),Hold (3), ,Outperform (2.47),Hold (2.60), ,"filings/capitaliq/Estimates/Recent Changes/SPGlobal_GrupoBimbo,S.A.B.deC.V._RecentChanges_06-Oct-2026.xlsx",Recent Changes,2063
2026-10-06,2020-03-04,Not Entitled**,Not Entitled**,Target Price,Non-Periodic,38.3,40.4,-5.198019981384277,39.60667,39.74667,-0.3522307574748993,"filings/capitaliq/Estimates/Recent Changes/SPGlobal_GrupoBimbo,S.A.B.deC.V._RecentChanges_06-Oct-2026.xlsx",Recent Changes,2064
2026-10-06,2020-03-04,Not Entitled**,Not Entitled**,Target Price,Non-Periodic,35,40,-12.5,39.74667,40.08,-0.8316617012023926,"filings/capitaliq/Estimates/Recent Changes/SPGlobal_GrupoBimbo,S.A.B.deC.V._RecentChanges_06-Oct-2026.xlsx",Recent Changes,2065
2026-10-06,2020-02-20,Not Entitled**,Not Entitled**,Target Price,Non-Periodic,40,44,-9.090909004211426,40.08571,40.37143,-0.7077282071113586,"filings/capitaliq/Estimates/Recent Changes/SPGlobal_GrupoBimbo,S.A.B.deC.V._RecentChanges_06-Oct-2026.xlsx",Recent Changes,2066
2026-10-06,2020-02-06,Not Entitled**,Not Entitled**,Target Price,Non-Periodic,37,35,5.714285850524902,40.48,40.34667,0.33046096563339233,"filings/capitaliq/Estimates/Recent Changes/SPGlobal_GrupoBimbo,S.A.B.deC.V._RecentChanges_06-Oct-2026.xlsx",Recent Changes,2067
2026-10-06,2020-02-03,Not Entitled**,Not Entitled**,Target Price,Non-Periodic,-,-,-,-,-,-,"filings/capitaliq/Estimates/Recent Changes/SPGlobal_GrupoBimbo,S.A.B.deC.V._RecentChanges_06-Oct-2026.xlsx",Recent Changes,2068
2026-10-06,2020-01-27,Not Entitled**,Not Entitled**,Target Price,Non-Periodic,41,42,-2.3809523582458496,40.05,40.12143,-0.17803452908992767,"filings/capitaliq/Estimates/Recent Changes/SPGlobal_GrupoBimbo,S.A.B.deC.V._RecentChanges_06-Oct-2026.xlsx",Recent Changes,2069
2026-10-06,2019-12-12,Santander,"Miranda Valenzuela, Luis",Target Price,Non-Periodic,40,41,-2.4390244483947754,40.96667,41.03333,-0.1624533087015152,"filings/capitaliq/Estimates/Recent Changes/SPGlobal_GrupoBimbo,S.A.B.deC.V._RecentChanges_06-Oct-2026.xlsx",Recent Changes,2070
2026-10-06,2019-12-10,"GBM Grupo Bursátil Mexicano, S.A. de C.V. Casa de Bolsa","Angel Tortolero, Miguel",Target Price,Non-Periodic,40,41,-2.4390244483947754,41.03333,41.1,-0.16221411526203156,"filings/capitaliq/Estimates/Recent Changes/SPGlobal_GrupoBimbo,S.A.B.deC.V._RecentChanges_06-Oct-2026.xlsx",Recent Changes,2071
2026-10-06,2019-12-01,Not Entitled**,Not Entitled**,Target Price,Non-Periodic,42,43,-2.3255813121795654,41.1,41.16667,-0.16195140779018402,"filings/capitaliq/Estimates/Recent Changes/SPGlobal_GrupoBimbo,S.A.B.deC.V._RecentChanges_06-Oct-2026.xlsx",Recent Changes,2072
2026-10-06,2019-11-13,Not Entitled**,Not Entitled**,Target Price,Non-Periodic,41,39,5.128205299377441,41.04667,40.91333,0.32590845227241516,"filings/capitaliq/Estimates/Recent Changes/SPGlobal_GrupoBimbo,S.A.B.deC.V._RecentChanges_06-Oct-2026.xlsx",Recent Changes,2073
2026-10-06,2019-10-25,Not Entitled**,Not Entitled**,Target Price,Non-Periodic,40,42,-4.761904716491699,40.91333,41.04667,-0.3248497247695923,"filings/capitaliq/Estimates/Recent Changes/SPGlobal_GrupoBimbo,S.A.B.deC.V._RecentChanges_06-Oct-2026.xlsx",Recent Changes,2074
2026-10-06,2019-10-25,Not Entitled**,Not Entitled**,Recommendation,Non-Periodic,Hold (3),Underperform (4), ,Hold (2.80),Hold (2.87), ,"filings/capitaliq/Estimates/Recent Changes/SPGlobal_GrupoBimbo,S.A.B.deC.V._RecentChanges_06-Oct-2026.xlsx",Recent Changes,2075
2026-10-06,2019-10-24,"GBM Grupo Bursátil Mexicano, S.A. de C.V. Casa de Bolsa","Angel Tortolero, Miguel",Recommendation,Non-Periodic,Hold (3),Sell (5), ,Hold (2.87),Hold (3.00), ,"filings/capitaliq/Estimates/Recent Changes/SPGlobal_GrupoBimbo,S.A.B.deC.V._RecentChanges_06-Oct-2026.xlsx",Recent Changes,2076
2026-10-06,2019-10-20,Not Entitled**,Not Entitled**,Target Price,Non-Periodic,35,50,-30,41.04667,42.04667,-2.378309726715088,"filings/capitaliq/Estimates/Recent Changes/SPGlobal_GrupoBimbo,S.A.B.deC.V._RecentChanges_06-Oct-2026.xlsx",Recent Changes,2077
2026-10-06,2019-10-20,Not Entitled**,Not Entitled**,Recommendation,Non-Periodic,Hold (3),Buy (1), ,Hold (3.00),Hold (2.87), ,"filings/capitaliq/Estimates/Recent Changes/SPGlobal_GrupoBimbo,S.A.B.deC.V._RecentChanges_06-Oct-2026.xlsx",Recent Changes,2078
2026-10-06,2019-10-04,Not Entitled**,Not Entitled**,Target Price,Non-Periodic,43,44,-2.2727272510528564,42.04667,42.11333,-0.1582871675491333,"filings/capitaliq/Estimates/Recent Changes/SPGlobal_GrupoBimbo,S.A.B.deC.V._RecentChanges_06-Oct-2026.xlsx",Recent Changes,2079
2026-10-06,2019-09-12,Not Entitled**,Not Entitled**,Target Price,Non-Periodic,-,-,-,-,-,-,"filings/capitaliq/Estimates/Recent Changes/SPGlobal_GrupoBimbo,S.A.B.deC.V._RecentChanges_06-Oct-2026.xlsx",Recent Changes,2080
2026-10-06,2019-09-12,Not Entitled**,Not Entitled**,Recommendation,Non-Periodic,-,-, ,-,-, ,"filings/capitaliq/Estimates/Recent Changes/SPGlobal_GrupoBimbo,S.A.B.deC.V._RecentChanges_06-Oct-2026.xlsx",Recent Changes,2081
2026-10-06,2019-09-10,Not Entitled**,Not Entitled**,Target Price,Non-Periodic,-,-,-,-,-,-,"filings/capitaliq/Estimates/Recent Changes/SPGlobal_GrupoBimbo,S.A.B.deC.V._RecentChanges_06-Oct-2026.xlsx",Recent Changes,2082
2026-10-06,2019-08-08,Not Entitled**,Not Entitled**,Target Price,Non-Periodic,44,44,0,NA,NA,NA,"filings/capitaliq/Estimates/Recent Changes/SPGlobal_GrupoBimbo,S.A.B.deC.V._RecentChanges_06-Oct-2026.xlsx",Recent Changes,2083
2026-10-06,2019-08-07,Not Entitled**,Not Entitled**,Target Price,Non-Periodic,44,46,-4.34782600402832,43.3875,43.5125,-0.2872737646102905,"filings/capitaliq/Estimates/Recent Changes/SPGlobal_GrupoBimbo,S.A.B.deC.V._RecentChanges_06-Oct-2026.xlsx",Recent Changes,2084
2026-10-06,2019-08-07,Santander,"Miranda Valenzuela, Luis",Target Price,Non-Periodic,41,44,-6.818181991577148,43.5125,43.7,-0.42906177043914795,"filings/capitaliq/Estimates/Recent Changes/SPGlobal_GrupoBimbo,S.A.B.deC.V._RecentChanges_06-Oct-2026.xlsx",Recent Changes,2085
2026-10-06,2019-08-07,Santander,"Miranda Valenzuela, Luis",Effective Tax Rate (%),2026 FY,41,38,7.8947,41,38,7.89473684210526,"filings/capitaliq/Estimates/Recent Changes/SPGlobal_GrupoBimbo,S.A.B.deC.V._RecentChanges_06-Oct-2026.xlsx",Recent Changes,2086
2026-10-06,2019-07-24,Not Entitled**,Not Entitled**,Target Price,Non-Periodic,39,55,-29.090909957885742,43.81875,44.14,-0.7277979254722595,"filings/capitaliq/Estimates/Recent Changes/SPGlobal_GrupoBimbo,S.A.B.deC.V._RecentChanges_06-Oct-2026.xlsx",Recent Changes,2087
2026-10-06,2019-07-24,Not Entitled**,Not Entitled**,Recommendation,Non-Periodic,Hold (3),Outperform (2), ,Hold (2.81),Hold (2.80), ,"filings/capitaliq/Estimates/Recent Changes/SPGlobal_GrupoBimbo,S.A.B.deC.V._RecentChanges_06-Oct-2026.xlsx",Recent Changes,2088
2026-10-06,2019-07-24,Not Entitled**,Not Entitled**,Target Price,Non-Periodic,40.4,46,-12.17391300201416,44.14,44.51333,-0.8386926054954529,"filings/capitaliq/Estimates/Recent Changes/SPGlobal_GrupoBimbo,S.A.B.deC.V._RecentChanges_06-Oct-2026.xlsx",Recent Changes,2089
2026-10-06,2019-07-23,Not Entitled**,Not Entitled**,Target Price,Non-Periodic,42,43,-2.3255813121795654,44.51333,44.58,-0.1495513617992401,"filings/capitaliq/Estimates/Recent Changes/SPGlobal_GrupoBimbo,S.A.B.deC.V._RecentChanges_06-Oct-2026.xlsx",Recent Changes,2090
2026-10-06,2019-07-23,Not Entitled**,Not Entitled**,Recommendation,Non-Periodic,Underperform (4),Hold (3), ,Hold (2.80),Hold (2.73), ,"filings/capitaliq/Estimates/Recent Changes/SPGlobal_GrupoBimbo,S.A.B.deC.V._RecentChanges_06-Oct-2026.xlsx",Recent Changes,2091
2026-10-06,2019-07-23,Not Entitled**,Not Entitled**,Recommendation,Non-Periodic,Outperform (2),Outperform (2), ,Hold (2.73),Hold (2.69), ,"filings/capitaliq/Estimates/Recent Changes/SPGlobal_GrupoBimbo,S.A.B.deC.V._RecentChanges_06-Oct-2026.xlsx",Recent Changes,2092
2026-10-06,2019-07-23,Not Entitled**,Not Entitled**,Target Price,Non-Periodic,55,55,0,44.38667,45.05,-1.4724305868148804,"filings/capitaliq/Estimates/Recent Changes/SPGlobal_GrupoBimbo,S.A.B.deC.V._RecentChanges_06-Oct-2026.xlsx",Recent Changes,2093
2026-10-06,2019-07-22,Not Entitled**,Not Entitled**,Target Price,Non-Periodic,44,46,-4.34782600402832,45.05,45.175,-0.2767017185688019,"filings/capitaliq/Estimates/Recent Changes/SPGlobal_GrupoBimbo,S.A.B.deC.V._RecentChanges_06-Oct-2026.xlsx",Recent Changes,2094
2026-10-06,2019-07-21,Not Entitled**,Not Entitled**,Target Price,Non-Periodic,46,47,-2.127659559249878,45.175,45.2375,-0.13815970718860626,"filings/capitaliq/Estimates/Recent Changes/SPGlobal_GrupoBimbo,S.A.B.deC.V._RecentChanges_06-Oct-2026.xlsx",Recent Changes,2095
2026-10-06,2019-07-21,Not Entitled**,Not Entitled**,Recommendation,Non-Periodic,Hold (3),Buy (1), ,Hold (2.69),Hold (2.56), ,"filings/capitaliq/Estimates/Recent Changes/SPGlobal_GrupoBimbo,S.A.B.deC.V._RecentChanges_06-Oct-2026.xlsx",Recent Changes,2096
2026-10-06,2019-07-08,Not Entitled**,Not Entitled**,Target Price,Non-Periodic,-,-,-,-,-,-,"filings/capitaliq/Estimates/Recent Changes/SPGlobal_GrupoBimbo,S.A.B.deC.V._RecentChanges_06-Oct-2026.xlsx",Recent Changes,2097
2026-10-06,2019-05-19,Not Entitled**,Not Entitled**,Target Price,Non-Periodic,46,47,-2.127659559249878,45.175,45.2375,-0.13815970718860626,"filings/capitaliq/Estimates/Recent Changes/SPGlobal_GrupoBimbo,S.A.B.deC.V._RecentChanges_06-Oct-2026.xlsx",Recent Changes,2098
2026-10-06,2019-05-06,"GBM Grupo Bursátil Mexicano, S.A. de C.V. Casa de Bolsa","Angel Tortolero, Miguel",Target Price,Non-Periodic,41,43.4,-5.529953956604004,45.175,45.45333,-0.612342357635498,"filings/capitaliq/Estimates/Recent Changes/SPGlobal_GrupoBimbo,S.A.B.deC.V._RecentChanges_06-Oct-2026.xlsx",Recent Changes,2099
2026-10-06,2019-04-30,Not Entitled**,Not Entitled**,Target Price,Non-Periodic,47,46,2.17391300201416,45.45333,45.38667,0.14687131345272064,"filings/capitaliq/Estimates/Recent Changes/SPGlobal_GrupoBimbo,S.A.B.deC.V._RecentChanges_06-Oct-2026.xlsx",Recent Changes,2100
2026-10-06,2019-04-01,Not Entitled**,Not Entitled**,Target Price,Non-Periodic,47,47,0,NA,NA,NA,"filings/capitaliq/Estimates/Recent Changes/SPGlobal_GrupoBimbo,S.A.B.deC.V._RecentChanges_06-Oct-2026.xlsx",Recent Changes,2101
2026-10-06,2019-03-31,Not Entitled**,Not Entitled**,Target Price,Non-Periodic,47,46,2.17391300201416,45.18667,45.12,0.1477615237236023,"filings/capitaliq/Estimates/Recent Changes/SPGlobal_GrupoBimbo,S.A.B.deC.V._RecentChanges_06-Oct-2026.xlsx",Recent Changes,2102
2026-10-06,2019-02-25,Not Entitled**,Not Entitled**,Target Price,Non-Periodic,46,40,15,45.05333,44.65333,0.8957898616790771,"filings/capitaliq/Estimates/Recent Changes/SPGlobal_GrupoBimbo,S.A.B.deC.V._RecentChanges_06-Oct-2026.xlsx",Recent Changes,2103
2026-10-06,2019-02-25,Not Entitled**,Not Entitled**,Recommendation,Non-Periodic,Outperform (2),Hold (3), ,Outperform (2.40),Outperform (2.47), ,"filings/capitaliq/Estimates/Recent Changes/SPGlobal_GrupoBimbo,S.A.B.deC.V._RecentChanges_06-Oct-2026.xlsx",Recent Changes,2104
2026-10-06,2019-01-31,Not Entitled**,Not Entitled**,Target Price,Non-Periodic,40,42,-4.761904716491699,44.94667,45.08,-0.2957630753517151,"filings/capitaliq/Estimates/Recent Changes/SPGlobal_GrupoBimbo,S.A.B.deC.V._RecentChanges_06-Oct-2026.xlsx",Recent Changes,2105
2026-10-06,2019-01-22,Not Entitled**,Not Entitled**,Target Price,Non-Periodic,43,44,-2.2727272510528564,45.08,45.14667,-0.14767423272132874,"filings/capitaliq/Estimates/Recent Changes/SPGlobal_GrupoBimbo,S.A.B.deC.V._RecentChanges_06-Oct-2026.xlsx",Recent Changes,2106
2026-10-06,2019-01-14,Itau BBA,"Costa Barreto, Antonio",Target Price,Non-Periodic,42,55,-23.636363983154297,45.38,46.24667,-1.8740160465240479,"filings/capitaliq/Estimates/Recent Changes/SPGlobal_GrupoBimbo,S.A.B.deC.V._RecentChanges_06-Oct-2026.xlsx",Recent Changes,2107
2026-10-06,2019-01-14,Itau BBA,"Costa Barreto, Antonio",Recommendation,Non-Periodic,Hold (3),Outperform (2), ,Outperform (2.47),Outperform (2.40), ,"filings/capitaliq/Estimates/Recent Changes/SPGlobal_GrupoBimbo,S.A.B.deC.V._RecentChanges_06-Oct-2026.xlsx",Recent Changes,2108
2026-10-06,2018-12-13,Santander,"Miranda Valenzuela, Luis",Target Price,Non-Periodic,44,46,-4.34782600402832,46.18,46.31333,-0.2878868877887726,"filings/capitaliq/Estimates/Recent Changes/SPGlobal_GrupoBimbo,S.A.B.deC.V._RecentChanges_06-Oct-2026.xlsx",Recent Changes,2109
2026-10-06,2018-12-12,Not Entitled**,Not Entitled**,Target Price,Non-Periodic,46,48,-4.166666507720947,46.31333,46.44667,-0.28708192706108093,"filings/capitaliq/Estimates/Recent Changes/SPGlobal_GrupoBimbo,S.A.B.deC.V._RecentChanges_06-Oct-2026.xlsx",Recent Changes,2110
2026-10-06,2018-11-05,Not Entitled**,Not Entitled**,Target Price,Non-Periodic,42,41,2.4390244483947754,46.16875,46.10625,0.13555645942687988,"filings/capitaliq/Estimates/Recent Changes/SPGlobal_GrupoBimbo,S.A.B.deC.V._RecentChanges_06-Oct-2026.xlsx",Recent Changes,2111
2026-10-06,2018-10-24,Not Entitled**,Not Entitled**,Target Price,Non-Periodic,48,47,2.127659559249878,46.26875,46.20625,0.1352630853652954,"filings/capitaliq/Estimates/Recent Changes/SPGlobal_GrupoBimbo,S.A.B.deC.V._RecentChanges_06-Oct-2026.xlsx",Recent Changes,2112
2026-10-06,2018-09-13,Not Entitled**,Not Entitled**,Target Price,Non-Periodic,41,35,17.14285659790039,46.80625,46.43125,0.8076457381248474,"filings/capitaliq/Estimates/Recent Changes/SPGlobal_GrupoBimbo,S.A.B.deC.V._RecentChanges_06-Oct-2026.xlsx",Recent Changes,2113
2026-10-06,2018-09-13,Not Entitled**,Not Entitled**,Recommendation,Non-Periodic,Hold (3),Underperform (4), ,Outperform (2.50),Hold (2.56), ,"filings/capitaliq/Estimates/Recent Changes/SPGlobal_GrupoBimbo,S.A.B.deC.V._RecentChanges_06-Oct-2026.xlsx",Recent Changes,2114
2026-10-06,2018-09-12,Not Entitled**,Not Entitled**,Target Price,Non-Periodic,47,52,-9.615385055541992,46.43125,46.74375,-0.6685385704040527,"filings/capitaliq/Estimates/Recent Changes/SPGlobal_GrupoBimbo,S.A.B.deC.V._RecentChanges_06-Oct-2026.xlsx",Recent Changes,2115
2026-10-06,2018-07-27,Not Entitled**,Not Entitled**,Target Price,Non-Periodic,35,33,6.060606002807617,46.65625,46.53125,0.26863667368888855,"filings/capitaliq/Estimates/Recent Changes/SPGlobal_GrupoBimbo,S.A.B.deC.V._RecentChanges_06-Oct-2026.xlsx",Recent Changes,2116
2026-10-06,2018-07-25,Not Entitled**,Not Entitled**,Recommendation,Non-Periodic,Hold (3),Underperform (4), ,Hold (2.56),Hold (2.63), ,"filings/capitaliq/Estimates/Recent Changes/SPGlobal_GrupoBimbo,S.A.B.deC.V._RecentChanges_06-Oct-2026.xlsx",Recent Changes,2117
2026-10-06,2018-07-24,Not Entitled**,Not Entitled**,Target Price,Non-Periodic,52,57,-8.771929740905762,46.53125,46.84375,-0.6671113967895508,"filings/capitaliq/Estimates/Recent Changes/SPGlobal_GrupoBimbo,S.A.B.deC.V._RecentChanges_06-Oct-2026.xlsx",Recent Changes,2118
2026-10-06,2018-07-09,Not Entitled**,Not Entitled**,Target Price,Non-Periodic,-,-,-,-,-,-,"filings/capitaliq/Estimates/Recent Changes/SPGlobal_GrupoBimbo,S.A.B.deC.V._RecentChanges_06-Oct-2026.xlsx",Recent Changes,2119
2026-10-06,2018-06-19,Santander,"Miranda Valenzuela, Luis",Target Price,Non-Periodic,46,55.5,-17.117116928100586,47.1,47.73333,-1.3268088102340698,"filings/capitaliq/Estimates/Recent Changes/SPGlobal_GrupoBimbo,S.A.B.deC.V._RecentChanges_06-Oct-2026.xlsx",Recent Changes,2120
2026-10-06,2018-06-19,Santander,"Miranda Valenzuela, Luis",Recommendation,Non-Periodic,Hold (3),Buy (1), ,Hold (2.73),Hold (2.60), ,"filings/capitaliq/Estimates/Recent Changes/SPGlobal_GrupoBimbo,S.A.B.deC.V._RecentChanges_06-Oct-2026.xlsx",Recent Changes,2121
2026-10-06,2018-06-17,Not Entitled**,Not Entitled**,Target Price,Non-Periodic,33,41,-19.512195587158203,47.73333,48.26667,-1.1049860715866089,"filings/capitaliq/Estimates/Recent Changes/SPGlobal_GrupoBimbo,S.A.B.deC.V._RecentChanges_06-Oct-2026.xlsx",Recent Changes,2122
2026-10-06,2018-06-11,Not Entitled**,Not Entitled**,Target Price,Non-Periodic,46,49.6,-7.2580647468566895,48.26667,48.50667,-0.4947773218154907,"filings/capitaliq/Estimates/Recent Changes/SPGlobal_GrupoBimbo,S.A.B.deC.V._RecentChanges_06-Oct-2026.xlsx",Recent Changes,2123
2026-10-06,2018-06-06,Not Entitled**,Not Entitled**,Target Price,Non-Periodic,50,50.4,-0.7936508059501648,48.50667,48.53333,-0.05493132397532463,"filings/capitaliq/Estimates/Recent Changes/SPGlobal_GrupoBimbo,S.A.B.deC.V._RecentChanges_06-Oct-2026.xlsx",Recent Changes,2124
2026-10-06,2018-05-24,Not Entitled**,Not Entitled**,Target Price,Non-Periodic,-,-,-,-,-,-,"filings/capitaliq/Estimates/Recent Changes/SPGlobal_GrupoBimbo,S.A.B.deC.V._RecentChanges_06-Oct-2026.xlsx",Recent Changes,2125
2026-10-06,2018-04-27,Not Entitled**,Not Entitled**,Target Price,Non-Periodic,44,46,-4.34782600402832,49.48,49.61333,-0.2687382698059082,"filings/capitaliq/Estimates/Recent Changes/SPGlobal_GrupoBimbo,S.A.B.deC.V._RecentChanges_06-Oct-2026.xlsx",Recent Changes,2126
2026-10-06,2018-03-20,Not Entitled**,Not Entitled**,Target Price,Non-Periodic,50.4,58,-13.103447914123535,50.41333,50.92,-0.9950314164161682,"filings/capitaliq/Estimates/Recent Changes/SPGlobal_GrupoBimbo,S.A.B.deC.V._RecentChanges_06-Oct-2026.xlsx",Recent Changes,2127
2026-10-06,2018-03-13,Not Entitled**,Not Entitled**,Target Price,Non-Periodic,-,-,-,-,-,-,"filings/capitaliq/Estimates/Recent Changes/SPGlobal_GrupoBimbo,S.A.B.deC.V._RecentChanges_06-Oct-2026.xlsx",Recent Changes,2128
2026-10-06,2018-03-09,Not Entitled**,Not Entitled**,Target Price,Non-Periodic,41,42,-2.3809523582458496,50.98667,51.05333,-0.13056935369968414,"filings/capitaliq/Estimates/Recent Changes/SPGlobal_GrupoBimbo,S.A.B.deC.V._RecentChanges_06-Oct-2026.xlsx",Recent Changes,2129
2026-10-06,2018-02-11,Not Entitled**,Not Entitled**,Recommendation,Non-Periodic,Underperform (4),Hold (3), ,Outperform (2.50),Outperform (2.44), ,"filings/capitaliq/Estimates/Recent Changes/SPGlobal_GrupoBimbo,S.A.B.deC.V._RecentChanges_06-Oct-2026.xlsx",Recent Changes,2130
2026-10-06,2018-02-11,Not Entitled**,Not Entitled**,Target Price,Non-Periodic,42,50,-16,51.4,51.93333,-1.0269513130187988,"filings/capitaliq/Estimates/Recent Changes/SPGlobal_GrupoBimbo,S.A.B.deC.V._RecentChanges_06-Oct-2026.xlsx",Recent Changes,2131
2026-10-06,2018-02-06,Not Entitled**,Not Entitled**,Target Price,Non-Periodic,49.6,46.8,5.982905864715576,51.93333,51.74667,0.36071887612342834,"filings/capitaliq/Estimates/Recent Changes/SPGlobal_GrupoBimbo,S.A.B.deC.V._RecentChanges_06-Oct-2026.xlsx",Recent Changes,2132
2026-10-06,2018-02-06,Not Entitled**,Not Entitled**,Recommendation,Non-Periodic,Underperform (4),Hold (3), ,Outperform (2.44),Outperform (2.38), ,"filings/capitaliq/Estimates/Recent Changes/SPGlobal_GrupoBimbo,S.A.B.deC.V._RecentChanges_06-Oct-2026.xlsx",Recent Changes,2133
2026-10-06,2018-02-06,Not Entitled**,Not Entitled**,Target Price,Non-Periodic,46,50,-8,51.74667,52.01333,-0.5126762986183167,"filings/capitaliq/Estimates/Recent Changes/SPGlobal_GrupoBimbo,S.A.B.deC.V._RecentChanges_06-Oct-2026.xlsx",Recent Changes,2134
2026-10-06,2018-01-29,Not Entitled**,Not Entitled**,Target Price,Non-Periodic,55,56,-1.7857142686843872,51.99333,52.06,-0.12806376814842224,"filings/capitaliq/Estimates/Recent Changes/SPGlobal_GrupoBimbo,S.A.B.deC.V._RecentChanges_06-Oct-2026.xlsx",Recent Changes,2135
2026-10-06,2018-01-29,Not Entitled**,Not Entitled**,Depreciation & Amortization (Mex$000),2026 FY,13186000,NA,NA,13117500,13049000,0.52494444018699,"filings/capitaliq/Estimates/Recent Changes/SPGlobal_GrupoBimbo,S.A.B.deC.V._RecentChanges_06-Oct-2026.xlsx",Recent Changes,2136
2026-10-06,2018-01-29,Not Entitled**,Not Entitled**,Capital Expenditures (Mex$000),2026 FY,17136000,NA,NA,17136000,NA,NA,"filings/capitaliq/Estimates/Recent Changes/SPGlobal_GrupoBimbo,S.A.B.deC.V._RecentChanges_06-Oct-2026.xlsx",Recent Changes,2137
2026-10-06,2018-01-29,Not Entitled**,Not Entitled**,Free Cash Flow (Mex$000),2026 FY,23909000,NA,NA,23180500,22452000,3.24469980402637,"filings/capitaliq/Estimates/Recent Changes/SPGlobal_GrupoBimbo,S.A.B.deC.V._RecentChanges_06-Oct-2026.xlsx",Recent Changes,2138
2026-10-06,2018-01-29,Not Entitled**,Not Entitled**,Net Debt (Mex$000),2026 FY,11557000,NA,NA,11557000,NA,NA,"filings/capitaliq/Estimates/Recent Changes/SPGlobal_GrupoBimbo,S.A.B.deC.V._RecentChanges_06-Oct-2026.xlsx",Recent Changes,2139
2026-10-06,2018-01-25,Not Entitled**,Not Entitled**,Target Price,Non-Periodic,-,-,-,-,-,-,"filings/capitaliq/Estimates/Recent Changes/SPGlobal_GrupoBimbo,S.A.B.deC.V._RecentChanges_06-Oct-2026.xlsx",Recent Changes,2140
2026-10-06,2017-12-22,Itau BBA,"Costa Barreto, Antonio",Target Price,Non-Periodic,55,54,1.8518518209457397,52.06667,51.85714,0.40405237674713135,"filings/capitaliq/Estimates/Recent Changes/SPGlobal_GrupoBimbo,S.A.B.deC.V._RecentChanges_06-Oct-2026.xlsx",Recent Changes,2141
2026-10-06,2017-12-22,Itau BBA,"Costa Barreto, Antonio",Recommendation,Non-Periodic,Outperform (2),Hold (3), ,Outperform (2.38),Outperform (2.40), ,"filings/capitaliq/Estimates/Recent Changes/SPGlobal_GrupoBimbo,S.A.B.deC.V._RecentChanges_06-Oct-2026.xlsx",Recent Changes,2142
2026-10-06,2017-12-22,Itau BBA,"Costa Barreto, Antonio",Free Cash Flow (Mex$000),2026 FY,22452000,NA,NA,22452000,NA,NA,"filings/capitaliq/Estimates/Recent Changes/SPGlobal_GrupoBimbo,S.A.B.deC.V._RecentChanges_06-Oct-2026.xlsx",Recent Changes,2143
2026-10-06,2017-12-22,Itau BBA,"Costa Barreto, Antonio",EBIT (Mex$000),2026 FY,37662000,NA,NA,37662000,NA,NA,"filings/capitaliq/Estimates/Recent Changes/SPGlobal_GrupoBimbo,S.A.B.deC.V._RecentChanges_06-Oct-2026.xlsx",Recent Changes,2144
2026-10-06,2017-12-22,Itau BBA,"Costa Barreto, Antonio",Depreciation & Amortization (Mex$000),2026 FY,13049000,NA,NA,13049000,NA,NA,"filings/capitaliq/Estimates/Recent Changes/SPGlobal_GrupoBimbo,S.A.B.deC.V._RecentChanges_06-Oct-2026.xlsx",Recent Changes,2145
2026-10-06,2017-12-20,Not Entitled**,Not Entitled**,Target Price,Non-Periodic,50,51,-1.9607843160629272,51.85714,51.92857,-0.137554332613945,"filings/capitaliq/Estimates/Recent Changes/SPGlobal_GrupoBimbo,S.A.B.deC.V._RecentChanges_06-Oct-2026.xlsx",Recent Changes,2146
2026-10-06,2017-12-12,Not Entitled**,Not Entitled**,Target Price,Non-Periodic,-,-,-,-,-,-,"filings/capitaliq/Estimates/Recent Changes/SPGlobal_GrupoBimbo,S.A.B.deC.V._RecentChanges_06-Oct-2026.xlsx",Recent Changes,2147
2026-10-06,2017-12-12,Not Entitled**,Not Entitled**,Recommendation,Non-Periodic,-,-, ,-,-, ,"filings/capitaliq/Estimates/Recent Changes/SPGlobal_GrupoBimbo,S.A.B.deC.V._RecentChanges_06-Oct-2026.xlsx",Recent Changes,2148
2026-10-06,2017-10-27,Not Entitled**,Not Entitled**,Target Price,Non-Periodic,50,52,-3.846153736114502,51.6,51.74286,-0.27609607577323914,"filings/capitaliq/Estimates/Recent Changes/SPGlobal_GrupoBimbo,S.A.B.deC.V._RecentChanges_06-Oct-2026.xlsx",Recent Changes,2149
2026-10-06,2017-10-01,Not Entitled**,Not Entitled**,Target Price,Non-Periodic,51,47,8.510638236999512,51.22667,50.96,0.5232927799224854,"filings/capitaliq/Estimates/Recent Changes/SPGlobal_GrupoBimbo,S.A.B.deC.V._RecentChanges_06-Oct-2026.xlsx",Recent Changes,2150
2026-10-06,2017-09-27,Santander,"Miranda Valenzuela, Luis",Recommendation,Non-Periodic,Buy (1),Hold (3), ,Outperform (2.47),Hold (2.60), ,"filings/capitaliq/Estimates/Recent Changes/SPGlobal_GrupoBimbo,S.A.B.deC.V._RecentChanges_06-Oct-2026.xlsx",Recent Changes,2151
2026-10-06,2017-09-27,Santander,"Miranda Valenzuela, Luis",Target Price,Non-Periodic,55.5,54,2.777777671813965,50.96,50.86,0.19661816954612732,"filings/capitaliq/Estimates/Recent Changes/SPGlobal_GrupoBimbo,S.A.B.deC.V._RecentChanges_06-Oct-2026.xlsx",Recent Changes,2152
2026-10-06,2017-09-14,Not Entitled**,Not Entitled**,Recommendation,Non-Periodic,-,-, ,-,-, ,"filings/capitaliq/Estimates/Recent Changes/SPGlobal_GrupoBimbo,S.A.B.deC.V._RecentChanges_06-Oct-2026.xlsx",Recent Changes,2153
2026-10-06,2017-09-14,Not Entitled**,Not Entitled**,Target Price,Non-Periodic,-,-,-,-,-,-,"filings/capitaliq/Estimates/Recent Changes/SPGlobal_GrupoBimbo,S.A.B.deC.V._RecentChanges_06-Oct-2026.xlsx",Recent Changes,2154
2026-10-06,2017-07-21,Not Entitled**,Not Entitled**,Target Price,Non-Periodic,56,52,7.692307472229004,52.86154,52.55385,0.5854756832122803,"filings/capitaliq/Estimates/Recent Changes/SPGlobal_GrupoBimbo,S.A.B.deC.V._RecentChanges_06-Oct-2026.xlsx",Recent Changes,2155
2026-10-06,2017-07-21,Not Entitled**,Not Entitled**,Recommendation,Non-Periodic,Outperform (2),Hold (3), ,Outperform (2.43),Outperform (2.50), ,"filings/capitaliq/Estimates/Recent Changes/SPGlobal_GrupoBimbo,S.A.B.deC.V._RecentChanges_06-Oct-2026.xlsx",Recent Changes,2156
2026-10-06,2017-07-11,Not Entitled**,Not Entitled**,Target Price,Non-Periodic,47,51,-7.843137264251709,51.94286,52.22857,-0.5470377802848816,"filings/capitaliq/Estimates/Recent Changes/SPGlobal_GrupoBimbo,S.A.B.deC.V._RecentChanges_06-Oct-2026.xlsx",Recent Changes,2157
2026-10-06,2017-07-06,Not Entitled**,Not Entitled**,Target Price,Non-Periodic,58,65,-10.769230842590332,52.22857,52.72857,-0.9482525587081909,"filings/capitaliq/Estimates/Recent Changes/SPGlobal_GrupoBimbo,S.A.B.deC.V._RecentChanges_06-Oct-2026.xlsx",Recent Changes,2158
2026-10-06,2017-06-21,Santander,"Miranda Valenzuela, Luis",Target Price,Non-Periodic,54,35,54.28571319580078,52.10667,50.84,2.491482973098755,"filings/capitaliq/Estimates/Recent Changes/SPGlobal_GrupoBimbo,S.A.B.deC.V._RecentChanges_06-Oct-2026.xlsx",Recent Changes,2159
2026-10-06,2017-06-21,Santander,"Miranda Valenzuela, Luis",Effective Tax Rate (%),2026 FY,38,NA,NA,38,NA,NA,"filings/capitaliq/Estimates/Recent Changes/SPGlobal_GrupoBimbo,S.A.B.deC.V._RecentChanges_06-Oct-2026.xlsx",Recent Changes,2160
2026-10-06,2017-06-21,Santander,"Miranda Valenzuela, Luis",Recommendation,Non-Periodic,Hold (3),Sell (5), ,Hold (2.67),Hold (2.80), ,"filings/capitaliq/Estimates/Recent Changes/SPGlobal_GrupoBimbo,S.A.B.deC.V._RecentChanges_06-Oct-2026.xlsx",Recent Changes,2161
2026-10-06,2017-06-19,Not Entitled**,Not Entitled**,Target Price,Non-Periodic,57,60,-5,50.84,51.04,-0.3918495178222656,"filings/capitaliq/Estimates/Recent Changes/SPGlobal_GrupoBimbo,S.A.B.deC.V._RecentChanges_06-Oct-2026.xlsx",Recent Changes,2162
2026-10-06,2017-04-28,Not Entitled**,Not Entitled**,Target Price,Non-Periodic,51,52,-1.923076868057251,51.43333,51.5,-0.1294563114643097,"filings/capitaliq/Estimates/Recent Changes/SPGlobal_GrupoBimbo,S.A.B.deC.V._RecentChanges_06-Oct-2026.xlsx",Recent Changes,2163
2026-10-06,2017-04-26,Not Entitled**,Not Entitled**,Target Price,Non-Periodic,60,68,-11.764705657958984,51.5,52.03333,-1.024977684020996,"filings/capitaliq/Estimates/Recent Changes/SPGlobal_GrupoBimbo,S.A.B.deC.V._RecentChanges_06-Oct-2026.xlsx",Recent Changes,2164
2026-10-06,2017-04-11,Santander,"Miranda Valenzuela, Luis",Target Price,Non-Periodic,35,56,-37.5,52.03333,53.43333,-2.6200873851776123,"filings/capitaliq/Estimates/Recent Changes/SPGlobal_GrupoBimbo,S.A.B.deC.V._RecentChanges_06-Oct-2026.xlsx",Recent Changes,2165
2026-10-06,2017-04-11,Santander,"Miranda Valenzuela, Luis",Recommendation,Non-Periodic,Sell (5),Hold (3), ,Hold (2.80),Hold (2.67), ,"filings/capitaliq/Estimates/Recent Changes/SPGlobal_GrupoBimbo,S.A.B.deC.V._RecentChanges_06-Oct-2026.xlsx",Recent Changes,2166
2026-10-06,2017-02-24,Not Entitled**,Not Entitled**,Target Price,Non-Periodic,52,53,-1.8867924213409424,54.78667,54.85333,-0.12152407318353653,"filings/capitaliq/Estimates/Recent Changes/SPGlobal_GrupoBimbo,S.A.B.deC.V._RecentChanges_06-Oct-2026.xlsx",Recent Changes,2167
2026-10-06,2017-02-15,Not Entitled**,Not Entitled**,Recommendation,Non-Periodic,-,-, ,-,-, ,"filings/capitaliq/Estimates/Recent Changes/SPGlobal_GrupoBimbo,S.A.B.deC.V._RecentChanges_06-Oct-2026.xlsx",Recent Changes,2168
2026-10-06,2017-02-05,Not Entitled**,Not Entitled**,Target Price,Non-Periodic,46.8,45.5,2.857142925262451,54.175,54.09375,0.1502021998167038,"filings/capitaliq/Estimates/Recent Changes/SPGlobal_GrupoBimbo,S.A.B.deC.V._RecentChanges_06-Oct-2026.xlsx",Recent Changes,2169
2026-10-06,2017-01-26,Not Entitled**,Not Entitled**,Target Price,Non-Periodic,-,-,-,-,-,-,"filings/capitaliq/Estimates/Recent Changes/SPGlobal_GrupoBimbo,S.A.B.deC.V._RecentChanges_06-Oct-2026.xlsx",Recent Changes,2170
2026-10-06,2017-01-19,Not Entitled**,Not Entitled**,Target Price,Non-Periodic,52,60,-13.333333015441895,54.5,54.97059,-0.8560759425163269,"filings/capitaliq/Estimates/Recent Changes/SPGlobal_GrupoBimbo,S.A.B.deC.V._RecentChanges_06-Oct-2026.xlsx",Recent Changes,2171
2026-10-06,2017-01-12,Not Entitled**,Not Entitled**,Recommendation,Non-Periodic,Hold (3),Underperform (4), ,Hold (2.59),Hold (2.65), ,"filings/capitaliq/Estimates/Recent Changes/SPGlobal_GrupoBimbo,S.A.B.deC.V._RecentChanges_06-Oct-2026.xlsx",Recent Changes,2172
2026-10-06,2017-01-12,Not Entitled**,Not Entitled**,Target Price,Non-Periodic,53,55,-3.6363637447357178,55.12353,55.24118,-0.2129751741886139,"filings/capitaliq/Estimates/Recent Changes/SPGlobal_GrupoBimbo,S.A.B.deC.V._RecentChanges_06-Oct-2026.xlsx",Recent Changes,2173
2026-10-06,2016-12-14,"GBM Grupo Bursátil Mexicano, S.A. de C.V. Casa de Bolsa",NA,Target Price,Non-Periodic,43.4,39,11.282051086425781,55.24118,55.98125,-1.3219962120056152,"filings/capitaliq/Estimates/Recent Changes/SPGlobal_GrupoBimbo,S.A.B.deC.V._RecentChanges_06-Oct-2026.xlsx",Recent Changes,2174
2026-10-06,2016-12-13,Not Entitled**,Not Entitled**,Target Price,Non-Periodic,-,-,-,-,-,-,"filings/capitaliq/Estimates/Recent Changes/SPGlobal_GrupoBimbo,S.A.B.deC.V._RecentChanges_06-Oct-2026.xlsx",Recent Changes,2175
2026-10-06,2016-11-08,Not Entitled**,Not Entitled**,Target Price,Non-Periodic,-,-,-,-,-,-,"filings/capitaliq/Estimates/Recent Changes/SPGlobal_GrupoBimbo,S.A.B.deC.V._RecentChanges_06-Oct-2026.xlsx",Recent Changes,2176
2026-10-06,2016-11-02,Not Entitled**,Not Entitled**,Recommendation,Non-Periodic,Hold (3),Underperform (4), ,Hold (2.82),Hold (2.81), ,"filings/capitaliq/Estimates/Recent Changes/SPGlobal_GrupoBimbo,S.A.B.deC.V._RecentChanges_06-Oct-2026.xlsx",Recent Changes,2177
2026-10-06,2016-11-02,Not Entitled**,Not Entitled**,Target Price,Non-Periodic,45.5,47,-3.1914894580841064,56.08125,56.78667,-1.2422281503677368,"filings/capitaliq/Estimates/Recent Changes/SPGlobal_GrupoBimbo,S.A.B.deC.V._RecentChanges_06-Oct-2026.xlsx",Recent Changes,2178
2026-10-06,2016-09-28,Not Entitled**,Not Entitled**,Recommendation,Non-Periodic,Hold (3),Outperform (2), ,Hold (2.81),Hold (2.75), ,"filings/capitaliq/Estimates/Recent Changes/SPGlobal_GrupoBimbo,S.A.B.deC.V._RecentChanges_06-Oct-2026.xlsx",Recent Changes,2179
2026-10-06,2016-09-28,Not Entitled**,Not Entitled**,Target Price,Non-Periodic,60,62,-3.225806474685669,57.54,57.67333,-0.23118138313293457,"filings/capitaliq/Estimates/Recent Changes/SPGlobal_GrupoBimbo,S.A.B.deC.V._RecentChanges_06-Oct-2026.xlsx",Recent Changes,2180
2026-10-06,2016-09-19,Not Entitled**,Not Entitled**,Recommendation,Non-Periodic,-,-, ,-,-, ,"filings/capitaliq/Estimates/Recent Changes/SPGlobal_GrupoBimbo,S.A.B.deC.V._RecentChanges_06-Oct-2026.xlsx",Recent Changes,2181
2026-10-06,2016-08-17,Not Entitled**,Not Entitled**,Target Price,Non-Periodic,68,65,4.615384578704834,57.54,57.34,0.34879666566848755,"filings/capitaliq/Estimates/Recent Changes/SPGlobal_GrupoBimbo,S.A.B.deC.V._RecentChanges_06-Oct-2026.xlsx",Recent Changes,2182
2026-10-06,2016-08-08,Not Entitled**,Not Entitled**,Target Price,Non-Periodic,-,-,-,-,-,-,"filings/capitaliq/Estimates/Recent Changes/SPGlobal_GrupoBimbo,S.A.B.deC.V._RecentChanges_06-Oct-2026.xlsx",Recent Changes,2183
2026-10-06,2016-07-27,Not Entitled**,Not Entitled**,Target Price,Non-Periodic,-,-,-,-,-,-,"filings/capitaliq/Estimates/Recent Changes/SPGlobal_GrupoBimbo,S.A.B.deC.V._RecentChanges_06-Oct-2026.xlsx",Recent Changes,2184
2026-10-06,2016-07-27,Not Entitled**,Not Entitled**,Recommendation,Non-Periodic,-,-, ,-,-, ,"filings/capitaliq/Estimates/Recent Changes/SPGlobal_GrupoBimbo,S.A.B.deC.V._RecentChanges_06-Oct-2026.xlsx",Recent Changes,2185
2026-10-06,2016-07-27,Not Entitled**,Not Entitled**,Target Price,Non-Periodic,55,52,5.769230842590332,57.06,56.86,0.35174110531806946,"filings/capitaliq/Estimates/Recent Changes/SPGlobal_GrupoBimbo,S.A.B.deC.V._RecentChanges_06-Oct-2026.xlsx",Recent Changes,2186
2026-10-06,2016-06-19,Not Entitled**,Not Entitled**,Target Price,Non-Periodic,65,38,71.0526351928711,55.98333,55.33929,1.1638023853302002,"filings/capitaliq/Estimates/Recent Changes/SPGlobal_GrupoBimbo,S.A.B.deC.V._RecentChanges_06-Oct-2026.xlsx",Recent Changes,2187
2026-10-06,2016-06-19,Not Entitled**,Not Entitled**,Recommendation,Non-Periodic,Buy (1),Hold (3), ,Hold (2.60),Hold (2.71), ,"filings/capitaliq/Estimates/Recent Changes/SPGlobal_GrupoBimbo,S.A.B.deC.V._RecentChanges_06-Oct-2026.xlsx",Recent Changes,2188
2026-10-06,2016-05-18,Not Entitled**,Not Entitled**,Target Price,Non-Periodic,52,49,6.122448921203613,54.55357,54.33929,0.39433714747428894,"filings/capitaliq/Estimates/Recent Changes/SPGlobal_GrupoBimbo,S.A.B.deC.V._RecentChanges_06-Oct-2026.xlsx",Recent Changes,2189
2026-10-06,2016-05-18,Not Entitled**,Not Entitled**,Recommendation,Non-Periodic,Hold (3),Outperform (2), ,Hold (2.86),Hold (2.79), ,"filings/capitaliq/Estimates/Recent Changes/SPGlobal_GrupoBimbo,S.A.B.deC.V._RecentChanges_06-Oct-2026.xlsx",Recent Changes,2190
2026-10-06,2016-05-05,Not Entitled**,Not Entitled**,Target Price,Non-Periodic,-,-,-,-,-,-,"filings/capitaliq/Estimates/Recent Changes/SPGlobal_GrupoBimbo,S.A.B.deC.V._RecentChanges_06-Oct-2026.xlsx",Recent Changes,2191
2026-10-06,2016-05-03,Not Entitled**,Not Entitled**,Target Price,Non-Periodic,62,61,1.6393442153930664,54.125,54.05357,0.1321466863155365,"filings/capitaliq/Estimates/Recent Changes/SPGlobal_GrupoBimbo,S.A.B.deC.V._RecentChanges_06-Oct-2026.xlsx",Recent Changes,2192
2026-10-06,2016-05-02,Not Entitled**,Not Entitled**,Target Price,Non-Periodic,52,50,4,54.05357,53.91071,0.26499372720718384,"filings/capitaliq/Estimates/Recent Changes/SPGlobal_GrupoBimbo,S.A.B.deC.V._RecentChanges_06-Oct-2026.xlsx",Recent Changes,2193
2026-10-06,2016-04-26,Not Entitled**,Not Entitled**,Recommendation,Non-Periodic,Buy (1),Hold (3), ,Hold (2.87),Hold (3.00), ,"filings/capitaliq/Estimates/Recent Changes/SPGlobal_GrupoBimbo,S.A.B.deC.V._RecentChanges_06-Oct-2026.xlsx",Recent Changes,2194
2026-10-06,2016-04-26,Not Entitled**,Not Entitled**,Target Price,Non-Periodic,65,56,16.071428298950195,53.25,52.65,1.1396011114120483,"filings/capitaliq/Estimates/Recent Changes/SPGlobal_GrupoBimbo,S.A.B.deC.V._RecentChanges_06-Oct-2026.xlsx",Recent Changes,2195
2026-10-06,2016-04-18,Not Entitled**,Not Entitled**,Recommendation,Non-Periodic,Outperform (2),Hold (3), ,Hold (3.00),Hold (3.06), ,"filings/capitaliq/Estimates/Recent Changes/SPGlobal_GrupoBimbo,S.A.B.deC.V._RecentChanges_06-Oct-2026.xlsx",Recent Changes,2196
2026-10-06,2016-04-18,Not Entitled**,Not Entitled**,Target Price,Non-Periodic,61,54,12.962963104248047,52.13438,51.69688,0.8462793231010437,"filings/capitaliq/Estimates/Recent Changes/SPGlobal_GrupoBimbo,S.A.B.deC.V._RecentChanges_06-Oct-2026.xlsx",Recent Changes,2197
2026-10-06,2016-04-05,Santander,"Miranda Valenzuela, Luis",Recommendation,Non-Periodic,Hold (3),Buy (1), ,Hold (3.06),Hold (2.94), ,"filings/capitaliq/Estimates/Recent Changes/SPGlobal_GrupoBimbo,S.A.B.deC.V._RecentChanges_06-Oct-2026.xlsx",Recent Changes,2198
2026-10-06,2016-03-31,Not Entitled**,Not Entitled**,Recommendation,Non-Periodic,Underperform (4),Hold (3), ,Hold (2.94),Hold (2.88), ,"filings/capitaliq/Estimates/Recent Changes/SPGlobal_GrupoBimbo,S.A.B.deC.V._RecentChanges_06-Oct-2026.xlsx",Recent Changes,2199
2026-10-06,2016-03-31,Not Entitled**,Not Entitled**,Target Price,Non-Periodic,47,43,9.302325248718262,50.89118,50.65588,0.46450677514076233,"filings/capitaliq/Estimates/Recent Changes/SPGlobal_GrupoBimbo,S.A.B.deC.V._RecentChanges_06-Oct-2026.xlsx",Recent Changes,2200
2026-10-06,2016-03-17,Not Entitled**,Not Entitled**,Target Price,Non-Periodic,-,-,-,-,-,-,"filings/capitaliq/Estimates/Recent Changes/SPGlobal_GrupoBimbo,S.A.B.deC.V._RecentChanges_06-Oct-2026.xlsx",Recent Changes,2201
2026-10-06,2016-03-16,Not Entitled**,Not Entitled**,Target Price,Non-Periodic,54,53,1.8867924213409424,50.00882,49.95,0.11775775998830795,"filings/capitaliq/Estimates/Recent Changes/SPGlobal_GrupoBimbo,S.A.B.deC.V._RecentChanges_06-Oct-2026.xlsx",Recent Changes,2202
2026-10-06,2016-03-06,Not Entitled**,Not Entitled**,Recommendation,Non-Periodic,Underperform (4),Hold (3), ,Hold (2.76),Hold (2.71), ,"filings/capitaliq/Estimates/Recent Changes/SPGlobal_GrupoBimbo,S.A.B.deC.V._RecentChanges_06-Oct-2026.xlsx",Recent Changes,2203
2026-10-06,2016-03-06,Not Entitled**,Not Entitled**,Target Price,Non-Periodic,50,45,11.11111068725586,49.95,49.65588,0.5923165678977966,"filings/capitaliq/Estimates/Recent Changes/SPGlobal_GrupoBimbo,S.A.B.deC.V._RecentChanges_06-Oct-2026.xlsx",Recent Changes,2204
2026-10-06,2016-03-02,Itau BBA,"Costa Barreto, Antonio",Recommendation,Non-Periodic,Hold (3),Outperform (2), ,Hold (2.59),Hold (2.53), ,"filings/capitaliq/Estimates/Recent Changes/SPGlobal_GrupoBimbo,S.A.B.deC.V._RecentChanges_06-Oct-2026.xlsx",Recent Changes,2205
2026-10-06,2016-02-25,Not Entitled**,Not Entitled**,Target Price,Non-Periodic,49,43,13.95348834991455,49.14412,48.79118,0.7233684659004211,"filings/capitaliq/Estimates/Recent Changes/SPGlobal_GrupoBimbo,S.A.B.deC.V._RecentChanges_06-Oct-2026.xlsx",Recent Changes,2206
2026-10-06,2016-02-25,Not Entitled**,Not Entitled**,Target Price,Non-Periodic,56,57,-1.7543859481811523,48.79118,48.85,-0.12040941417217255,"filings/capitaliq/Estimates/Recent Changes/SPGlobal_GrupoBimbo,S.A.B.deC.V._RecentChanges_06-Oct-2026.xlsx",Recent Changes,2207
2026-10-06,2016-02-11,Not Entitled**,Not Entitled**,Target Price,Non-Periodic,57,51,11.764705657958984,48.85,48.49706,0.7277554273605347,"filings/capitaliq/Estimates/Recent Changes/SPGlobal_GrupoBimbo,S.A.B.deC.V._RecentChanges_06-Oct-2026.xlsx",Recent Changes,2208
2026-10-06,2016-02-05,Not Entitled**,Not Entitled**,Target Price,Non-Periodic,43,49,-12.244897842407227,48.49706,48.85,-0.7224974632263184,"filings/capitaliq/Estimates/Recent Changes/SPGlobal_GrupoBimbo,S.A.B.deC.V._RecentChanges_06-Oct-2026.xlsx",Recent Changes,2209
2026-10-06,2016-02-03,Not Entitled**,Not Entitled**,Target Price,Non-Periodic,53,47,12.765957832336426,48.85,48.49706,0.7277554273605347,"filings/capitaliq/Estimates/Recent Changes/SPGlobal_GrupoBimbo,S.A.B.deC.V._RecentChanges_06-Oct-2026.xlsx",Recent Changes,2210
2026-10-06,2015-12-13,Not Entitled**,Not Entitled**,Recommendation,Non-Periodic,-,-, ,-,-, ,"filings/capitaliq/Estimates/Recent Changes/SPGlobal_GrupoBimbo,S.A.B.deC.V._RecentChanges_06-Oct-2026.xlsx",Recent Changes,2211
2026-10-06,2015-12-13,Not Entitled**,Not Entitled**,Target Price,Non-Periodic,-,-,-,-,-,-,"filings/capitaliq/Estimates/Recent Changes/SPGlobal_GrupoBimbo,S.A.B.deC.V._RecentChanges_06-Oct-2026.xlsx",Recent Changes,2212
2026-10-06,2015-12-08,Itau BBA,"Costa Barreto, Antonio",Recommendation,Non-Periodic,Outperform (2),Hold (3), ,Hold (2.56),Hold (2.61), ,"filings/capitaliq/Estimates/Recent Changes/SPGlobal_GrupoBimbo,S.A.B.deC.V._RecentChanges_06-Oct-2026.xlsx",Recent Changes,2213
2026-10-06,2015-12-08,Itau BBA,"Costa Barreto, Antonio",Target Price,Non-Periodic,54,47,14.893616676330566,47.84167,47.45278,0.8195304870605469,"filings/capitaliq/Estimates/Recent Changes/SPGlobal_GrupoBimbo,S.A.B.deC.V._RecentChanges_06-Oct-2026.xlsx",Recent Changes,2214
2026-10-06,2015-11-10,Santander,"Miranda Valenzuela, Luis",Target Price,Non-Periodic,56,44,27.272727966308594,47.45278,46.78611,1.4249314069747925,"filings/capitaliq/Estimates/Recent Changes/SPGlobal_GrupoBimbo,S.A.B.deC.V._RecentChanges_06-Oct-2026.xlsx",Recent Changes,2215
2026-10-06,2015-11-10,Santander,"Miranda Valenzuela, Luis",Recommendation,Non-Periodic,Buy (1),Hold (3), ,Hold (2.61),Hold (2.72), ,"filings/capitaliq/Estimates/Recent Changes/SPGlobal_GrupoBimbo,S.A.B.deC.V._RecentChanges_06-Oct-2026.xlsx",Recent Changes,2216
2026-10-06,2015-11-04,Not Entitled**,Not Entitled**,Target Price,Non-Periodic,45,44,2.2727272510528564,46.78611,46.73056,0.11887296289205551,"filings/capitaliq/Estimates/Recent Changes/SPGlobal_GrupoBimbo,S.A.B.deC.V._RecentChanges_06-Oct-2026.xlsx",Recent Changes,2217
2026-10-06,2015-10-23,Not Entitled**,Not Entitled**,Target Price,Non-Periodic,49,43,13.95348834991455,46.30556,45.97222,0.7250900864601135,"filings/capitaliq/Estimates/Recent Changes/SPGlobal_GrupoBimbo,S.A.B.deC.V._RecentChanges_06-Oct-2026.xlsx",Recent Changes,2218
2026-10-06,2015-10-22,Not Entitled**,Not Entitled**,Target Price,Non-Periodic,-,-,-,-,-,-,"filings/capitaliq/Estimates/Recent Changes/SPGlobal_GrupoBimbo,S.A.B.deC.V._RecentChanges_06-Oct-2026.xlsx",Recent Changes,2219
2026-10-06,2015-10-22,Not Entitled**,Not Entitled**,Target Price,Non-Periodic,51,48,6.25,45.36111,45.19444,0.3687843084335327,"filings/capitaliq/Estimates/Recent Changes/SPGlobal_GrupoBimbo,S.A.B.deC.V._RecentChanges_06-Oct-2026.xlsx",Recent Changes,2220
2026-10-06,2015-10-06,Not Entitled**,Not Entitled**,Target Price,Non-Periodic,47,46,2.17391300201416,45.19444,45.13889,0.12306461483240128,"filings/capitaliq/Estimates/Recent Changes/SPGlobal_GrupoBimbo,S.A.B.deC.V._RecentChanges_06-Oct-2026.xlsx",Recent Changes,2221
2026-10-06,2015-10-04,Not Entitled**,Not Entitled**,Target Price,Non-Periodic,-,-,-,-,-,-,"filings/capitaliq/Estimates/Recent Changes/SPGlobal_GrupoBimbo,S.A.B.deC.V._RecentChanges_06-Oct-2026.xlsx",Recent Changes,2222
2026-10-06,2015-09-09,Not Entitled**,Not Entitled**,Recommendation,Non-Periodic,-,-, ,-,-, ,"filings/capitaliq/Estimates/Recent Changes/SPGlobal_GrupoBimbo,S.A.B.deC.V._RecentChanges_06-Oct-2026.xlsx",Recent Changes,2223
2026-10-06,2015-09-09,Not Entitled**,Not Entitled**,Target Price,Non-Periodic,-,-,-,-,-,-,"filings/capitaliq/Estimates/Recent Changes/SPGlobal_GrupoBimbo,S.A.B.deC.V._RecentChanges_06-Oct-2026.xlsx",Recent Changes,2224
2026-10-06,2015-08-12,Not Entitled**,Not Entitled**,Target Price,Non-Periodic,43,NA,NA,44.58333,44.67647,-0.20847663283348083,"filings/capitaliq/Estimates/Recent Changes/SPGlobal_GrupoBimbo,S.A.B.deC.V._RecentChanges_06-Oct-2026.xlsx",Recent Changes,2225
2026-10-06,2015-07-28,"GBM Grupo Bursátil Mexicano, S.A. de C.V. Casa de Bolsa","Mayorga Tena, Miguel",Recommendation,Non-Periodic,Sell (5),Hold (3), ,Hold (2.71),Hold (2.56), ,"filings/capitaliq/Estimates/Recent Changes/SPGlobal_GrupoBimbo,S.A.B.deC.V._RecentChanges_06-Oct-2026.xlsx",Recent Changes,2226
2026-10-06,2015-07-21,Not Entitled**,Not Entitled**,Target Price,Non-Periodic,48,46,4.34782600402832,44.7,44.56667,0.29916974902153015,"filings/capitaliq/Estimates/Recent Changes/SPGlobal_GrupoBimbo,S.A.B.deC.V._RecentChanges_06-Oct-2026.xlsx",Recent Changes,2227
2026-10-06,2015-07-12,Not Entitled**,Not Entitled**,Target Price,Non-Periodic,44,42,4.761904716491699,44.62667,44.49333,0.29968535900115967,"filings/capitaliq/Estimates/Recent Changes/SPGlobal_GrupoBimbo,S.A.B.deC.V._RecentChanges_06-Oct-2026.xlsx",Recent Changes,2228
2026-10-06,2015-07-01,Not Entitled**,Not Entitled**,Target Price,Non-Periodic,46,45,2.222222328186035,44.49333,44.42667,0.1500450074672699,"filings/capitaliq/Estimates/Recent Changes/SPGlobal_GrupoBimbo,S.A.B.deC.V._RecentChanges_06-Oct-2026.xlsx",Recent Changes,2229
2026-10-06,2015-06-01,Not Entitled**,Not Entitled**,Target Price,Non-Periodic,38,42,-9.523809432983398,44.0875,44.3375,-0.5638567805290222,"filings/capitaliq/Estimates/Recent Changes/SPGlobal_GrupoBimbo,S.A.B.deC.V._RecentChanges_06-Oct-2026.xlsx",Recent Changes,2230
2026-10-06,2015-06-01,Not Entitled**,Not Entitled**,Recommendation,Non-Periodic,Hold (3),Hold (3), ,Hold (2.69),Hold (2.69), ,"filings/capitaliq/Estimates/Recent Changes/SPGlobal_GrupoBimbo,S.A.B.deC.V._RecentChanges_06-Oct-2026.xlsx",Recent Changes,2231
2026-10-06,2015-04-23,Not Entitled**,Not Entitled**,Target Price,Non-Periodic,46,47,-2.127659559249878,44.23125,44.29375,-0.14110343158245087,"filings/capitaliq/Estimates/Recent Changes/SPGlobal_GrupoBimbo,S.A.B.deC.V._RecentChanges_06-Oct-2026.xlsx",Recent Changes,2232
2026-10-06,2015-04-16,Not Entitled**,Not Entitled**,Target Price,Non-Periodic,45,42,7.142857074737549,44.20625,44.01875,0.4259548485279083,"filings/capitaliq/Estimates/Recent Changes/SPGlobal_GrupoBimbo,S.A.B.deC.V._RecentChanges_06-Oct-2026.xlsx",Recent Changes,2233
2026-10-06,2015-04-16,Itau BBA,"Costa Barreto, Antonio",Target Price,Non-Periodic,47,NA,NA,44.01875,43.82,0.4535600244998932,"filings/capitaliq/Estimates/Recent Changes/SPGlobal_GrupoBimbo,S.A.B.deC.V._RecentChanges_06-Oct-2026.xlsx",Recent Changes,2234
2026-10-06,2015-04-08,Not Entitled**,Not Entitled**,Target Price,Non-Periodic,-,-,-,-,-,-,"filings/capitaliq/Estimates/Recent Changes/SPGlobal_GrupoBimbo,S.A.B.deC.V._RecentChanges_06-Oct-2026.xlsx",Recent Changes,2235
2026-10-06,2015-02-26,Not Entitled**,Not Entitled**,Target Price,Non-Periodic,47,44,6.818181991577148,43.59333,43.39333,0.46090033650398254,"filings/capitaliq/Estimates/Recent Changes/SPGlobal_GrupoBimbo,S.A.B.deC.V._RecentChanges_06-Oct-2026.xlsx",Recent Changes,2236
2026-10-06,2015-02-15,Not Entitled**,Not Entitled**,Target Price,Non-Periodic,-,-,-,-,-,-,"filings/capitaliq/Estimates/Recent Changes/SPGlobal_GrupoBimbo,S.A.B.deC.V._RecentChanges_06-Oct-2026.xlsx",Recent Changes,2237
2026-10-06,2015-01-19,Not Entitled**,Not Entitled**,Target Price,Non-Periodic,42,45,-6.666666507720947,43.06,43.26,-0.46232086420059204,"filings/capitaliq/Estimates/Recent Changes/SPGlobal_GrupoBimbo,S.A.B.deC.V._RecentChanges_06-Oct-2026.xlsx",Recent Changes,2238
2026-10-06,2015-01-08,Santander,"Miranda Valenzuela, Luis",Target Price,Non-Periodic,44,40,10,43.38667,43.12,0.6184369325637817,"filings/capitaliq/Estimates/Recent Changes/SPGlobal_GrupoBimbo,S.A.B.deC.V._RecentChanges_06-Oct-2026.xlsx",Recent Changes,2239
2026-10-06,2014-12-17,Not Entitled**,Not Entitled**,Recommendation,Non-Periodic,-,-, ,-,-, ,"filings/capitaliq/Estimates/Recent Changes/SPGlobal_GrupoBimbo,S.A.B.deC.V._RecentChanges_06-Oct-2026.xlsx",Recent Changes,2240
2026-10-06,2014-12-17,Not Entitled**,Not Entitled**,Target Price,Non-Periodic,-,-,-,-,-,-,"filings/capitaliq/Estimates/Recent Changes/SPGlobal_GrupoBimbo,S.A.B.deC.V._RecentChanges_06-Oct-2026.xlsx",Recent Changes,2241
2026-10-06,2014-12-10,"GBM Grupo Bursátil Mexicano, S.A. de C.V. Casa de Bolsa","Mayorga Tena, Miguel",Target Price,Non-Periodic,39,37.8,3.174603223800659,42.8625,42.7875,0.17528483271598816,"filings/capitaliq/Estimates/Recent Changes/SPGlobal_GrupoBimbo,S.A.B.deC.V._RecentChanges_06-Oct-2026.xlsx",Recent Changes,2242
2026-10-06,2014-12-10,"GBM Grupo Bursátil Mexicano, S.A. de C.V. Casa de Bolsa","Mayorga Tena, Miguel",Recommendation,Non-Periodic,Hold (3),Sell (5), ,Hold (2.88),Hold (3.00), ,"filings/capitaliq/Estimates/Recent Changes/SPGlobal_GrupoBimbo,S.A.B.deC.V._RecentChanges_06-Oct-2026.xlsx",Recent Changes,2243
2026-10-06,2014-11-11,Not Entitled**,Not Entitled**,Target Price,Non-Periodic,-,-,-,-,-,-,"filings/capitaliq/Estimates/Recent Changes/SPGlobal_GrupoBimbo,S.A.B.deC.V._RecentChanges_06-Oct-2026.xlsx",Recent Changes,2244
2026-10-06,2014-10-26,Not Entitled**,Not Entitled**,Target Price,Non-Periodic,44,39,12.820512771606445,42.85,42.5375,0.7346459031105042,"filings/capitaliq/Estimates/Recent Changes/SPGlobal_GrupoBimbo,S.A.B.deC.V._RecentChanges_06-Oct-2026.xlsx",Recent Changes,2245
2026-10-06,2014-10-26,Not Entitled**,Not Entitled**,Recommendation,Non-Periodic,Hold (3),Underperform (4), ,Hold (3.13),Hold (3.19), ,"filings/capitaliq/Estimates/Recent Changes/SPGlobal_GrupoBimbo,S.A.B.deC.V._RecentChanges_06-Oct-2026.xlsx",Recent Changes,2246
2026-10-06,2014-10-20,Not Entitled**,Not Entitled**,Target Price,Non-Periodic,42,40,5,42.00625,41.88125,0.2984629273414612,"filings/capitaliq/Estimates/Recent Changes/SPGlobal_GrupoBimbo,S.A.B.deC.V._RecentChanges_06-Oct-2026.xlsx",Recent Changes,2247
2026-10-06,2014-07-27,Not Entitled**,Not Entitled**,Target Price,Non-Periodic,45,34,32.35293960571289,41.28571,40.5,1.940024733543396,"filings/capitaliq/Estimates/Recent Changes/SPGlobal_GrupoBimbo,S.A.B.deC.V._RecentChanges_06-Oct-2026.xlsx",Recent Changes,2248
2026-10-06,2014-07-27,Not Entitled**,Not Entitled**,Recommendation,Non-Periodic,Hold (3),Sell (5), ,Hold (3.31),Hold (3.46), ,"filings/capitaliq/Estimates/Recent Changes/SPGlobal_GrupoBimbo,S.A.B.deC.V._RecentChanges_06-Oct-2026.xlsx",Recent Changes,2249
2026-10-06,2014-07-25,Not Entitled**,Not Entitled**,Target Price,Non-Periodic,42,40,5,40.5,40.35714,0.3539893925189972,"filings/capitaliq/Estimates/Recent Changes/SPGlobal_GrupoBimbo,S.A.B.deC.V._RecentChanges_06-Oct-2026.xlsx",Recent Changes,2250
2026-10-06,2014-07-25,"GBM Grupo Bursátil Mexicano, S.A. de C.V. Casa de Bolsa","Mayorga Tena, Miguel",Target Price,Non-Periodic,37.8,NA,NA,40.35714,40.55385,-0.4850587546825409,"filings/capitaliq/Estimates/Recent Changes/SPGlobal_GrupoBimbo,S.A.B.deC.V._RecentChanges_06-Oct-2026.xlsx",Recent Changes,2251
2026-10-06,2014-07-22,Not Entitled**,Not Entitled**,Recommendation,Non-Periodic,-,-, ,-,-, ,"filings/capitaliq/Estimates/Recent Changes/SPGlobal_GrupoBimbo,S.A.B.deC.V._RecentChanges_06-Oct-2026.xlsx",Recent Changes,2252
2026-10-06,2014-07-22,Not Entitled**,Not Entitled**,Target Price,Non-Periodic,39,33,18.18181800842285,40.11667,39.61667,1.2620949745178223,"filings/capitaliq/Estimates/Recent Changes/SPGlobal_GrupoBimbo,S.A.B.deC.V._RecentChanges_06-Oct-2026.xlsx",Recent Changes,2253
2026-10-06,2014-07-10,Not Entitled**,Not Entitled**,Target Price,Non-Periodic,40,39,2.5641026496887207,39.61667,39.53333,0.21080945432186127,"filings/capitaliq/Estimates/Recent Changes/SPGlobal_GrupoBimbo,S.A.B.deC.V._RecentChanges_06-Oct-2026.xlsx",Recent Changes,2254
2026-10-06,2014-07-07,Not Entitled**,Not Entitled**,Target Price,Non-Periodic,-,-,-,-,-,-,"filings/capitaliq/Estimates/Recent Changes/SPGlobal_GrupoBimbo,S.A.B.deC.V._RecentChanges_06-Oct-2026.xlsx",Recent Changes,2255
2026-10-06,2014-04-29,Not Entitled**,Not Entitled**,Target Price,Non-Periodic,33,30,10,38.96364,38.69091,0.7048942446708679,"filings/capitaliq/Estimates/Recent Changes/SPGlobal_GrupoBimbo,S.A.B.deC.V._RecentChanges_06-Oct-2026.xlsx",Recent Changes,2256
2026-10-06,2014-04-25,Santander,"Miranda Valenzuela, Luis",Target Price,Non-Periodic,40,44,-9.090909004211426,39.19091,39.55455,-0.9193379878997803,"filings/capitaliq/Estimates/Recent Changes/SPGlobal_GrupoBimbo,S.A.B.deC.V._RecentChanges_06-Oct-2026.xlsx",Recent Changes,2257
2026-10-06,2014-04-03,Not Entitled**,Not Entitled**,Target Price,Non-Periodic,39,36,8.333333015441895,39.5,39.22727,0.6952561140060425,"filings/capitaliq/Estimates/Recent Changes/SPGlobal_GrupoBimbo,S.A.B.deC.V._RecentChanges_06-Oct-2026.xlsx",Recent Changes,2258
2026-10-06,2014-04-02,Not Entitled**,Not Entitled**,Target Price,Non-Periodic,40,NA,NA,39.22727,39.15,0.19736909866333008,"filings/capitaliq/Estimates/Recent Changes/SPGlobal_GrupoBimbo,S.A.B.deC.V._RecentChanges_06-Oct-2026.xlsx",Recent Changes,2259
2026-10-06,2014-04-01,Not Entitled**,Not Entitled**,Target Price,Non-Periodic,-,-,-,-,-,-,"filings/capitaliq/Estimates/Recent Changes/SPGlobal_GrupoBimbo,S.A.B.deC.V._RecentChanges_06-Oct-2026.xlsx",Recent Changes,2260
2026-10-06,2014-04-01,Not Entitled**,Not Entitled**,Recommendation,Non-Periodic,-,-, ,-,-, ,"filings/capitaliq/Estimates/Recent Changes/SPGlobal_GrupoBimbo,S.A.B.deC.V._RecentChanges_06-Oct-2026.xlsx",Recent Changes,2261
2026-10-06,2014-03-04,Not Entitled**,Not Entitled**,Target Price,Non-Periodic,34,39,-12.820512771606445,38.95,39.45,-1.2674270868301392,"filings/capitaliq/Estimates/Recent Changes/SPGlobal_GrupoBimbo,S.A.B.deC.V._RecentChanges_06-Oct-2026.xlsx",Recent Changes,2262
2026-10-06,2014-02-12,Not Entitled**,Not Entitled**,Target Price,Non-Periodic,43,46,-6.5217390060424805,38.72222,39.05556,-0.8535020351409912,"filings/capitaliq/Estimates/Recent Changes/SPGlobal_GrupoBimbo,S.A.B.deC.V._RecentChanges_06-Oct-2026.xlsx",Recent Changes,2263
2026-10-06,2014-02-02,Not Entitled**,Not Entitled**,Target Price,Non-Periodic,-,-,-,-,-,-,"filings/capitaliq/Estimates/Recent Changes/SPGlobal_GrupoBimbo,S.A.B.deC.V._RecentChanges_06-Oct-2026.xlsx",Recent Changes,2264
2026-10-06,2014-01-27,Not Entitled**,Not Entitled**,Target Price,Non-Periodic,30,35,-14.285714149475098,40.15,40.65,-1.23001229763031,"filings/capitaliq/Estimates/Recent Changes/SPGlobal_GrupoBimbo,S.A.B.deC.V._RecentChanges_06-Oct-2026.xlsx",Recent Changes,2265
2026-10-06,2014-01-23,Not Entitled**,Not Entitled**,Target Price,Non-Periodic,36,45,-20,40.65,41.55,-2.166064977645874,"filings/capitaliq/Estimates/Recent Changes/SPGlobal_GrupoBimbo,S.A.B.deC.V._RecentChanges_06-Oct-2026.xlsx",Recent Changes,2266
2026-10-06,2014-01-08,Santander,"Miranda Valenzuela, Luis",Target Price,Non-Periodic,44,46,-4.34782600402832,41.79,41.99,-0.4763038754463196,"filings/capitaliq/Estimates/Recent Changes/SPGlobal_GrupoBimbo,S.A.B.deC.V._RecentChanges_06-Oct-2026.xlsx",Recent Changes,2267
2026-10-06,2013-10-24,Not Entitled**,Not Entitled**,Target Price,Non-Periodic,39,37,5.405405521392822,41.9,41.7,0.47961631417274475,"filings/capitaliq/Estimates/Recent Changes/SPGlobal_GrupoBimbo,S.A.B.deC.V._RecentChanges_06-Oct-2026.xlsx",Recent Changes,2268
2026-10-06,2013-09-05,Santander,"Miranda Valenzuela, Luis",Target Price,Non-Periodic,46,36,27.77777862548828,41.03,40.03,2.49812650680542,"filings/capitaliq/Estimates/Recent Changes/SPGlobal_GrupoBimbo,S.A.B.deC.V._RecentChanges_06-Oct-2026.xlsx",Recent Changes,2269
2026-10-06,2013-08-11,Not Entitled**,Not Entitled**,Target Price,Non-Periodic,45,37,21.62162208557129,40.03,39.23,2.0392556190490723,"filings/capitaliq/Estimates/Recent Changes/SPGlobal_GrupoBimbo,S.A.B.deC.V._RecentChanges_06-Oct-2026.xlsx",Recent Changes,2270
2026-10-06,2013-07-23,Not Entitled**,Not Entitled**,Target Price,Non-Periodic,35,34,2.941176414489746,38.69,38.59,0.2591345012187958,"filings/capitaliq/Estimates/Recent Changes/SPGlobal_GrupoBimbo,S.A.B.deC.V._RecentChanges_06-Oct-2026.xlsx",Recent Changes,2271
2026-10-06,2013-07-22,Not Entitled**,Not Entitled**,Target Price,Non-Periodic,-,-,-,-,-,-,"filings/capitaliq/Estimates/Recent Changes/SPGlobal_GrupoBimbo,S.A.B.deC.V._RecentChanges_06-Oct-2026.xlsx",Recent Changes,2272
2026-10-06,2013-06-13,Not Entitled**,Not Entitled**,Target Price,Non-Periodic,37,33,12.121212005615234,37.865,37.465,1.0676631927490234,"filings/capitaliq/Estimates/Recent Changes/SPGlobal_GrupoBimbo,S.A.B.deC.V._RecentChanges_06-Oct-2026.xlsx",Recent Changes,2273
2026-10-06,2013-06-13,Not Entitled**,Not Entitled**,Recommendation,Non-Periodic,Sell (5),Hold (3), ,Hold (3.20),Hold (3.00), ,"filings/capitaliq/Estimates/Recent Changes/SPGlobal_GrupoBimbo,S.A.B.deC.V._RecentChanges_06-Oct-2026.xlsx",Recent Changes,2274
2026-10-06,2013-05-28,Not Entitled**,Not Entitled**,Target Price,Non-Periodic,37,29,27.586206436157227,37.465,37.51667,-0.13772544264793396,"filings/capitaliq/Estimates/Recent Changes/SPGlobal_GrupoBimbo,S.A.B.deC.V._RecentChanges_06-Oct-2026.xlsx",Recent Changes,2275
2026-10-06,2013-04-25,Not Entitled**,Not Entitled**,Target Price,Non-Periodic,34,30,13.333333015441895,37.40556,36.96111,1.2024800777435303,"filings/capitaliq/Estimates/Recent Changes/SPGlobal_GrupoBimbo,S.A.B.deC.V._RecentChanges_06-Oct-2026.xlsx",Recent Changes,2276
2026-10-06,2013-04-09,Not Entitled**,Not Entitled**,Target Price,Non-Periodic,-,-,-,-,-,-,"filings/capitaliq/Estimates/Recent Changes/SPGlobal_GrupoBimbo,S.A.B.deC.V._RecentChanges_06-Oct-2026.xlsx",Recent Changes,2277
2026-10-06,2013-04-09,Not Entitled**,Not Entitled**,Recommendation,Non-Periodic,-,-, ,-,-, ,"filings/capitaliq/Estimates/Recent Changes/SPGlobal_GrupoBimbo,S.A.B.deC.V._RecentChanges_06-Oct-2026.xlsx",Recent Changes,2278
2026-10-06,2013-04-08,Not Entitled**,Not Entitled**,Recommendation,Non-Periodic,Outperform (2),Hold (3), ,Hold (2.80),Hold (2.90), ,"filings/capitaliq/Estimates/Recent Changes/SPGlobal_GrupoBimbo,S.A.B.deC.V._RecentChanges_06-Oct-2026.xlsx",Recent Changes,2279
2026-10-06,2013-04-08,Not Entitled**,Not Entitled**,Target Price,Non-Periodic,46,34,35.29411697387695,36.12778,34.79444,3.8320491313934326,"filings/capitaliq/Estimates/Recent Changes/SPGlobal_GrupoBimbo,S.A.B.deC.V._RecentChanges_06-Oct-2026.xlsx",Recent Changes,2280
2026-10-06,2013-01-08,Santander,"Gómez Dominguez, Jesús",Target Price,Non-Periodic,36,32,12.5,34.21429,33.64286,1.698517918586731,"filings/capitaliq/Estimates/Recent Changes/SPGlobal_GrupoBimbo,S.A.B.deC.V._RecentChanges_06-Oct-2026.xlsx",Recent Changes,2281
2026-10-06,2012-11-25,Not Entitled**,Not Entitled**,Target Price,Non-Periodic,30,35,-14.285714149475098,33.54444,34.1,-1.6292082071304321,"filings/capitaliq/Estimates/Recent Changes/SPGlobal_GrupoBimbo,S.A.B.deC.V._RecentChanges_06-Oct-2026.xlsx",Recent Changes,2282
2026-10-06,2012-11-25,Not Entitled**,Not Entitled**,Recommendation,Non-Periodic,Underperform (4),Hold (3), ,Hold (2.67),Hold (2.56), ,"filings/capitaliq/Estimates/Recent Changes/SPGlobal_GrupoBimbo,S.A.B.deC.V._RecentChanges_06-Oct-2026.xlsx",Recent Changes,2283
2026-10-06,2012-11-11,Not Entitled**,Not Entitled**,Target Price,Non-Periodic,-,-,-,-,-,-,"filings/capitaliq/Estimates/Recent Changes/SPGlobal_GrupoBimbo,S.A.B.deC.V._RecentChanges_06-Oct-2026.xlsx",Recent Changes,2284
2026-10-06,2012-10-16,Not Entitled**,Not Entitled**,Recommendation,Non-Periodic,Hold (3),No Opinion (0), ,Outperform (2.50),Outperform (2.43), ,"filings/capitaliq/Estimates/Recent Changes/SPGlobal_GrupoBimbo,S.A.B.deC.V._RecentChanges_06-Oct-2026.xlsx",Recent Changes,2285
2026-10-06,2012-10-16,Not Entitled**,Not Entitled**,Target Price,Non-Periodic,34,19.25,76.62337493896484,33.7375,33.7,0.11127596348524094,"filings/capitaliq/Estimates/Recent Changes/SPGlobal_GrupoBimbo,S.A.B.deC.V._RecentChanges_06-Oct-2026.xlsx",Recent Changes,2286
2026-10-06,2012-07-26,Not Entitled**,Not Entitled**,Target Price,Non-Periodic,35,32,9.375,33.7,33.48333,0.6470981240272522,"filings/capitaliq/Estimates/Recent Changes/SPGlobal_GrupoBimbo,S.A.B.deC.V._RecentChanges_06-Oct-2026.xlsx",Recent Changes,2287
2026-10-06,2012-05-06,Not Entitled**,Not Entitled**,Target Price,Non-Periodic,-,-,-,-,-,-,"filings/capitaliq/Estimates/Recent Changes/SPGlobal_GrupoBimbo,S.A.B.deC.V._RecentChanges_06-Oct-2026.xlsx",Recent Changes,2288
2026-10-06,2012-05-06,Not Entitled**,Not Entitled**,Recommendation,Non-Periodic,-,-, ,-,-, ,"filings/capitaliq/Estimates/Recent Changes/SPGlobal_GrupoBimbo,S.A.B.deC.V._RecentChanges_06-Oct-2026.xlsx",Recent Changes,2289
2026-10-06,2012-03-25,Not Entitled**,Not Entitled**,Target Price,Non-Periodic,33,32,3.125,32.5875,32.4625,0.3850596845149994,"filings/capitaliq/Estimates/Recent Changes/SPGlobal_GrupoBimbo,S.A.B.deC.V._RecentChanges_06-Oct-2026.xlsx",Recent Changes,2290
2026-10-06,2012-01-17,Not Entitled**,Not Entitled**,Target Price,Non-Periodic,32,27,18.518518447875977,32.4625,31.8375,1.963093876838684,"filings/capitaliq/Estimates/Recent Changes/SPGlobal_GrupoBimbo,S.A.B.deC.V._RecentChanges_06-Oct-2026.xlsx",Recent Changes,2291
2026-10-06,2012-01-02,Not Entitled**,Not Entitled**,Target Price,Non-Periodic,-,-,-,-,-,-,"filings/capitaliq/Estimates/Recent Changes/SPGlobal_GrupoBimbo,S.A.B.deC.V._RecentChanges_06-Oct-2026.xlsx",Recent Changes,2292
2026-10-06,2011-11-09,Santander,"Ley Pinto, Joaquín",Target Price,Non-Periodic,32,32.5,-1.5384615659713745,30.78571,30.85714,-0.23148612678050995,"filings/capitaliq/Estimates/Recent Changes/SPGlobal_GrupoBimbo,S.A.B.deC.V._RecentChanges_06-Oct-2026.xlsx",Recent Changes,2293
2026-10-06,2011-10-30,Not Entitled**,Not Entitled**,Target Price,Non-Periodic,32,29.25,9.40170955657959,30.85714,30.46429,1.289542555809021,"filings/capitaliq/Estimates/Recent Changes/SPGlobal_GrupoBimbo,S.A.B.deC.V._RecentChanges_06-Oct-2026.xlsx",Recent Changes,2294
2026-10-06,2011-10-08,Not Entitled**,Not Entitled**,Recommendation,Non-Periodic,-,-, ,-,-, ,"filings/capitaliq/Estimates/Recent Changes/SPGlobal_GrupoBimbo,S.A.B.deC.V._RecentChanges_06-Oct-2026.xlsx",Recent Changes,2295
2026-10-06,2011-07-29,Santander,"Ley Pinto, Joaquín",Target Price,Non-Periodic,32.5,30.25,7.438016414642334,29.8125,29.53125,0.9523809552192688,"filings/capitaliq/Estimates/Recent Changes/SPGlobal_GrupoBimbo,S.A.B.deC.V._RecentChanges_06-Oct-2026.xlsx",Recent Changes,2296
2026-10-06,2011-07-22,Not Entitled**,Not Entitled**,Target Price,Non-Periodic,29,26.5,9.433961868286133,29.53125,29.21875,1.0695186853408813,"filings/capitaliq/Estimates/Recent Changes/SPGlobal_GrupoBimbo,S.A.B.deC.V._RecentChanges_06-Oct-2026.xlsx",Recent Changes,2297
2026-10-06,2011-07-22,Not Entitled**,Not Entitled**,Target Price,Non-Periodic,27,26.25,2.857142925262451,29.21875,29.125,0.32188841700553894,"filings/capitaliq/Estimates/Recent Changes/SPGlobal_GrupoBimbo,S.A.B.deC.V._RecentChanges_06-Oct-2026.xlsx",Recent Changes,2298
2026-10-06,2011-04-12,Not Entitled**,Not Entitled**,Target Price,Non-Periodic,29.25,25.75,13.592232704162598,28.64286,28.54167,0.3545342683792114,"filings/capitaliq/Estimates/Recent Changes/SPGlobal_GrupoBimbo,S.A.B.deC.V._RecentChanges_06-Oct-2026.xlsx",Recent Changes,2299
2026-10-06,2011-03-03,Not Entitled**,Not Entitled**,Target Price,Non-Periodic,-,-,-,-,-,-,"filings/capitaliq/Estimates/Recent Changes/SPGlobal_GrupoBimbo,S.A.B.deC.V._RecentChanges_06-Oct-2026.xlsx",Recent Changes,2300
2026-10-06,2011-02-08,Not Entitled**,Not Entitled**,Target Price,Non-Periodic,26.25,30,-12.5,28.25,29,-2.5862069129943848,"filings/capitaliq/Estimates/Recent Changes/SPGlobal_GrupoBimbo,S.A.B.deC.V._RecentChanges_06-Oct-2026.xlsx",Recent Changes,2301
2026-10-06,2011-02-08,Not Entitled**,Not Entitled**,Recommendation,Non-Periodic,Hold (3),Buy (1), ,Outperform (2.33),Outperform (2.00), ,"filings/capitaliq/Estimates/Recent Changes/SPGlobal_GrupoBimbo,S.A.B.deC.V._RecentChanges_06-Oct-2026.xlsx",Recent Changes,2302
2026-10-06,2011-02-01,Not Entitled**,Not Entitled**,Target Price,Non-Periodic,26.5,25.75,2.912621259689331,29,28.85,0.5199306607246399,"filings/capitaliq/Estimates/Recent Changes/SPGlobal_GrupoBimbo,S.A.B.deC.V._RecentChanges_06-Oct-2026.xlsx",Recent Changes,2303
2026-10-06,2010-12-13,Santander,"Moreno, Cristian",Target Price,Non-Periodic,30.25,24.75,22.22222137451172,28.85,27.75,3.9639639854431152,"filings/capitaliq/Estimates/Recent Changes/SPGlobal_GrupoBimbo,S.A.B.deC.V._RecentChanges_06-Oct-2026.xlsx",Recent Changes,2304
2026-10-06,2010-11-11,Not Entitled**,Not Entitled**,Target Price,Non-Periodic,30,26.75,12.149532318115234,27.75,27.1875,2.068965435028076,"filings/capitaliq/Estimates/Recent Changes/SPGlobal_GrupoBimbo,S.A.B.deC.V._RecentChanges_06-Oct-2026.xlsx",Recent Changes,2305
2026-10-06,2010-05-02,Not Entitled**,Not Entitled**,Target Price,Non-Periodic,25.75,24.5,5.102040767669678,25.75,25.5,0.9803921580314636,"filings/capitaliq/Estimates/Recent Changes/SPGlobal_GrupoBimbo,S.A.B.deC.V._RecentChanges_06-Oct-2026.xlsx",Recent Changes,2306
2026-10-06,2010-05-02,Not Entitled**,Not Entitled**,Recommendation,Non-Periodic,Hold (3),Outperform (2), ,Hold (2.60),Outperform (2.40), ,"filings/capitaliq/Estimates/Recent Changes/SPGlobal_GrupoBimbo,S.A.B.deC.V._RecentChanges_06-Oct-2026.xlsx",Recent Changes,2307
2026-10-06,2010-03-16,Not Entitled**,Not Entitled**,Recommendation,Non-Periodic,-,-, ,-,-, ,"filings/capitaliq/Estimates/Recent Changes/SPGlobal_GrupoBimbo,S.A.B.deC.V._RecentChanges_06-Oct-2026.xlsx",Recent Changes,2308
2026-10-06,2010-03-16,Not Entitled**,Not Entitled**,Target Price,Non-Periodic,-,-,-,-,-,-,"filings/capitaliq/Estimates/Recent Changes/SPGlobal_GrupoBimbo,S.A.B.deC.V._RecentChanges_06-Oct-2026.xlsx",Recent Changes,2309
2026-10-06,2010-02-25,Not Entitled**,Not Entitled**,Target Price,Non-Periodic,26.75,24.5,9.183673858642578,24.75,24.375,1.5384615659713745,"filings/capitaliq/Estimates/Recent Changes/SPGlobal_GrupoBimbo,S.A.B.deC.V._RecentChanges_06-Oct-2026.xlsx",Recent Changes,2310
2026-10-06,2010-02-25,Not Entitled**,Not Entitled**,Recommendation,Non-Periodic,Buy (1),Hold (3), ,Outperform (2.14),Outperform (2.43), ,"filings/capitaliq/Estimates/Recent Changes/SPGlobal_GrupoBimbo,S.A.B.deC.V._RecentChanges_06-Oct-2026.xlsx",Recent Changes,2311
2026-10-06,2010-02-03,Not Entitled**,Not Entitled**,Target Price,Non-Periodic,25.75,21.5,19.76744270324707,24.08333,23.375,3.0302886962890625,"filings/capitaliq/Estimates/Recent Changes/SPGlobal_GrupoBimbo,S.A.B.deC.V._RecentChanges_06-Oct-2026.xlsx",Recent Changes,2312
2026-10-06,2010-01-27,Santander,"Ley Pinto, Joaquín",Recommendation,Non-Periodic,Hold (3),Hold (3), ,Outperform (2.43),Outperform (2.43), ,"filings/capitaliq/Estimates/Recent Changes/SPGlobal_GrupoBimbo,S.A.B.deC.V._RecentChanges_06-Oct-2026.xlsx",Recent Changes,2313
2026-10-06,2010-01-20,Not Entitled**,Not Entitled**,Target Price,Non-Periodic,24.5,20.75,18.072288513183594,23.375,22.75,2.7472527027130127,"filings/capitaliq/Estimates/Recent Changes/SPGlobal_GrupoBimbo,S.A.B.deC.V._RecentChanges_06-Oct-2026.xlsx",Recent Changes,2314
2026-10-06,2009-12-10,Santander,"Ley Pinto, Joaquín",Target Price,Non-Periodic,24.75,23,7.6086955070495605,22.75,22.45833,1.2987163066864014,"filings/capitaliq/Estimates/Recent Changes/SPGlobal_GrupoBimbo,S.A.B.deC.V._RecentChanges_06-Oct-2026.xlsx",Recent Changes,2315
2026-10-06,2009-10-28,Not Entitled**,Not Entitled**,Target Price,Non-Periodic,-,-,-,-,-,-,"filings/capitaliq/Estimates/Recent Changes/SPGlobal_GrupoBimbo,S.A.B.deC.V._RecentChanges_06-Oct-2026.xlsx",Recent Changes,2316
2026-10-06,2009-10-25,Not Entitled**,Not Entitled**,Recommendation,Non-Periodic,Hold (3),Buy (1), ,Outperform (2.43),Outperform (2.14), ,"filings/capitaliq/Estimates/Recent Changes/SPGlobal_GrupoBimbo,S.A.B.deC.V._RecentChanges_06-Oct-2026.xlsx",Recent Changes,2317
2026-10-06,2009-10-19,Not Entitled**,Not Entitled**,Target Price,Non-Periodic,24.5,NA,NA,21.14583,20.475,3.276336908340454,"filings/capitaliq/Estimates/Recent Changes/SPGlobal_GrupoBimbo,S.A.B.deC.V._RecentChanges_06-Oct-2026.xlsx",Recent Changes,2318
2026-10-06,2009-07-28,Not Entitled**,Not Entitled**,Target Price,Non-Periodic,21.5,14.75,45.76271057128906,20.475,19.125,7.058823585510254,"filings/capitaliq/Estimates/Recent Changes/SPGlobal_GrupoBimbo,S.A.B.deC.V._RecentChanges_06-Oct-2026.xlsx",Recent Changes,2319
2026-10-06,2009-07-23,Not Entitled**,Not Entitled**,Target Price,Non-Periodic,20.75,18.125,14.482758522033691,19.125,18.6,2.822580575942993,"filings/capitaliq/Estimates/Recent Changes/SPGlobal_GrupoBimbo,S.A.B.deC.V._RecentChanges_06-Oct-2026.xlsx",Recent Changes,2320
2026-10-06,2009-07-22,Not Entitled**,Not Entitled**,Target Price,Non-Periodic,-,-,-,-,-,-,"filings/capitaliq/Estimates/Recent Changes/SPGlobal_GrupoBimbo,S.A.B.deC.V._RecentChanges_06-Oct-2026.xlsx",Recent Changes,2321
2026-10-06,2009-07-22,Not Entitled**,Not Entitled**,Recommendation,Non-Periodic,-,-, ,-,-, ,"filings/capitaliq/Estimates/Recent Changes/SPGlobal_GrupoBimbo,S.A.B.deC.V._RecentChanges_06-Oct-2026.xlsx",Recent Changes,2322
2026-10-06,2009-05-28,Santander,"Ley Pinto, Joaquín",Target Price,Non-Periodic,23,17.82405,29.039134979248047,18.075,17.03981,6.075126647949219,"filings/capitaliq/Estimates/Recent Changes/SPGlobal_GrupoBimbo,S.A.B.deC.V._RecentChanges_06-Oct-2026.xlsx",Recent Changes,2323
2026-10-06,2009-04-24,Santander,"Ley Pinto, Joaquín",Target Price,Non-Periodic,17.82405,19.75,-9.751646041870117,17.03981,17.425,-2.210559606552124,"filings/capitaliq/Estimates/Recent Changes/SPGlobal_GrupoBimbo,S.A.B.deC.V._RecentChanges_06-Oct-2026.xlsx",Recent Changes,2324
2026-10-06,2009-04-23,Not Entitled**,Not Entitled**,Target Price,Non-Periodic,18.125,17.75,2.1126761436462402,17.425,17.35,0.4322766661643982,"filings/capitaliq/Estimates/Recent Changes/SPGlobal_GrupoBimbo,S.A.B.deC.V._RecentChanges_06-Oct-2026.xlsx",Recent Changes,2325
2026-10-06,2009-04-23,Not Entitled**,Not Entitled**,Target Price,Non-Periodic,-,-,-,-,-,-,"filings/capitaliq/Estimates/Recent Changes/SPGlobal_GrupoBimbo,S.A.B.deC.V._RecentChanges_06-Oct-2026.xlsx",Recent Changes,2326
2026-10-06,2009-03-19,Not Entitled**,Not Entitled**,Target Price,Non-Periodic,14.75,15.5,-4.838709831237793,16.3,16.45,-0.911854088306427,"filings/capitaliq/Estimates/Recent Changes/SPGlobal_GrupoBimbo,S.A.B.deC.V._RecentChanges_06-Oct-2026.xlsx",Recent Changes,2327
2026-10-06,2009-02-16,Not Entitled**,Not Entitled**,Target Price,Non-Periodic,-,-,-,-,-,-,"filings/capitaliq/Estimates/Recent Changes/SPGlobal_GrupoBimbo,S.A.B.deC.V._RecentChanges_06-Oct-2026.xlsx",Recent Changes,2328
2026-10-06,2009-01-12,Not Entitled**,Not Entitled**,Target Price,Non-Periodic,17.75,20.5,-13.414633750915527,17.025,17.575,-3.1294453144073486,"filings/capitaliq/Estimates/Recent Changes/SPGlobal_GrupoBimbo,S.A.B.deC.V._RecentChanges_06-Oct-2026.xlsx",Recent Changes,2329
2026-10-06,2008-12-04,Not Entitled**,Not Entitled**,Target Price,Non-Periodic,-,-,-,-,-,-,"filings/capitaliq/Estimates/Recent Changes/SPGlobal_GrupoBimbo,S.A.B.deC.V._RecentChanges_06-Oct-2026.xlsx",Recent Changes,2330
2026-10-06,2008-12-04,Not Entitled**,Not Entitled**,Recommendation,Non-Periodic,-,-, ,-,-, ,"filings/capitaliq/Estimates/Recent Changes/SPGlobal_GrupoBimbo,S.A.B.deC.V._RecentChanges_06-Oct-2026.xlsx",Recent Changes,2331
2026-10-06,2008-11-05,Not Entitled**,Not Entitled**,Target Price,Non-Periodic,-,-,-,-,-,-,"filings/capitaliq/Estimates/Recent Changes/SPGlobal_GrupoBimbo,S.A.B.deC.V._RecentChanges_06-Oct-2026.xlsx",Recent Changes,2332
2026-10-06,2008-10-28,Not Entitled**,Not Entitled**,Target Price,Non-Periodic,15.5,19.25,-19.480520248413086,18.25,19,-3.9473683834075928,"filings/capitaliq/Estimates/Recent Changes/SPGlobal_GrupoBimbo,S.A.B.deC.V._RecentChanges_06-Oct-2026.xlsx",Recent Changes,2333
2026-10-06,2008-09-10,Not Entitled**,Not Entitled**,Target Price,Non-Periodic,-,-,-,-,-,-,"filings/capitaliq/Estimates/Recent Changes/SPGlobal_GrupoBimbo,S.A.B.deC.V._RecentChanges_06-Oct-2026.xlsx",Recent Changes,2334
2026-10-06,2008-09-10,Not Entitled**,Not Entitled**,Recommendation,Non-Periodic,-,-, ,-,-, ,"filings/capitaliq/Estimates/Recent Changes/SPGlobal_GrupoBimbo,S.A.B.deC.V._RecentChanges_06-Oct-2026.xlsx",Recent Changes,2335
2026-10-06,2008-06-11,Santander,"Ley Pinto, Joaquín",Recommendation,Non-Periodic,Hold (3),No Opinion (0), ,Outperform (2.50),Outperform (2.33), ,"filings/capitaliq/Estimates/Recent Changes/SPGlobal_GrupoBimbo,S.A.B.deC.V._RecentChanges_06-Oct-2026.xlsx",Recent Changes,2336
2026-10-06,2008-06-11,Santander,"Ley Pinto, Joaquín",Target Price,Non-Periodic,19.75,18.75,5.333333492279053,18.95,18.75,1.0666667222976685,"filings/capitaliq/Estimates/Recent Changes/SPGlobal_GrupoBimbo,S.A.B.deC.V._RecentChanges_06-Oct-2026.xlsx",Recent Changes,2337
2026-10-06,2008-05-18,Not Entitled**,Not Entitled**,Recommendation,Non-Periodic,No Opinion (0),Outperform (2), ,Outperform (2.33),Outperform (2.25), ,"filings/capitaliq/Estimates/Recent Changes/SPGlobal_GrupoBimbo,S.A.B.deC.V._RecentChanges_06-Oct-2026.xlsx",Recent Changes,2338
2026-10-06,2008-04-25,Not Entitled**,Not Entitled**,Target Price,Non-Periodic,20.5,11.25,82.22222137451172,18.85,18.4375,2.237288236618042,"filings/capitaliq/Estimates/Recent Changes/SPGlobal_GrupoBimbo,S.A.B.deC.V._RecentChanges_06-Oct-2026.xlsx",Recent Changes,2339
2026-10-06,2008-04-25,Not Entitled**,Not Entitled**,Recommendation,Non-Periodic,Buy (1),Hold (3), ,Outperform (2.25),Hold (2.75), ,"filings/capitaliq/Estimates/Recent Changes/SPGlobal_GrupoBimbo,S.A.B.deC.V._RecentChanges_06-Oct-2026.xlsx",Recent Changes,2340
2026-10-06,2008-04-07,Not Entitled**,Not Entitled**,Recommendation,Non-Periodic,-,-, ,-,-, ,"filings/capitaliq/Estimates/Recent Changes/SPGlobal_GrupoBimbo,S.A.B.deC.V._RecentChanges_06-Oct-2026.xlsx",Recent Changes,2341
2026-10-06,2008-04-07,Not Entitled**,Not Entitled**,Target Price,Non-Periodic,-,-,-,-,-,-,"filings/capitaliq/Estimates/Recent Changes/SPGlobal_GrupoBimbo,S.A.B.deC.V._RecentChanges_06-Oct-2026.xlsx",Recent Changes,2342
2026-10-06,2008-02-18,Not Entitled**,Not Entitled**,Recommendation,Non-Periodic,Outperform (2),Outperform (2), ,Outperform (2.25),Outperform (2.25), ,"filings/capitaliq/Estimates/Recent Changes/SPGlobal_GrupoBimbo,S.A.B.deC.V._RecentChanges_06-Oct-2026.xlsx",Recent Changes,2343
2026-10-06,2008-02-18,Not Entitled**,Not Entitled**,Target Price,Non-Periodic,19.25,19.25,0,NA,NA,NA,"filings/capitaliq/Estimates/Recent Changes/SPGlobal_GrupoBimbo,S.A.B.deC.V._RecentChanges_06-Oct-2026.xlsx",Recent Changes,2344
2026-10-06,2008-02-05,Santander,"Miranda de Abiega, Danele",Recommendation,Non-Periodic,No Opinion (0),Hold (3), ,Outperform (2.25),Outperform (2.40), ,"filings/capitaliq/Estimates/Recent Changes/SPGlobal_GrupoBimbo,S.A.B.deC.V._RecentChanges_06-Oct-2026.xlsx",Recent Changes,2345
2026-10-06,2008-01-15,Not Entitled**,Not Entitled**,Recommendation,Non-Periodic,-,-, ,-,-, ,"filings/capitaliq/Estimates/Recent Changes/SPGlobal_GrupoBimbo,S.A.B.deC.V._RecentChanges_06-Oct-2026.xlsx",Recent Changes,2346
2026-10-06,2008-01-15,Not Entitled**,Not Entitled**,Target Price,Non-Periodic,-,-,-,-,-,-,"filings/capitaliq/Estimates/Recent Changes/SPGlobal_GrupoBimbo,S.A.B.deC.V._RecentChanges_06-Oct-2026.xlsx",Recent Changes,2347
2026-10-06,2008-01-08,Not Entitled**,Not Entitled**,Target Price,Non-Periodic,19.25,20.5,-6.097560882568359,18.25,18,1.3888888359069824,"filings/capitaliq/Estimates/Recent Changes/SPGlobal_GrupoBimbo,S.A.B.deC.V._RecentChanges_06-Oct-2026.xlsx",Recent Changes,2348
2026-10-06,2008-01-08,Not Entitled**,Not Entitled**,Recommendation,Non-Periodic,Outperform (2),Buy (1), ,Hold (2.80),Hold (3.00), ,"filings/capitaliq/Estimates/Recent Changes/SPGlobal_GrupoBimbo,S.A.B.deC.V._RecentChanges_06-Oct-2026.xlsx",Recent Changes,2349
2026-10-06,2007-11-16,Not Entitled**,Not Entitled**,Target Price,Non-Periodic,19.25,17.125,12.408759117126465,18,17.46875,3.041144847869873,"filings/capitaliq/Estimates/Recent Changes/SPGlobal_GrupoBimbo,S.A.B.deC.V._RecentChanges_06-Oct-2026.xlsx",Recent Changes,2350
2026-10-06,2007-11-05,Santander,"Ley Pinto, Joaquín",Target Price,Non-Periodic,18.75,18.375,2.040816307067871,17.46875,17.375,0.5395683646202087,"filings/capitaliq/Estimates/Recent Changes/SPGlobal_GrupoBimbo,S.A.B.deC.V._RecentChanges_06-Oct-2026.xlsx",Recent Changes,2351
2026-10-06,2007-10-25,Not Entitled**,Not Entitled**,Target Price,Non-Periodic,-,-,-,-,-,-,"filings/capitaliq/Estimates/Recent Changes/SPGlobal_GrupoBimbo,S.A.B.deC.V._RecentChanges_06-Oct-2026.xlsx",Recent Changes,2352
2026-10-06,2007-07-27,Not Entitled**,Not Entitled**,Recommendation,Non-Periodic,Buy (1),Buy (1), ,Hold (2.60),Hold (2.60), ,"filings/capitaliq/Estimates/Recent Changes/SPGlobal_GrupoBimbo,S.A.B.deC.V._RecentChanges_06-Oct-2026.xlsx",Recent Changes,2353
2026-10-06,2007-07-27,Not Entitled**,Not Entitled**,Target Price,Non-Periodic,20.5,20.5,0,NA,NA,NA,"filings/capitaliq/Estimates/Recent Changes/SPGlobal_GrupoBimbo,S.A.B.deC.V._RecentChanges_06-Oct-2026.xlsx",Recent Changes,2354
2026-10-06,2007-06-21,Santander,NA,Recommendation,Non-Periodic,Hold (3),Buy (1), ,Hold (2.60),Outperform (2.50), ,"filings/capitaliq/Estimates/Recent Changes/SPGlobal_GrupoBimbo,S.A.B.deC.V._RecentChanges_06-Oct-2026.xlsx",Recent Changes,2355
2026-10-06,2007-06-21,Santander,"Ley Pinto, Joaquín",Target Price,Non-Periodic,18.375,13.75,33.6363639831543,17.375,16.21875,7.12909460067749,"filings/capitaliq/Estimates/Recent Changes/SPGlobal_GrupoBimbo,S.A.B.deC.V._RecentChanges_06-Oct-2026.xlsx",Recent Changes,2356
2026-10-06,2007-05-28,Not Entitled**,Not Entitled**,Recommendation,Non-Periodic,-,-, ,-,-, ,"filings/capitaliq/Estimates/Recent Changes/SPGlobal_GrupoBimbo,S.A.B.deC.V._RecentChanges_06-Oct-2026.xlsx",Recent Changes,2357
2026-10-06,2007-05-24,Not Entitled**,Not Entitled**,Recommendation,Non-Periodic,Buy (1),Hold (3), ,Hold (2.60),Hold (3.00), ,"filings/capitaliq/Estimates/Recent Changes/SPGlobal_GrupoBimbo,S.A.B.deC.V._RecentChanges_06-Oct-2026.xlsx",Recent Changes,2358
2026-10-06,2007-05-24,Not Entitled**,Not Entitled**,Target Price,Non-Periodic,20.5,11.5625,77.29729461669922,16.21875,14.79167,9.647862434387207,"filings/capitaliq/Estimates/Recent Changes/SPGlobal_GrupoBimbo,S.A.B.deC.V._RecentChanges_06-Oct-2026.xlsx",Recent Changes,2359
2026-10-06,2007-05-22,Not Entitled**,Not Entitled**,Recommendation,Non-Periodic,-,-, ,-,-, ,"filings/capitaliq/Estimates/Recent Changes/SPGlobal_GrupoBimbo,S.A.B.deC.V._RecentChanges_06-Oct-2026.xlsx",Recent Changes,2360
2026-10-06,2007-04-01,Santander,NA,Recommendation,Non-Periodic,Buy (1),Outperform (2), ,Outperform (2.50),Hold (3.00), ,"filings/capitaliq/Estimates/Recent Changes/SPGlobal_GrupoBimbo,S.A.B.deC.V._RecentChanges_06-Oct-2026.xlsx",Recent Changes,2361
2026-10-06,2007-03-02,Not Entitled**,Not Entitled**,Target Price,Non-Periodic,17.125,NA,NA,14.125,12.625,11.88118839263916,"filings/capitaliq/Estimates/Recent Changes/SPGlobal_GrupoBimbo,S.A.B.deC.V._RecentChanges_06-Oct-2026.xlsx",Recent Changes,2362
2026-10-06,2006-12-14,Not Entitled**,Not Entitled**,Recommendation,Non-Periodic,-,-, ,-,-, ,"filings/capitaliq/Estimates/Recent Changes/SPGlobal_GrupoBimbo,S.A.B.deC.V._RecentChanges_06-Oct-2026.xlsx",Recent Changes,2363
2026-10-06,2006-12-14,Santander,"Ley Pinto, Joaquín",Target Price,Non-Periodic,13.75,10.21478,34.60887145996094,12.27083,11.09243,10.62346076965332,"filings/capitaliq/Estimates/Recent Changes/SPGlobal_GrupoBimbo,S.A.B.deC.V._RecentChanges_06-Oct-2026.xlsx",Recent Changes,2364
2026-10-06,2006-12-03,Not Entitled**,Not Entitled**,Target Price,Non-Periodic,11.5625,NA,NA,11.20994,11.09243,1.0593711137771606,"filings/capitaliq/Estimates/Recent Changes/SPGlobal_GrupoBimbo,S.A.B.deC.V._RecentChanges_06-Oct-2026.xlsx",Recent Changes,2365
2026-10-06,2006-07-27,Santander,"Ley Pinto, Joaquín",Target Price,Non-Periodic,10.21478,10.5,-2.7163808345794678,10.64744,10.71875,-0.6652827858924866,"filings/capitaliq/Estimates/Recent Changes/SPGlobal_GrupoBimbo,S.A.B.deC.V._RecentChanges_06-Oct-2026.xlsx",Recent Changes,2366
2026-10-06,2006-06-02,Santander,"Ley Pinto, Joaquín",Target Price,Non-Periodic,10.5,9.75,7.692307472229004,10.825,10.675,1.4051522016525269,"filings/capitaliq/Estimates/Recent Changes/SPGlobal_GrupoBimbo,S.A.B.deC.V._RecentChanges_06-Oct-2026.xlsx",Recent Changes,2367
2026-10-06,2006-04-27,Not Entitled**,Not Entitled**,Recommendation,Non-Periodic,Hold (3),Buy (1), ,Outperform (1.80),Buy (1.40), ,"filings/capitaliq/Estimates/Recent Changes/SPGlobal_GrupoBimbo,S.A.B.deC.V._RecentChanges_06-Oct-2026.xlsx",Recent Changes,2368
2026-10-06,2006-02-23,Santander,NA,Recommendation,Non-Periodic,Outperform (2),Hold (3), ,Buy (1.40),Outperform (1.60), ,"filings/capitaliq/Estimates/Recent Changes/SPGlobal_GrupoBimbo,S.A.B.deC.V._RecentChanges_06-Oct-2026.xlsx",Recent Changes,2369
2026-10-06,2005-11-21,Santander,"Ley Pinto, Joaquín",Target Price,Non-Periodic,9.75,7.75443,25.734580993652344,10.57917,10.745,-1.5433224439620972,"filings/capitaliq/Estimates/Recent Changes/SPGlobal_GrupoBimbo,S.A.B.deC.V._RecentChanges_06-Oct-2026.xlsx",Recent Changes,2370
2026-10-06,2005-10-11,Not Entitled**,Not Entitled**,Target Price,Non-Periodic,-,-,-,-,-,-,"filings/capitaliq/Estimates/Recent Changes/SPGlobal_GrupoBimbo,S.A.B.deC.V._RecentChanges_06-Oct-2026.xlsx",Recent Changes,2371
2026-10-06,2005-07-28,Not Entitled**,Not Entitled**,Target Price,Non-Periodic,11.25,NA,NA,9.4799,9.12589,3.879183292388916,"filings/capitaliq/Estimates/Recent Changes/SPGlobal_GrupoBimbo,S.A.B.deC.V._RecentChanges_06-Oct-2026.xlsx",Recent Changes,2372
2026-10-06,2005-02-23,Santander,NA,Recommendation,Non-Periodic,Hold (3),Outperform (2), ,Outperform (1.86),Outperform (1.71), ,"filings/capitaliq/Estimates/Recent Changes/SPGlobal_GrupoBimbo,S.A.B.deC.V._RecentChanges_06-Oct-2026.xlsx",Recent Changes,2373
2026-10-06,2005-02-23,Santander,"Ley Pinto, Joaquín",Target Price,Non-Periodic,7.75443,8.2875,-6.432217121124268,8.2278,8.31665,-1.0683388710021973,"filings/capitaliq/Estimates/Recent Changes/SPGlobal_GrupoBimbo,S.A.B.deC.V._RecentChanges_06-Oct-2026.xlsx",Recent Changes,2374
2026-10-06,2005-02-07,Not Entitled**,Not Entitled**,Recommendation,Non-Periodic,Buy (1),Hold (3), ,Outperform (1.71),Outperform (1.83), ,"filings/capitaliq/Estimates/Recent Changes/SPGlobal_GrupoBimbo,S.A.B.deC.V._RecentChanges_06-Oct-2026.xlsx",Recent Changes,2375
2026-10-06,2005-01-26,Not Entitled**,Not Entitled**,Target Price,Non-Periodic,-,-,-,-,-,-,"filings/capitaliq/Estimates/Recent Changes/SPGlobal_GrupoBimbo,S.A.B.deC.V._RecentChanges_06-Oct-2026.xlsx",Recent Changes,2376
2026-10-06,2004-12-01,Santander,"Ley Pinto, Joaquín",Target Price,Non-Periodic,8.2875,7.19515,15.181754112243652,7.74998,7.53151,2.9007463455200195,"filings/capitaliq/Estimates/Recent Changes/SPGlobal_GrupoBimbo,S.A.B.deC.V._RecentChanges_06-Oct-2026.xlsx",Recent Changes,2377
2026-10-06,2004-10-27,Not Entitled**,Not Entitled**,Target Price,Non-Periodic,-,-,-,-,-,-,"filings/capitaliq/Estimates/Recent Changes/SPGlobal_GrupoBimbo,S.A.B.deC.V._RecentChanges_06-Oct-2026.xlsx",Recent Changes,2378
2026-10-06,2004-10-27,Santander,"Robarts, Alexander Reid",Target Price,Non-Periodic,7.19515,6.25,15.122400283813477,7.48459,7.08956,5.571996212005615,"filings/capitaliq/Estimates/Recent Changes/SPGlobal_GrupoBimbo,S.A.B.deC.V._RecentChanges_06-Oct-2026.xlsx",Recent Changes,2379
2026-10-06,2004-10-25,Santander,"Robarts, Alexander Reid",Target Price,Non-Periodic,6.25,7.175,-12.891985893249512,7.08956,7.24373,-2.1283233165740967,"filings/capitaliq/Estimates/Recent Changes/SPGlobal_GrupoBimbo,S.A.B.deC.V._RecentChanges_06-Oct-2026.xlsx",Recent Changes,2380
2026-10-06,2004-07-22,Santander,NA,Target Price,Non-Periodic,7.175,NA,NA,7.375,7.425,-0.6734007000923157,"filings/capitaliq/Estimates/Recent Changes/SPGlobal_GrupoBimbo,S.A.B.deC.V._RecentChanges_06-Oct-2026.xlsx",Recent Changes,2381
2026-10-06,2004-03-24,Not Entitled**,Not Entitled**,Target Price,Non-Periodic,-,-,-,-,-,-,"filings/capitaliq/Estimates/Recent Changes/SPGlobal_GrupoBimbo,S.A.B.deC.V._RecentChanges_06-Oct-2026.xlsx",Recent Changes,2382
2026-10-06,2001-06-24,Not Entitled**,Not Entitled**,Recommendation,Non-Periodic,Hold (3),Outperform (2), ,Outperform (2.00),Outperform (1.67), ,"filings/capitaliq/Estimates/Recent Changes/SPGlobal_GrupoBimbo,S.A.B.deC.V._RecentChanges_06-Oct-2026.xlsx",Recent Changes,2383
2026-10-06,2000-05-24,Not Entitled**,Not Entitled**,Recommendation,Non-Periodic,Outperform (2),Buy (1), ,Outperform (2.00),Buy (1.50), ,"filings/capitaliq/Estimates/Recent Changes/SPGlobal_GrupoBimbo,S.A.B.deC.V._RecentChanges_06-Oct-2026.xlsx",Recent Changes,2384
