as_of,dataset,security,section,metric,group,stat,period,period_type,fiscal_year,fiscal_quarter,period_end,value,value_high,flag,raw_value,unit,currency,source_file,sheet,excel_row
2026-09-20,revisions,BMV : BIMBO A,Per Share Level,EPS Normalized,Last Month,Number of Analysts,FQ3 2026,FQ,2026,3,2026-09-30,3,,,3,count of analysts,,"filings/capitaliq/Estimates/Revisions/SPGlobal_GrupoBimbo,S.A.B.deC.V._Revisions_20-Sep-2026.xlsx",Revisions,16
2026-09-20,revisions,BMV : BIMBO A,Per Share Level,EPS Normalized,Last Month,Number of Analysts,FQ4 2026,FQ,2026,4,2026-12-31,3,,,3,count of analysts,,"filings/capitaliq/Estimates/Revisions/SPGlobal_GrupoBimbo,S.A.B.deC.V._Revisions_20-Sep-2026.xlsx",Revisions,16
2026-09-20,revisions,BMV : BIMBO A,Per Share Level,EPS Normalized,Last Month,Number of Analysts,FY 2026,FY,2026,,2026-12-31,7,,,7,count of analysts,,"filings/capitaliq/Estimates/Revisions/SPGlobal_GrupoBimbo,S.A.B.deC.V._Revisions_20-Sep-2026.xlsx",Revisions,16
2026-09-20,revisions,BMV : BIMBO A,Per Share Level,EPS Normalized,Last Month,Number of Analysts,FQ1 2027,FQ,2027,1,2027-03-31,1,,,1,count of analysts,,"filings/capitaliq/Estimates/Revisions/SPGlobal_GrupoBimbo,S.A.B.deC.V._Revisions_20-Sep-2026.xlsx",Revisions,16
2026-09-20,revisions,BMV : BIMBO A,Per Share Level,EPS Normalized,Last Month,Number of Analysts,FQ2 2027,FQ,2027,2,2027-06-30,1,,,1,count of analysts,,"filings/capitaliq/Estimates/Revisions/SPGlobal_GrupoBimbo,S.A.B.deC.V._Revisions_20-Sep-2026.xlsx",Revisions,16
2026-09-20,revisions,BMV : BIMBO A,Per Share Level,EPS Normalized,Last Month,Number of Analysts,FQ3 2027,FQ,2027,3,2027-09-30,1,,,1,count of analysts,,"filings/capitaliq/Estimates/Revisions/SPGlobal_GrupoBimbo,S.A.B.deC.V._Revisions_20-Sep-2026.xlsx",Revisions,16
2026-09-20,revisions,BMV : BIMBO A,Per Share Level,EPS Normalized,Last Month,Number of Analysts,FQ4 2027,FQ,2027,4,2027-12-31,1,,,1,count of analysts,,"filings/capitaliq/Estimates/Revisions/SPGlobal_GrupoBimbo,S.A.B.deC.V._Revisions_20-Sep-2026.xlsx",Revisions,16
2026-09-20,revisions,BMV : BIMBO A,Per Share Level,EPS Normalized,Last Month,Number of Analysts,FY 2027,FY,2027,,2027-12-31,7,,,7,count of analysts,,"filings/capitaliq/Estimates/Revisions/SPGlobal_GrupoBimbo,S.A.B.deC.V._Revisions_20-Sep-2026.xlsx",Revisions,16
2026-09-20,revisions,BMV : BIMBO A,Per Share Level,EPS Normalized,Last Month,Number of Analysts,FY 2028,FY,2028,,2028-12-31,5,,,5,count of analysts,,"filings/capitaliq/Estimates/Revisions/SPGlobal_GrupoBimbo,S.A.B.deC.V._Revisions_20-Sep-2026.xlsx",Revisions,16
2026-09-20,revisions,BMV : BIMBO A,Per Share Level,EPS Normalized,Last Month,Number of Analysts,FY 2029,FY,2029,,2029-12-31,2,,,2,count of analysts,,"filings/capitaliq/Estimates/Revisions/SPGlobal_GrupoBimbo,S.A.B.deC.V._Revisions_20-Sep-2026.xlsx",Revisions,16
2026-09-20,revisions,BMV : BIMBO A,Per Share Level,EPS Normalized,Last Month,Number of Analysts,FY 2030,FY,2030,,2030-12-31,2,,,2,count of analysts,,"filings/capitaliq/Estimates/Revisions/SPGlobal_GrupoBimbo,S.A.B.deC.V._Revisions_20-Sep-2026.xlsx",Revisions,16
2026-09-20,revisions,BMV : BIMBO A,Per Share Level,EPS Normalized,Last Month,Number of Analysts,FY 2031,FY,2031,,2031-12-31,1,,,1,count of analysts,,"filings/capitaliq/Estimates/Revisions/SPGlobal_GrupoBimbo,S.A.B.deC.V._Revisions_20-Sep-2026.xlsx",Revisions,16
2026-09-20,revisions,BMV : BIMBO A,Per Share Level,EPS Normalized,Last Month,Number of Analysts still in Consensus,FQ3 2026,FQ,2026,3,2026-09-30,3,,,3,count of analysts,,"filings/capitaliq/Estimates/Revisions/SPGlobal_GrupoBimbo,S.A.B.deC.V._Revisions_20-Sep-2026.xlsx",Revisions,17
2026-09-20,revisions,BMV : BIMBO A,Per Share Level,EPS Normalized,Last Month,Number of Analysts still in Consensus,FQ4 2026,FQ,2026,4,2026-12-31,3,,,3,count of analysts,,"filings/capitaliq/Estimates/Revisions/SPGlobal_GrupoBimbo,S.A.B.deC.V._Revisions_20-Sep-2026.xlsx",Revisions,17
2026-09-20,revisions,BMV : BIMBO A,Per Share Level,EPS Normalized,Last Month,Number of Analysts still in Consensus,FY 2026,FY,2026,,2026-12-31,7,,,7,count of analysts,,"filings/capitaliq/Estimates/Revisions/SPGlobal_GrupoBimbo,S.A.B.deC.V._Revisions_20-Sep-2026.xlsx",Revisions,17
2026-09-20,revisions,BMV : BIMBO A,Per Share Level,EPS Normalized,Last Month,Number of Analysts still in Consensus,FQ1 2027,FQ,2027,1,2027-03-31,1,,,1,count of analysts,,"filings/capitaliq/Estimates/Revisions/SPGlobal_GrupoBimbo,S.A.B.deC.V._Revisions_20-Sep-2026.xlsx",Revisions,17
2026-09-20,revisions,BMV : BIMBO A,Per Share Level,EPS Normalized,Last Month,Number of Analysts still in Consensus,FQ2 2027,FQ,2027,2,2027-06-30,1,,,1,count of analysts,,"filings/capitaliq/Estimates/Revisions/SPGlobal_GrupoBimbo,S.A.B.deC.V._Revisions_20-Sep-2026.xlsx",Revisions,17
2026-09-20,revisions,BMV : BIMBO A,Per Share Level,EPS Normalized,Last Month,Number of Analysts still in Consensus,FQ3 2027,FQ,2027,3,2027-09-30,1,,,1,count of analysts,,"filings/capitaliq/Estimates/Revisions/SPGlobal_GrupoBimbo,S.A.B.deC.V._Revisions_20-Sep-2026.xlsx",Revisions,17
2026-09-20,revisions,BMV : BIMBO A,Per Share Level,EPS Normalized,Last Month,Number of Analysts still in Consensus,FQ4 2027,FQ,2027,4,2027-12-31,1,,,1,count of analysts,,"filings/capitaliq/Estimates/Revisions/SPGlobal_GrupoBimbo,S.A.B.deC.V._Revisions_20-Sep-2026.xlsx",Revisions,17
2026-09-20,revisions,BMV : BIMBO A,Per Share Level,EPS Normalized,Last Month,Number of Analysts still in Consensus,FY 2027,FY,2027,,2027-12-31,7,,,7,count of analysts,,"filings/capitaliq/Estimates/Revisions/SPGlobal_GrupoBimbo,S.A.B.deC.V._Revisions_20-Sep-2026.xlsx",Revisions,17
2026-09-20,revisions,BMV : BIMBO A,Per Share Level,EPS Normalized,Last Month,Number of Analysts still in Consensus,FY 2028,FY,2028,,2028-12-31,5,,,5,count of analysts,,"filings/capitaliq/Estimates/Revisions/SPGlobal_GrupoBimbo,S.A.B.deC.V._Revisions_20-Sep-2026.xlsx",Revisions,17
2026-09-20,revisions,BMV : BIMBO A,Per Share Level,EPS Normalized,Last Month,Number of Analysts still in Consensus,FY 2029,FY,2029,,2029-12-31,2,,,2,count of analysts,,"filings/capitaliq/Estimates/Revisions/SPGlobal_GrupoBimbo,S.A.B.deC.V._Revisions_20-Sep-2026.xlsx",Revisions,17
2026-09-20,revisions,BMV : BIMBO A,Per Share Level,EPS Normalized,Last Month,Number of Analysts still in Consensus,FY 2030,FY,2030,,2030-12-31,2,,,2,count of analysts,,"filings/capitaliq/Estimates/Revisions/SPGlobal_GrupoBimbo,S.A.B.deC.V._Revisions_20-Sep-2026.xlsx",Revisions,17
2026-09-20,revisions,BMV : BIMBO A,Per Share Level,EPS Normalized,Last Month,Number of Analysts still in Consensus,FY 2031,FY,2031,,2031-12-31,1,,,1,count of analysts,,"filings/capitaliq/Estimates/Revisions/SPGlobal_GrupoBimbo,S.A.B.deC.V._Revisions_20-Sep-2026.xlsx",Revisions,17
2026-09-20,revisions,BMV : BIMBO A,Per Share Level,EPS Normalized,Last Month,Upward,FQ3 2026,FQ,2026,3,2026-09-30,0,,,0,count of analysts,,"filings/capitaliq/Estimates/Revisions/SPGlobal_GrupoBimbo,S.A.B.deC.V._Revisions_20-Sep-2026.xlsx",Revisions,18
2026-09-20,revisions,BMV : BIMBO A,Per Share Level,EPS Normalized,Last Month,Upward,FQ4 2026,FQ,2026,4,2026-12-31,0,,,0,count of analysts,,"filings/capitaliq/Estimates/Revisions/SPGlobal_GrupoBimbo,S.A.B.deC.V._Revisions_20-Sep-2026.xlsx",Revisions,18
2026-09-20,revisions,BMV : BIMBO A,Per Share Level,EPS Normalized,Last Month,Upward,FY 2026,FY,2026,,2026-12-31,0,,,0,count of analysts,,"filings/capitaliq/Estimates/Revisions/SPGlobal_GrupoBimbo,S.A.B.deC.V._Revisions_20-Sep-2026.xlsx",Revisions,18
2026-09-20,revisions,BMV : BIMBO A,Per Share Level,EPS Normalized,Last Month,Upward,FQ1 2027,FQ,2027,1,2027-03-31,0,,,0,count of analysts,,"filings/capitaliq/Estimates/Revisions/SPGlobal_GrupoBimbo,S.A.B.deC.V._Revisions_20-Sep-2026.xlsx",Revisions,18
2026-09-20,revisions,BMV : BIMBO A,Per Share Level,EPS Normalized,Last Month,Upward,FQ2 2027,FQ,2027,2,2027-06-30,0,,,0,count of analysts,,"filings/capitaliq/Estimates/Revisions/SPGlobal_GrupoBimbo,S.A.B.deC.V._Revisions_20-Sep-2026.xlsx",Revisions,18
2026-09-20,revisions,BMV : BIMBO A,Per Share Level,EPS Normalized,Last Month,Upward,FQ3 2027,FQ,2027,3,2027-09-30,0,,,0,count of analysts,,"filings/capitaliq/Estimates/Revisions/SPGlobal_GrupoBimbo,S.A.B.deC.V._Revisions_20-Sep-2026.xlsx",Revisions,18
2026-09-20,revisions,BMV : BIMBO A,Per Share Level,EPS Normalized,Last Month,Upward,FQ4 2027,FQ,2027,4,2027-12-31,0,,,0,count of analysts,,"filings/capitaliq/Estimates/Revisions/SPGlobal_GrupoBimbo,S.A.B.deC.V._Revisions_20-Sep-2026.xlsx",Revisions,18
2026-09-20,revisions,BMV : BIMBO A,Per Share Level,EPS Normalized,Last Month,Upward,FY 2027,FY,2027,,2027-12-31,0,,,0,count of analysts,,"filings/capitaliq/Estimates/Revisions/SPGlobal_GrupoBimbo,S.A.B.deC.V._Revisions_20-Sep-2026.xlsx",Revisions,18
2026-09-20,revisions,BMV : BIMBO A,Per Share Level,EPS Normalized,Last Month,Upward,FY 2028,FY,2028,,2028-12-31,0,,,0,count of analysts,,"filings/capitaliq/Estimates/Revisions/SPGlobal_GrupoBimbo,S.A.B.deC.V._Revisions_20-Sep-2026.xlsx",Revisions,18
2026-09-20,revisions,BMV : BIMBO A,Per Share Level,EPS Normalized,Last Month,Upward,FY 2029,FY,2029,,2029-12-31,0,,,0,count of analysts,,"filings/capitaliq/Estimates/Revisions/SPGlobal_GrupoBimbo,S.A.B.deC.V._Revisions_20-Sep-2026.xlsx",Revisions,18
2026-09-20,revisions,BMV : BIMBO A,Per Share Level,EPS Normalized,Last Month,Upward,FY 2030,FY,2030,,2030-12-31,0,,,0,count of analysts,,"filings/capitaliq/Estimates/Revisions/SPGlobal_GrupoBimbo,S.A.B.deC.V._Revisions_20-Sep-2026.xlsx",Revisions,18
2026-09-20,revisions,BMV : BIMBO A,Per Share Level,EPS Normalized,Last Month,Upward,FY 2031,FY,2031,,2031-12-31,0,,,0,count of analysts,,"filings/capitaliq/Estimates/Revisions/SPGlobal_GrupoBimbo,S.A.B.deC.V._Revisions_20-Sep-2026.xlsx",Revisions,18
2026-09-20,revisions,BMV : BIMBO A,Per Share Level,EPS Normalized,Last Month,Downward,FQ3 2026,FQ,2026,3,2026-09-30,0,,,0,count of analysts,,"filings/capitaliq/Estimates/Revisions/SPGlobal_GrupoBimbo,S.A.B.deC.V._Revisions_20-Sep-2026.xlsx",Revisions,19
2026-09-20,revisions,BMV : BIMBO A,Per Share Level,EPS Normalized,Last Month,Downward,FQ4 2026,FQ,2026,4,2026-12-31,0,,,0,count of analysts,,"filings/capitaliq/Estimates/Revisions/SPGlobal_GrupoBimbo,S.A.B.deC.V._Revisions_20-Sep-2026.xlsx",Revisions,19
2026-09-20,revisions,BMV : BIMBO A,Per Share Level,EPS Normalized,Last Month,Downward,FY 2026,FY,2026,,2026-12-31,0,,,0,count of analysts,,"filings/capitaliq/Estimates/Revisions/SPGlobal_GrupoBimbo,S.A.B.deC.V._Revisions_20-Sep-2026.xlsx",Revisions,19
2026-09-20,revisions,BMV : BIMBO A,Per Share Level,EPS Normalized,Last Month,Downward,FQ1 2027,FQ,2027,1,2027-03-31,0,,,0,count of analysts,,"filings/capitaliq/Estimates/Revisions/SPGlobal_GrupoBimbo,S.A.B.deC.V._Revisions_20-Sep-2026.xlsx",Revisions,19
2026-09-20,revisions,BMV : BIMBO A,Per Share Level,EPS Normalized,Last Month,Downward,FQ2 2027,FQ,2027,2,2027-06-30,0,,,0,count of analysts,,"filings/capitaliq/Estimates/Revisions/SPGlobal_GrupoBimbo,S.A.B.deC.V._Revisions_20-Sep-2026.xlsx",Revisions,19
2026-09-20,revisions,BMV : BIMBO A,Per Share Level,EPS Normalized,Last Month,Downward,FQ3 2027,FQ,2027,3,2027-09-30,0,,,0,count of analysts,,"filings/capitaliq/Estimates/Revisions/SPGlobal_GrupoBimbo,S.A.B.deC.V._Revisions_20-Sep-2026.xlsx",Revisions,19
2026-09-20,revisions,BMV : BIMBO A,Per Share Level,EPS Normalized,Last Month,Downward,FQ4 2027,FQ,2027,4,2027-12-31,0,,,0,count of analysts,,"filings/capitaliq/Estimates/Revisions/SPGlobal_GrupoBimbo,S.A.B.deC.V._Revisions_20-Sep-2026.xlsx",Revisions,19
2026-09-20,revisions,BMV : BIMBO A,Per Share Level,EPS Normalized,Last Month,Downward,FY 2027,FY,2027,,2027-12-31,1,,,1,count of analysts,,"filings/capitaliq/Estimates/Revisions/SPGlobal_GrupoBimbo,S.A.B.deC.V._Revisions_20-Sep-2026.xlsx",Revisions,19
2026-09-20,revisions,BMV : BIMBO A,Per Share Level,EPS Normalized,Last Month,Downward,FY 2028,FY,2028,,2028-12-31,0,,,0,count of analysts,,"filings/capitaliq/Estimates/Revisions/SPGlobal_GrupoBimbo,S.A.B.deC.V._Revisions_20-Sep-2026.xlsx",Revisions,19
2026-09-20,revisions,BMV : BIMBO A,Per Share Level,EPS Normalized,Last Month,Downward,FY 2029,FY,2029,,2029-12-31,0,,,0,count of analysts,,"filings/capitaliq/Estimates/Revisions/SPGlobal_GrupoBimbo,S.A.B.deC.V._Revisions_20-Sep-2026.xlsx",Revisions,19
2026-09-20,revisions,BMV : BIMBO A,Per Share Level,EPS Normalized,Last Month,Downward,FY 2030,FY,2030,,2030-12-31,0,,,0,count of analysts,,"filings/capitaliq/Estimates/Revisions/SPGlobal_GrupoBimbo,S.A.B.deC.V._Revisions_20-Sep-2026.xlsx",Revisions,19
2026-09-20,revisions,BMV : BIMBO A,Per Share Level,EPS Normalized,Last Month,Downward,FY 2031,FY,2031,,2031-12-31,0,,,0,count of analysts,,"filings/capitaliq/Estimates/Revisions/SPGlobal_GrupoBimbo,S.A.B.deC.V._Revisions_20-Sep-2026.xlsx",Revisions,19
2026-09-20,revisions,BMV : BIMBO A,Per Share Level,EPS Normalized,Last Two Months,Number of Analysts,FQ3 2026,FQ,2026,3,2026-09-30,3,,,3,count of analysts,,"filings/capitaliq/Estimates/Revisions/SPGlobal_GrupoBimbo,S.A.B.deC.V._Revisions_20-Sep-2026.xlsx",Revisions,21
2026-09-20,revisions,BMV : BIMBO A,Per Share Level,EPS Normalized,Last Two Months,Number of Analysts,FQ4 2026,FQ,2026,4,2026-12-31,3,,,3,count of analysts,,"filings/capitaliq/Estimates/Revisions/SPGlobal_GrupoBimbo,S.A.B.deC.V._Revisions_20-Sep-2026.xlsx",Revisions,21
2026-09-20,revisions,BMV : BIMBO A,Per Share Level,EPS Normalized,Last Two Months,Number of Analysts,FY 2026,FY,2026,,2026-12-31,9,,,9,count of analysts,,"filings/capitaliq/Estimates/Revisions/SPGlobal_GrupoBimbo,S.A.B.deC.V._Revisions_20-Sep-2026.xlsx",Revisions,21
2026-09-20,revisions,BMV : BIMBO A,Per Share Level,EPS Normalized,Last Two Months,Number of Analysts,FQ1 2027,FQ,2027,1,2027-03-31,1,,,1,count of analysts,,"filings/capitaliq/Estimates/Revisions/SPGlobal_GrupoBimbo,S.A.B.deC.V._Revisions_20-Sep-2026.xlsx",Revisions,21
2026-09-20,revisions,BMV : BIMBO A,Per Share Level,EPS Normalized,Last Two Months,Number of Analysts,FQ2 2027,FQ,2027,2,2027-06-30,1,,,1,count of analysts,,"filings/capitaliq/Estimates/Revisions/SPGlobal_GrupoBimbo,S.A.B.deC.V._Revisions_20-Sep-2026.xlsx",Revisions,21
2026-09-20,revisions,BMV : BIMBO A,Per Share Level,EPS Normalized,Last Two Months,Number of Analysts,FQ3 2027,FQ,2027,3,2027-09-30,1,,,1,count of analysts,,"filings/capitaliq/Estimates/Revisions/SPGlobal_GrupoBimbo,S.A.B.deC.V._Revisions_20-Sep-2026.xlsx",Revisions,21
2026-09-20,revisions,BMV : BIMBO A,Per Share Level,EPS Normalized,Last Two Months,Number of Analysts,FQ4 2027,FQ,2027,4,2027-12-31,1,,,1,count of analysts,,"filings/capitaliq/Estimates/Revisions/SPGlobal_GrupoBimbo,S.A.B.deC.V._Revisions_20-Sep-2026.xlsx",Revisions,21
2026-09-20,revisions,BMV : BIMBO A,Per Share Level,EPS Normalized,Last Two Months,Number of Analysts,FY 2027,FY,2027,,2027-12-31,7,,,7,count of analysts,,"filings/capitaliq/Estimates/Revisions/SPGlobal_GrupoBimbo,S.A.B.deC.V._Revisions_20-Sep-2026.xlsx",Revisions,21
2026-09-20,revisions,BMV : BIMBO A,Per Share Level,EPS Normalized,Last Two Months,Number of Analysts,FY 2028,FY,2028,,2028-12-31,5,,,5,count of analysts,,"filings/capitaliq/Estimates/Revisions/SPGlobal_GrupoBimbo,S.A.B.deC.V._Revisions_20-Sep-2026.xlsx",Revisions,21
2026-09-20,revisions,BMV : BIMBO A,Per Share Level,EPS Normalized,Last Two Months,Number of Analysts,FY 2029,FY,2029,,2029-12-31,1,,,1,count of analysts,,"filings/capitaliq/Estimates/Revisions/SPGlobal_GrupoBimbo,S.A.B.deC.V._Revisions_20-Sep-2026.xlsx",Revisions,21
2026-09-20,revisions,BMV : BIMBO A,Per Share Level,EPS Normalized,Last Two Months,Number of Analysts,FY 2030,FY,2030,,2030-12-31,1,,,1,count of analysts,,"filings/capitaliq/Estimates/Revisions/SPGlobal_GrupoBimbo,S.A.B.deC.V._Revisions_20-Sep-2026.xlsx",Revisions,21
2026-09-20,revisions,BMV : BIMBO A,Per Share Level,EPS Normalized,Last Two Months,Number of Analysts still in Consensus,FQ3 2026,FQ,2026,3,2026-09-30,3,,,3,count of analysts,,"filings/capitaliq/Estimates/Revisions/SPGlobal_GrupoBimbo,S.A.B.deC.V._Revisions_20-Sep-2026.xlsx",Revisions,22
2026-09-20,revisions,BMV : BIMBO A,Per Share Level,EPS Normalized,Last Two Months,Number of Analysts still in Consensus,FQ4 2026,FQ,2026,4,2026-12-31,3,,,3,count of analysts,,"filings/capitaliq/Estimates/Revisions/SPGlobal_GrupoBimbo,S.A.B.deC.V._Revisions_20-Sep-2026.xlsx",Revisions,22
2026-09-20,revisions,BMV : BIMBO A,Per Share Level,EPS Normalized,Last Two Months,Number of Analysts still in Consensus,FY 2026,FY,2026,,2026-12-31,8,,,8,count of analysts,,"filings/capitaliq/Estimates/Revisions/SPGlobal_GrupoBimbo,S.A.B.deC.V._Revisions_20-Sep-2026.xlsx",Revisions,22
2026-09-20,revisions,BMV : BIMBO A,Per Share Level,EPS Normalized,Last Two Months,Number of Analysts still in Consensus,FQ1 2027,FQ,2027,1,2027-03-31,1,,,1,count of analysts,,"filings/capitaliq/Estimates/Revisions/SPGlobal_GrupoBimbo,S.A.B.deC.V._Revisions_20-Sep-2026.xlsx",Revisions,22
2026-09-20,revisions,BMV : BIMBO A,Per Share Level,EPS Normalized,Last Two Months,Number of Analysts still in Consensus,FQ2 2027,FQ,2027,2,2027-06-30,1,,,1,count of analysts,,"filings/capitaliq/Estimates/Revisions/SPGlobal_GrupoBimbo,S.A.B.deC.V._Revisions_20-Sep-2026.xlsx",Revisions,22
2026-09-20,revisions,BMV : BIMBO A,Per Share Level,EPS Normalized,Last Two Months,Number of Analysts still in Consensus,FQ3 2027,FQ,2027,3,2027-09-30,1,,,1,count of analysts,,"filings/capitaliq/Estimates/Revisions/SPGlobal_GrupoBimbo,S.A.B.deC.V._Revisions_20-Sep-2026.xlsx",Revisions,22
2026-09-20,revisions,BMV : BIMBO A,Per Share Level,EPS Normalized,Last Two Months,Number of Analysts still in Consensus,FQ4 2027,FQ,2027,4,2027-12-31,1,,,1,count of analysts,,"filings/capitaliq/Estimates/Revisions/SPGlobal_GrupoBimbo,S.A.B.deC.V._Revisions_20-Sep-2026.xlsx",Revisions,22
2026-09-20,revisions,BMV : BIMBO A,Per Share Level,EPS Normalized,Last Two Months,Number of Analysts still in Consensus,FY 2027,FY,2027,,2027-12-31,7,,,7,count of analysts,,"filings/capitaliq/Estimates/Revisions/SPGlobal_GrupoBimbo,S.A.B.deC.V._Revisions_20-Sep-2026.xlsx",Revisions,22
2026-09-20,revisions,BMV : BIMBO A,Per Share Level,EPS Normalized,Last Two Months,Number of Analysts still in Consensus,FY 2028,FY,2028,,2028-12-31,5,,,5,count of analysts,,"filings/capitaliq/Estimates/Revisions/SPGlobal_GrupoBimbo,S.A.B.deC.V._Revisions_20-Sep-2026.xlsx",Revisions,22
2026-09-20,revisions,BMV : BIMBO A,Per Share Level,EPS Normalized,Last Two Months,Number of Analysts still in Consensus,FY 2029,FY,2029,,2029-12-31,1,,,1,count of analysts,,"filings/capitaliq/Estimates/Revisions/SPGlobal_GrupoBimbo,S.A.B.deC.V._Revisions_20-Sep-2026.xlsx",Revisions,22
2026-09-20,revisions,BMV : BIMBO A,Per Share Level,EPS Normalized,Last Two Months,Number of Analysts still in Consensus,FY 2030,FY,2030,,2030-12-31,1,,,1,count of analysts,,"filings/capitaliq/Estimates/Revisions/SPGlobal_GrupoBimbo,S.A.B.deC.V._Revisions_20-Sep-2026.xlsx",Revisions,22
2026-09-20,revisions,BMV : BIMBO A,Per Share Level,EPS Normalized,Last Two Months,Upward,FQ3 2026,FQ,2026,3,2026-09-30,2,,,2,count of analysts,,"filings/capitaliq/Estimates/Revisions/SPGlobal_GrupoBimbo,S.A.B.deC.V._Revisions_20-Sep-2026.xlsx",Revisions,23
2026-09-20,revisions,BMV : BIMBO A,Per Share Level,EPS Normalized,Last Two Months,Upward,FQ4 2026,FQ,2026,4,2026-12-31,2,,,2,count of analysts,,"filings/capitaliq/Estimates/Revisions/SPGlobal_GrupoBimbo,S.A.B.deC.V._Revisions_20-Sep-2026.xlsx",Revisions,23
2026-09-20,revisions,BMV : BIMBO A,Per Share Level,EPS Normalized,Last Two Months,Upward,FY 2026,FY,2026,,2026-12-31,1,,,1,count of analysts,,"filings/capitaliq/Estimates/Revisions/SPGlobal_GrupoBimbo,S.A.B.deC.V._Revisions_20-Sep-2026.xlsx",Revisions,23
2026-09-20,revisions,BMV : BIMBO A,Per Share Level,EPS Normalized,Last Two Months,Upward,FQ1 2027,FQ,2027,1,2027-03-31,0,,,0,count of analysts,,"filings/capitaliq/Estimates/Revisions/SPGlobal_GrupoBimbo,S.A.B.deC.V._Revisions_20-Sep-2026.xlsx",Revisions,23
2026-09-20,revisions,BMV : BIMBO A,Per Share Level,EPS Normalized,Last Two Months,Upward,FQ2 2027,FQ,2027,2,2027-06-30,1,,,1,count of analysts,,"filings/capitaliq/Estimates/Revisions/SPGlobal_GrupoBimbo,S.A.B.deC.V._Revisions_20-Sep-2026.xlsx",Revisions,23
2026-09-20,revisions,BMV : BIMBO A,Per Share Level,EPS Normalized,Last Two Months,Upward,FQ3 2027,FQ,2027,3,2027-09-30,0,,,0,count of analysts,,"filings/capitaliq/Estimates/Revisions/SPGlobal_GrupoBimbo,S.A.B.deC.V._Revisions_20-Sep-2026.xlsx",Revisions,23
2026-09-20,revisions,BMV : BIMBO A,Per Share Level,EPS Normalized,Last Two Months,Upward,FQ4 2027,FQ,2027,4,2027-12-31,0,,,0,count of analysts,,"filings/capitaliq/Estimates/Revisions/SPGlobal_GrupoBimbo,S.A.B.deC.V._Revisions_20-Sep-2026.xlsx",Revisions,23
2026-09-20,revisions,BMV : BIMBO A,Per Share Level,EPS Normalized,Last Two Months,Upward,FY 2027,FY,2027,,2027-12-31,1,,,1,count of analysts,,"filings/capitaliq/Estimates/Revisions/SPGlobal_GrupoBimbo,S.A.B.deC.V._Revisions_20-Sep-2026.xlsx",Revisions,23
2026-09-20,revisions,BMV : BIMBO A,Per Share Level,EPS Normalized,Last Two Months,Upward,FY 2028,FY,2028,,2028-12-31,1,,,1,count of analysts,,"filings/capitaliq/Estimates/Revisions/SPGlobal_GrupoBimbo,S.A.B.deC.V._Revisions_20-Sep-2026.xlsx",Revisions,23
2026-09-20,revisions,BMV : BIMBO A,Per Share Level,EPS Normalized,Last Two Months,Upward,FY 2029,FY,2029,,2029-12-31,0,,,0,count of analysts,,"filings/capitaliq/Estimates/Revisions/SPGlobal_GrupoBimbo,S.A.B.deC.V._Revisions_20-Sep-2026.xlsx",Revisions,23
2026-09-20,revisions,BMV : BIMBO A,Per Share Level,EPS Normalized,Last Two Months,Upward,FY 2030,FY,2030,,2030-12-31,0,,,0,count of analysts,,"filings/capitaliq/Estimates/Revisions/SPGlobal_GrupoBimbo,S.A.B.deC.V._Revisions_20-Sep-2026.xlsx",Revisions,23
2026-09-20,revisions,BMV : BIMBO A,Per Share Level,EPS Normalized,Last Two Months,Downward,FQ3 2026,FQ,2026,3,2026-09-30,1,,,1,count of analysts,,"filings/capitaliq/Estimates/Revisions/SPGlobal_GrupoBimbo,S.A.B.deC.V._Revisions_20-Sep-2026.xlsx",Revisions,24
2026-09-20,revisions,BMV : BIMBO A,Per Share Level,EPS Normalized,Last Two Months,Downward,FQ4 2026,FQ,2026,4,2026-12-31,1,,,1,count of analysts,,"filings/capitaliq/Estimates/Revisions/SPGlobal_GrupoBimbo,S.A.B.deC.V._Revisions_20-Sep-2026.xlsx",Revisions,24
2026-09-20,revisions,BMV : BIMBO A,Per Share Level,EPS Normalized,Last Two Months,Downward,FY 2026,FY,2026,,2026-12-31,4,,,4,count of analysts,,"filings/capitaliq/Estimates/Revisions/SPGlobal_GrupoBimbo,S.A.B.deC.V._Revisions_20-Sep-2026.xlsx",Revisions,24
2026-09-20,revisions,BMV : BIMBO A,Per Share Level,EPS Normalized,Last Two Months,Downward,FQ1 2027,FQ,2027,1,2027-03-31,1,,,1,count of analysts,,"filings/capitaliq/Estimates/Revisions/SPGlobal_GrupoBimbo,S.A.B.deC.V._Revisions_20-Sep-2026.xlsx",Revisions,24
2026-09-20,revisions,BMV : BIMBO A,Per Share Level,EPS Normalized,Last Two Months,Downward,FQ2 2027,FQ,2027,2,2027-06-30,0,,,0,count of analysts,,"filings/capitaliq/Estimates/Revisions/SPGlobal_GrupoBimbo,S.A.B.deC.V._Revisions_20-Sep-2026.xlsx",Revisions,24
2026-09-20,revisions,BMV : BIMBO A,Per Share Level,EPS Normalized,Last Two Months,Downward,FQ3 2027,FQ,2027,3,2027-09-30,1,,,1,count of analysts,,"filings/capitaliq/Estimates/Revisions/SPGlobal_GrupoBimbo,S.A.B.deC.V._Revisions_20-Sep-2026.xlsx",Revisions,24
2026-09-20,revisions,BMV : BIMBO A,Per Share Level,EPS Normalized,Last Two Months,Downward,FQ4 2027,FQ,2027,4,2027-12-31,1,,,1,count of analysts,,"filings/capitaliq/Estimates/Revisions/SPGlobal_GrupoBimbo,S.A.B.deC.V._Revisions_20-Sep-2026.xlsx",Revisions,24
2026-09-20,revisions,BMV : BIMBO A,Per Share Level,EPS Normalized,Last Two Months,Downward,FY 2027,FY,2027,,2027-12-31,3,,,3,count of analysts,,"filings/capitaliq/Estimates/Revisions/SPGlobal_GrupoBimbo,S.A.B.deC.V._Revisions_20-Sep-2026.xlsx",Revisions,24
2026-09-20,revisions,BMV : BIMBO A,Per Share Level,EPS Normalized,Last Two Months,Downward,FY 2028,FY,2028,,2028-12-31,1,,,1,count of analysts,,"filings/capitaliq/Estimates/Revisions/SPGlobal_GrupoBimbo,S.A.B.deC.V._Revisions_20-Sep-2026.xlsx",Revisions,24
2026-09-20,revisions,BMV : BIMBO A,Per Share Level,EPS Normalized,Last Two Months,Downward,FY 2029,FY,2029,,2029-12-31,0,,,0,count of analysts,,"filings/capitaliq/Estimates/Revisions/SPGlobal_GrupoBimbo,S.A.B.deC.V._Revisions_20-Sep-2026.xlsx",Revisions,24
2026-09-20,revisions,BMV : BIMBO A,Per Share Level,EPS Normalized,Last Two Months,Downward,FY 2030,FY,2030,,2030-12-31,0,,,0,count of analysts,,"filings/capitaliq/Estimates/Revisions/SPGlobal_GrupoBimbo,S.A.B.deC.V._Revisions_20-Sep-2026.xlsx",Revisions,24
2026-09-20,revisions,BMV : BIMBO A,Per Share Level,EPS Normalized,Last Three Months,Number of Analysts,FQ3 2026,FQ,2026,3,2026-09-30,2,,,2,count of analysts,,"filings/capitaliq/Estimates/Revisions/SPGlobal_GrupoBimbo,S.A.B.deC.V._Revisions_20-Sep-2026.xlsx",Revisions,26
2026-09-20,revisions,BMV : BIMBO A,Per Share Level,EPS Normalized,Last Three Months,Number of Analysts,FQ4 2026,FQ,2026,4,2026-12-31,2,,,2,count of analysts,,"filings/capitaliq/Estimates/Revisions/SPGlobal_GrupoBimbo,S.A.B.deC.V._Revisions_20-Sep-2026.xlsx",Revisions,26
2026-09-20,revisions,BMV : BIMBO A,Per Share Level,EPS Normalized,Last Three Months,Number of Analysts,FY 2026,FY,2026,,2026-12-31,9,,,9,count of analysts,,"filings/capitaliq/Estimates/Revisions/SPGlobal_GrupoBimbo,S.A.B.deC.V._Revisions_20-Sep-2026.xlsx",Revisions,26
2026-09-20,revisions,BMV : BIMBO A,Per Share Level,EPS Normalized,Last Three Months,Number of Analysts,FQ1 2027,FQ,2027,1,2027-03-31,1,,,1,count of analysts,,"filings/capitaliq/Estimates/Revisions/SPGlobal_GrupoBimbo,S.A.B.deC.V._Revisions_20-Sep-2026.xlsx",Revisions,26
2026-09-20,revisions,BMV : BIMBO A,Per Share Level,EPS Normalized,Last Three Months,Number of Analysts,FQ2 2027,FQ,2027,2,2027-06-30,1,,,1,count of analysts,,"filings/capitaliq/Estimates/Revisions/SPGlobal_GrupoBimbo,S.A.B.deC.V._Revisions_20-Sep-2026.xlsx",Revisions,26
2026-09-20,revisions,BMV : BIMBO A,Per Share Level,EPS Normalized,Last Three Months,Number of Analysts,FQ3 2027,FQ,2027,3,2027-09-30,1,,,1,count of analysts,,"filings/capitaliq/Estimates/Revisions/SPGlobal_GrupoBimbo,S.A.B.deC.V._Revisions_20-Sep-2026.xlsx",Revisions,26
2026-09-20,revisions,BMV : BIMBO A,Per Share Level,EPS Normalized,Last Three Months,Number of Analysts,FQ4 2027,FQ,2027,4,2027-12-31,1,,,1,count of analysts,,"filings/capitaliq/Estimates/Revisions/SPGlobal_GrupoBimbo,S.A.B.deC.V._Revisions_20-Sep-2026.xlsx",Revisions,26
2026-09-20,revisions,BMV : BIMBO A,Per Share Level,EPS Normalized,Last Three Months,Number of Analysts,FY 2027,FY,2027,,2027-12-31,8,,,8,count of analysts,,"filings/capitaliq/Estimates/Revisions/SPGlobal_GrupoBimbo,S.A.B.deC.V._Revisions_20-Sep-2026.xlsx",Revisions,26
2026-09-20,revisions,BMV : BIMBO A,Per Share Level,EPS Normalized,Last Three Months,Number of Analysts,FY 2028,FY,2028,,2028-12-31,5,,,5,count of analysts,,"filings/capitaliq/Estimates/Revisions/SPGlobal_GrupoBimbo,S.A.B.deC.V._Revisions_20-Sep-2026.xlsx",Revisions,26
2026-09-20,revisions,BMV : BIMBO A,Per Share Level,EPS Normalized,Last Three Months,Number of Analysts,FY 2029,FY,2029,,2029-12-31,1,,,1,count of analysts,,"filings/capitaliq/Estimates/Revisions/SPGlobal_GrupoBimbo,S.A.B.deC.V._Revisions_20-Sep-2026.xlsx",Revisions,26
2026-09-20,revisions,BMV : BIMBO A,Per Share Level,EPS Normalized,Last Three Months,Number of Analysts,FY 2030,FY,2030,,2030-12-31,1,,,1,count of analysts,,"filings/capitaliq/Estimates/Revisions/SPGlobal_GrupoBimbo,S.A.B.deC.V._Revisions_20-Sep-2026.xlsx",Revisions,26
2026-09-20,revisions,BMV : BIMBO A,Per Share Level,EPS Normalized,Last Three Months,Number of Analysts still in Consensus,FQ3 2026,FQ,2026,3,2026-09-30,2,,,2,count of analysts,,"filings/capitaliq/Estimates/Revisions/SPGlobal_GrupoBimbo,S.A.B.deC.V._Revisions_20-Sep-2026.xlsx",Revisions,27
2026-09-20,revisions,BMV : BIMBO A,Per Share Level,EPS Normalized,Last Three Months,Number of Analysts still in Consensus,FQ4 2026,FQ,2026,4,2026-12-31,2,,,2,count of analysts,,"filings/capitaliq/Estimates/Revisions/SPGlobal_GrupoBimbo,S.A.B.deC.V._Revisions_20-Sep-2026.xlsx",Revisions,27
2026-09-20,revisions,BMV : BIMBO A,Per Share Level,EPS Normalized,Last Three Months,Number of Analysts still in Consensus,FY 2026,FY,2026,,2026-12-31,8,,,8,count of analysts,,"filings/capitaliq/Estimates/Revisions/SPGlobal_GrupoBimbo,S.A.B.deC.V._Revisions_20-Sep-2026.xlsx",Revisions,27
2026-09-20,revisions,BMV : BIMBO A,Per Share Level,EPS Normalized,Last Three Months,Number of Analysts still in Consensus,FQ1 2027,FQ,2027,1,2027-03-31,1,,,1,count of analysts,,"filings/capitaliq/Estimates/Revisions/SPGlobal_GrupoBimbo,S.A.B.deC.V._Revisions_20-Sep-2026.xlsx",Revisions,27
2026-09-20,revisions,BMV : BIMBO A,Per Share Level,EPS Normalized,Last Three Months,Number of Analysts still in Consensus,FQ2 2027,FQ,2027,2,2027-06-30,1,,,1,count of analysts,,"filings/capitaliq/Estimates/Revisions/SPGlobal_GrupoBimbo,S.A.B.deC.V._Revisions_20-Sep-2026.xlsx",Revisions,27
2026-09-20,revisions,BMV : BIMBO A,Per Share Level,EPS Normalized,Last Three Months,Number of Analysts still in Consensus,FQ3 2027,FQ,2027,3,2027-09-30,1,,,1,count of analysts,,"filings/capitaliq/Estimates/Revisions/SPGlobal_GrupoBimbo,S.A.B.deC.V._Revisions_20-Sep-2026.xlsx",Revisions,27
2026-09-20,revisions,BMV : BIMBO A,Per Share Level,EPS Normalized,Last Three Months,Number of Analysts still in Consensus,FQ4 2027,FQ,2027,4,2027-12-31,1,,,1,count of analysts,,"filings/capitaliq/Estimates/Revisions/SPGlobal_GrupoBimbo,S.A.B.deC.V._Revisions_20-Sep-2026.xlsx",Revisions,27
2026-09-20,revisions,BMV : BIMBO A,Per Share Level,EPS Normalized,Last Three Months,Number of Analysts still in Consensus,FY 2027,FY,2027,,2027-12-31,7,,,7,count of analysts,,"filings/capitaliq/Estimates/Revisions/SPGlobal_GrupoBimbo,S.A.B.deC.V._Revisions_20-Sep-2026.xlsx",Revisions,27
2026-09-20,revisions,BMV : BIMBO A,Per Share Level,EPS Normalized,Last Three Months,Number of Analysts still in Consensus,FY 2028,FY,2028,,2028-12-31,5,,,5,count of analysts,,"filings/capitaliq/Estimates/Revisions/SPGlobal_GrupoBimbo,S.A.B.deC.V._Revisions_20-Sep-2026.xlsx",Revisions,27
2026-09-20,revisions,BMV : BIMBO A,Per Share Level,EPS Normalized,Last Three Months,Number of Analysts still in Consensus,FY 2029,FY,2029,,2029-12-31,1,,,1,count of analysts,,"filings/capitaliq/Estimates/Revisions/SPGlobal_GrupoBimbo,S.A.B.deC.V._Revisions_20-Sep-2026.xlsx",Revisions,27
2026-09-20,revisions,BMV : BIMBO A,Per Share Level,EPS Normalized,Last Three Months,Number of Analysts still in Consensus,FY 2030,FY,2030,,2030-12-31,1,,,1,count of analysts,,"filings/capitaliq/Estimates/Revisions/SPGlobal_GrupoBimbo,S.A.B.deC.V._Revisions_20-Sep-2026.xlsx",Revisions,27
2026-09-20,revisions,BMV : BIMBO A,Per Share Level,EPS Normalized,Last Three Months,Upward,FQ3 2026,FQ,2026,3,2026-09-30,1,,,1,count of analysts,,"filings/capitaliq/Estimates/Revisions/SPGlobal_GrupoBimbo,S.A.B.deC.V._Revisions_20-Sep-2026.xlsx",Revisions,28
2026-09-20,revisions,BMV : BIMBO A,Per Share Level,EPS Normalized,Last Three Months,Upward,FQ4 2026,FQ,2026,4,2026-12-31,1,,,1,count of analysts,,"filings/capitaliq/Estimates/Revisions/SPGlobal_GrupoBimbo,S.A.B.deC.V._Revisions_20-Sep-2026.xlsx",Revisions,28
2026-09-20,revisions,BMV : BIMBO A,Per Share Level,EPS Normalized,Last Three Months,Upward,FY 2026,FY,2026,,2026-12-31,1,,,1,count of analysts,,"filings/capitaliq/Estimates/Revisions/SPGlobal_GrupoBimbo,S.A.B.deC.V._Revisions_20-Sep-2026.xlsx",Revisions,28
2026-09-20,revisions,BMV : BIMBO A,Per Share Level,EPS Normalized,Last Three Months,Upward,FQ1 2027,FQ,2027,1,2027-03-31,0,,,0,count of analysts,,"filings/capitaliq/Estimates/Revisions/SPGlobal_GrupoBimbo,S.A.B.deC.V._Revisions_20-Sep-2026.xlsx",Revisions,28
2026-09-20,revisions,BMV : BIMBO A,Per Share Level,EPS Normalized,Last Three Months,Upward,FQ2 2027,FQ,2027,2,2027-06-30,1,,,1,count of analysts,,"filings/capitaliq/Estimates/Revisions/SPGlobal_GrupoBimbo,S.A.B.deC.V._Revisions_20-Sep-2026.xlsx",Revisions,28
2026-09-20,revisions,BMV : BIMBO A,Per Share Level,EPS Normalized,Last Three Months,Upward,FQ3 2027,FQ,2027,3,2027-09-30,0,,,0,count of analysts,,"filings/capitaliq/Estimates/Revisions/SPGlobal_GrupoBimbo,S.A.B.deC.V._Revisions_20-Sep-2026.xlsx",Revisions,28
2026-09-20,revisions,BMV : BIMBO A,Per Share Level,EPS Normalized,Last Three Months,Upward,FQ4 2027,FQ,2027,4,2027-12-31,0,,,0,count of analysts,,"filings/capitaliq/Estimates/Revisions/SPGlobal_GrupoBimbo,S.A.B.deC.V._Revisions_20-Sep-2026.xlsx",Revisions,28
2026-09-20,revisions,BMV : BIMBO A,Per Share Level,EPS Normalized,Last Three Months,Upward,FY 2027,FY,2027,,2027-12-31,0,,,0,count of analysts,,"filings/capitaliq/Estimates/Revisions/SPGlobal_GrupoBimbo,S.A.B.deC.V._Revisions_20-Sep-2026.xlsx",Revisions,28
2026-09-20,revisions,BMV : BIMBO A,Per Share Level,EPS Normalized,Last Three Months,Upward,FY 2028,FY,2028,,2028-12-31,1,,,1,count of analysts,,"filings/capitaliq/Estimates/Revisions/SPGlobal_GrupoBimbo,S.A.B.deC.V._Revisions_20-Sep-2026.xlsx",Revisions,28
2026-09-20,revisions,BMV : BIMBO A,Per Share Level,EPS Normalized,Last Three Months,Upward,FY 2029,FY,2029,,2029-12-31,0,,,0,count of analysts,,"filings/capitaliq/Estimates/Revisions/SPGlobal_GrupoBimbo,S.A.B.deC.V._Revisions_20-Sep-2026.xlsx",Revisions,28
2026-09-20,revisions,BMV : BIMBO A,Per Share Level,EPS Normalized,Last Three Months,Upward,FY 2030,FY,2030,,2030-12-31,0,,,0,count of analysts,,"filings/capitaliq/Estimates/Revisions/SPGlobal_GrupoBimbo,S.A.B.deC.V._Revisions_20-Sep-2026.xlsx",Revisions,28
2026-09-20,revisions,BMV : BIMBO A,Per Share Level,EPS Normalized,Last Three Months,Downward,FQ3 2026,FQ,2026,3,2026-09-30,1,,,1,count of analysts,,"filings/capitaliq/Estimates/Revisions/SPGlobal_GrupoBimbo,S.A.B.deC.V._Revisions_20-Sep-2026.xlsx",Revisions,29
2026-09-20,revisions,BMV : BIMBO A,Per Share Level,EPS Normalized,Last Three Months,Downward,FQ4 2026,FQ,2026,4,2026-12-31,1,,,1,count of analysts,,"filings/capitaliq/Estimates/Revisions/SPGlobal_GrupoBimbo,S.A.B.deC.V._Revisions_20-Sep-2026.xlsx",Revisions,29
2026-09-20,revisions,BMV : BIMBO A,Per Share Level,EPS Normalized,Last Three Months,Downward,FY 2026,FY,2026,,2026-12-31,5,,,5,count of analysts,,"filings/capitaliq/Estimates/Revisions/SPGlobal_GrupoBimbo,S.A.B.deC.V._Revisions_20-Sep-2026.xlsx",Revisions,29
2026-09-20,revisions,BMV : BIMBO A,Per Share Level,EPS Normalized,Last Three Months,Downward,FQ1 2027,FQ,2027,1,2027-03-31,1,,,1,count of analysts,,"filings/capitaliq/Estimates/Revisions/SPGlobal_GrupoBimbo,S.A.B.deC.V._Revisions_20-Sep-2026.xlsx",Revisions,29
2026-09-20,revisions,BMV : BIMBO A,Per Share Level,EPS Normalized,Last Three Months,Downward,FQ2 2027,FQ,2027,2,2027-06-30,0,,,0,count of analysts,,"filings/capitaliq/Estimates/Revisions/SPGlobal_GrupoBimbo,S.A.B.deC.V._Revisions_20-Sep-2026.xlsx",Revisions,29
2026-09-20,revisions,BMV : BIMBO A,Per Share Level,EPS Normalized,Last Three Months,Downward,FQ3 2027,FQ,2027,3,2027-09-30,1,,,1,count of analysts,,"filings/capitaliq/Estimates/Revisions/SPGlobal_GrupoBimbo,S.A.B.deC.V._Revisions_20-Sep-2026.xlsx",Revisions,29
2026-09-20,revisions,BMV : BIMBO A,Per Share Level,EPS Normalized,Last Three Months,Downward,FQ4 2027,FQ,2027,4,2027-12-31,1,,,1,count of analysts,,"filings/capitaliq/Estimates/Revisions/SPGlobal_GrupoBimbo,S.A.B.deC.V._Revisions_20-Sep-2026.xlsx",Revisions,29
2026-09-20,revisions,BMV : BIMBO A,Per Share Level,EPS Normalized,Last Three Months,Downward,FY 2027,FY,2027,,2027-12-31,4,,,4,count of analysts,,"filings/capitaliq/Estimates/Revisions/SPGlobal_GrupoBimbo,S.A.B.deC.V._Revisions_20-Sep-2026.xlsx",Revisions,29
2026-09-20,revisions,BMV : BIMBO A,Per Share Level,EPS Normalized,Last Three Months,Downward,FY 2028,FY,2028,,2028-12-31,1,,,1,count of analysts,,"filings/capitaliq/Estimates/Revisions/SPGlobal_GrupoBimbo,S.A.B.deC.V._Revisions_20-Sep-2026.xlsx",Revisions,29
2026-09-20,revisions,BMV : BIMBO A,Per Share Level,EPS Normalized,Last Three Months,Downward,FY 2029,FY,2029,,2029-12-31,0,,,0,count of analysts,,"filings/capitaliq/Estimates/Revisions/SPGlobal_GrupoBimbo,S.A.B.deC.V._Revisions_20-Sep-2026.xlsx",Revisions,29
2026-09-20,revisions,BMV : BIMBO A,Per Share Level,EPS Normalized,Last Three Months,Downward,FY 2030,FY,2030,,2030-12-31,0,,,0,count of analysts,,"filings/capitaliq/Estimates/Revisions/SPGlobal_GrupoBimbo,S.A.B.deC.V._Revisions_20-Sep-2026.xlsx",Revisions,29
2026-09-20,revisions,BMV : BIMBO A,Per Share Level,EPS (GAAP),Last Month,Number of Analysts,FQ3 2026,FQ,2026,3,2026-09-30,3,,,3,count of analysts,,"filings/capitaliq/Estimates/Revisions/SPGlobal_GrupoBimbo,S.A.B.deC.V._Revisions_20-Sep-2026.xlsx",Revisions,32
2026-09-20,revisions,BMV : BIMBO A,Per Share Level,EPS (GAAP),Last Month,Number of Analysts,FQ4 2026,FQ,2026,4,2026-12-31,3,,,3,count of analysts,,"filings/capitaliq/Estimates/Revisions/SPGlobal_GrupoBimbo,S.A.B.deC.V._Revisions_20-Sep-2026.xlsx",Revisions,32
2026-09-20,revisions,BMV : BIMBO A,Per Share Level,EPS (GAAP),Last Month,Number of Analysts,FY 2026,FY,2026,,2026-12-31,7,,,7,count of analysts,,"filings/capitaliq/Estimates/Revisions/SPGlobal_GrupoBimbo,S.A.B.deC.V._Revisions_20-Sep-2026.xlsx",Revisions,32
2026-09-20,revisions,BMV : BIMBO A,Per Share Level,EPS (GAAP),Last Month,Number of Analysts,FY 2027,FY,2027,,2027-12-31,6,,,6,count of analysts,,"filings/capitaliq/Estimates/Revisions/SPGlobal_GrupoBimbo,S.A.B.deC.V._Revisions_20-Sep-2026.xlsx",Revisions,32
2026-09-20,revisions,BMV : BIMBO A,Per Share Level,EPS (GAAP),Last Month,Number of Analysts,FY 2028,FY,2028,,2028-12-31,5,,,5,count of analysts,,"filings/capitaliq/Estimates/Revisions/SPGlobal_GrupoBimbo,S.A.B.deC.V._Revisions_20-Sep-2026.xlsx",Revisions,32
2026-09-20,revisions,BMV : BIMBO A,Per Share Level,EPS (GAAP),Last Month,Number of Analysts,FY 2029,FY,2029,,2029-12-31,1,,,1,count of analysts,,"filings/capitaliq/Estimates/Revisions/SPGlobal_GrupoBimbo,S.A.B.deC.V._Revisions_20-Sep-2026.xlsx",Revisions,32
2026-09-20,revisions,BMV : BIMBO A,Per Share Level,EPS (GAAP),Last Month,Number of Analysts,FY 2030,FY,2030,,2030-12-31,1,,,1,count of analysts,,"filings/capitaliq/Estimates/Revisions/SPGlobal_GrupoBimbo,S.A.B.deC.V._Revisions_20-Sep-2026.xlsx",Revisions,32
2026-09-20,revisions,BMV : BIMBO A,Per Share Level,EPS (GAAP),Last Month,Number of Analysts,FY 2031,FY,2031,,2031-12-31,1,,,1,count of analysts,,"filings/capitaliq/Estimates/Revisions/SPGlobal_GrupoBimbo,S.A.B.deC.V._Revisions_20-Sep-2026.xlsx",Revisions,32
2026-09-20,revisions,BMV : BIMBO A,Per Share Level,EPS (GAAP),Last Month,Number of Analysts still in Consensus,FQ3 2026,FQ,2026,3,2026-09-30,3,,,3,count of analysts,,"filings/capitaliq/Estimates/Revisions/SPGlobal_GrupoBimbo,S.A.B.deC.V._Revisions_20-Sep-2026.xlsx",Revisions,33
2026-09-20,revisions,BMV : BIMBO A,Per Share Level,EPS (GAAP),Last Month,Number of Analysts still in Consensus,FQ4 2026,FQ,2026,4,2026-12-31,3,,,3,count of analysts,,"filings/capitaliq/Estimates/Revisions/SPGlobal_GrupoBimbo,S.A.B.deC.V._Revisions_20-Sep-2026.xlsx",Revisions,33
2026-09-20,revisions,BMV : BIMBO A,Per Share Level,EPS (GAAP),Last Month,Number of Analysts still in Consensus,FY 2026,FY,2026,,2026-12-31,7,,,7,count of analysts,,"filings/capitaliq/Estimates/Revisions/SPGlobal_GrupoBimbo,S.A.B.deC.V._Revisions_20-Sep-2026.xlsx",Revisions,33
2026-09-20,revisions,BMV : BIMBO A,Per Share Level,EPS (GAAP),Last Month,Number of Analysts still in Consensus,FY 2027,FY,2027,,2027-12-31,6,,,6,count of analysts,,"filings/capitaliq/Estimates/Revisions/SPGlobal_GrupoBimbo,S.A.B.deC.V._Revisions_20-Sep-2026.xlsx",Revisions,33
2026-09-20,revisions,BMV : BIMBO A,Per Share Level,EPS (GAAP),Last Month,Number of Analysts still in Consensus,FY 2028,FY,2028,,2028-12-31,5,,,5,count of analysts,,"filings/capitaliq/Estimates/Revisions/SPGlobal_GrupoBimbo,S.A.B.deC.V._Revisions_20-Sep-2026.xlsx",Revisions,33
2026-09-20,revisions,BMV : BIMBO A,Per Share Level,EPS (GAAP),Last Month,Number of Analysts still in Consensus,FY 2029,FY,2029,,2029-12-31,1,,,1,count of analysts,,"filings/capitaliq/Estimates/Revisions/SPGlobal_GrupoBimbo,S.A.B.deC.V._Revisions_20-Sep-2026.xlsx",Revisions,33
2026-09-20,revisions,BMV : BIMBO A,Per Share Level,EPS (GAAP),Last Month,Number of Analysts still in Consensus,FY 2030,FY,2030,,2030-12-31,1,,,1,count of analysts,,"filings/capitaliq/Estimates/Revisions/SPGlobal_GrupoBimbo,S.A.B.deC.V._Revisions_20-Sep-2026.xlsx",Revisions,33
2026-09-20,revisions,BMV : BIMBO A,Per Share Level,EPS (GAAP),Last Month,Number of Analysts still in Consensus,FY 2031,FY,2031,,2031-12-31,1,,,1,count of analysts,,"filings/capitaliq/Estimates/Revisions/SPGlobal_GrupoBimbo,S.A.B.deC.V._Revisions_20-Sep-2026.xlsx",Revisions,33
2026-09-20,revisions,BMV : BIMBO A,Per Share Level,EPS (GAAP),Last Month,Upward,FQ3 2026,FQ,2026,3,2026-09-30,0,,,0,count of analysts,,"filings/capitaliq/Estimates/Revisions/SPGlobal_GrupoBimbo,S.A.B.deC.V._Revisions_20-Sep-2026.xlsx",Revisions,34
2026-09-20,revisions,BMV : BIMBO A,Per Share Level,EPS (GAAP),Last Month,Upward,FQ4 2026,FQ,2026,4,2026-12-31,0,,,0,count of analysts,,"filings/capitaliq/Estimates/Revisions/SPGlobal_GrupoBimbo,S.A.B.deC.V._Revisions_20-Sep-2026.xlsx",Revisions,34
2026-09-20,revisions,BMV : BIMBO A,Per Share Level,EPS (GAAP),Last Month,Upward,FY 2026,FY,2026,,2026-12-31,0,,,0,count of analysts,,"filings/capitaliq/Estimates/Revisions/SPGlobal_GrupoBimbo,S.A.B.deC.V._Revisions_20-Sep-2026.xlsx",Revisions,34
2026-09-20,revisions,BMV : BIMBO A,Per Share Level,EPS (GAAP),Last Month,Upward,FY 2027,FY,2027,,2027-12-31,0,,,0,count of analysts,,"filings/capitaliq/Estimates/Revisions/SPGlobal_GrupoBimbo,S.A.B.deC.V._Revisions_20-Sep-2026.xlsx",Revisions,34
2026-09-20,revisions,BMV : BIMBO A,Per Share Level,EPS (GAAP),Last Month,Upward,FY 2028,FY,2028,,2028-12-31,0,,,0,count of analysts,,"filings/capitaliq/Estimates/Revisions/SPGlobal_GrupoBimbo,S.A.B.deC.V._Revisions_20-Sep-2026.xlsx",Revisions,34
2026-09-20,revisions,BMV : BIMBO A,Per Share Level,EPS (GAAP),Last Month,Upward,FY 2029,FY,2029,,2029-12-31,0,,,0,count of analysts,,"filings/capitaliq/Estimates/Revisions/SPGlobal_GrupoBimbo,S.A.B.deC.V._Revisions_20-Sep-2026.xlsx",Revisions,34
2026-09-20,revisions,BMV : BIMBO A,Per Share Level,EPS (GAAP),Last Month,Upward,FY 2030,FY,2030,,2030-12-31,0,,,0,count of analysts,,"filings/capitaliq/Estimates/Revisions/SPGlobal_GrupoBimbo,S.A.B.deC.V._Revisions_20-Sep-2026.xlsx",Revisions,34
2026-09-20,revisions,BMV : BIMBO A,Per Share Level,EPS (GAAP),Last Month,Upward,FY 2031,FY,2031,,2031-12-31,0,,,0,count of analysts,,"filings/capitaliq/Estimates/Revisions/SPGlobal_GrupoBimbo,S.A.B.deC.V._Revisions_20-Sep-2026.xlsx",Revisions,34
2026-09-20,revisions,BMV : BIMBO A,Per Share Level,EPS (GAAP),Last Month,Downward,FQ3 2026,FQ,2026,3,2026-09-30,1,,,1,count of analysts,,"filings/capitaliq/Estimates/Revisions/SPGlobal_GrupoBimbo,S.A.B.deC.V._Revisions_20-Sep-2026.xlsx",Revisions,35
2026-09-20,revisions,BMV : BIMBO A,Per Share Level,EPS (GAAP),Last Month,Downward,FQ4 2026,FQ,2026,4,2026-12-31,1,,,1,count of analysts,,"filings/capitaliq/Estimates/Revisions/SPGlobal_GrupoBimbo,S.A.B.deC.V._Revisions_20-Sep-2026.xlsx",Revisions,35
2026-09-20,revisions,BMV : BIMBO A,Per Share Level,EPS (GAAP),Last Month,Downward,FY 2026,FY,2026,,2026-12-31,1,,,1,count of analysts,,"filings/capitaliq/Estimates/Revisions/SPGlobal_GrupoBimbo,S.A.B.deC.V._Revisions_20-Sep-2026.xlsx",Revisions,35
2026-09-20,revisions,BMV : BIMBO A,Per Share Level,EPS (GAAP),Last Month,Downward,FY 2027,FY,2027,,2027-12-31,2,,,2,count of analysts,,"filings/capitaliq/Estimates/Revisions/SPGlobal_GrupoBimbo,S.A.B.deC.V._Revisions_20-Sep-2026.xlsx",Revisions,35
2026-09-20,revisions,BMV : BIMBO A,Per Share Level,EPS (GAAP),Last Month,Downward,FY 2028,FY,2028,,2028-12-31,1,,,1,count of analysts,,"filings/capitaliq/Estimates/Revisions/SPGlobal_GrupoBimbo,S.A.B.deC.V._Revisions_20-Sep-2026.xlsx",Revisions,35
2026-09-20,revisions,BMV : BIMBO A,Per Share Level,EPS (GAAP),Last Month,Downward,FY 2029,FY,2029,,2029-12-31,0,,,0,count of analysts,,"filings/capitaliq/Estimates/Revisions/SPGlobal_GrupoBimbo,S.A.B.deC.V._Revisions_20-Sep-2026.xlsx",Revisions,35
2026-09-20,revisions,BMV : BIMBO A,Per Share Level,EPS (GAAP),Last Month,Downward,FY 2030,FY,2030,,2030-12-31,0,,,0,count of analysts,,"filings/capitaliq/Estimates/Revisions/SPGlobal_GrupoBimbo,S.A.B.deC.V._Revisions_20-Sep-2026.xlsx",Revisions,35
2026-09-20,revisions,BMV : BIMBO A,Per Share Level,EPS (GAAP),Last Month,Downward,FY 2031,FY,2031,,2031-12-31,0,,,0,count of analysts,,"filings/capitaliq/Estimates/Revisions/SPGlobal_GrupoBimbo,S.A.B.deC.V._Revisions_20-Sep-2026.xlsx",Revisions,35
2026-09-20,revisions,BMV : BIMBO A,Per Share Level,EPS (GAAP),Last Two Months,Number of Analysts,FQ3 2026,FQ,2026,3,2026-09-30,3,,,3,count of analysts,,"filings/capitaliq/Estimates/Revisions/SPGlobal_GrupoBimbo,S.A.B.deC.V._Revisions_20-Sep-2026.xlsx",Revisions,37
2026-09-20,revisions,BMV : BIMBO A,Per Share Level,EPS (GAAP),Last Two Months,Number of Analysts,FQ4 2026,FQ,2026,4,2026-12-31,3,,,3,count of analysts,,"filings/capitaliq/Estimates/Revisions/SPGlobal_GrupoBimbo,S.A.B.deC.V._Revisions_20-Sep-2026.xlsx",Revisions,37
2026-09-20,revisions,BMV : BIMBO A,Per Share Level,EPS (GAAP),Last Two Months,Number of Analysts,FY 2026,FY,2026,,2026-12-31,8,,,8,count of analysts,,"filings/capitaliq/Estimates/Revisions/SPGlobal_GrupoBimbo,S.A.B.deC.V._Revisions_20-Sep-2026.xlsx",Revisions,37
2026-09-20,revisions,BMV : BIMBO A,Per Share Level,EPS (GAAP),Last Two Months,Number of Analysts,FY 2027,FY,2027,,2027-12-31,6,,,6,count of analysts,,"filings/capitaliq/Estimates/Revisions/SPGlobal_GrupoBimbo,S.A.B.deC.V._Revisions_20-Sep-2026.xlsx",Revisions,37
2026-09-20,revisions,BMV : BIMBO A,Per Share Level,EPS (GAAP),Last Two Months,Number of Analysts,FY 2028,FY,2028,,2028-12-31,5,,,5,count of analysts,,"filings/capitaliq/Estimates/Revisions/SPGlobal_GrupoBimbo,S.A.B.deC.V._Revisions_20-Sep-2026.xlsx",Revisions,37
2026-09-20,revisions,BMV : BIMBO A,Per Share Level,EPS (GAAP),Last Two Months,Number of Analysts still in Consensus,FQ3 2026,FQ,2026,3,2026-09-30,3,,,3,count of analysts,,"filings/capitaliq/Estimates/Revisions/SPGlobal_GrupoBimbo,S.A.B.deC.V._Revisions_20-Sep-2026.xlsx",Revisions,38
2026-09-20,revisions,BMV : BIMBO A,Per Share Level,EPS (GAAP),Last Two Months,Number of Analysts still in Consensus,FQ4 2026,FQ,2026,4,2026-12-31,3,,,3,count of analysts,,"filings/capitaliq/Estimates/Revisions/SPGlobal_GrupoBimbo,S.A.B.deC.V._Revisions_20-Sep-2026.xlsx",Revisions,38
2026-09-20,revisions,BMV : BIMBO A,Per Share Level,EPS (GAAP),Last Two Months,Number of Analysts still in Consensus,FY 2026,FY,2026,,2026-12-31,8,,,8,count of analysts,,"filings/capitaliq/Estimates/Revisions/SPGlobal_GrupoBimbo,S.A.B.deC.V._Revisions_20-Sep-2026.xlsx",Revisions,38
2026-09-20,revisions,BMV : BIMBO A,Per Share Level,EPS (GAAP),Last Two Months,Number of Analysts still in Consensus,FY 2027,FY,2027,,2027-12-31,6,,,6,count of analysts,,"filings/capitaliq/Estimates/Revisions/SPGlobal_GrupoBimbo,S.A.B.deC.V._Revisions_20-Sep-2026.xlsx",Revisions,38
2026-09-20,revisions,BMV : BIMBO A,Per Share Level,EPS (GAAP),Last Two Months,Number of Analysts still in Consensus,FY 2028,FY,2028,,2028-12-31,5,,,5,count of analysts,,"filings/capitaliq/Estimates/Revisions/SPGlobal_GrupoBimbo,S.A.B.deC.V._Revisions_20-Sep-2026.xlsx",Revisions,38
2026-09-20,revisions,BMV : BIMBO A,Per Share Level,EPS (GAAP),Last Two Months,Upward,FQ3 2026,FQ,2026,3,2026-09-30,2,,,2,count of analysts,,"filings/capitaliq/Estimates/Revisions/SPGlobal_GrupoBimbo,S.A.B.deC.V._Revisions_20-Sep-2026.xlsx",Revisions,39
2026-09-20,revisions,BMV : BIMBO A,Per Share Level,EPS (GAAP),Last Two Months,Upward,FQ4 2026,FQ,2026,4,2026-12-31,1,,,1,count of analysts,,"filings/capitaliq/Estimates/Revisions/SPGlobal_GrupoBimbo,S.A.B.deC.V._Revisions_20-Sep-2026.xlsx",Revisions,39
2026-09-20,revisions,BMV : BIMBO A,Per Share Level,EPS (GAAP),Last Two Months,Upward,FY 2026,FY,2026,,2026-12-31,0,,,0,count of analysts,,"filings/capitaliq/Estimates/Revisions/SPGlobal_GrupoBimbo,S.A.B.deC.V._Revisions_20-Sep-2026.xlsx",Revisions,39
2026-09-20,revisions,BMV : BIMBO A,Per Share Level,EPS (GAAP),Last Two Months,Upward,FY 2027,FY,2027,,2027-12-31,1,,,1,count of analysts,,"filings/capitaliq/Estimates/Revisions/SPGlobal_GrupoBimbo,S.A.B.deC.V._Revisions_20-Sep-2026.xlsx",Revisions,39
2026-09-20,revisions,BMV : BIMBO A,Per Share Level,EPS (GAAP),Last Two Months,Upward,FY 2028,FY,2028,,2028-12-31,1,,,1,count of analysts,,"filings/capitaliq/Estimates/Revisions/SPGlobal_GrupoBimbo,S.A.B.deC.V._Revisions_20-Sep-2026.xlsx",Revisions,39
2026-09-20,revisions,BMV : BIMBO A,Per Share Level,EPS (GAAP),Last Two Months,Downward,FQ3 2026,FQ,2026,3,2026-09-30,1,,,1,count of analysts,,"filings/capitaliq/Estimates/Revisions/SPGlobal_GrupoBimbo,S.A.B.deC.V._Revisions_20-Sep-2026.xlsx",Revisions,40
2026-09-20,revisions,BMV : BIMBO A,Per Share Level,EPS (GAAP),Last Two Months,Downward,FQ4 2026,FQ,2026,4,2026-12-31,2,,,2,count of analysts,,"filings/capitaliq/Estimates/Revisions/SPGlobal_GrupoBimbo,S.A.B.deC.V._Revisions_20-Sep-2026.xlsx",Revisions,40
2026-09-20,revisions,BMV : BIMBO A,Per Share Level,EPS (GAAP),Last Two Months,Downward,FY 2026,FY,2026,,2026-12-31,4,,,4,count of analysts,,"filings/capitaliq/Estimates/Revisions/SPGlobal_GrupoBimbo,S.A.B.deC.V._Revisions_20-Sep-2026.xlsx",Revisions,40
2026-09-20,revisions,BMV : BIMBO A,Per Share Level,EPS (GAAP),Last Two Months,Downward,FY 2027,FY,2027,,2027-12-31,3,,,3,count of analysts,,"filings/capitaliq/Estimates/Revisions/SPGlobal_GrupoBimbo,S.A.B.deC.V._Revisions_20-Sep-2026.xlsx",Revisions,40
2026-09-20,revisions,BMV : BIMBO A,Per Share Level,EPS (GAAP),Last Two Months,Downward,FY 2028,FY,2028,,2028-12-31,2,,,2,count of analysts,,"filings/capitaliq/Estimates/Revisions/SPGlobal_GrupoBimbo,S.A.B.deC.V._Revisions_20-Sep-2026.xlsx",Revisions,40
2026-09-20,revisions,BMV : BIMBO A,Per Share Level,EPS (GAAP),Last Three Months,Number of Analysts,FQ3 2026,FQ,2026,3,2026-09-30,1,,,1,count of analysts,,"filings/capitaliq/Estimates/Revisions/SPGlobal_GrupoBimbo,S.A.B.deC.V._Revisions_20-Sep-2026.xlsx",Revisions,42
2026-09-20,revisions,BMV : BIMBO A,Per Share Level,EPS (GAAP),Last Three Months,Number of Analysts,FQ4 2026,FQ,2026,4,2026-12-31,1,,,1,count of analysts,,"filings/capitaliq/Estimates/Revisions/SPGlobal_GrupoBimbo,S.A.B.deC.V._Revisions_20-Sep-2026.xlsx",Revisions,42
2026-09-20,revisions,BMV : BIMBO A,Per Share Level,EPS (GAAP),Last Three Months,Number of Analysts,FY 2026,FY,2026,,2026-12-31,6,,,6,count of analysts,,"filings/capitaliq/Estimates/Revisions/SPGlobal_GrupoBimbo,S.A.B.deC.V._Revisions_20-Sep-2026.xlsx",Revisions,42
2026-09-20,revisions,BMV : BIMBO A,Per Share Level,EPS (GAAP),Last Three Months,Number of Analysts,FY 2027,FY,2027,,2027-12-31,6,,,6,count of analysts,,"filings/capitaliq/Estimates/Revisions/SPGlobal_GrupoBimbo,S.A.B.deC.V._Revisions_20-Sep-2026.xlsx",Revisions,42
2026-09-20,revisions,BMV : BIMBO A,Per Share Level,EPS (GAAP),Last Three Months,Number of Analysts,FY 2028,FY,2028,,2028-12-31,4,,,4,count of analysts,,"filings/capitaliq/Estimates/Revisions/SPGlobal_GrupoBimbo,S.A.B.deC.V._Revisions_20-Sep-2026.xlsx",Revisions,42
2026-09-20,revisions,BMV : BIMBO A,Per Share Level,EPS (GAAP),Last Three Months,Number of Analysts still in Consensus,FQ3 2026,FQ,2026,3,2026-09-30,1,,,1,count of analysts,,"filings/capitaliq/Estimates/Revisions/SPGlobal_GrupoBimbo,S.A.B.deC.V._Revisions_20-Sep-2026.xlsx",Revisions,43
2026-09-20,revisions,BMV : BIMBO A,Per Share Level,EPS (GAAP),Last Three Months,Number of Analysts still in Consensus,FQ4 2026,FQ,2026,4,2026-12-31,1,,,1,count of analysts,,"filings/capitaliq/Estimates/Revisions/SPGlobal_GrupoBimbo,S.A.B.deC.V._Revisions_20-Sep-2026.xlsx",Revisions,43
2026-09-20,revisions,BMV : BIMBO A,Per Share Level,EPS (GAAP),Last Three Months,Number of Analysts still in Consensus,FY 2026,FY,2026,,2026-12-31,6,,,6,count of analysts,,"filings/capitaliq/Estimates/Revisions/SPGlobal_GrupoBimbo,S.A.B.deC.V._Revisions_20-Sep-2026.xlsx",Revisions,43
2026-09-20,revisions,BMV : BIMBO A,Per Share Level,EPS (GAAP),Last Three Months,Number of Analysts still in Consensus,FY 2027,FY,2027,,2027-12-31,5,,,5,count of analysts,,"filings/capitaliq/Estimates/Revisions/SPGlobal_GrupoBimbo,S.A.B.deC.V._Revisions_20-Sep-2026.xlsx",Revisions,43
2026-09-20,revisions,BMV : BIMBO A,Per Share Level,EPS (GAAP),Last Three Months,Number of Analysts still in Consensus,FY 2028,FY,2028,,2028-12-31,4,,,4,count of analysts,,"filings/capitaliq/Estimates/Revisions/SPGlobal_GrupoBimbo,S.A.B.deC.V._Revisions_20-Sep-2026.xlsx",Revisions,43
2026-09-20,revisions,BMV : BIMBO A,Per Share Level,EPS (GAAP),Last Three Months,Upward,FQ3 2026,FQ,2026,3,2026-09-30,1,,,1,count of analysts,,"filings/capitaliq/Estimates/Revisions/SPGlobal_GrupoBimbo,S.A.B.deC.V._Revisions_20-Sep-2026.xlsx",Revisions,44
2026-09-20,revisions,BMV : BIMBO A,Per Share Level,EPS (GAAP),Last Three Months,Upward,FQ4 2026,FQ,2026,4,2026-12-31,0,,,0,count of analysts,,"filings/capitaliq/Estimates/Revisions/SPGlobal_GrupoBimbo,S.A.B.deC.V._Revisions_20-Sep-2026.xlsx",Revisions,44
2026-09-20,revisions,BMV : BIMBO A,Per Share Level,EPS (GAAP),Last Three Months,Upward,FY 2026,FY,2026,,2026-12-31,2,,,2,count of analysts,,"filings/capitaliq/Estimates/Revisions/SPGlobal_GrupoBimbo,S.A.B.deC.V._Revisions_20-Sep-2026.xlsx",Revisions,44
2026-09-20,revisions,BMV : BIMBO A,Per Share Level,EPS (GAAP),Last Three Months,Upward,FY 2027,FY,2027,,2027-12-31,1,,,1,count of analysts,,"filings/capitaliq/Estimates/Revisions/SPGlobal_GrupoBimbo,S.A.B.deC.V._Revisions_20-Sep-2026.xlsx",Revisions,44
2026-09-20,revisions,BMV : BIMBO A,Per Share Level,EPS (GAAP),Last Three Months,Upward,FY 2028,FY,2028,,2028-12-31,2,,,2,count of analysts,,"filings/capitaliq/Estimates/Revisions/SPGlobal_GrupoBimbo,S.A.B.deC.V._Revisions_20-Sep-2026.xlsx",Revisions,44
2026-09-20,revisions,BMV : BIMBO A,Per Share Level,EPS (GAAP),Last Three Months,Downward,FQ3 2026,FQ,2026,3,2026-09-30,0,,,0,count of analysts,,"filings/capitaliq/Estimates/Revisions/SPGlobal_GrupoBimbo,S.A.B.deC.V._Revisions_20-Sep-2026.xlsx",Revisions,45
2026-09-20,revisions,BMV : BIMBO A,Per Share Level,EPS (GAAP),Last Three Months,Downward,FQ4 2026,FQ,2026,4,2026-12-31,1,,,1,count of analysts,,"filings/capitaliq/Estimates/Revisions/SPGlobal_GrupoBimbo,S.A.B.deC.V._Revisions_20-Sep-2026.xlsx",Revisions,45
2026-09-20,revisions,BMV : BIMBO A,Per Share Level,EPS (GAAP),Last Three Months,Downward,FY 2026,FY,2026,,2026-12-31,3,,,3,count of analysts,,"filings/capitaliq/Estimates/Revisions/SPGlobal_GrupoBimbo,S.A.B.deC.V._Revisions_20-Sep-2026.xlsx",Revisions,45
2026-09-20,revisions,BMV : BIMBO A,Per Share Level,EPS (GAAP),Last Three Months,Downward,FY 2027,FY,2027,,2027-12-31,3,,,3,count of analysts,,"filings/capitaliq/Estimates/Revisions/SPGlobal_GrupoBimbo,S.A.B.deC.V._Revisions_20-Sep-2026.xlsx",Revisions,45
2026-09-20,revisions,BMV : BIMBO A,Per Share Level,EPS (GAAP),Last Three Months,Downward,FY 2028,FY,2028,,2028-12-31,1,,,1,count of analysts,,"filings/capitaliq/Estimates/Revisions/SPGlobal_GrupoBimbo,S.A.B.deC.V._Revisions_20-Sep-2026.xlsx",Revisions,45
2026-09-20,revisions,BMV : BIMBO A,Per Share Level,Dividend per share,Last Month,Number of Analysts,FQ3 2026,FQ,2026,3,2026-09-30,1,,,1,count of analysts,,"filings/capitaliq/Estimates/Revisions/SPGlobal_GrupoBimbo,S.A.B.deC.V._Revisions_20-Sep-2026.xlsx",Revisions,48
2026-09-20,revisions,BMV : BIMBO A,Per Share Level,Dividend per share,Last Month,Number of Analysts,FQ4 2026,FQ,2026,4,2026-12-31,1,,,1,count of analysts,,"filings/capitaliq/Estimates/Revisions/SPGlobal_GrupoBimbo,S.A.B.deC.V._Revisions_20-Sep-2026.xlsx",Revisions,48
2026-09-20,revisions,BMV : BIMBO A,Per Share Level,Dividend per share,Last Month,Number of Analysts,FY 2026,FY,2026,,2026-12-31,8,,,8,count of analysts,,"filings/capitaliq/Estimates/Revisions/SPGlobal_GrupoBimbo,S.A.B.deC.V._Revisions_20-Sep-2026.xlsx",Revisions,48
2026-09-20,revisions,BMV : BIMBO A,Per Share Level,Dividend per share,Last Month,Number of Analysts,FY 2027,FY,2027,,2027-12-31,8,,,8,count of analysts,,"filings/capitaliq/Estimates/Revisions/SPGlobal_GrupoBimbo,S.A.B.deC.V._Revisions_20-Sep-2026.xlsx",Revisions,48
2026-09-20,revisions,BMV : BIMBO A,Per Share Level,Dividend per share,Last Month,Number of Analysts,FY 2028,FY,2028,,2028-12-31,6,,,6,count of analysts,,"filings/capitaliq/Estimates/Revisions/SPGlobal_GrupoBimbo,S.A.B.deC.V._Revisions_20-Sep-2026.xlsx",Revisions,48
2026-09-20,revisions,BMV : BIMBO A,Per Share Level,Dividend per share,Last Month,Number of Analysts,FY 2029,FY,2029,,2029-12-31,1,,,1,count of analysts,,"filings/capitaliq/Estimates/Revisions/SPGlobal_GrupoBimbo,S.A.B.deC.V._Revisions_20-Sep-2026.xlsx",Revisions,48
2026-09-20,revisions,BMV : BIMBO A,Per Share Level,Dividend per share,Last Month,Number of Analysts,FY 2030,FY,2030,,2030-12-31,1,,,1,count of analysts,,"filings/capitaliq/Estimates/Revisions/SPGlobal_GrupoBimbo,S.A.B.deC.V._Revisions_20-Sep-2026.xlsx",Revisions,48
2026-09-20,revisions,BMV : BIMBO A,Per Share Level,Dividend per share,Last Month,Number of Analysts still in Consensus,FQ3 2026,FQ,2026,3,2026-09-30,1,,,1,count of analysts,,"filings/capitaliq/Estimates/Revisions/SPGlobal_GrupoBimbo,S.A.B.deC.V._Revisions_20-Sep-2026.xlsx",Revisions,49
2026-09-20,revisions,BMV : BIMBO A,Per Share Level,Dividend per share,Last Month,Number of Analysts still in Consensus,FQ4 2026,FQ,2026,4,2026-12-31,1,,,1,count of analysts,,"filings/capitaliq/Estimates/Revisions/SPGlobal_GrupoBimbo,S.A.B.deC.V._Revisions_20-Sep-2026.xlsx",Revisions,49
2026-09-20,revisions,BMV : BIMBO A,Per Share Level,Dividend per share,Last Month,Number of Analysts still in Consensus,FY 2026,FY,2026,,2026-12-31,8,,,8,count of analysts,,"filings/capitaliq/Estimates/Revisions/SPGlobal_GrupoBimbo,S.A.B.deC.V._Revisions_20-Sep-2026.xlsx",Revisions,49
2026-09-20,revisions,BMV : BIMBO A,Per Share Level,Dividend per share,Last Month,Number of Analysts still in Consensus,FY 2027,FY,2027,,2027-12-31,8,,,8,count of analysts,,"filings/capitaliq/Estimates/Revisions/SPGlobal_GrupoBimbo,S.A.B.deC.V._Revisions_20-Sep-2026.xlsx",Revisions,49
2026-09-20,revisions,BMV : BIMBO A,Per Share Level,Dividend per share,Last Month,Number of Analysts still in Consensus,FY 2028,FY,2028,,2028-12-31,6,,,6,count of analysts,,"filings/capitaliq/Estimates/Revisions/SPGlobal_GrupoBimbo,S.A.B.deC.V._Revisions_20-Sep-2026.xlsx",Revisions,49
2026-09-20,revisions,BMV : BIMBO A,Per Share Level,Dividend per share,Last Month,Number of Analysts still in Consensus,FY 2029,FY,2029,,2029-12-31,1,,,1,count of analysts,,"filings/capitaliq/Estimates/Revisions/SPGlobal_GrupoBimbo,S.A.B.deC.V._Revisions_20-Sep-2026.xlsx",Revisions,49
2026-09-20,revisions,BMV : BIMBO A,Per Share Level,Dividend per share,Last Month,Number of Analysts still in Consensus,FY 2030,FY,2030,,2030-12-31,1,,,1,count of analysts,,"filings/capitaliq/Estimates/Revisions/SPGlobal_GrupoBimbo,S.A.B.deC.V._Revisions_20-Sep-2026.xlsx",Revisions,49
2026-09-20,revisions,BMV : BIMBO A,Per Share Level,Dividend per share,Last Month,Upward,FQ3 2026,FQ,2026,3,2026-09-30,0,,,0,count of analysts,,"filings/capitaliq/Estimates/Revisions/SPGlobal_GrupoBimbo,S.A.B.deC.V._Revisions_20-Sep-2026.xlsx",Revisions,50
2026-09-20,revisions,BMV : BIMBO A,Per Share Level,Dividend per share,Last Month,Upward,FQ4 2026,FQ,2026,4,2026-12-31,0,,,0,count of analysts,,"filings/capitaliq/Estimates/Revisions/SPGlobal_GrupoBimbo,S.A.B.deC.V._Revisions_20-Sep-2026.xlsx",Revisions,50
2026-09-20,revisions,BMV : BIMBO A,Per Share Level,Dividend per share,Last Month,Upward,FY 2026,FY,2026,,2026-12-31,0,,,0,count of analysts,,"filings/capitaliq/Estimates/Revisions/SPGlobal_GrupoBimbo,S.A.B.deC.V._Revisions_20-Sep-2026.xlsx",Revisions,50
2026-09-20,revisions,BMV : BIMBO A,Per Share Level,Dividend per share,Last Month,Upward,FY 2027,FY,2027,,2027-12-31,1,,,1,count of analysts,,"filings/capitaliq/Estimates/Revisions/SPGlobal_GrupoBimbo,S.A.B.deC.V._Revisions_20-Sep-2026.xlsx",Revisions,50
2026-09-20,revisions,BMV : BIMBO A,Per Share Level,Dividend per share,Last Month,Upward,FY 2028,FY,2028,,2028-12-31,0,,,0,count of analysts,,"filings/capitaliq/Estimates/Revisions/SPGlobal_GrupoBimbo,S.A.B.deC.V._Revisions_20-Sep-2026.xlsx",Revisions,50
2026-09-20,revisions,BMV : BIMBO A,Per Share Level,Dividend per share,Last Month,Upward,FY 2029,FY,2029,,2029-12-31,0,,,0,count of analysts,,"filings/capitaliq/Estimates/Revisions/SPGlobal_GrupoBimbo,S.A.B.deC.V._Revisions_20-Sep-2026.xlsx",Revisions,50
2026-09-20,revisions,BMV : BIMBO A,Per Share Level,Dividend per share,Last Month,Upward,FY 2030,FY,2030,,2030-12-31,0,,,0,count of analysts,,"filings/capitaliq/Estimates/Revisions/SPGlobal_GrupoBimbo,S.A.B.deC.V._Revisions_20-Sep-2026.xlsx",Revisions,50
2026-09-20,revisions,BMV : BIMBO A,Per Share Level,Dividend per share,Last Month,Downward,FQ3 2026,FQ,2026,3,2026-09-30,0,,,0,count of analysts,,"filings/capitaliq/Estimates/Revisions/SPGlobal_GrupoBimbo,S.A.B.deC.V._Revisions_20-Sep-2026.xlsx",Revisions,51
2026-09-20,revisions,BMV : BIMBO A,Per Share Level,Dividend per share,Last Month,Downward,FQ4 2026,FQ,2026,4,2026-12-31,0,,,0,count of analysts,,"filings/capitaliq/Estimates/Revisions/SPGlobal_GrupoBimbo,S.A.B.deC.V._Revisions_20-Sep-2026.xlsx",Revisions,51
2026-09-20,revisions,BMV : BIMBO A,Per Share Level,Dividend per share,Last Month,Downward,FY 2026,FY,2026,,2026-12-31,1,,,1,count of analysts,,"filings/capitaliq/Estimates/Revisions/SPGlobal_GrupoBimbo,S.A.B.deC.V._Revisions_20-Sep-2026.xlsx",Revisions,51
2026-09-20,revisions,BMV : BIMBO A,Per Share Level,Dividend per share,Last Month,Downward,FY 2027,FY,2027,,2027-12-31,1,,,1,count of analysts,,"filings/capitaliq/Estimates/Revisions/SPGlobal_GrupoBimbo,S.A.B.deC.V._Revisions_20-Sep-2026.xlsx",Revisions,51
2026-09-20,revisions,BMV : BIMBO A,Per Share Level,Dividend per share,Last Month,Downward,FY 2028,FY,2028,,2028-12-31,0,,,0,count of analysts,,"filings/capitaliq/Estimates/Revisions/SPGlobal_GrupoBimbo,S.A.B.deC.V._Revisions_20-Sep-2026.xlsx",Revisions,51
2026-09-20,revisions,BMV : BIMBO A,Per Share Level,Dividend per share,Last Month,Downward,FY 2029,FY,2029,,2029-12-31,0,,,0,count of analysts,,"filings/capitaliq/Estimates/Revisions/SPGlobal_GrupoBimbo,S.A.B.deC.V._Revisions_20-Sep-2026.xlsx",Revisions,51
2026-09-20,revisions,BMV : BIMBO A,Per Share Level,Dividend per share,Last Month,Downward,FY 2030,FY,2030,,2030-12-31,0,,,0,count of analysts,,"filings/capitaliq/Estimates/Revisions/SPGlobal_GrupoBimbo,S.A.B.deC.V._Revisions_20-Sep-2026.xlsx",Revisions,51
2026-09-20,revisions,BMV : BIMBO A,Per Share Level,Dividend per share,Last Two Months,Number of Analysts,FQ3 2026,FQ,2026,3,2026-09-30,1,,,1,count of analysts,,"filings/capitaliq/Estimates/Revisions/SPGlobal_GrupoBimbo,S.A.B.deC.V._Revisions_20-Sep-2026.xlsx",Revisions,53
2026-09-20,revisions,BMV : BIMBO A,Per Share Level,Dividend per share,Last Two Months,Number of Analysts,FQ4 2026,FQ,2026,4,2026-12-31,1,,,1,count of analysts,,"filings/capitaliq/Estimates/Revisions/SPGlobal_GrupoBimbo,S.A.B.deC.V._Revisions_20-Sep-2026.xlsx",Revisions,53
2026-09-20,revisions,BMV : BIMBO A,Per Share Level,Dividend per share,Last Two Months,Number of Analysts,FY 2026,FY,2026,,2026-12-31,8,,,8,count of analysts,,"filings/capitaliq/Estimates/Revisions/SPGlobal_GrupoBimbo,S.A.B.deC.V._Revisions_20-Sep-2026.xlsx",Revisions,53
2026-09-20,revisions,BMV : BIMBO A,Per Share Level,Dividend per share,Last Two Months,Number of Analysts,FY 2027,FY,2027,,2027-12-31,8,,,8,count of analysts,,"filings/capitaliq/Estimates/Revisions/SPGlobal_GrupoBimbo,S.A.B.deC.V._Revisions_20-Sep-2026.xlsx",Revisions,53
2026-09-20,revisions,BMV : BIMBO A,Per Share Level,Dividend per share,Last Two Months,Number of Analysts,FY 2028,FY,2028,,2028-12-31,6,,,6,count of analysts,,"filings/capitaliq/Estimates/Revisions/SPGlobal_GrupoBimbo,S.A.B.deC.V._Revisions_20-Sep-2026.xlsx",Revisions,53
2026-09-20,revisions,BMV : BIMBO A,Per Share Level,Dividend per share,Last Two Months,Number of Analysts,FY 2029,FY,2029,,2029-12-31,1,,,1,count of analysts,,"filings/capitaliq/Estimates/Revisions/SPGlobal_GrupoBimbo,S.A.B.deC.V._Revisions_20-Sep-2026.xlsx",Revisions,53
2026-09-20,revisions,BMV : BIMBO A,Per Share Level,Dividend per share,Last Two Months,Number of Analysts,FY 2030,FY,2030,,2030-12-31,1,,,1,count of analysts,,"filings/capitaliq/Estimates/Revisions/SPGlobal_GrupoBimbo,S.A.B.deC.V._Revisions_20-Sep-2026.xlsx",Revisions,53
2026-09-20,revisions,BMV : BIMBO A,Per Share Level,Dividend per share,Last Two Months,Number of Analysts still in Consensus,FQ3 2026,FQ,2026,3,2026-09-30,1,,,1,count of analysts,,"filings/capitaliq/Estimates/Revisions/SPGlobal_GrupoBimbo,S.A.B.deC.V._Revisions_20-Sep-2026.xlsx",Revisions,54
2026-09-20,revisions,BMV : BIMBO A,Per Share Level,Dividend per share,Last Two Months,Number of Analysts still in Consensus,FQ4 2026,FQ,2026,4,2026-12-31,1,,,1,count of analysts,,"filings/capitaliq/Estimates/Revisions/SPGlobal_GrupoBimbo,S.A.B.deC.V._Revisions_20-Sep-2026.xlsx",Revisions,54
2026-09-20,revisions,BMV : BIMBO A,Per Share Level,Dividend per share,Last Two Months,Number of Analysts still in Consensus,FY 2026,FY,2026,,2026-12-31,8,,,8,count of analysts,,"filings/capitaliq/Estimates/Revisions/SPGlobal_GrupoBimbo,S.A.B.deC.V._Revisions_20-Sep-2026.xlsx",Revisions,54
2026-09-20,revisions,BMV : BIMBO A,Per Share Level,Dividend per share,Last Two Months,Number of Analysts still in Consensus,FY 2027,FY,2027,,2027-12-31,8,,,8,count of analysts,,"filings/capitaliq/Estimates/Revisions/SPGlobal_GrupoBimbo,S.A.B.deC.V._Revisions_20-Sep-2026.xlsx",Revisions,54
2026-09-20,revisions,BMV : BIMBO A,Per Share Level,Dividend per share,Last Two Months,Number of Analysts still in Consensus,FY 2028,FY,2028,,2028-12-31,6,,,6,count of analysts,,"filings/capitaliq/Estimates/Revisions/SPGlobal_GrupoBimbo,S.A.B.deC.V._Revisions_20-Sep-2026.xlsx",Revisions,54
2026-09-20,revisions,BMV : BIMBO A,Per Share Level,Dividend per share,Last Two Months,Number of Analysts still in Consensus,FY 2029,FY,2029,,2029-12-31,1,,,1,count of analysts,,"filings/capitaliq/Estimates/Revisions/SPGlobal_GrupoBimbo,S.A.B.deC.V._Revisions_20-Sep-2026.xlsx",Revisions,54
2026-09-20,revisions,BMV : BIMBO A,Per Share Level,Dividend per share,Last Two Months,Number of Analysts still in Consensus,FY 2030,FY,2030,,2030-12-31,1,,,1,count of analysts,,"filings/capitaliq/Estimates/Revisions/SPGlobal_GrupoBimbo,S.A.B.deC.V._Revisions_20-Sep-2026.xlsx",Revisions,54
2026-09-20,revisions,BMV : BIMBO A,Per Share Level,Dividend per share,Last Two Months,Upward,FQ3 2026,FQ,2026,3,2026-09-30,0,,,0,count of analysts,,"filings/capitaliq/Estimates/Revisions/SPGlobal_GrupoBimbo,S.A.B.deC.V._Revisions_20-Sep-2026.xlsx",Revisions,55
2026-09-20,revisions,BMV : BIMBO A,Per Share Level,Dividend per share,Last Two Months,Upward,FQ4 2026,FQ,2026,4,2026-12-31,0,,,0,count of analysts,,"filings/capitaliq/Estimates/Revisions/SPGlobal_GrupoBimbo,S.A.B.deC.V._Revisions_20-Sep-2026.xlsx",Revisions,55
2026-09-20,revisions,BMV : BIMBO A,Per Share Level,Dividend per share,Last Two Months,Upward,FY 2026,FY,2026,,2026-12-31,1,,,1,count of analysts,,"filings/capitaliq/Estimates/Revisions/SPGlobal_GrupoBimbo,S.A.B.deC.V._Revisions_20-Sep-2026.xlsx",Revisions,55
2026-09-20,revisions,BMV : BIMBO A,Per Share Level,Dividend per share,Last Two Months,Upward,FY 2027,FY,2027,,2027-12-31,2,,,2,count of analysts,,"filings/capitaliq/Estimates/Revisions/SPGlobal_GrupoBimbo,S.A.B.deC.V._Revisions_20-Sep-2026.xlsx",Revisions,55
2026-09-20,revisions,BMV : BIMBO A,Per Share Level,Dividend per share,Last Two Months,Upward,FY 2028,FY,2028,,2028-12-31,1,,,1,count of analysts,,"filings/capitaliq/Estimates/Revisions/SPGlobal_GrupoBimbo,S.A.B.deC.V._Revisions_20-Sep-2026.xlsx",Revisions,55
2026-09-20,revisions,BMV : BIMBO A,Per Share Level,Dividend per share,Last Two Months,Upward,FY 2029,FY,2029,,2029-12-31,0,,,0,count of analysts,,"filings/capitaliq/Estimates/Revisions/SPGlobal_GrupoBimbo,S.A.B.deC.V._Revisions_20-Sep-2026.xlsx",Revisions,55
2026-09-20,revisions,BMV : BIMBO A,Per Share Level,Dividend per share,Last Two Months,Upward,FY 2030,FY,2030,,2030-12-31,0,,,0,count of analysts,,"filings/capitaliq/Estimates/Revisions/SPGlobal_GrupoBimbo,S.A.B.deC.V._Revisions_20-Sep-2026.xlsx",Revisions,55
2026-09-20,revisions,BMV : BIMBO A,Per Share Level,Dividend per share,Last Two Months,Downward,FQ3 2026,FQ,2026,3,2026-09-30,0,,,0,count of analysts,,"filings/capitaliq/Estimates/Revisions/SPGlobal_GrupoBimbo,S.A.B.deC.V._Revisions_20-Sep-2026.xlsx",Revisions,56
2026-09-20,revisions,BMV : BIMBO A,Per Share Level,Dividend per share,Last Two Months,Downward,FQ4 2026,FQ,2026,4,2026-12-31,0,,,0,count of analysts,,"filings/capitaliq/Estimates/Revisions/SPGlobal_GrupoBimbo,S.A.B.deC.V._Revisions_20-Sep-2026.xlsx",Revisions,56
2026-09-20,revisions,BMV : BIMBO A,Per Share Level,Dividend per share,Last Two Months,Downward,FY 2026,FY,2026,,2026-12-31,2,,,2,count of analysts,,"filings/capitaliq/Estimates/Revisions/SPGlobal_GrupoBimbo,S.A.B.deC.V._Revisions_20-Sep-2026.xlsx",Revisions,56
2026-09-20,revisions,BMV : BIMBO A,Per Share Level,Dividend per share,Last Two Months,Downward,FY 2027,FY,2027,,2027-12-31,2,,,2,count of analysts,,"filings/capitaliq/Estimates/Revisions/SPGlobal_GrupoBimbo,S.A.B.deC.V._Revisions_20-Sep-2026.xlsx",Revisions,56
2026-09-20,revisions,BMV : BIMBO A,Per Share Level,Dividend per share,Last Two Months,Downward,FY 2028,FY,2028,,2028-12-31,1,,,1,count of analysts,,"filings/capitaliq/Estimates/Revisions/SPGlobal_GrupoBimbo,S.A.B.deC.V._Revisions_20-Sep-2026.xlsx",Revisions,56
2026-09-20,revisions,BMV : BIMBO A,Per Share Level,Dividend per share,Last Two Months,Downward,FY 2029,FY,2029,,2029-12-31,0,,,0,count of analysts,,"filings/capitaliq/Estimates/Revisions/SPGlobal_GrupoBimbo,S.A.B.deC.V._Revisions_20-Sep-2026.xlsx",Revisions,56
2026-09-20,revisions,BMV : BIMBO A,Per Share Level,Dividend per share,Last Two Months,Downward,FY 2030,FY,2030,,2030-12-31,0,,,0,count of analysts,,"filings/capitaliq/Estimates/Revisions/SPGlobal_GrupoBimbo,S.A.B.deC.V._Revisions_20-Sep-2026.xlsx",Revisions,56
2026-09-20,revisions,BMV : BIMBO A,Per Share Level,Dividend per share,Last Three Months,Number of Analysts,FY 2026,FY,2026,,2026-12-31,7,,,7,count of analysts,,"filings/capitaliq/Estimates/Revisions/SPGlobal_GrupoBimbo,S.A.B.deC.V._Revisions_20-Sep-2026.xlsx",Revisions,58
2026-09-20,revisions,BMV : BIMBO A,Per Share Level,Dividend per share,Last Three Months,Number of Analysts,FY 2027,FY,2027,,2027-12-31,8,,,8,count of analysts,,"filings/capitaliq/Estimates/Revisions/SPGlobal_GrupoBimbo,S.A.B.deC.V._Revisions_20-Sep-2026.xlsx",Revisions,58
2026-09-20,revisions,BMV : BIMBO A,Per Share Level,Dividend per share,Last Three Months,Number of Analysts,FY 2028,FY,2028,,2028-12-31,6,,,6,count of analysts,,"filings/capitaliq/Estimates/Revisions/SPGlobal_GrupoBimbo,S.A.B.deC.V._Revisions_20-Sep-2026.xlsx",Revisions,58
2026-09-20,revisions,BMV : BIMBO A,Per Share Level,Dividend per share,Last Three Months,Number of Analysts,FY 2029,FY,2029,,2029-12-31,1,,,1,count of analysts,,"filings/capitaliq/Estimates/Revisions/SPGlobal_GrupoBimbo,S.A.B.deC.V._Revisions_20-Sep-2026.xlsx",Revisions,58
2026-09-20,revisions,BMV : BIMBO A,Per Share Level,Dividend per share,Last Three Months,Number of Analysts,FY 2030,FY,2030,,2030-12-31,1,,,1,count of analysts,,"filings/capitaliq/Estimates/Revisions/SPGlobal_GrupoBimbo,S.A.B.deC.V._Revisions_20-Sep-2026.xlsx",Revisions,58
2026-09-20,revisions,BMV : BIMBO A,Per Share Level,Dividend per share,Last Three Months,Number of Analysts still in Consensus,FY 2026,FY,2026,,2026-12-31,7,,,7,count of analysts,,"filings/capitaliq/Estimates/Revisions/SPGlobal_GrupoBimbo,S.A.B.deC.V._Revisions_20-Sep-2026.xlsx",Revisions,59
2026-09-20,revisions,BMV : BIMBO A,Per Share Level,Dividend per share,Last Three Months,Number of Analysts still in Consensus,FY 2027,FY,2027,,2027-12-31,8,,,8,count of analysts,,"filings/capitaliq/Estimates/Revisions/SPGlobal_GrupoBimbo,S.A.B.deC.V._Revisions_20-Sep-2026.xlsx",Revisions,59
2026-09-20,revisions,BMV : BIMBO A,Per Share Level,Dividend per share,Last Three Months,Number of Analysts still in Consensus,FY 2028,FY,2028,,2028-12-31,6,,,6,count of analysts,,"filings/capitaliq/Estimates/Revisions/SPGlobal_GrupoBimbo,S.A.B.deC.V._Revisions_20-Sep-2026.xlsx",Revisions,59
2026-09-20,revisions,BMV : BIMBO A,Per Share Level,Dividend per share,Last Three Months,Number of Analysts still in Consensus,FY 2029,FY,2029,,2029-12-31,1,,,1,count of analysts,,"filings/capitaliq/Estimates/Revisions/SPGlobal_GrupoBimbo,S.A.B.deC.V._Revisions_20-Sep-2026.xlsx",Revisions,59
2026-09-20,revisions,BMV : BIMBO A,Per Share Level,Dividend per share,Last Three Months,Number of Analysts still in Consensus,FY 2030,FY,2030,,2030-12-31,1,,,1,count of analysts,,"filings/capitaliq/Estimates/Revisions/SPGlobal_GrupoBimbo,S.A.B.deC.V._Revisions_20-Sep-2026.xlsx",Revisions,59
2026-09-20,revisions,BMV : BIMBO A,Per Share Level,Dividend per share,Last Three Months,Upward,FY 2026,FY,2026,,2026-12-31,0,,,0,count of analysts,,"filings/capitaliq/Estimates/Revisions/SPGlobal_GrupoBimbo,S.A.B.deC.V._Revisions_20-Sep-2026.xlsx",Revisions,60
2026-09-20,revisions,BMV : BIMBO A,Per Share Level,Dividend per share,Last Three Months,Upward,FY 2027,FY,2027,,2027-12-31,2,,,2,count of analysts,,"filings/capitaliq/Estimates/Revisions/SPGlobal_GrupoBimbo,S.A.B.deC.V._Revisions_20-Sep-2026.xlsx",Revisions,60
2026-09-20,revisions,BMV : BIMBO A,Per Share Level,Dividend per share,Last Three Months,Upward,FY 2028,FY,2028,,2028-12-31,1,,,1,count of analysts,,"filings/capitaliq/Estimates/Revisions/SPGlobal_GrupoBimbo,S.A.B.deC.V._Revisions_20-Sep-2026.xlsx",Revisions,60
2026-09-20,revisions,BMV : BIMBO A,Per Share Level,Dividend per share,Last Three Months,Upward,FY 2029,FY,2029,,2029-12-31,0,,,0,count of analysts,,"filings/capitaliq/Estimates/Revisions/SPGlobal_GrupoBimbo,S.A.B.deC.V._Revisions_20-Sep-2026.xlsx",Revisions,60
2026-09-20,revisions,BMV : BIMBO A,Per Share Level,Dividend per share,Last Three Months,Upward,FY 2030,FY,2030,,2030-12-31,0,,,0,count of analysts,,"filings/capitaliq/Estimates/Revisions/SPGlobal_GrupoBimbo,S.A.B.deC.V._Revisions_20-Sep-2026.xlsx",Revisions,60
2026-09-20,revisions,BMV : BIMBO A,Per Share Level,Dividend per share,Last Three Months,Downward,FY 2026,FY,2026,,2026-12-31,2,,,2,count of analysts,,"filings/capitaliq/Estimates/Revisions/SPGlobal_GrupoBimbo,S.A.B.deC.V._Revisions_20-Sep-2026.xlsx",Revisions,61
2026-09-20,revisions,BMV : BIMBO A,Per Share Level,Dividend per share,Last Three Months,Downward,FY 2027,FY,2027,,2027-12-31,3,,,3,count of analysts,,"filings/capitaliq/Estimates/Revisions/SPGlobal_GrupoBimbo,S.A.B.deC.V._Revisions_20-Sep-2026.xlsx",Revisions,61
2026-09-20,revisions,BMV : BIMBO A,Per Share Level,Dividend per share,Last Three Months,Downward,FY 2028,FY,2028,,2028-12-31,2,,,2,count of analysts,,"filings/capitaliq/Estimates/Revisions/SPGlobal_GrupoBimbo,S.A.B.deC.V._Revisions_20-Sep-2026.xlsx",Revisions,61
2026-09-20,revisions,BMV : BIMBO A,Per Share Level,Dividend per share,Last Three Months,Downward,FY 2029,FY,2029,,2029-12-31,0,,,0,count of analysts,,"filings/capitaliq/Estimates/Revisions/SPGlobal_GrupoBimbo,S.A.B.deC.V._Revisions_20-Sep-2026.xlsx",Revisions,61
2026-09-20,revisions,BMV : BIMBO A,Per Share Level,Dividend per share,Last Three Months,Downward,FY 2030,FY,2030,,2030-12-31,0,,,0,count of analysts,,"filings/capitaliq/Estimates/Revisions/SPGlobal_GrupoBimbo,S.A.B.deC.V._Revisions_20-Sep-2026.xlsx",Revisions,61
2026-09-20,revisions,BMV : BIMBO A,Per Share Level,Book Value per share,Last Month,Number of Analysts,FY 2026,FY,2026,,2026-12-31,2,,,2,count of analysts,,"filings/capitaliq/Estimates/Revisions/SPGlobal_GrupoBimbo,S.A.B.deC.V._Revisions_20-Sep-2026.xlsx",Revisions,64
2026-09-20,revisions,BMV : BIMBO A,Per Share Level,Book Value per share,Last Month,Number of Analysts,FY 2027,FY,2027,,2027-12-31,4,,,4,count of analysts,,"filings/capitaliq/Estimates/Revisions/SPGlobal_GrupoBimbo,S.A.B.deC.V._Revisions_20-Sep-2026.xlsx",Revisions,64
2026-09-20,revisions,BMV : BIMBO A,Per Share Level,Book Value per share,Last Month,Number of Analysts,FY 2028,FY,2028,,2028-12-31,4,,,4,count of analysts,,"filings/capitaliq/Estimates/Revisions/SPGlobal_GrupoBimbo,S.A.B.deC.V._Revisions_20-Sep-2026.xlsx",Revisions,64
2026-09-20,revisions,BMV : BIMBO A,Per Share Level,Book Value per share,Last Month,Number of Analysts still in Consensus,FY 2026,FY,2026,,2026-12-31,2,,,2,count of analysts,,"filings/capitaliq/Estimates/Revisions/SPGlobal_GrupoBimbo,S.A.B.deC.V._Revisions_20-Sep-2026.xlsx",Revisions,65
2026-09-20,revisions,BMV : BIMBO A,Per Share Level,Book Value per share,Last Month,Number of Analysts still in Consensus,FY 2027,FY,2027,,2027-12-31,4,,,4,count of analysts,,"filings/capitaliq/Estimates/Revisions/SPGlobal_GrupoBimbo,S.A.B.deC.V._Revisions_20-Sep-2026.xlsx",Revisions,65
2026-09-20,revisions,BMV : BIMBO A,Per Share Level,Book Value per share,Last Month,Number of Analysts still in Consensus,FY 2028,FY,2028,,2028-12-31,4,,,4,count of analysts,,"filings/capitaliq/Estimates/Revisions/SPGlobal_GrupoBimbo,S.A.B.deC.V._Revisions_20-Sep-2026.xlsx",Revisions,65
2026-09-20,revisions,BMV : BIMBO A,Per Share Level,Book Value per share,Last Month,Upward,FY 2026,FY,2026,,2026-12-31,0,,,0,count of analysts,,"filings/capitaliq/Estimates/Revisions/SPGlobal_GrupoBimbo,S.A.B.deC.V._Revisions_20-Sep-2026.xlsx",Revisions,66
2026-09-20,revisions,BMV : BIMBO A,Per Share Level,Book Value per share,Last Month,Upward,FY 2027,FY,2027,,2027-12-31,0,,,0,count of analysts,,"filings/capitaliq/Estimates/Revisions/SPGlobal_GrupoBimbo,S.A.B.deC.V._Revisions_20-Sep-2026.xlsx",Revisions,66
2026-09-20,revisions,BMV : BIMBO A,Per Share Level,Book Value per share,Last Month,Upward,FY 2028,FY,2028,,2028-12-31,0,,,0,count of analysts,,"filings/capitaliq/Estimates/Revisions/SPGlobal_GrupoBimbo,S.A.B.deC.V._Revisions_20-Sep-2026.xlsx",Revisions,66
2026-09-20,revisions,BMV : BIMBO A,Per Share Level,Book Value per share,Last Month,Downward,FY 2026,FY,2026,,2026-12-31,0,,,0,count of analysts,,"filings/capitaliq/Estimates/Revisions/SPGlobal_GrupoBimbo,S.A.B.deC.V._Revisions_20-Sep-2026.xlsx",Revisions,67
2026-09-20,revisions,BMV : BIMBO A,Per Share Level,Book Value per share,Last Month,Downward,FY 2027,FY,2027,,2027-12-31,0,,,0,count of analysts,,"filings/capitaliq/Estimates/Revisions/SPGlobal_GrupoBimbo,S.A.B.deC.V._Revisions_20-Sep-2026.xlsx",Revisions,67
2026-09-20,revisions,BMV : BIMBO A,Per Share Level,Book Value per share,Last Month,Downward,FY 2028,FY,2028,,2028-12-31,0,,,0,count of analysts,,"filings/capitaliq/Estimates/Revisions/SPGlobal_GrupoBimbo,S.A.B.deC.V._Revisions_20-Sep-2026.xlsx",Revisions,67
2026-09-20,revisions,BMV : BIMBO A,Per Share Level,Book Value per share,Last Two Months,Number of Analysts,FY 2026,FY,2026,,2026-12-31,4,,,4,count of analysts,,"filings/capitaliq/Estimates/Revisions/SPGlobal_GrupoBimbo,S.A.B.deC.V._Revisions_20-Sep-2026.xlsx",Revisions,69
2026-09-20,revisions,BMV : BIMBO A,Per Share Level,Book Value per share,Last Two Months,Number of Analysts,FY 2027,FY,2027,,2027-12-31,4,,,4,count of analysts,,"filings/capitaliq/Estimates/Revisions/SPGlobal_GrupoBimbo,S.A.B.deC.V._Revisions_20-Sep-2026.xlsx",Revisions,69
2026-09-20,revisions,BMV : BIMBO A,Per Share Level,Book Value per share,Last Two Months,Number of Analysts,FY 2028,FY,2028,,2028-12-31,4,,,4,count of analysts,,"filings/capitaliq/Estimates/Revisions/SPGlobal_GrupoBimbo,S.A.B.deC.V._Revisions_20-Sep-2026.xlsx",Revisions,69
2026-09-20,revisions,BMV : BIMBO A,Per Share Level,Book Value per share,Last Two Months,Number of Analysts still in Consensus,FY 2026,FY,2026,,2026-12-31,3,,,3,count of analysts,,"filings/capitaliq/Estimates/Revisions/SPGlobal_GrupoBimbo,S.A.B.deC.V._Revisions_20-Sep-2026.xlsx",Revisions,70
2026-09-20,revisions,BMV : BIMBO A,Per Share Level,Book Value per share,Last Two Months,Number of Analysts still in Consensus,FY 2027,FY,2027,,2027-12-31,4,,,4,count of analysts,,"filings/capitaliq/Estimates/Revisions/SPGlobal_GrupoBimbo,S.A.B.deC.V._Revisions_20-Sep-2026.xlsx",Revisions,70
2026-09-20,revisions,BMV : BIMBO A,Per Share Level,Book Value per share,Last Two Months,Number of Analysts still in Consensus,FY 2028,FY,2028,,2028-12-31,4,,,4,count of analysts,,"filings/capitaliq/Estimates/Revisions/SPGlobal_GrupoBimbo,S.A.B.deC.V._Revisions_20-Sep-2026.xlsx",Revisions,70
2026-09-20,revisions,BMV : BIMBO A,Per Share Level,Book Value per share,Last Two Months,Upward,FY 2026,FY,2026,,2026-12-31,0,,,0,count of analysts,,"filings/capitaliq/Estimates/Revisions/SPGlobal_GrupoBimbo,S.A.B.deC.V._Revisions_20-Sep-2026.xlsx",Revisions,71
2026-09-20,revisions,BMV : BIMBO A,Per Share Level,Book Value per share,Last Two Months,Upward,FY 2027,FY,2027,,2027-12-31,0,,,0,count of analysts,,"filings/capitaliq/Estimates/Revisions/SPGlobal_GrupoBimbo,S.A.B.deC.V._Revisions_20-Sep-2026.xlsx",Revisions,71
2026-09-20,revisions,BMV : BIMBO A,Per Share Level,Book Value per share,Last Two Months,Upward,FY 2028,FY,2028,,2028-12-31,0,,,0,count of analysts,,"filings/capitaliq/Estimates/Revisions/SPGlobal_GrupoBimbo,S.A.B.deC.V._Revisions_20-Sep-2026.xlsx",Revisions,71
2026-09-20,revisions,BMV : BIMBO A,Per Share Level,Book Value per share,Last Two Months,Downward,FY 2026,FY,2026,,2026-12-31,1,,,1,count of analysts,,"filings/capitaliq/Estimates/Revisions/SPGlobal_GrupoBimbo,S.A.B.deC.V._Revisions_20-Sep-2026.xlsx",Revisions,72
2026-09-20,revisions,BMV : BIMBO A,Per Share Level,Book Value per share,Last Two Months,Downward,FY 2027,FY,2027,,2027-12-31,1,,,1,count of analysts,,"filings/capitaliq/Estimates/Revisions/SPGlobal_GrupoBimbo,S.A.B.deC.V._Revisions_20-Sep-2026.xlsx",Revisions,72
2026-09-20,revisions,BMV : BIMBO A,Per Share Level,Book Value per share,Last Two Months,Downward,FY 2028,FY,2028,,2028-12-31,1,,,1,count of analysts,,"filings/capitaliq/Estimates/Revisions/SPGlobal_GrupoBimbo,S.A.B.deC.V._Revisions_20-Sep-2026.xlsx",Revisions,72
2026-09-20,revisions,BMV : BIMBO A,Per Share Level,Book Value per share,Last Three Months,Number of Analysts,FY 2026,FY,2026,,2026-12-31,4,,,4,count of analysts,,"filings/capitaliq/Estimates/Revisions/SPGlobal_GrupoBimbo,S.A.B.deC.V._Revisions_20-Sep-2026.xlsx",Revisions,74
2026-09-20,revisions,BMV : BIMBO A,Per Share Level,Book Value per share,Last Three Months,Number of Analysts,FY 2027,FY,2027,,2027-12-31,4,,,4,count of analysts,,"filings/capitaliq/Estimates/Revisions/SPGlobal_GrupoBimbo,S.A.B.deC.V._Revisions_20-Sep-2026.xlsx",Revisions,74
2026-09-20,revisions,BMV : BIMBO A,Per Share Level,Book Value per share,Last Three Months,Number of Analysts,FY 2028,FY,2028,,2028-12-31,4,,,4,count of analysts,,"filings/capitaliq/Estimates/Revisions/SPGlobal_GrupoBimbo,S.A.B.deC.V._Revisions_20-Sep-2026.xlsx",Revisions,74
2026-09-20,revisions,BMV : BIMBO A,Per Share Level,Book Value per share,Last Three Months,Number of Analysts still in Consensus,FY 2026,FY,2026,,2026-12-31,3,,,3,count of analysts,,"filings/capitaliq/Estimates/Revisions/SPGlobal_GrupoBimbo,S.A.B.deC.V._Revisions_20-Sep-2026.xlsx",Revisions,75
2026-09-20,revisions,BMV : BIMBO A,Per Share Level,Book Value per share,Last Three Months,Number of Analysts still in Consensus,FY 2027,FY,2027,,2027-12-31,4,,,4,count of analysts,,"filings/capitaliq/Estimates/Revisions/SPGlobal_GrupoBimbo,S.A.B.deC.V._Revisions_20-Sep-2026.xlsx",Revisions,75
2026-09-20,revisions,BMV : BIMBO A,Per Share Level,Book Value per share,Last Three Months,Number of Analysts still in Consensus,FY 2028,FY,2028,,2028-12-31,4,,,4,count of analysts,,"filings/capitaliq/Estimates/Revisions/SPGlobal_GrupoBimbo,S.A.B.deC.V._Revisions_20-Sep-2026.xlsx",Revisions,75
2026-09-20,revisions,BMV : BIMBO A,Per Share Level,Book Value per share,Last Three Months,Upward,FY 2026,FY,2026,,2026-12-31,0,,,0,count of analysts,,"filings/capitaliq/Estimates/Revisions/SPGlobal_GrupoBimbo,S.A.B.deC.V._Revisions_20-Sep-2026.xlsx",Revisions,76
2026-09-20,revisions,BMV : BIMBO A,Per Share Level,Book Value per share,Last Three Months,Upward,FY 2027,FY,2027,,2027-12-31,1,,,1,count of analysts,,"filings/capitaliq/Estimates/Revisions/SPGlobal_GrupoBimbo,S.A.B.deC.V._Revisions_20-Sep-2026.xlsx",Revisions,76
2026-09-20,revisions,BMV : BIMBO A,Per Share Level,Book Value per share,Last Three Months,Upward,FY 2028,FY,2028,,2028-12-31,1,,,1,count of analysts,,"filings/capitaliq/Estimates/Revisions/SPGlobal_GrupoBimbo,S.A.B.deC.V._Revisions_20-Sep-2026.xlsx",Revisions,76
2026-09-20,revisions,BMV : BIMBO A,Per Share Level,Book Value per share,Last Three Months,Downward,FY 2026,FY,2026,,2026-12-31,1,,,1,count of analysts,,"filings/capitaliq/Estimates/Revisions/SPGlobal_GrupoBimbo,S.A.B.deC.V._Revisions_20-Sep-2026.xlsx",Revisions,77
2026-09-20,revisions,BMV : BIMBO A,Per Share Level,Book Value per share,Last Three Months,Downward,FY 2027,FY,2027,,2027-12-31,1,,,1,count of analysts,,"filings/capitaliq/Estimates/Revisions/SPGlobal_GrupoBimbo,S.A.B.deC.V._Revisions_20-Sep-2026.xlsx",Revisions,77
2026-09-20,revisions,BMV : BIMBO A,Per Share Level,Book Value per share,Last Three Months,Downward,FY 2028,FY,2028,,2028-12-31,1,,,1,count of analysts,,"filings/capitaliq/Estimates/Revisions/SPGlobal_GrupoBimbo,S.A.B.deC.V._Revisions_20-Sep-2026.xlsx",Revisions,77
2026-09-20,revisions,BMV : BIMBO A,Per Share Level,Cash flow per share,Last Month,Number of Analysts,FY 2026,FY,2026,,2026-12-31,2,,,2,count of analysts,,"filings/capitaliq/Estimates/Revisions/SPGlobal_GrupoBimbo,S.A.B.deC.V._Revisions_20-Sep-2026.xlsx",Revisions,80
2026-09-20,revisions,BMV : BIMBO A,Per Share Level,Cash flow per share,Last Month,Number of Analysts,FY 2027,FY,2027,,2027-12-31,2,,,2,count of analysts,,"filings/capitaliq/Estimates/Revisions/SPGlobal_GrupoBimbo,S.A.B.deC.V._Revisions_20-Sep-2026.xlsx",Revisions,80
2026-09-20,revisions,BMV : BIMBO A,Per Share Level,Cash flow per share,Last Month,Number of Analysts,FY 2028,FY,2028,,2028-12-31,1,,,1,count of analysts,,"filings/capitaliq/Estimates/Revisions/SPGlobal_GrupoBimbo,S.A.B.deC.V._Revisions_20-Sep-2026.xlsx",Revisions,80
2026-09-20,revisions,BMV : BIMBO A,Per Share Level,Cash flow per share,Last Month,Number of Analysts still in Consensus,FY 2026,FY,2026,,2026-12-31,2,,,2,count of analysts,,"filings/capitaliq/Estimates/Revisions/SPGlobal_GrupoBimbo,S.A.B.deC.V._Revisions_20-Sep-2026.xlsx",Revisions,81
2026-09-20,revisions,BMV : BIMBO A,Per Share Level,Cash flow per share,Last Month,Number of Analysts still in Consensus,FY 2027,FY,2027,,2027-12-31,2,,,2,count of analysts,,"filings/capitaliq/Estimates/Revisions/SPGlobal_GrupoBimbo,S.A.B.deC.V._Revisions_20-Sep-2026.xlsx",Revisions,81
2026-09-20,revisions,BMV : BIMBO A,Per Share Level,Cash flow per share,Last Month,Number of Analysts still in Consensus,FY 2028,FY,2028,,2028-12-31,1,,,1,count of analysts,,"filings/capitaliq/Estimates/Revisions/SPGlobal_GrupoBimbo,S.A.B.deC.V._Revisions_20-Sep-2026.xlsx",Revisions,81
2026-09-20,revisions,BMV : BIMBO A,Per Share Level,Cash flow per share,Last Month,Upward,FY 2026,FY,2026,,2026-12-31,1,,,1,count of analysts,,"filings/capitaliq/Estimates/Revisions/SPGlobal_GrupoBimbo,S.A.B.deC.V._Revisions_20-Sep-2026.xlsx",Revisions,82
2026-09-20,revisions,BMV : BIMBO A,Per Share Level,Cash flow per share,Last Month,Upward,FY 2027,FY,2027,,2027-12-31,0,,,0,count of analysts,,"filings/capitaliq/Estimates/Revisions/SPGlobal_GrupoBimbo,S.A.B.deC.V._Revisions_20-Sep-2026.xlsx",Revisions,82
2026-09-20,revisions,BMV : BIMBO A,Per Share Level,Cash flow per share,Last Month,Upward,FY 2028,FY,2028,,2028-12-31,0,,,0,count of analysts,,"filings/capitaliq/Estimates/Revisions/SPGlobal_GrupoBimbo,S.A.B.deC.V._Revisions_20-Sep-2026.xlsx",Revisions,82
2026-09-20,revisions,BMV : BIMBO A,Per Share Level,Cash flow per share,Last Month,Downward,FY 2026,FY,2026,,2026-12-31,0,,,0,count of analysts,,"filings/capitaliq/Estimates/Revisions/SPGlobal_GrupoBimbo,S.A.B.deC.V._Revisions_20-Sep-2026.xlsx",Revisions,83
2026-09-20,revisions,BMV : BIMBO A,Per Share Level,Cash flow per share,Last Month,Downward,FY 2027,FY,2027,,2027-12-31,1,,,1,count of analysts,,"filings/capitaliq/Estimates/Revisions/SPGlobal_GrupoBimbo,S.A.B.deC.V._Revisions_20-Sep-2026.xlsx",Revisions,83
2026-09-20,revisions,BMV : BIMBO A,Per Share Level,Cash flow per share,Last Month,Downward,FY 2028,FY,2028,,2028-12-31,0,,,0,count of analysts,,"filings/capitaliq/Estimates/Revisions/SPGlobal_GrupoBimbo,S.A.B.deC.V._Revisions_20-Sep-2026.xlsx",Revisions,83
2026-09-20,revisions,BMV : BIMBO A,Per Share Level,Cash flow per share,Last Two Months,Number of Analysts,FY 2026,FY,2026,,2026-12-31,2,,,2,count of analysts,,"filings/capitaliq/Estimates/Revisions/SPGlobal_GrupoBimbo,S.A.B.deC.V._Revisions_20-Sep-2026.xlsx",Revisions,85
2026-09-20,revisions,BMV : BIMBO A,Per Share Level,Cash flow per share,Last Two Months,Number of Analysts,FY 2027,FY,2027,,2027-12-31,2,,,2,count of analysts,,"filings/capitaliq/Estimates/Revisions/SPGlobal_GrupoBimbo,S.A.B.deC.V._Revisions_20-Sep-2026.xlsx",Revisions,85
2026-09-20,revisions,BMV : BIMBO A,Per Share Level,Cash flow per share,Last Two Months,Number of Analysts,FY 2028,FY,2028,,2028-12-31,1,,,1,count of analysts,,"filings/capitaliq/Estimates/Revisions/SPGlobal_GrupoBimbo,S.A.B.deC.V._Revisions_20-Sep-2026.xlsx",Revisions,85
2026-09-20,revisions,BMV : BIMBO A,Per Share Level,Cash flow per share,Last Two Months,Number of Analysts still in Consensus,FY 2026,FY,2026,,2026-12-31,2,,,2,count of analysts,,"filings/capitaliq/Estimates/Revisions/SPGlobal_GrupoBimbo,S.A.B.deC.V._Revisions_20-Sep-2026.xlsx",Revisions,86
2026-09-20,revisions,BMV : BIMBO A,Per Share Level,Cash flow per share,Last Two Months,Number of Analysts still in Consensus,FY 2027,FY,2027,,2027-12-31,2,,,2,count of analysts,,"filings/capitaliq/Estimates/Revisions/SPGlobal_GrupoBimbo,S.A.B.deC.V._Revisions_20-Sep-2026.xlsx",Revisions,86
2026-09-20,revisions,BMV : BIMBO A,Per Share Level,Cash flow per share,Last Two Months,Number of Analysts still in Consensus,FY 2028,FY,2028,,2028-12-31,1,,,1,count of analysts,,"filings/capitaliq/Estimates/Revisions/SPGlobal_GrupoBimbo,S.A.B.deC.V._Revisions_20-Sep-2026.xlsx",Revisions,86
2026-09-20,revisions,BMV : BIMBO A,Per Share Level,Cash flow per share,Last Two Months,Upward,FY 2026,FY,2026,,2026-12-31,1,,,1,count of analysts,,"filings/capitaliq/Estimates/Revisions/SPGlobal_GrupoBimbo,S.A.B.deC.V._Revisions_20-Sep-2026.xlsx",Revisions,87
2026-09-20,revisions,BMV : BIMBO A,Per Share Level,Cash flow per share,Last Two Months,Upward,FY 2027,FY,2027,,2027-12-31,0,,,0,count of analysts,,"filings/capitaliq/Estimates/Revisions/SPGlobal_GrupoBimbo,S.A.B.deC.V._Revisions_20-Sep-2026.xlsx",Revisions,87
2026-09-20,revisions,BMV : BIMBO A,Per Share Level,Cash flow per share,Last Two Months,Upward,FY 2028,FY,2028,,2028-12-31,0,,,0,count of analysts,,"filings/capitaliq/Estimates/Revisions/SPGlobal_GrupoBimbo,S.A.B.deC.V._Revisions_20-Sep-2026.xlsx",Revisions,87
2026-09-20,revisions,BMV : BIMBO A,Per Share Level,Cash flow per share,Last Two Months,Downward,FY 2026,FY,2026,,2026-12-31,0,,,0,count of analysts,,"filings/capitaliq/Estimates/Revisions/SPGlobal_GrupoBimbo,S.A.B.deC.V._Revisions_20-Sep-2026.xlsx",Revisions,88
2026-09-20,revisions,BMV : BIMBO A,Per Share Level,Cash flow per share,Last Two Months,Downward,FY 2027,FY,2027,,2027-12-31,1,,,1,count of analysts,,"filings/capitaliq/Estimates/Revisions/SPGlobal_GrupoBimbo,S.A.B.deC.V._Revisions_20-Sep-2026.xlsx",Revisions,88
2026-09-20,revisions,BMV : BIMBO A,Per Share Level,Cash flow per share,Last Two Months,Downward,FY 2028,FY,2028,,2028-12-31,0,,,0,count of analysts,,"filings/capitaliq/Estimates/Revisions/SPGlobal_GrupoBimbo,S.A.B.deC.V._Revisions_20-Sep-2026.xlsx",Revisions,88
2026-09-20,revisions,BMV : BIMBO A,Per Share Level,Cash flow per share,Last Three Months,Number of Analysts,FY 2026,FY,2026,,2026-12-31,2,,,2,count of analysts,,"filings/capitaliq/Estimates/Revisions/SPGlobal_GrupoBimbo,S.A.B.deC.V._Revisions_20-Sep-2026.xlsx",Revisions,90
2026-09-20,revisions,BMV : BIMBO A,Per Share Level,Cash flow per share,Last Three Months,Number of Analysts,FY 2027,FY,2027,,2027-12-31,2,,,2,count of analysts,,"filings/capitaliq/Estimates/Revisions/SPGlobal_GrupoBimbo,S.A.B.deC.V._Revisions_20-Sep-2026.xlsx",Revisions,90
2026-09-20,revisions,BMV : BIMBO A,Per Share Level,Cash flow per share,Last Three Months,Number of Analysts,FY 2028,FY,2028,,2028-12-31,1,,,1,count of analysts,,"filings/capitaliq/Estimates/Revisions/SPGlobal_GrupoBimbo,S.A.B.deC.V._Revisions_20-Sep-2026.xlsx",Revisions,90
2026-09-20,revisions,BMV : BIMBO A,Per Share Level,Cash flow per share,Last Three Months,Number of Analysts still in Consensus,FY 2026,FY,2026,,2026-12-31,2,,,2,count of analysts,,"filings/capitaliq/Estimates/Revisions/SPGlobal_GrupoBimbo,S.A.B.deC.V._Revisions_20-Sep-2026.xlsx",Revisions,91
2026-09-20,revisions,BMV : BIMBO A,Per Share Level,Cash flow per share,Last Three Months,Number of Analysts still in Consensus,FY 2027,FY,2027,,2027-12-31,2,,,2,count of analysts,,"filings/capitaliq/Estimates/Revisions/SPGlobal_GrupoBimbo,S.A.B.deC.V._Revisions_20-Sep-2026.xlsx",Revisions,91
2026-09-20,revisions,BMV : BIMBO A,Per Share Level,Cash flow per share,Last Three Months,Number of Analysts still in Consensus,FY 2028,FY,2028,,2028-12-31,1,,,1,count of analysts,,"filings/capitaliq/Estimates/Revisions/SPGlobal_GrupoBimbo,S.A.B.deC.V._Revisions_20-Sep-2026.xlsx",Revisions,91
2026-09-20,revisions,BMV : BIMBO A,Per Share Level,Cash flow per share,Last Three Months,Upward,FY 2026,FY,2026,,2026-12-31,1,,,1,count of analysts,,"filings/capitaliq/Estimates/Revisions/SPGlobal_GrupoBimbo,S.A.B.deC.V._Revisions_20-Sep-2026.xlsx",Revisions,92
2026-09-20,revisions,BMV : BIMBO A,Per Share Level,Cash flow per share,Last Three Months,Upward,FY 2027,FY,2027,,2027-12-31,0,,,0,count of analysts,,"filings/capitaliq/Estimates/Revisions/SPGlobal_GrupoBimbo,S.A.B.deC.V._Revisions_20-Sep-2026.xlsx",Revisions,92
2026-09-20,revisions,BMV : BIMBO A,Per Share Level,Cash flow per share,Last Three Months,Upward,FY 2028,FY,2028,,2028-12-31,0,,,0,count of analysts,,"filings/capitaliq/Estimates/Revisions/SPGlobal_GrupoBimbo,S.A.B.deC.V._Revisions_20-Sep-2026.xlsx",Revisions,92
2026-09-20,revisions,BMV : BIMBO A,Per Share Level,Cash flow per share,Last Three Months,Downward,FY 2026,FY,2026,,2026-12-31,0,,,0,count of analysts,,"filings/capitaliq/Estimates/Revisions/SPGlobal_GrupoBimbo,S.A.B.deC.V._Revisions_20-Sep-2026.xlsx",Revisions,93
2026-09-20,revisions,BMV : BIMBO A,Per Share Level,Cash flow per share,Last Three Months,Downward,FY 2027,FY,2027,,2027-12-31,1,,,1,count of analysts,,"filings/capitaliq/Estimates/Revisions/SPGlobal_GrupoBimbo,S.A.B.deC.V._Revisions_20-Sep-2026.xlsx",Revisions,93
2026-09-20,revisions,BMV : BIMBO A,Per Share Level,Cash flow per share,Last Three Months,Downward,FY 2028,FY,2028,,2028-12-31,0,,,0,count of analysts,,"filings/capitaliq/Estimates/Revisions/SPGlobal_GrupoBimbo,S.A.B.deC.V._Revisions_20-Sep-2026.xlsx",Revisions,93
2026-09-20,revisions,BMV : BIMBO A,Per Share Level,Avg. Diluted Shares Outstanding,Last Month,Number of Analysts,FQ3 2026,FQ,2026,3,2026-09-30,1,,,1,count of analysts,,"filings/capitaliq/Estimates/Revisions/SPGlobal_GrupoBimbo,S.A.B.deC.V._Revisions_20-Sep-2026.xlsx",Revisions,96
2026-09-20,revisions,BMV : BIMBO A,Per Share Level,Avg. Diluted Shares Outstanding,Last Month,Number of Analysts,FQ4 2026,FQ,2026,4,2026-12-31,1,,,1,count of analysts,,"filings/capitaliq/Estimates/Revisions/SPGlobal_GrupoBimbo,S.A.B.deC.V._Revisions_20-Sep-2026.xlsx",Revisions,96
2026-09-20,revisions,BMV : BIMBO A,Per Share Level,Avg. Diluted Shares Outstanding,Last Month,Number of Analysts,FY 2026,FY,2026,,2026-12-31,1,,,1,count of analysts,,"filings/capitaliq/Estimates/Revisions/SPGlobal_GrupoBimbo,S.A.B.deC.V._Revisions_20-Sep-2026.xlsx",Revisions,96
2026-09-20,revisions,BMV : BIMBO A,Per Share Level,Avg. Diluted Shares Outstanding,Last Month,Number of Analysts,FY 2027,FY,2027,,2027-12-31,1,,,1,count of analysts,,"filings/capitaliq/Estimates/Revisions/SPGlobal_GrupoBimbo,S.A.B.deC.V._Revisions_20-Sep-2026.xlsx",Revisions,96
2026-09-20,revisions,BMV : BIMBO A,Per Share Level,Avg. Diluted Shares Outstanding,Last Month,Number of Analysts,FY 2028,FY,2028,,2028-12-31,1,,,1,count of analysts,,"filings/capitaliq/Estimates/Revisions/SPGlobal_GrupoBimbo,S.A.B.deC.V._Revisions_20-Sep-2026.xlsx",Revisions,96
2026-09-20,revisions,BMV : BIMBO A,Per Share Level,Avg. Diluted Shares Outstanding,Last Month,Number of Analysts still in Consensus,FQ3 2026,FQ,2026,3,2026-09-30,1,,,1,count of analysts,,"filings/capitaliq/Estimates/Revisions/SPGlobal_GrupoBimbo,S.A.B.deC.V._Revisions_20-Sep-2026.xlsx",Revisions,97
2026-09-20,revisions,BMV : BIMBO A,Per Share Level,Avg. Diluted Shares Outstanding,Last Month,Number of Analysts still in Consensus,FQ4 2026,FQ,2026,4,2026-12-31,1,,,1,count of analysts,,"filings/capitaliq/Estimates/Revisions/SPGlobal_GrupoBimbo,S.A.B.deC.V._Revisions_20-Sep-2026.xlsx",Revisions,97
2026-09-20,revisions,BMV : BIMBO A,Per Share Level,Avg. Diluted Shares Outstanding,Last Month,Number of Analysts still in Consensus,FY 2026,FY,2026,,2026-12-31,1,,,1,count of analysts,,"filings/capitaliq/Estimates/Revisions/SPGlobal_GrupoBimbo,S.A.B.deC.V._Revisions_20-Sep-2026.xlsx",Revisions,97
2026-09-20,revisions,BMV : BIMBO A,Per Share Level,Avg. Diluted Shares Outstanding,Last Month,Number of Analysts still in Consensus,FY 2027,FY,2027,,2027-12-31,1,,,1,count of analysts,,"filings/capitaliq/Estimates/Revisions/SPGlobal_GrupoBimbo,S.A.B.deC.V._Revisions_20-Sep-2026.xlsx",Revisions,97
2026-09-20,revisions,BMV : BIMBO A,Per Share Level,Avg. Diluted Shares Outstanding,Last Month,Number of Analysts still in Consensus,FY 2028,FY,2028,,2028-12-31,1,,,1,count of analysts,,"filings/capitaliq/Estimates/Revisions/SPGlobal_GrupoBimbo,S.A.B.deC.V._Revisions_20-Sep-2026.xlsx",Revisions,97
2026-09-20,revisions,BMV : BIMBO A,Per Share Level,Avg. Diluted Shares Outstanding,Last Month,Upward,FQ3 2026,FQ,2026,3,2026-09-30,0,,,0,count of analysts,,"filings/capitaliq/Estimates/Revisions/SPGlobal_GrupoBimbo,S.A.B.deC.V._Revisions_20-Sep-2026.xlsx",Revisions,98
2026-09-20,revisions,BMV : BIMBO A,Per Share Level,Avg. Diluted Shares Outstanding,Last Month,Upward,FQ4 2026,FQ,2026,4,2026-12-31,0,,,0,count of analysts,,"filings/capitaliq/Estimates/Revisions/SPGlobal_GrupoBimbo,S.A.B.deC.V._Revisions_20-Sep-2026.xlsx",Revisions,98
2026-09-20,revisions,BMV : BIMBO A,Per Share Level,Avg. Diluted Shares Outstanding,Last Month,Upward,FY 2026,FY,2026,,2026-12-31,0,,,0,count of analysts,,"filings/capitaliq/Estimates/Revisions/SPGlobal_GrupoBimbo,S.A.B.deC.V._Revisions_20-Sep-2026.xlsx",Revisions,98
2026-09-20,revisions,BMV : BIMBO A,Per Share Level,Avg. Diluted Shares Outstanding,Last Month,Upward,FY 2027,FY,2027,,2027-12-31,0,,,0,count of analysts,,"filings/capitaliq/Estimates/Revisions/SPGlobal_GrupoBimbo,S.A.B.deC.V._Revisions_20-Sep-2026.xlsx",Revisions,98
2026-09-20,revisions,BMV : BIMBO A,Per Share Level,Avg. Diluted Shares Outstanding,Last Month,Upward,FY 2028,FY,2028,,2028-12-31,0,,,0,count of analysts,,"filings/capitaliq/Estimates/Revisions/SPGlobal_GrupoBimbo,S.A.B.deC.V._Revisions_20-Sep-2026.xlsx",Revisions,98
2026-09-20,revisions,BMV : BIMBO A,Per Share Level,Avg. Diluted Shares Outstanding,Last Month,Downward,FQ3 2026,FQ,2026,3,2026-09-30,0,,,0,count of analysts,,"filings/capitaliq/Estimates/Revisions/SPGlobal_GrupoBimbo,S.A.B.deC.V._Revisions_20-Sep-2026.xlsx",Revisions,99
2026-09-20,revisions,BMV : BIMBO A,Per Share Level,Avg. Diluted Shares Outstanding,Last Month,Downward,FQ4 2026,FQ,2026,4,2026-12-31,0,,,0,count of analysts,,"filings/capitaliq/Estimates/Revisions/SPGlobal_GrupoBimbo,S.A.B.deC.V._Revisions_20-Sep-2026.xlsx",Revisions,99
2026-09-20,revisions,BMV : BIMBO A,Per Share Level,Avg. Diluted Shares Outstanding,Last Month,Downward,FY 2026,FY,2026,,2026-12-31,0,,,0,count of analysts,,"filings/capitaliq/Estimates/Revisions/SPGlobal_GrupoBimbo,S.A.B.deC.V._Revisions_20-Sep-2026.xlsx",Revisions,99
2026-09-20,revisions,BMV : BIMBO A,Per Share Level,Avg. Diluted Shares Outstanding,Last Month,Downward,FY 2027,FY,2027,,2027-12-31,0,,,0,count of analysts,,"filings/capitaliq/Estimates/Revisions/SPGlobal_GrupoBimbo,S.A.B.deC.V._Revisions_20-Sep-2026.xlsx",Revisions,99
2026-09-20,revisions,BMV : BIMBO A,Per Share Level,Avg. Diluted Shares Outstanding,Last Month,Downward,FY 2028,FY,2028,,2028-12-31,0,,,0,count of analysts,,"filings/capitaliq/Estimates/Revisions/SPGlobal_GrupoBimbo,S.A.B.deC.V._Revisions_20-Sep-2026.xlsx",Revisions,99
2026-09-20,revisions,BMV : BIMBO A,Per Share Level,Avg. Diluted Shares Outstanding,Last Two Months,Number of Analysts,FQ3 2026,FQ,2026,3,2026-09-30,1,,,1,count of analysts,,"filings/capitaliq/Estimates/Revisions/SPGlobal_GrupoBimbo,S.A.B.deC.V._Revisions_20-Sep-2026.xlsx",Revisions,101
2026-09-20,revisions,BMV : BIMBO A,Per Share Level,Avg. Diluted Shares Outstanding,Last Two Months,Number of Analysts,FQ4 2026,FQ,2026,4,2026-12-31,1,,,1,count of analysts,,"filings/capitaliq/Estimates/Revisions/SPGlobal_GrupoBimbo,S.A.B.deC.V._Revisions_20-Sep-2026.xlsx",Revisions,101
2026-09-20,revisions,BMV : BIMBO A,Per Share Level,Avg. Diluted Shares Outstanding,Last Two Months,Number of Analysts,FY 2026,FY,2026,,2026-12-31,1,,,1,count of analysts,,"filings/capitaliq/Estimates/Revisions/SPGlobal_GrupoBimbo,S.A.B.deC.V._Revisions_20-Sep-2026.xlsx",Revisions,101
2026-09-20,revisions,BMV : BIMBO A,Per Share Level,Avg. Diluted Shares Outstanding,Last Two Months,Number of Analysts,FY 2027,FY,2027,,2027-12-31,1,,,1,count of analysts,,"filings/capitaliq/Estimates/Revisions/SPGlobal_GrupoBimbo,S.A.B.deC.V._Revisions_20-Sep-2026.xlsx",Revisions,101
2026-09-20,revisions,BMV : BIMBO A,Per Share Level,Avg. Diluted Shares Outstanding,Last Two Months,Number of Analysts,FY 2028,FY,2028,,2028-12-31,1,,,1,count of analysts,,"filings/capitaliq/Estimates/Revisions/SPGlobal_GrupoBimbo,S.A.B.deC.V._Revisions_20-Sep-2026.xlsx",Revisions,101
2026-09-20,revisions,BMV : BIMBO A,Per Share Level,Avg. Diluted Shares Outstanding,Last Two Months,Number of Analysts still in Consensus,FQ3 2026,FQ,2026,3,2026-09-30,1,,,1,count of analysts,,"filings/capitaliq/Estimates/Revisions/SPGlobal_GrupoBimbo,S.A.B.deC.V._Revisions_20-Sep-2026.xlsx",Revisions,102
2026-09-20,revisions,BMV : BIMBO A,Per Share Level,Avg. Diluted Shares Outstanding,Last Two Months,Number of Analysts still in Consensus,FQ4 2026,FQ,2026,4,2026-12-31,1,,,1,count of analysts,,"filings/capitaliq/Estimates/Revisions/SPGlobal_GrupoBimbo,S.A.B.deC.V._Revisions_20-Sep-2026.xlsx",Revisions,102
2026-09-20,revisions,BMV : BIMBO A,Per Share Level,Avg. Diluted Shares Outstanding,Last Two Months,Number of Analysts still in Consensus,FY 2026,FY,2026,,2026-12-31,1,,,1,count of analysts,,"filings/capitaliq/Estimates/Revisions/SPGlobal_GrupoBimbo,S.A.B.deC.V._Revisions_20-Sep-2026.xlsx",Revisions,102
2026-09-20,revisions,BMV : BIMBO A,Per Share Level,Avg. Diluted Shares Outstanding,Last Two Months,Number of Analysts still in Consensus,FY 2027,FY,2027,,2027-12-31,1,,,1,count of analysts,,"filings/capitaliq/Estimates/Revisions/SPGlobal_GrupoBimbo,S.A.B.deC.V._Revisions_20-Sep-2026.xlsx",Revisions,102
2026-09-20,revisions,BMV : BIMBO A,Per Share Level,Avg. Diluted Shares Outstanding,Last Two Months,Number of Analysts still in Consensus,FY 2028,FY,2028,,2028-12-31,1,,,1,count of analysts,,"filings/capitaliq/Estimates/Revisions/SPGlobal_GrupoBimbo,S.A.B.deC.V._Revisions_20-Sep-2026.xlsx",Revisions,102
2026-09-20,revisions,BMV : BIMBO A,Per Share Level,Avg. Diluted Shares Outstanding,Last Two Months,Upward,FQ3 2026,FQ,2026,3,2026-09-30,0,,,0,count of analysts,,"filings/capitaliq/Estimates/Revisions/SPGlobal_GrupoBimbo,S.A.B.deC.V._Revisions_20-Sep-2026.xlsx",Revisions,103
2026-09-20,revisions,BMV : BIMBO A,Per Share Level,Avg. Diluted Shares Outstanding,Last Two Months,Upward,FQ4 2026,FQ,2026,4,2026-12-31,0,,,0,count of analysts,,"filings/capitaliq/Estimates/Revisions/SPGlobal_GrupoBimbo,S.A.B.deC.V._Revisions_20-Sep-2026.xlsx",Revisions,103
2026-09-20,revisions,BMV : BIMBO A,Per Share Level,Avg. Diluted Shares Outstanding,Last Two Months,Upward,FY 2026,FY,2026,,2026-12-31,0,,,0,count of analysts,,"filings/capitaliq/Estimates/Revisions/SPGlobal_GrupoBimbo,S.A.B.deC.V._Revisions_20-Sep-2026.xlsx",Revisions,103
2026-09-20,revisions,BMV : BIMBO A,Per Share Level,Avg. Diluted Shares Outstanding,Last Two Months,Upward,FY 2027,FY,2027,,2027-12-31,0,,,0,count of analysts,,"filings/capitaliq/Estimates/Revisions/SPGlobal_GrupoBimbo,S.A.B.deC.V._Revisions_20-Sep-2026.xlsx",Revisions,103
2026-09-20,revisions,BMV : BIMBO A,Per Share Level,Avg. Diluted Shares Outstanding,Last Two Months,Upward,FY 2028,FY,2028,,2028-12-31,0,,,0,count of analysts,,"filings/capitaliq/Estimates/Revisions/SPGlobal_GrupoBimbo,S.A.B.deC.V._Revisions_20-Sep-2026.xlsx",Revisions,103
2026-09-20,revisions,BMV : BIMBO A,Per Share Level,Avg. Diluted Shares Outstanding,Last Two Months,Downward,FQ3 2026,FQ,2026,3,2026-09-30,1,,,1,count of analysts,,"filings/capitaliq/Estimates/Revisions/SPGlobal_GrupoBimbo,S.A.B.deC.V._Revisions_20-Sep-2026.xlsx",Revisions,104
2026-09-20,revisions,BMV : BIMBO A,Per Share Level,Avg. Diluted Shares Outstanding,Last Two Months,Downward,FQ4 2026,FQ,2026,4,2026-12-31,1,,,1,count of analysts,,"filings/capitaliq/Estimates/Revisions/SPGlobal_GrupoBimbo,S.A.B.deC.V._Revisions_20-Sep-2026.xlsx",Revisions,104
2026-09-20,revisions,BMV : BIMBO A,Per Share Level,Avg. Diluted Shares Outstanding,Last Two Months,Downward,FY 2026,FY,2026,,2026-12-31,1,,,1,count of analysts,,"filings/capitaliq/Estimates/Revisions/SPGlobal_GrupoBimbo,S.A.B.deC.V._Revisions_20-Sep-2026.xlsx",Revisions,104
2026-09-20,revisions,BMV : BIMBO A,Per Share Level,Avg. Diluted Shares Outstanding,Last Two Months,Downward,FY 2027,FY,2027,,2027-12-31,1,,,1,count of analysts,,"filings/capitaliq/Estimates/Revisions/SPGlobal_GrupoBimbo,S.A.B.deC.V._Revisions_20-Sep-2026.xlsx",Revisions,104
2026-09-20,revisions,BMV : BIMBO A,Per Share Level,Avg. Diluted Shares Outstanding,Last Two Months,Downward,FY 2028,FY,2028,,2028-12-31,1,,,1,count of analysts,,"filings/capitaliq/Estimates/Revisions/SPGlobal_GrupoBimbo,S.A.B.deC.V._Revisions_20-Sep-2026.xlsx",Revisions,104
2026-09-20,revisions,Company,COMPANY LEVEL,Revenue,Last Month,Number of Analysts,FQ3 2026,FQ,2026,3,2026-09-30,2,,,2,count of analysts,,"filings/capitaliq/Estimates/Revisions/SPGlobal_GrupoBimbo,S.A.B.deC.V._Revisions_20-Sep-2026.xlsx",Revisions,115
2026-09-20,revisions,Company,COMPANY LEVEL,Revenue,Last Month,Number of Analysts,FQ4 2026,FQ,2026,4,2026-12-31,2,,,2,count of analysts,,"filings/capitaliq/Estimates/Revisions/SPGlobal_GrupoBimbo,S.A.B.deC.V._Revisions_20-Sep-2026.xlsx",Revisions,115
2026-09-20,revisions,Company,COMPANY LEVEL,Revenue,Last Month,Number of Analysts,FY 2026,FY,2026,,2026-12-31,11,,,11,count of analysts,,"filings/capitaliq/Estimates/Revisions/SPGlobal_GrupoBimbo,S.A.B.deC.V._Revisions_20-Sep-2026.xlsx",Revisions,115
2026-09-20,revisions,Company,COMPANY LEVEL,Revenue,Last Month,Number of Analysts,FY 2027,FY,2027,,2027-12-31,9,,,9,count of analysts,,"filings/capitaliq/Estimates/Revisions/SPGlobal_GrupoBimbo,S.A.B.deC.V._Revisions_20-Sep-2026.xlsx",Revisions,115
2026-09-20,revisions,Company,COMPANY LEVEL,Revenue,Last Month,Number of Analysts,FY 2028,FY,2028,,2028-12-31,8,,,8,count of analysts,,"filings/capitaliq/Estimates/Revisions/SPGlobal_GrupoBimbo,S.A.B.deC.V._Revisions_20-Sep-2026.xlsx",Revisions,115
2026-09-20,revisions,Company,COMPANY LEVEL,Revenue,Last Month,Number of Analysts,FY 2029,FY,2029,,2029-12-31,2,,,2,count of analysts,,"filings/capitaliq/Estimates/Revisions/SPGlobal_GrupoBimbo,S.A.B.deC.V._Revisions_20-Sep-2026.xlsx",Revisions,115
2026-09-20,revisions,Company,COMPANY LEVEL,Revenue,Last Month,Number of Analysts,FY 2030,FY,2030,,2030-12-31,2,,,2,count of analysts,,"filings/capitaliq/Estimates/Revisions/SPGlobal_GrupoBimbo,S.A.B.deC.V._Revisions_20-Sep-2026.xlsx",Revisions,115
2026-09-20,revisions,Company,COMPANY LEVEL,Revenue,Last Month,Number of Analysts,FY 2031,FY,2031,,2031-12-31,1,,,1,count of analysts,,"filings/capitaliq/Estimates/Revisions/SPGlobal_GrupoBimbo,S.A.B.deC.V._Revisions_20-Sep-2026.xlsx",Revisions,115
2026-09-20,revisions,Company,COMPANY LEVEL,Revenue,Last Month,Number of Analysts still in Consensus,FQ3 2026,FQ,2026,3,2026-09-30,2,,,2,count of analysts,,"filings/capitaliq/Estimates/Revisions/SPGlobal_GrupoBimbo,S.A.B.deC.V._Revisions_20-Sep-2026.xlsx",Revisions,116
2026-09-20,revisions,Company,COMPANY LEVEL,Revenue,Last Month,Number of Analysts still in Consensus,FQ4 2026,FQ,2026,4,2026-12-31,2,,,2,count of analysts,,"filings/capitaliq/Estimates/Revisions/SPGlobal_GrupoBimbo,S.A.B.deC.V._Revisions_20-Sep-2026.xlsx",Revisions,116
2026-09-20,revisions,Company,COMPANY LEVEL,Revenue,Last Month,Number of Analysts still in Consensus,FY 2026,FY,2026,,2026-12-31,11,,,11,count of analysts,,"filings/capitaliq/Estimates/Revisions/SPGlobal_GrupoBimbo,S.A.B.deC.V._Revisions_20-Sep-2026.xlsx",Revisions,116
2026-09-20,revisions,Company,COMPANY LEVEL,Revenue,Last Month,Number of Analysts still in Consensus,FY 2027,FY,2027,,2027-12-31,9,,,9,count of analysts,,"filings/capitaliq/Estimates/Revisions/SPGlobal_GrupoBimbo,S.A.B.deC.V._Revisions_20-Sep-2026.xlsx",Revisions,116
2026-09-20,revisions,Company,COMPANY LEVEL,Revenue,Last Month,Number of Analysts still in Consensus,FY 2028,FY,2028,,2028-12-31,8,,,8,count of analysts,,"filings/capitaliq/Estimates/Revisions/SPGlobal_GrupoBimbo,S.A.B.deC.V._Revisions_20-Sep-2026.xlsx",Revisions,116
2026-09-20,revisions,Company,COMPANY LEVEL,Revenue,Last Month,Number of Analysts still in Consensus,FY 2029,FY,2029,,2029-12-31,2,,,2,count of analysts,,"filings/capitaliq/Estimates/Revisions/SPGlobal_GrupoBimbo,S.A.B.deC.V._Revisions_20-Sep-2026.xlsx",Revisions,116
2026-09-20,revisions,Company,COMPANY LEVEL,Revenue,Last Month,Number of Analysts still in Consensus,FY 2030,FY,2030,,2030-12-31,2,,,2,count of analysts,,"filings/capitaliq/Estimates/Revisions/SPGlobal_GrupoBimbo,S.A.B.deC.V._Revisions_20-Sep-2026.xlsx",Revisions,116
2026-09-20,revisions,Company,COMPANY LEVEL,Revenue,Last Month,Number of Analysts still in Consensus,FY 2031,FY,2031,,2031-12-31,1,,,1,count of analysts,,"filings/capitaliq/Estimates/Revisions/SPGlobal_GrupoBimbo,S.A.B.deC.V._Revisions_20-Sep-2026.xlsx",Revisions,116
2026-09-20,revisions,Company,COMPANY LEVEL,Revenue,Last Month,Upward,FQ3 2026,FQ,2026,3,2026-09-30,0,,,0,count of analysts,,"filings/capitaliq/Estimates/Revisions/SPGlobal_GrupoBimbo,S.A.B.deC.V._Revisions_20-Sep-2026.xlsx",Revisions,117
2026-09-20,revisions,Company,COMPANY LEVEL,Revenue,Last Month,Upward,FQ4 2026,FQ,2026,4,2026-12-31,0,,,0,count of analysts,,"filings/capitaliq/Estimates/Revisions/SPGlobal_GrupoBimbo,S.A.B.deC.V._Revisions_20-Sep-2026.xlsx",Revisions,117
2026-09-20,revisions,Company,COMPANY LEVEL,Revenue,Last Month,Upward,FY 2026,FY,2026,,2026-12-31,0,,,0,count of analysts,,"filings/capitaliq/Estimates/Revisions/SPGlobal_GrupoBimbo,S.A.B.deC.V._Revisions_20-Sep-2026.xlsx",Revisions,117
2026-09-20,revisions,Company,COMPANY LEVEL,Revenue,Last Month,Upward,FY 2027,FY,2027,,2027-12-31,0,,,0,count of analysts,,"filings/capitaliq/Estimates/Revisions/SPGlobal_GrupoBimbo,S.A.B.deC.V._Revisions_20-Sep-2026.xlsx",Revisions,117
2026-09-20,revisions,Company,COMPANY LEVEL,Revenue,Last Month,Upward,FY 2028,FY,2028,,2028-12-31,0,,,0,count of analysts,,"filings/capitaliq/Estimates/Revisions/SPGlobal_GrupoBimbo,S.A.B.deC.V._Revisions_20-Sep-2026.xlsx",Revisions,117
2026-09-20,revisions,Company,COMPANY LEVEL,Revenue,Last Month,Upward,FY 2029,FY,2029,,2029-12-31,0,,,0,count of analysts,,"filings/capitaliq/Estimates/Revisions/SPGlobal_GrupoBimbo,S.A.B.deC.V._Revisions_20-Sep-2026.xlsx",Revisions,117
2026-09-20,revisions,Company,COMPANY LEVEL,Revenue,Last Month,Upward,FY 2030,FY,2030,,2030-12-31,0,,,0,count of analysts,,"filings/capitaliq/Estimates/Revisions/SPGlobal_GrupoBimbo,S.A.B.deC.V._Revisions_20-Sep-2026.xlsx",Revisions,117
2026-09-20,revisions,Company,COMPANY LEVEL,Revenue,Last Month,Upward,FY 2031,FY,2031,,2031-12-31,0,,,0,count of analysts,,"filings/capitaliq/Estimates/Revisions/SPGlobal_GrupoBimbo,S.A.B.deC.V._Revisions_20-Sep-2026.xlsx",Revisions,117
2026-09-20,revisions,Company,COMPANY LEVEL,Revenue,Last Month,Downward,FQ3 2026,FQ,2026,3,2026-09-30,1,,,1,count of analysts,,"filings/capitaliq/Estimates/Revisions/SPGlobal_GrupoBimbo,S.A.B.deC.V._Revisions_20-Sep-2026.xlsx",Revisions,118
2026-09-20,revisions,Company,COMPANY LEVEL,Revenue,Last Month,Downward,FQ4 2026,FQ,2026,4,2026-12-31,1,,,1,count of analysts,,"filings/capitaliq/Estimates/Revisions/SPGlobal_GrupoBimbo,S.A.B.deC.V._Revisions_20-Sep-2026.xlsx",Revisions,118
2026-09-20,revisions,Company,COMPANY LEVEL,Revenue,Last Month,Downward,FY 2026,FY,2026,,2026-12-31,2,,,2,count of analysts,,"filings/capitaliq/Estimates/Revisions/SPGlobal_GrupoBimbo,S.A.B.deC.V._Revisions_20-Sep-2026.xlsx",Revisions,118
2026-09-20,revisions,Company,COMPANY LEVEL,Revenue,Last Month,Downward,FY 2027,FY,2027,,2027-12-31,2,,,2,count of analysts,,"filings/capitaliq/Estimates/Revisions/SPGlobal_GrupoBimbo,S.A.B.deC.V._Revisions_20-Sep-2026.xlsx",Revisions,118
2026-09-20,revisions,Company,COMPANY LEVEL,Revenue,Last Month,Downward,FY 2028,FY,2028,,2028-12-31,1,,,1,count of analysts,,"filings/capitaliq/Estimates/Revisions/SPGlobal_GrupoBimbo,S.A.B.deC.V._Revisions_20-Sep-2026.xlsx",Revisions,118
2026-09-20,revisions,Company,COMPANY LEVEL,Revenue,Last Month,Downward,FY 2029,FY,2029,,2029-12-31,0,,,0,count of analysts,,"filings/capitaliq/Estimates/Revisions/SPGlobal_GrupoBimbo,S.A.B.deC.V._Revisions_20-Sep-2026.xlsx",Revisions,118
2026-09-20,revisions,Company,COMPANY LEVEL,Revenue,Last Month,Downward,FY 2030,FY,2030,,2030-12-31,0,,,0,count of analysts,,"filings/capitaliq/Estimates/Revisions/SPGlobal_GrupoBimbo,S.A.B.deC.V._Revisions_20-Sep-2026.xlsx",Revisions,118
2026-09-20,revisions,Company,COMPANY LEVEL,Revenue,Last Month,Downward,FY 2031,FY,2031,,2031-12-31,0,,,0,count of analysts,,"filings/capitaliq/Estimates/Revisions/SPGlobal_GrupoBimbo,S.A.B.deC.V._Revisions_20-Sep-2026.xlsx",Revisions,118
2026-09-20,revisions,Company,COMPANY LEVEL,Revenue,Last Two Months,Number of Analysts,FQ3 2026,FQ,2026,3,2026-09-30,2,,,2,count of analysts,,"filings/capitaliq/Estimates/Revisions/SPGlobal_GrupoBimbo,S.A.B.deC.V._Revisions_20-Sep-2026.xlsx",Revisions,120
2026-09-20,revisions,Company,COMPANY LEVEL,Revenue,Last Two Months,Number of Analysts,FQ4 2026,FQ,2026,4,2026-12-31,2,,,2,count of analysts,,"filings/capitaliq/Estimates/Revisions/SPGlobal_GrupoBimbo,S.A.B.deC.V._Revisions_20-Sep-2026.xlsx",Revisions,120
2026-09-20,revisions,Company,COMPANY LEVEL,Revenue,Last Two Months,Number of Analysts,FY 2026,FY,2026,,2026-12-31,10,,,10,count of analysts,,"filings/capitaliq/Estimates/Revisions/SPGlobal_GrupoBimbo,S.A.B.deC.V._Revisions_20-Sep-2026.xlsx",Revisions,120
2026-09-20,revisions,Company,COMPANY LEVEL,Revenue,Last Two Months,Number of Analysts,FY 2027,FY,2027,,2027-12-31,9,,,9,count of analysts,,"filings/capitaliq/Estimates/Revisions/SPGlobal_GrupoBimbo,S.A.B.deC.V._Revisions_20-Sep-2026.xlsx",Revisions,120
2026-09-20,revisions,Company,COMPANY LEVEL,Revenue,Last Two Months,Number of Analysts,FY 2028,FY,2028,,2028-12-31,8,,,8,count of analysts,,"filings/capitaliq/Estimates/Revisions/SPGlobal_GrupoBimbo,S.A.B.deC.V._Revisions_20-Sep-2026.xlsx",Revisions,120
2026-09-20,revisions,Company,COMPANY LEVEL,Revenue,Last Two Months,Number of Analysts,FY 2029,FY,2029,,2029-12-31,1,,,1,count of analysts,,"filings/capitaliq/Estimates/Revisions/SPGlobal_GrupoBimbo,S.A.B.deC.V._Revisions_20-Sep-2026.xlsx",Revisions,120
2026-09-20,revisions,Company,COMPANY LEVEL,Revenue,Last Two Months,Number of Analysts,FY 2030,FY,2030,,2030-12-31,1,,,1,count of analysts,,"filings/capitaliq/Estimates/Revisions/SPGlobal_GrupoBimbo,S.A.B.deC.V._Revisions_20-Sep-2026.xlsx",Revisions,120
2026-09-20,revisions,Company,COMPANY LEVEL,Revenue,Last Two Months,Number of Analysts still in Consensus,FQ3 2026,FQ,2026,3,2026-09-30,2,,,2,count of analysts,,"filings/capitaliq/Estimates/Revisions/SPGlobal_GrupoBimbo,S.A.B.deC.V._Revisions_20-Sep-2026.xlsx",Revisions,121
2026-09-20,revisions,Company,COMPANY LEVEL,Revenue,Last Two Months,Number of Analysts still in Consensus,FQ4 2026,FQ,2026,4,2026-12-31,2,,,2,count of analysts,,"filings/capitaliq/Estimates/Revisions/SPGlobal_GrupoBimbo,S.A.B.deC.V._Revisions_20-Sep-2026.xlsx",Revisions,121
2026-09-20,revisions,Company,COMPANY LEVEL,Revenue,Last Two Months,Number of Analysts still in Consensus,FY 2026,FY,2026,,2026-12-31,10,,,10,count of analysts,,"filings/capitaliq/Estimates/Revisions/SPGlobal_GrupoBimbo,S.A.B.deC.V._Revisions_20-Sep-2026.xlsx",Revisions,121
2026-09-20,revisions,Company,COMPANY LEVEL,Revenue,Last Two Months,Number of Analysts still in Consensus,FY 2027,FY,2027,,2027-12-31,9,,,9,count of analysts,,"filings/capitaliq/Estimates/Revisions/SPGlobal_GrupoBimbo,S.A.B.deC.V._Revisions_20-Sep-2026.xlsx",Revisions,121
2026-09-20,revisions,Company,COMPANY LEVEL,Revenue,Last Two Months,Number of Analysts still in Consensus,FY 2028,FY,2028,,2028-12-31,8,,,8,count of analysts,,"filings/capitaliq/Estimates/Revisions/SPGlobal_GrupoBimbo,S.A.B.deC.V._Revisions_20-Sep-2026.xlsx",Revisions,121
2026-09-20,revisions,Company,COMPANY LEVEL,Revenue,Last Two Months,Number of Analysts still in Consensus,FY 2029,FY,2029,,2029-12-31,1,,,1,count of analysts,,"filings/capitaliq/Estimates/Revisions/SPGlobal_GrupoBimbo,S.A.B.deC.V._Revisions_20-Sep-2026.xlsx",Revisions,121
2026-09-20,revisions,Company,COMPANY LEVEL,Revenue,Last Two Months,Number of Analysts still in Consensus,FY 2030,FY,2030,,2030-12-31,1,,,1,count of analysts,,"filings/capitaliq/Estimates/Revisions/SPGlobal_GrupoBimbo,S.A.B.deC.V._Revisions_20-Sep-2026.xlsx",Revisions,121
2026-09-20,revisions,Company,COMPANY LEVEL,Revenue,Last Two Months,Upward,FQ3 2026,FQ,2026,3,2026-09-30,1,,,1,count of analysts,,"filings/capitaliq/Estimates/Revisions/SPGlobal_GrupoBimbo,S.A.B.deC.V._Revisions_20-Sep-2026.xlsx",Revisions,122
2026-09-20,revisions,Company,COMPANY LEVEL,Revenue,Last Two Months,Upward,FQ4 2026,FQ,2026,4,2026-12-31,1,,,1,count of analysts,,"filings/capitaliq/Estimates/Revisions/SPGlobal_GrupoBimbo,S.A.B.deC.V._Revisions_20-Sep-2026.xlsx",Revisions,122
2026-09-20,revisions,Company,COMPANY LEVEL,Revenue,Last Two Months,Upward,FY 2026,FY,2026,,2026-12-31,1,,,1,count of analysts,,"filings/capitaliq/Estimates/Revisions/SPGlobal_GrupoBimbo,S.A.B.deC.V._Revisions_20-Sep-2026.xlsx",Revisions,122
2026-09-20,revisions,Company,COMPANY LEVEL,Revenue,Last Two Months,Upward,FY 2027,FY,2027,,2027-12-31,1,,,1,count of analysts,,"filings/capitaliq/Estimates/Revisions/SPGlobal_GrupoBimbo,S.A.B.deC.V._Revisions_20-Sep-2026.xlsx",Revisions,122
2026-09-20,revisions,Company,COMPANY LEVEL,Revenue,Last Two Months,Upward,FY 2028,FY,2028,,2028-12-31,0,,,0,count of analysts,,"filings/capitaliq/Estimates/Revisions/SPGlobal_GrupoBimbo,S.A.B.deC.V._Revisions_20-Sep-2026.xlsx",Revisions,122
2026-09-20,revisions,Company,COMPANY LEVEL,Revenue,Last Two Months,Upward,FY 2029,FY,2029,,2029-12-31,0,,,0,count of analysts,,"filings/capitaliq/Estimates/Revisions/SPGlobal_GrupoBimbo,S.A.B.deC.V._Revisions_20-Sep-2026.xlsx",Revisions,122
2026-09-20,revisions,Company,COMPANY LEVEL,Revenue,Last Two Months,Upward,FY 2030,FY,2030,,2030-12-31,0,,,0,count of analysts,,"filings/capitaliq/Estimates/Revisions/SPGlobal_GrupoBimbo,S.A.B.deC.V._Revisions_20-Sep-2026.xlsx",Revisions,122
2026-09-20,revisions,Company,COMPANY LEVEL,Revenue,Last Two Months,Downward,FQ3 2026,FQ,2026,3,2026-09-30,1,,,1,count of analysts,,"filings/capitaliq/Estimates/Revisions/SPGlobal_GrupoBimbo,S.A.B.deC.V._Revisions_20-Sep-2026.xlsx",Revisions,123
2026-09-20,revisions,Company,COMPANY LEVEL,Revenue,Last Two Months,Downward,FQ4 2026,FQ,2026,4,2026-12-31,1,,,1,count of analysts,,"filings/capitaliq/Estimates/Revisions/SPGlobal_GrupoBimbo,S.A.B.deC.V._Revisions_20-Sep-2026.xlsx",Revisions,123
2026-09-20,revisions,Company,COMPANY LEVEL,Revenue,Last Two Months,Downward,FY 2026,FY,2026,,2026-12-31,4,,,4,count of analysts,,"filings/capitaliq/Estimates/Revisions/SPGlobal_GrupoBimbo,S.A.B.deC.V._Revisions_20-Sep-2026.xlsx",Revisions,123
2026-09-20,revisions,Company,COMPANY LEVEL,Revenue,Last Two Months,Downward,FY 2027,FY,2027,,2027-12-31,3,,,3,count of analysts,,"filings/capitaliq/Estimates/Revisions/SPGlobal_GrupoBimbo,S.A.B.deC.V._Revisions_20-Sep-2026.xlsx",Revisions,123
2026-09-20,revisions,Company,COMPANY LEVEL,Revenue,Last Two Months,Downward,FY 2028,FY,2028,,2028-12-31,3,,,3,count of analysts,,"filings/capitaliq/Estimates/Revisions/SPGlobal_GrupoBimbo,S.A.B.deC.V._Revisions_20-Sep-2026.xlsx",Revisions,123
2026-09-20,revisions,Company,COMPANY LEVEL,Revenue,Last Two Months,Downward,FY 2029,FY,2029,,2029-12-31,0,,,0,count of analysts,,"filings/capitaliq/Estimates/Revisions/SPGlobal_GrupoBimbo,S.A.B.deC.V._Revisions_20-Sep-2026.xlsx",Revisions,123
2026-09-20,revisions,Company,COMPANY LEVEL,Revenue,Last Two Months,Downward,FY 2030,FY,2030,,2030-12-31,0,,,0,count of analysts,,"filings/capitaliq/Estimates/Revisions/SPGlobal_GrupoBimbo,S.A.B.deC.V._Revisions_20-Sep-2026.xlsx",Revisions,123
2026-09-20,revisions,Company,COMPANY LEVEL,Revenue,Last Three Months,Number of Analysts,FQ3 2026,FQ,2026,3,2026-09-30,1,,,1,count of analysts,,"filings/capitaliq/Estimates/Revisions/SPGlobal_GrupoBimbo,S.A.B.deC.V._Revisions_20-Sep-2026.xlsx",Revisions,125
2026-09-20,revisions,Company,COMPANY LEVEL,Revenue,Last Three Months,Number of Analysts,FQ4 2026,FQ,2026,4,2026-12-31,1,,,1,count of analysts,,"filings/capitaliq/Estimates/Revisions/SPGlobal_GrupoBimbo,S.A.B.deC.V._Revisions_20-Sep-2026.xlsx",Revisions,125
2026-09-20,revisions,Company,COMPANY LEVEL,Revenue,Last Three Months,Number of Analysts,FY 2026,FY,2026,,2026-12-31,10,,,10,count of analysts,,"filings/capitaliq/Estimates/Revisions/SPGlobal_GrupoBimbo,S.A.B.deC.V._Revisions_20-Sep-2026.xlsx",Revisions,125
2026-09-20,revisions,Company,COMPANY LEVEL,Revenue,Last Three Months,Number of Analysts,FY 2027,FY,2027,,2027-12-31,10,,,10,count of analysts,,"filings/capitaliq/Estimates/Revisions/SPGlobal_GrupoBimbo,S.A.B.deC.V._Revisions_20-Sep-2026.xlsx",Revisions,125
2026-09-20,revisions,Company,COMPANY LEVEL,Revenue,Last Three Months,Number of Analysts,FY 2028,FY,2028,,2028-12-31,8,,,8,count of analysts,,"filings/capitaliq/Estimates/Revisions/SPGlobal_GrupoBimbo,S.A.B.deC.V._Revisions_20-Sep-2026.xlsx",Revisions,125
2026-09-20,revisions,Company,COMPANY LEVEL,Revenue,Last Three Months,Number of Analysts,FY 2029,FY,2029,,2029-12-31,1,,,1,count of analysts,,"filings/capitaliq/Estimates/Revisions/SPGlobal_GrupoBimbo,S.A.B.deC.V._Revisions_20-Sep-2026.xlsx",Revisions,125
2026-09-20,revisions,Company,COMPANY LEVEL,Revenue,Last Three Months,Number of Analysts,FY 2030,FY,2030,,2030-12-31,1,,,1,count of analysts,,"filings/capitaliq/Estimates/Revisions/SPGlobal_GrupoBimbo,S.A.B.deC.V._Revisions_20-Sep-2026.xlsx",Revisions,125
2026-09-20,revisions,Company,COMPANY LEVEL,Revenue,Last Three Months,Number of Analysts still in Consensus,FQ3 2026,FQ,2026,3,2026-09-30,1,,,1,count of analysts,,"filings/capitaliq/Estimates/Revisions/SPGlobal_GrupoBimbo,S.A.B.deC.V._Revisions_20-Sep-2026.xlsx",Revisions,126
2026-09-20,revisions,Company,COMPANY LEVEL,Revenue,Last Three Months,Number of Analysts still in Consensus,FQ4 2026,FQ,2026,4,2026-12-31,1,,,1,count of analysts,,"filings/capitaliq/Estimates/Revisions/SPGlobal_GrupoBimbo,S.A.B.deC.V._Revisions_20-Sep-2026.xlsx",Revisions,126
2026-09-20,revisions,Company,COMPANY LEVEL,Revenue,Last Three Months,Number of Analysts still in Consensus,FY 2026,FY,2026,,2026-12-31,10,,,10,count of analysts,,"filings/capitaliq/Estimates/Revisions/SPGlobal_GrupoBimbo,S.A.B.deC.V._Revisions_20-Sep-2026.xlsx",Revisions,126
2026-09-20,revisions,Company,COMPANY LEVEL,Revenue,Last Three Months,Number of Analysts still in Consensus,FY 2027,FY,2027,,2027-12-31,9,,,9,count of analysts,,"filings/capitaliq/Estimates/Revisions/SPGlobal_GrupoBimbo,S.A.B.deC.V._Revisions_20-Sep-2026.xlsx",Revisions,126
2026-09-20,revisions,Company,COMPANY LEVEL,Revenue,Last Three Months,Number of Analysts still in Consensus,FY 2028,FY,2028,,2028-12-31,8,,,8,count of analysts,,"filings/capitaliq/Estimates/Revisions/SPGlobal_GrupoBimbo,S.A.B.deC.V._Revisions_20-Sep-2026.xlsx",Revisions,126
2026-09-20,revisions,Company,COMPANY LEVEL,Revenue,Last Three Months,Number of Analysts still in Consensus,FY 2029,FY,2029,,2029-12-31,1,,,1,count of analysts,,"filings/capitaliq/Estimates/Revisions/SPGlobal_GrupoBimbo,S.A.B.deC.V._Revisions_20-Sep-2026.xlsx",Revisions,126
2026-09-20,revisions,Company,COMPANY LEVEL,Revenue,Last Three Months,Number of Analysts still in Consensus,FY 2030,FY,2030,,2030-12-31,1,,,1,count of analysts,,"filings/capitaliq/Estimates/Revisions/SPGlobal_GrupoBimbo,S.A.B.deC.V._Revisions_20-Sep-2026.xlsx",Revisions,126
2026-09-20,revisions,Company,COMPANY LEVEL,Revenue,Last Three Months,Upward,FQ3 2026,FQ,2026,3,2026-09-30,0,,,0,count of analysts,,"filings/capitaliq/Estimates/Revisions/SPGlobal_GrupoBimbo,S.A.B.deC.V._Revisions_20-Sep-2026.xlsx",Revisions,127
2026-09-20,revisions,Company,COMPANY LEVEL,Revenue,Last Three Months,Upward,FQ4 2026,FQ,2026,4,2026-12-31,0,,,0,count of analysts,,"filings/capitaliq/Estimates/Revisions/SPGlobal_GrupoBimbo,S.A.B.deC.V._Revisions_20-Sep-2026.xlsx",Revisions,127
2026-09-20,revisions,Company,COMPANY LEVEL,Revenue,Last Three Months,Upward,FY 2026,FY,2026,,2026-12-31,2,,,2,count of analysts,,"filings/capitaliq/Estimates/Revisions/SPGlobal_GrupoBimbo,S.A.B.deC.V._Revisions_20-Sep-2026.xlsx",Revisions,127
2026-09-20,revisions,Company,COMPANY LEVEL,Revenue,Last Three Months,Upward,FY 2027,FY,2027,,2027-12-31,2,,,2,count of analysts,,"filings/capitaliq/Estimates/Revisions/SPGlobal_GrupoBimbo,S.A.B.deC.V._Revisions_20-Sep-2026.xlsx",Revisions,127
2026-09-20,revisions,Company,COMPANY LEVEL,Revenue,Last Three Months,Upward,FY 2028,FY,2028,,2028-12-31,1,,,1,count of analysts,,"filings/capitaliq/Estimates/Revisions/SPGlobal_GrupoBimbo,S.A.B.deC.V._Revisions_20-Sep-2026.xlsx",Revisions,127
2026-09-20,revisions,Company,COMPANY LEVEL,Revenue,Last Three Months,Upward,FY 2029,FY,2029,,2029-12-31,0,,,0,count of analysts,,"filings/capitaliq/Estimates/Revisions/SPGlobal_GrupoBimbo,S.A.B.deC.V._Revisions_20-Sep-2026.xlsx",Revisions,127
2026-09-20,revisions,Company,COMPANY LEVEL,Revenue,Last Three Months,Upward,FY 2030,FY,2030,,2030-12-31,0,,,0,count of analysts,,"filings/capitaliq/Estimates/Revisions/SPGlobal_GrupoBimbo,S.A.B.deC.V._Revisions_20-Sep-2026.xlsx",Revisions,127
2026-09-20,revisions,Company,COMPANY LEVEL,Revenue,Last Three Months,Downward,FQ3 2026,FQ,2026,3,2026-09-30,1,,,1,count of analysts,,"filings/capitaliq/Estimates/Revisions/SPGlobal_GrupoBimbo,S.A.B.deC.V._Revisions_20-Sep-2026.xlsx",Revisions,128
2026-09-20,revisions,Company,COMPANY LEVEL,Revenue,Last Three Months,Downward,FQ4 2026,FQ,2026,4,2026-12-31,1,,,1,count of analysts,,"filings/capitaliq/Estimates/Revisions/SPGlobal_GrupoBimbo,S.A.B.deC.V._Revisions_20-Sep-2026.xlsx",Revisions,128
2026-09-20,revisions,Company,COMPANY LEVEL,Revenue,Last Three Months,Downward,FY 2026,FY,2026,,2026-12-31,5,,,5,count of analysts,,"filings/capitaliq/Estimates/Revisions/SPGlobal_GrupoBimbo,S.A.B.deC.V._Revisions_20-Sep-2026.xlsx",Revisions,128
2026-09-20,revisions,Company,COMPANY LEVEL,Revenue,Last Three Months,Downward,FY 2027,FY,2027,,2027-12-31,3,,,3,count of analysts,,"filings/capitaliq/Estimates/Revisions/SPGlobal_GrupoBimbo,S.A.B.deC.V._Revisions_20-Sep-2026.xlsx",Revisions,128
2026-09-20,revisions,Company,COMPANY LEVEL,Revenue,Last Three Months,Downward,FY 2028,FY,2028,,2028-12-31,3,,,3,count of analysts,,"filings/capitaliq/Estimates/Revisions/SPGlobal_GrupoBimbo,S.A.B.deC.V._Revisions_20-Sep-2026.xlsx",Revisions,128
2026-09-20,revisions,Company,COMPANY LEVEL,Revenue,Last Three Months,Downward,FY 2029,FY,2029,,2029-12-31,0,,,0,count of analysts,,"filings/capitaliq/Estimates/Revisions/SPGlobal_GrupoBimbo,S.A.B.deC.V._Revisions_20-Sep-2026.xlsx",Revisions,128
2026-09-20,revisions,Company,COMPANY LEVEL,Revenue,Last Three Months,Downward,FY 2030,FY,2030,,2030-12-31,0,,,0,count of analysts,,"filings/capitaliq/Estimates/Revisions/SPGlobal_GrupoBimbo,S.A.B.deC.V._Revisions_20-Sep-2026.xlsx",Revisions,128
2026-09-20,revisions,Company,COMPANY LEVEL,"Selling, General and Administrative Expense",Last Month,Number of Analysts,FQ3 2026,FQ,2026,3,2026-09-30,1,,,1,count of analysts,,"filings/capitaliq/Estimates/Revisions/SPGlobal_GrupoBimbo,S.A.B.deC.V._Revisions_20-Sep-2026.xlsx",Revisions,131
2026-09-20,revisions,Company,COMPANY LEVEL,"Selling, General and Administrative Expense",Last Month,Number of Analysts,FQ4 2026,FQ,2026,4,2026-12-31,1,,,1,count of analysts,,"filings/capitaliq/Estimates/Revisions/SPGlobal_GrupoBimbo,S.A.B.deC.V._Revisions_20-Sep-2026.xlsx",Revisions,131
2026-09-20,revisions,Company,COMPANY LEVEL,"Selling, General and Administrative Expense",Last Month,Number of Analysts,FY 2026,FY,2026,,2026-12-31,1,,,1,count of analysts,,"filings/capitaliq/Estimates/Revisions/SPGlobal_GrupoBimbo,S.A.B.deC.V._Revisions_20-Sep-2026.xlsx",Revisions,131
2026-09-20,revisions,Company,COMPANY LEVEL,"Selling, General and Administrative Expense",Last Month,Number of Analysts,FY 2027,FY,2027,,2027-12-31,2,,,2,count of analysts,,"filings/capitaliq/Estimates/Revisions/SPGlobal_GrupoBimbo,S.A.B.deC.V._Revisions_20-Sep-2026.xlsx",Revisions,131
2026-09-20,revisions,Company,COMPANY LEVEL,"Selling, General and Administrative Expense",Last Month,Number of Analysts,FY 2028,FY,2028,,2028-12-31,2,,,2,count of analysts,,"filings/capitaliq/Estimates/Revisions/SPGlobal_GrupoBimbo,S.A.B.deC.V._Revisions_20-Sep-2026.xlsx",Revisions,131
2026-09-20,revisions,Company,COMPANY LEVEL,"Selling, General and Administrative Expense",Last Month,Number of Analysts,FY 2029,FY,2029,,2029-12-31,1,,,1,count of analysts,,"filings/capitaliq/Estimates/Revisions/SPGlobal_GrupoBimbo,S.A.B.deC.V._Revisions_20-Sep-2026.xlsx",Revisions,131
2026-09-20,revisions,Company,COMPANY LEVEL,"Selling, General and Administrative Expense",Last Month,Number of Analysts,FY 2030,FY,2030,,2030-12-31,1,,,1,count of analysts,,"filings/capitaliq/Estimates/Revisions/SPGlobal_GrupoBimbo,S.A.B.deC.V._Revisions_20-Sep-2026.xlsx",Revisions,131
2026-09-20,revisions,Company,COMPANY LEVEL,"Selling, General and Administrative Expense",Last Month,Number of Analysts still in Consensus,FQ3 2026,FQ,2026,3,2026-09-30,1,,,1,count of analysts,,"filings/capitaliq/Estimates/Revisions/SPGlobal_GrupoBimbo,S.A.B.deC.V._Revisions_20-Sep-2026.xlsx",Revisions,132
2026-09-20,revisions,Company,COMPANY LEVEL,"Selling, General and Administrative Expense",Last Month,Number of Analysts still in Consensus,FQ4 2026,FQ,2026,4,2026-12-31,1,,,1,count of analysts,,"filings/capitaliq/Estimates/Revisions/SPGlobal_GrupoBimbo,S.A.B.deC.V._Revisions_20-Sep-2026.xlsx",Revisions,132
2026-09-20,revisions,Company,COMPANY LEVEL,"Selling, General and Administrative Expense",Last Month,Number of Analysts still in Consensus,FY 2026,FY,2026,,2026-12-31,1,,,1,count of analysts,,"filings/capitaliq/Estimates/Revisions/SPGlobal_GrupoBimbo,S.A.B.deC.V._Revisions_20-Sep-2026.xlsx",Revisions,132
2026-09-20,revisions,Company,COMPANY LEVEL,"Selling, General and Administrative Expense",Last Month,Number of Analysts still in Consensus,FY 2027,FY,2027,,2027-12-31,2,,,2,count of analysts,,"filings/capitaliq/Estimates/Revisions/SPGlobal_GrupoBimbo,S.A.B.deC.V._Revisions_20-Sep-2026.xlsx",Revisions,132
2026-09-20,revisions,Company,COMPANY LEVEL,"Selling, General and Administrative Expense",Last Month,Number of Analysts still in Consensus,FY 2028,FY,2028,,2028-12-31,2,,,2,count of analysts,,"filings/capitaliq/Estimates/Revisions/SPGlobal_GrupoBimbo,S.A.B.deC.V._Revisions_20-Sep-2026.xlsx",Revisions,132
2026-09-20,revisions,Company,COMPANY LEVEL,"Selling, General and Administrative Expense",Last Month,Number of Analysts still in Consensus,FY 2029,FY,2029,,2029-12-31,1,,,1,count of analysts,,"filings/capitaliq/Estimates/Revisions/SPGlobal_GrupoBimbo,S.A.B.deC.V._Revisions_20-Sep-2026.xlsx",Revisions,132
2026-09-20,revisions,Company,COMPANY LEVEL,"Selling, General and Administrative Expense",Last Month,Number of Analysts still in Consensus,FY 2030,FY,2030,,2030-12-31,1,,,1,count of analysts,,"filings/capitaliq/Estimates/Revisions/SPGlobal_GrupoBimbo,S.A.B.deC.V._Revisions_20-Sep-2026.xlsx",Revisions,132
2026-09-20,revisions,Company,COMPANY LEVEL,"Selling, General and Administrative Expense",Last Month,Upward,FQ3 2026,FQ,2026,3,2026-09-30,0,,,0,count of analysts,,"filings/capitaliq/Estimates/Revisions/SPGlobal_GrupoBimbo,S.A.B.deC.V._Revisions_20-Sep-2026.xlsx",Revisions,133
2026-09-20,revisions,Company,COMPANY LEVEL,"Selling, General and Administrative Expense",Last Month,Upward,FQ4 2026,FQ,2026,4,2026-12-31,0,,,0,count of analysts,,"filings/capitaliq/Estimates/Revisions/SPGlobal_GrupoBimbo,S.A.B.deC.V._Revisions_20-Sep-2026.xlsx",Revisions,133
2026-09-20,revisions,Company,COMPANY LEVEL,"Selling, General and Administrative Expense",Last Month,Upward,FY 2026,FY,2026,,2026-12-31,0,,,0,count of analysts,,"filings/capitaliq/Estimates/Revisions/SPGlobal_GrupoBimbo,S.A.B.deC.V._Revisions_20-Sep-2026.xlsx",Revisions,133
2026-09-20,revisions,Company,COMPANY LEVEL,"Selling, General and Administrative Expense",Last Month,Upward,FY 2027,FY,2027,,2027-12-31,0,,,0,count of analysts,,"filings/capitaliq/Estimates/Revisions/SPGlobal_GrupoBimbo,S.A.B.deC.V._Revisions_20-Sep-2026.xlsx",Revisions,133
2026-09-20,revisions,Company,COMPANY LEVEL,"Selling, General and Administrative Expense",Last Month,Upward,FY 2028,FY,2028,,2028-12-31,0,,,0,count of analysts,,"filings/capitaliq/Estimates/Revisions/SPGlobal_GrupoBimbo,S.A.B.deC.V._Revisions_20-Sep-2026.xlsx",Revisions,133
2026-09-20,revisions,Company,COMPANY LEVEL,"Selling, General and Administrative Expense",Last Month,Upward,FY 2029,FY,2029,,2029-12-31,0,,,0,count of analysts,,"filings/capitaliq/Estimates/Revisions/SPGlobal_GrupoBimbo,S.A.B.deC.V._Revisions_20-Sep-2026.xlsx",Revisions,133
2026-09-20,revisions,Company,COMPANY LEVEL,"Selling, General and Administrative Expense",Last Month,Upward,FY 2030,FY,2030,,2030-12-31,0,,,0,count of analysts,,"filings/capitaliq/Estimates/Revisions/SPGlobal_GrupoBimbo,S.A.B.deC.V._Revisions_20-Sep-2026.xlsx",Revisions,133
2026-09-20,revisions,Company,COMPANY LEVEL,"Selling, General and Administrative Expense",Last Month,Downward,FQ3 2026,FQ,2026,3,2026-09-30,0,,,0,count of analysts,,"filings/capitaliq/Estimates/Revisions/SPGlobal_GrupoBimbo,S.A.B.deC.V._Revisions_20-Sep-2026.xlsx",Revisions,134
2026-09-20,revisions,Company,COMPANY LEVEL,"Selling, General and Administrative Expense",Last Month,Downward,FQ4 2026,FQ,2026,4,2026-12-31,0,,,0,count of analysts,,"filings/capitaliq/Estimates/Revisions/SPGlobal_GrupoBimbo,S.A.B.deC.V._Revisions_20-Sep-2026.xlsx",Revisions,134
2026-09-20,revisions,Company,COMPANY LEVEL,"Selling, General and Administrative Expense",Last Month,Downward,FY 2026,FY,2026,,2026-12-31,0,,,0,count of analysts,,"filings/capitaliq/Estimates/Revisions/SPGlobal_GrupoBimbo,S.A.B.deC.V._Revisions_20-Sep-2026.xlsx",Revisions,134
2026-09-20,revisions,Company,COMPANY LEVEL,"Selling, General and Administrative Expense",Last Month,Downward,FY 2027,FY,2027,,2027-12-31,0,,,0,count of analysts,,"filings/capitaliq/Estimates/Revisions/SPGlobal_GrupoBimbo,S.A.B.deC.V._Revisions_20-Sep-2026.xlsx",Revisions,134
2026-09-20,revisions,Company,COMPANY LEVEL,"Selling, General and Administrative Expense",Last Month,Downward,FY 2028,FY,2028,,2028-12-31,0,,,0,count of analysts,,"filings/capitaliq/Estimates/Revisions/SPGlobal_GrupoBimbo,S.A.B.deC.V._Revisions_20-Sep-2026.xlsx",Revisions,134
2026-09-20,revisions,Company,COMPANY LEVEL,"Selling, General and Administrative Expense",Last Month,Downward,FY 2029,FY,2029,,2029-12-31,0,,,0,count of analysts,,"filings/capitaliq/Estimates/Revisions/SPGlobal_GrupoBimbo,S.A.B.deC.V._Revisions_20-Sep-2026.xlsx",Revisions,134
2026-09-20,revisions,Company,COMPANY LEVEL,"Selling, General and Administrative Expense",Last Month,Downward,FY 2030,FY,2030,,2030-12-31,0,,,0,count of analysts,,"filings/capitaliq/Estimates/Revisions/SPGlobal_GrupoBimbo,S.A.B.deC.V._Revisions_20-Sep-2026.xlsx",Revisions,134
2026-09-20,revisions,Company,COMPANY LEVEL,"Selling, General and Administrative Expense",Last Two Months,Number of Analysts,FY 2026,FY,2026,,2026-12-31,1,,,1,count of analysts,,"filings/capitaliq/Estimates/Revisions/SPGlobal_GrupoBimbo,S.A.B.deC.V._Revisions_20-Sep-2026.xlsx",Revisions,136
2026-09-20,revisions,Company,COMPANY LEVEL,"Selling, General and Administrative Expense",Last Two Months,Number of Analysts,FY 2027,FY,2027,,2027-12-31,1,,,1,count of analysts,,"filings/capitaliq/Estimates/Revisions/SPGlobal_GrupoBimbo,S.A.B.deC.V._Revisions_20-Sep-2026.xlsx",Revisions,136
2026-09-20,revisions,Company,COMPANY LEVEL,"Selling, General and Administrative Expense",Last Two Months,Number of Analysts,FY 2028,FY,2028,,2028-12-31,1,,,1,count of analysts,,"filings/capitaliq/Estimates/Revisions/SPGlobal_GrupoBimbo,S.A.B.deC.V._Revisions_20-Sep-2026.xlsx",Revisions,136
2026-09-20,revisions,Company,COMPANY LEVEL,"Selling, General and Administrative Expense",Last Two Months,Number of Analysts,FY 2029,FY,2029,,2029-12-31,1,,,1,count of analysts,,"filings/capitaliq/Estimates/Revisions/SPGlobal_GrupoBimbo,S.A.B.deC.V._Revisions_20-Sep-2026.xlsx",Revisions,136
2026-09-20,revisions,Company,COMPANY LEVEL,"Selling, General and Administrative Expense",Last Two Months,Number of Analysts,FY 2030,FY,2030,,2030-12-31,1,,,1,count of analysts,,"filings/capitaliq/Estimates/Revisions/SPGlobal_GrupoBimbo,S.A.B.deC.V._Revisions_20-Sep-2026.xlsx",Revisions,136
2026-09-20,revisions,Company,COMPANY LEVEL,"Selling, General and Administrative Expense",Last Two Months,Number of Analysts still in Consensus,FY 2026,FY,2026,,2026-12-31,0,,,0,count of analysts,,"filings/capitaliq/Estimates/Revisions/SPGlobal_GrupoBimbo,S.A.B.deC.V._Revisions_20-Sep-2026.xlsx",Revisions,137
2026-09-20,revisions,Company,COMPANY LEVEL,"Selling, General and Administrative Expense",Last Two Months,Number of Analysts still in Consensus,FY 2027,FY,2027,,2027-12-31,1,,,1,count of analysts,,"filings/capitaliq/Estimates/Revisions/SPGlobal_GrupoBimbo,S.A.B.deC.V._Revisions_20-Sep-2026.xlsx",Revisions,137
2026-09-20,revisions,Company,COMPANY LEVEL,"Selling, General and Administrative Expense",Last Two Months,Number of Analysts still in Consensus,FY 2028,FY,2028,,2028-12-31,1,,,1,count of analysts,,"filings/capitaliq/Estimates/Revisions/SPGlobal_GrupoBimbo,S.A.B.deC.V._Revisions_20-Sep-2026.xlsx",Revisions,137
2026-09-20,revisions,Company,COMPANY LEVEL,"Selling, General and Administrative Expense",Last Two Months,Number of Analysts still in Consensus,FY 2029,FY,2029,,2029-12-31,1,,,1,count of analysts,,"filings/capitaliq/Estimates/Revisions/SPGlobal_GrupoBimbo,S.A.B.deC.V._Revisions_20-Sep-2026.xlsx",Revisions,137
2026-09-20,revisions,Company,COMPANY LEVEL,"Selling, General and Administrative Expense",Last Two Months,Number of Analysts still in Consensus,FY 2030,FY,2030,,2030-12-31,1,,,1,count of analysts,,"filings/capitaliq/Estimates/Revisions/SPGlobal_GrupoBimbo,S.A.B.deC.V._Revisions_20-Sep-2026.xlsx",Revisions,137
2026-09-20,revisions,Company,COMPANY LEVEL,"Selling, General and Administrative Expense",Last Two Months,Upward,FY 2026,FY,2026,,2026-12-31,0,,,0,count of analysts,,"filings/capitaliq/Estimates/Revisions/SPGlobal_GrupoBimbo,S.A.B.deC.V._Revisions_20-Sep-2026.xlsx",Revisions,138
2026-09-20,revisions,Company,COMPANY LEVEL,"Selling, General and Administrative Expense",Last Two Months,Upward,FY 2027,FY,2027,,2027-12-31,0,,,0,count of analysts,,"filings/capitaliq/Estimates/Revisions/SPGlobal_GrupoBimbo,S.A.B.deC.V._Revisions_20-Sep-2026.xlsx",Revisions,138
2026-09-20,revisions,Company,COMPANY LEVEL,"Selling, General and Administrative Expense",Last Two Months,Upward,FY 2028,FY,2028,,2028-12-31,0,,,0,count of analysts,,"filings/capitaliq/Estimates/Revisions/SPGlobal_GrupoBimbo,S.A.B.deC.V._Revisions_20-Sep-2026.xlsx",Revisions,138
2026-09-20,revisions,Company,COMPANY LEVEL,"Selling, General and Administrative Expense",Last Two Months,Upward,FY 2029,FY,2029,,2029-12-31,0,,,0,count of analysts,,"filings/capitaliq/Estimates/Revisions/SPGlobal_GrupoBimbo,S.A.B.deC.V._Revisions_20-Sep-2026.xlsx",Revisions,138
2026-09-20,revisions,Company,COMPANY LEVEL,"Selling, General and Administrative Expense",Last Two Months,Upward,FY 2030,FY,2030,,2030-12-31,0,,,0,count of analysts,,"filings/capitaliq/Estimates/Revisions/SPGlobal_GrupoBimbo,S.A.B.deC.V._Revisions_20-Sep-2026.xlsx",Revisions,138
2026-09-20,revisions,Company,COMPANY LEVEL,"Selling, General and Administrative Expense",Last Two Months,Downward,FY 2026,FY,2026,,2026-12-31,0,,,0,count of analysts,,"filings/capitaliq/Estimates/Revisions/SPGlobal_GrupoBimbo,S.A.B.deC.V._Revisions_20-Sep-2026.xlsx",Revisions,139
2026-09-20,revisions,Company,COMPANY LEVEL,"Selling, General and Administrative Expense",Last Two Months,Downward,FY 2027,FY,2027,,2027-12-31,0,,,0,count of analysts,,"filings/capitaliq/Estimates/Revisions/SPGlobal_GrupoBimbo,S.A.B.deC.V._Revisions_20-Sep-2026.xlsx",Revisions,139
2026-09-20,revisions,Company,COMPANY LEVEL,"Selling, General and Administrative Expense",Last Two Months,Downward,FY 2028,FY,2028,,2028-12-31,0,,,0,count of analysts,,"filings/capitaliq/Estimates/Revisions/SPGlobal_GrupoBimbo,S.A.B.deC.V._Revisions_20-Sep-2026.xlsx",Revisions,139
2026-09-20,revisions,Company,COMPANY LEVEL,"Selling, General and Administrative Expense",Last Two Months,Downward,FY 2029,FY,2029,,2029-12-31,0,,,0,count of analysts,,"filings/capitaliq/Estimates/Revisions/SPGlobal_GrupoBimbo,S.A.B.deC.V._Revisions_20-Sep-2026.xlsx",Revisions,139
2026-09-20,revisions,Company,COMPANY LEVEL,"Selling, General and Administrative Expense",Last Two Months,Downward,FY 2030,FY,2030,,2030-12-31,0,,,0,count of analysts,,"filings/capitaliq/Estimates/Revisions/SPGlobal_GrupoBimbo,S.A.B.deC.V._Revisions_20-Sep-2026.xlsx",Revisions,139
2026-09-20,revisions,Company,COMPANY LEVEL,"Selling, General and Administrative Expense",Last Three Months,Number of Analysts,FY 2026,FY,2026,,2026-12-31,1,,,1,count of analysts,,"filings/capitaliq/Estimates/Revisions/SPGlobal_GrupoBimbo,S.A.B.deC.V._Revisions_20-Sep-2026.xlsx",Revisions,141
2026-09-20,revisions,Company,COMPANY LEVEL,"Selling, General and Administrative Expense",Last Three Months,Number of Analysts,FY 2027,FY,2027,,2027-12-31,1,,,1,count of analysts,,"filings/capitaliq/Estimates/Revisions/SPGlobal_GrupoBimbo,S.A.B.deC.V._Revisions_20-Sep-2026.xlsx",Revisions,141
2026-09-20,revisions,Company,COMPANY LEVEL,"Selling, General and Administrative Expense",Last Three Months,Number of Analysts,FY 2028,FY,2028,,2028-12-31,1,,,1,count of analysts,,"filings/capitaliq/Estimates/Revisions/SPGlobal_GrupoBimbo,S.A.B.deC.V._Revisions_20-Sep-2026.xlsx",Revisions,141
2026-09-20,revisions,Company,COMPANY LEVEL,"Selling, General and Administrative Expense",Last Three Months,Number of Analysts,FY 2029,FY,2029,,2029-12-31,1,,,1,count of analysts,,"filings/capitaliq/Estimates/Revisions/SPGlobal_GrupoBimbo,S.A.B.deC.V._Revisions_20-Sep-2026.xlsx",Revisions,141
2026-09-20,revisions,Company,COMPANY LEVEL,"Selling, General and Administrative Expense",Last Three Months,Number of Analysts,FY 2030,FY,2030,,2030-12-31,1,,,1,count of analysts,,"filings/capitaliq/Estimates/Revisions/SPGlobal_GrupoBimbo,S.A.B.deC.V._Revisions_20-Sep-2026.xlsx",Revisions,141
2026-09-20,revisions,Company,COMPANY LEVEL,"Selling, General and Administrative Expense",Last Three Months,Number of Analysts still in Consensus,FY 2026,FY,2026,,2026-12-31,0,,,0,count of analysts,,"filings/capitaliq/Estimates/Revisions/SPGlobal_GrupoBimbo,S.A.B.deC.V._Revisions_20-Sep-2026.xlsx",Revisions,142
2026-09-20,revisions,Company,COMPANY LEVEL,"Selling, General and Administrative Expense",Last Three Months,Number of Analysts still in Consensus,FY 2027,FY,2027,,2027-12-31,1,,,1,count of analysts,,"filings/capitaliq/Estimates/Revisions/SPGlobal_GrupoBimbo,S.A.B.deC.V._Revisions_20-Sep-2026.xlsx",Revisions,142
2026-09-20,revisions,Company,COMPANY LEVEL,"Selling, General and Administrative Expense",Last Three Months,Number of Analysts still in Consensus,FY 2028,FY,2028,,2028-12-31,1,,,1,count of analysts,,"filings/capitaliq/Estimates/Revisions/SPGlobal_GrupoBimbo,S.A.B.deC.V._Revisions_20-Sep-2026.xlsx",Revisions,142
2026-09-20,revisions,Company,COMPANY LEVEL,"Selling, General and Administrative Expense",Last Three Months,Number of Analysts still in Consensus,FY 2029,FY,2029,,2029-12-31,1,,,1,count of analysts,,"filings/capitaliq/Estimates/Revisions/SPGlobal_GrupoBimbo,S.A.B.deC.V._Revisions_20-Sep-2026.xlsx",Revisions,142
2026-09-20,revisions,Company,COMPANY LEVEL,"Selling, General and Administrative Expense",Last Three Months,Number of Analysts still in Consensus,FY 2030,FY,2030,,2030-12-31,1,,,1,count of analysts,,"filings/capitaliq/Estimates/Revisions/SPGlobal_GrupoBimbo,S.A.B.deC.V._Revisions_20-Sep-2026.xlsx",Revisions,142
2026-09-20,revisions,Company,COMPANY LEVEL,"Selling, General and Administrative Expense",Last Three Months,Upward,FY 2026,FY,2026,,2026-12-31,0,,,0,count of analysts,,"filings/capitaliq/Estimates/Revisions/SPGlobal_GrupoBimbo,S.A.B.deC.V._Revisions_20-Sep-2026.xlsx",Revisions,143
2026-09-20,revisions,Company,COMPANY LEVEL,"Selling, General and Administrative Expense",Last Three Months,Upward,FY 2027,FY,2027,,2027-12-31,0,,,0,count of analysts,,"filings/capitaliq/Estimates/Revisions/SPGlobal_GrupoBimbo,S.A.B.deC.V._Revisions_20-Sep-2026.xlsx",Revisions,143
2026-09-20,revisions,Company,COMPANY LEVEL,"Selling, General and Administrative Expense",Last Three Months,Upward,FY 2028,FY,2028,,2028-12-31,0,,,0,count of analysts,,"filings/capitaliq/Estimates/Revisions/SPGlobal_GrupoBimbo,S.A.B.deC.V._Revisions_20-Sep-2026.xlsx",Revisions,143
2026-09-20,revisions,Company,COMPANY LEVEL,"Selling, General and Administrative Expense",Last Three Months,Upward,FY 2029,FY,2029,,2029-12-31,0,,,0,count of analysts,,"filings/capitaliq/Estimates/Revisions/SPGlobal_GrupoBimbo,S.A.B.deC.V._Revisions_20-Sep-2026.xlsx",Revisions,143
2026-09-20,revisions,Company,COMPANY LEVEL,"Selling, General and Administrative Expense",Last Three Months,Upward,FY 2030,FY,2030,,2030-12-31,0,,,0,count of analysts,,"filings/capitaliq/Estimates/Revisions/SPGlobal_GrupoBimbo,S.A.B.deC.V._Revisions_20-Sep-2026.xlsx",Revisions,143
2026-09-20,revisions,Company,COMPANY LEVEL,"Selling, General and Administrative Expense",Last Three Months,Downward,FY 2026,FY,2026,,2026-12-31,0,,,0,count of analysts,,"filings/capitaliq/Estimates/Revisions/SPGlobal_GrupoBimbo,S.A.B.deC.V._Revisions_20-Sep-2026.xlsx",Revisions,144
2026-09-20,revisions,Company,COMPANY LEVEL,"Selling, General and Administrative Expense",Last Three Months,Downward,FY 2027,FY,2027,,2027-12-31,0,,,0,count of analysts,,"filings/capitaliq/Estimates/Revisions/SPGlobal_GrupoBimbo,S.A.B.deC.V._Revisions_20-Sep-2026.xlsx",Revisions,144
2026-09-20,revisions,Company,COMPANY LEVEL,"Selling, General and Administrative Expense",Last Three Months,Downward,FY 2028,FY,2028,,2028-12-31,0,,,0,count of analysts,,"filings/capitaliq/Estimates/Revisions/SPGlobal_GrupoBimbo,S.A.B.deC.V._Revisions_20-Sep-2026.xlsx",Revisions,144
2026-09-20,revisions,Company,COMPANY LEVEL,"Selling, General and Administrative Expense",Last Three Months,Downward,FY 2029,FY,2029,,2029-12-31,0,,,0,count of analysts,,"filings/capitaliq/Estimates/Revisions/SPGlobal_GrupoBimbo,S.A.B.deC.V._Revisions_20-Sep-2026.xlsx",Revisions,144
2026-09-20,revisions,Company,COMPANY LEVEL,"Selling, General and Administrative Expense",Last Three Months,Downward,FY 2030,FY,2030,,2030-12-31,0,,,0,count of analysts,,"filings/capitaliq/Estimates/Revisions/SPGlobal_GrupoBimbo,S.A.B.deC.V._Revisions_20-Sep-2026.xlsx",Revisions,144
2026-09-20,revisions,Company,COMPANY LEVEL,EBITDA,Last Month,Number of Analysts,FQ3 2026,FQ,2026,3,2026-09-30,2,,,2,count of analysts,,"filings/capitaliq/Estimates/Revisions/SPGlobal_GrupoBimbo,S.A.B.deC.V._Revisions_20-Sep-2026.xlsx",Revisions,147
2026-09-20,revisions,Company,COMPANY LEVEL,EBITDA,Last Month,Number of Analysts,FQ4 2026,FQ,2026,4,2026-12-31,2,,,2,count of analysts,,"filings/capitaliq/Estimates/Revisions/SPGlobal_GrupoBimbo,S.A.B.deC.V._Revisions_20-Sep-2026.xlsx",Revisions,147
2026-09-20,revisions,Company,COMPANY LEVEL,EBITDA,Last Month,Number of Analysts,FY 2026,FY,2026,,2026-12-31,11,,,11,count of analysts,,"filings/capitaliq/Estimates/Revisions/SPGlobal_GrupoBimbo,S.A.B.deC.V._Revisions_20-Sep-2026.xlsx",Revisions,147
2026-09-20,revisions,Company,COMPANY LEVEL,EBITDA,Last Month,Number of Analysts,FY 2027,FY,2027,,2027-12-31,9,,,9,count of analysts,,"filings/capitaliq/Estimates/Revisions/SPGlobal_GrupoBimbo,S.A.B.deC.V._Revisions_20-Sep-2026.xlsx",Revisions,147
2026-09-20,revisions,Company,COMPANY LEVEL,EBITDA,Last Month,Number of Analysts,FY 2028,FY,2028,,2028-12-31,8,,,8,count of analysts,,"filings/capitaliq/Estimates/Revisions/SPGlobal_GrupoBimbo,S.A.B.deC.V._Revisions_20-Sep-2026.xlsx",Revisions,147
2026-09-20,revisions,Company,COMPANY LEVEL,EBITDA,Last Month,Number of Analysts,FY 2029,FY,2029,,2029-12-31,2,,,2,count of analysts,,"filings/capitaliq/Estimates/Revisions/SPGlobal_GrupoBimbo,S.A.B.deC.V._Revisions_20-Sep-2026.xlsx",Revisions,147
2026-09-20,revisions,Company,COMPANY LEVEL,EBITDA,Last Month,Number of Analysts,FY 2030,FY,2030,,2030-12-31,2,,,2,count of analysts,,"filings/capitaliq/Estimates/Revisions/SPGlobal_GrupoBimbo,S.A.B.deC.V._Revisions_20-Sep-2026.xlsx",Revisions,147
2026-09-20,revisions,Company,COMPANY LEVEL,EBITDA,Last Month,Number of Analysts,FY 2031,FY,2031,,2031-12-31,1,,,1,count of analysts,,"filings/capitaliq/Estimates/Revisions/SPGlobal_GrupoBimbo,S.A.B.deC.V._Revisions_20-Sep-2026.xlsx",Revisions,147
2026-09-20,revisions,Company,COMPANY LEVEL,EBITDA,Last Month,Number of Analysts still in Consensus,FQ3 2026,FQ,2026,3,2026-09-30,2,,,2,count of analysts,,"filings/capitaliq/Estimates/Revisions/SPGlobal_GrupoBimbo,S.A.B.deC.V._Revisions_20-Sep-2026.xlsx",Revisions,148
2026-09-20,revisions,Company,COMPANY LEVEL,EBITDA,Last Month,Number of Analysts still in Consensus,FQ4 2026,FQ,2026,4,2026-12-31,2,,,2,count of analysts,,"filings/capitaliq/Estimates/Revisions/SPGlobal_GrupoBimbo,S.A.B.deC.V._Revisions_20-Sep-2026.xlsx",Revisions,148
2026-09-20,revisions,Company,COMPANY LEVEL,EBITDA,Last Month,Number of Analysts still in Consensus,FY 2026,FY,2026,,2026-12-31,11,,,11,count of analysts,,"filings/capitaliq/Estimates/Revisions/SPGlobal_GrupoBimbo,S.A.B.deC.V._Revisions_20-Sep-2026.xlsx",Revisions,148
2026-09-20,revisions,Company,COMPANY LEVEL,EBITDA,Last Month,Number of Analysts still in Consensus,FY 2027,FY,2027,,2027-12-31,9,,,9,count of analysts,,"filings/capitaliq/Estimates/Revisions/SPGlobal_GrupoBimbo,S.A.B.deC.V._Revisions_20-Sep-2026.xlsx",Revisions,148
2026-09-20,revisions,Company,COMPANY LEVEL,EBITDA,Last Month,Number of Analysts still in Consensus,FY 2028,FY,2028,,2028-12-31,8,,,8,count of analysts,,"filings/capitaliq/Estimates/Revisions/SPGlobal_GrupoBimbo,S.A.B.deC.V._Revisions_20-Sep-2026.xlsx",Revisions,148
2026-09-20,revisions,Company,COMPANY LEVEL,EBITDA,Last Month,Number of Analysts still in Consensus,FY 2029,FY,2029,,2029-12-31,2,,,2,count of analysts,,"filings/capitaliq/Estimates/Revisions/SPGlobal_GrupoBimbo,S.A.B.deC.V._Revisions_20-Sep-2026.xlsx",Revisions,148
2026-09-20,revisions,Company,COMPANY LEVEL,EBITDA,Last Month,Number of Analysts still in Consensus,FY 2030,FY,2030,,2030-12-31,2,,,2,count of analysts,,"filings/capitaliq/Estimates/Revisions/SPGlobal_GrupoBimbo,S.A.B.deC.V._Revisions_20-Sep-2026.xlsx",Revisions,148
2026-09-20,revisions,Company,COMPANY LEVEL,EBITDA,Last Month,Number of Analysts still in Consensus,FY 2031,FY,2031,,2031-12-31,1,,,1,count of analysts,,"filings/capitaliq/Estimates/Revisions/SPGlobal_GrupoBimbo,S.A.B.deC.V._Revisions_20-Sep-2026.xlsx",Revisions,148
2026-09-20,revisions,Company,COMPANY LEVEL,EBITDA,Last Month,Upward,FQ3 2026,FQ,2026,3,2026-09-30,0,,,0,count of analysts,,"filings/capitaliq/Estimates/Revisions/SPGlobal_GrupoBimbo,S.A.B.deC.V._Revisions_20-Sep-2026.xlsx",Revisions,149
2026-09-20,revisions,Company,COMPANY LEVEL,EBITDA,Last Month,Upward,FQ4 2026,FQ,2026,4,2026-12-31,1,,,1,count of analysts,,"filings/capitaliq/Estimates/Revisions/SPGlobal_GrupoBimbo,S.A.B.deC.V._Revisions_20-Sep-2026.xlsx",Revisions,149
2026-09-20,revisions,Company,COMPANY LEVEL,EBITDA,Last Month,Upward,FY 2026,FY,2026,,2026-12-31,1,,,1,count of analysts,,"filings/capitaliq/Estimates/Revisions/SPGlobal_GrupoBimbo,S.A.B.deC.V._Revisions_20-Sep-2026.xlsx",Revisions,149
2026-09-20,revisions,Company,COMPANY LEVEL,EBITDA,Last Month,Upward,FY 2027,FY,2027,,2027-12-31,1,,,1,count of analysts,,"filings/capitaliq/Estimates/Revisions/SPGlobal_GrupoBimbo,S.A.B.deC.V._Revisions_20-Sep-2026.xlsx",Revisions,149
2026-09-20,revisions,Company,COMPANY LEVEL,EBITDA,Last Month,Upward,FY 2028,FY,2028,,2028-12-31,1,,,1,count of analysts,,"filings/capitaliq/Estimates/Revisions/SPGlobal_GrupoBimbo,S.A.B.deC.V._Revisions_20-Sep-2026.xlsx",Revisions,149
2026-09-20,revisions,Company,COMPANY LEVEL,EBITDA,Last Month,Upward,FY 2029,FY,2029,,2029-12-31,0,,,0,count of analysts,,"filings/capitaliq/Estimates/Revisions/SPGlobal_GrupoBimbo,S.A.B.deC.V._Revisions_20-Sep-2026.xlsx",Revisions,149
2026-09-20,revisions,Company,COMPANY LEVEL,EBITDA,Last Month,Upward,FY 2030,FY,2030,,2030-12-31,0,,,0,count of analysts,,"filings/capitaliq/Estimates/Revisions/SPGlobal_GrupoBimbo,S.A.B.deC.V._Revisions_20-Sep-2026.xlsx",Revisions,149
2026-09-20,revisions,Company,COMPANY LEVEL,EBITDA,Last Month,Upward,FY 2031,FY,2031,,2031-12-31,0,,,0,count of analysts,,"filings/capitaliq/Estimates/Revisions/SPGlobal_GrupoBimbo,S.A.B.deC.V._Revisions_20-Sep-2026.xlsx",Revisions,149
2026-09-20,revisions,Company,COMPANY LEVEL,EBITDA,Last Month,Downward,FQ3 2026,FQ,2026,3,2026-09-30,1,,,1,count of analysts,,"filings/capitaliq/Estimates/Revisions/SPGlobal_GrupoBimbo,S.A.B.deC.V._Revisions_20-Sep-2026.xlsx",Revisions,150
2026-09-20,revisions,Company,COMPANY LEVEL,EBITDA,Last Month,Downward,FQ4 2026,FQ,2026,4,2026-12-31,0,,,0,count of analysts,,"filings/capitaliq/Estimates/Revisions/SPGlobal_GrupoBimbo,S.A.B.deC.V._Revisions_20-Sep-2026.xlsx",Revisions,150
2026-09-20,revisions,Company,COMPANY LEVEL,EBITDA,Last Month,Downward,FY 2026,FY,2026,,2026-12-31,1,,,1,count of analysts,,"filings/capitaliq/Estimates/Revisions/SPGlobal_GrupoBimbo,S.A.B.deC.V._Revisions_20-Sep-2026.xlsx",Revisions,150
2026-09-20,revisions,Company,COMPANY LEVEL,EBITDA,Last Month,Downward,FY 2027,FY,2027,,2027-12-31,1,,,1,count of analysts,,"filings/capitaliq/Estimates/Revisions/SPGlobal_GrupoBimbo,S.A.B.deC.V._Revisions_20-Sep-2026.xlsx",Revisions,150
2026-09-20,revisions,Company,COMPANY LEVEL,EBITDA,Last Month,Downward,FY 2028,FY,2028,,2028-12-31,0,,,0,count of analysts,,"filings/capitaliq/Estimates/Revisions/SPGlobal_GrupoBimbo,S.A.B.deC.V._Revisions_20-Sep-2026.xlsx",Revisions,150
2026-09-20,revisions,Company,COMPANY LEVEL,EBITDA,Last Month,Downward,FY 2029,FY,2029,,2029-12-31,0,,,0,count of analysts,,"filings/capitaliq/Estimates/Revisions/SPGlobal_GrupoBimbo,S.A.B.deC.V._Revisions_20-Sep-2026.xlsx",Revisions,150
2026-09-20,revisions,Company,COMPANY LEVEL,EBITDA,Last Month,Downward,FY 2030,FY,2030,,2030-12-31,0,,,0,count of analysts,,"filings/capitaliq/Estimates/Revisions/SPGlobal_GrupoBimbo,S.A.B.deC.V._Revisions_20-Sep-2026.xlsx",Revisions,150
2026-09-20,revisions,Company,COMPANY LEVEL,EBITDA,Last Month,Downward,FY 2031,FY,2031,,2031-12-31,0,,,0,count of analysts,,"filings/capitaliq/Estimates/Revisions/SPGlobal_GrupoBimbo,S.A.B.deC.V._Revisions_20-Sep-2026.xlsx",Revisions,150
2026-09-20,revisions,Company,COMPANY LEVEL,EBITDA,Last Two Months,Number of Analysts,FQ3 2026,FQ,2026,3,2026-09-30,2,,,2,count of analysts,,"filings/capitaliq/Estimates/Revisions/SPGlobal_GrupoBimbo,S.A.B.deC.V._Revisions_20-Sep-2026.xlsx",Revisions,152
2026-09-20,revisions,Company,COMPANY LEVEL,EBITDA,Last Two Months,Number of Analysts,FQ4 2026,FQ,2026,4,2026-12-31,2,,,2,count of analysts,,"filings/capitaliq/Estimates/Revisions/SPGlobal_GrupoBimbo,S.A.B.deC.V._Revisions_20-Sep-2026.xlsx",Revisions,152
2026-09-20,revisions,Company,COMPANY LEVEL,EBITDA,Last Two Months,Number of Analysts,FY 2026,FY,2026,,2026-12-31,11,,,11,count of analysts,,"filings/capitaliq/Estimates/Revisions/SPGlobal_GrupoBimbo,S.A.B.deC.V._Revisions_20-Sep-2026.xlsx",Revisions,152
2026-09-20,revisions,Company,COMPANY LEVEL,EBITDA,Last Two Months,Number of Analysts,FY 2027,FY,2027,,2027-12-31,9,,,9,count of analysts,,"filings/capitaliq/Estimates/Revisions/SPGlobal_GrupoBimbo,S.A.B.deC.V._Revisions_20-Sep-2026.xlsx",Revisions,152
2026-09-20,revisions,Company,COMPANY LEVEL,EBITDA,Last Two Months,Number of Analysts,FY 2028,FY,2028,,2028-12-31,8,,,8,count of analysts,,"filings/capitaliq/Estimates/Revisions/SPGlobal_GrupoBimbo,S.A.B.deC.V._Revisions_20-Sep-2026.xlsx",Revisions,152
2026-09-20,revisions,Company,COMPANY LEVEL,EBITDA,Last Two Months,Number of Analysts,FY 2029,FY,2029,,2029-12-31,1,,,1,count of analysts,,"filings/capitaliq/Estimates/Revisions/SPGlobal_GrupoBimbo,S.A.B.deC.V._Revisions_20-Sep-2026.xlsx",Revisions,152
2026-09-20,revisions,Company,COMPANY LEVEL,EBITDA,Last Two Months,Number of Analysts,FY 2030,FY,2030,,2030-12-31,1,,,1,count of analysts,,"filings/capitaliq/Estimates/Revisions/SPGlobal_GrupoBimbo,S.A.B.deC.V._Revisions_20-Sep-2026.xlsx",Revisions,152
2026-09-20,revisions,Company,COMPANY LEVEL,EBITDA,Last Two Months,Number of Analysts still in Consensus,FQ3 2026,FQ,2026,3,2026-09-30,2,,,2,count of analysts,,"filings/capitaliq/Estimates/Revisions/SPGlobal_GrupoBimbo,S.A.B.deC.V._Revisions_20-Sep-2026.xlsx",Revisions,153
2026-09-20,revisions,Company,COMPANY LEVEL,EBITDA,Last Two Months,Number of Analysts still in Consensus,FQ4 2026,FQ,2026,4,2026-12-31,2,,,2,count of analysts,,"filings/capitaliq/Estimates/Revisions/SPGlobal_GrupoBimbo,S.A.B.deC.V._Revisions_20-Sep-2026.xlsx",Revisions,153
2026-09-20,revisions,Company,COMPANY LEVEL,EBITDA,Last Two Months,Number of Analysts still in Consensus,FY 2026,FY,2026,,2026-12-31,11,,,11,count of analysts,,"filings/capitaliq/Estimates/Revisions/SPGlobal_GrupoBimbo,S.A.B.deC.V._Revisions_20-Sep-2026.xlsx",Revisions,153
2026-09-20,revisions,Company,COMPANY LEVEL,EBITDA,Last Two Months,Number of Analysts still in Consensus,FY 2027,FY,2027,,2027-12-31,9,,,9,count of analysts,,"filings/capitaliq/Estimates/Revisions/SPGlobal_GrupoBimbo,S.A.B.deC.V._Revisions_20-Sep-2026.xlsx",Revisions,153
2026-09-20,revisions,Company,COMPANY LEVEL,EBITDA,Last Two Months,Number of Analysts still in Consensus,FY 2028,FY,2028,,2028-12-31,8,,,8,count of analysts,,"filings/capitaliq/Estimates/Revisions/SPGlobal_GrupoBimbo,S.A.B.deC.V._Revisions_20-Sep-2026.xlsx",Revisions,153
2026-09-20,revisions,Company,COMPANY LEVEL,EBITDA,Last Two Months,Number of Analysts still in Consensus,FY 2029,FY,2029,,2029-12-31,1,,,1,count of analysts,,"filings/capitaliq/Estimates/Revisions/SPGlobal_GrupoBimbo,S.A.B.deC.V._Revisions_20-Sep-2026.xlsx",Revisions,153
2026-09-20,revisions,Company,COMPANY LEVEL,EBITDA,Last Two Months,Number of Analysts still in Consensus,FY 2030,FY,2030,,2030-12-31,1,,,1,count of analysts,,"filings/capitaliq/Estimates/Revisions/SPGlobal_GrupoBimbo,S.A.B.deC.V._Revisions_20-Sep-2026.xlsx",Revisions,153
2026-09-20,revisions,Company,COMPANY LEVEL,EBITDA,Last Two Months,Upward,FQ3 2026,FQ,2026,3,2026-09-30,2,,,2,count of analysts,,"filings/capitaliq/Estimates/Revisions/SPGlobal_GrupoBimbo,S.A.B.deC.V._Revisions_20-Sep-2026.xlsx",Revisions,154
2026-09-20,revisions,Company,COMPANY LEVEL,EBITDA,Last Two Months,Upward,FQ4 2026,FQ,2026,4,2026-12-31,2,,,2,count of analysts,,"filings/capitaliq/Estimates/Revisions/SPGlobal_GrupoBimbo,S.A.B.deC.V._Revisions_20-Sep-2026.xlsx",Revisions,154
2026-09-20,revisions,Company,COMPANY LEVEL,EBITDA,Last Two Months,Upward,FY 2026,FY,2026,,2026-12-31,3,,,3,count of analysts,,"filings/capitaliq/Estimates/Revisions/SPGlobal_GrupoBimbo,S.A.B.deC.V._Revisions_20-Sep-2026.xlsx",Revisions,154
2026-09-20,revisions,Company,COMPANY LEVEL,EBITDA,Last Two Months,Upward,FY 2027,FY,2027,,2027-12-31,3,,,3,count of analysts,,"filings/capitaliq/Estimates/Revisions/SPGlobal_GrupoBimbo,S.A.B.deC.V._Revisions_20-Sep-2026.xlsx",Revisions,154
2026-09-20,revisions,Company,COMPANY LEVEL,EBITDA,Last Two Months,Upward,FY 2028,FY,2028,,2028-12-31,2,,,2,count of analysts,,"filings/capitaliq/Estimates/Revisions/SPGlobal_GrupoBimbo,S.A.B.deC.V._Revisions_20-Sep-2026.xlsx",Revisions,154
2026-09-20,revisions,Company,COMPANY LEVEL,EBITDA,Last Two Months,Upward,FY 2029,FY,2029,,2029-12-31,0,,,0,count of analysts,,"filings/capitaliq/Estimates/Revisions/SPGlobal_GrupoBimbo,S.A.B.deC.V._Revisions_20-Sep-2026.xlsx",Revisions,154
2026-09-20,revisions,Company,COMPANY LEVEL,EBITDA,Last Two Months,Upward,FY 2030,FY,2030,,2030-12-31,0,,,0,count of analysts,,"filings/capitaliq/Estimates/Revisions/SPGlobal_GrupoBimbo,S.A.B.deC.V._Revisions_20-Sep-2026.xlsx",Revisions,154
2026-09-20,revisions,Company,COMPANY LEVEL,EBITDA,Last Two Months,Downward,FQ3 2026,FQ,2026,3,2026-09-30,0,,,0,count of analysts,,"filings/capitaliq/Estimates/Revisions/SPGlobal_GrupoBimbo,S.A.B.deC.V._Revisions_20-Sep-2026.xlsx",Revisions,155
2026-09-20,revisions,Company,COMPANY LEVEL,EBITDA,Last Two Months,Downward,FQ4 2026,FQ,2026,4,2026-12-31,0,,,0,count of analysts,,"filings/capitaliq/Estimates/Revisions/SPGlobal_GrupoBimbo,S.A.B.deC.V._Revisions_20-Sep-2026.xlsx",Revisions,155
2026-09-20,revisions,Company,COMPANY LEVEL,EBITDA,Last Two Months,Downward,FY 2026,FY,2026,,2026-12-31,2,,,2,count of analysts,,"filings/capitaliq/Estimates/Revisions/SPGlobal_GrupoBimbo,S.A.B.deC.V._Revisions_20-Sep-2026.xlsx",Revisions,155
2026-09-20,revisions,Company,COMPANY LEVEL,EBITDA,Last Two Months,Downward,FY 2027,FY,2027,,2027-12-31,1,,,1,count of analysts,,"filings/capitaliq/Estimates/Revisions/SPGlobal_GrupoBimbo,S.A.B.deC.V._Revisions_20-Sep-2026.xlsx",Revisions,155
2026-09-20,revisions,Company,COMPANY LEVEL,EBITDA,Last Two Months,Downward,FY 2028,FY,2028,,2028-12-31,1,,,1,count of analysts,,"filings/capitaliq/Estimates/Revisions/SPGlobal_GrupoBimbo,S.A.B.deC.V._Revisions_20-Sep-2026.xlsx",Revisions,155
2026-09-20,revisions,Company,COMPANY LEVEL,EBITDA,Last Two Months,Downward,FY 2029,FY,2029,,2029-12-31,0,,,0,count of analysts,,"filings/capitaliq/Estimates/Revisions/SPGlobal_GrupoBimbo,S.A.B.deC.V._Revisions_20-Sep-2026.xlsx",Revisions,155
2026-09-20,revisions,Company,COMPANY LEVEL,EBITDA,Last Two Months,Downward,FY 2030,FY,2030,,2030-12-31,0,,,0,count of analysts,,"filings/capitaliq/Estimates/Revisions/SPGlobal_GrupoBimbo,S.A.B.deC.V._Revisions_20-Sep-2026.xlsx",Revisions,155
2026-09-20,revisions,Company,COMPANY LEVEL,EBITDA,Last Three Months,Number of Analysts,FQ3 2026,FQ,2026,3,2026-09-30,1,,,1,count of analysts,,"filings/capitaliq/Estimates/Revisions/SPGlobal_GrupoBimbo,S.A.B.deC.V._Revisions_20-Sep-2026.xlsx",Revisions,157
2026-09-20,revisions,Company,COMPANY LEVEL,EBITDA,Last Three Months,Number of Analysts,FQ4 2026,FQ,2026,4,2026-12-31,1,,,1,count of analysts,,"filings/capitaliq/Estimates/Revisions/SPGlobal_GrupoBimbo,S.A.B.deC.V._Revisions_20-Sep-2026.xlsx",Revisions,157
2026-09-20,revisions,Company,COMPANY LEVEL,EBITDA,Last Three Months,Number of Analysts,FY 2026,FY,2026,,2026-12-31,10,,,10,count of analysts,,"filings/capitaliq/Estimates/Revisions/SPGlobal_GrupoBimbo,S.A.B.deC.V._Revisions_20-Sep-2026.xlsx",Revisions,157
2026-09-20,revisions,Company,COMPANY LEVEL,EBITDA,Last Three Months,Number of Analysts,FY 2027,FY,2027,,2027-12-31,10,,,10,count of analysts,,"filings/capitaliq/Estimates/Revisions/SPGlobal_GrupoBimbo,S.A.B.deC.V._Revisions_20-Sep-2026.xlsx",Revisions,157
2026-09-20,revisions,Company,COMPANY LEVEL,EBITDA,Last Three Months,Number of Analysts,FY 2028,FY,2028,,2028-12-31,8,,,8,count of analysts,,"filings/capitaliq/Estimates/Revisions/SPGlobal_GrupoBimbo,S.A.B.deC.V._Revisions_20-Sep-2026.xlsx",Revisions,157
2026-09-20,revisions,Company,COMPANY LEVEL,EBITDA,Last Three Months,Number of Analysts,FY 2029,FY,2029,,2029-12-31,1,,,1,count of analysts,,"filings/capitaliq/Estimates/Revisions/SPGlobal_GrupoBimbo,S.A.B.deC.V._Revisions_20-Sep-2026.xlsx",Revisions,157
2026-09-20,revisions,Company,COMPANY LEVEL,EBITDA,Last Three Months,Number of Analysts,FY 2030,FY,2030,,2030-12-31,1,,,1,count of analysts,,"filings/capitaliq/Estimates/Revisions/SPGlobal_GrupoBimbo,S.A.B.deC.V._Revisions_20-Sep-2026.xlsx",Revisions,157
2026-09-20,revisions,Company,COMPANY LEVEL,EBITDA,Last Three Months,Number of Analysts still in Consensus,FQ3 2026,FQ,2026,3,2026-09-30,1,,,1,count of analysts,,"filings/capitaliq/Estimates/Revisions/SPGlobal_GrupoBimbo,S.A.B.deC.V._Revisions_20-Sep-2026.xlsx",Revisions,158
2026-09-20,revisions,Company,COMPANY LEVEL,EBITDA,Last Three Months,Number of Analysts still in Consensus,FQ4 2026,FQ,2026,4,2026-12-31,1,,,1,count of analysts,,"filings/capitaliq/Estimates/Revisions/SPGlobal_GrupoBimbo,S.A.B.deC.V._Revisions_20-Sep-2026.xlsx",Revisions,158
2026-09-20,revisions,Company,COMPANY LEVEL,EBITDA,Last Three Months,Number of Analysts still in Consensus,FY 2026,FY,2026,,2026-12-31,10,,,10,count of analysts,,"filings/capitaliq/Estimates/Revisions/SPGlobal_GrupoBimbo,S.A.B.deC.V._Revisions_20-Sep-2026.xlsx",Revisions,158
2026-09-20,revisions,Company,COMPANY LEVEL,EBITDA,Last Three Months,Number of Analysts still in Consensus,FY 2027,FY,2027,,2027-12-31,9,,,9,count of analysts,,"filings/capitaliq/Estimates/Revisions/SPGlobal_GrupoBimbo,S.A.B.deC.V._Revisions_20-Sep-2026.xlsx",Revisions,158
2026-09-20,revisions,Company,COMPANY LEVEL,EBITDA,Last Three Months,Number of Analysts still in Consensus,FY 2028,FY,2028,,2028-12-31,8,,,8,count of analysts,,"filings/capitaliq/Estimates/Revisions/SPGlobal_GrupoBimbo,S.A.B.deC.V._Revisions_20-Sep-2026.xlsx",Revisions,158
2026-09-20,revisions,Company,COMPANY LEVEL,EBITDA,Last Three Months,Number of Analysts still in Consensus,FY 2029,FY,2029,,2029-12-31,1,,,1,count of analysts,,"filings/capitaliq/Estimates/Revisions/SPGlobal_GrupoBimbo,S.A.B.deC.V._Revisions_20-Sep-2026.xlsx",Revisions,158
2026-09-20,revisions,Company,COMPANY LEVEL,EBITDA,Last Three Months,Number of Analysts still in Consensus,FY 2030,FY,2030,,2030-12-31,1,,,1,count of analysts,,"filings/capitaliq/Estimates/Revisions/SPGlobal_GrupoBimbo,S.A.B.deC.V._Revisions_20-Sep-2026.xlsx",Revisions,158
2026-09-20,revisions,Company,COMPANY LEVEL,EBITDA,Last Three Months,Upward,FQ3 2026,FQ,2026,3,2026-09-30,1,,,1,count of analysts,,"filings/capitaliq/Estimates/Revisions/SPGlobal_GrupoBimbo,S.A.B.deC.V._Revisions_20-Sep-2026.xlsx",Revisions,159
2026-09-20,revisions,Company,COMPANY LEVEL,EBITDA,Last Three Months,Upward,FQ4 2026,FQ,2026,4,2026-12-31,1,,,1,count of analysts,,"filings/capitaliq/Estimates/Revisions/SPGlobal_GrupoBimbo,S.A.B.deC.V._Revisions_20-Sep-2026.xlsx",Revisions,159
2026-09-20,revisions,Company,COMPANY LEVEL,EBITDA,Last Three Months,Upward,FY 2026,FY,2026,,2026-12-31,3,,,3,count of analysts,,"filings/capitaliq/Estimates/Revisions/SPGlobal_GrupoBimbo,S.A.B.deC.V._Revisions_20-Sep-2026.xlsx",Revisions,159
2026-09-20,revisions,Company,COMPANY LEVEL,EBITDA,Last Three Months,Upward,FY 2027,FY,2027,,2027-12-31,4,,,4,count of analysts,,"filings/capitaliq/Estimates/Revisions/SPGlobal_GrupoBimbo,S.A.B.deC.V._Revisions_20-Sep-2026.xlsx",Revisions,159
2026-09-20,revisions,Company,COMPANY LEVEL,EBITDA,Last Three Months,Upward,FY 2028,FY,2028,,2028-12-31,3,,,3,count of analysts,,"filings/capitaliq/Estimates/Revisions/SPGlobal_GrupoBimbo,S.A.B.deC.V._Revisions_20-Sep-2026.xlsx",Revisions,159
2026-09-20,revisions,Company,COMPANY LEVEL,EBITDA,Last Three Months,Upward,FY 2029,FY,2029,,2029-12-31,0,,,0,count of analysts,,"filings/capitaliq/Estimates/Revisions/SPGlobal_GrupoBimbo,S.A.B.deC.V._Revisions_20-Sep-2026.xlsx",Revisions,159
2026-09-20,revisions,Company,COMPANY LEVEL,EBITDA,Last Three Months,Upward,FY 2030,FY,2030,,2030-12-31,0,,,0,count of analysts,,"filings/capitaliq/Estimates/Revisions/SPGlobal_GrupoBimbo,S.A.B.deC.V._Revisions_20-Sep-2026.xlsx",Revisions,159
2026-09-20,revisions,Company,COMPANY LEVEL,EBITDA,Last Three Months,Downward,FQ3 2026,FQ,2026,3,2026-09-30,0,,,0,count of analysts,,"filings/capitaliq/Estimates/Revisions/SPGlobal_GrupoBimbo,S.A.B.deC.V._Revisions_20-Sep-2026.xlsx",Revisions,160
2026-09-20,revisions,Company,COMPANY LEVEL,EBITDA,Last Three Months,Downward,FQ4 2026,FQ,2026,4,2026-12-31,0,,,0,count of analysts,,"filings/capitaliq/Estimates/Revisions/SPGlobal_GrupoBimbo,S.A.B.deC.V._Revisions_20-Sep-2026.xlsx",Revisions,160
2026-09-20,revisions,Company,COMPANY LEVEL,EBITDA,Last Three Months,Downward,FY 2026,FY,2026,,2026-12-31,3,,,3,count of analysts,,"filings/capitaliq/Estimates/Revisions/SPGlobal_GrupoBimbo,S.A.B.deC.V._Revisions_20-Sep-2026.xlsx",Revisions,160
2026-09-20,revisions,Company,COMPANY LEVEL,EBITDA,Last Three Months,Downward,FY 2027,FY,2027,,2027-12-31,1,,,1,count of analysts,,"filings/capitaliq/Estimates/Revisions/SPGlobal_GrupoBimbo,S.A.B.deC.V._Revisions_20-Sep-2026.xlsx",Revisions,160
2026-09-20,revisions,Company,COMPANY LEVEL,EBITDA,Last Three Months,Downward,FY 2028,FY,2028,,2028-12-31,1,,,1,count of analysts,,"filings/capitaliq/Estimates/Revisions/SPGlobal_GrupoBimbo,S.A.B.deC.V._Revisions_20-Sep-2026.xlsx",Revisions,160
2026-09-20,revisions,Company,COMPANY LEVEL,EBITDA,Last Three Months,Downward,FY 2029,FY,2029,,2029-12-31,0,,,0,count of analysts,,"filings/capitaliq/Estimates/Revisions/SPGlobal_GrupoBimbo,S.A.B.deC.V._Revisions_20-Sep-2026.xlsx",Revisions,160
2026-09-20,revisions,Company,COMPANY LEVEL,EBITDA,Last Three Months,Downward,FY 2030,FY,2030,,2030-12-31,0,,,0,count of analysts,,"filings/capitaliq/Estimates/Revisions/SPGlobal_GrupoBimbo,S.A.B.deC.V._Revisions_20-Sep-2026.xlsx",Revisions,160
2026-09-20,revisions,Company,COMPANY LEVEL,EBIT,Last Month,Number of Analysts,FQ3 2026,FQ,2026,3,2026-09-30,1,,,1,count of analysts,,"filings/capitaliq/Estimates/Revisions/SPGlobal_GrupoBimbo,S.A.B.deC.V._Revisions_20-Sep-2026.xlsx",Revisions,163
2026-09-20,revisions,Company,COMPANY LEVEL,EBIT,Last Month,Number of Analysts,FQ4 2026,FQ,2026,4,2026-12-31,1,,,1,count of analysts,,"filings/capitaliq/Estimates/Revisions/SPGlobal_GrupoBimbo,S.A.B.deC.V._Revisions_20-Sep-2026.xlsx",Revisions,163
2026-09-20,revisions,Company,COMPANY LEVEL,EBIT,Last Month,Number of Analysts,FY 2026,FY,2026,,2026-12-31,8,,,8,count of analysts,,"filings/capitaliq/Estimates/Revisions/SPGlobal_GrupoBimbo,S.A.B.deC.V._Revisions_20-Sep-2026.xlsx",Revisions,163
2026-09-20,revisions,Company,COMPANY LEVEL,EBIT,Last Month,Number of Analysts,FY 2027,FY,2027,,2027-12-31,9,,,9,count of analysts,,"filings/capitaliq/Estimates/Revisions/SPGlobal_GrupoBimbo,S.A.B.deC.V._Revisions_20-Sep-2026.xlsx",Revisions,163
2026-09-20,revisions,Company,COMPANY LEVEL,EBIT,Last Month,Number of Analysts,FY 2028,FY,2028,,2028-12-31,8,,,8,count of analysts,,"filings/capitaliq/Estimates/Revisions/SPGlobal_GrupoBimbo,S.A.B.deC.V._Revisions_20-Sep-2026.xlsx",Revisions,163
2026-09-20,revisions,Company,COMPANY LEVEL,EBIT,Last Month,Number of Analysts,FY 2029,FY,2029,,2029-12-31,1,,,1,count of analysts,,"filings/capitaliq/Estimates/Revisions/SPGlobal_GrupoBimbo,S.A.B.deC.V._Revisions_20-Sep-2026.xlsx",Revisions,163
2026-09-20,revisions,Company,COMPANY LEVEL,EBIT,Last Month,Number of Analysts,FY 2030,FY,2030,,2030-12-31,1,,,1,count of analysts,,"filings/capitaliq/Estimates/Revisions/SPGlobal_GrupoBimbo,S.A.B.deC.V._Revisions_20-Sep-2026.xlsx",Revisions,163
2026-09-20,revisions,Company,COMPANY LEVEL,EBIT,Last Month,Number of Analysts still in Consensus,FQ3 2026,FQ,2026,3,2026-09-30,1,,,1,count of analysts,,"filings/capitaliq/Estimates/Revisions/SPGlobal_GrupoBimbo,S.A.B.deC.V._Revisions_20-Sep-2026.xlsx",Revisions,164
2026-09-20,revisions,Company,COMPANY LEVEL,EBIT,Last Month,Number of Analysts still in Consensus,FQ4 2026,FQ,2026,4,2026-12-31,1,,,1,count of analysts,,"filings/capitaliq/Estimates/Revisions/SPGlobal_GrupoBimbo,S.A.B.deC.V._Revisions_20-Sep-2026.xlsx",Revisions,164
2026-09-20,revisions,Company,COMPANY LEVEL,EBIT,Last Month,Number of Analysts still in Consensus,FY 2026,FY,2026,,2026-12-31,8,,,8,count of analysts,,"filings/capitaliq/Estimates/Revisions/SPGlobal_GrupoBimbo,S.A.B.deC.V._Revisions_20-Sep-2026.xlsx",Revisions,164
2026-09-20,revisions,Company,COMPANY LEVEL,EBIT,Last Month,Number of Analysts still in Consensus,FY 2027,FY,2027,,2027-12-31,9,,,9,count of analysts,,"filings/capitaliq/Estimates/Revisions/SPGlobal_GrupoBimbo,S.A.B.deC.V._Revisions_20-Sep-2026.xlsx",Revisions,164
2026-09-20,revisions,Company,COMPANY LEVEL,EBIT,Last Month,Number of Analysts still in Consensus,FY 2028,FY,2028,,2028-12-31,8,,,8,count of analysts,,"filings/capitaliq/Estimates/Revisions/SPGlobal_GrupoBimbo,S.A.B.deC.V._Revisions_20-Sep-2026.xlsx",Revisions,164
2026-09-20,revisions,Company,COMPANY LEVEL,EBIT,Last Month,Number of Analysts still in Consensus,FY 2029,FY,2029,,2029-12-31,1,,,1,count of analysts,,"filings/capitaliq/Estimates/Revisions/SPGlobal_GrupoBimbo,S.A.B.deC.V._Revisions_20-Sep-2026.xlsx",Revisions,164
2026-09-20,revisions,Company,COMPANY LEVEL,EBIT,Last Month,Number of Analysts still in Consensus,FY 2030,FY,2030,,2030-12-31,1,,,1,count of analysts,,"filings/capitaliq/Estimates/Revisions/SPGlobal_GrupoBimbo,S.A.B.deC.V._Revisions_20-Sep-2026.xlsx",Revisions,164
2026-09-20,revisions,Company,COMPANY LEVEL,EBIT,Last Month,Upward,FQ3 2026,FQ,2026,3,2026-09-30,0,,,0,count of analysts,,"filings/capitaliq/Estimates/Revisions/SPGlobal_GrupoBimbo,S.A.B.deC.V._Revisions_20-Sep-2026.xlsx",Revisions,165
2026-09-20,revisions,Company,COMPANY LEVEL,EBIT,Last Month,Upward,FQ4 2026,FQ,2026,4,2026-12-31,0,,,0,count of analysts,,"filings/capitaliq/Estimates/Revisions/SPGlobal_GrupoBimbo,S.A.B.deC.V._Revisions_20-Sep-2026.xlsx",Revisions,165
2026-09-20,revisions,Company,COMPANY LEVEL,EBIT,Last Month,Upward,FY 2026,FY,2026,,2026-12-31,2,,,2,count of analysts,,"filings/capitaliq/Estimates/Revisions/SPGlobal_GrupoBimbo,S.A.B.deC.V._Revisions_20-Sep-2026.xlsx",Revisions,165
2026-09-20,revisions,Company,COMPANY LEVEL,EBIT,Last Month,Upward,FY 2027,FY,2027,,2027-12-31,1,,,1,count of analysts,,"filings/capitaliq/Estimates/Revisions/SPGlobal_GrupoBimbo,S.A.B.deC.V._Revisions_20-Sep-2026.xlsx",Revisions,165
2026-09-20,revisions,Company,COMPANY LEVEL,EBIT,Last Month,Upward,FY 2028,FY,2028,,2028-12-31,1,,,1,count of analysts,,"filings/capitaliq/Estimates/Revisions/SPGlobal_GrupoBimbo,S.A.B.deC.V._Revisions_20-Sep-2026.xlsx",Revisions,165
2026-09-20,revisions,Company,COMPANY LEVEL,EBIT,Last Month,Upward,FY 2029,FY,2029,,2029-12-31,0,,,0,count of analysts,,"filings/capitaliq/Estimates/Revisions/SPGlobal_GrupoBimbo,S.A.B.deC.V._Revisions_20-Sep-2026.xlsx",Revisions,165
2026-09-20,revisions,Company,COMPANY LEVEL,EBIT,Last Month,Upward,FY 2030,FY,2030,,2030-12-31,0,,,0,count of analysts,,"filings/capitaliq/Estimates/Revisions/SPGlobal_GrupoBimbo,S.A.B.deC.V._Revisions_20-Sep-2026.xlsx",Revisions,165
2026-09-20,revisions,Company,COMPANY LEVEL,EBIT,Last Month,Downward,FQ3 2026,FQ,2026,3,2026-09-30,0,,,0,count of analysts,,"filings/capitaliq/Estimates/Revisions/SPGlobal_GrupoBimbo,S.A.B.deC.V._Revisions_20-Sep-2026.xlsx",Revisions,166
2026-09-20,revisions,Company,COMPANY LEVEL,EBIT,Last Month,Downward,FQ4 2026,FQ,2026,4,2026-12-31,0,,,0,count of analysts,,"filings/capitaliq/Estimates/Revisions/SPGlobal_GrupoBimbo,S.A.B.deC.V._Revisions_20-Sep-2026.xlsx",Revisions,166
2026-09-20,revisions,Company,COMPANY LEVEL,EBIT,Last Month,Downward,FY 2026,FY,2026,,2026-12-31,0,,,0,count of analysts,,"filings/capitaliq/Estimates/Revisions/SPGlobal_GrupoBimbo,S.A.B.deC.V._Revisions_20-Sep-2026.xlsx",Revisions,166
2026-09-20,revisions,Company,COMPANY LEVEL,EBIT,Last Month,Downward,FY 2027,FY,2027,,2027-12-31,1,,,1,count of analysts,,"filings/capitaliq/Estimates/Revisions/SPGlobal_GrupoBimbo,S.A.B.deC.V._Revisions_20-Sep-2026.xlsx",Revisions,166
2026-09-20,revisions,Company,COMPANY LEVEL,EBIT,Last Month,Downward,FY 2028,FY,2028,,2028-12-31,0,,,0,count of analysts,,"filings/capitaliq/Estimates/Revisions/SPGlobal_GrupoBimbo,S.A.B.deC.V._Revisions_20-Sep-2026.xlsx",Revisions,166
2026-09-20,revisions,Company,COMPANY LEVEL,EBIT,Last Month,Downward,FY 2029,FY,2029,,2029-12-31,0,,,0,count of analysts,,"filings/capitaliq/Estimates/Revisions/SPGlobal_GrupoBimbo,S.A.B.deC.V._Revisions_20-Sep-2026.xlsx",Revisions,166
2026-09-20,revisions,Company,COMPANY LEVEL,EBIT,Last Month,Downward,FY 2030,FY,2030,,2030-12-31,0,,,0,count of analysts,,"filings/capitaliq/Estimates/Revisions/SPGlobal_GrupoBimbo,S.A.B.deC.V._Revisions_20-Sep-2026.xlsx",Revisions,166
2026-09-20,revisions,Company,COMPANY LEVEL,EBIT,Last Two Months,Number of Analysts,FQ3 2026,FQ,2026,3,2026-09-30,2,,,2,count of analysts,,"filings/capitaliq/Estimates/Revisions/SPGlobal_GrupoBimbo,S.A.B.deC.V._Revisions_20-Sep-2026.xlsx",Revisions,168
2026-09-20,revisions,Company,COMPANY LEVEL,EBIT,Last Two Months,Number of Analysts,FQ4 2026,FQ,2026,4,2026-12-31,2,,,2,count of analysts,,"filings/capitaliq/Estimates/Revisions/SPGlobal_GrupoBimbo,S.A.B.deC.V._Revisions_20-Sep-2026.xlsx",Revisions,168
2026-09-20,revisions,Company,COMPANY LEVEL,EBIT,Last Two Months,Number of Analysts,FY 2026,FY,2026,,2026-12-31,10,,,10,count of analysts,,"filings/capitaliq/Estimates/Revisions/SPGlobal_GrupoBimbo,S.A.B.deC.V._Revisions_20-Sep-2026.xlsx",Revisions,168
2026-09-20,revisions,Company,COMPANY LEVEL,EBIT,Last Two Months,Number of Analysts,FY 2027,FY,2027,,2027-12-31,9,,,9,count of analysts,,"filings/capitaliq/Estimates/Revisions/SPGlobal_GrupoBimbo,S.A.B.deC.V._Revisions_20-Sep-2026.xlsx",Revisions,168
2026-09-20,revisions,Company,COMPANY LEVEL,EBIT,Last Two Months,Number of Analysts,FY 2028,FY,2028,,2028-12-31,8,,,8,count of analysts,,"filings/capitaliq/Estimates/Revisions/SPGlobal_GrupoBimbo,S.A.B.deC.V._Revisions_20-Sep-2026.xlsx",Revisions,168
2026-09-20,revisions,Company,COMPANY LEVEL,EBIT,Last Two Months,Number of Analysts,FY 2029,FY,2029,,2029-12-31,1,,,1,count of analysts,,"filings/capitaliq/Estimates/Revisions/SPGlobal_GrupoBimbo,S.A.B.deC.V._Revisions_20-Sep-2026.xlsx",Revisions,168
2026-09-20,revisions,Company,COMPANY LEVEL,EBIT,Last Two Months,Number of Analysts,FY 2030,FY,2030,,2030-12-31,1,,,1,count of analysts,,"filings/capitaliq/Estimates/Revisions/SPGlobal_GrupoBimbo,S.A.B.deC.V._Revisions_20-Sep-2026.xlsx",Revisions,168
2026-09-20,revisions,Company,COMPANY LEVEL,EBIT,Last Two Months,Number of Analysts still in Consensus,FQ3 2026,FQ,2026,3,2026-09-30,2,,,2,count of analysts,,"filings/capitaliq/Estimates/Revisions/SPGlobal_GrupoBimbo,S.A.B.deC.V._Revisions_20-Sep-2026.xlsx",Revisions,169
2026-09-20,revisions,Company,COMPANY LEVEL,EBIT,Last Two Months,Number of Analysts still in Consensus,FQ4 2026,FQ,2026,4,2026-12-31,2,,,2,count of analysts,,"filings/capitaliq/Estimates/Revisions/SPGlobal_GrupoBimbo,S.A.B.deC.V._Revisions_20-Sep-2026.xlsx",Revisions,169
2026-09-20,revisions,Company,COMPANY LEVEL,EBIT,Last Two Months,Number of Analysts still in Consensus,FY 2026,FY,2026,,2026-12-31,8,,,8,count of analysts,,"filings/capitaliq/Estimates/Revisions/SPGlobal_GrupoBimbo,S.A.B.deC.V._Revisions_20-Sep-2026.xlsx",Revisions,169
2026-09-20,revisions,Company,COMPANY LEVEL,EBIT,Last Two Months,Number of Analysts still in Consensus,FY 2027,FY,2027,,2027-12-31,9,,,9,count of analysts,,"filings/capitaliq/Estimates/Revisions/SPGlobal_GrupoBimbo,S.A.B.deC.V._Revisions_20-Sep-2026.xlsx",Revisions,169
2026-09-20,revisions,Company,COMPANY LEVEL,EBIT,Last Two Months,Number of Analysts still in Consensus,FY 2028,FY,2028,,2028-12-31,8,,,8,count of analysts,,"filings/capitaliq/Estimates/Revisions/SPGlobal_GrupoBimbo,S.A.B.deC.V._Revisions_20-Sep-2026.xlsx",Revisions,169
2026-09-20,revisions,Company,COMPANY LEVEL,EBIT,Last Two Months,Number of Analysts still in Consensus,FY 2029,FY,2029,,2029-12-31,1,,,1,count of analysts,,"filings/capitaliq/Estimates/Revisions/SPGlobal_GrupoBimbo,S.A.B.deC.V._Revisions_20-Sep-2026.xlsx",Revisions,169
2026-09-20,revisions,Company,COMPANY LEVEL,EBIT,Last Two Months,Number of Analysts still in Consensus,FY 2030,FY,2030,,2030-12-31,1,,,1,count of analysts,,"filings/capitaliq/Estimates/Revisions/SPGlobal_GrupoBimbo,S.A.B.deC.V._Revisions_20-Sep-2026.xlsx",Revisions,169
2026-09-20,revisions,Company,COMPANY LEVEL,EBIT,Last Two Months,Upward,FQ3 2026,FQ,2026,3,2026-09-30,2,,,2,count of analysts,,"filings/capitaliq/Estimates/Revisions/SPGlobal_GrupoBimbo,S.A.B.deC.V._Revisions_20-Sep-2026.xlsx",Revisions,170
2026-09-20,revisions,Company,COMPANY LEVEL,EBIT,Last Two Months,Upward,FQ4 2026,FQ,2026,4,2026-12-31,2,,,2,count of analysts,,"filings/capitaliq/Estimates/Revisions/SPGlobal_GrupoBimbo,S.A.B.deC.V._Revisions_20-Sep-2026.xlsx",Revisions,170
2026-09-20,revisions,Company,COMPANY LEVEL,EBIT,Last Two Months,Upward,FY 2026,FY,2026,,2026-12-31,3,,,3,count of analysts,,"filings/capitaliq/Estimates/Revisions/SPGlobal_GrupoBimbo,S.A.B.deC.V._Revisions_20-Sep-2026.xlsx",Revisions,170
2026-09-20,revisions,Company,COMPANY LEVEL,EBIT,Last Two Months,Upward,FY 2027,FY,2027,,2027-12-31,3,,,3,count of analysts,,"filings/capitaliq/Estimates/Revisions/SPGlobal_GrupoBimbo,S.A.B.deC.V._Revisions_20-Sep-2026.xlsx",Revisions,170
2026-09-20,revisions,Company,COMPANY LEVEL,EBIT,Last Two Months,Upward,FY 2028,FY,2028,,2028-12-31,2,,,2,count of analysts,,"filings/capitaliq/Estimates/Revisions/SPGlobal_GrupoBimbo,S.A.B.deC.V._Revisions_20-Sep-2026.xlsx",Revisions,170
2026-09-20,revisions,Company,COMPANY LEVEL,EBIT,Last Two Months,Upward,FY 2029,FY,2029,,2029-12-31,0,,,0,count of analysts,,"filings/capitaliq/Estimates/Revisions/SPGlobal_GrupoBimbo,S.A.B.deC.V._Revisions_20-Sep-2026.xlsx",Revisions,170
2026-09-20,revisions,Company,COMPANY LEVEL,EBIT,Last Two Months,Upward,FY 2030,FY,2030,,2030-12-31,0,,,0,count of analysts,,"filings/capitaliq/Estimates/Revisions/SPGlobal_GrupoBimbo,S.A.B.deC.V._Revisions_20-Sep-2026.xlsx",Revisions,170
2026-09-20,revisions,Company,COMPANY LEVEL,EBIT,Last Two Months,Downward,FQ3 2026,FQ,2026,3,2026-09-30,0,,,0,count of analysts,,"filings/capitaliq/Estimates/Revisions/SPGlobal_GrupoBimbo,S.A.B.deC.V._Revisions_20-Sep-2026.xlsx",Revisions,171
2026-09-20,revisions,Company,COMPANY LEVEL,EBIT,Last Two Months,Downward,FQ4 2026,FQ,2026,4,2026-12-31,0,,,0,count of analysts,,"filings/capitaliq/Estimates/Revisions/SPGlobal_GrupoBimbo,S.A.B.deC.V._Revisions_20-Sep-2026.xlsx",Revisions,171
2026-09-20,revisions,Company,COMPANY LEVEL,EBIT,Last Two Months,Downward,FY 2026,FY,2026,,2026-12-31,1,,,1,count of analysts,,"filings/capitaliq/Estimates/Revisions/SPGlobal_GrupoBimbo,S.A.B.deC.V._Revisions_20-Sep-2026.xlsx",Revisions,171
2026-09-20,revisions,Company,COMPANY LEVEL,EBIT,Last Two Months,Downward,FY 2027,FY,2027,,2027-12-31,1,,,1,count of analysts,,"filings/capitaliq/Estimates/Revisions/SPGlobal_GrupoBimbo,S.A.B.deC.V._Revisions_20-Sep-2026.xlsx",Revisions,171
2026-09-20,revisions,Company,COMPANY LEVEL,EBIT,Last Two Months,Downward,FY 2028,FY,2028,,2028-12-31,1,,,1,count of analysts,,"filings/capitaliq/Estimates/Revisions/SPGlobal_GrupoBimbo,S.A.B.deC.V._Revisions_20-Sep-2026.xlsx",Revisions,171
2026-09-20,revisions,Company,COMPANY LEVEL,EBIT,Last Two Months,Downward,FY 2029,FY,2029,,2029-12-31,0,,,0,count of analysts,,"filings/capitaliq/Estimates/Revisions/SPGlobal_GrupoBimbo,S.A.B.deC.V._Revisions_20-Sep-2026.xlsx",Revisions,171
2026-09-20,revisions,Company,COMPANY LEVEL,EBIT,Last Two Months,Downward,FY 2030,FY,2030,,2030-12-31,0,,,0,count of analysts,,"filings/capitaliq/Estimates/Revisions/SPGlobal_GrupoBimbo,S.A.B.deC.V._Revisions_20-Sep-2026.xlsx",Revisions,171
2026-09-20,revisions,Company,COMPANY LEVEL,EBIT,Last Three Months,Number of Analysts,FQ3 2026,FQ,2026,3,2026-09-30,1,,,1,count of analysts,,"filings/capitaliq/Estimates/Revisions/SPGlobal_GrupoBimbo,S.A.B.deC.V._Revisions_20-Sep-2026.xlsx",Revisions,173
2026-09-20,revisions,Company,COMPANY LEVEL,EBIT,Last Three Months,Number of Analysts,FQ4 2026,FQ,2026,4,2026-12-31,1,,,1,count of analysts,,"filings/capitaliq/Estimates/Revisions/SPGlobal_GrupoBimbo,S.A.B.deC.V._Revisions_20-Sep-2026.xlsx",Revisions,173
2026-09-20,revisions,Company,COMPANY LEVEL,EBIT,Last Three Months,Number of Analysts,FY 2026,FY,2026,,2026-12-31,10,,,10,count of analysts,,"filings/capitaliq/Estimates/Revisions/SPGlobal_GrupoBimbo,S.A.B.deC.V._Revisions_20-Sep-2026.xlsx",Revisions,173
2026-09-20,revisions,Company,COMPANY LEVEL,EBIT,Last Three Months,Number of Analysts,FY 2027,FY,2027,,2027-12-31,10,,,10,count of analysts,,"filings/capitaliq/Estimates/Revisions/SPGlobal_GrupoBimbo,S.A.B.deC.V._Revisions_20-Sep-2026.xlsx",Revisions,173
2026-09-20,revisions,Company,COMPANY LEVEL,EBIT,Last Three Months,Number of Analysts,FY 2028,FY,2028,,2028-12-31,8,,,8,count of analysts,,"filings/capitaliq/Estimates/Revisions/SPGlobal_GrupoBimbo,S.A.B.deC.V._Revisions_20-Sep-2026.xlsx",Revisions,173
2026-09-20,revisions,Company,COMPANY LEVEL,EBIT,Last Three Months,Number of Analysts,FY 2029,FY,2029,,2029-12-31,1,,,1,count of analysts,,"filings/capitaliq/Estimates/Revisions/SPGlobal_GrupoBimbo,S.A.B.deC.V._Revisions_20-Sep-2026.xlsx",Revisions,173
2026-09-20,revisions,Company,COMPANY LEVEL,EBIT,Last Three Months,Number of Analysts,FY 2030,FY,2030,,2030-12-31,1,,,1,count of analysts,,"filings/capitaliq/Estimates/Revisions/SPGlobal_GrupoBimbo,S.A.B.deC.V._Revisions_20-Sep-2026.xlsx",Revisions,173
2026-09-20,revisions,Company,COMPANY LEVEL,EBIT,Last Three Months,Number of Analysts still in Consensus,FQ3 2026,FQ,2026,3,2026-09-30,1,,,1,count of analysts,,"filings/capitaliq/Estimates/Revisions/SPGlobal_GrupoBimbo,S.A.B.deC.V._Revisions_20-Sep-2026.xlsx",Revisions,174
2026-09-20,revisions,Company,COMPANY LEVEL,EBIT,Last Three Months,Number of Analysts still in Consensus,FQ4 2026,FQ,2026,4,2026-12-31,1,,,1,count of analysts,,"filings/capitaliq/Estimates/Revisions/SPGlobal_GrupoBimbo,S.A.B.deC.V._Revisions_20-Sep-2026.xlsx",Revisions,174
2026-09-20,revisions,Company,COMPANY LEVEL,EBIT,Last Three Months,Number of Analysts still in Consensus,FY 2026,FY,2026,,2026-12-31,8,,,8,count of analysts,,"filings/capitaliq/Estimates/Revisions/SPGlobal_GrupoBimbo,S.A.B.deC.V._Revisions_20-Sep-2026.xlsx",Revisions,174
2026-09-20,revisions,Company,COMPANY LEVEL,EBIT,Last Three Months,Number of Analysts still in Consensus,FY 2027,FY,2027,,2027-12-31,9,,,9,count of analysts,,"filings/capitaliq/Estimates/Revisions/SPGlobal_GrupoBimbo,S.A.B.deC.V._Revisions_20-Sep-2026.xlsx",Revisions,174
2026-09-20,revisions,Company,COMPANY LEVEL,EBIT,Last Three Months,Number of Analysts still in Consensus,FY 2028,FY,2028,,2028-12-31,8,,,8,count of analysts,,"filings/capitaliq/Estimates/Revisions/SPGlobal_GrupoBimbo,S.A.B.deC.V._Revisions_20-Sep-2026.xlsx",Revisions,174
2026-09-20,revisions,Company,COMPANY LEVEL,EBIT,Last Three Months,Number of Analysts still in Consensus,FY 2029,FY,2029,,2029-12-31,1,,,1,count of analysts,,"filings/capitaliq/Estimates/Revisions/SPGlobal_GrupoBimbo,S.A.B.deC.V._Revisions_20-Sep-2026.xlsx",Revisions,174
2026-09-20,revisions,Company,COMPANY LEVEL,EBIT,Last Three Months,Number of Analysts still in Consensus,FY 2030,FY,2030,,2030-12-31,1,,,1,count of analysts,,"filings/capitaliq/Estimates/Revisions/SPGlobal_GrupoBimbo,S.A.B.deC.V._Revisions_20-Sep-2026.xlsx",Revisions,174
2026-09-20,revisions,Company,COMPANY LEVEL,EBIT,Last Three Months,Upward,FQ3 2026,FQ,2026,3,2026-09-30,1,,,1,count of analysts,,"filings/capitaliq/Estimates/Revisions/SPGlobal_GrupoBimbo,S.A.B.deC.V._Revisions_20-Sep-2026.xlsx",Revisions,175
2026-09-20,revisions,Company,COMPANY LEVEL,EBIT,Last Three Months,Upward,FQ4 2026,FQ,2026,4,2026-12-31,1,,,1,count of analysts,,"filings/capitaliq/Estimates/Revisions/SPGlobal_GrupoBimbo,S.A.B.deC.V._Revisions_20-Sep-2026.xlsx",Revisions,175
2026-09-20,revisions,Company,COMPANY LEVEL,EBIT,Last Three Months,Upward,FY 2026,FY,2026,,2026-12-31,4,,,4,count of analysts,,"filings/capitaliq/Estimates/Revisions/SPGlobal_GrupoBimbo,S.A.B.deC.V._Revisions_20-Sep-2026.xlsx",Revisions,175
2026-09-20,revisions,Company,COMPANY LEVEL,EBIT,Last Three Months,Upward,FY 2027,FY,2027,,2027-12-31,3,,,3,count of analysts,,"filings/capitaliq/Estimates/Revisions/SPGlobal_GrupoBimbo,S.A.B.deC.V._Revisions_20-Sep-2026.xlsx",Revisions,175
2026-09-20,revisions,Company,COMPANY LEVEL,EBIT,Last Three Months,Upward,FY 2028,FY,2028,,2028-12-31,3,,,3,count of analysts,,"filings/capitaliq/Estimates/Revisions/SPGlobal_GrupoBimbo,S.A.B.deC.V._Revisions_20-Sep-2026.xlsx",Revisions,175
2026-09-20,revisions,Company,COMPANY LEVEL,EBIT,Last Three Months,Upward,FY 2029,FY,2029,,2029-12-31,0,,,0,count of analysts,,"filings/capitaliq/Estimates/Revisions/SPGlobal_GrupoBimbo,S.A.B.deC.V._Revisions_20-Sep-2026.xlsx",Revisions,175
2026-09-20,revisions,Company,COMPANY LEVEL,EBIT,Last Three Months,Upward,FY 2030,FY,2030,,2030-12-31,0,,,0,count of analysts,,"filings/capitaliq/Estimates/Revisions/SPGlobal_GrupoBimbo,S.A.B.deC.V._Revisions_20-Sep-2026.xlsx",Revisions,175
2026-09-20,revisions,Company,COMPANY LEVEL,EBIT,Last Three Months,Downward,FQ3 2026,FQ,2026,3,2026-09-30,0,,,0,count of analysts,,"filings/capitaliq/Estimates/Revisions/SPGlobal_GrupoBimbo,S.A.B.deC.V._Revisions_20-Sep-2026.xlsx",Revisions,176
2026-09-20,revisions,Company,COMPANY LEVEL,EBIT,Last Three Months,Downward,FQ4 2026,FQ,2026,4,2026-12-31,0,,,0,count of analysts,,"filings/capitaliq/Estimates/Revisions/SPGlobal_GrupoBimbo,S.A.B.deC.V._Revisions_20-Sep-2026.xlsx",Revisions,176
2026-09-20,revisions,Company,COMPANY LEVEL,EBIT,Last Three Months,Downward,FY 2026,FY,2026,,2026-12-31,1,,,1,count of analysts,,"filings/capitaliq/Estimates/Revisions/SPGlobal_GrupoBimbo,S.A.B.deC.V._Revisions_20-Sep-2026.xlsx",Revisions,176
2026-09-20,revisions,Company,COMPANY LEVEL,EBIT,Last Three Months,Downward,FY 2027,FY,2027,,2027-12-31,2,,,2,count of analysts,,"filings/capitaliq/Estimates/Revisions/SPGlobal_GrupoBimbo,S.A.B.deC.V._Revisions_20-Sep-2026.xlsx",Revisions,176
2026-09-20,revisions,Company,COMPANY LEVEL,EBIT,Last Three Months,Downward,FY 2028,FY,2028,,2028-12-31,1,,,1,count of analysts,,"filings/capitaliq/Estimates/Revisions/SPGlobal_GrupoBimbo,S.A.B.deC.V._Revisions_20-Sep-2026.xlsx",Revisions,176
2026-09-20,revisions,Company,COMPANY LEVEL,EBIT,Last Three Months,Downward,FY 2029,FY,2029,,2029-12-31,0,,,0,count of analysts,,"filings/capitaliq/Estimates/Revisions/SPGlobal_GrupoBimbo,S.A.B.deC.V._Revisions_20-Sep-2026.xlsx",Revisions,176
2026-09-20,revisions,Company,COMPANY LEVEL,EBIT,Last Three Months,Downward,FY 2030,FY,2030,,2030-12-31,0,,,0,count of analysts,,"filings/capitaliq/Estimates/Revisions/SPGlobal_GrupoBimbo,S.A.B.deC.V._Revisions_20-Sep-2026.xlsx",Revisions,176
2026-09-20,revisions,Company,COMPANY LEVEL,Interest Expense,Last Month,Number of Analysts,FQ3 2026,FQ,2026,3,2026-09-30,1,,,1,count of analysts,,"filings/capitaliq/Estimates/Revisions/SPGlobal_GrupoBimbo,S.A.B.deC.V._Revisions_20-Sep-2026.xlsx",Revisions,179
2026-09-20,revisions,Company,COMPANY LEVEL,Interest Expense,Last Month,Number of Analysts,FQ4 2026,FQ,2026,4,2026-12-31,1,,,1,count of analysts,,"filings/capitaliq/Estimates/Revisions/SPGlobal_GrupoBimbo,S.A.B.deC.V._Revisions_20-Sep-2026.xlsx",Revisions,179
2026-09-20,revisions,Company,COMPANY LEVEL,Interest Expense,Last Month,Number of Analysts,FY 2026,FY,2026,,2026-12-31,3,,,3,count of analysts,,"filings/capitaliq/Estimates/Revisions/SPGlobal_GrupoBimbo,S.A.B.deC.V._Revisions_20-Sep-2026.xlsx",Revisions,179
2026-09-20,revisions,Company,COMPANY LEVEL,Interest Expense,Last Month,Number of Analysts,FY 2027,FY,2027,,2027-12-31,4,,,4,count of analysts,,"filings/capitaliq/Estimates/Revisions/SPGlobal_GrupoBimbo,S.A.B.deC.V._Revisions_20-Sep-2026.xlsx",Revisions,179
2026-09-20,revisions,Company,COMPANY LEVEL,Interest Expense,Last Month,Number of Analysts,FY 2028,FY,2028,,2028-12-31,4,,,4,count of analysts,,"filings/capitaliq/Estimates/Revisions/SPGlobal_GrupoBimbo,S.A.B.deC.V._Revisions_20-Sep-2026.xlsx",Revisions,179
2026-09-20,revisions,Company,COMPANY LEVEL,Interest Expense,Last Month,Number of Analysts,FY 2029,FY,2029,,2029-12-31,1,,,1,count of analysts,,"filings/capitaliq/Estimates/Revisions/SPGlobal_GrupoBimbo,S.A.B.deC.V._Revisions_20-Sep-2026.xlsx",Revisions,179
2026-09-20,revisions,Company,COMPANY LEVEL,Interest Expense,Last Month,Number of Analysts,FY 2030,FY,2030,,2030-12-31,1,,,1,count of analysts,,"filings/capitaliq/Estimates/Revisions/SPGlobal_GrupoBimbo,S.A.B.deC.V._Revisions_20-Sep-2026.xlsx",Revisions,179
2026-09-20,revisions,Company,COMPANY LEVEL,Interest Expense,Last Month,Number of Analysts still in Consensus,FQ3 2026,FQ,2026,3,2026-09-30,1,,,1,count of analysts,,"filings/capitaliq/Estimates/Revisions/SPGlobal_GrupoBimbo,S.A.B.deC.V._Revisions_20-Sep-2026.xlsx",Revisions,180
2026-09-20,revisions,Company,COMPANY LEVEL,Interest Expense,Last Month,Number of Analysts still in Consensus,FQ4 2026,FQ,2026,4,2026-12-31,1,,,1,count of analysts,,"filings/capitaliq/Estimates/Revisions/SPGlobal_GrupoBimbo,S.A.B.deC.V._Revisions_20-Sep-2026.xlsx",Revisions,180
2026-09-20,revisions,Company,COMPANY LEVEL,Interest Expense,Last Month,Number of Analysts still in Consensus,FY 2026,FY,2026,,2026-12-31,3,,,3,count of analysts,,"filings/capitaliq/Estimates/Revisions/SPGlobal_GrupoBimbo,S.A.B.deC.V._Revisions_20-Sep-2026.xlsx",Revisions,180
2026-09-20,revisions,Company,COMPANY LEVEL,Interest Expense,Last Month,Number of Analysts still in Consensus,FY 2027,FY,2027,,2027-12-31,4,,,4,count of analysts,,"filings/capitaliq/Estimates/Revisions/SPGlobal_GrupoBimbo,S.A.B.deC.V._Revisions_20-Sep-2026.xlsx",Revisions,180
2026-09-20,revisions,Company,COMPANY LEVEL,Interest Expense,Last Month,Number of Analysts still in Consensus,FY 2028,FY,2028,,2028-12-31,4,,,4,count of analysts,,"filings/capitaliq/Estimates/Revisions/SPGlobal_GrupoBimbo,S.A.B.deC.V._Revisions_20-Sep-2026.xlsx",Revisions,180
2026-09-20,revisions,Company,COMPANY LEVEL,Interest Expense,Last Month,Number of Analysts still in Consensus,FY 2029,FY,2029,,2029-12-31,1,,,1,count of analysts,,"filings/capitaliq/Estimates/Revisions/SPGlobal_GrupoBimbo,S.A.B.deC.V._Revisions_20-Sep-2026.xlsx",Revisions,180
2026-09-20,revisions,Company,COMPANY LEVEL,Interest Expense,Last Month,Number of Analysts still in Consensus,FY 2030,FY,2030,,2030-12-31,1,,,1,count of analysts,,"filings/capitaliq/Estimates/Revisions/SPGlobal_GrupoBimbo,S.A.B.deC.V._Revisions_20-Sep-2026.xlsx",Revisions,180
2026-09-20,revisions,Company,COMPANY LEVEL,Interest Expense,Last Month,Upward,FQ3 2026,FQ,2026,3,2026-09-30,0,,,0,count of analysts,,"filings/capitaliq/Estimates/Revisions/SPGlobal_GrupoBimbo,S.A.B.deC.V._Revisions_20-Sep-2026.xlsx",Revisions,181
2026-09-20,revisions,Company,COMPANY LEVEL,Interest Expense,Last Month,Upward,FQ4 2026,FQ,2026,4,2026-12-31,0,,,0,count of analysts,,"filings/capitaliq/Estimates/Revisions/SPGlobal_GrupoBimbo,S.A.B.deC.V._Revisions_20-Sep-2026.xlsx",Revisions,181
2026-09-20,revisions,Company,COMPANY LEVEL,Interest Expense,Last Month,Upward,FY 2026,FY,2026,,2026-12-31,0,,,0,count of analysts,,"filings/capitaliq/Estimates/Revisions/SPGlobal_GrupoBimbo,S.A.B.deC.V._Revisions_20-Sep-2026.xlsx",Revisions,181
2026-09-20,revisions,Company,COMPANY LEVEL,Interest Expense,Last Month,Upward,FY 2027,FY,2027,,2027-12-31,0,,,0,count of analysts,,"filings/capitaliq/Estimates/Revisions/SPGlobal_GrupoBimbo,S.A.B.deC.V._Revisions_20-Sep-2026.xlsx",Revisions,181
2026-09-20,revisions,Company,COMPANY LEVEL,Interest Expense,Last Month,Upward,FY 2028,FY,2028,,2028-12-31,0,,,0,count of analysts,,"filings/capitaliq/Estimates/Revisions/SPGlobal_GrupoBimbo,S.A.B.deC.V._Revisions_20-Sep-2026.xlsx",Revisions,181
2026-09-20,revisions,Company,COMPANY LEVEL,Interest Expense,Last Month,Upward,FY 2029,FY,2029,,2029-12-31,0,,,0,count of analysts,,"filings/capitaliq/Estimates/Revisions/SPGlobal_GrupoBimbo,S.A.B.deC.V._Revisions_20-Sep-2026.xlsx",Revisions,181
2026-09-20,revisions,Company,COMPANY LEVEL,Interest Expense,Last Month,Upward,FY 2030,FY,2030,,2030-12-31,0,,,0,count of analysts,,"filings/capitaliq/Estimates/Revisions/SPGlobal_GrupoBimbo,S.A.B.deC.V._Revisions_20-Sep-2026.xlsx",Revisions,181
2026-09-20,revisions,Company,COMPANY LEVEL,Interest Expense,Last Month,Downward,FQ3 2026,FQ,2026,3,2026-09-30,0,,,0,count of analysts,,"filings/capitaliq/Estimates/Revisions/SPGlobal_GrupoBimbo,S.A.B.deC.V._Revisions_20-Sep-2026.xlsx",Revisions,182
2026-09-20,revisions,Company,COMPANY LEVEL,Interest Expense,Last Month,Downward,FQ4 2026,FQ,2026,4,2026-12-31,0,,,0,count of analysts,,"filings/capitaliq/Estimates/Revisions/SPGlobal_GrupoBimbo,S.A.B.deC.V._Revisions_20-Sep-2026.xlsx",Revisions,182
2026-09-20,revisions,Company,COMPANY LEVEL,Interest Expense,Last Month,Downward,FY 2026,FY,2026,,2026-12-31,0,,,0,count of analysts,,"filings/capitaliq/Estimates/Revisions/SPGlobal_GrupoBimbo,S.A.B.deC.V._Revisions_20-Sep-2026.xlsx",Revisions,182
2026-09-20,revisions,Company,COMPANY LEVEL,Interest Expense,Last Month,Downward,FY 2027,FY,2027,,2027-12-31,0,,,0,count of analysts,,"filings/capitaliq/Estimates/Revisions/SPGlobal_GrupoBimbo,S.A.B.deC.V._Revisions_20-Sep-2026.xlsx",Revisions,182
2026-09-20,revisions,Company,COMPANY LEVEL,Interest Expense,Last Month,Downward,FY 2028,FY,2028,,2028-12-31,0,,,0,count of analysts,,"filings/capitaliq/Estimates/Revisions/SPGlobal_GrupoBimbo,S.A.B.deC.V._Revisions_20-Sep-2026.xlsx",Revisions,182
2026-09-20,revisions,Company,COMPANY LEVEL,Interest Expense,Last Month,Downward,FY 2029,FY,2029,,2029-12-31,0,,,0,count of analysts,,"filings/capitaliq/Estimates/Revisions/SPGlobal_GrupoBimbo,S.A.B.deC.V._Revisions_20-Sep-2026.xlsx",Revisions,182
2026-09-20,revisions,Company,COMPANY LEVEL,Interest Expense,Last Month,Downward,FY 2030,FY,2030,,2030-12-31,0,,,0,count of analysts,,"filings/capitaliq/Estimates/Revisions/SPGlobal_GrupoBimbo,S.A.B.deC.V._Revisions_20-Sep-2026.xlsx",Revisions,182
2026-09-20,revisions,Company,COMPANY LEVEL,Interest Expense,Last Two Months,Number of Analysts,FQ3 2026,FQ,2026,3,2026-09-30,1,,,1,count of analysts,,"filings/capitaliq/Estimates/Revisions/SPGlobal_GrupoBimbo,S.A.B.deC.V._Revisions_20-Sep-2026.xlsx",Revisions,184
2026-09-20,revisions,Company,COMPANY LEVEL,Interest Expense,Last Two Months,Number of Analysts,FQ4 2026,FQ,2026,4,2026-12-31,1,,,1,count of analysts,,"filings/capitaliq/Estimates/Revisions/SPGlobal_GrupoBimbo,S.A.B.deC.V._Revisions_20-Sep-2026.xlsx",Revisions,184
2026-09-20,revisions,Company,COMPANY LEVEL,Interest Expense,Last Two Months,Number of Analysts,FY 2026,FY,2026,,2026-12-31,3,,,3,count of analysts,,"filings/capitaliq/Estimates/Revisions/SPGlobal_GrupoBimbo,S.A.B.deC.V._Revisions_20-Sep-2026.xlsx",Revisions,184
2026-09-20,revisions,Company,COMPANY LEVEL,Interest Expense,Last Two Months,Number of Analysts,FY 2027,FY,2027,,2027-12-31,3,,,3,count of analysts,,"filings/capitaliq/Estimates/Revisions/SPGlobal_GrupoBimbo,S.A.B.deC.V._Revisions_20-Sep-2026.xlsx",Revisions,184
2026-09-20,revisions,Company,COMPANY LEVEL,Interest Expense,Last Two Months,Number of Analysts,FY 2028,FY,2028,,2028-12-31,3,,,3,count of analysts,,"filings/capitaliq/Estimates/Revisions/SPGlobal_GrupoBimbo,S.A.B.deC.V._Revisions_20-Sep-2026.xlsx",Revisions,184
2026-09-20,revisions,Company,COMPANY LEVEL,Interest Expense,Last Two Months,Number of Analysts,FY 2029,FY,2029,,2029-12-31,1,,,1,count of analysts,,"filings/capitaliq/Estimates/Revisions/SPGlobal_GrupoBimbo,S.A.B.deC.V._Revisions_20-Sep-2026.xlsx",Revisions,184
2026-09-20,revisions,Company,COMPANY LEVEL,Interest Expense,Last Two Months,Number of Analysts,FY 2030,FY,2030,,2030-12-31,1,,,1,count of analysts,,"filings/capitaliq/Estimates/Revisions/SPGlobal_GrupoBimbo,S.A.B.deC.V._Revisions_20-Sep-2026.xlsx",Revisions,184
2026-09-20,revisions,Company,COMPANY LEVEL,Interest Expense,Last Two Months,Number of Analysts still in Consensus,FQ3 2026,FQ,2026,3,2026-09-30,1,,,1,count of analysts,,"filings/capitaliq/Estimates/Revisions/SPGlobal_GrupoBimbo,S.A.B.deC.V._Revisions_20-Sep-2026.xlsx",Revisions,185
2026-09-20,revisions,Company,COMPANY LEVEL,Interest Expense,Last Two Months,Number of Analysts still in Consensus,FQ4 2026,FQ,2026,4,2026-12-31,1,,,1,count of analysts,,"filings/capitaliq/Estimates/Revisions/SPGlobal_GrupoBimbo,S.A.B.deC.V._Revisions_20-Sep-2026.xlsx",Revisions,185
2026-09-20,revisions,Company,COMPANY LEVEL,Interest Expense,Last Two Months,Number of Analysts still in Consensus,FY 2026,FY,2026,,2026-12-31,2,,,2,count of analysts,,"filings/capitaliq/Estimates/Revisions/SPGlobal_GrupoBimbo,S.A.B.deC.V._Revisions_20-Sep-2026.xlsx",Revisions,185
2026-09-20,revisions,Company,COMPANY LEVEL,Interest Expense,Last Two Months,Number of Analysts still in Consensus,FY 2027,FY,2027,,2027-12-31,3,,,3,count of analysts,,"filings/capitaliq/Estimates/Revisions/SPGlobal_GrupoBimbo,S.A.B.deC.V._Revisions_20-Sep-2026.xlsx",Revisions,185
2026-09-20,revisions,Company,COMPANY LEVEL,Interest Expense,Last Two Months,Number of Analysts still in Consensus,FY 2028,FY,2028,,2028-12-31,3,,,3,count of analysts,,"filings/capitaliq/Estimates/Revisions/SPGlobal_GrupoBimbo,S.A.B.deC.V._Revisions_20-Sep-2026.xlsx",Revisions,185
2026-09-20,revisions,Company,COMPANY LEVEL,Interest Expense,Last Two Months,Number of Analysts still in Consensus,FY 2029,FY,2029,,2029-12-31,1,,,1,count of analysts,,"filings/capitaliq/Estimates/Revisions/SPGlobal_GrupoBimbo,S.A.B.deC.V._Revisions_20-Sep-2026.xlsx",Revisions,185
2026-09-20,revisions,Company,COMPANY LEVEL,Interest Expense,Last Two Months,Number of Analysts still in Consensus,FY 2030,FY,2030,,2030-12-31,1,,,1,count of analysts,,"filings/capitaliq/Estimates/Revisions/SPGlobal_GrupoBimbo,S.A.B.deC.V._Revisions_20-Sep-2026.xlsx",Revisions,185
2026-09-20,revisions,Company,COMPANY LEVEL,Interest Expense,Last Two Months,Upward,FQ3 2026,FQ,2026,3,2026-09-30,0,,,0,count of analysts,,"filings/capitaliq/Estimates/Revisions/SPGlobal_GrupoBimbo,S.A.B.deC.V._Revisions_20-Sep-2026.xlsx",Revisions,186
2026-09-20,revisions,Company,COMPANY LEVEL,Interest Expense,Last Two Months,Upward,FQ4 2026,FQ,2026,4,2026-12-31,0,,,0,count of analysts,,"filings/capitaliq/Estimates/Revisions/SPGlobal_GrupoBimbo,S.A.B.deC.V._Revisions_20-Sep-2026.xlsx",Revisions,186
2026-09-20,revisions,Company,COMPANY LEVEL,Interest Expense,Last Two Months,Upward,FY 2026,FY,2026,,2026-12-31,0,,,0,count of analysts,,"filings/capitaliq/Estimates/Revisions/SPGlobal_GrupoBimbo,S.A.B.deC.V._Revisions_20-Sep-2026.xlsx",Revisions,186
2026-09-20,revisions,Company,COMPANY LEVEL,Interest Expense,Last Two Months,Upward,FY 2027,FY,2027,,2027-12-31,0,,,0,count of analysts,,"filings/capitaliq/Estimates/Revisions/SPGlobal_GrupoBimbo,S.A.B.deC.V._Revisions_20-Sep-2026.xlsx",Revisions,186
2026-09-20,revisions,Company,COMPANY LEVEL,Interest Expense,Last Two Months,Upward,FY 2028,FY,2028,,2028-12-31,0,,,0,count of analysts,,"filings/capitaliq/Estimates/Revisions/SPGlobal_GrupoBimbo,S.A.B.deC.V._Revisions_20-Sep-2026.xlsx",Revisions,186
2026-09-20,revisions,Company,COMPANY LEVEL,Interest Expense,Last Two Months,Upward,FY 2029,FY,2029,,2029-12-31,0,,,0,count of analysts,,"filings/capitaliq/Estimates/Revisions/SPGlobal_GrupoBimbo,S.A.B.deC.V._Revisions_20-Sep-2026.xlsx",Revisions,186
2026-09-20,revisions,Company,COMPANY LEVEL,Interest Expense,Last Two Months,Upward,FY 2030,FY,2030,,2030-12-31,0,,,0,count of analysts,,"filings/capitaliq/Estimates/Revisions/SPGlobal_GrupoBimbo,S.A.B.deC.V._Revisions_20-Sep-2026.xlsx",Revisions,186
2026-09-20,revisions,Company,COMPANY LEVEL,Interest Expense,Last Two Months,Downward,FQ3 2026,FQ,2026,3,2026-09-30,1,,,1,count of analysts,,"filings/capitaliq/Estimates/Revisions/SPGlobal_GrupoBimbo,S.A.B.deC.V._Revisions_20-Sep-2026.xlsx",Revisions,187
2026-09-20,revisions,Company,COMPANY LEVEL,Interest Expense,Last Two Months,Downward,FQ4 2026,FQ,2026,4,2026-12-31,1,,,1,count of analysts,,"filings/capitaliq/Estimates/Revisions/SPGlobal_GrupoBimbo,S.A.B.deC.V._Revisions_20-Sep-2026.xlsx",Revisions,187
2026-09-20,revisions,Company,COMPANY LEVEL,Interest Expense,Last Two Months,Downward,FY 2026,FY,2026,,2026-12-31,1,,,1,count of analysts,,"filings/capitaliq/Estimates/Revisions/SPGlobal_GrupoBimbo,S.A.B.deC.V._Revisions_20-Sep-2026.xlsx",Revisions,187
2026-09-20,revisions,Company,COMPANY LEVEL,Interest Expense,Last Two Months,Downward,FY 2027,FY,2027,,2027-12-31,1,,,1,count of analysts,,"filings/capitaliq/Estimates/Revisions/SPGlobal_GrupoBimbo,S.A.B.deC.V._Revisions_20-Sep-2026.xlsx",Revisions,187
2026-09-20,revisions,Company,COMPANY LEVEL,Interest Expense,Last Two Months,Downward,FY 2028,FY,2028,,2028-12-31,1,,,1,count of analysts,,"filings/capitaliq/Estimates/Revisions/SPGlobal_GrupoBimbo,S.A.B.deC.V._Revisions_20-Sep-2026.xlsx",Revisions,187
2026-09-20,revisions,Company,COMPANY LEVEL,Interest Expense,Last Two Months,Downward,FY 2029,FY,2029,,2029-12-31,0,,,0,count of analysts,,"filings/capitaliq/Estimates/Revisions/SPGlobal_GrupoBimbo,S.A.B.deC.V._Revisions_20-Sep-2026.xlsx",Revisions,187
2026-09-20,revisions,Company,COMPANY LEVEL,Interest Expense,Last Two Months,Downward,FY 2030,FY,2030,,2030-12-31,0,,,0,count of analysts,,"filings/capitaliq/Estimates/Revisions/SPGlobal_GrupoBimbo,S.A.B.deC.V._Revisions_20-Sep-2026.xlsx",Revisions,187
2026-09-20,revisions,Company,COMPANY LEVEL,Interest Expense,Last Three Months,Number of Analysts,FY 2026,FY,2026,,2026-12-31,2,,,2,count of analysts,,"filings/capitaliq/Estimates/Revisions/SPGlobal_GrupoBimbo,S.A.B.deC.V._Revisions_20-Sep-2026.xlsx",Revisions,189
2026-09-20,revisions,Company,COMPANY LEVEL,Interest Expense,Last Three Months,Number of Analysts,FY 2027,FY,2027,,2027-12-31,2,,,2,count of analysts,,"filings/capitaliq/Estimates/Revisions/SPGlobal_GrupoBimbo,S.A.B.deC.V._Revisions_20-Sep-2026.xlsx",Revisions,189
2026-09-20,revisions,Company,COMPANY LEVEL,Interest Expense,Last Three Months,Number of Analysts,FY 2028,FY,2028,,2028-12-31,2,,,2,count of analysts,,"filings/capitaliq/Estimates/Revisions/SPGlobal_GrupoBimbo,S.A.B.deC.V._Revisions_20-Sep-2026.xlsx",Revisions,189
2026-09-20,revisions,Company,COMPANY LEVEL,Interest Expense,Last Three Months,Number of Analysts,FY 2029,FY,2029,,2029-12-31,1,,,1,count of analysts,,"filings/capitaliq/Estimates/Revisions/SPGlobal_GrupoBimbo,S.A.B.deC.V._Revisions_20-Sep-2026.xlsx",Revisions,189
2026-09-20,revisions,Company,COMPANY LEVEL,Interest Expense,Last Three Months,Number of Analysts,FY 2030,FY,2030,,2030-12-31,1,,,1,count of analysts,,"filings/capitaliq/Estimates/Revisions/SPGlobal_GrupoBimbo,S.A.B.deC.V._Revisions_20-Sep-2026.xlsx",Revisions,189
2026-09-20,revisions,Company,COMPANY LEVEL,Interest Expense,Last Three Months,Number of Analysts still in Consensus,FY 2026,FY,2026,,2026-12-31,1,,,1,count of analysts,,"filings/capitaliq/Estimates/Revisions/SPGlobal_GrupoBimbo,S.A.B.deC.V._Revisions_20-Sep-2026.xlsx",Revisions,190
2026-09-20,revisions,Company,COMPANY LEVEL,Interest Expense,Last Three Months,Number of Analysts still in Consensus,FY 2027,FY,2027,,2027-12-31,2,,,2,count of analysts,,"filings/capitaliq/Estimates/Revisions/SPGlobal_GrupoBimbo,S.A.B.deC.V._Revisions_20-Sep-2026.xlsx",Revisions,190
2026-09-20,revisions,Company,COMPANY LEVEL,Interest Expense,Last Three Months,Number of Analysts still in Consensus,FY 2028,FY,2028,,2028-12-31,2,,,2,count of analysts,,"filings/capitaliq/Estimates/Revisions/SPGlobal_GrupoBimbo,S.A.B.deC.V._Revisions_20-Sep-2026.xlsx",Revisions,190
2026-09-20,revisions,Company,COMPANY LEVEL,Interest Expense,Last Three Months,Number of Analysts still in Consensus,FY 2029,FY,2029,,2029-12-31,1,,,1,count of analysts,,"filings/capitaliq/Estimates/Revisions/SPGlobal_GrupoBimbo,S.A.B.deC.V._Revisions_20-Sep-2026.xlsx",Revisions,190
2026-09-20,revisions,Company,COMPANY LEVEL,Interest Expense,Last Three Months,Number of Analysts still in Consensus,FY 2030,FY,2030,,2030-12-31,1,,,1,count of analysts,,"filings/capitaliq/Estimates/Revisions/SPGlobal_GrupoBimbo,S.A.B.deC.V._Revisions_20-Sep-2026.xlsx",Revisions,190
2026-09-20,revisions,Company,COMPANY LEVEL,Interest Expense,Last Three Months,Upward,FY 2026,FY,2026,,2026-12-31,0,,,0,count of analysts,,"filings/capitaliq/Estimates/Revisions/SPGlobal_GrupoBimbo,S.A.B.deC.V._Revisions_20-Sep-2026.xlsx",Revisions,191
2026-09-20,revisions,Company,COMPANY LEVEL,Interest Expense,Last Three Months,Upward,FY 2027,FY,2027,,2027-12-31,0,,,0,count of analysts,,"filings/capitaliq/Estimates/Revisions/SPGlobal_GrupoBimbo,S.A.B.deC.V._Revisions_20-Sep-2026.xlsx",Revisions,191
2026-09-20,revisions,Company,COMPANY LEVEL,Interest Expense,Last Three Months,Upward,FY 2028,FY,2028,,2028-12-31,0,,,0,count of analysts,,"filings/capitaliq/Estimates/Revisions/SPGlobal_GrupoBimbo,S.A.B.deC.V._Revisions_20-Sep-2026.xlsx",Revisions,191
2026-09-20,revisions,Company,COMPANY LEVEL,Interest Expense,Last Three Months,Upward,FY 2029,FY,2029,,2029-12-31,0,,,0,count of analysts,,"filings/capitaliq/Estimates/Revisions/SPGlobal_GrupoBimbo,S.A.B.deC.V._Revisions_20-Sep-2026.xlsx",Revisions,191
2026-09-20,revisions,Company,COMPANY LEVEL,Interest Expense,Last Three Months,Upward,FY 2030,FY,2030,,2030-12-31,0,,,0,count of analysts,,"filings/capitaliq/Estimates/Revisions/SPGlobal_GrupoBimbo,S.A.B.deC.V._Revisions_20-Sep-2026.xlsx",Revisions,191
2026-09-20,revisions,Company,COMPANY LEVEL,Interest Expense,Last Three Months,Downward,FY 2026,FY,2026,,2026-12-31,0,,,0,count of analysts,,"filings/capitaliq/Estimates/Revisions/SPGlobal_GrupoBimbo,S.A.B.deC.V._Revisions_20-Sep-2026.xlsx",Revisions,192
2026-09-20,revisions,Company,COMPANY LEVEL,Interest Expense,Last Three Months,Downward,FY 2027,FY,2027,,2027-12-31,0,,,0,count of analysts,,"filings/capitaliq/Estimates/Revisions/SPGlobal_GrupoBimbo,S.A.B.deC.V._Revisions_20-Sep-2026.xlsx",Revisions,192
2026-09-20,revisions,Company,COMPANY LEVEL,Interest Expense,Last Three Months,Downward,FY 2028,FY,2028,,2028-12-31,0,,,0,count of analysts,,"filings/capitaliq/Estimates/Revisions/SPGlobal_GrupoBimbo,S.A.B.deC.V._Revisions_20-Sep-2026.xlsx",Revisions,192
2026-09-20,revisions,Company,COMPANY LEVEL,Interest Expense,Last Three Months,Downward,FY 2029,FY,2029,,2029-12-31,0,,,0,count of analysts,,"filings/capitaliq/Estimates/Revisions/SPGlobal_GrupoBimbo,S.A.B.deC.V._Revisions_20-Sep-2026.xlsx",Revisions,192
2026-09-20,revisions,Company,COMPANY LEVEL,Interest Expense,Last Three Months,Downward,FY 2030,FY,2030,,2030-12-31,0,,,0,count of analysts,,"filings/capitaliq/Estimates/Revisions/SPGlobal_GrupoBimbo,S.A.B.deC.V._Revisions_20-Sep-2026.xlsx",Revisions,192
2026-09-20,revisions,Company,COMPANY LEVEL,EBT Normalized,Last Month,Number of Analysts,FQ3 2026,FQ,2026,3,2026-09-30,1,,,1,count of analysts,,"filings/capitaliq/Estimates/Revisions/SPGlobal_GrupoBimbo,S.A.B.deC.V._Revisions_20-Sep-2026.xlsx",Revisions,195
2026-09-20,revisions,Company,COMPANY LEVEL,EBT Normalized,Last Month,Number of Analysts,FQ4 2026,FQ,2026,4,2026-12-31,1,,,1,count of analysts,,"filings/capitaliq/Estimates/Revisions/SPGlobal_GrupoBimbo,S.A.B.deC.V._Revisions_20-Sep-2026.xlsx",Revisions,195
2026-09-20,revisions,Company,COMPANY LEVEL,EBT Normalized,Last Month,Number of Analysts,FY 2026,FY,2026,,2026-12-31,4,,,4,count of analysts,,"filings/capitaliq/Estimates/Revisions/SPGlobal_GrupoBimbo,S.A.B.deC.V._Revisions_20-Sep-2026.xlsx",Revisions,195
2026-09-20,revisions,Company,COMPANY LEVEL,EBT Normalized,Last Month,Number of Analysts,FY 2027,FY,2027,,2027-12-31,4,,,4,count of analysts,,"filings/capitaliq/Estimates/Revisions/SPGlobal_GrupoBimbo,S.A.B.deC.V._Revisions_20-Sep-2026.xlsx",Revisions,195
2026-09-20,revisions,Company,COMPANY LEVEL,EBT Normalized,Last Month,Number of Analysts,FY 2028,FY,2028,,2028-12-31,3,,,3,count of analysts,,"filings/capitaliq/Estimates/Revisions/SPGlobal_GrupoBimbo,S.A.B.deC.V._Revisions_20-Sep-2026.xlsx",Revisions,195
2026-09-20,revisions,Company,COMPANY LEVEL,EBT Normalized,Last Month,Number of Analysts still in Consensus,FQ3 2026,FQ,2026,3,2026-09-30,1,,,1,count of analysts,,"filings/capitaliq/Estimates/Revisions/SPGlobal_GrupoBimbo,S.A.B.deC.V._Revisions_20-Sep-2026.xlsx",Revisions,196
2026-09-20,revisions,Company,COMPANY LEVEL,EBT Normalized,Last Month,Number of Analysts still in Consensus,FQ4 2026,FQ,2026,4,2026-12-31,1,,,1,count of analysts,,"filings/capitaliq/Estimates/Revisions/SPGlobal_GrupoBimbo,S.A.B.deC.V._Revisions_20-Sep-2026.xlsx",Revisions,196
2026-09-20,revisions,Company,COMPANY LEVEL,EBT Normalized,Last Month,Number of Analysts still in Consensus,FY 2026,FY,2026,,2026-12-31,4,,,4,count of analysts,,"filings/capitaliq/Estimates/Revisions/SPGlobal_GrupoBimbo,S.A.B.deC.V._Revisions_20-Sep-2026.xlsx",Revisions,196
2026-09-20,revisions,Company,COMPANY LEVEL,EBT Normalized,Last Month,Number of Analysts still in Consensus,FY 2027,FY,2027,,2027-12-31,4,,,4,count of analysts,,"filings/capitaliq/Estimates/Revisions/SPGlobal_GrupoBimbo,S.A.B.deC.V._Revisions_20-Sep-2026.xlsx",Revisions,196
2026-09-20,revisions,Company,COMPANY LEVEL,EBT Normalized,Last Month,Number of Analysts still in Consensus,FY 2028,FY,2028,,2028-12-31,3,,,3,count of analysts,,"filings/capitaliq/Estimates/Revisions/SPGlobal_GrupoBimbo,S.A.B.deC.V._Revisions_20-Sep-2026.xlsx",Revisions,196
2026-09-20,revisions,Company,COMPANY LEVEL,EBT Normalized,Last Month,Upward,FQ3 2026,FQ,2026,3,2026-09-30,0,,,0,count of analysts,,"filings/capitaliq/Estimates/Revisions/SPGlobal_GrupoBimbo,S.A.B.deC.V._Revisions_20-Sep-2026.xlsx",Revisions,197
2026-09-20,revisions,Company,COMPANY LEVEL,EBT Normalized,Last Month,Upward,FQ4 2026,FQ,2026,4,2026-12-31,0,,,0,count of analysts,,"filings/capitaliq/Estimates/Revisions/SPGlobal_GrupoBimbo,S.A.B.deC.V._Revisions_20-Sep-2026.xlsx",Revisions,197
2026-09-20,revisions,Company,COMPANY LEVEL,EBT Normalized,Last Month,Upward,FY 2026,FY,2026,,2026-12-31,0,,,0,count of analysts,,"filings/capitaliq/Estimates/Revisions/SPGlobal_GrupoBimbo,S.A.B.deC.V._Revisions_20-Sep-2026.xlsx",Revisions,197
2026-09-20,revisions,Company,COMPANY LEVEL,EBT Normalized,Last Month,Upward,FY 2027,FY,2027,,2027-12-31,1,,,1,count of analysts,,"filings/capitaliq/Estimates/Revisions/SPGlobal_GrupoBimbo,S.A.B.deC.V._Revisions_20-Sep-2026.xlsx",Revisions,197
2026-09-20,revisions,Company,COMPANY LEVEL,EBT Normalized,Last Month,Upward,FY 2028,FY,2028,,2028-12-31,0,,,0,count of analysts,,"filings/capitaliq/Estimates/Revisions/SPGlobal_GrupoBimbo,S.A.B.deC.V._Revisions_20-Sep-2026.xlsx",Revisions,197
2026-09-20,revisions,Company,COMPANY LEVEL,EBT Normalized,Last Month,Downward,FQ3 2026,FQ,2026,3,2026-09-30,0,,,0,count of analysts,,"filings/capitaliq/Estimates/Revisions/SPGlobal_GrupoBimbo,S.A.B.deC.V._Revisions_20-Sep-2026.xlsx",Revisions,198
2026-09-20,revisions,Company,COMPANY LEVEL,EBT Normalized,Last Month,Downward,FQ4 2026,FQ,2026,4,2026-12-31,0,,,0,count of analysts,,"filings/capitaliq/Estimates/Revisions/SPGlobal_GrupoBimbo,S.A.B.deC.V._Revisions_20-Sep-2026.xlsx",Revisions,198
2026-09-20,revisions,Company,COMPANY LEVEL,EBT Normalized,Last Month,Downward,FY 2026,FY,2026,,2026-12-31,2,,,2,count of analysts,,"filings/capitaliq/Estimates/Revisions/SPGlobal_GrupoBimbo,S.A.B.deC.V._Revisions_20-Sep-2026.xlsx",Revisions,198
2026-09-20,revisions,Company,COMPANY LEVEL,EBT Normalized,Last Month,Downward,FY 2027,FY,2027,,2027-12-31,1,,,1,count of analysts,,"filings/capitaliq/Estimates/Revisions/SPGlobal_GrupoBimbo,S.A.B.deC.V._Revisions_20-Sep-2026.xlsx",Revisions,198
2026-09-20,revisions,Company,COMPANY LEVEL,EBT Normalized,Last Month,Downward,FY 2028,FY,2028,,2028-12-31,1,,,1,count of analysts,,"filings/capitaliq/Estimates/Revisions/SPGlobal_GrupoBimbo,S.A.B.deC.V._Revisions_20-Sep-2026.xlsx",Revisions,198
2026-09-20,revisions,Company,COMPANY LEVEL,EBT Normalized,Last Two Months,Number of Analysts,FQ3 2026,FQ,2026,3,2026-09-30,2,,,2,count of analysts,,"filings/capitaliq/Estimates/Revisions/SPGlobal_GrupoBimbo,S.A.B.deC.V._Revisions_20-Sep-2026.xlsx",Revisions,200
2026-09-20,revisions,Company,COMPANY LEVEL,EBT Normalized,Last Two Months,Number of Analysts,FQ4 2026,FQ,2026,4,2026-12-31,2,,,2,count of analysts,,"filings/capitaliq/Estimates/Revisions/SPGlobal_GrupoBimbo,S.A.B.deC.V._Revisions_20-Sep-2026.xlsx",Revisions,200
2026-09-20,revisions,Company,COMPANY LEVEL,EBT Normalized,Last Two Months,Number of Analysts,FY 2026,FY,2026,,2026-12-31,3,,,3,count of analysts,,"filings/capitaliq/Estimates/Revisions/SPGlobal_GrupoBimbo,S.A.B.deC.V._Revisions_20-Sep-2026.xlsx",Revisions,200
2026-09-20,revisions,Company,COMPANY LEVEL,EBT Normalized,Last Two Months,Number of Analysts,FY 2027,FY,2027,,2027-12-31,3,,,3,count of analysts,,"filings/capitaliq/Estimates/Revisions/SPGlobal_GrupoBimbo,S.A.B.deC.V._Revisions_20-Sep-2026.xlsx",Revisions,200
2026-09-20,revisions,Company,COMPANY LEVEL,EBT Normalized,Last Two Months,Number of Analysts,FY 2028,FY,2028,,2028-12-31,2,,,2,count of analysts,,"filings/capitaliq/Estimates/Revisions/SPGlobal_GrupoBimbo,S.A.B.deC.V._Revisions_20-Sep-2026.xlsx",Revisions,200
2026-09-20,revisions,Company,COMPANY LEVEL,EBT Normalized,Last Two Months,Number of Analysts still in Consensus,FQ3 2026,FQ,2026,3,2026-09-30,2,,,2,count of analysts,,"filings/capitaliq/Estimates/Revisions/SPGlobal_GrupoBimbo,S.A.B.deC.V._Revisions_20-Sep-2026.xlsx",Revisions,201
2026-09-20,revisions,Company,COMPANY LEVEL,EBT Normalized,Last Two Months,Number of Analysts still in Consensus,FQ4 2026,FQ,2026,4,2026-12-31,2,,,2,count of analysts,,"filings/capitaliq/Estimates/Revisions/SPGlobal_GrupoBimbo,S.A.B.deC.V._Revisions_20-Sep-2026.xlsx",Revisions,201
2026-09-20,revisions,Company,COMPANY LEVEL,EBT Normalized,Last Two Months,Number of Analysts still in Consensus,FY 2026,FY,2026,,2026-12-31,3,,,3,count of analysts,,"filings/capitaliq/Estimates/Revisions/SPGlobal_GrupoBimbo,S.A.B.deC.V._Revisions_20-Sep-2026.xlsx",Revisions,201
2026-09-20,revisions,Company,COMPANY LEVEL,EBT Normalized,Last Two Months,Number of Analysts still in Consensus,FY 2027,FY,2027,,2027-12-31,3,,,3,count of analysts,,"filings/capitaliq/Estimates/Revisions/SPGlobal_GrupoBimbo,S.A.B.deC.V._Revisions_20-Sep-2026.xlsx",Revisions,201
2026-09-20,revisions,Company,COMPANY LEVEL,EBT Normalized,Last Two Months,Number of Analysts still in Consensus,FY 2028,FY,2028,,2028-12-31,2,,,2,count of analysts,,"filings/capitaliq/Estimates/Revisions/SPGlobal_GrupoBimbo,S.A.B.deC.V._Revisions_20-Sep-2026.xlsx",Revisions,201
2026-09-20,revisions,Company,COMPANY LEVEL,EBT Normalized,Last Two Months,Upward,FQ3 2026,FQ,2026,3,2026-09-30,1,,,1,count of analysts,,"filings/capitaliq/Estimates/Revisions/SPGlobal_GrupoBimbo,S.A.B.deC.V._Revisions_20-Sep-2026.xlsx",Revisions,202
2026-09-20,revisions,Company,COMPANY LEVEL,EBT Normalized,Last Two Months,Upward,FQ4 2026,FQ,2026,4,2026-12-31,2,,,2,count of analysts,,"filings/capitaliq/Estimates/Revisions/SPGlobal_GrupoBimbo,S.A.B.deC.V._Revisions_20-Sep-2026.xlsx",Revisions,202
2026-09-20,revisions,Company,COMPANY LEVEL,EBT Normalized,Last Two Months,Upward,FY 2026,FY,2026,,2026-12-31,0,,,0,count of analysts,,"filings/capitaliq/Estimates/Revisions/SPGlobal_GrupoBimbo,S.A.B.deC.V._Revisions_20-Sep-2026.xlsx",Revisions,202
2026-09-20,revisions,Company,COMPANY LEVEL,EBT Normalized,Last Two Months,Upward,FY 2027,FY,2027,,2027-12-31,2,,,2,count of analysts,,"filings/capitaliq/Estimates/Revisions/SPGlobal_GrupoBimbo,S.A.B.deC.V._Revisions_20-Sep-2026.xlsx",Revisions,202
2026-09-20,revisions,Company,COMPANY LEVEL,EBT Normalized,Last Two Months,Upward,FY 2028,FY,2028,,2028-12-31,1,,,1,count of analysts,,"filings/capitaliq/Estimates/Revisions/SPGlobal_GrupoBimbo,S.A.B.deC.V._Revisions_20-Sep-2026.xlsx",Revisions,202
2026-09-20,revisions,Company,COMPANY LEVEL,EBT Normalized,Last Two Months,Downward,FQ3 2026,FQ,2026,3,2026-09-30,1,,,1,count of analysts,,"filings/capitaliq/Estimates/Revisions/SPGlobal_GrupoBimbo,S.A.B.deC.V._Revisions_20-Sep-2026.xlsx",Revisions,203
2026-09-20,revisions,Company,COMPANY LEVEL,EBT Normalized,Last Two Months,Downward,FQ4 2026,FQ,2026,4,2026-12-31,0,,,0,count of analysts,,"filings/capitaliq/Estimates/Revisions/SPGlobal_GrupoBimbo,S.A.B.deC.V._Revisions_20-Sep-2026.xlsx",Revisions,203
2026-09-20,revisions,Company,COMPANY LEVEL,EBT Normalized,Last Two Months,Downward,FY 2026,FY,2026,,2026-12-31,3,,,3,count of analysts,,"filings/capitaliq/Estimates/Revisions/SPGlobal_GrupoBimbo,S.A.B.deC.V._Revisions_20-Sep-2026.xlsx",Revisions,203
2026-09-20,revisions,Company,COMPANY LEVEL,EBT Normalized,Last Two Months,Downward,FY 2027,FY,2027,,2027-12-31,1,,,1,count of analysts,,"filings/capitaliq/Estimates/Revisions/SPGlobal_GrupoBimbo,S.A.B.deC.V._Revisions_20-Sep-2026.xlsx",Revisions,203
2026-09-20,revisions,Company,COMPANY LEVEL,EBT Normalized,Last Two Months,Downward,FY 2028,FY,2028,,2028-12-31,1,,,1,count of analysts,,"filings/capitaliq/Estimates/Revisions/SPGlobal_GrupoBimbo,S.A.B.deC.V._Revisions_20-Sep-2026.xlsx",Revisions,203
2026-09-20,revisions,Company,COMPANY LEVEL,EBT Normalized,Last Three Months,Number of Analysts,FQ3 2026,FQ,2026,3,2026-09-30,1,,,1,count of analysts,,"filings/capitaliq/Estimates/Revisions/SPGlobal_GrupoBimbo,S.A.B.deC.V._Revisions_20-Sep-2026.xlsx",Revisions,205
2026-09-20,revisions,Company,COMPANY LEVEL,EBT Normalized,Last Three Months,Number of Analysts,FQ4 2026,FQ,2026,4,2026-12-31,1,,,1,count of analysts,,"filings/capitaliq/Estimates/Revisions/SPGlobal_GrupoBimbo,S.A.B.deC.V._Revisions_20-Sep-2026.xlsx",Revisions,205
2026-09-20,revisions,Company,COMPANY LEVEL,EBT Normalized,Last Three Months,Number of Analysts,FY 2026,FY,2026,,2026-12-31,1,,,1,count of analysts,,"filings/capitaliq/Estimates/Revisions/SPGlobal_GrupoBimbo,S.A.B.deC.V._Revisions_20-Sep-2026.xlsx",Revisions,205
2026-09-20,revisions,Company,COMPANY LEVEL,EBT Normalized,Last Three Months,Number of Analysts,FY 2027,FY,2027,,2027-12-31,2,,,2,count of analysts,,"filings/capitaliq/Estimates/Revisions/SPGlobal_GrupoBimbo,S.A.B.deC.V._Revisions_20-Sep-2026.xlsx",Revisions,205
2026-09-20,revisions,Company,COMPANY LEVEL,EBT Normalized,Last Three Months,Number of Analysts,FY 2028,FY,2028,,2028-12-31,1,,,1,count of analysts,,"filings/capitaliq/Estimates/Revisions/SPGlobal_GrupoBimbo,S.A.B.deC.V._Revisions_20-Sep-2026.xlsx",Revisions,205
2026-09-20,revisions,Company,COMPANY LEVEL,EBT Normalized,Last Three Months,Number of Analysts still in Consensus,FQ3 2026,FQ,2026,3,2026-09-30,1,,,1,count of analysts,,"filings/capitaliq/Estimates/Revisions/SPGlobal_GrupoBimbo,S.A.B.deC.V._Revisions_20-Sep-2026.xlsx",Revisions,206
2026-09-20,revisions,Company,COMPANY LEVEL,EBT Normalized,Last Three Months,Number of Analysts still in Consensus,FQ4 2026,FQ,2026,4,2026-12-31,1,,,1,count of analysts,,"filings/capitaliq/Estimates/Revisions/SPGlobal_GrupoBimbo,S.A.B.deC.V._Revisions_20-Sep-2026.xlsx",Revisions,206
2026-09-20,revisions,Company,COMPANY LEVEL,EBT Normalized,Last Three Months,Number of Analysts still in Consensus,FY 2026,FY,2026,,2026-12-31,1,,,1,count of analysts,,"filings/capitaliq/Estimates/Revisions/SPGlobal_GrupoBimbo,S.A.B.deC.V._Revisions_20-Sep-2026.xlsx",Revisions,206
2026-09-20,revisions,Company,COMPANY LEVEL,EBT Normalized,Last Three Months,Number of Analysts still in Consensus,FY 2027,FY,2027,,2027-12-31,2,,,2,count of analysts,,"filings/capitaliq/Estimates/Revisions/SPGlobal_GrupoBimbo,S.A.B.deC.V._Revisions_20-Sep-2026.xlsx",Revisions,206
2026-09-20,revisions,Company,COMPANY LEVEL,EBT Normalized,Last Three Months,Number of Analysts still in Consensus,FY 2028,FY,2028,,2028-12-31,1,,,1,count of analysts,,"filings/capitaliq/Estimates/Revisions/SPGlobal_GrupoBimbo,S.A.B.deC.V._Revisions_20-Sep-2026.xlsx",Revisions,206
2026-09-20,revisions,Company,COMPANY LEVEL,EBT Normalized,Last Three Months,Upward,FQ3 2026,FQ,2026,3,2026-09-30,1,,,1,count of analysts,,"filings/capitaliq/Estimates/Revisions/SPGlobal_GrupoBimbo,S.A.B.deC.V._Revisions_20-Sep-2026.xlsx",Revisions,207
2026-09-20,revisions,Company,COMPANY LEVEL,EBT Normalized,Last Three Months,Upward,FQ4 2026,FQ,2026,4,2026-12-31,1,,,1,count of analysts,,"filings/capitaliq/Estimates/Revisions/SPGlobal_GrupoBimbo,S.A.B.deC.V._Revisions_20-Sep-2026.xlsx",Revisions,207
2026-09-20,revisions,Company,COMPANY LEVEL,EBT Normalized,Last Three Months,Upward,FY 2026,FY,2026,,2026-12-31,0,,,0,count of analysts,,"filings/capitaliq/Estimates/Revisions/SPGlobal_GrupoBimbo,S.A.B.deC.V._Revisions_20-Sep-2026.xlsx",Revisions,207
2026-09-20,revisions,Company,COMPANY LEVEL,EBT Normalized,Last Three Months,Upward,FY 2027,FY,2027,,2027-12-31,2,,,2,count of analysts,,"filings/capitaliq/Estimates/Revisions/SPGlobal_GrupoBimbo,S.A.B.deC.V._Revisions_20-Sep-2026.xlsx",Revisions,207
2026-09-20,revisions,Company,COMPANY LEVEL,EBT Normalized,Last Three Months,Upward,FY 2028,FY,2028,,2028-12-31,1,,,1,count of analysts,,"filings/capitaliq/Estimates/Revisions/SPGlobal_GrupoBimbo,S.A.B.deC.V._Revisions_20-Sep-2026.xlsx",Revisions,207
2026-09-20,revisions,Company,COMPANY LEVEL,EBT Normalized,Last Three Months,Downward,FQ3 2026,FQ,2026,3,2026-09-30,0,,,0,count of analysts,,"filings/capitaliq/Estimates/Revisions/SPGlobal_GrupoBimbo,S.A.B.deC.V._Revisions_20-Sep-2026.xlsx",Revisions,208
2026-09-20,revisions,Company,COMPANY LEVEL,EBT Normalized,Last Three Months,Downward,FQ4 2026,FQ,2026,4,2026-12-31,0,,,0,count of analysts,,"filings/capitaliq/Estimates/Revisions/SPGlobal_GrupoBimbo,S.A.B.deC.V._Revisions_20-Sep-2026.xlsx",Revisions,208
2026-09-20,revisions,Company,COMPANY LEVEL,EBT Normalized,Last Three Months,Downward,FY 2026,FY,2026,,2026-12-31,1,,,1,count of analysts,,"filings/capitaliq/Estimates/Revisions/SPGlobal_GrupoBimbo,S.A.B.deC.V._Revisions_20-Sep-2026.xlsx",Revisions,208
2026-09-20,revisions,Company,COMPANY LEVEL,EBT Normalized,Last Three Months,Downward,FY 2027,FY,2027,,2027-12-31,0,,,0,count of analysts,,"filings/capitaliq/Estimates/Revisions/SPGlobal_GrupoBimbo,S.A.B.deC.V._Revisions_20-Sep-2026.xlsx",Revisions,208
2026-09-20,revisions,Company,COMPANY LEVEL,EBT Normalized,Last Three Months,Downward,FY 2028,FY,2028,,2028-12-31,0,,,0,count of analysts,,"filings/capitaliq/Estimates/Revisions/SPGlobal_GrupoBimbo,S.A.B.deC.V._Revisions_20-Sep-2026.xlsx",Revisions,208
2026-09-20,revisions,Company,COMPANY LEVEL,EBT (GAAP),Last Month,Number of Analysts,FQ3 2026,FQ,2026,3,2026-09-30,1,,,1,count of analysts,,"filings/capitaliq/Estimates/Revisions/SPGlobal_GrupoBimbo,S.A.B.deC.V._Revisions_20-Sep-2026.xlsx",Revisions,211
2026-09-20,revisions,Company,COMPANY LEVEL,EBT (GAAP),Last Month,Number of Analysts,FQ4 2026,FQ,2026,4,2026-12-31,1,,,1,count of analysts,,"filings/capitaliq/Estimates/Revisions/SPGlobal_GrupoBimbo,S.A.B.deC.V._Revisions_20-Sep-2026.xlsx",Revisions,211
2026-09-20,revisions,Company,COMPANY LEVEL,EBT (GAAP),Last Month,Number of Analysts,FY 2026,FY,2026,,2026-12-31,4,,,4,count of analysts,,"filings/capitaliq/Estimates/Revisions/SPGlobal_GrupoBimbo,S.A.B.deC.V._Revisions_20-Sep-2026.xlsx",Revisions,211
2026-09-20,revisions,Company,COMPANY LEVEL,EBT (GAAP),Last Month,Number of Analysts,FY 2027,FY,2027,,2027-12-31,4,,,4,count of analysts,,"filings/capitaliq/Estimates/Revisions/SPGlobal_GrupoBimbo,S.A.B.deC.V._Revisions_20-Sep-2026.xlsx",Revisions,211
2026-09-20,revisions,Company,COMPANY LEVEL,EBT (GAAP),Last Month,Number of Analysts,FY 2028,FY,2028,,2028-12-31,4,,,4,count of analysts,,"filings/capitaliq/Estimates/Revisions/SPGlobal_GrupoBimbo,S.A.B.deC.V._Revisions_20-Sep-2026.xlsx",Revisions,211
2026-09-20,revisions,Company,COMPANY LEVEL,EBT (GAAP),Last Month,Number of Analysts still in Consensus,FQ3 2026,FQ,2026,3,2026-09-30,1,,,1,count of analysts,,"filings/capitaliq/Estimates/Revisions/SPGlobal_GrupoBimbo,S.A.B.deC.V._Revisions_20-Sep-2026.xlsx",Revisions,212
2026-09-20,revisions,Company,COMPANY LEVEL,EBT (GAAP),Last Month,Number of Analysts still in Consensus,FQ4 2026,FQ,2026,4,2026-12-31,1,,,1,count of analysts,,"filings/capitaliq/Estimates/Revisions/SPGlobal_GrupoBimbo,S.A.B.deC.V._Revisions_20-Sep-2026.xlsx",Revisions,212
2026-09-20,revisions,Company,COMPANY LEVEL,EBT (GAAP),Last Month,Number of Analysts still in Consensus,FY 2026,FY,2026,,2026-12-31,4,,,4,count of analysts,,"filings/capitaliq/Estimates/Revisions/SPGlobal_GrupoBimbo,S.A.B.deC.V._Revisions_20-Sep-2026.xlsx",Revisions,212
2026-09-20,revisions,Company,COMPANY LEVEL,EBT (GAAP),Last Month,Number of Analysts still in Consensus,FY 2027,FY,2027,,2027-12-31,4,,,4,count of analysts,,"filings/capitaliq/Estimates/Revisions/SPGlobal_GrupoBimbo,S.A.B.deC.V._Revisions_20-Sep-2026.xlsx",Revisions,212
2026-09-20,revisions,Company,COMPANY LEVEL,EBT (GAAP),Last Month,Number of Analysts still in Consensus,FY 2028,FY,2028,,2028-12-31,4,,,4,count of analysts,,"filings/capitaliq/Estimates/Revisions/SPGlobal_GrupoBimbo,S.A.B.deC.V._Revisions_20-Sep-2026.xlsx",Revisions,212
2026-09-20,revisions,Company,COMPANY LEVEL,EBT (GAAP),Last Month,Upward,FQ3 2026,FQ,2026,3,2026-09-30,0,,,0,count of analysts,,"filings/capitaliq/Estimates/Revisions/SPGlobal_GrupoBimbo,S.A.B.deC.V._Revisions_20-Sep-2026.xlsx",Revisions,213
2026-09-20,revisions,Company,COMPANY LEVEL,EBT (GAAP),Last Month,Upward,FQ4 2026,FQ,2026,4,2026-12-31,0,,,0,count of analysts,,"filings/capitaliq/Estimates/Revisions/SPGlobal_GrupoBimbo,S.A.B.deC.V._Revisions_20-Sep-2026.xlsx",Revisions,213
2026-09-20,revisions,Company,COMPANY LEVEL,EBT (GAAP),Last Month,Upward,FY 2026,FY,2026,,2026-12-31,0,,,0,count of analysts,,"filings/capitaliq/Estimates/Revisions/SPGlobal_GrupoBimbo,S.A.B.deC.V._Revisions_20-Sep-2026.xlsx",Revisions,213
2026-09-20,revisions,Company,COMPANY LEVEL,EBT (GAAP),Last Month,Upward,FY 2027,FY,2027,,2027-12-31,0,,,0,count of analysts,,"filings/capitaliq/Estimates/Revisions/SPGlobal_GrupoBimbo,S.A.B.deC.V._Revisions_20-Sep-2026.xlsx",Revisions,213
2026-09-20,revisions,Company,COMPANY LEVEL,EBT (GAAP),Last Month,Upward,FY 2028,FY,2028,,2028-12-31,0,,,0,count of analysts,,"filings/capitaliq/Estimates/Revisions/SPGlobal_GrupoBimbo,S.A.B.deC.V._Revisions_20-Sep-2026.xlsx",Revisions,213
2026-09-20,revisions,Company,COMPANY LEVEL,EBT (GAAP),Last Month,Downward,FQ3 2026,FQ,2026,3,2026-09-30,0,,,0,count of analysts,,"filings/capitaliq/Estimates/Revisions/SPGlobal_GrupoBimbo,S.A.B.deC.V._Revisions_20-Sep-2026.xlsx",Revisions,214
2026-09-20,revisions,Company,COMPANY LEVEL,EBT (GAAP),Last Month,Downward,FQ4 2026,FQ,2026,4,2026-12-31,0,,,0,count of analysts,,"filings/capitaliq/Estimates/Revisions/SPGlobal_GrupoBimbo,S.A.B.deC.V._Revisions_20-Sep-2026.xlsx",Revisions,214
2026-09-20,revisions,Company,COMPANY LEVEL,EBT (GAAP),Last Month,Downward,FY 2026,FY,2026,,2026-12-31,0,,,0,count of analysts,,"filings/capitaliq/Estimates/Revisions/SPGlobal_GrupoBimbo,S.A.B.deC.V._Revisions_20-Sep-2026.xlsx",Revisions,214
2026-09-20,revisions,Company,COMPANY LEVEL,EBT (GAAP),Last Month,Downward,FY 2027,FY,2027,,2027-12-31,0,,,0,count of analysts,,"filings/capitaliq/Estimates/Revisions/SPGlobal_GrupoBimbo,S.A.B.deC.V._Revisions_20-Sep-2026.xlsx",Revisions,214
2026-09-20,revisions,Company,COMPANY LEVEL,EBT (GAAP),Last Month,Downward,FY 2028,FY,2028,,2028-12-31,0,,,0,count of analysts,,"filings/capitaliq/Estimates/Revisions/SPGlobal_GrupoBimbo,S.A.B.deC.V._Revisions_20-Sep-2026.xlsx",Revisions,214
2026-09-20,revisions,Company,COMPANY LEVEL,EBT (GAAP),Last Two Months,Number of Analysts,FQ3 2026,FQ,2026,3,2026-09-30,1,,,1,count of analysts,,"filings/capitaliq/Estimates/Revisions/SPGlobal_GrupoBimbo,S.A.B.deC.V._Revisions_20-Sep-2026.xlsx",Revisions,216
2026-09-20,revisions,Company,COMPANY LEVEL,EBT (GAAP),Last Two Months,Number of Analysts,FQ4 2026,FQ,2026,4,2026-12-31,1,,,1,count of analysts,,"filings/capitaliq/Estimates/Revisions/SPGlobal_GrupoBimbo,S.A.B.deC.V._Revisions_20-Sep-2026.xlsx",Revisions,216
2026-09-20,revisions,Company,COMPANY LEVEL,EBT (GAAP),Last Two Months,Number of Analysts,FY 2026,FY,2026,,2026-12-31,3,,,3,count of analysts,,"filings/capitaliq/Estimates/Revisions/SPGlobal_GrupoBimbo,S.A.B.deC.V._Revisions_20-Sep-2026.xlsx",Revisions,216
2026-09-20,revisions,Company,COMPANY LEVEL,EBT (GAAP),Last Two Months,Number of Analysts,FY 2027,FY,2027,,2027-12-31,3,,,3,count of analysts,,"filings/capitaliq/Estimates/Revisions/SPGlobal_GrupoBimbo,S.A.B.deC.V._Revisions_20-Sep-2026.xlsx",Revisions,216
2026-09-20,revisions,Company,COMPANY LEVEL,EBT (GAAP),Last Two Months,Number of Analysts,FY 2028,FY,2028,,2028-12-31,3,,,3,count of analysts,,"filings/capitaliq/Estimates/Revisions/SPGlobal_GrupoBimbo,S.A.B.deC.V._Revisions_20-Sep-2026.xlsx",Revisions,216
2026-09-20,revisions,Company,COMPANY LEVEL,EBT (GAAP),Last Two Months,Number of Analysts still in Consensus,FQ3 2026,FQ,2026,3,2026-09-30,1,,,1,count of analysts,,"filings/capitaliq/Estimates/Revisions/SPGlobal_GrupoBimbo,S.A.B.deC.V._Revisions_20-Sep-2026.xlsx",Revisions,217
2026-09-20,revisions,Company,COMPANY LEVEL,EBT (GAAP),Last Two Months,Number of Analysts still in Consensus,FQ4 2026,FQ,2026,4,2026-12-31,1,,,1,count of analysts,,"filings/capitaliq/Estimates/Revisions/SPGlobal_GrupoBimbo,S.A.B.deC.V._Revisions_20-Sep-2026.xlsx",Revisions,217
2026-09-20,revisions,Company,COMPANY LEVEL,EBT (GAAP),Last Two Months,Number of Analysts still in Consensus,FY 2026,FY,2026,,2026-12-31,3,,,3,count of analysts,,"filings/capitaliq/Estimates/Revisions/SPGlobal_GrupoBimbo,S.A.B.deC.V._Revisions_20-Sep-2026.xlsx",Revisions,217
2026-09-20,revisions,Company,COMPANY LEVEL,EBT (GAAP),Last Two Months,Number of Analysts still in Consensus,FY 2027,FY,2027,,2027-12-31,3,,,3,count of analysts,,"filings/capitaliq/Estimates/Revisions/SPGlobal_GrupoBimbo,S.A.B.deC.V._Revisions_20-Sep-2026.xlsx",Revisions,217
2026-09-20,revisions,Company,COMPANY LEVEL,EBT (GAAP),Last Two Months,Number of Analysts still in Consensus,FY 2028,FY,2028,,2028-12-31,3,,,3,count of analysts,,"filings/capitaliq/Estimates/Revisions/SPGlobal_GrupoBimbo,S.A.B.deC.V._Revisions_20-Sep-2026.xlsx",Revisions,217
2026-09-20,revisions,Company,COMPANY LEVEL,EBT (GAAP),Last Two Months,Upward,FQ3 2026,FQ,2026,3,2026-09-30,1,,,1,count of analysts,,"filings/capitaliq/Estimates/Revisions/SPGlobal_GrupoBimbo,S.A.B.deC.V._Revisions_20-Sep-2026.xlsx",Revisions,218
2026-09-20,revisions,Company,COMPANY LEVEL,EBT (GAAP),Last Two Months,Upward,FQ4 2026,FQ,2026,4,2026-12-31,1,,,1,count of analysts,,"filings/capitaliq/Estimates/Revisions/SPGlobal_GrupoBimbo,S.A.B.deC.V._Revisions_20-Sep-2026.xlsx",Revisions,218
2026-09-20,revisions,Company,COMPANY LEVEL,EBT (GAAP),Last Two Months,Upward,FY 2026,FY,2026,,2026-12-31,0,,,0,count of analysts,,"filings/capitaliq/Estimates/Revisions/SPGlobal_GrupoBimbo,S.A.B.deC.V._Revisions_20-Sep-2026.xlsx",Revisions,218
2026-09-20,revisions,Company,COMPANY LEVEL,EBT (GAAP),Last Two Months,Upward,FY 2027,FY,2027,,2027-12-31,1,,,1,count of analysts,,"filings/capitaliq/Estimates/Revisions/SPGlobal_GrupoBimbo,S.A.B.deC.V._Revisions_20-Sep-2026.xlsx",Revisions,218
2026-09-20,revisions,Company,COMPANY LEVEL,EBT (GAAP),Last Two Months,Upward,FY 2028,FY,2028,,2028-12-31,1,,,1,count of analysts,,"filings/capitaliq/Estimates/Revisions/SPGlobal_GrupoBimbo,S.A.B.deC.V._Revisions_20-Sep-2026.xlsx",Revisions,218
2026-09-20,revisions,Company,COMPANY LEVEL,EBT (GAAP),Last Two Months,Downward,FQ3 2026,FQ,2026,3,2026-09-30,0,,,0,count of analysts,,"filings/capitaliq/Estimates/Revisions/SPGlobal_GrupoBimbo,S.A.B.deC.V._Revisions_20-Sep-2026.xlsx",Revisions,219
2026-09-20,revisions,Company,COMPANY LEVEL,EBT (GAAP),Last Two Months,Downward,FQ4 2026,FQ,2026,4,2026-12-31,0,,,0,count of analysts,,"filings/capitaliq/Estimates/Revisions/SPGlobal_GrupoBimbo,S.A.B.deC.V._Revisions_20-Sep-2026.xlsx",Revisions,219
2026-09-20,revisions,Company,COMPANY LEVEL,EBT (GAAP),Last Two Months,Downward,FY 2026,FY,2026,,2026-12-31,1,,,1,count of analysts,,"filings/capitaliq/Estimates/Revisions/SPGlobal_GrupoBimbo,S.A.B.deC.V._Revisions_20-Sep-2026.xlsx",Revisions,219
2026-09-20,revisions,Company,COMPANY LEVEL,EBT (GAAP),Last Two Months,Downward,FY 2027,FY,2027,,2027-12-31,0,,,0,count of analysts,,"filings/capitaliq/Estimates/Revisions/SPGlobal_GrupoBimbo,S.A.B.deC.V._Revisions_20-Sep-2026.xlsx",Revisions,219
2026-09-20,revisions,Company,COMPANY LEVEL,EBT (GAAP),Last Two Months,Downward,FY 2028,FY,2028,,2028-12-31,0,,,0,count of analysts,,"filings/capitaliq/Estimates/Revisions/SPGlobal_GrupoBimbo,S.A.B.deC.V._Revisions_20-Sep-2026.xlsx",Revisions,219
2026-09-20,revisions,Company,COMPANY LEVEL,EBT (GAAP),Last Three Months,Number of Analysts,FY 2026,FY,2026,,2026-12-31,2,,,2,count of analysts,,"filings/capitaliq/Estimates/Revisions/SPGlobal_GrupoBimbo,S.A.B.deC.V._Revisions_20-Sep-2026.xlsx",Revisions,221
2026-09-20,revisions,Company,COMPANY LEVEL,EBT (GAAP),Last Three Months,Number of Analysts,FY 2027,FY,2027,,2027-12-31,3,,,3,count of analysts,,"filings/capitaliq/Estimates/Revisions/SPGlobal_GrupoBimbo,S.A.B.deC.V._Revisions_20-Sep-2026.xlsx",Revisions,221
2026-09-20,revisions,Company,COMPANY LEVEL,EBT (GAAP),Last Three Months,Number of Analysts,FY 2028,FY,2028,,2028-12-31,3,,,3,count of analysts,,"filings/capitaliq/Estimates/Revisions/SPGlobal_GrupoBimbo,S.A.B.deC.V._Revisions_20-Sep-2026.xlsx",Revisions,221
2026-09-20,revisions,Company,COMPANY LEVEL,EBT (GAAP),Last Three Months,Number of Analysts still in Consensus,FY 2026,FY,2026,,2026-12-31,2,,,2,count of analysts,,"filings/capitaliq/Estimates/Revisions/SPGlobal_GrupoBimbo,S.A.B.deC.V._Revisions_20-Sep-2026.xlsx",Revisions,222
2026-09-20,revisions,Company,COMPANY LEVEL,EBT (GAAP),Last Three Months,Number of Analysts still in Consensus,FY 2027,FY,2027,,2027-12-31,3,,,3,count of analysts,,"filings/capitaliq/Estimates/Revisions/SPGlobal_GrupoBimbo,S.A.B.deC.V._Revisions_20-Sep-2026.xlsx",Revisions,222
2026-09-20,revisions,Company,COMPANY LEVEL,EBT (GAAP),Last Three Months,Number of Analysts still in Consensus,FY 2028,FY,2028,,2028-12-31,3,,,3,count of analysts,,"filings/capitaliq/Estimates/Revisions/SPGlobal_GrupoBimbo,S.A.B.deC.V._Revisions_20-Sep-2026.xlsx",Revisions,222
2026-09-20,revisions,Company,COMPANY LEVEL,EBT (GAAP),Last Three Months,Upward,FY 2026,FY,2026,,2026-12-31,1,,,1,count of analysts,,"filings/capitaliq/Estimates/Revisions/SPGlobal_GrupoBimbo,S.A.B.deC.V._Revisions_20-Sep-2026.xlsx",Revisions,223
2026-09-20,revisions,Company,COMPANY LEVEL,EBT (GAAP),Last Three Months,Upward,FY 2027,FY,2027,,2027-12-31,2,,,2,count of analysts,,"filings/capitaliq/Estimates/Revisions/SPGlobal_GrupoBimbo,S.A.B.deC.V._Revisions_20-Sep-2026.xlsx",Revisions,223
2026-09-20,revisions,Company,COMPANY LEVEL,EBT (GAAP),Last Three Months,Upward,FY 2028,FY,2028,,2028-12-31,2,,,2,count of analysts,,"filings/capitaliq/Estimates/Revisions/SPGlobal_GrupoBimbo,S.A.B.deC.V._Revisions_20-Sep-2026.xlsx",Revisions,223
2026-09-20,revisions,Company,COMPANY LEVEL,EBT (GAAP),Last Three Months,Downward,FY 2026,FY,2026,,2026-12-31,0,,,0,count of analysts,,"filings/capitaliq/Estimates/Revisions/SPGlobal_GrupoBimbo,S.A.B.deC.V._Revisions_20-Sep-2026.xlsx",Revisions,224
2026-09-20,revisions,Company,COMPANY LEVEL,EBT (GAAP),Last Three Months,Downward,FY 2027,FY,2027,,2027-12-31,0,,,0,count of analysts,,"filings/capitaliq/Estimates/Revisions/SPGlobal_GrupoBimbo,S.A.B.deC.V._Revisions_20-Sep-2026.xlsx",Revisions,224
2026-09-20,revisions,Company,COMPANY LEVEL,EBT (GAAP),Last Three Months,Downward,FY 2028,FY,2028,,2028-12-31,0,,,0,count of analysts,,"filings/capitaliq/Estimates/Revisions/SPGlobal_GrupoBimbo,S.A.B.deC.V._Revisions_20-Sep-2026.xlsx",Revisions,224
2026-09-20,revisions,Company,COMPANY LEVEL,Effective Tax Rate (%),Last Month,Number of Analysts,FY 2026,FY,2026,,2026-12-31,2,,,2,count of analysts,,"filings/capitaliq/Estimates/Revisions/SPGlobal_GrupoBimbo,S.A.B.deC.V._Revisions_20-Sep-2026.xlsx",Revisions,227
2026-09-20,revisions,Company,COMPANY LEVEL,Effective Tax Rate (%),Last Month,Number of Analysts,FY 2027,FY,2027,,2027-12-31,2,,,2,count of analysts,,"filings/capitaliq/Estimates/Revisions/SPGlobal_GrupoBimbo,S.A.B.deC.V._Revisions_20-Sep-2026.xlsx",Revisions,227
2026-09-20,revisions,Company,COMPANY LEVEL,Effective Tax Rate (%),Last Month,Number of Analysts,FY 2028,FY,2028,,2028-12-31,2,,,2,count of analysts,,"filings/capitaliq/Estimates/Revisions/SPGlobal_GrupoBimbo,S.A.B.deC.V._Revisions_20-Sep-2026.xlsx",Revisions,227
2026-09-20,revisions,Company,COMPANY LEVEL,Effective Tax Rate (%),Last Month,Number of Analysts still in Consensus,FY 2026,FY,2026,,2026-12-31,2,,,2,count of analysts,,"filings/capitaliq/Estimates/Revisions/SPGlobal_GrupoBimbo,S.A.B.deC.V._Revisions_20-Sep-2026.xlsx",Revisions,228
2026-09-20,revisions,Company,COMPANY LEVEL,Effective Tax Rate (%),Last Month,Number of Analysts still in Consensus,FY 2027,FY,2027,,2027-12-31,2,,,2,count of analysts,,"filings/capitaliq/Estimates/Revisions/SPGlobal_GrupoBimbo,S.A.B.deC.V._Revisions_20-Sep-2026.xlsx",Revisions,228
2026-09-20,revisions,Company,COMPANY LEVEL,Effective Tax Rate (%),Last Month,Number of Analysts still in Consensus,FY 2028,FY,2028,,2028-12-31,2,,,2,count of analysts,,"filings/capitaliq/Estimates/Revisions/SPGlobal_GrupoBimbo,S.A.B.deC.V._Revisions_20-Sep-2026.xlsx",Revisions,228
2026-09-20,revisions,Company,COMPANY LEVEL,Effective Tax Rate (%),Last Month,Upward,FY 2026,FY,2026,,2026-12-31,0,,,0,count of analysts,,"filings/capitaliq/Estimates/Revisions/SPGlobal_GrupoBimbo,S.A.B.deC.V._Revisions_20-Sep-2026.xlsx",Revisions,229
2026-09-20,revisions,Company,COMPANY LEVEL,Effective Tax Rate (%),Last Month,Upward,FY 2027,FY,2027,,2027-12-31,0,,,0,count of analysts,,"filings/capitaliq/Estimates/Revisions/SPGlobal_GrupoBimbo,S.A.B.deC.V._Revisions_20-Sep-2026.xlsx",Revisions,229
2026-09-20,revisions,Company,COMPANY LEVEL,Effective Tax Rate (%),Last Month,Upward,FY 2028,FY,2028,,2028-12-31,0,,,0,count of analysts,,"filings/capitaliq/Estimates/Revisions/SPGlobal_GrupoBimbo,S.A.B.deC.V._Revisions_20-Sep-2026.xlsx",Revisions,229
2026-09-20,revisions,Company,COMPANY LEVEL,Effective Tax Rate (%),Last Month,Downward,FY 2026,FY,2026,,2026-12-31,0,,,0,count of analysts,,"filings/capitaliq/Estimates/Revisions/SPGlobal_GrupoBimbo,S.A.B.deC.V._Revisions_20-Sep-2026.xlsx",Revisions,230
2026-09-20,revisions,Company,COMPANY LEVEL,Effective Tax Rate (%),Last Month,Downward,FY 2027,FY,2027,,2027-12-31,0,,,0,count of analysts,,"filings/capitaliq/Estimates/Revisions/SPGlobal_GrupoBimbo,S.A.B.deC.V._Revisions_20-Sep-2026.xlsx",Revisions,230
2026-09-20,revisions,Company,COMPANY LEVEL,Effective Tax Rate (%),Last Month,Downward,FY 2028,FY,2028,,2028-12-31,0,,,0,count of analysts,,"filings/capitaliq/Estimates/Revisions/SPGlobal_GrupoBimbo,S.A.B.deC.V._Revisions_20-Sep-2026.xlsx",Revisions,230
2026-09-20,revisions,Company,COMPANY LEVEL,Effective Tax Rate (%),Last Two Months,Number of Analysts,FY 2026,FY,2026,,2026-12-31,1,,,1,count of analysts,,"filings/capitaliq/Estimates/Revisions/SPGlobal_GrupoBimbo,S.A.B.deC.V._Revisions_20-Sep-2026.xlsx",Revisions,232
2026-09-20,revisions,Company,COMPANY LEVEL,Effective Tax Rate (%),Last Two Months,Number of Analysts,FY 2027,FY,2027,,2027-12-31,1,,,1,count of analysts,,"filings/capitaliq/Estimates/Revisions/SPGlobal_GrupoBimbo,S.A.B.deC.V._Revisions_20-Sep-2026.xlsx",Revisions,232
2026-09-20,revisions,Company,COMPANY LEVEL,Effective Tax Rate (%),Last Two Months,Number of Analysts,FY 2028,FY,2028,,2028-12-31,1,,,1,count of analysts,,"filings/capitaliq/Estimates/Revisions/SPGlobal_GrupoBimbo,S.A.B.deC.V._Revisions_20-Sep-2026.xlsx",Revisions,232
2026-09-20,revisions,Company,COMPANY LEVEL,Effective Tax Rate (%),Last Two Months,Number of Analysts still in Consensus,FY 2026,FY,2026,,2026-12-31,1,,,1,count of analysts,,"filings/capitaliq/Estimates/Revisions/SPGlobal_GrupoBimbo,S.A.B.deC.V._Revisions_20-Sep-2026.xlsx",Revisions,233
2026-09-20,revisions,Company,COMPANY LEVEL,Effective Tax Rate (%),Last Two Months,Number of Analysts still in Consensus,FY 2027,FY,2027,,2027-12-31,1,,,1,count of analysts,,"filings/capitaliq/Estimates/Revisions/SPGlobal_GrupoBimbo,S.A.B.deC.V._Revisions_20-Sep-2026.xlsx",Revisions,233
2026-09-20,revisions,Company,COMPANY LEVEL,Effective Tax Rate (%),Last Two Months,Number of Analysts still in Consensus,FY 2028,FY,2028,,2028-12-31,1,,,1,count of analysts,,"filings/capitaliq/Estimates/Revisions/SPGlobal_GrupoBimbo,S.A.B.deC.V._Revisions_20-Sep-2026.xlsx",Revisions,233
2026-09-20,revisions,Company,COMPANY LEVEL,Effective Tax Rate (%),Last Two Months,Upward,FY 2026,FY,2026,,2026-12-31,0,,,0,count of analysts,,"filings/capitaliq/Estimates/Revisions/SPGlobal_GrupoBimbo,S.A.B.deC.V._Revisions_20-Sep-2026.xlsx",Revisions,234
2026-09-20,revisions,Company,COMPANY LEVEL,Effective Tax Rate (%),Last Two Months,Upward,FY 2027,FY,2027,,2027-12-31,0,,,0,count of analysts,,"filings/capitaliq/Estimates/Revisions/SPGlobal_GrupoBimbo,S.A.B.deC.V._Revisions_20-Sep-2026.xlsx",Revisions,234
2026-09-20,revisions,Company,COMPANY LEVEL,Effective Tax Rate (%),Last Two Months,Upward,FY 2028,FY,2028,,2028-12-31,0,,,0,count of analysts,,"filings/capitaliq/Estimates/Revisions/SPGlobal_GrupoBimbo,S.A.B.deC.V._Revisions_20-Sep-2026.xlsx",Revisions,234
2026-09-20,revisions,Company,COMPANY LEVEL,Effective Tax Rate (%),Last Two Months,Downward,FY 2026,FY,2026,,2026-12-31,1,,,1,count of analysts,,"filings/capitaliq/Estimates/Revisions/SPGlobal_GrupoBimbo,S.A.B.deC.V._Revisions_20-Sep-2026.xlsx",Revisions,235
2026-09-20,revisions,Company,COMPANY LEVEL,Effective Tax Rate (%),Last Two Months,Downward,FY 2027,FY,2027,,2027-12-31,0,,,0,count of analysts,,"filings/capitaliq/Estimates/Revisions/SPGlobal_GrupoBimbo,S.A.B.deC.V._Revisions_20-Sep-2026.xlsx",Revisions,235
2026-09-20,revisions,Company,COMPANY LEVEL,Effective Tax Rate (%),Last Two Months,Downward,FY 2028,FY,2028,,2028-12-31,0,,,0,count of analysts,,"filings/capitaliq/Estimates/Revisions/SPGlobal_GrupoBimbo,S.A.B.deC.V._Revisions_20-Sep-2026.xlsx",Revisions,235
2026-09-20,revisions,Company,COMPANY LEVEL,Net Income Normalized,Last Month,Number of Analysts,FQ3 2026,FQ,2026,3,2026-09-30,1,,,1,count of analysts,,"filings/capitaliq/Estimates/Revisions/SPGlobal_GrupoBimbo,S.A.B.deC.V._Revisions_20-Sep-2026.xlsx",Revisions,243
2026-09-20,revisions,Company,COMPANY LEVEL,Net Income Normalized,Last Month,Number of Analysts,FQ4 2026,FQ,2026,4,2026-12-31,1,,,1,count of analysts,,"filings/capitaliq/Estimates/Revisions/SPGlobal_GrupoBimbo,S.A.B.deC.V._Revisions_20-Sep-2026.xlsx",Revisions,243
2026-09-20,revisions,Company,COMPANY LEVEL,Net Income Normalized,Last Month,Number of Analysts,FY 2026,FY,2026,,2026-12-31,5,,,5,count of analysts,,"filings/capitaliq/Estimates/Revisions/SPGlobal_GrupoBimbo,S.A.B.deC.V._Revisions_20-Sep-2026.xlsx",Revisions,243
2026-09-20,revisions,Company,COMPANY LEVEL,Net Income Normalized,Last Month,Number of Analysts,FY 2027,FY,2027,,2027-12-31,5,,,5,count of analysts,,"filings/capitaliq/Estimates/Revisions/SPGlobal_GrupoBimbo,S.A.B.deC.V._Revisions_20-Sep-2026.xlsx",Revisions,243
2026-09-20,revisions,Company,COMPANY LEVEL,Net Income Normalized,Last Month,Number of Analysts,FY 2028,FY,2028,,2028-12-31,4,,,4,count of analysts,,"filings/capitaliq/Estimates/Revisions/SPGlobal_GrupoBimbo,S.A.B.deC.V._Revisions_20-Sep-2026.xlsx",Revisions,243
2026-09-20,revisions,Company,COMPANY LEVEL,Net Income Normalized,Last Month,Number of Analysts,FY 2029,FY,2029,,2029-12-31,1,,,1,count of analysts,,"filings/capitaliq/Estimates/Revisions/SPGlobal_GrupoBimbo,S.A.B.deC.V._Revisions_20-Sep-2026.xlsx",Revisions,243
2026-09-20,revisions,Company,COMPANY LEVEL,Net Income Normalized,Last Month,Number of Analysts,FY 2030,FY,2030,,2030-12-31,1,,,1,count of analysts,,"filings/capitaliq/Estimates/Revisions/SPGlobal_GrupoBimbo,S.A.B.deC.V._Revisions_20-Sep-2026.xlsx",Revisions,243
2026-09-20,revisions,Company,COMPANY LEVEL,Net Income Normalized,Last Month,Number of Analysts still in Consensus,FQ3 2026,FQ,2026,3,2026-09-30,1,,,1,count of analysts,,"filings/capitaliq/Estimates/Revisions/SPGlobal_GrupoBimbo,S.A.B.deC.V._Revisions_20-Sep-2026.xlsx",Revisions,244
2026-09-20,revisions,Company,COMPANY LEVEL,Net Income Normalized,Last Month,Number of Analysts still in Consensus,FQ4 2026,FQ,2026,4,2026-12-31,1,,,1,count of analysts,,"filings/capitaliq/Estimates/Revisions/SPGlobal_GrupoBimbo,S.A.B.deC.V._Revisions_20-Sep-2026.xlsx",Revisions,244
2026-09-20,revisions,Company,COMPANY LEVEL,Net Income Normalized,Last Month,Number of Analysts still in Consensus,FY 2026,FY,2026,,2026-12-31,5,,,5,count of analysts,,"filings/capitaliq/Estimates/Revisions/SPGlobal_GrupoBimbo,S.A.B.deC.V._Revisions_20-Sep-2026.xlsx",Revisions,244
2026-09-20,revisions,Company,COMPANY LEVEL,Net Income Normalized,Last Month,Number of Analysts still in Consensus,FY 2027,FY,2027,,2027-12-31,5,,,5,count of analysts,,"filings/capitaliq/Estimates/Revisions/SPGlobal_GrupoBimbo,S.A.B.deC.V._Revisions_20-Sep-2026.xlsx",Revisions,244
2026-09-20,revisions,Company,COMPANY LEVEL,Net Income Normalized,Last Month,Number of Analysts still in Consensus,FY 2028,FY,2028,,2028-12-31,4,,,4,count of analysts,,"filings/capitaliq/Estimates/Revisions/SPGlobal_GrupoBimbo,S.A.B.deC.V._Revisions_20-Sep-2026.xlsx",Revisions,244
2026-09-20,revisions,Company,COMPANY LEVEL,Net Income Normalized,Last Month,Number of Analysts still in Consensus,FY 2029,FY,2029,,2029-12-31,1,,,1,count of analysts,,"filings/capitaliq/Estimates/Revisions/SPGlobal_GrupoBimbo,S.A.B.deC.V._Revisions_20-Sep-2026.xlsx",Revisions,244
2026-09-20,revisions,Company,COMPANY LEVEL,Net Income Normalized,Last Month,Number of Analysts still in Consensus,FY 2030,FY,2030,,2030-12-31,1,,,1,count of analysts,,"filings/capitaliq/Estimates/Revisions/SPGlobal_GrupoBimbo,S.A.B.deC.V._Revisions_20-Sep-2026.xlsx",Revisions,244
2026-09-20,revisions,Company,COMPANY LEVEL,Net Income Normalized,Last Month,Upward,FQ3 2026,FQ,2026,3,2026-09-30,0,,,0,count of analysts,,"filings/capitaliq/Estimates/Revisions/SPGlobal_GrupoBimbo,S.A.B.deC.V._Revisions_20-Sep-2026.xlsx",Revisions,245
2026-09-20,revisions,Company,COMPANY LEVEL,Net Income Normalized,Last Month,Upward,FQ4 2026,FQ,2026,4,2026-12-31,0,,,0,count of analysts,,"filings/capitaliq/Estimates/Revisions/SPGlobal_GrupoBimbo,S.A.B.deC.V._Revisions_20-Sep-2026.xlsx",Revisions,245
2026-09-20,revisions,Company,COMPANY LEVEL,Net Income Normalized,Last Month,Upward,FY 2026,FY,2026,,2026-12-31,0,,,0,count of analysts,,"filings/capitaliq/Estimates/Revisions/SPGlobal_GrupoBimbo,S.A.B.deC.V._Revisions_20-Sep-2026.xlsx",Revisions,245
2026-09-20,revisions,Company,COMPANY LEVEL,Net Income Normalized,Last Month,Upward,FY 2027,FY,2027,,2027-12-31,0,,,0,count of analysts,,"filings/capitaliq/Estimates/Revisions/SPGlobal_GrupoBimbo,S.A.B.deC.V._Revisions_20-Sep-2026.xlsx",Revisions,245
2026-09-20,revisions,Company,COMPANY LEVEL,Net Income Normalized,Last Month,Upward,FY 2028,FY,2028,,2028-12-31,0,,,0,count of analysts,,"filings/capitaliq/Estimates/Revisions/SPGlobal_GrupoBimbo,S.A.B.deC.V._Revisions_20-Sep-2026.xlsx",Revisions,245
2026-09-20,revisions,Company,COMPANY LEVEL,Net Income Normalized,Last Month,Upward,FY 2029,FY,2029,,2029-12-31,0,,,0,count of analysts,,"filings/capitaliq/Estimates/Revisions/SPGlobal_GrupoBimbo,S.A.B.deC.V._Revisions_20-Sep-2026.xlsx",Revisions,245
2026-09-20,revisions,Company,COMPANY LEVEL,Net Income Normalized,Last Month,Upward,FY 2030,FY,2030,,2030-12-31,0,,,0,count of analysts,,"filings/capitaliq/Estimates/Revisions/SPGlobal_GrupoBimbo,S.A.B.deC.V._Revisions_20-Sep-2026.xlsx",Revisions,245
2026-09-20,revisions,Company,COMPANY LEVEL,Net Income Normalized,Last Month,Downward,FQ3 2026,FQ,2026,3,2026-09-30,0,,,0,count of analysts,,"filings/capitaliq/Estimates/Revisions/SPGlobal_GrupoBimbo,S.A.B.deC.V._Revisions_20-Sep-2026.xlsx",Revisions,246
2026-09-20,revisions,Company,COMPANY LEVEL,Net Income Normalized,Last Month,Downward,FQ4 2026,FQ,2026,4,2026-12-31,0,,,0,count of analysts,,"filings/capitaliq/Estimates/Revisions/SPGlobal_GrupoBimbo,S.A.B.deC.V._Revisions_20-Sep-2026.xlsx",Revisions,246
2026-09-20,revisions,Company,COMPANY LEVEL,Net Income Normalized,Last Month,Downward,FY 2026,FY,2026,,2026-12-31,1,,,1,count of analysts,,"filings/capitaliq/Estimates/Revisions/SPGlobal_GrupoBimbo,S.A.B.deC.V._Revisions_20-Sep-2026.xlsx",Revisions,246
2026-09-20,revisions,Company,COMPANY LEVEL,Net Income Normalized,Last Month,Downward,FY 2027,FY,2027,,2027-12-31,1,,,1,count of analysts,,"filings/capitaliq/Estimates/Revisions/SPGlobal_GrupoBimbo,S.A.B.deC.V._Revisions_20-Sep-2026.xlsx",Revisions,246
2026-09-20,revisions,Company,COMPANY LEVEL,Net Income Normalized,Last Month,Downward,FY 2028,FY,2028,,2028-12-31,0,,,0,count of analysts,,"filings/capitaliq/Estimates/Revisions/SPGlobal_GrupoBimbo,S.A.B.deC.V._Revisions_20-Sep-2026.xlsx",Revisions,246
2026-09-20,revisions,Company,COMPANY LEVEL,Net Income Normalized,Last Month,Downward,FY 2029,FY,2029,,2029-12-31,0,,,0,count of analysts,,"filings/capitaliq/Estimates/Revisions/SPGlobal_GrupoBimbo,S.A.B.deC.V._Revisions_20-Sep-2026.xlsx",Revisions,246
2026-09-20,revisions,Company,COMPANY LEVEL,Net Income Normalized,Last Month,Downward,FY 2030,FY,2030,,2030-12-31,0,,,0,count of analysts,,"filings/capitaliq/Estimates/Revisions/SPGlobal_GrupoBimbo,S.A.B.deC.V._Revisions_20-Sep-2026.xlsx",Revisions,246
2026-09-20,revisions,Company,COMPANY LEVEL,Net Income Normalized,Last Two Months,Number of Analysts,FQ3 2026,FQ,2026,3,2026-09-30,1,,,1,count of analysts,,"filings/capitaliq/Estimates/Revisions/SPGlobal_GrupoBimbo,S.A.B.deC.V._Revisions_20-Sep-2026.xlsx",Revisions,248
2026-09-20,revisions,Company,COMPANY LEVEL,Net Income Normalized,Last Two Months,Number of Analysts,FQ4 2026,FQ,2026,4,2026-12-31,1,,,1,count of analysts,,"filings/capitaliq/Estimates/Revisions/SPGlobal_GrupoBimbo,S.A.B.deC.V._Revisions_20-Sep-2026.xlsx",Revisions,248
2026-09-20,revisions,Company,COMPANY LEVEL,Net Income Normalized,Last Two Months,Number of Analysts,FY 2026,FY,2026,,2026-12-31,6,,,6,count of analysts,,"filings/capitaliq/Estimates/Revisions/SPGlobal_GrupoBimbo,S.A.B.deC.V._Revisions_20-Sep-2026.xlsx",Revisions,248
2026-09-20,revisions,Company,COMPANY LEVEL,Net Income Normalized,Last Two Months,Number of Analysts,FY 2027,FY,2027,,2027-12-31,6,,,6,count of analysts,,"filings/capitaliq/Estimates/Revisions/SPGlobal_GrupoBimbo,S.A.B.deC.V._Revisions_20-Sep-2026.xlsx",Revisions,248
2026-09-20,revisions,Company,COMPANY LEVEL,Net Income Normalized,Last Two Months,Number of Analysts,FY 2028,FY,2028,,2028-12-31,5,,,5,count of analysts,,"filings/capitaliq/Estimates/Revisions/SPGlobal_GrupoBimbo,S.A.B.deC.V._Revisions_20-Sep-2026.xlsx",Revisions,248
2026-09-20,revisions,Company,COMPANY LEVEL,Net Income Normalized,Last Two Months,Number of Analysts,FY 2029,FY,2029,,2029-12-31,1,,,1,count of analysts,,"filings/capitaliq/Estimates/Revisions/SPGlobal_GrupoBimbo,S.A.B.deC.V._Revisions_20-Sep-2026.xlsx",Revisions,248
2026-09-20,revisions,Company,COMPANY LEVEL,Net Income Normalized,Last Two Months,Number of Analysts,FY 2030,FY,2030,,2030-12-31,1,,,1,count of analysts,,"filings/capitaliq/Estimates/Revisions/SPGlobal_GrupoBimbo,S.A.B.deC.V._Revisions_20-Sep-2026.xlsx",Revisions,248
2026-09-20,revisions,Company,COMPANY LEVEL,Net Income Normalized,Last Two Months,Number of Analysts still in Consensus,FQ3 2026,FQ,2026,3,2026-09-30,1,,,1,count of analysts,,"filings/capitaliq/Estimates/Revisions/SPGlobal_GrupoBimbo,S.A.B.deC.V._Revisions_20-Sep-2026.xlsx",Revisions,249
2026-09-20,revisions,Company,COMPANY LEVEL,Net Income Normalized,Last Two Months,Number of Analysts still in Consensus,FQ4 2026,FQ,2026,4,2026-12-31,1,,,1,count of analysts,,"filings/capitaliq/Estimates/Revisions/SPGlobal_GrupoBimbo,S.A.B.deC.V._Revisions_20-Sep-2026.xlsx",Revisions,249
2026-09-20,revisions,Company,COMPANY LEVEL,Net Income Normalized,Last Two Months,Number of Analysts still in Consensus,FY 2026,FY,2026,,2026-12-31,5,,,5,count of analysts,,"filings/capitaliq/Estimates/Revisions/SPGlobal_GrupoBimbo,S.A.B.deC.V._Revisions_20-Sep-2026.xlsx",Revisions,249
2026-09-20,revisions,Company,COMPANY LEVEL,Net Income Normalized,Last Two Months,Number of Analysts still in Consensus,FY 2027,FY,2027,,2027-12-31,5,,,5,count of analysts,,"filings/capitaliq/Estimates/Revisions/SPGlobal_GrupoBimbo,S.A.B.deC.V._Revisions_20-Sep-2026.xlsx",Revisions,249
2026-09-20,revisions,Company,COMPANY LEVEL,Net Income Normalized,Last Two Months,Number of Analysts still in Consensus,FY 2028,FY,2028,,2028-12-31,4,,,4,count of analysts,,"filings/capitaliq/Estimates/Revisions/SPGlobal_GrupoBimbo,S.A.B.deC.V._Revisions_20-Sep-2026.xlsx",Revisions,249
2026-09-20,revisions,Company,COMPANY LEVEL,Net Income Normalized,Last Two Months,Number of Analysts still in Consensus,FY 2029,FY,2029,,2029-12-31,1,,,1,count of analysts,,"filings/capitaliq/Estimates/Revisions/SPGlobal_GrupoBimbo,S.A.B.deC.V._Revisions_20-Sep-2026.xlsx",Revisions,249
2026-09-20,revisions,Company,COMPANY LEVEL,Net Income Normalized,Last Two Months,Number of Analysts still in Consensus,FY 2030,FY,2030,,2030-12-31,1,,,1,count of analysts,,"filings/capitaliq/Estimates/Revisions/SPGlobal_GrupoBimbo,S.A.B.deC.V._Revisions_20-Sep-2026.xlsx",Revisions,249
2026-09-20,revisions,Company,COMPANY LEVEL,Net Income Normalized,Last Two Months,Upward,FQ3 2026,FQ,2026,3,2026-09-30,1,,,1,count of analysts,,"filings/capitaliq/Estimates/Revisions/SPGlobal_GrupoBimbo,S.A.B.deC.V._Revisions_20-Sep-2026.xlsx",Revisions,250
2026-09-20,revisions,Company,COMPANY LEVEL,Net Income Normalized,Last Two Months,Upward,FQ4 2026,FQ,2026,4,2026-12-31,1,,,1,count of analysts,,"filings/capitaliq/Estimates/Revisions/SPGlobal_GrupoBimbo,S.A.B.deC.V._Revisions_20-Sep-2026.xlsx",Revisions,250
2026-09-20,revisions,Company,COMPANY LEVEL,Net Income Normalized,Last Two Months,Upward,FY 2026,FY,2026,,2026-12-31,0,,,0,count of analysts,,"filings/capitaliq/Estimates/Revisions/SPGlobal_GrupoBimbo,S.A.B.deC.V._Revisions_20-Sep-2026.xlsx",Revisions,250
2026-09-20,revisions,Company,COMPANY LEVEL,Net Income Normalized,Last Two Months,Upward,FY 2027,FY,2027,,2027-12-31,1,,,1,count of analysts,,"filings/capitaliq/Estimates/Revisions/SPGlobal_GrupoBimbo,S.A.B.deC.V._Revisions_20-Sep-2026.xlsx",Revisions,250
2026-09-20,revisions,Company,COMPANY LEVEL,Net Income Normalized,Last Two Months,Upward,FY 2028,FY,2028,,2028-12-31,1,,,1,count of analysts,,"filings/capitaliq/Estimates/Revisions/SPGlobal_GrupoBimbo,S.A.B.deC.V._Revisions_20-Sep-2026.xlsx",Revisions,250
2026-09-20,revisions,Company,COMPANY LEVEL,Net Income Normalized,Last Two Months,Upward,FY 2029,FY,2029,,2029-12-31,0,,,0,count of analysts,,"filings/capitaliq/Estimates/Revisions/SPGlobal_GrupoBimbo,S.A.B.deC.V._Revisions_20-Sep-2026.xlsx",Revisions,250
2026-09-20,revisions,Company,COMPANY LEVEL,Net Income Normalized,Last Two Months,Upward,FY 2030,FY,2030,,2030-12-31,0,,,0,count of analysts,,"filings/capitaliq/Estimates/Revisions/SPGlobal_GrupoBimbo,S.A.B.deC.V._Revisions_20-Sep-2026.xlsx",Revisions,250
2026-09-20,revisions,Company,COMPANY LEVEL,Net Income Normalized,Last Two Months,Downward,FQ3 2026,FQ,2026,3,2026-09-30,0,,,0,count of analysts,,"filings/capitaliq/Estimates/Revisions/SPGlobal_GrupoBimbo,S.A.B.deC.V._Revisions_20-Sep-2026.xlsx",Revisions,251
2026-09-20,revisions,Company,COMPANY LEVEL,Net Income Normalized,Last Two Months,Downward,FQ4 2026,FQ,2026,4,2026-12-31,0,,,0,count of analysts,,"filings/capitaliq/Estimates/Revisions/SPGlobal_GrupoBimbo,S.A.B.deC.V._Revisions_20-Sep-2026.xlsx",Revisions,251
2026-09-20,revisions,Company,COMPANY LEVEL,Net Income Normalized,Last Two Months,Downward,FY 2026,FY,2026,,2026-12-31,3,,,3,count of analysts,,"filings/capitaliq/Estimates/Revisions/SPGlobal_GrupoBimbo,S.A.B.deC.V._Revisions_20-Sep-2026.xlsx",Revisions,251
2026-09-20,revisions,Company,COMPANY LEVEL,Net Income Normalized,Last Two Months,Downward,FY 2027,FY,2027,,2027-12-31,2,,,2,count of analysts,,"filings/capitaliq/Estimates/Revisions/SPGlobal_GrupoBimbo,S.A.B.deC.V._Revisions_20-Sep-2026.xlsx",Revisions,251
2026-09-20,revisions,Company,COMPANY LEVEL,Net Income Normalized,Last Two Months,Downward,FY 2028,FY,2028,,2028-12-31,1,,,1,count of analysts,,"filings/capitaliq/Estimates/Revisions/SPGlobal_GrupoBimbo,S.A.B.deC.V._Revisions_20-Sep-2026.xlsx",Revisions,251
2026-09-20,revisions,Company,COMPANY LEVEL,Net Income Normalized,Last Two Months,Downward,FY 2029,FY,2029,,2029-12-31,0,,,0,count of analysts,,"filings/capitaliq/Estimates/Revisions/SPGlobal_GrupoBimbo,S.A.B.deC.V._Revisions_20-Sep-2026.xlsx",Revisions,251
2026-09-20,revisions,Company,COMPANY LEVEL,Net Income Normalized,Last Two Months,Downward,FY 2030,FY,2030,,2030-12-31,0,,,0,count of analysts,,"filings/capitaliq/Estimates/Revisions/SPGlobal_GrupoBimbo,S.A.B.deC.V._Revisions_20-Sep-2026.xlsx",Revisions,251
2026-09-20,revisions,Company,COMPANY LEVEL,Net Income Normalized,Last Three Months,Number of Analysts,FY 2026,FY,2026,,2026-12-31,6,,,6,count of analysts,,"filings/capitaliq/Estimates/Revisions/SPGlobal_GrupoBimbo,S.A.B.deC.V._Revisions_20-Sep-2026.xlsx",Revisions,253
2026-09-20,revisions,Company,COMPANY LEVEL,Net Income Normalized,Last Three Months,Number of Analysts,FY 2027,FY,2027,,2027-12-31,7,,,7,count of analysts,,"filings/capitaliq/Estimates/Revisions/SPGlobal_GrupoBimbo,S.A.B.deC.V._Revisions_20-Sep-2026.xlsx",Revisions,253
2026-09-20,revisions,Company,COMPANY LEVEL,Net Income Normalized,Last Three Months,Number of Analysts,FY 2028,FY,2028,,2028-12-31,5,,,5,count of analysts,,"filings/capitaliq/Estimates/Revisions/SPGlobal_GrupoBimbo,S.A.B.deC.V._Revisions_20-Sep-2026.xlsx",Revisions,253
2026-09-20,revisions,Company,COMPANY LEVEL,Net Income Normalized,Last Three Months,Number of Analysts,FY 2029,FY,2029,,2029-12-31,1,,,1,count of analysts,,"filings/capitaliq/Estimates/Revisions/SPGlobal_GrupoBimbo,S.A.B.deC.V._Revisions_20-Sep-2026.xlsx",Revisions,253
2026-09-20,revisions,Company,COMPANY LEVEL,Net Income Normalized,Last Three Months,Number of Analysts,FY 2030,FY,2030,,2030-12-31,1,,,1,count of analysts,,"filings/capitaliq/Estimates/Revisions/SPGlobal_GrupoBimbo,S.A.B.deC.V._Revisions_20-Sep-2026.xlsx",Revisions,253
2026-09-20,revisions,Company,COMPANY LEVEL,Net Income Normalized,Last Three Months,Number of Analysts still in Consensus,FY 2026,FY,2026,,2026-12-31,5,,,5,count of analysts,,"filings/capitaliq/Estimates/Revisions/SPGlobal_GrupoBimbo,S.A.B.deC.V._Revisions_20-Sep-2026.xlsx",Revisions,254
2026-09-20,revisions,Company,COMPANY LEVEL,Net Income Normalized,Last Three Months,Number of Analysts still in Consensus,FY 2027,FY,2027,,2027-12-31,5,,,5,count of analysts,,"filings/capitaliq/Estimates/Revisions/SPGlobal_GrupoBimbo,S.A.B.deC.V._Revisions_20-Sep-2026.xlsx",Revisions,254
2026-09-20,revisions,Company,COMPANY LEVEL,Net Income Normalized,Last Three Months,Number of Analysts still in Consensus,FY 2028,FY,2028,,2028-12-31,4,,,4,count of analysts,,"filings/capitaliq/Estimates/Revisions/SPGlobal_GrupoBimbo,S.A.B.deC.V._Revisions_20-Sep-2026.xlsx",Revisions,254
2026-09-20,revisions,Company,COMPANY LEVEL,Net Income Normalized,Last Three Months,Number of Analysts still in Consensus,FY 2029,FY,2029,,2029-12-31,1,,,1,count of analysts,,"filings/capitaliq/Estimates/Revisions/SPGlobal_GrupoBimbo,S.A.B.deC.V._Revisions_20-Sep-2026.xlsx",Revisions,254
2026-09-20,revisions,Company,COMPANY LEVEL,Net Income Normalized,Last Three Months,Number of Analysts still in Consensus,FY 2030,FY,2030,,2030-12-31,1,,,1,count of analysts,,"filings/capitaliq/Estimates/Revisions/SPGlobal_GrupoBimbo,S.A.B.deC.V._Revisions_20-Sep-2026.xlsx",Revisions,254
2026-09-20,revisions,Company,COMPANY LEVEL,Net Income Normalized,Last Three Months,Upward,FY 2026,FY,2026,,2026-12-31,1,,,1,count of analysts,,"filings/capitaliq/Estimates/Revisions/SPGlobal_GrupoBimbo,S.A.B.deC.V._Revisions_20-Sep-2026.xlsx",Revisions,255
2026-09-20,revisions,Company,COMPANY LEVEL,Net Income Normalized,Last Three Months,Upward,FY 2027,FY,2027,,2027-12-31,0,,,0,count of analysts,,"filings/capitaliq/Estimates/Revisions/SPGlobal_GrupoBimbo,S.A.B.deC.V._Revisions_20-Sep-2026.xlsx",Revisions,255
2026-09-20,revisions,Company,COMPANY LEVEL,Net Income Normalized,Last Three Months,Upward,FY 2028,FY,2028,,2028-12-31,1,,,1,count of analysts,,"filings/capitaliq/Estimates/Revisions/SPGlobal_GrupoBimbo,S.A.B.deC.V._Revisions_20-Sep-2026.xlsx",Revisions,255
2026-09-20,revisions,Company,COMPANY LEVEL,Net Income Normalized,Last Three Months,Upward,FY 2029,FY,2029,,2029-12-31,0,,,0,count of analysts,,"filings/capitaliq/Estimates/Revisions/SPGlobal_GrupoBimbo,S.A.B.deC.V._Revisions_20-Sep-2026.xlsx",Revisions,255
2026-09-20,revisions,Company,COMPANY LEVEL,Net Income Normalized,Last Three Months,Upward,FY 2030,FY,2030,,2030-12-31,0,,,0,count of analysts,,"filings/capitaliq/Estimates/Revisions/SPGlobal_GrupoBimbo,S.A.B.deC.V._Revisions_20-Sep-2026.xlsx",Revisions,255
2026-09-20,revisions,Company,COMPANY LEVEL,Net Income Normalized,Last Three Months,Downward,FY 2026,FY,2026,,2026-12-31,3,,,3,count of analysts,,"filings/capitaliq/Estimates/Revisions/SPGlobal_GrupoBimbo,S.A.B.deC.V._Revisions_20-Sep-2026.xlsx",Revisions,256
2026-09-20,revisions,Company,COMPANY LEVEL,Net Income Normalized,Last Three Months,Downward,FY 2027,FY,2027,,2027-12-31,3,,,3,count of analysts,,"filings/capitaliq/Estimates/Revisions/SPGlobal_GrupoBimbo,S.A.B.deC.V._Revisions_20-Sep-2026.xlsx",Revisions,256
2026-09-20,revisions,Company,COMPANY LEVEL,Net Income Normalized,Last Three Months,Downward,FY 2028,FY,2028,,2028-12-31,1,,,1,count of analysts,,"filings/capitaliq/Estimates/Revisions/SPGlobal_GrupoBimbo,S.A.B.deC.V._Revisions_20-Sep-2026.xlsx",Revisions,256
2026-09-20,revisions,Company,COMPANY LEVEL,Net Income Normalized,Last Three Months,Downward,FY 2029,FY,2029,,2029-12-31,0,,,0,count of analysts,,"filings/capitaliq/Estimates/Revisions/SPGlobal_GrupoBimbo,S.A.B.deC.V._Revisions_20-Sep-2026.xlsx",Revisions,256
2026-09-20,revisions,Company,COMPANY LEVEL,Net Income Normalized,Last Three Months,Downward,FY 2030,FY,2030,,2030-12-31,0,,,0,count of analysts,,"filings/capitaliq/Estimates/Revisions/SPGlobal_GrupoBimbo,S.A.B.deC.V._Revisions_20-Sep-2026.xlsx",Revisions,256
2026-09-20,revisions,Company,COMPANY LEVEL,Net Income (GAAP),Last Month,Number of Analysts,FQ3 2026,FQ,2026,3,2026-09-30,1,,,1,count of analysts,,"filings/capitaliq/Estimates/Revisions/SPGlobal_GrupoBimbo,S.A.B.deC.V._Revisions_20-Sep-2026.xlsx",Revisions,259
2026-09-20,revisions,Company,COMPANY LEVEL,Net Income (GAAP),Last Month,Number of Analysts,FQ4 2026,FQ,2026,4,2026-12-31,1,,,1,count of analysts,,"filings/capitaliq/Estimates/Revisions/SPGlobal_GrupoBimbo,S.A.B.deC.V._Revisions_20-Sep-2026.xlsx",Revisions,259
2026-09-20,revisions,Company,COMPANY LEVEL,Net Income (GAAP),Last Month,Number of Analysts,FY 2026,FY,2026,,2026-12-31,7,,,7,count of analysts,,"filings/capitaliq/Estimates/Revisions/SPGlobal_GrupoBimbo,S.A.B.deC.V._Revisions_20-Sep-2026.xlsx",Revisions,259
2026-09-20,revisions,Company,COMPANY LEVEL,Net Income (GAAP),Last Month,Number of Analysts,FY 2027,FY,2027,,2027-12-31,8,,,8,count of analysts,,"filings/capitaliq/Estimates/Revisions/SPGlobal_GrupoBimbo,S.A.B.deC.V._Revisions_20-Sep-2026.xlsx",Revisions,259
2026-09-20,revisions,Company,COMPANY LEVEL,Net Income (GAAP),Last Month,Number of Analysts,FY 2028,FY,2028,,2028-12-31,7,,,7,count of analysts,,"filings/capitaliq/Estimates/Revisions/SPGlobal_GrupoBimbo,S.A.B.deC.V._Revisions_20-Sep-2026.xlsx",Revisions,259
2026-09-20,revisions,Company,COMPANY LEVEL,Net Income (GAAP),Last Month,Number of Analysts,FY 2029,FY,2029,,2029-12-31,1,,,1,count of analysts,,"filings/capitaliq/Estimates/Revisions/SPGlobal_GrupoBimbo,S.A.B.deC.V._Revisions_20-Sep-2026.xlsx",Revisions,259
2026-09-20,revisions,Company,COMPANY LEVEL,Net Income (GAAP),Last Month,Number of Analysts,FY 2030,FY,2030,,2030-12-31,1,,,1,count of analysts,,"filings/capitaliq/Estimates/Revisions/SPGlobal_GrupoBimbo,S.A.B.deC.V._Revisions_20-Sep-2026.xlsx",Revisions,259
2026-09-20,revisions,Company,COMPANY LEVEL,Net Income (GAAP),Last Month,Number of Analysts still in Consensus,FQ3 2026,FQ,2026,3,2026-09-30,1,,,1,count of analysts,,"filings/capitaliq/Estimates/Revisions/SPGlobal_GrupoBimbo,S.A.B.deC.V._Revisions_20-Sep-2026.xlsx",Revisions,260
2026-09-20,revisions,Company,COMPANY LEVEL,Net Income (GAAP),Last Month,Number of Analysts still in Consensus,FQ4 2026,FQ,2026,4,2026-12-31,1,,,1,count of analysts,,"filings/capitaliq/Estimates/Revisions/SPGlobal_GrupoBimbo,S.A.B.deC.V._Revisions_20-Sep-2026.xlsx",Revisions,260
2026-09-20,revisions,Company,COMPANY LEVEL,Net Income (GAAP),Last Month,Number of Analysts still in Consensus,FY 2026,FY,2026,,2026-12-31,7,,,7,count of analysts,,"filings/capitaliq/Estimates/Revisions/SPGlobal_GrupoBimbo,S.A.B.deC.V._Revisions_20-Sep-2026.xlsx",Revisions,260
2026-09-20,revisions,Company,COMPANY LEVEL,Net Income (GAAP),Last Month,Number of Analysts still in Consensus,FY 2027,FY,2027,,2027-12-31,8,,,8,count of analysts,,"filings/capitaliq/Estimates/Revisions/SPGlobal_GrupoBimbo,S.A.B.deC.V._Revisions_20-Sep-2026.xlsx",Revisions,260
2026-09-20,revisions,Company,COMPANY LEVEL,Net Income (GAAP),Last Month,Number of Analysts still in Consensus,FY 2028,FY,2028,,2028-12-31,7,,,7,count of analysts,,"filings/capitaliq/Estimates/Revisions/SPGlobal_GrupoBimbo,S.A.B.deC.V._Revisions_20-Sep-2026.xlsx",Revisions,260
2026-09-20,revisions,Company,COMPANY LEVEL,Net Income (GAAP),Last Month,Number of Analysts still in Consensus,FY 2029,FY,2029,,2029-12-31,1,,,1,count of analysts,,"filings/capitaliq/Estimates/Revisions/SPGlobal_GrupoBimbo,S.A.B.deC.V._Revisions_20-Sep-2026.xlsx",Revisions,260
2026-09-20,revisions,Company,COMPANY LEVEL,Net Income (GAAP),Last Month,Number of Analysts still in Consensus,FY 2030,FY,2030,,2030-12-31,1,,,1,count of analysts,,"filings/capitaliq/Estimates/Revisions/SPGlobal_GrupoBimbo,S.A.B.deC.V._Revisions_20-Sep-2026.xlsx",Revisions,260
2026-09-20,revisions,Company,COMPANY LEVEL,Net Income (GAAP),Last Month,Upward,FQ3 2026,FQ,2026,3,2026-09-30,0,,,0,count of analysts,,"filings/capitaliq/Estimates/Revisions/SPGlobal_GrupoBimbo,S.A.B.deC.V._Revisions_20-Sep-2026.xlsx",Revisions,261
2026-09-20,revisions,Company,COMPANY LEVEL,Net Income (GAAP),Last Month,Upward,FQ4 2026,FQ,2026,4,2026-12-31,0,,,0,count of analysts,,"filings/capitaliq/Estimates/Revisions/SPGlobal_GrupoBimbo,S.A.B.deC.V._Revisions_20-Sep-2026.xlsx",Revisions,261
2026-09-20,revisions,Company,COMPANY LEVEL,Net Income (GAAP),Last Month,Upward,FY 2026,FY,2026,,2026-12-31,0,,,0,count of analysts,,"filings/capitaliq/Estimates/Revisions/SPGlobal_GrupoBimbo,S.A.B.deC.V._Revisions_20-Sep-2026.xlsx",Revisions,261
2026-09-20,revisions,Company,COMPANY LEVEL,Net Income (GAAP),Last Month,Upward,FY 2027,FY,2027,,2027-12-31,0,,,0,count of analysts,,"filings/capitaliq/Estimates/Revisions/SPGlobal_GrupoBimbo,S.A.B.deC.V._Revisions_20-Sep-2026.xlsx",Revisions,261
2026-09-20,revisions,Company,COMPANY LEVEL,Net Income (GAAP),Last Month,Upward,FY 2028,FY,2028,,2028-12-31,0,,,0,count of analysts,,"filings/capitaliq/Estimates/Revisions/SPGlobal_GrupoBimbo,S.A.B.deC.V._Revisions_20-Sep-2026.xlsx",Revisions,261
2026-09-20,revisions,Company,COMPANY LEVEL,Net Income (GAAP),Last Month,Upward,FY 2029,FY,2029,,2029-12-31,0,,,0,count of analysts,,"filings/capitaliq/Estimates/Revisions/SPGlobal_GrupoBimbo,S.A.B.deC.V._Revisions_20-Sep-2026.xlsx",Revisions,261
2026-09-20,revisions,Company,COMPANY LEVEL,Net Income (GAAP),Last Month,Upward,FY 2030,FY,2030,,2030-12-31,0,,,0,count of analysts,,"filings/capitaliq/Estimates/Revisions/SPGlobal_GrupoBimbo,S.A.B.deC.V._Revisions_20-Sep-2026.xlsx",Revisions,261
2026-09-20,revisions,Company,COMPANY LEVEL,Net Income (GAAP),Last Month,Downward,FQ3 2026,FQ,2026,3,2026-09-30,0,,,0,count of analysts,,"filings/capitaliq/Estimates/Revisions/SPGlobal_GrupoBimbo,S.A.B.deC.V._Revisions_20-Sep-2026.xlsx",Revisions,262
2026-09-20,revisions,Company,COMPANY LEVEL,Net Income (GAAP),Last Month,Downward,FQ4 2026,FQ,2026,4,2026-12-31,0,,,0,count of analysts,,"filings/capitaliq/Estimates/Revisions/SPGlobal_GrupoBimbo,S.A.B.deC.V._Revisions_20-Sep-2026.xlsx",Revisions,262
2026-09-20,revisions,Company,COMPANY LEVEL,Net Income (GAAP),Last Month,Downward,FY 2026,FY,2026,,2026-12-31,1,,,1,count of analysts,,"filings/capitaliq/Estimates/Revisions/SPGlobal_GrupoBimbo,S.A.B.deC.V._Revisions_20-Sep-2026.xlsx",Revisions,262
2026-09-20,revisions,Company,COMPANY LEVEL,Net Income (GAAP),Last Month,Downward,FY 2027,FY,2027,,2027-12-31,2,,,2,count of analysts,,"filings/capitaliq/Estimates/Revisions/SPGlobal_GrupoBimbo,S.A.B.deC.V._Revisions_20-Sep-2026.xlsx",Revisions,262
2026-09-20,revisions,Company,COMPANY LEVEL,Net Income (GAAP),Last Month,Downward,FY 2028,FY,2028,,2028-12-31,1,,,1,count of analysts,,"filings/capitaliq/Estimates/Revisions/SPGlobal_GrupoBimbo,S.A.B.deC.V._Revisions_20-Sep-2026.xlsx",Revisions,262
2026-09-20,revisions,Company,COMPANY LEVEL,Net Income (GAAP),Last Month,Downward,FY 2029,FY,2029,,2029-12-31,0,,,0,count of analysts,,"filings/capitaliq/Estimates/Revisions/SPGlobal_GrupoBimbo,S.A.B.deC.V._Revisions_20-Sep-2026.xlsx",Revisions,262
2026-09-20,revisions,Company,COMPANY LEVEL,Net Income (GAAP),Last Month,Downward,FY 2030,FY,2030,,2030-12-31,0,,,0,count of analysts,,"filings/capitaliq/Estimates/Revisions/SPGlobal_GrupoBimbo,S.A.B.deC.V._Revisions_20-Sep-2026.xlsx",Revisions,262
2026-09-20,revisions,Company,COMPANY LEVEL,Net Income (GAAP),Last Two Months,Number of Analysts,FQ3 2026,FQ,2026,3,2026-09-30,2,,,2,count of analysts,,"filings/capitaliq/Estimates/Revisions/SPGlobal_GrupoBimbo,S.A.B.deC.V._Revisions_20-Sep-2026.xlsx",Revisions,264
2026-09-20,revisions,Company,COMPANY LEVEL,Net Income (GAAP),Last Two Months,Number of Analysts,FQ4 2026,FQ,2026,4,2026-12-31,2,,,2,count of analysts,,"filings/capitaliq/Estimates/Revisions/SPGlobal_GrupoBimbo,S.A.B.deC.V._Revisions_20-Sep-2026.xlsx",Revisions,264
2026-09-20,revisions,Company,COMPANY LEVEL,Net Income (GAAP),Last Two Months,Number of Analysts,FY 2026,FY,2026,,2026-12-31,9,,,9,count of analysts,,"filings/capitaliq/Estimates/Revisions/SPGlobal_GrupoBimbo,S.A.B.deC.V._Revisions_20-Sep-2026.xlsx",Revisions,264
2026-09-20,revisions,Company,COMPANY LEVEL,Net Income (GAAP),Last Two Months,Number of Analysts,FY 2027,FY,2027,,2027-12-31,9,,,9,count of analysts,,"filings/capitaliq/Estimates/Revisions/SPGlobal_GrupoBimbo,S.A.B.deC.V._Revisions_20-Sep-2026.xlsx",Revisions,264
2026-09-20,revisions,Company,COMPANY LEVEL,Net Income (GAAP),Last Two Months,Number of Analysts,FY 2028,FY,2028,,2028-12-31,8,,,8,count of analysts,,"filings/capitaliq/Estimates/Revisions/SPGlobal_GrupoBimbo,S.A.B.deC.V._Revisions_20-Sep-2026.xlsx",Revisions,264
2026-09-20,revisions,Company,COMPANY LEVEL,Net Income (GAAP),Last Two Months,Number of Analysts,FY 2029,FY,2029,,2029-12-31,1,,,1,count of analysts,,"filings/capitaliq/Estimates/Revisions/SPGlobal_GrupoBimbo,S.A.B.deC.V._Revisions_20-Sep-2026.xlsx",Revisions,264
2026-09-20,revisions,Company,COMPANY LEVEL,Net Income (GAAP),Last Two Months,Number of Analysts,FY 2030,FY,2030,,2030-12-31,1,,,1,count of analysts,,"filings/capitaliq/Estimates/Revisions/SPGlobal_GrupoBimbo,S.A.B.deC.V._Revisions_20-Sep-2026.xlsx",Revisions,264
2026-09-20,revisions,Company,COMPANY LEVEL,Net Income (GAAP),Last Two Months,Number of Analysts still in Consensus,FQ3 2026,FQ,2026,3,2026-09-30,2,,,2,count of analysts,,"filings/capitaliq/Estimates/Revisions/SPGlobal_GrupoBimbo,S.A.B.deC.V._Revisions_20-Sep-2026.xlsx",Revisions,265
2026-09-20,revisions,Company,COMPANY LEVEL,Net Income (GAAP),Last Two Months,Number of Analysts still in Consensus,FQ4 2026,FQ,2026,4,2026-12-31,2,,,2,count of analysts,,"filings/capitaliq/Estimates/Revisions/SPGlobal_GrupoBimbo,S.A.B.deC.V._Revisions_20-Sep-2026.xlsx",Revisions,265
2026-09-20,revisions,Company,COMPANY LEVEL,Net Income (GAAP),Last Two Months,Number of Analysts still in Consensus,FY 2026,FY,2026,,2026-12-31,8,,,8,count of analysts,,"filings/capitaliq/Estimates/Revisions/SPGlobal_GrupoBimbo,S.A.B.deC.V._Revisions_20-Sep-2026.xlsx",Revisions,265
2026-09-20,revisions,Company,COMPANY LEVEL,Net Income (GAAP),Last Two Months,Number of Analysts still in Consensus,FY 2027,FY,2027,,2027-12-31,8,,,8,count of analysts,,"filings/capitaliq/Estimates/Revisions/SPGlobal_GrupoBimbo,S.A.B.deC.V._Revisions_20-Sep-2026.xlsx",Revisions,265
2026-09-20,revisions,Company,COMPANY LEVEL,Net Income (GAAP),Last Two Months,Number of Analysts still in Consensus,FY 2028,FY,2028,,2028-12-31,7,,,7,count of analysts,,"filings/capitaliq/Estimates/Revisions/SPGlobal_GrupoBimbo,S.A.B.deC.V._Revisions_20-Sep-2026.xlsx",Revisions,265
2026-09-20,revisions,Company,COMPANY LEVEL,Net Income (GAAP),Last Two Months,Number of Analysts still in Consensus,FY 2029,FY,2029,,2029-12-31,1,,,1,count of analysts,,"filings/capitaliq/Estimates/Revisions/SPGlobal_GrupoBimbo,S.A.B.deC.V._Revisions_20-Sep-2026.xlsx",Revisions,265
2026-09-20,revisions,Company,COMPANY LEVEL,Net Income (GAAP),Last Two Months,Number of Analysts still in Consensus,FY 2030,FY,2030,,2030-12-31,1,,,1,count of analysts,,"filings/capitaliq/Estimates/Revisions/SPGlobal_GrupoBimbo,S.A.B.deC.V._Revisions_20-Sep-2026.xlsx",Revisions,265
2026-09-20,revisions,Company,COMPANY LEVEL,Net Income (GAAP),Last Two Months,Upward,FQ3 2026,FQ,2026,3,2026-09-30,1,,,1,count of analysts,,"filings/capitaliq/Estimates/Revisions/SPGlobal_GrupoBimbo,S.A.B.deC.V._Revisions_20-Sep-2026.xlsx",Revisions,266
2026-09-20,revisions,Company,COMPANY LEVEL,Net Income (GAAP),Last Two Months,Upward,FQ4 2026,FQ,2026,4,2026-12-31,1,,,1,count of analysts,,"filings/capitaliq/Estimates/Revisions/SPGlobal_GrupoBimbo,S.A.B.deC.V._Revisions_20-Sep-2026.xlsx",Revisions,266
2026-09-20,revisions,Company,COMPANY LEVEL,Net Income (GAAP),Last Two Months,Upward,FY 2026,FY,2026,,2026-12-31,0,,,0,count of analysts,,"filings/capitaliq/Estimates/Revisions/SPGlobal_GrupoBimbo,S.A.B.deC.V._Revisions_20-Sep-2026.xlsx",Revisions,266
2026-09-20,revisions,Company,COMPANY LEVEL,Net Income (GAAP),Last Two Months,Upward,FY 2027,FY,2027,,2027-12-31,1,,,1,count of analysts,,"filings/capitaliq/Estimates/Revisions/SPGlobal_GrupoBimbo,S.A.B.deC.V._Revisions_20-Sep-2026.xlsx",Revisions,266
2026-09-20,revisions,Company,COMPANY LEVEL,Net Income (GAAP),Last Two Months,Upward,FY 2028,FY,2028,,2028-12-31,1,,,1,count of analysts,,"filings/capitaliq/Estimates/Revisions/SPGlobal_GrupoBimbo,S.A.B.deC.V._Revisions_20-Sep-2026.xlsx",Revisions,266
2026-09-20,revisions,Company,COMPANY LEVEL,Net Income (GAAP),Last Two Months,Upward,FY 2029,FY,2029,,2029-12-31,0,,,0,count of analysts,,"filings/capitaliq/Estimates/Revisions/SPGlobal_GrupoBimbo,S.A.B.deC.V._Revisions_20-Sep-2026.xlsx",Revisions,266
2026-09-20,revisions,Company,COMPANY LEVEL,Net Income (GAAP),Last Two Months,Upward,FY 2030,FY,2030,,2030-12-31,0,,,0,count of analysts,,"filings/capitaliq/Estimates/Revisions/SPGlobal_GrupoBimbo,S.A.B.deC.V._Revisions_20-Sep-2026.xlsx",Revisions,266
2026-09-20,revisions,Company,COMPANY LEVEL,Net Income (GAAP),Last Two Months,Downward,FQ3 2026,FQ,2026,3,2026-09-30,1,,,1,count of analysts,,"filings/capitaliq/Estimates/Revisions/SPGlobal_GrupoBimbo,S.A.B.deC.V._Revisions_20-Sep-2026.xlsx",Revisions,267
2026-09-20,revisions,Company,COMPANY LEVEL,Net Income (GAAP),Last Two Months,Downward,FQ4 2026,FQ,2026,4,2026-12-31,1,,,1,count of analysts,,"filings/capitaliq/Estimates/Revisions/SPGlobal_GrupoBimbo,S.A.B.deC.V._Revisions_20-Sep-2026.xlsx",Revisions,267
2026-09-20,revisions,Company,COMPANY LEVEL,Net Income (GAAP),Last Two Months,Downward,FY 2026,FY,2026,,2026-12-31,4,,,4,count of analysts,,"filings/capitaliq/Estimates/Revisions/SPGlobal_GrupoBimbo,S.A.B.deC.V._Revisions_20-Sep-2026.xlsx",Revisions,267
2026-09-20,revisions,Company,COMPANY LEVEL,Net Income (GAAP),Last Two Months,Downward,FY 2027,FY,2027,,2027-12-31,3,,,3,count of analysts,,"filings/capitaliq/Estimates/Revisions/SPGlobal_GrupoBimbo,S.A.B.deC.V._Revisions_20-Sep-2026.xlsx",Revisions,267
2026-09-20,revisions,Company,COMPANY LEVEL,Net Income (GAAP),Last Two Months,Downward,FY 2028,FY,2028,,2028-12-31,2,,,2,count of analysts,,"filings/capitaliq/Estimates/Revisions/SPGlobal_GrupoBimbo,S.A.B.deC.V._Revisions_20-Sep-2026.xlsx",Revisions,267
2026-09-20,revisions,Company,COMPANY LEVEL,Net Income (GAAP),Last Two Months,Downward,FY 2029,FY,2029,,2029-12-31,0,,,0,count of analysts,,"filings/capitaliq/Estimates/Revisions/SPGlobal_GrupoBimbo,S.A.B.deC.V._Revisions_20-Sep-2026.xlsx",Revisions,267
2026-09-20,revisions,Company,COMPANY LEVEL,Net Income (GAAP),Last Two Months,Downward,FY 2030,FY,2030,,2030-12-31,0,,,0,count of analysts,,"filings/capitaliq/Estimates/Revisions/SPGlobal_GrupoBimbo,S.A.B.deC.V._Revisions_20-Sep-2026.xlsx",Revisions,267
2026-09-20,revisions,Company,COMPANY LEVEL,Net Income (GAAP),Last Three Months,Number of Analysts,FQ3 2026,FQ,2026,3,2026-09-30,1,,,1,count of analysts,,"filings/capitaliq/Estimates/Revisions/SPGlobal_GrupoBimbo,S.A.B.deC.V._Revisions_20-Sep-2026.xlsx",Revisions,269
2026-09-20,revisions,Company,COMPANY LEVEL,Net Income (GAAP),Last Three Months,Number of Analysts,FQ4 2026,FQ,2026,4,2026-12-31,1,,,1,count of analysts,,"filings/capitaliq/Estimates/Revisions/SPGlobal_GrupoBimbo,S.A.B.deC.V._Revisions_20-Sep-2026.xlsx",Revisions,269
2026-09-20,revisions,Company,COMPANY LEVEL,Net Income (GAAP),Last Three Months,Number of Analysts,FY 2026,FY,2026,,2026-12-31,8,,,8,count of analysts,,"filings/capitaliq/Estimates/Revisions/SPGlobal_GrupoBimbo,S.A.B.deC.V._Revisions_20-Sep-2026.xlsx",Revisions,269
2026-09-20,revisions,Company,COMPANY LEVEL,Net Income (GAAP),Last Three Months,Number of Analysts,FY 2027,FY,2027,,2027-12-31,9,,,9,count of analysts,,"filings/capitaliq/Estimates/Revisions/SPGlobal_GrupoBimbo,S.A.B.deC.V._Revisions_20-Sep-2026.xlsx",Revisions,269
2026-09-20,revisions,Company,COMPANY LEVEL,Net Income (GAAP),Last Three Months,Number of Analysts,FY 2028,FY,2028,,2028-12-31,7,,,7,count of analysts,,"filings/capitaliq/Estimates/Revisions/SPGlobal_GrupoBimbo,S.A.B.deC.V._Revisions_20-Sep-2026.xlsx",Revisions,269
2026-09-20,revisions,Company,COMPANY LEVEL,Net Income (GAAP),Last Three Months,Number of Analysts,FY 2029,FY,2029,,2029-12-31,1,,,1,count of analysts,,"filings/capitaliq/Estimates/Revisions/SPGlobal_GrupoBimbo,S.A.B.deC.V._Revisions_20-Sep-2026.xlsx",Revisions,269
2026-09-20,revisions,Company,COMPANY LEVEL,Net Income (GAAP),Last Three Months,Number of Analysts,FY 2030,FY,2030,,2030-12-31,1,,,1,count of analysts,,"filings/capitaliq/Estimates/Revisions/SPGlobal_GrupoBimbo,S.A.B.deC.V._Revisions_20-Sep-2026.xlsx",Revisions,269
2026-09-20,revisions,Company,COMPANY LEVEL,Net Income (GAAP),Last Three Months,Number of Analysts still in Consensus,FQ3 2026,FQ,2026,3,2026-09-30,1,,,1,count of analysts,,"filings/capitaliq/Estimates/Revisions/SPGlobal_GrupoBimbo,S.A.B.deC.V._Revisions_20-Sep-2026.xlsx",Revisions,270
2026-09-20,revisions,Company,COMPANY LEVEL,Net Income (GAAP),Last Three Months,Number of Analysts still in Consensus,FQ4 2026,FQ,2026,4,2026-12-31,1,,,1,count of analysts,,"filings/capitaliq/Estimates/Revisions/SPGlobal_GrupoBimbo,S.A.B.deC.V._Revisions_20-Sep-2026.xlsx",Revisions,270
2026-09-20,revisions,Company,COMPANY LEVEL,Net Income (GAAP),Last Three Months,Number of Analysts still in Consensus,FY 2026,FY,2026,,2026-12-31,7,,,7,count of analysts,,"filings/capitaliq/Estimates/Revisions/SPGlobal_GrupoBimbo,S.A.B.deC.V._Revisions_20-Sep-2026.xlsx",Revisions,270
2026-09-20,revisions,Company,COMPANY LEVEL,Net Income (GAAP),Last Three Months,Number of Analysts still in Consensus,FY 2027,FY,2027,,2027-12-31,7,,,7,count of analysts,,"filings/capitaliq/Estimates/Revisions/SPGlobal_GrupoBimbo,S.A.B.deC.V._Revisions_20-Sep-2026.xlsx",Revisions,270
2026-09-20,revisions,Company,COMPANY LEVEL,Net Income (GAAP),Last Three Months,Number of Analysts still in Consensus,FY 2028,FY,2028,,2028-12-31,6,,,6,count of analysts,,"filings/capitaliq/Estimates/Revisions/SPGlobal_GrupoBimbo,S.A.B.deC.V._Revisions_20-Sep-2026.xlsx",Revisions,270
2026-09-20,revisions,Company,COMPANY LEVEL,Net Income (GAAP),Last Three Months,Number of Analysts still in Consensus,FY 2029,FY,2029,,2029-12-31,1,,,1,count of analysts,,"filings/capitaliq/Estimates/Revisions/SPGlobal_GrupoBimbo,S.A.B.deC.V._Revisions_20-Sep-2026.xlsx",Revisions,270
2026-09-20,revisions,Company,COMPANY LEVEL,Net Income (GAAP),Last Three Months,Number of Analysts still in Consensus,FY 2030,FY,2030,,2030-12-31,1,,,1,count of analysts,,"filings/capitaliq/Estimates/Revisions/SPGlobal_GrupoBimbo,S.A.B.deC.V._Revisions_20-Sep-2026.xlsx",Revisions,270
2026-09-20,revisions,Company,COMPANY LEVEL,Net Income (GAAP),Last Three Months,Upward,FQ3 2026,FQ,2026,3,2026-09-30,0,,,0,count of analysts,,"filings/capitaliq/Estimates/Revisions/SPGlobal_GrupoBimbo,S.A.B.deC.V._Revisions_20-Sep-2026.xlsx",Revisions,271
2026-09-20,revisions,Company,COMPANY LEVEL,Net Income (GAAP),Last Three Months,Upward,FQ4 2026,FQ,2026,4,2026-12-31,1,,,1,count of analysts,,"filings/capitaliq/Estimates/Revisions/SPGlobal_GrupoBimbo,S.A.B.deC.V._Revisions_20-Sep-2026.xlsx",Revisions,271
2026-09-20,revisions,Company,COMPANY LEVEL,Net Income (GAAP),Last Three Months,Upward,FY 2026,FY,2026,,2026-12-31,2,,,2,count of analysts,,"filings/capitaliq/Estimates/Revisions/SPGlobal_GrupoBimbo,S.A.B.deC.V._Revisions_20-Sep-2026.xlsx",Revisions,271
2026-09-20,revisions,Company,COMPANY LEVEL,Net Income (GAAP),Last Three Months,Upward,FY 2027,FY,2027,,2027-12-31,1,,,1,count of analysts,,"filings/capitaliq/Estimates/Revisions/SPGlobal_GrupoBimbo,S.A.B.deC.V._Revisions_20-Sep-2026.xlsx",Revisions,271
2026-09-20,revisions,Company,COMPANY LEVEL,Net Income (GAAP),Last Three Months,Upward,FY 2028,FY,2028,,2028-12-31,2,,,2,count of analysts,,"filings/capitaliq/Estimates/Revisions/SPGlobal_GrupoBimbo,S.A.B.deC.V._Revisions_20-Sep-2026.xlsx",Revisions,271
2026-09-20,revisions,Company,COMPANY LEVEL,Net Income (GAAP),Last Three Months,Upward,FY 2029,FY,2029,,2029-12-31,0,,,0,count of analysts,,"filings/capitaliq/Estimates/Revisions/SPGlobal_GrupoBimbo,S.A.B.deC.V._Revisions_20-Sep-2026.xlsx",Revisions,271
2026-09-20,revisions,Company,COMPANY LEVEL,Net Income (GAAP),Last Three Months,Upward,FY 2030,FY,2030,,2030-12-31,0,,,0,count of analysts,,"filings/capitaliq/Estimates/Revisions/SPGlobal_GrupoBimbo,S.A.B.deC.V._Revisions_20-Sep-2026.xlsx",Revisions,271
2026-09-20,revisions,Company,COMPANY LEVEL,Net Income (GAAP),Last Three Months,Downward,FQ3 2026,FQ,2026,3,2026-09-30,1,,,1,count of analysts,,"filings/capitaliq/Estimates/Revisions/SPGlobal_GrupoBimbo,S.A.B.deC.V._Revisions_20-Sep-2026.xlsx",Revisions,272
2026-09-20,revisions,Company,COMPANY LEVEL,Net Income (GAAP),Last Three Months,Downward,FQ4 2026,FQ,2026,4,2026-12-31,0,,,0,count of analysts,,"filings/capitaliq/Estimates/Revisions/SPGlobal_GrupoBimbo,S.A.B.deC.V._Revisions_20-Sep-2026.xlsx",Revisions,272
2026-09-20,revisions,Company,COMPANY LEVEL,Net Income (GAAP),Last Three Months,Downward,FY 2026,FY,2026,,2026-12-31,3,,,3,count of analysts,,"filings/capitaliq/Estimates/Revisions/SPGlobal_GrupoBimbo,S.A.B.deC.V._Revisions_20-Sep-2026.xlsx",Revisions,272
2026-09-20,revisions,Company,COMPANY LEVEL,Net Income (GAAP),Last Three Months,Downward,FY 2027,FY,2027,,2027-12-31,3,,,3,count of analysts,,"filings/capitaliq/Estimates/Revisions/SPGlobal_GrupoBimbo,S.A.B.deC.V._Revisions_20-Sep-2026.xlsx",Revisions,272
2026-09-20,revisions,Company,COMPANY LEVEL,Net Income (GAAP),Last Three Months,Downward,FY 2028,FY,2028,,2028-12-31,1,,,1,count of analysts,,"filings/capitaliq/Estimates/Revisions/SPGlobal_GrupoBimbo,S.A.B.deC.V._Revisions_20-Sep-2026.xlsx",Revisions,272
2026-09-20,revisions,Company,COMPANY LEVEL,Net Income (GAAP),Last Three Months,Downward,FY 2029,FY,2029,,2029-12-31,0,,,0,count of analysts,,"filings/capitaliq/Estimates/Revisions/SPGlobal_GrupoBimbo,S.A.B.deC.V._Revisions_20-Sep-2026.xlsx",Revisions,272
2026-09-20,revisions,Company,COMPANY LEVEL,Net Income (GAAP),Last Three Months,Downward,FY 2030,FY,2030,,2030-12-31,0,,,0,count of analysts,,"filings/capitaliq/Estimates/Revisions/SPGlobal_GrupoBimbo,S.A.B.deC.V._Revisions_20-Sep-2026.xlsx",Revisions,272
2026-09-20,revisions,Company,COMPANY LEVEL,Net Debt,Last Month,Number of Analysts,FY 2026,FY,2026,,2026-12-31,5,,,5,count of analysts,,"filings/capitaliq/Estimates/Revisions/SPGlobal_GrupoBimbo,S.A.B.deC.V._Revisions_20-Sep-2026.xlsx",Revisions,275
2026-09-20,revisions,Company,COMPANY LEVEL,Net Debt,Last Month,Number of Analysts,FY 2027,FY,2027,,2027-12-31,7,,,7,count of analysts,,"filings/capitaliq/Estimates/Revisions/SPGlobal_GrupoBimbo,S.A.B.deC.V._Revisions_20-Sep-2026.xlsx",Revisions,275
2026-09-20,revisions,Company,COMPANY LEVEL,Net Debt,Last Month,Number of Analysts,FY 2028,FY,2028,,2028-12-31,7,,,7,count of analysts,,"filings/capitaliq/Estimates/Revisions/SPGlobal_GrupoBimbo,S.A.B.deC.V._Revisions_20-Sep-2026.xlsx",Revisions,275
2026-09-20,revisions,Company,COMPANY LEVEL,Net Debt,Last Month,Number of Analysts,FY 2029,FY,2029,,2029-12-31,1,,,1,count of analysts,,"filings/capitaliq/Estimates/Revisions/SPGlobal_GrupoBimbo,S.A.B.deC.V._Revisions_20-Sep-2026.xlsx",Revisions,275
2026-09-20,revisions,Company,COMPANY LEVEL,Net Debt,Last Month,Number of Analysts,FY 2030,FY,2030,,2030-12-31,1,,,1,count of analysts,,"filings/capitaliq/Estimates/Revisions/SPGlobal_GrupoBimbo,S.A.B.deC.V._Revisions_20-Sep-2026.xlsx",Revisions,275
2026-09-20,revisions,Company,COMPANY LEVEL,Net Debt,Last Month,Number of Analysts still in Consensus,FY 2026,FY,2026,,2026-12-31,5,,,5,count of analysts,,"filings/capitaliq/Estimates/Revisions/SPGlobal_GrupoBimbo,S.A.B.deC.V._Revisions_20-Sep-2026.xlsx",Revisions,276
2026-09-20,revisions,Company,COMPANY LEVEL,Net Debt,Last Month,Number of Analysts still in Consensus,FY 2027,FY,2027,,2027-12-31,7,,,7,count of analysts,,"filings/capitaliq/Estimates/Revisions/SPGlobal_GrupoBimbo,S.A.B.deC.V._Revisions_20-Sep-2026.xlsx",Revisions,276
2026-09-20,revisions,Company,COMPANY LEVEL,Net Debt,Last Month,Number of Analysts still in Consensus,FY 2028,FY,2028,,2028-12-31,7,,,7,count of analysts,,"filings/capitaliq/Estimates/Revisions/SPGlobal_GrupoBimbo,S.A.B.deC.V._Revisions_20-Sep-2026.xlsx",Revisions,276
2026-09-20,revisions,Company,COMPANY LEVEL,Net Debt,Last Month,Number of Analysts still in Consensus,FY 2029,FY,2029,,2029-12-31,1,,,1,count of analysts,,"filings/capitaliq/Estimates/Revisions/SPGlobal_GrupoBimbo,S.A.B.deC.V._Revisions_20-Sep-2026.xlsx",Revisions,276
2026-09-20,revisions,Company,COMPANY LEVEL,Net Debt,Last Month,Number of Analysts still in Consensus,FY 2030,FY,2030,,2030-12-31,1,,,1,count of analysts,,"filings/capitaliq/Estimates/Revisions/SPGlobal_GrupoBimbo,S.A.B.deC.V._Revisions_20-Sep-2026.xlsx",Revisions,276
2026-09-20,revisions,Company,COMPANY LEVEL,Net Debt,Last Month,Upward,FY 2026,FY,2026,,2026-12-31,0,,,0,count of analysts,,"filings/capitaliq/Estimates/Revisions/SPGlobal_GrupoBimbo,S.A.B.deC.V._Revisions_20-Sep-2026.xlsx",Revisions,277
2026-09-20,revisions,Company,COMPANY LEVEL,Net Debt,Last Month,Upward,FY 2027,FY,2027,,2027-12-31,0,,,0,count of analysts,,"filings/capitaliq/Estimates/Revisions/SPGlobal_GrupoBimbo,S.A.B.deC.V._Revisions_20-Sep-2026.xlsx",Revisions,277
2026-09-20,revisions,Company,COMPANY LEVEL,Net Debt,Last Month,Upward,FY 2028,FY,2028,,2028-12-31,0,,,0,count of analysts,,"filings/capitaliq/Estimates/Revisions/SPGlobal_GrupoBimbo,S.A.B.deC.V._Revisions_20-Sep-2026.xlsx",Revisions,277
2026-09-20,revisions,Company,COMPANY LEVEL,Net Debt,Last Month,Upward,FY 2029,FY,2029,,2029-12-31,0,,,0,count of analysts,,"filings/capitaliq/Estimates/Revisions/SPGlobal_GrupoBimbo,S.A.B.deC.V._Revisions_20-Sep-2026.xlsx",Revisions,277
2026-09-20,revisions,Company,COMPANY LEVEL,Net Debt,Last Month,Upward,FY 2030,FY,2030,,2030-12-31,0,,,0,count of analysts,,"filings/capitaliq/Estimates/Revisions/SPGlobal_GrupoBimbo,S.A.B.deC.V._Revisions_20-Sep-2026.xlsx",Revisions,277
2026-09-20,revisions,Company,COMPANY LEVEL,Net Debt,Last Month,Downward,FY 2026,FY,2026,,2026-12-31,0,,,0,count of analysts,,"filings/capitaliq/Estimates/Revisions/SPGlobal_GrupoBimbo,S.A.B.deC.V._Revisions_20-Sep-2026.xlsx",Revisions,278
2026-09-20,revisions,Company,COMPANY LEVEL,Net Debt,Last Month,Downward,FY 2027,FY,2027,,2027-12-31,0,,,0,count of analysts,,"filings/capitaliq/Estimates/Revisions/SPGlobal_GrupoBimbo,S.A.B.deC.V._Revisions_20-Sep-2026.xlsx",Revisions,278
2026-09-20,revisions,Company,COMPANY LEVEL,Net Debt,Last Month,Downward,FY 2028,FY,2028,,2028-12-31,0,,,0,count of analysts,,"filings/capitaliq/Estimates/Revisions/SPGlobal_GrupoBimbo,S.A.B.deC.V._Revisions_20-Sep-2026.xlsx",Revisions,278
2026-09-20,revisions,Company,COMPANY LEVEL,Net Debt,Last Month,Downward,FY 2029,FY,2029,,2029-12-31,0,,,0,count of analysts,,"filings/capitaliq/Estimates/Revisions/SPGlobal_GrupoBimbo,S.A.B.deC.V._Revisions_20-Sep-2026.xlsx",Revisions,278
2026-09-20,revisions,Company,COMPANY LEVEL,Net Debt,Last Month,Downward,FY 2030,FY,2030,,2030-12-31,0,,,0,count of analysts,,"filings/capitaliq/Estimates/Revisions/SPGlobal_GrupoBimbo,S.A.B.deC.V._Revisions_20-Sep-2026.xlsx",Revisions,278
2026-09-20,revisions,Company,COMPANY LEVEL,Net Debt,Last Two Months,Number of Analysts,FY 2026,FY,2026,,2026-12-31,7,,,7,count of analysts,,"filings/capitaliq/Estimates/Revisions/SPGlobal_GrupoBimbo,S.A.B.deC.V._Revisions_20-Sep-2026.xlsx",Revisions,280
2026-09-20,revisions,Company,COMPANY LEVEL,Net Debt,Last Two Months,Number of Analysts,FY 2027,FY,2027,,2027-12-31,7,,,7,count of analysts,,"filings/capitaliq/Estimates/Revisions/SPGlobal_GrupoBimbo,S.A.B.deC.V._Revisions_20-Sep-2026.xlsx",Revisions,280
2026-09-20,revisions,Company,COMPANY LEVEL,Net Debt,Last Two Months,Number of Analysts,FY 2028,FY,2028,,2028-12-31,7,,,7,count of analysts,,"filings/capitaliq/Estimates/Revisions/SPGlobal_GrupoBimbo,S.A.B.deC.V._Revisions_20-Sep-2026.xlsx",Revisions,280
2026-09-20,revisions,Company,COMPANY LEVEL,Net Debt,Last Two Months,Number of Analysts,FY 2029,FY,2029,,2029-12-31,1,,,1,count of analysts,,"filings/capitaliq/Estimates/Revisions/SPGlobal_GrupoBimbo,S.A.B.deC.V._Revisions_20-Sep-2026.xlsx",Revisions,280
2026-09-20,revisions,Company,COMPANY LEVEL,Net Debt,Last Two Months,Number of Analysts,FY 2030,FY,2030,,2030-12-31,1,,,1,count of analysts,,"filings/capitaliq/Estimates/Revisions/SPGlobal_GrupoBimbo,S.A.B.deC.V._Revisions_20-Sep-2026.xlsx",Revisions,280
2026-09-20,revisions,Company,COMPANY LEVEL,Net Debt,Last Two Months,Number of Analysts still in Consensus,FY 2026,FY,2026,,2026-12-31,7,,,7,count of analysts,,"filings/capitaliq/Estimates/Revisions/SPGlobal_GrupoBimbo,S.A.B.deC.V._Revisions_20-Sep-2026.xlsx",Revisions,281
2026-09-20,revisions,Company,COMPANY LEVEL,Net Debt,Last Two Months,Number of Analysts still in Consensus,FY 2027,FY,2027,,2027-12-31,7,,,7,count of analysts,,"filings/capitaliq/Estimates/Revisions/SPGlobal_GrupoBimbo,S.A.B.deC.V._Revisions_20-Sep-2026.xlsx",Revisions,281
2026-09-20,revisions,Company,COMPANY LEVEL,Net Debt,Last Two Months,Number of Analysts still in Consensus,FY 2028,FY,2028,,2028-12-31,7,,,7,count of analysts,,"filings/capitaliq/Estimates/Revisions/SPGlobal_GrupoBimbo,S.A.B.deC.V._Revisions_20-Sep-2026.xlsx",Revisions,281
2026-09-20,revisions,Company,COMPANY LEVEL,Net Debt,Last Two Months,Number of Analysts still in Consensus,FY 2029,FY,2029,,2029-12-31,1,,,1,count of analysts,,"filings/capitaliq/Estimates/Revisions/SPGlobal_GrupoBimbo,S.A.B.deC.V._Revisions_20-Sep-2026.xlsx",Revisions,281
2026-09-20,revisions,Company,COMPANY LEVEL,Net Debt,Last Two Months,Number of Analysts still in Consensus,FY 2030,FY,2030,,2030-12-31,1,,,1,count of analysts,,"filings/capitaliq/Estimates/Revisions/SPGlobal_GrupoBimbo,S.A.B.deC.V._Revisions_20-Sep-2026.xlsx",Revisions,281
2026-09-20,revisions,Company,COMPANY LEVEL,Net Debt,Last Two Months,Upward,FY 2026,FY,2026,,2026-12-31,1,,,1,count of analysts,,"filings/capitaliq/Estimates/Revisions/SPGlobal_GrupoBimbo,S.A.B.deC.V._Revisions_20-Sep-2026.xlsx",Revisions,282
2026-09-20,revisions,Company,COMPANY LEVEL,Net Debt,Last Two Months,Upward,FY 2027,FY,2027,,2027-12-31,1,,,1,count of analysts,,"filings/capitaliq/Estimates/Revisions/SPGlobal_GrupoBimbo,S.A.B.deC.V._Revisions_20-Sep-2026.xlsx",Revisions,282
2026-09-20,revisions,Company,COMPANY LEVEL,Net Debt,Last Two Months,Upward,FY 2028,FY,2028,,2028-12-31,1,,,1,count of analysts,,"filings/capitaliq/Estimates/Revisions/SPGlobal_GrupoBimbo,S.A.B.deC.V._Revisions_20-Sep-2026.xlsx",Revisions,282
2026-09-20,revisions,Company,COMPANY LEVEL,Net Debt,Last Two Months,Upward,FY 2029,FY,2029,,2029-12-31,0,,,0,count of analysts,,"filings/capitaliq/Estimates/Revisions/SPGlobal_GrupoBimbo,S.A.B.deC.V._Revisions_20-Sep-2026.xlsx",Revisions,282
2026-09-20,revisions,Company,COMPANY LEVEL,Net Debt,Last Two Months,Upward,FY 2030,FY,2030,,2030-12-31,0,,,0,count of analysts,,"filings/capitaliq/Estimates/Revisions/SPGlobal_GrupoBimbo,S.A.B.deC.V._Revisions_20-Sep-2026.xlsx",Revisions,282
2026-09-20,revisions,Company,COMPANY LEVEL,Net Debt,Last Two Months,Downward,FY 2026,FY,2026,,2026-12-31,1,,,1,count of analysts,,"filings/capitaliq/Estimates/Revisions/SPGlobal_GrupoBimbo,S.A.B.deC.V._Revisions_20-Sep-2026.xlsx",Revisions,283
2026-09-20,revisions,Company,COMPANY LEVEL,Net Debt,Last Two Months,Downward,FY 2027,FY,2027,,2027-12-31,1,,,1,count of analysts,,"filings/capitaliq/Estimates/Revisions/SPGlobal_GrupoBimbo,S.A.B.deC.V._Revisions_20-Sep-2026.xlsx",Revisions,283
2026-09-20,revisions,Company,COMPANY LEVEL,Net Debt,Last Two Months,Downward,FY 2028,FY,2028,,2028-12-31,1,,,1,count of analysts,,"filings/capitaliq/Estimates/Revisions/SPGlobal_GrupoBimbo,S.A.B.deC.V._Revisions_20-Sep-2026.xlsx",Revisions,283
2026-09-20,revisions,Company,COMPANY LEVEL,Net Debt,Last Two Months,Downward,FY 2029,FY,2029,,2029-12-31,0,,,0,count of analysts,,"filings/capitaliq/Estimates/Revisions/SPGlobal_GrupoBimbo,S.A.B.deC.V._Revisions_20-Sep-2026.xlsx",Revisions,283
2026-09-20,revisions,Company,COMPANY LEVEL,Net Debt,Last Two Months,Downward,FY 2030,FY,2030,,2030-12-31,0,,,0,count of analysts,,"filings/capitaliq/Estimates/Revisions/SPGlobal_GrupoBimbo,S.A.B.deC.V._Revisions_20-Sep-2026.xlsx",Revisions,283
2026-09-20,revisions,Company,COMPANY LEVEL,Net Debt,Last Three Months,Number of Analysts,FY 2026,FY,2026,,2026-12-31,6,,,6,count of analysts,,"filings/capitaliq/Estimates/Revisions/SPGlobal_GrupoBimbo,S.A.B.deC.V._Revisions_20-Sep-2026.xlsx",Revisions,285
2026-09-20,revisions,Company,COMPANY LEVEL,Net Debt,Last Three Months,Number of Analysts,FY 2027,FY,2027,,2027-12-31,7,,,7,count of analysts,,"filings/capitaliq/Estimates/Revisions/SPGlobal_GrupoBimbo,S.A.B.deC.V._Revisions_20-Sep-2026.xlsx",Revisions,285
2026-09-20,revisions,Company,COMPANY LEVEL,Net Debt,Last Three Months,Number of Analysts,FY 2028,FY,2028,,2028-12-31,7,,,7,count of analysts,,"filings/capitaliq/Estimates/Revisions/SPGlobal_GrupoBimbo,S.A.B.deC.V._Revisions_20-Sep-2026.xlsx",Revisions,285
2026-09-20,revisions,Company,COMPANY LEVEL,Net Debt,Last Three Months,Number of Analysts,FY 2029,FY,2029,,2029-12-31,1,,,1,count of analysts,,"filings/capitaliq/Estimates/Revisions/SPGlobal_GrupoBimbo,S.A.B.deC.V._Revisions_20-Sep-2026.xlsx",Revisions,285
2026-09-20,revisions,Company,COMPANY LEVEL,Net Debt,Last Three Months,Number of Analysts,FY 2030,FY,2030,,2030-12-31,1,,,1,count of analysts,,"filings/capitaliq/Estimates/Revisions/SPGlobal_GrupoBimbo,S.A.B.deC.V._Revisions_20-Sep-2026.xlsx",Revisions,285
2026-09-20,revisions,Company,COMPANY LEVEL,Net Debt,Last Three Months,Number of Analysts still in Consensus,FY 2026,FY,2026,,2026-12-31,6,,,6,count of analysts,,"filings/capitaliq/Estimates/Revisions/SPGlobal_GrupoBimbo,S.A.B.deC.V._Revisions_20-Sep-2026.xlsx",Revisions,286
2026-09-20,revisions,Company,COMPANY LEVEL,Net Debt,Last Three Months,Number of Analysts still in Consensus,FY 2027,FY,2027,,2027-12-31,7,,,7,count of analysts,,"filings/capitaliq/Estimates/Revisions/SPGlobal_GrupoBimbo,S.A.B.deC.V._Revisions_20-Sep-2026.xlsx",Revisions,286
2026-09-20,revisions,Company,COMPANY LEVEL,Net Debt,Last Three Months,Number of Analysts still in Consensus,FY 2028,FY,2028,,2028-12-31,7,,,7,count of analysts,,"filings/capitaliq/Estimates/Revisions/SPGlobal_GrupoBimbo,S.A.B.deC.V._Revisions_20-Sep-2026.xlsx",Revisions,286
2026-09-20,revisions,Company,COMPANY LEVEL,Net Debt,Last Three Months,Number of Analysts still in Consensus,FY 2029,FY,2029,,2029-12-31,1,,,1,count of analysts,,"filings/capitaliq/Estimates/Revisions/SPGlobal_GrupoBimbo,S.A.B.deC.V._Revisions_20-Sep-2026.xlsx",Revisions,286
2026-09-20,revisions,Company,COMPANY LEVEL,Net Debt,Last Three Months,Number of Analysts still in Consensus,FY 2030,FY,2030,,2030-12-31,1,,,1,count of analysts,,"filings/capitaliq/Estimates/Revisions/SPGlobal_GrupoBimbo,S.A.B.deC.V._Revisions_20-Sep-2026.xlsx",Revisions,286
2026-09-20,revisions,Company,COMPANY LEVEL,Net Debt,Last Three Months,Upward,FY 2026,FY,2026,,2026-12-31,1,,,1,count of analysts,,"filings/capitaliq/Estimates/Revisions/SPGlobal_GrupoBimbo,S.A.B.deC.V._Revisions_20-Sep-2026.xlsx",Revisions,287
2026-09-20,revisions,Company,COMPANY LEVEL,Net Debt,Last Three Months,Upward,FY 2027,FY,2027,,2027-12-31,2,,,2,count of analysts,,"filings/capitaliq/Estimates/Revisions/SPGlobal_GrupoBimbo,S.A.B.deC.V._Revisions_20-Sep-2026.xlsx",Revisions,287
2026-09-20,revisions,Company,COMPANY LEVEL,Net Debt,Last Three Months,Upward,FY 2028,FY,2028,,2028-12-31,2,,,2,count of analysts,,"filings/capitaliq/Estimates/Revisions/SPGlobal_GrupoBimbo,S.A.B.deC.V._Revisions_20-Sep-2026.xlsx",Revisions,287
2026-09-20,revisions,Company,COMPANY LEVEL,Net Debt,Last Three Months,Upward,FY 2029,FY,2029,,2029-12-31,0,,,0,count of analysts,,"filings/capitaliq/Estimates/Revisions/SPGlobal_GrupoBimbo,S.A.B.deC.V._Revisions_20-Sep-2026.xlsx",Revisions,287
2026-09-20,revisions,Company,COMPANY LEVEL,Net Debt,Last Three Months,Upward,FY 2030,FY,2030,,2030-12-31,0,,,0,count of analysts,,"filings/capitaliq/Estimates/Revisions/SPGlobal_GrupoBimbo,S.A.B.deC.V._Revisions_20-Sep-2026.xlsx",Revisions,287
2026-09-20,revisions,Company,COMPANY LEVEL,Net Debt,Last Three Months,Downward,FY 2026,FY,2026,,2026-12-31,1,,,1,count of analysts,,"filings/capitaliq/Estimates/Revisions/SPGlobal_GrupoBimbo,S.A.B.deC.V._Revisions_20-Sep-2026.xlsx",Revisions,288
2026-09-20,revisions,Company,COMPANY LEVEL,Net Debt,Last Three Months,Downward,FY 2027,FY,2027,,2027-12-31,1,,,1,count of analysts,,"filings/capitaliq/Estimates/Revisions/SPGlobal_GrupoBimbo,S.A.B.deC.V._Revisions_20-Sep-2026.xlsx",Revisions,288
2026-09-20,revisions,Company,COMPANY LEVEL,Net Debt,Last Three Months,Downward,FY 2028,FY,2028,,2028-12-31,1,,,1,count of analysts,,"filings/capitaliq/Estimates/Revisions/SPGlobal_GrupoBimbo,S.A.B.deC.V._Revisions_20-Sep-2026.xlsx",Revisions,288
2026-09-20,revisions,Company,COMPANY LEVEL,Net Debt,Last Three Months,Downward,FY 2029,FY,2029,,2029-12-31,0,,,0,count of analysts,,"filings/capitaliq/Estimates/Revisions/SPGlobal_GrupoBimbo,S.A.B.deC.V._Revisions_20-Sep-2026.xlsx",Revisions,288
2026-09-20,revisions,Company,COMPANY LEVEL,Net Debt,Last Three Months,Downward,FY 2030,FY,2030,,2030-12-31,0,,,0,count of analysts,,"filings/capitaliq/Estimates/Revisions/SPGlobal_GrupoBimbo,S.A.B.deC.V._Revisions_20-Sep-2026.xlsx",Revisions,288
2026-09-20,revisions,Company,COMPANY LEVEL,TEV,Last Month,Number of Analysts,FY 2026,FY,2026,,2026-12-31,2,,,2,count of analysts,,"filings/capitaliq/Estimates/Revisions/SPGlobal_GrupoBimbo,S.A.B.deC.V._Revisions_20-Sep-2026.xlsx",Revisions,291
2026-09-20,revisions,Company,COMPANY LEVEL,TEV,Last Month,Number of Analysts,FY 2027,FY,2027,,2027-12-31,2,,,2,count of analysts,,"filings/capitaliq/Estimates/Revisions/SPGlobal_GrupoBimbo,S.A.B.deC.V._Revisions_20-Sep-2026.xlsx",Revisions,291
2026-09-20,revisions,Company,COMPANY LEVEL,TEV,Last Month,Number of Analysts,FY 2028,FY,2028,,2028-12-31,2,,,2,count of analysts,,"filings/capitaliq/Estimates/Revisions/SPGlobal_GrupoBimbo,S.A.B.deC.V._Revisions_20-Sep-2026.xlsx",Revisions,291
2026-09-20,revisions,Company,COMPANY LEVEL,TEV,Last Month,Number of Analysts still in Consensus,FY 2026,FY,2026,,2026-12-31,2,,,2,count of analysts,,"filings/capitaliq/Estimates/Revisions/SPGlobal_GrupoBimbo,S.A.B.deC.V._Revisions_20-Sep-2026.xlsx",Revisions,292
2026-09-20,revisions,Company,COMPANY LEVEL,TEV,Last Month,Number of Analysts still in Consensus,FY 2027,FY,2027,,2027-12-31,2,,,2,count of analysts,,"filings/capitaliq/Estimates/Revisions/SPGlobal_GrupoBimbo,S.A.B.deC.V._Revisions_20-Sep-2026.xlsx",Revisions,292
2026-09-20,revisions,Company,COMPANY LEVEL,TEV,Last Month,Number of Analysts still in Consensus,FY 2028,FY,2028,,2028-12-31,2,,,2,count of analysts,,"filings/capitaliq/Estimates/Revisions/SPGlobal_GrupoBimbo,S.A.B.deC.V._Revisions_20-Sep-2026.xlsx",Revisions,292
2026-09-20,revisions,Company,COMPANY LEVEL,TEV,Last Month,Upward,FY 2026,FY,2026,,2026-12-31,0,,,0,count of analysts,,"filings/capitaliq/Estimates/Revisions/SPGlobal_GrupoBimbo,S.A.B.deC.V._Revisions_20-Sep-2026.xlsx",Revisions,293
2026-09-20,revisions,Company,COMPANY LEVEL,TEV,Last Month,Upward,FY 2027,FY,2027,,2027-12-31,0,,,0,count of analysts,,"filings/capitaliq/Estimates/Revisions/SPGlobal_GrupoBimbo,S.A.B.deC.V._Revisions_20-Sep-2026.xlsx",Revisions,293
2026-09-20,revisions,Company,COMPANY LEVEL,TEV,Last Month,Upward,FY 2028,FY,2028,,2028-12-31,0,,,0,count of analysts,,"filings/capitaliq/Estimates/Revisions/SPGlobal_GrupoBimbo,S.A.B.deC.V._Revisions_20-Sep-2026.xlsx",Revisions,293
2026-09-20,revisions,Company,COMPANY LEVEL,TEV,Last Month,Downward,FY 2026,FY,2026,,2026-12-31,1,,,1,count of analysts,,"filings/capitaliq/Estimates/Revisions/SPGlobal_GrupoBimbo,S.A.B.deC.V._Revisions_20-Sep-2026.xlsx",Revisions,294
2026-09-20,revisions,Company,COMPANY LEVEL,TEV,Last Month,Downward,FY 2027,FY,2027,,2027-12-31,1,,,1,count of analysts,,"filings/capitaliq/Estimates/Revisions/SPGlobal_GrupoBimbo,S.A.B.deC.V._Revisions_20-Sep-2026.xlsx",Revisions,294
2026-09-20,revisions,Company,COMPANY LEVEL,TEV,Last Month,Downward,FY 2028,FY,2028,,2028-12-31,1,,,1,count of analysts,,"filings/capitaliq/Estimates/Revisions/SPGlobal_GrupoBimbo,S.A.B.deC.V._Revisions_20-Sep-2026.xlsx",Revisions,294
2026-09-20,revisions,Company,COMPANY LEVEL,TEV,Last Two Months,Number of Analysts,FY 2026,FY,2026,,2026-12-31,2,,,2,count of analysts,,"filings/capitaliq/Estimates/Revisions/SPGlobal_GrupoBimbo,S.A.B.deC.V._Revisions_20-Sep-2026.xlsx",Revisions,296
2026-09-20,revisions,Company,COMPANY LEVEL,TEV,Last Two Months,Number of Analysts,FY 2027,FY,2027,,2027-12-31,2,,,2,count of analysts,,"filings/capitaliq/Estimates/Revisions/SPGlobal_GrupoBimbo,S.A.B.deC.V._Revisions_20-Sep-2026.xlsx",Revisions,296
2026-09-20,revisions,Company,COMPANY LEVEL,TEV,Last Two Months,Number of Analysts,FY 2028,FY,2028,,2028-12-31,2,,,2,count of analysts,,"filings/capitaliq/Estimates/Revisions/SPGlobal_GrupoBimbo,S.A.B.deC.V._Revisions_20-Sep-2026.xlsx",Revisions,296
2026-09-20,revisions,Company,COMPANY LEVEL,TEV,Last Two Months,Number of Analysts still in Consensus,FY 2026,FY,2026,,2026-12-31,2,,,2,count of analysts,,"filings/capitaliq/Estimates/Revisions/SPGlobal_GrupoBimbo,S.A.B.deC.V._Revisions_20-Sep-2026.xlsx",Revisions,297
2026-09-20,revisions,Company,COMPANY LEVEL,TEV,Last Two Months,Number of Analysts still in Consensus,FY 2027,FY,2027,,2027-12-31,2,,,2,count of analysts,,"filings/capitaliq/Estimates/Revisions/SPGlobal_GrupoBimbo,S.A.B.deC.V._Revisions_20-Sep-2026.xlsx",Revisions,297
2026-09-20,revisions,Company,COMPANY LEVEL,TEV,Last Two Months,Number of Analysts still in Consensus,FY 2028,FY,2028,,2028-12-31,2,,,2,count of analysts,,"filings/capitaliq/Estimates/Revisions/SPGlobal_GrupoBimbo,S.A.B.deC.V._Revisions_20-Sep-2026.xlsx",Revisions,297
2026-09-20,revisions,Company,COMPANY LEVEL,TEV,Last Two Months,Upward,FY 2026,FY,2026,,2026-12-31,0,,,0,count of analysts,,"filings/capitaliq/Estimates/Revisions/SPGlobal_GrupoBimbo,S.A.B.deC.V._Revisions_20-Sep-2026.xlsx",Revisions,298
2026-09-20,revisions,Company,COMPANY LEVEL,TEV,Last Two Months,Upward,FY 2027,FY,2027,,2027-12-31,0,,,0,count of analysts,,"filings/capitaliq/Estimates/Revisions/SPGlobal_GrupoBimbo,S.A.B.deC.V._Revisions_20-Sep-2026.xlsx",Revisions,298
2026-09-20,revisions,Company,COMPANY LEVEL,TEV,Last Two Months,Upward,FY 2028,FY,2028,,2028-12-31,0,,,0,count of analysts,,"filings/capitaliq/Estimates/Revisions/SPGlobal_GrupoBimbo,S.A.B.deC.V._Revisions_20-Sep-2026.xlsx",Revisions,298
2026-09-20,revisions,Company,COMPANY LEVEL,TEV,Last Two Months,Downward,FY 2026,FY,2026,,2026-12-31,1,,,1,count of analysts,,"filings/capitaliq/Estimates/Revisions/SPGlobal_GrupoBimbo,S.A.B.deC.V._Revisions_20-Sep-2026.xlsx",Revisions,299
2026-09-20,revisions,Company,COMPANY LEVEL,TEV,Last Two Months,Downward,FY 2027,FY,2027,,2027-12-31,1,,,1,count of analysts,,"filings/capitaliq/Estimates/Revisions/SPGlobal_GrupoBimbo,S.A.B.deC.V._Revisions_20-Sep-2026.xlsx",Revisions,299
2026-09-20,revisions,Company,COMPANY LEVEL,TEV,Last Two Months,Downward,FY 2028,FY,2028,,2028-12-31,1,,,1,count of analysts,,"filings/capitaliq/Estimates/Revisions/SPGlobal_GrupoBimbo,S.A.B.deC.V._Revisions_20-Sep-2026.xlsx",Revisions,299
2026-09-20,revisions,Company,COMPANY LEVEL,TEV,Last Three Months,Number of Analysts,FY 2026,FY,2026,,2026-12-31,2,,,2,count of analysts,,"filings/capitaliq/Estimates/Revisions/SPGlobal_GrupoBimbo,S.A.B.deC.V._Revisions_20-Sep-2026.xlsx",Revisions,301
2026-09-20,revisions,Company,COMPANY LEVEL,TEV,Last Three Months,Number of Analysts,FY 2027,FY,2027,,2027-12-31,2,,,2,count of analysts,,"filings/capitaliq/Estimates/Revisions/SPGlobal_GrupoBimbo,S.A.B.deC.V._Revisions_20-Sep-2026.xlsx",Revisions,301
2026-09-20,revisions,Company,COMPANY LEVEL,TEV,Last Three Months,Number of Analysts,FY 2028,FY,2028,,2028-12-31,2,,,2,count of analysts,,"filings/capitaliq/Estimates/Revisions/SPGlobal_GrupoBimbo,S.A.B.deC.V._Revisions_20-Sep-2026.xlsx",Revisions,301
2026-09-20,revisions,Company,COMPANY LEVEL,TEV,Last Three Months,Number of Analysts still in Consensus,FY 2026,FY,2026,,2026-12-31,2,,,2,count of analysts,,"filings/capitaliq/Estimates/Revisions/SPGlobal_GrupoBimbo,S.A.B.deC.V._Revisions_20-Sep-2026.xlsx",Revisions,302
2026-09-20,revisions,Company,COMPANY LEVEL,TEV,Last Three Months,Number of Analysts still in Consensus,FY 2027,FY,2027,,2027-12-31,2,,,2,count of analysts,,"filings/capitaliq/Estimates/Revisions/SPGlobal_GrupoBimbo,S.A.B.deC.V._Revisions_20-Sep-2026.xlsx",Revisions,302
2026-09-20,revisions,Company,COMPANY LEVEL,TEV,Last Three Months,Number of Analysts still in Consensus,FY 2028,FY,2028,,2028-12-31,2,,,2,count of analysts,,"filings/capitaliq/Estimates/Revisions/SPGlobal_GrupoBimbo,S.A.B.deC.V._Revisions_20-Sep-2026.xlsx",Revisions,302
2026-09-20,revisions,Company,COMPANY LEVEL,TEV,Last Three Months,Upward,FY 2026,FY,2026,,2026-12-31,0,,,0,count of analysts,,"filings/capitaliq/Estimates/Revisions/SPGlobal_GrupoBimbo,S.A.B.deC.V._Revisions_20-Sep-2026.xlsx",Revisions,303
2026-09-20,revisions,Company,COMPANY LEVEL,TEV,Last Three Months,Upward,FY 2027,FY,2027,,2027-12-31,0,,,0,count of analysts,,"filings/capitaliq/Estimates/Revisions/SPGlobal_GrupoBimbo,S.A.B.deC.V._Revisions_20-Sep-2026.xlsx",Revisions,303
2026-09-20,revisions,Company,COMPANY LEVEL,TEV,Last Three Months,Upward,FY 2028,FY,2028,,2028-12-31,0,,,0,count of analysts,,"filings/capitaliq/Estimates/Revisions/SPGlobal_GrupoBimbo,S.A.B.deC.V._Revisions_20-Sep-2026.xlsx",Revisions,303
2026-09-20,revisions,Company,COMPANY LEVEL,TEV,Last Three Months,Downward,FY 2026,FY,2026,,2026-12-31,2,,,2,count of analysts,,"filings/capitaliq/Estimates/Revisions/SPGlobal_GrupoBimbo,S.A.B.deC.V._Revisions_20-Sep-2026.xlsx",Revisions,304
2026-09-20,revisions,Company,COMPANY LEVEL,TEV,Last Three Months,Downward,FY 2027,FY,2027,,2027-12-31,2,,,2,count of analysts,,"filings/capitaliq/Estimates/Revisions/SPGlobal_GrupoBimbo,S.A.B.deC.V._Revisions_20-Sep-2026.xlsx",Revisions,304
2026-09-20,revisions,Company,COMPANY LEVEL,TEV,Last Three Months,Downward,FY 2028,FY,2028,,2028-12-31,2,,,2,count of analysts,,"filings/capitaliq/Estimates/Revisions/SPGlobal_GrupoBimbo,S.A.B.deC.V._Revisions_20-Sep-2026.xlsx",Revisions,304
2026-09-20,revisions,Company,COMPANY LEVEL,Depreciation & Amortization,Last Month,Number of Analysts,FQ3 2026,FQ,2026,3,2026-09-30,1,,,1,count of analysts,,"filings/capitaliq/Estimates/Revisions/SPGlobal_GrupoBimbo,S.A.B.deC.V._Revisions_20-Sep-2026.xlsx",Revisions,307
2026-09-20,revisions,Company,COMPANY LEVEL,Depreciation & Amortization,Last Month,Number of Analysts,FQ4 2026,FQ,2026,4,2026-12-31,1,,,1,count of analysts,,"filings/capitaliq/Estimates/Revisions/SPGlobal_GrupoBimbo,S.A.B.deC.V._Revisions_20-Sep-2026.xlsx",Revisions,307
2026-09-20,revisions,Company,COMPANY LEVEL,Depreciation & Amortization,Last Month,Number of Analysts,FY 2026,FY,2026,,2026-12-31,3,,,3,count of analysts,,"filings/capitaliq/Estimates/Revisions/SPGlobal_GrupoBimbo,S.A.B.deC.V._Revisions_20-Sep-2026.xlsx",Revisions,307
2026-09-20,revisions,Company,COMPANY LEVEL,Depreciation & Amortization,Last Month,Number of Analysts,FY 2027,FY,2027,,2027-12-31,3,,,3,count of analysts,,"filings/capitaliq/Estimates/Revisions/SPGlobal_GrupoBimbo,S.A.B.deC.V._Revisions_20-Sep-2026.xlsx",Revisions,307
2026-09-20,revisions,Company,COMPANY LEVEL,Depreciation & Amortization,Last Month,Number of Analysts,FY 2028,FY,2028,,2028-12-31,3,,,3,count of analysts,,"filings/capitaliq/Estimates/Revisions/SPGlobal_GrupoBimbo,S.A.B.deC.V._Revisions_20-Sep-2026.xlsx",Revisions,307
2026-09-20,revisions,Company,COMPANY LEVEL,Depreciation & Amortization,Last Month,Number of Analysts,FY 2029,FY,2029,,2029-12-31,1,,,1,count of analysts,,"filings/capitaliq/Estimates/Revisions/SPGlobal_GrupoBimbo,S.A.B.deC.V._Revisions_20-Sep-2026.xlsx",Revisions,307
2026-09-20,revisions,Company,COMPANY LEVEL,Depreciation & Amortization,Last Month,Number of Analysts,FY 2030,FY,2030,,2030-12-31,1,,,1,count of analysts,,"filings/capitaliq/Estimates/Revisions/SPGlobal_GrupoBimbo,S.A.B.deC.V._Revisions_20-Sep-2026.xlsx",Revisions,307
2026-09-20,revisions,Company,COMPANY LEVEL,Depreciation & Amortization,Last Month,Number of Analysts,FY 2031,FY,2031,,2031-12-31,1,,,1,count of analysts,,"filings/capitaliq/Estimates/Revisions/SPGlobal_GrupoBimbo,S.A.B.deC.V._Revisions_20-Sep-2026.xlsx",Revisions,307
2026-09-20,revisions,Company,COMPANY LEVEL,Depreciation & Amortization,Last Month,Number of Analysts,FY 2032,FY,2032,,2032-12-31,1,,,1,count of analysts,,"filings/capitaliq/Estimates/Revisions/SPGlobal_GrupoBimbo,S.A.B.deC.V._Revisions_20-Sep-2026.xlsx",Revisions,307
2026-09-20,revisions,Company,COMPANY LEVEL,Depreciation & Amortization,Last Month,Number of Analysts,FY 2033,FY,2033,,2033-12-31,1,,,1,count of analysts,,"filings/capitaliq/Estimates/Revisions/SPGlobal_GrupoBimbo,S.A.B.deC.V._Revisions_20-Sep-2026.xlsx",Revisions,307
2026-09-20,revisions,Company,COMPANY LEVEL,Depreciation & Amortization,Last Month,Number of Analysts,FY 2034,FY,2034,,2034-12-31,1,,,1,count of analysts,,"filings/capitaliq/Estimates/Revisions/SPGlobal_GrupoBimbo,S.A.B.deC.V._Revisions_20-Sep-2026.xlsx",Revisions,307
2026-09-20,revisions,Company,COMPANY LEVEL,Depreciation & Amortization,Last Month,Number of Analysts,FY 2035,FY,2035,,2035-12-31,1,,,1,count of analysts,,"filings/capitaliq/Estimates/Revisions/SPGlobal_GrupoBimbo,S.A.B.deC.V._Revisions_20-Sep-2026.xlsx",Revisions,307
2026-09-20,revisions,Company,COMPANY LEVEL,Depreciation & Amortization,Last Month,Number of Analysts still in Consensus,FQ3 2026,FQ,2026,3,2026-09-30,1,,,1,count of analysts,,"filings/capitaliq/Estimates/Revisions/SPGlobal_GrupoBimbo,S.A.B.deC.V._Revisions_20-Sep-2026.xlsx",Revisions,308
2026-09-20,revisions,Company,COMPANY LEVEL,Depreciation & Amortization,Last Month,Number of Analysts still in Consensus,FQ4 2026,FQ,2026,4,2026-12-31,1,,,1,count of analysts,,"filings/capitaliq/Estimates/Revisions/SPGlobal_GrupoBimbo,S.A.B.deC.V._Revisions_20-Sep-2026.xlsx",Revisions,308
2026-09-20,revisions,Company,COMPANY LEVEL,Depreciation & Amortization,Last Month,Number of Analysts still in Consensus,FY 2026,FY,2026,,2026-12-31,3,,,3,count of analysts,,"filings/capitaliq/Estimates/Revisions/SPGlobal_GrupoBimbo,S.A.B.deC.V._Revisions_20-Sep-2026.xlsx",Revisions,308
2026-09-20,revisions,Company,COMPANY LEVEL,Depreciation & Amortization,Last Month,Number of Analysts still in Consensus,FY 2027,FY,2027,,2027-12-31,3,,,3,count of analysts,,"filings/capitaliq/Estimates/Revisions/SPGlobal_GrupoBimbo,S.A.B.deC.V._Revisions_20-Sep-2026.xlsx",Revisions,308
2026-09-20,revisions,Company,COMPANY LEVEL,Depreciation & Amortization,Last Month,Number of Analysts still in Consensus,FY 2028,FY,2028,,2028-12-31,3,,,3,count of analysts,,"filings/capitaliq/Estimates/Revisions/SPGlobal_GrupoBimbo,S.A.B.deC.V._Revisions_20-Sep-2026.xlsx",Revisions,308
2026-09-20,revisions,Company,COMPANY LEVEL,Depreciation & Amortization,Last Month,Number of Analysts still in Consensus,FY 2029,FY,2029,,2029-12-31,1,,,1,count of analysts,,"filings/capitaliq/Estimates/Revisions/SPGlobal_GrupoBimbo,S.A.B.deC.V._Revisions_20-Sep-2026.xlsx",Revisions,308
2026-09-20,revisions,Company,COMPANY LEVEL,Depreciation & Amortization,Last Month,Number of Analysts still in Consensus,FY 2030,FY,2030,,2030-12-31,1,,,1,count of analysts,,"filings/capitaliq/Estimates/Revisions/SPGlobal_GrupoBimbo,S.A.B.deC.V._Revisions_20-Sep-2026.xlsx",Revisions,308
2026-09-20,revisions,Company,COMPANY LEVEL,Depreciation & Amortization,Last Month,Number of Analysts still in Consensus,FY 2031,FY,2031,,2031-12-31,1,,,1,count of analysts,,"filings/capitaliq/Estimates/Revisions/SPGlobal_GrupoBimbo,S.A.B.deC.V._Revisions_20-Sep-2026.xlsx",Revisions,308
2026-09-20,revisions,Company,COMPANY LEVEL,Depreciation & Amortization,Last Month,Number of Analysts still in Consensus,FY 2032,FY,2032,,2032-12-31,1,,,1,count of analysts,,"filings/capitaliq/Estimates/Revisions/SPGlobal_GrupoBimbo,S.A.B.deC.V._Revisions_20-Sep-2026.xlsx",Revisions,308
2026-09-20,revisions,Company,COMPANY LEVEL,Depreciation & Amortization,Last Month,Number of Analysts still in Consensus,FY 2033,FY,2033,,2033-12-31,1,,,1,count of analysts,,"filings/capitaliq/Estimates/Revisions/SPGlobal_GrupoBimbo,S.A.B.deC.V._Revisions_20-Sep-2026.xlsx",Revisions,308
2026-09-20,revisions,Company,COMPANY LEVEL,Depreciation & Amortization,Last Month,Number of Analysts still in Consensus,FY 2034,FY,2034,,2034-12-31,1,,,1,count of analysts,,"filings/capitaliq/Estimates/Revisions/SPGlobal_GrupoBimbo,S.A.B.deC.V._Revisions_20-Sep-2026.xlsx",Revisions,308
2026-09-20,revisions,Company,COMPANY LEVEL,Depreciation & Amortization,Last Month,Number of Analysts still in Consensus,FY 2035,FY,2035,,2035-12-31,1,,,1,count of analysts,,"filings/capitaliq/Estimates/Revisions/SPGlobal_GrupoBimbo,S.A.B.deC.V._Revisions_20-Sep-2026.xlsx",Revisions,308
2026-09-20,revisions,Company,COMPANY LEVEL,Depreciation & Amortization,Last Month,Upward,FQ3 2026,FQ,2026,3,2026-09-30,0,,,0,count of analysts,,"filings/capitaliq/Estimates/Revisions/SPGlobal_GrupoBimbo,S.A.B.deC.V._Revisions_20-Sep-2026.xlsx",Revisions,309
2026-09-20,revisions,Company,COMPANY LEVEL,Depreciation & Amortization,Last Month,Upward,FQ4 2026,FQ,2026,4,2026-12-31,0,,,0,count of analysts,,"filings/capitaliq/Estimates/Revisions/SPGlobal_GrupoBimbo,S.A.B.deC.V._Revisions_20-Sep-2026.xlsx",Revisions,309
2026-09-20,revisions,Company,COMPANY LEVEL,Depreciation & Amortization,Last Month,Upward,FY 2026,FY,2026,,2026-12-31,0,,,0,count of analysts,,"filings/capitaliq/Estimates/Revisions/SPGlobal_GrupoBimbo,S.A.B.deC.V._Revisions_20-Sep-2026.xlsx",Revisions,309
2026-09-20,revisions,Company,COMPANY LEVEL,Depreciation & Amortization,Last Month,Upward,FY 2027,FY,2027,,2027-12-31,0,,,0,count of analysts,,"filings/capitaliq/Estimates/Revisions/SPGlobal_GrupoBimbo,S.A.B.deC.V._Revisions_20-Sep-2026.xlsx",Revisions,309
2026-09-20,revisions,Company,COMPANY LEVEL,Depreciation & Amortization,Last Month,Upward,FY 2028,FY,2028,,2028-12-31,0,,,0,count of analysts,,"filings/capitaliq/Estimates/Revisions/SPGlobal_GrupoBimbo,S.A.B.deC.V._Revisions_20-Sep-2026.xlsx",Revisions,309
2026-09-20,revisions,Company,COMPANY LEVEL,Depreciation & Amortization,Last Month,Upward,FY 2029,FY,2029,,2029-12-31,0,,,0,count of analysts,,"filings/capitaliq/Estimates/Revisions/SPGlobal_GrupoBimbo,S.A.B.deC.V._Revisions_20-Sep-2026.xlsx",Revisions,309
2026-09-20,revisions,Company,COMPANY LEVEL,Depreciation & Amortization,Last Month,Upward,FY 2030,FY,2030,,2030-12-31,0,,,0,count of analysts,,"filings/capitaliq/Estimates/Revisions/SPGlobal_GrupoBimbo,S.A.B.deC.V._Revisions_20-Sep-2026.xlsx",Revisions,309
2026-09-20,revisions,Company,COMPANY LEVEL,Depreciation & Amortization,Last Month,Upward,FY 2031,FY,2031,,2031-12-31,0,,,0,count of analysts,,"filings/capitaliq/Estimates/Revisions/SPGlobal_GrupoBimbo,S.A.B.deC.V._Revisions_20-Sep-2026.xlsx",Revisions,309
2026-09-20,revisions,Company,COMPANY LEVEL,Depreciation & Amortization,Last Month,Upward,FY 2032,FY,2032,,2032-12-31,0,,,0,count of analysts,,"filings/capitaliq/Estimates/Revisions/SPGlobal_GrupoBimbo,S.A.B.deC.V._Revisions_20-Sep-2026.xlsx",Revisions,309
2026-09-20,revisions,Company,COMPANY LEVEL,Depreciation & Amortization,Last Month,Upward,FY 2033,FY,2033,,2033-12-31,0,,,0,count of analysts,,"filings/capitaliq/Estimates/Revisions/SPGlobal_GrupoBimbo,S.A.B.deC.V._Revisions_20-Sep-2026.xlsx",Revisions,309
2026-09-20,revisions,Company,COMPANY LEVEL,Depreciation & Amortization,Last Month,Upward,FY 2034,FY,2034,,2034-12-31,0,,,0,count of analysts,,"filings/capitaliq/Estimates/Revisions/SPGlobal_GrupoBimbo,S.A.B.deC.V._Revisions_20-Sep-2026.xlsx",Revisions,309
2026-09-20,revisions,Company,COMPANY LEVEL,Depreciation & Amortization,Last Month,Upward,FY 2035,FY,2035,,2035-12-31,0,,,0,count of analysts,,"filings/capitaliq/Estimates/Revisions/SPGlobal_GrupoBimbo,S.A.B.deC.V._Revisions_20-Sep-2026.xlsx",Revisions,309
2026-09-20,revisions,Company,COMPANY LEVEL,Depreciation & Amortization,Last Month,Downward,FQ3 2026,FQ,2026,3,2026-09-30,0,,,0,count of analysts,,"filings/capitaliq/Estimates/Revisions/SPGlobal_GrupoBimbo,S.A.B.deC.V._Revisions_20-Sep-2026.xlsx",Revisions,310
2026-09-20,revisions,Company,COMPANY LEVEL,Depreciation & Amortization,Last Month,Downward,FQ4 2026,FQ,2026,4,2026-12-31,0,,,0,count of analysts,,"filings/capitaliq/Estimates/Revisions/SPGlobal_GrupoBimbo,S.A.B.deC.V._Revisions_20-Sep-2026.xlsx",Revisions,310
2026-09-20,revisions,Company,COMPANY LEVEL,Depreciation & Amortization,Last Month,Downward,FY 2026,FY,2026,,2026-12-31,0,,,0,count of analysts,,"filings/capitaliq/Estimates/Revisions/SPGlobal_GrupoBimbo,S.A.B.deC.V._Revisions_20-Sep-2026.xlsx",Revisions,310
2026-09-20,revisions,Company,COMPANY LEVEL,Depreciation & Amortization,Last Month,Downward,FY 2027,FY,2027,,2027-12-31,0,,,0,count of analysts,,"filings/capitaliq/Estimates/Revisions/SPGlobal_GrupoBimbo,S.A.B.deC.V._Revisions_20-Sep-2026.xlsx",Revisions,310
2026-09-20,revisions,Company,COMPANY LEVEL,Depreciation & Amortization,Last Month,Downward,FY 2028,FY,2028,,2028-12-31,0,,,0,count of analysts,,"filings/capitaliq/Estimates/Revisions/SPGlobal_GrupoBimbo,S.A.B.deC.V._Revisions_20-Sep-2026.xlsx",Revisions,310
2026-09-20,revisions,Company,COMPANY LEVEL,Depreciation & Amortization,Last Month,Downward,FY 2029,FY,2029,,2029-12-31,0,,,0,count of analysts,,"filings/capitaliq/Estimates/Revisions/SPGlobal_GrupoBimbo,S.A.B.deC.V._Revisions_20-Sep-2026.xlsx",Revisions,310
2026-09-20,revisions,Company,COMPANY LEVEL,Depreciation & Amortization,Last Month,Downward,FY 2030,FY,2030,,2030-12-31,0,,,0,count of analysts,,"filings/capitaliq/Estimates/Revisions/SPGlobal_GrupoBimbo,S.A.B.deC.V._Revisions_20-Sep-2026.xlsx",Revisions,310
2026-09-20,revisions,Company,COMPANY LEVEL,Depreciation & Amortization,Last Month,Downward,FY 2031,FY,2031,,2031-12-31,0,,,0,count of analysts,,"filings/capitaliq/Estimates/Revisions/SPGlobal_GrupoBimbo,S.A.B.deC.V._Revisions_20-Sep-2026.xlsx",Revisions,310
2026-09-20,revisions,Company,COMPANY LEVEL,Depreciation & Amortization,Last Month,Downward,FY 2032,FY,2032,,2032-12-31,0,,,0,count of analysts,,"filings/capitaliq/Estimates/Revisions/SPGlobal_GrupoBimbo,S.A.B.deC.V._Revisions_20-Sep-2026.xlsx",Revisions,310
2026-09-20,revisions,Company,COMPANY LEVEL,Depreciation & Amortization,Last Month,Downward,FY 2033,FY,2033,,2033-12-31,0,,,0,count of analysts,,"filings/capitaliq/Estimates/Revisions/SPGlobal_GrupoBimbo,S.A.B.deC.V._Revisions_20-Sep-2026.xlsx",Revisions,310
2026-09-20,revisions,Company,COMPANY LEVEL,Depreciation & Amortization,Last Month,Downward,FY 2034,FY,2034,,2034-12-31,0,,,0,count of analysts,,"filings/capitaliq/Estimates/Revisions/SPGlobal_GrupoBimbo,S.A.B.deC.V._Revisions_20-Sep-2026.xlsx",Revisions,310
2026-09-20,revisions,Company,COMPANY LEVEL,Depreciation & Amortization,Last Month,Downward,FY 2035,FY,2035,,2035-12-31,0,,,0,count of analysts,,"filings/capitaliq/Estimates/Revisions/SPGlobal_GrupoBimbo,S.A.B.deC.V._Revisions_20-Sep-2026.xlsx",Revisions,310
2026-09-20,revisions,Company,COMPANY LEVEL,Depreciation & Amortization,Last Two Months,Number of Analysts,FQ3 2026,FQ,2026,3,2026-09-30,1,,,1,count of analysts,,"filings/capitaliq/Estimates/Revisions/SPGlobal_GrupoBimbo,S.A.B.deC.V._Revisions_20-Sep-2026.xlsx",Revisions,312
2026-09-20,revisions,Company,COMPANY LEVEL,Depreciation & Amortization,Last Two Months,Number of Analysts,FQ4 2026,FQ,2026,4,2026-12-31,1,,,1,count of analysts,,"filings/capitaliq/Estimates/Revisions/SPGlobal_GrupoBimbo,S.A.B.deC.V._Revisions_20-Sep-2026.xlsx",Revisions,312
2026-09-20,revisions,Company,COMPANY LEVEL,Depreciation & Amortization,Last Two Months,Number of Analysts,FY 2026,FY,2026,,2026-12-31,2,,,2,count of analysts,,"filings/capitaliq/Estimates/Revisions/SPGlobal_GrupoBimbo,S.A.B.deC.V._Revisions_20-Sep-2026.xlsx",Revisions,312
2026-09-20,revisions,Company,COMPANY LEVEL,Depreciation & Amortization,Last Two Months,Number of Analysts,FY 2027,FY,2027,,2027-12-31,2,,,2,count of analysts,,"filings/capitaliq/Estimates/Revisions/SPGlobal_GrupoBimbo,S.A.B.deC.V._Revisions_20-Sep-2026.xlsx",Revisions,312
2026-09-20,revisions,Company,COMPANY LEVEL,Depreciation & Amortization,Last Two Months,Number of Analysts,FY 2028,FY,2028,,2028-12-31,2,,,2,count of analysts,,"filings/capitaliq/Estimates/Revisions/SPGlobal_GrupoBimbo,S.A.B.deC.V._Revisions_20-Sep-2026.xlsx",Revisions,312
2026-09-20,revisions,Company,COMPANY LEVEL,Depreciation & Amortization,Last Two Months,Number of Analysts,FY 2029,FY,2029,,2029-12-31,1,,,1,count of analysts,,"filings/capitaliq/Estimates/Revisions/SPGlobal_GrupoBimbo,S.A.B.deC.V._Revisions_20-Sep-2026.xlsx",Revisions,312
2026-09-20,revisions,Company,COMPANY LEVEL,Depreciation & Amortization,Last Two Months,Number of Analysts,FY 2030,FY,2030,,2030-12-31,1,,,1,count of analysts,,"filings/capitaliq/Estimates/Revisions/SPGlobal_GrupoBimbo,S.A.B.deC.V._Revisions_20-Sep-2026.xlsx",Revisions,312
2026-09-20,revisions,Company,COMPANY LEVEL,Depreciation & Amortization,Last Two Months,Number of Analysts,FY 2031,FY,2031,,2031-12-31,1,,,1,count of analysts,,"filings/capitaliq/Estimates/Revisions/SPGlobal_GrupoBimbo,S.A.B.deC.V._Revisions_20-Sep-2026.xlsx",Revisions,312
2026-09-20,revisions,Company,COMPANY LEVEL,Depreciation & Amortization,Last Two Months,Number of Analysts,FY 2032,FY,2032,,2032-12-31,1,,,1,count of analysts,,"filings/capitaliq/Estimates/Revisions/SPGlobal_GrupoBimbo,S.A.B.deC.V._Revisions_20-Sep-2026.xlsx",Revisions,312
2026-09-20,revisions,Company,COMPANY LEVEL,Depreciation & Amortization,Last Two Months,Number of Analysts,FY 2033,FY,2033,,2033-12-31,1,,,1,count of analysts,,"filings/capitaliq/Estimates/Revisions/SPGlobal_GrupoBimbo,S.A.B.deC.V._Revisions_20-Sep-2026.xlsx",Revisions,312
2026-09-20,revisions,Company,COMPANY LEVEL,Depreciation & Amortization,Last Two Months,Number of Analysts,FY 2034,FY,2034,,2034-12-31,1,,,1,count of analysts,,"filings/capitaliq/Estimates/Revisions/SPGlobal_GrupoBimbo,S.A.B.deC.V._Revisions_20-Sep-2026.xlsx",Revisions,312
2026-09-20,revisions,Company,COMPANY LEVEL,Depreciation & Amortization,Last Two Months,Number of Analysts,FY 2035,FY,2035,,2035-12-31,1,,,1,count of analysts,,"filings/capitaliq/Estimates/Revisions/SPGlobal_GrupoBimbo,S.A.B.deC.V._Revisions_20-Sep-2026.xlsx",Revisions,312
2026-09-20,revisions,Company,COMPANY LEVEL,Depreciation & Amortization,Last Two Months,Number of Analysts still in Consensus,FQ3 2026,FQ,2026,3,2026-09-30,1,,,1,count of analysts,,"filings/capitaliq/Estimates/Revisions/SPGlobal_GrupoBimbo,S.A.B.deC.V._Revisions_20-Sep-2026.xlsx",Revisions,313
2026-09-20,revisions,Company,COMPANY LEVEL,Depreciation & Amortization,Last Two Months,Number of Analysts still in Consensus,FQ4 2026,FQ,2026,4,2026-12-31,1,,,1,count of analysts,,"filings/capitaliq/Estimates/Revisions/SPGlobal_GrupoBimbo,S.A.B.deC.V._Revisions_20-Sep-2026.xlsx",Revisions,313
2026-09-20,revisions,Company,COMPANY LEVEL,Depreciation & Amortization,Last Two Months,Number of Analysts still in Consensus,FY 2026,FY,2026,,2026-12-31,2,,,2,count of analysts,,"filings/capitaliq/Estimates/Revisions/SPGlobal_GrupoBimbo,S.A.B.deC.V._Revisions_20-Sep-2026.xlsx",Revisions,313
2026-09-20,revisions,Company,COMPANY LEVEL,Depreciation & Amortization,Last Two Months,Number of Analysts still in Consensus,FY 2027,FY,2027,,2027-12-31,2,,,2,count of analysts,,"filings/capitaliq/Estimates/Revisions/SPGlobal_GrupoBimbo,S.A.B.deC.V._Revisions_20-Sep-2026.xlsx",Revisions,313
2026-09-20,revisions,Company,COMPANY LEVEL,Depreciation & Amortization,Last Two Months,Number of Analysts still in Consensus,FY 2028,FY,2028,,2028-12-31,2,,,2,count of analysts,,"filings/capitaliq/Estimates/Revisions/SPGlobal_GrupoBimbo,S.A.B.deC.V._Revisions_20-Sep-2026.xlsx",Revisions,313
2026-09-20,revisions,Company,COMPANY LEVEL,Depreciation & Amortization,Last Two Months,Number of Analysts still in Consensus,FY 2029,FY,2029,,2029-12-31,1,,,1,count of analysts,,"filings/capitaliq/Estimates/Revisions/SPGlobal_GrupoBimbo,S.A.B.deC.V._Revisions_20-Sep-2026.xlsx",Revisions,313
2026-09-20,revisions,Company,COMPANY LEVEL,Depreciation & Amortization,Last Two Months,Number of Analysts still in Consensus,FY 2030,FY,2030,,2030-12-31,1,,,1,count of analysts,,"filings/capitaliq/Estimates/Revisions/SPGlobal_GrupoBimbo,S.A.B.deC.V._Revisions_20-Sep-2026.xlsx",Revisions,313
2026-09-20,revisions,Company,COMPANY LEVEL,Depreciation & Amortization,Last Two Months,Number of Analysts still in Consensus,FY 2031,FY,2031,,2031-12-31,1,,,1,count of analysts,,"filings/capitaliq/Estimates/Revisions/SPGlobal_GrupoBimbo,S.A.B.deC.V._Revisions_20-Sep-2026.xlsx",Revisions,313
2026-09-20,revisions,Company,COMPANY LEVEL,Depreciation & Amortization,Last Two Months,Number of Analysts still in Consensus,FY 2032,FY,2032,,2032-12-31,1,,,1,count of analysts,,"filings/capitaliq/Estimates/Revisions/SPGlobal_GrupoBimbo,S.A.B.deC.V._Revisions_20-Sep-2026.xlsx",Revisions,313
2026-09-20,revisions,Company,COMPANY LEVEL,Depreciation & Amortization,Last Two Months,Number of Analysts still in Consensus,FY 2033,FY,2033,,2033-12-31,1,,,1,count of analysts,,"filings/capitaliq/Estimates/Revisions/SPGlobal_GrupoBimbo,S.A.B.deC.V._Revisions_20-Sep-2026.xlsx",Revisions,313
2026-09-20,revisions,Company,COMPANY LEVEL,Depreciation & Amortization,Last Two Months,Number of Analysts still in Consensus,FY 2034,FY,2034,,2034-12-31,1,,,1,count of analysts,,"filings/capitaliq/Estimates/Revisions/SPGlobal_GrupoBimbo,S.A.B.deC.V._Revisions_20-Sep-2026.xlsx",Revisions,313
2026-09-20,revisions,Company,COMPANY LEVEL,Depreciation & Amortization,Last Two Months,Number of Analysts still in Consensus,FY 2035,FY,2035,,2035-12-31,1,,,1,count of analysts,,"filings/capitaliq/Estimates/Revisions/SPGlobal_GrupoBimbo,S.A.B.deC.V._Revisions_20-Sep-2026.xlsx",Revisions,313
2026-09-20,revisions,Company,COMPANY LEVEL,Depreciation & Amortization,Last Two Months,Upward,FQ3 2026,FQ,2026,3,2026-09-30,1,,,1,count of analysts,,"filings/capitaliq/Estimates/Revisions/SPGlobal_GrupoBimbo,S.A.B.deC.V._Revisions_20-Sep-2026.xlsx",Revisions,314
2026-09-20,revisions,Company,COMPANY LEVEL,Depreciation & Amortization,Last Two Months,Upward,FQ4 2026,FQ,2026,4,2026-12-31,0,,,0,count of analysts,,"filings/capitaliq/Estimates/Revisions/SPGlobal_GrupoBimbo,S.A.B.deC.V._Revisions_20-Sep-2026.xlsx",Revisions,314
2026-09-20,revisions,Company,COMPANY LEVEL,Depreciation & Amortization,Last Two Months,Upward,FY 2026,FY,2026,,2026-12-31,1,,,1,count of analysts,,"filings/capitaliq/Estimates/Revisions/SPGlobal_GrupoBimbo,S.A.B.deC.V._Revisions_20-Sep-2026.xlsx",Revisions,314
2026-09-20,revisions,Company,COMPANY LEVEL,Depreciation & Amortization,Last Two Months,Upward,FY 2027,FY,2027,,2027-12-31,1,,,1,count of analysts,,"filings/capitaliq/Estimates/Revisions/SPGlobal_GrupoBimbo,S.A.B.deC.V._Revisions_20-Sep-2026.xlsx",Revisions,314
2026-09-20,revisions,Company,COMPANY LEVEL,Depreciation & Amortization,Last Two Months,Upward,FY 2028,FY,2028,,2028-12-31,1,,,1,count of analysts,,"filings/capitaliq/Estimates/Revisions/SPGlobal_GrupoBimbo,S.A.B.deC.V._Revisions_20-Sep-2026.xlsx",Revisions,314
2026-09-20,revisions,Company,COMPANY LEVEL,Depreciation & Amortization,Last Two Months,Upward,FY 2029,FY,2029,,2029-12-31,0,,,0,count of analysts,,"filings/capitaliq/Estimates/Revisions/SPGlobal_GrupoBimbo,S.A.B.deC.V._Revisions_20-Sep-2026.xlsx",Revisions,314
2026-09-20,revisions,Company,COMPANY LEVEL,Depreciation & Amortization,Last Two Months,Upward,FY 2030,FY,2030,,2030-12-31,0,,,0,count of analysts,,"filings/capitaliq/Estimates/Revisions/SPGlobal_GrupoBimbo,S.A.B.deC.V._Revisions_20-Sep-2026.xlsx",Revisions,314
2026-09-20,revisions,Company,COMPANY LEVEL,Depreciation & Amortization,Last Two Months,Upward,FY 2031,FY,2031,,2031-12-31,0,,,0,count of analysts,,"filings/capitaliq/Estimates/Revisions/SPGlobal_GrupoBimbo,S.A.B.deC.V._Revisions_20-Sep-2026.xlsx",Revisions,314
2026-09-20,revisions,Company,COMPANY LEVEL,Depreciation & Amortization,Last Two Months,Upward,FY 2032,FY,2032,,2032-12-31,0,,,0,count of analysts,,"filings/capitaliq/Estimates/Revisions/SPGlobal_GrupoBimbo,S.A.B.deC.V._Revisions_20-Sep-2026.xlsx",Revisions,314
2026-09-20,revisions,Company,COMPANY LEVEL,Depreciation & Amortization,Last Two Months,Upward,FY 2033,FY,2033,,2033-12-31,0,,,0,count of analysts,,"filings/capitaliq/Estimates/Revisions/SPGlobal_GrupoBimbo,S.A.B.deC.V._Revisions_20-Sep-2026.xlsx",Revisions,314
2026-09-20,revisions,Company,COMPANY LEVEL,Depreciation & Amortization,Last Two Months,Upward,FY 2034,FY,2034,,2034-12-31,0,,,0,count of analysts,,"filings/capitaliq/Estimates/Revisions/SPGlobal_GrupoBimbo,S.A.B.deC.V._Revisions_20-Sep-2026.xlsx",Revisions,314
2026-09-20,revisions,Company,COMPANY LEVEL,Depreciation & Amortization,Last Two Months,Upward,FY 2035,FY,2035,,2035-12-31,0,,,0,count of analysts,,"filings/capitaliq/Estimates/Revisions/SPGlobal_GrupoBimbo,S.A.B.deC.V._Revisions_20-Sep-2026.xlsx",Revisions,314
2026-09-20,revisions,Company,COMPANY LEVEL,Depreciation & Amortization,Last Two Months,Downward,FQ3 2026,FQ,2026,3,2026-09-30,0,,,0,count of analysts,,"filings/capitaliq/Estimates/Revisions/SPGlobal_GrupoBimbo,S.A.B.deC.V._Revisions_20-Sep-2026.xlsx",Revisions,315
2026-09-20,revisions,Company,COMPANY LEVEL,Depreciation & Amortization,Last Two Months,Downward,FQ4 2026,FQ,2026,4,2026-12-31,1,,,1,count of analysts,,"filings/capitaliq/Estimates/Revisions/SPGlobal_GrupoBimbo,S.A.B.deC.V._Revisions_20-Sep-2026.xlsx",Revisions,315
2026-09-20,revisions,Company,COMPANY LEVEL,Depreciation & Amortization,Last Two Months,Downward,FY 2026,FY,2026,,2026-12-31,0,,,0,count of analysts,,"filings/capitaliq/Estimates/Revisions/SPGlobal_GrupoBimbo,S.A.B.deC.V._Revisions_20-Sep-2026.xlsx",Revisions,315
2026-09-20,revisions,Company,COMPANY LEVEL,Depreciation & Amortization,Last Two Months,Downward,FY 2027,FY,2027,,2027-12-31,0,,,0,count of analysts,,"filings/capitaliq/Estimates/Revisions/SPGlobal_GrupoBimbo,S.A.B.deC.V._Revisions_20-Sep-2026.xlsx",Revisions,315
2026-09-20,revisions,Company,COMPANY LEVEL,Depreciation & Amortization,Last Two Months,Downward,FY 2028,FY,2028,,2028-12-31,0,,,0,count of analysts,,"filings/capitaliq/Estimates/Revisions/SPGlobal_GrupoBimbo,S.A.B.deC.V._Revisions_20-Sep-2026.xlsx",Revisions,315
2026-09-20,revisions,Company,COMPANY LEVEL,Depreciation & Amortization,Last Two Months,Downward,FY 2029,FY,2029,,2029-12-31,0,,,0,count of analysts,,"filings/capitaliq/Estimates/Revisions/SPGlobal_GrupoBimbo,S.A.B.deC.V._Revisions_20-Sep-2026.xlsx",Revisions,315
2026-09-20,revisions,Company,COMPANY LEVEL,Depreciation & Amortization,Last Two Months,Downward,FY 2030,FY,2030,,2030-12-31,0,,,0,count of analysts,,"filings/capitaliq/Estimates/Revisions/SPGlobal_GrupoBimbo,S.A.B.deC.V._Revisions_20-Sep-2026.xlsx",Revisions,315
2026-09-20,revisions,Company,COMPANY LEVEL,Depreciation & Amortization,Last Two Months,Downward,FY 2031,FY,2031,,2031-12-31,0,,,0,count of analysts,,"filings/capitaliq/Estimates/Revisions/SPGlobal_GrupoBimbo,S.A.B.deC.V._Revisions_20-Sep-2026.xlsx",Revisions,315
2026-09-20,revisions,Company,COMPANY LEVEL,Depreciation & Amortization,Last Two Months,Downward,FY 2032,FY,2032,,2032-12-31,0,,,0,count of analysts,,"filings/capitaliq/Estimates/Revisions/SPGlobal_GrupoBimbo,S.A.B.deC.V._Revisions_20-Sep-2026.xlsx",Revisions,315
2026-09-20,revisions,Company,COMPANY LEVEL,Depreciation & Amortization,Last Two Months,Downward,FY 2033,FY,2033,,2033-12-31,0,,,0,count of analysts,,"filings/capitaliq/Estimates/Revisions/SPGlobal_GrupoBimbo,S.A.B.deC.V._Revisions_20-Sep-2026.xlsx",Revisions,315
2026-09-20,revisions,Company,COMPANY LEVEL,Depreciation & Amortization,Last Two Months,Downward,FY 2034,FY,2034,,2034-12-31,0,,,0,count of analysts,,"filings/capitaliq/Estimates/Revisions/SPGlobal_GrupoBimbo,S.A.B.deC.V._Revisions_20-Sep-2026.xlsx",Revisions,315
2026-09-20,revisions,Company,COMPANY LEVEL,Depreciation & Amortization,Last Two Months,Downward,FY 2035,FY,2035,,2035-12-31,0,,,0,count of analysts,,"filings/capitaliq/Estimates/Revisions/SPGlobal_GrupoBimbo,S.A.B.deC.V._Revisions_20-Sep-2026.xlsx",Revisions,315
2026-09-20,revisions,Company,COMPANY LEVEL,Depreciation & Amortization,Last Three Months,Number of Analysts,FY 2026,FY,2026,,2026-12-31,1,,,1,count of analysts,,"filings/capitaliq/Estimates/Revisions/SPGlobal_GrupoBimbo,S.A.B.deC.V._Revisions_20-Sep-2026.xlsx",Revisions,317
2026-09-20,revisions,Company,COMPANY LEVEL,Depreciation & Amortization,Last Three Months,Number of Analysts,FY 2027,FY,2027,,2027-12-31,1,,,1,count of analysts,,"filings/capitaliq/Estimates/Revisions/SPGlobal_GrupoBimbo,S.A.B.deC.V._Revisions_20-Sep-2026.xlsx",Revisions,317
2026-09-20,revisions,Company,COMPANY LEVEL,Depreciation & Amortization,Last Three Months,Number of Analysts,FY 2028,FY,2028,,2028-12-31,1,,,1,count of analysts,,"filings/capitaliq/Estimates/Revisions/SPGlobal_GrupoBimbo,S.A.B.deC.V._Revisions_20-Sep-2026.xlsx",Revisions,317
2026-09-20,revisions,Company,COMPANY LEVEL,Depreciation & Amortization,Last Three Months,Number of Analysts,FY 2029,FY,2029,,2029-12-31,1,,,1,count of analysts,,"filings/capitaliq/Estimates/Revisions/SPGlobal_GrupoBimbo,S.A.B.deC.V._Revisions_20-Sep-2026.xlsx",Revisions,317
2026-09-20,revisions,Company,COMPANY LEVEL,Depreciation & Amortization,Last Three Months,Number of Analysts,FY 2030,FY,2030,,2030-12-31,1,,,1,count of analysts,,"filings/capitaliq/Estimates/Revisions/SPGlobal_GrupoBimbo,S.A.B.deC.V._Revisions_20-Sep-2026.xlsx",Revisions,317
2026-09-20,revisions,Company,COMPANY LEVEL,Depreciation & Amortization,Last Three Months,Number of Analysts,FY 2031,FY,2031,,2031-12-31,1,,,1,count of analysts,,"filings/capitaliq/Estimates/Revisions/SPGlobal_GrupoBimbo,S.A.B.deC.V._Revisions_20-Sep-2026.xlsx",Revisions,317
2026-09-20,revisions,Company,COMPANY LEVEL,Depreciation & Amortization,Last Three Months,Number of Analysts,FY 2032,FY,2032,,2032-12-31,1,,,1,count of analysts,,"filings/capitaliq/Estimates/Revisions/SPGlobal_GrupoBimbo,S.A.B.deC.V._Revisions_20-Sep-2026.xlsx",Revisions,317
2026-09-20,revisions,Company,COMPANY LEVEL,Depreciation & Amortization,Last Three Months,Number of Analysts,FY 2033,FY,2033,,2033-12-31,1,,,1,count of analysts,,"filings/capitaliq/Estimates/Revisions/SPGlobal_GrupoBimbo,S.A.B.deC.V._Revisions_20-Sep-2026.xlsx",Revisions,317
2026-09-20,revisions,Company,COMPANY LEVEL,Depreciation & Amortization,Last Three Months,Number of Analysts,FY 2034,FY,2034,,2034-12-31,1,,,1,count of analysts,,"filings/capitaliq/Estimates/Revisions/SPGlobal_GrupoBimbo,S.A.B.deC.V._Revisions_20-Sep-2026.xlsx",Revisions,317
2026-09-20,revisions,Company,COMPANY LEVEL,Depreciation & Amortization,Last Three Months,Number of Analysts,FY 2035,FY,2035,,2035-12-31,1,,,1,count of analysts,,"filings/capitaliq/Estimates/Revisions/SPGlobal_GrupoBimbo,S.A.B.deC.V._Revisions_20-Sep-2026.xlsx",Revisions,317
2026-09-20,revisions,Company,COMPANY LEVEL,Depreciation & Amortization,Last Three Months,Number of Analysts still in Consensus,FY 2026,FY,2026,,2026-12-31,1,,,1,count of analysts,,"filings/capitaliq/Estimates/Revisions/SPGlobal_GrupoBimbo,S.A.B.deC.V._Revisions_20-Sep-2026.xlsx",Revisions,318
2026-09-20,revisions,Company,COMPANY LEVEL,Depreciation & Amortization,Last Three Months,Number of Analysts still in Consensus,FY 2027,FY,2027,,2027-12-31,1,,,1,count of analysts,,"filings/capitaliq/Estimates/Revisions/SPGlobal_GrupoBimbo,S.A.B.deC.V._Revisions_20-Sep-2026.xlsx",Revisions,318
2026-09-20,revisions,Company,COMPANY LEVEL,Depreciation & Amortization,Last Three Months,Number of Analysts still in Consensus,FY 2028,FY,2028,,2028-12-31,1,,,1,count of analysts,,"filings/capitaliq/Estimates/Revisions/SPGlobal_GrupoBimbo,S.A.B.deC.V._Revisions_20-Sep-2026.xlsx",Revisions,318
2026-09-20,revisions,Company,COMPANY LEVEL,Depreciation & Amortization,Last Three Months,Number of Analysts still in Consensus,FY 2029,FY,2029,,2029-12-31,1,,,1,count of analysts,,"filings/capitaliq/Estimates/Revisions/SPGlobal_GrupoBimbo,S.A.B.deC.V._Revisions_20-Sep-2026.xlsx",Revisions,318
2026-09-20,revisions,Company,COMPANY LEVEL,Depreciation & Amortization,Last Three Months,Number of Analysts still in Consensus,FY 2030,FY,2030,,2030-12-31,1,,,1,count of analysts,,"filings/capitaliq/Estimates/Revisions/SPGlobal_GrupoBimbo,S.A.B.deC.V._Revisions_20-Sep-2026.xlsx",Revisions,318
2026-09-20,revisions,Company,COMPANY LEVEL,Depreciation & Amortization,Last Three Months,Number of Analysts still in Consensus,FY 2031,FY,2031,,2031-12-31,1,,,1,count of analysts,,"filings/capitaliq/Estimates/Revisions/SPGlobal_GrupoBimbo,S.A.B.deC.V._Revisions_20-Sep-2026.xlsx",Revisions,318
2026-09-20,revisions,Company,COMPANY LEVEL,Depreciation & Amortization,Last Three Months,Number of Analysts still in Consensus,FY 2032,FY,2032,,2032-12-31,1,,,1,count of analysts,,"filings/capitaliq/Estimates/Revisions/SPGlobal_GrupoBimbo,S.A.B.deC.V._Revisions_20-Sep-2026.xlsx",Revisions,318
2026-09-20,revisions,Company,COMPANY LEVEL,Depreciation & Amortization,Last Three Months,Number of Analysts still in Consensus,FY 2033,FY,2033,,2033-12-31,1,,,1,count of analysts,,"filings/capitaliq/Estimates/Revisions/SPGlobal_GrupoBimbo,S.A.B.deC.V._Revisions_20-Sep-2026.xlsx",Revisions,318
2026-09-20,revisions,Company,COMPANY LEVEL,Depreciation & Amortization,Last Three Months,Number of Analysts still in Consensus,FY 2034,FY,2034,,2034-12-31,1,,,1,count of analysts,,"filings/capitaliq/Estimates/Revisions/SPGlobal_GrupoBimbo,S.A.B.deC.V._Revisions_20-Sep-2026.xlsx",Revisions,318
2026-09-20,revisions,Company,COMPANY LEVEL,Depreciation & Amortization,Last Three Months,Number of Analysts still in Consensus,FY 2035,FY,2035,,2035-12-31,1,,,1,count of analysts,,"filings/capitaliq/Estimates/Revisions/SPGlobal_GrupoBimbo,S.A.B.deC.V._Revisions_20-Sep-2026.xlsx",Revisions,318
2026-09-20,revisions,Company,COMPANY LEVEL,Depreciation & Amortization,Last Three Months,Upward,FY 2026,FY,2026,,2026-12-31,0,,,0,count of analysts,,"filings/capitaliq/Estimates/Revisions/SPGlobal_GrupoBimbo,S.A.B.deC.V._Revisions_20-Sep-2026.xlsx",Revisions,319
2026-09-20,revisions,Company,COMPANY LEVEL,Depreciation & Amortization,Last Three Months,Upward,FY 2027,FY,2027,,2027-12-31,0,,,0,count of analysts,,"filings/capitaliq/Estimates/Revisions/SPGlobal_GrupoBimbo,S.A.B.deC.V._Revisions_20-Sep-2026.xlsx",Revisions,319
2026-09-20,revisions,Company,COMPANY LEVEL,Depreciation & Amortization,Last Three Months,Upward,FY 2028,FY,2028,,2028-12-31,0,,,0,count of analysts,,"filings/capitaliq/Estimates/Revisions/SPGlobal_GrupoBimbo,S.A.B.deC.V._Revisions_20-Sep-2026.xlsx",Revisions,319
2026-09-20,revisions,Company,COMPANY LEVEL,Depreciation & Amortization,Last Three Months,Upward,FY 2029,FY,2029,,2029-12-31,0,,,0,count of analysts,,"filings/capitaliq/Estimates/Revisions/SPGlobal_GrupoBimbo,S.A.B.deC.V._Revisions_20-Sep-2026.xlsx",Revisions,319
2026-09-20,revisions,Company,COMPANY LEVEL,Depreciation & Amortization,Last Three Months,Upward,FY 2030,FY,2030,,2030-12-31,0,,,0,count of analysts,,"filings/capitaliq/Estimates/Revisions/SPGlobal_GrupoBimbo,S.A.B.deC.V._Revisions_20-Sep-2026.xlsx",Revisions,319
2026-09-20,revisions,Company,COMPANY LEVEL,Depreciation & Amortization,Last Three Months,Upward,FY 2031,FY,2031,,2031-12-31,0,,,0,count of analysts,,"filings/capitaliq/Estimates/Revisions/SPGlobal_GrupoBimbo,S.A.B.deC.V._Revisions_20-Sep-2026.xlsx",Revisions,319
2026-09-20,revisions,Company,COMPANY LEVEL,Depreciation & Amortization,Last Three Months,Upward,FY 2032,FY,2032,,2032-12-31,0,,,0,count of analysts,,"filings/capitaliq/Estimates/Revisions/SPGlobal_GrupoBimbo,S.A.B.deC.V._Revisions_20-Sep-2026.xlsx",Revisions,319
2026-09-20,revisions,Company,COMPANY LEVEL,Depreciation & Amortization,Last Three Months,Upward,FY 2033,FY,2033,,2033-12-31,0,,,0,count of analysts,,"filings/capitaliq/Estimates/Revisions/SPGlobal_GrupoBimbo,S.A.B.deC.V._Revisions_20-Sep-2026.xlsx",Revisions,319
2026-09-20,revisions,Company,COMPANY LEVEL,Depreciation & Amortization,Last Three Months,Upward,FY 2034,FY,2034,,2034-12-31,0,,,0,count of analysts,,"filings/capitaliq/Estimates/Revisions/SPGlobal_GrupoBimbo,S.A.B.deC.V._Revisions_20-Sep-2026.xlsx",Revisions,319
2026-09-20,revisions,Company,COMPANY LEVEL,Depreciation & Amortization,Last Three Months,Upward,FY 2035,FY,2035,,2035-12-31,0,,,0,count of analysts,,"filings/capitaliq/Estimates/Revisions/SPGlobal_GrupoBimbo,S.A.B.deC.V._Revisions_20-Sep-2026.xlsx",Revisions,319
2026-09-20,revisions,Company,COMPANY LEVEL,Depreciation & Amortization,Last Three Months,Downward,FY 2026,FY,2026,,2026-12-31,0,,,0,count of analysts,,"filings/capitaliq/Estimates/Revisions/SPGlobal_GrupoBimbo,S.A.B.deC.V._Revisions_20-Sep-2026.xlsx",Revisions,320
2026-09-20,revisions,Company,COMPANY LEVEL,Depreciation & Amortization,Last Three Months,Downward,FY 2027,FY,2027,,2027-12-31,0,,,0,count of analysts,,"filings/capitaliq/Estimates/Revisions/SPGlobal_GrupoBimbo,S.A.B.deC.V._Revisions_20-Sep-2026.xlsx",Revisions,320
2026-09-20,revisions,Company,COMPANY LEVEL,Depreciation & Amortization,Last Three Months,Downward,FY 2028,FY,2028,,2028-12-31,0,,,0,count of analysts,,"filings/capitaliq/Estimates/Revisions/SPGlobal_GrupoBimbo,S.A.B.deC.V._Revisions_20-Sep-2026.xlsx",Revisions,320
2026-09-20,revisions,Company,COMPANY LEVEL,Depreciation & Amortization,Last Three Months,Downward,FY 2029,FY,2029,,2029-12-31,0,,,0,count of analysts,,"filings/capitaliq/Estimates/Revisions/SPGlobal_GrupoBimbo,S.A.B.deC.V._Revisions_20-Sep-2026.xlsx",Revisions,320
2026-09-20,revisions,Company,COMPANY LEVEL,Depreciation & Amortization,Last Three Months,Downward,FY 2030,FY,2030,,2030-12-31,0,,,0,count of analysts,,"filings/capitaliq/Estimates/Revisions/SPGlobal_GrupoBimbo,S.A.B.deC.V._Revisions_20-Sep-2026.xlsx",Revisions,320
2026-09-20,revisions,Company,COMPANY LEVEL,Depreciation & Amortization,Last Three Months,Downward,FY 2031,FY,2031,,2031-12-31,0,,,0,count of analysts,,"filings/capitaliq/Estimates/Revisions/SPGlobal_GrupoBimbo,S.A.B.deC.V._Revisions_20-Sep-2026.xlsx",Revisions,320
2026-09-20,revisions,Company,COMPANY LEVEL,Depreciation & Amortization,Last Three Months,Downward,FY 2032,FY,2032,,2032-12-31,0,,,0,count of analysts,,"filings/capitaliq/Estimates/Revisions/SPGlobal_GrupoBimbo,S.A.B.deC.V._Revisions_20-Sep-2026.xlsx",Revisions,320
2026-09-20,revisions,Company,COMPANY LEVEL,Depreciation & Amortization,Last Three Months,Downward,FY 2033,FY,2033,,2033-12-31,0,,,0,count of analysts,,"filings/capitaliq/Estimates/Revisions/SPGlobal_GrupoBimbo,S.A.B.deC.V._Revisions_20-Sep-2026.xlsx",Revisions,320
2026-09-20,revisions,Company,COMPANY LEVEL,Depreciation & Amortization,Last Three Months,Downward,FY 2034,FY,2034,,2034-12-31,0,,,0,count of analysts,,"filings/capitaliq/Estimates/Revisions/SPGlobal_GrupoBimbo,S.A.B.deC.V._Revisions_20-Sep-2026.xlsx",Revisions,320
2026-09-20,revisions,Company,COMPANY LEVEL,Depreciation & Amortization,Last Three Months,Downward,FY 2035,FY,2035,,2035-12-31,0,,,0,count of analysts,,"filings/capitaliq/Estimates/Revisions/SPGlobal_GrupoBimbo,S.A.B.deC.V._Revisions_20-Sep-2026.xlsx",Revisions,320
2026-09-20,revisions,Company,COMPANY LEVEL,Cash From Operations,Last Month,Number of Analysts,FY 2026,FY,2026,,2026-12-31,2,,,2,count of analysts,,"filings/capitaliq/Estimates/Revisions/SPGlobal_GrupoBimbo,S.A.B.deC.V._Revisions_20-Sep-2026.xlsx",Revisions,323
2026-09-20,revisions,Company,COMPANY LEVEL,Cash From Operations,Last Month,Number of Analysts,FY 2027,FY,2027,,2027-12-31,2,,,2,count of analysts,,"filings/capitaliq/Estimates/Revisions/SPGlobal_GrupoBimbo,S.A.B.deC.V._Revisions_20-Sep-2026.xlsx",Revisions,323
2026-09-20,revisions,Company,COMPANY LEVEL,Cash From Operations,Last Month,Number of Analysts,FY 2028,FY,2028,,2028-12-31,2,,,2,count of analysts,,"filings/capitaliq/Estimates/Revisions/SPGlobal_GrupoBimbo,S.A.B.deC.V._Revisions_20-Sep-2026.xlsx",Revisions,323
2026-09-20,revisions,Company,COMPANY LEVEL,Cash From Operations,Last Month,Number of Analysts still in Consensus,FY 2026,FY,2026,,2026-12-31,2,,,2,count of analysts,,"filings/capitaliq/Estimates/Revisions/SPGlobal_GrupoBimbo,S.A.B.deC.V._Revisions_20-Sep-2026.xlsx",Revisions,324
2026-09-20,revisions,Company,COMPANY LEVEL,Cash From Operations,Last Month,Number of Analysts still in Consensus,FY 2027,FY,2027,,2027-12-31,2,,,2,count of analysts,,"filings/capitaliq/Estimates/Revisions/SPGlobal_GrupoBimbo,S.A.B.deC.V._Revisions_20-Sep-2026.xlsx",Revisions,324
2026-09-20,revisions,Company,COMPANY LEVEL,Cash From Operations,Last Month,Number of Analysts still in Consensus,FY 2028,FY,2028,,2028-12-31,2,,,2,count of analysts,,"filings/capitaliq/Estimates/Revisions/SPGlobal_GrupoBimbo,S.A.B.deC.V._Revisions_20-Sep-2026.xlsx",Revisions,324
2026-09-20,revisions,Company,COMPANY LEVEL,Cash From Operations,Last Month,Upward,FY 2026,FY,2026,,2026-12-31,0,,,0,count of analysts,,"filings/capitaliq/Estimates/Revisions/SPGlobal_GrupoBimbo,S.A.B.deC.V._Revisions_20-Sep-2026.xlsx",Revisions,325
2026-09-20,revisions,Company,COMPANY LEVEL,Cash From Operations,Last Month,Upward,FY 2027,FY,2027,,2027-12-31,0,,,0,count of analysts,,"filings/capitaliq/Estimates/Revisions/SPGlobal_GrupoBimbo,S.A.B.deC.V._Revisions_20-Sep-2026.xlsx",Revisions,325
2026-09-20,revisions,Company,COMPANY LEVEL,Cash From Operations,Last Month,Upward,FY 2028,FY,2028,,2028-12-31,0,,,0,count of analysts,,"filings/capitaliq/Estimates/Revisions/SPGlobal_GrupoBimbo,S.A.B.deC.V._Revisions_20-Sep-2026.xlsx",Revisions,325
2026-09-20,revisions,Company,COMPANY LEVEL,Cash From Operations,Last Month,Downward,FY 2026,FY,2026,,2026-12-31,0,,,0,count of analysts,,"filings/capitaliq/Estimates/Revisions/SPGlobal_GrupoBimbo,S.A.B.deC.V._Revisions_20-Sep-2026.xlsx",Revisions,326
2026-09-20,revisions,Company,COMPANY LEVEL,Cash From Operations,Last Month,Downward,FY 2027,FY,2027,,2027-12-31,0,,,0,count of analysts,,"filings/capitaliq/Estimates/Revisions/SPGlobal_GrupoBimbo,S.A.B.deC.V._Revisions_20-Sep-2026.xlsx",Revisions,326
2026-09-20,revisions,Company,COMPANY LEVEL,Cash From Operations,Last Month,Downward,FY 2028,FY,2028,,2028-12-31,0,,,0,count of analysts,,"filings/capitaliq/Estimates/Revisions/SPGlobal_GrupoBimbo,S.A.B.deC.V._Revisions_20-Sep-2026.xlsx",Revisions,326
2026-09-20,revisions,Company,COMPANY LEVEL,Cash From Operations,Last Two Months,Number of Analysts,FY 2026,FY,2026,,2026-12-31,1,,,1,count of analysts,,"filings/capitaliq/Estimates/Revisions/SPGlobal_GrupoBimbo,S.A.B.deC.V._Revisions_20-Sep-2026.xlsx",Revisions,328
2026-09-20,revisions,Company,COMPANY LEVEL,Cash From Operations,Last Two Months,Number of Analysts,FY 2027,FY,2027,,2027-12-31,1,,,1,count of analysts,,"filings/capitaliq/Estimates/Revisions/SPGlobal_GrupoBimbo,S.A.B.deC.V._Revisions_20-Sep-2026.xlsx",Revisions,328
2026-09-20,revisions,Company,COMPANY LEVEL,Cash From Operations,Last Two Months,Number of Analysts,FY 2028,FY,2028,,2028-12-31,1,,,1,count of analysts,,"filings/capitaliq/Estimates/Revisions/SPGlobal_GrupoBimbo,S.A.B.deC.V._Revisions_20-Sep-2026.xlsx",Revisions,328
2026-09-20,revisions,Company,COMPANY LEVEL,Cash From Operations,Last Two Months,Number of Analysts still in Consensus,FY 2026,FY,2026,,2026-12-31,1,,,1,count of analysts,,"filings/capitaliq/Estimates/Revisions/SPGlobal_GrupoBimbo,S.A.B.deC.V._Revisions_20-Sep-2026.xlsx",Revisions,329
2026-09-20,revisions,Company,COMPANY LEVEL,Cash From Operations,Last Two Months,Number of Analysts still in Consensus,FY 2027,FY,2027,,2027-12-31,1,,,1,count of analysts,,"filings/capitaliq/Estimates/Revisions/SPGlobal_GrupoBimbo,S.A.B.deC.V._Revisions_20-Sep-2026.xlsx",Revisions,329
2026-09-20,revisions,Company,COMPANY LEVEL,Cash From Operations,Last Two Months,Number of Analysts still in Consensus,FY 2028,FY,2028,,2028-12-31,1,,,1,count of analysts,,"filings/capitaliq/Estimates/Revisions/SPGlobal_GrupoBimbo,S.A.B.deC.V._Revisions_20-Sep-2026.xlsx",Revisions,329
2026-09-20,revisions,Company,COMPANY LEVEL,Cash From Operations,Last Two Months,Upward,FY 2026,FY,2026,,2026-12-31,0,,,0,count of analysts,,"filings/capitaliq/Estimates/Revisions/SPGlobal_GrupoBimbo,S.A.B.deC.V._Revisions_20-Sep-2026.xlsx",Revisions,330
2026-09-20,revisions,Company,COMPANY LEVEL,Cash From Operations,Last Two Months,Upward,FY 2027,FY,2027,,2027-12-31,0,,,0,count of analysts,,"filings/capitaliq/Estimates/Revisions/SPGlobal_GrupoBimbo,S.A.B.deC.V._Revisions_20-Sep-2026.xlsx",Revisions,330
2026-09-20,revisions,Company,COMPANY LEVEL,Cash From Operations,Last Two Months,Upward,FY 2028,FY,2028,,2028-12-31,0,,,0,count of analysts,,"filings/capitaliq/Estimates/Revisions/SPGlobal_GrupoBimbo,S.A.B.deC.V._Revisions_20-Sep-2026.xlsx",Revisions,330
2026-09-20,revisions,Company,COMPANY LEVEL,Cash From Operations,Last Two Months,Downward,FY 2026,FY,2026,,2026-12-31,1,,,1,count of analysts,,"filings/capitaliq/Estimates/Revisions/SPGlobal_GrupoBimbo,S.A.B.deC.V._Revisions_20-Sep-2026.xlsx",Revisions,331
2026-09-20,revisions,Company,COMPANY LEVEL,Cash From Operations,Last Two Months,Downward,FY 2027,FY,2027,,2027-12-31,1,,,1,count of analysts,,"filings/capitaliq/Estimates/Revisions/SPGlobal_GrupoBimbo,S.A.B.deC.V._Revisions_20-Sep-2026.xlsx",Revisions,331
2026-09-20,revisions,Company,COMPANY LEVEL,Cash From Operations,Last Two Months,Downward,FY 2028,FY,2028,,2028-12-31,1,,,1,count of analysts,,"filings/capitaliq/Estimates/Revisions/SPGlobal_GrupoBimbo,S.A.B.deC.V._Revisions_20-Sep-2026.xlsx",Revisions,331
2026-09-20,revisions,Company,COMPANY LEVEL,Free Cash Flow,Last Month,Number of Analysts,FY 2026,FY,2026,,2026-12-31,3,,,3,count of analysts,,"filings/capitaliq/Estimates/Revisions/SPGlobal_GrupoBimbo,S.A.B.deC.V._Revisions_20-Sep-2026.xlsx",Revisions,339
2026-09-20,revisions,Company,COMPANY LEVEL,Free Cash Flow,Last Month,Number of Analysts,FY 2027,FY,2027,,2027-12-31,3,,,3,count of analysts,,"filings/capitaliq/Estimates/Revisions/SPGlobal_GrupoBimbo,S.A.B.deC.V._Revisions_20-Sep-2026.xlsx",Revisions,339
2026-09-20,revisions,Company,COMPANY LEVEL,Free Cash Flow,Last Month,Number of Analysts,FY 2028,FY,2028,,2028-12-31,3,,,3,count of analysts,,"filings/capitaliq/Estimates/Revisions/SPGlobal_GrupoBimbo,S.A.B.deC.V._Revisions_20-Sep-2026.xlsx",Revisions,339
2026-09-20,revisions,Company,COMPANY LEVEL,Free Cash Flow,Last Month,Number of Analysts,FY 2029,FY,2029,,2029-12-31,1,,,1,count of analysts,,"filings/capitaliq/Estimates/Revisions/SPGlobal_GrupoBimbo,S.A.B.deC.V._Revisions_20-Sep-2026.xlsx",Revisions,339
2026-09-20,revisions,Company,COMPANY LEVEL,Free Cash Flow,Last Month,Number of Analysts,FY 2030,FY,2030,,2030-12-31,1,,,1,count of analysts,,"filings/capitaliq/Estimates/Revisions/SPGlobal_GrupoBimbo,S.A.B.deC.V._Revisions_20-Sep-2026.xlsx",Revisions,339
2026-09-20,revisions,Company,COMPANY LEVEL,Free Cash Flow,Last Month,Number of Analysts,FY 2031,FY,2031,,2031-12-31,1,,,1,count of analysts,,"filings/capitaliq/Estimates/Revisions/SPGlobal_GrupoBimbo,S.A.B.deC.V._Revisions_20-Sep-2026.xlsx",Revisions,339
2026-09-20,revisions,Company,COMPANY LEVEL,Free Cash Flow,Last Month,Number of Analysts,FY 2032,FY,2032,,2032-12-31,1,,,1,count of analysts,,"filings/capitaliq/Estimates/Revisions/SPGlobal_GrupoBimbo,S.A.B.deC.V._Revisions_20-Sep-2026.xlsx",Revisions,339
2026-09-20,revisions,Company,COMPANY LEVEL,Free Cash Flow,Last Month,Number of Analysts,FY 2033,FY,2033,,2033-12-31,1,,,1,count of analysts,,"filings/capitaliq/Estimates/Revisions/SPGlobal_GrupoBimbo,S.A.B.deC.V._Revisions_20-Sep-2026.xlsx",Revisions,339
2026-09-20,revisions,Company,COMPANY LEVEL,Free Cash Flow,Last Month,Number of Analysts,FY 2034,FY,2034,,2034-12-31,1,,,1,count of analysts,,"filings/capitaliq/Estimates/Revisions/SPGlobal_GrupoBimbo,S.A.B.deC.V._Revisions_20-Sep-2026.xlsx",Revisions,339
2026-09-20,revisions,Company,COMPANY LEVEL,Free Cash Flow,Last Month,Number of Analysts,FY 2035,FY,2035,,2035-12-31,1,,,1,count of analysts,,"filings/capitaliq/Estimates/Revisions/SPGlobal_GrupoBimbo,S.A.B.deC.V._Revisions_20-Sep-2026.xlsx",Revisions,339
2026-09-20,revisions,Company,COMPANY LEVEL,Free Cash Flow,Last Month,Number of Analysts still in Consensus,FY 2026,FY,2026,,2026-12-31,3,,,3,count of analysts,,"filings/capitaliq/Estimates/Revisions/SPGlobal_GrupoBimbo,S.A.B.deC.V._Revisions_20-Sep-2026.xlsx",Revisions,340
2026-09-20,revisions,Company,COMPANY LEVEL,Free Cash Flow,Last Month,Number of Analysts still in Consensus,FY 2027,FY,2027,,2027-12-31,3,,,3,count of analysts,,"filings/capitaliq/Estimates/Revisions/SPGlobal_GrupoBimbo,S.A.B.deC.V._Revisions_20-Sep-2026.xlsx",Revisions,340
2026-09-20,revisions,Company,COMPANY LEVEL,Free Cash Flow,Last Month,Number of Analysts still in Consensus,FY 2028,FY,2028,,2028-12-31,3,,,3,count of analysts,,"filings/capitaliq/Estimates/Revisions/SPGlobal_GrupoBimbo,S.A.B.deC.V._Revisions_20-Sep-2026.xlsx",Revisions,340
2026-09-20,revisions,Company,COMPANY LEVEL,Free Cash Flow,Last Month,Number of Analysts still in Consensus,FY 2029,FY,2029,,2029-12-31,1,,,1,count of analysts,,"filings/capitaliq/Estimates/Revisions/SPGlobal_GrupoBimbo,S.A.B.deC.V._Revisions_20-Sep-2026.xlsx",Revisions,340
2026-09-20,revisions,Company,COMPANY LEVEL,Free Cash Flow,Last Month,Number of Analysts still in Consensus,FY 2030,FY,2030,,2030-12-31,1,,,1,count of analysts,,"filings/capitaliq/Estimates/Revisions/SPGlobal_GrupoBimbo,S.A.B.deC.V._Revisions_20-Sep-2026.xlsx",Revisions,340
2026-09-20,revisions,Company,COMPANY LEVEL,Free Cash Flow,Last Month,Number of Analysts still in Consensus,FY 2031,FY,2031,,2031-12-31,1,,,1,count of analysts,,"filings/capitaliq/Estimates/Revisions/SPGlobal_GrupoBimbo,S.A.B.deC.V._Revisions_20-Sep-2026.xlsx",Revisions,340
2026-09-20,revisions,Company,COMPANY LEVEL,Free Cash Flow,Last Month,Number of Analysts still in Consensus,FY 2032,FY,2032,,2032-12-31,1,,,1,count of analysts,,"filings/capitaliq/Estimates/Revisions/SPGlobal_GrupoBimbo,S.A.B.deC.V._Revisions_20-Sep-2026.xlsx",Revisions,340
2026-09-20,revisions,Company,COMPANY LEVEL,Free Cash Flow,Last Month,Number of Analysts still in Consensus,FY 2033,FY,2033,,2033-12-31,1,,,1,count of analysts,,"filings/capitaliq/Estimates/Revisions/SPGlobal_GrupoBimbo,S.A.B.deC.V._Revisions_20-Sep-2026.xlsx",Revisions,340
2026-09-20,revisions,Company,COMPANY LEVEL,Free Cash Flow,Last Month,Number of Analysts still in Consensus,FY 2034,FY,2034,,2034-12-31,1,,,1,count of analysts,,"filings/capitaliq/Estimates/Revisions/SPGlobal_GrupoBimbo,S.A.B.deC.V._Revisions_20-Sep-2026.xlsx",Revisions,340
2026-09-20,revisions,Company,COMPANY LEVEL,Free Cash Flow,Last Month,Number of Analysts still in Consensus,FY 2035,FY,2035,,2035-12-31,1,,,1,count of analysts,,"filings/capitaliq/Estimates/Revisions/SPGlobal_GrupoBimbo,S.A.B.deC.V._Revisions_20-Sep-2026.xlsx",Revisions,340
2026-09-20,revisions,Company,COMPANY LEVEL,Free Cash Flow,Last Month,Upward,FY 2026,FY,2026,,2026-12-31,0,,,0,count of analysts,,"filings/capitaliq/Estimates/Revisions/SPGlobal_GrupoBimbo,S.A.B.deC.V._Revisions_20-Sep-2026.xlsx",Revisions,341
2026-09-20,revisions,Company,COMPANY LEVEL,Free Cash Flow,Last Month,Upward,FY 2027,FY,2027,,2027-12-31,0,,,0,count of analysts,,"filings/capitaliq/Estimates/Revisions/SPGlobal_GrupoBimbo,S.A.B.deC.V._Revisions_20-Sep-2026.xlsx",Revisions,341
2026-09-20,revisions,Company,COMPANY LEVEL,Free Cash Flow,Last Month,Upward,FY 2028,FY,2028,,2028-12-31,0,,,0,count of analysts,,"filings/capitaliq/Estimates/Revisions/SPGlobal_GrupoBimbo,S.A.B.deC.V._Revisions_20-Sep-2026.xlsx",Revisions,341
2026-09-20,revisions,Company,COMPANY LEVEL,Free Cash Flow,Last Month,Upward,FY 2029,FY,2029,,2029-12-31,0,,,0,count of analysts,,"filings/capitaliq/Estimates/Revisions/SPGlobal_GrupoBimbo,S.A.B.deC.V._Revisions_20-Sep-2026.xlsx",Revisions,341
2026-09-20,revisions,Company,COMPANY LEVEL,Free Cash Flow,Last Month,Upward,FY 2030,FY,2030,,2030-12-31,0,,,0,count of analysts,,"filings/capitaliq/Estimates/Revisions/SPGlobal_GrupoBimbo,S.A.B.deC.V._Revisions_20-Sep-2026.xlsx",Revisions,341
2026-09-20,revisions,Company,COMPANY LEVEL,Free Cash Flow,Last Month,Upward,FY 2031,FY,2031,,2031-12-31,0,,,0,count of analysts,,"filings/capitaliq/Estimates/Revisions/SPGlobal_GrupoBimbo,S.A.B.deC.V._Revisions_20-Sep-2026.xlsx",Revisions,341
2026-09-20,revisions,Company,COMPANY LEVEL,Free Cash Flow,Last Month,Upward,FY 2032,FY,2032,,2032-12-31,0,,,0,count of analysts,,"filings/capitaliq/Estimates/Revisions/SPGlobal_GrupoBimbo,S.A.B.deC.V._Revisions_20-Sep-2026.xlsx",Revisions,341
2026-09-20,revisions,Company,COMPANY LEVEL,Free Cash Flow,Last Month,Upward,FY 2033,FY,2033,,2033-12-31,0,,,0,count of analysts,,"filings/capitaliq/Estimates/Revisions/SPGlobal_GrupoBimbo,S.A.B.deC.V._Revisions_20-Sep-2026.xlsx",Revisions,341
2026-09-20,revisions,Company,COMPANY LEVEL,Free Cash Flow,Last Month,Upward,FY 2034,FY,2034,,2034-12-31,0,,,0,count of analysts,,"filings/capitaliq/Estimates/Revisions/SPGlobal_GrupoBimbo,S.A.B.deC.V._Revisions_20-Sep-2026.xlsx",Revisions,341
2026-09-20,revisions,Company,COMPANY LEVEL,Free Cash Flow,Last Month,Upward,FY 2035,FY,2035,,2035-12-31,0,,,0,count of analysts,,"filings/capitaliq/Estimates/Revisions/SPGlobal_GrupoBimbo,S.A.B.deC.V._Revisions_20-Sep-2026.xlsx",Revisions,341
2026-09-20,revisions,Company,COMPANY LEVEL,Free Cash Flow,Last Month,Downward,FY 2026,FY,2026,,2026-12-31,0,,,0,count of analysts,,"filings/capitaliq/Estimates/Revisions/SPGlobal_GrupoBimbo,S.A.B.deC.V._Revisions_20-Sep-2026.xlsx",Revisions,342
2026-09-20,revisions,Company,COMPANY LEVEL,Free Cash Flow,Last Month,Downward,FY 2027,FY,2027,,2027-12-31,0,,,0,count of analysts,,"filings/capitaliq/Estimates/Revisions/SPGlobal_GrupoBimbo,S.A.B.deC.V._Revisions_20-Sep-2026.xlsx",Revisions,342
2026-09-20,revisions,Company,COMPANY LEVEL,Free Cash Flow,Last Month,Downward,FY 2028,FY,2028,,2028-12-31,0,,,0,count of analysts,,"filings/capitaliq/Estimates/Revisions/SPGlobal_GrupoBimbo,S.A.B.deC.V._Revisions_20-Sep-2026.xlsx",Revisions,342
2026-09-20,revisions,Company,COMPANY LEVEL,Free Cash Flow,Last Month,Downward,FY 2029,FY,2029,,2029-12-31,0,,,0,count of analysts,,"filings/capitaliq/Estimates/Revisions/SPGlobal_GrupoBimbo,S.A.B.deC.V._Revisions_20-Sep-2026.xlsx",Revisions,342
2026-09-20,revisions,Company,COMPANY LEVEL,Free Cash Flow,Last Month,Downward,FY 2030,FY,2030,,2030-12-31,0,,,0,count of analysts,,"filings/capitaliq/Estimates/Revisions/SPGlobal_GrupoBimbo,S.A.B.deC.V._Revisions_20-Sep-2026.xlsx",Revisions,342
2026-09-20,revisions,Company,COMPANY LEVEL,Free Cash Flow,Last Month,Downward,FY 2031,FY,2031,,2031-12-31,0,,,0,count of analysts,,"filings/capitaliq/Estimates/Revisions/SPGlobal_GrupoBimbo,S.A.B.deC.V._Revisions_20-Sep-2026.xlsx",Revisions,342
2026-09-20,revisions,Company,COMPANY LEVEL,Free Cash Flow,Last Month,Downward,FY 2032,FY,2032,,2032-12-31,0,,,0,count of analysts,,"filings/capitaliq/Estimates/Revisions/SPGlobal_GrupoBimbo,S.A.B.deC.V._Revisions_20-Sep-2026.xlsx",Revisions,342
2026-09-20,revisions,Company,COMPANY LEVEL,Free Cash Flow,Last Month,Downward,FY 2033,FY,2033,,2033-12-31,0,,,0,count of analysts,,"filings/capitaliq/Estimates/Revisions/SPGlobal_GrupoBimbo,S.A.B.deC.V._Revisions_20-Sep-2026.xlsx",Revisions,342
2026-09-20,revisions,Company,COMPANY LEVEL,Free Cash Flow,Last Month,Downward,FY 2034,FY,2034,,2034-12-31,0,,,0,count of analysts,,"filings/capitaliq/Estimates/Revisions/SPGlobal_GrupoBimbo,S.A.B.deC.V._Revisions_20-Sep-2026.xlsx",Revisions,342
2026-09-20,revisions,Company,COMPANY LEVEL,Free Cash Flow,Last Month,Downward,FY 2035,FY,2035,,2035-12-31,0,,,0,count of analysts,,"filings/capitaliq/Estimates/Revisions/SPGlobal_GrupoBimbo,S.A.B.deC.V._Revisions_20-Sep-2026.xlsx",Revisions,342
2026-09-20,revisions,Company,COMPANY LEVEL,Free Cash Flow,Last Two Months,Number of Analysts,FY 2026,FY,2026,,2026-12-31,3,,,3,count of analysts,,"filings/capitaliq/Estimates/Revisions/SPGlobal_GrupoBimbo,S.A.B.deC.V._Revisions_20-Sep-2026.xlsx",Revisions,344
2026-09-20,revisions,Company,COMPANY LEVEL,Free Cash Flow,Last Two Months,Number of Analysts,FY 2027,FY,2027,,2027-12-31,3,,,3,count of analysts,,"filings/capitaliq/Estimates/Revisions/SPGlobal_GrupoBimbo,S.A.B.deC.V._Revisions_20-Sep-2026.xlsx",Revisions,344
2026-09-20,revisions,Company,COMPANY LEVEL,Free Cash Flow,Last Two Months,Number of Analysts,FY 2028,FY,2028,,2028-12-31,3,,,3,count of analysts,,"filings/capitaliq/Estimates/Revisions/SPGlobal_GrupoBimbo,S.A.B.deC.V._Revisions_20-Sep-2026.xlsx",Revisions,344
2026-09-20,revisions,Company,COMPANY LEVEL,Free Cash Flow,Last Two Months,Number of Analysts,FY 2029,FY,2029,,2029-12-31,1,,,1,count of analysts,,"filings/capitaliq/Estimates/Revisions/SPGlobal_GrupoBimbo,S.A.B.deC.V._Revisions_20-Sep-2026.xlsx",Revisions,344
2026-09-20,revisions,Company,COMPANY LEVEL,Free Cash Flow,Last Two Months,Number of Analysts,FY 2030,FY,2030,,2030-12-31,1,,,1,count of analysts,,"filings/capitaliq/Estimates/Revisions/SPGlobal_GrupoBimbo,S.A.B.deC.V._Revisions_20-Sep-2026.xlsx",Revisions,344
2026-09-20,revisions,Company,COMPANY LEVEL,Free Cash Flow,Last Two Months,Number of Analysts,FY 2031,FY,2031,,2031-12-31,1,,,1,count of analysts,,"filings/capitaliq/Estimates/Revisions/SPGlobal_GrupoBimbo,S.A.B.deC.V._Revisions_20-Sep-2026.xlsx",Revisions,344
2026-09-20,revisions,Company,COMPANY LEVEL,Free Cash Flow,Last Two Months,Number of Analysts,FY 2032,FY,2032,,2032-12-31,1,,,1,count of analysts,,"filings/capitaliq/Estimates/Revisions/SPGlobal_GrupoBimbo,S.A.B.deC.V._Revisions_20-Sep-2026.xlsx",Revisions,344
2026-09-20,revisions,Company,COMPANY LEVEL,Free Cash Flow,Last Two Months,Number of Analysts,FY 2033,FY,2033,,2033-12-31,1,,,1,count of analysts,,"filings/capitaliq/Estimates/Revisions/SPGlobal_GrupoBimbo,S.A.B.deC.V._Revisions_20-Sep-2026.xlsx",Revisions,344
2026-09-20,revisions,Company,COMPANY LEVEL,Free Cash Flow,Last Two Months,Number of Analysts,FY 2034,FY,2034,,2034-12-31,1,,,1,count of analysts,,"filings/capitaliq/Estimates/Revisions/SPGlobal_GrupoBimbo,S.A.B.deC.V._Revisions_20-Sep-2026.xlsx",Revisions,344
2026-09-20,revisions,Company,COMPANY LEVEL,Free Cash Flow,Last Two Months,Number of Analysts,FY 2035,FY,2035,,2035-12-31,1,,,1,count of analysts,,"filings/capitaliq/Estimates/Revisions/SPGlobal_GrupoBimbo,S.A.B.deC.V._Revisions_20-Sep-2026.xlsx",Revisions,344
2026-09-20,revisions,Company,COMPANY LEVEL,Free Cash Flow,Last Two Months,Number of Analysts still in Consensus,FY 2026,FY,2026,,2026-12-31,3,,,3,count of analysts,,"filings/capitaliq/Estimates/Revisions/SPGlobal_GrupoBimbo,S.A.B.deC.V._Revisions_20-Sep-2026.xlsx",Revisions,345
2026-09-20,revisions,Company,COMPANY LEVEL,Free Cash Flow,Last Two Months,Number of Analysts still in Consensus,FY 2027,FY,2027,,2027-12-31,3,,,3,count of analysts,,"filings/capitaliq/Estimates/Revisions/SPGlobal_GrupoBimbo,S.A.B.deC.V._Revisions_20-Sep-2026.xlsx",Revisions,345
2026-09-20,revisions,Company,COMPANY LEVEL,Free Cash Flow,Last Two Months,Number of Analysts still in Consensus,FY 2028,FY,2028,,2028-12-31,3,,,3,count of analysts,,"filings/capitaliq/Estimates/Revisions/SPGlobal_GrupoBimbo,S.A.B.deC.V._Revisions_20-Sep-2026.xlsx",Revisions,345
2026-09-20,revisions,Company,COMPANY LEVEL,Free Cash Flow,Last Two Months,Number of Analysts still in Consensus,FY 2029,FY,2029,,2029-12-31,1,,,1,count of analysts,,"filings/capitaliq/Estimates/Revisions/SPGlobal_GrupoBimbo,S.A.B.deC.V._Revisions_20-Sep-2026.xlsx",Revisions,345
2026-09-20,revisions,Company,COMPANY LEVEL,Free Cash Flow,Last Two Months,Number of Analysts still in Consensus,FY 2030,FY,2030,,2030-12-31,1,,,1,count of analysts,,"filings/capitaliq/Estimates/Revisions/SPGlobal_GrupoBimbo,S.A.B.deC.V._Revisions_20-Sep-2026.xlsx",Revisions,345
2026-09-20,revisions,Company,COMPANY LEVEL,Free Cash Flow,Last Two Months,Number of Analysts still in Consensus,FY 2031,FY,2031,,2031-12-31,1,,,1,count of analysts,,"filings/capitaliq/Estimates/Revisions/SPGlobal_GrupoBimbo,S.A.B.deC.V._Revisions_20-Sep-2026.xlsx",Revisions,345
2026-09-20,revisions,Company,COMPANY LEVEL,Free Cash Flow,Last Two Months,Number of Analysts still in Consensus,FY 2032,FY,2032,,2032-12-31,1,,,1,count of analysts,,"filings/capitaliq/Estimates/Revisions/SPGlobal_GrupoBimbo,S.A.B.deC.V._Revisions_20-Sep-2026.xlsx",Revisions,345
2026-09-20,revisions,Company,COMPANY LEVEL,Free Cash Flow,Last Two Months,Number of Analysts still in Consensus,FY 2033,FY,2033,,2033-12-31,1,,,1,count of analysts,,"filings/capitaliq/Estimates/Revisions/SPGlobal_GrupoBimbo,S.A.B.deC.V._Revisions_20-Sep-2026.xlsx",Revisions,345
2026-09-20,revisions,Company,COMPANY LEVEL,Free Cash Flow,Last Two Months,Number of Analysts still in Consensus,FY 2034,FY,2034,,2034-12-31,1,,,1,count of analysts,,"filings/capitaliq/Estimates/Revisions/SPGlobal_GrupoBimbo,S.A.B.deC.V._Revisions_20-Sep-2026.xlsx",Revisions,345
2026-09-20,revisions,Company,COMPANY LEVEL,Free Cash Flow,Last Two Months,Number of Analysts still in Consensus,FY 2035,FY,2035,,2035-12-31,1,,,1,count of analysts,,"filings/capitaliq/Estimates/Revisions/SPGlobal_GrupoBimbo,S.A.B.deC.V._Revisions_20-Sep-2026.xlsx",Revisions,345
2026-09-20,revisions,Company,COMPANY LEVEL,Free Cash Flow,Last Two Months,Upward,FY 2026,FY,2026,,2026-12-31,0,,,0,count of analysts,,"filings/capitaliq/Estimates/Revisions/SPGlobal_GrupoBimbo,S.A.B.deC.V._Revisions_20-Sep-2026.xlsx",Revisions,346
2026-09-20,revisions,Company,COMPANY LEVEL,Free Cash Flow,Last Two Months,Upward,FY 2027,FY,2027,,2027-12-31,0,,,0,count of analysts,,"filings/capitaliq/Estimates/Revisions/SPGlobal_GrupoBimbo,S.A.B.deC.V._Revisions_20-Sep-2026.xlsx",Revisions,346
2026-09-20,revisions,Company,COMPANY LEVEL,Free Cash Flow,Last Two Months,Upward,FY 2028,FY,2028,,2028-12-31,1,,,1,count of analysts,,"filings/capitaliq/Estimates/Revisions/SPGlobal_GrupoBimbo,S.A.B.deC.V._Revisions_20-Sep-2026.xlsx",Revisions,346
2026-09-20,revisions,Company,COMPANY LEVEL,Free Cash Flow,Last Two Months,Upward,FY 2029,FY,2029,,2029-12-31,0,,,0,count of analysts,,"filings/capitaliq/Estimates/Revisions/SPGlobal_GrupoBimbo,S.A.B.deC.V._Revisions_20-Sep-2026.xlsx",Revisions,346
2026-09-20,revisions,Company,COMPANY LEVEL,Free Cash Flow,Last Two Months,Upward,FY 2030,FY,2030,,2030-12-31,0,,,0,count of analysts,,"filings/capitaliq/Estimates/Revisions/SPGlobal_GrupoBimbo,S.A.B.deC.V._Revisions_20-Sep-2026.xlsx",Revisions,346
2026-09-20,revisions,Company,COMPANY LEVEL,Free Cash Flow,Last Two Months,Upward,FY 2031,FY,2031,,2031-12-31,0,,,0,count of analysts,,"filings/capitaliq/Estimates/Revisions/SPGlobal_GrupoBimbo,S.A.B.deC.V._Revisions_20-Sep-2026.xlsx",Revisions,346
2026-09-20,revisions,Company,COMPANY LEVEL,Free Cash Flow,Last Two Months,Upward,FY 2032,FY,2032,,2032-12-31,0,,,0,count of analysts,,"filings/capitaliq/Estimates/Revisions/SPGlobal_GrupoBimbo,S.A.B.deC.V._Revisions_20-Sep-2026.xlsx",Revisions,346
2026-09-20,revisions,Company,COMPANY LEVEL,Free Cash Flow,Last Two Months,Upward,FY 2033,FY,2033,,2033-12-31,0,,,0,count of analysts,,"filings/capitaliq/Estimates/Revisions/SPGlobal_GrupoBimbo,S.A.B.deC.V._Revisions_20-Sep-2026.xlsx",Revisions,346
2026-09-20,revisions,Company,COMPANY LEVEL,Free Cash Flow,Last Two Months,Upward,FY 2034,FY,2034,,2034-12-31,0,,,0,count of analysts,,"filings/capitaliq/Estimates/Revisions/SPGlobal_GrupoBimbo,S.A.B.deC.V._Revisions_20-Sep-2026.xlsx",Revisions,346
2026-09-20,revisions,Company,COMPANY LEVEL,Free Cash Flow,Last Two Months,Upward,FY 2035,FY,2035,,2035-12-31,0,,,0,count of analysts,,"filings/capitaliq/Estimates/Revisions/SPGlobal_GrupoBimbo,S.A.B.deC.V._Revisions_20-Sep-2026.xlsx",Revisions,346
2026-09-20,revisions,Company,COMPANY LEVEL,Free Cash Flow,Last Two Months,Downward,FY 2026,FY,2026,,2026-12-31,1,,,1,count of analysts,,"filings/capitaliq/Estimates/Revisions/SPGlobal_GrupoBimbo,S.A.B.deC.V._Revisions_20-Sep-2026.xlsx",Revisions,347
2026-09-20,revisions,Company,COMPANY LEVEL,Free Cash Flow,Last Two Months,Downward,FY 2027,FY,2027,,2027-12-31,1,,,1,count of analysts,,"filings/capitaliq/Estimates/Revisions/SPGlobal_GrupoBimbo,S.A.B.deC.V._Revisions_20-Sep-2026.xlsx",Revisions,347
2026-09-20,revisions,Company,COMPANY LEVEL,Free Cash Flow,Last Two Months,Downward,FY 2028,FY,2028,,2028-12-31,0,,,0,count of analysts,,"filings/capitaliq/Estimates/Revisions/SPGlobal_GrupoBimbo,S.A.B.deC.V._Revisions_20-Sep-2026.xlsx",Revisions,347
2026-09-20,revisions,Company,COMPANY LEVEL,Free Cash Flow,Last Two Months,Downward,FY 2029,FY,2029,,2029-12-31,0,,,0,count of analysts,,"filings/capitaliq/Estimates/Revisions/SPGlobal_GrupoBimbo,S.A.B.deC.V._Revisions_20-Sep-2026.xlsx",Revisions,347
2026-09-20,revisions,Company,COMPANY LEVEL,Free Cash Flow,Last Two Months,Downward,FY 2030,FY,2030,,2030-12-31,0,,,0,count of analysts,,"filings/capitaliq/Estimates/Revisions/SPGlobal_GrupoBimbo,S.A.B.deC.V._Revisions_20-Sep-2026.xlsx",Revisions,347
2026-09-20,revisions,Company,COMPANY LEVEL,Free Cash Flow,Last Two Months,Downward,FY 2031,FY,2031,,2031-12-31,0,,,0,count of analysts,,"filings/capitaliq/Estimates/Revisions/SPGlobal_GrupoBimbo,S.A.B.deC.V._Revisions_20-Sep-2026.xlsx",Revisions,347
2026-09-20,revisions,Company,COMPANY LEVEL,Free Cash Flow,Last Two Months,Downward,FY 2032,FY,2032,,2032-12-31,0,,,0,count of analysts,,"filings/capitaliq/Estimates/Revisions/SPGlobal_GrupoBimbo,S.A.B.deC.V._Revisions_20-Sep-2026.xlsx",Revisions,347
2026-09-20,revisions,Company,COMPANY LEVEL,Free Cash Flow,Last Two Months,Downward,FY 2033,FY,2033,,2033-12-31,0,,,0,count of analysts,,"filings/capitaliq/Estimates/Revisions/SPGlobal_GrupoBimbo,S.A.B.deC.V._Revisions_20-Sep-2026.xlsx",Revisions,347
2026-09-20,revisions,Company,COMPANY LEVEL,Free Cash Flow,Last Two Months,Downward,FY 2034,FY,2034,,2034-12-31,0,,,0,count of analysts,,"filings/capitaliq/Estimates/Revisions/SPGlobal_GrupoBimbo,S.A.B.deC.V._Revisions_20-Sep-2026.xlsx",Revisions,347
2026-09-20,revisions,Company,COMPANY LEVEL,Free Cash Flow,Last Two Months,Downward,FY 2035,FY,2035,,2035-12-31,0,,,0,count of analysts,,"filings/capitaliq/Estimates/Revisions/SPGlobal_GrupoBimbo,S.A.B.deC.V._Revisions_20-Sep-2026.xlsx",Revisions,347
2026-09-20,revisions,Company,COMPANY LEVEL,Free Cash Flow,Last Three Months,Number of Analysts,FY 2026,FY,2026,,2026-12-31,2,,,2,count of analysts,,"filings/capitaliq/Estimates/Revisions/SPGlobal_GrupoBimbo,S.A.B.deC.V._Revisions_20-Sep-2026.xlsx",Revisions,349
2026-09-20,revisions,Company,COMPANY LEVEL,Free Cash Flow,Last Three Months,Number of Analysts,FY 2027,FY,2027,,2027-12-31,2,,,2,count of analysts,,"filings/capitaliq/Estimates/Revisions/SPGlobal_GrupoBimbo,S.A.B.deC.V._Revisions_20-Sep-2026.xlsx",Revisions,349
2026-09-20,revisions,Company,COMPANY LEVEL,Free Cash Flow,Last Three Months,Number of Analysts,FY 2028,FY,2028,,2028-12-31,2,,,2,count of analysts,,"filings/capitaliq/Estimates/Revisions/SPGlobal_GrupoBimbo,S.A.B.deC.V._Revisions_20-Sep-2026.xlsx",Revisions,349
2026-09-20,revisions,Company,COMPANY LEVEL,Free Cash Flow,Last Three Months,Number of Analysts,FY 2029,FY,2029,,2029-12-31,1,,,1,count of analysts,,"filings/capitaliq/Estimates/Revisions/SPGlobal_GrupoBimbo,S.A.B.deC.V._Revisions_20-Sep-2026.xlsx",Revisions,349
2026-09-20,revisions,Company,COMPANY LEVEL,Free Cash Flow,Last Three Months,Number of Analysts,FY 2030,FY,2030,,2030-12-31,1,,,1,count of analysts,,"filings/capitaliq/Estimates/Revisions/SPGlobal_GrupoBimbo,S.A.B.deC.V._Revisions_20-Sep-2026.xlsx",Revisions,349
2026-09-20,revisions,Company,COMPANY LEVEL,Free Cash Flow,Last Three Months,Number of Analysts,FY 2031,FY,2031,,2031-12-31,1,,,1,count of analysts,,"filings/capitaliq/Estimates/Revisions/SPGlobal_GrupoBimbo,S.A.B.deC.V._Revisions_20-Sep-2026.xlsx",Revisions,349
2026-09-20,revisions,Company,COMPANY LEVEL,Free Cash Flow,Last Three Months,Number of Analysts,FY 2032,FY,2032,,2032-12-31,1,,,1,count of analysts,,"filings/capitaliq/Estimates/Revisions/SPGlobal_GrupoBimbo,S.A.B.deC.V._Revisions_20-Sep-2026.xlsx",Revisions,349
2026-09-20,revisions,Company,COMPANY LEVEL,Free Cash Flow,Last Three Months,Number of Analysts,FY 2033,FY,2033,,2033-12-31,1,,,1,count of analysts,,"filings/capitaliq/Estimates/Revisions/SPGlobal_GrupoBimbo,S.A.B.deC.V._Revisions_20-Sep-2026.xlsx",Revisions,349
2026-09-20,revisions,Company,COMPANY LEVEL,Free Cash Flow,Last Three Months,Number of Analysts,FY 2034,FY,2034,,2034-12-31,1,,,1,count of analysts,,"filings/capitaliq/Estimates/Revisions/SPGlobal_GrupoBimbo,S.A.B.deC.V._Revisions_20-Sep-2026.xlsx",Revisions,349
2026-09-20,revisions,Company,COMPANY LEVEL,Free Cash Flow,Last Three Months,Number of Analysts,FY 2035,FY,2035,,2035-12-31,1,,,1,count of analysts,,"filings/capitaliq/Estimates/Revisions/SPGlobal_GrupoBimbo,S.A.B.deC.V._Revisions_20-Sep-2026.xlsx",Revisions,349
2026-09-20,revisions,Company,COMPANY LEVEL,Free Cash Flow,Last Three Months,Number of Analysts still in Consensus,FY 2026,FY,2026,,2026-12-31,2,,,2,count of analysts,,"filings/capitaliq/Estimates/Revisions/SPGlobal_GrupoBimbo,S.A.B.deC.V._Revisions_20-Sep-2026.xlsx",Revisions,350
2026-09-20,revisions,Company,COMPANY LEVEL,Free Cash Flow,Last Three Months,Number of Analysts still in Consensus,FY 2027,FY,2027,,2027-12-31,2,,,2,count of analysts,,"filings/capitaliq/Estimates/Revisions/SPGlobal_GrupoBimbo,S.A.B.deC.V._Revisions_20-Sep-2026.xlsx",Revisions,350
2026-09-20,revisions,Company,COMPANY LEVEL,Free Cash Flow,Last Three Months,Number of Analysts still in Consensus,FY 2028,FY,2028,,2028-12-31,2,,,2,count of analysts,,"filings/capitaliq/Estimates/Revisions/SPGlobal_GrupoBimbo,S.A.B.deC.V._Revisions_20-Sep-2026.xlsx",Revisions,350
2026-09-20,revisions,Company,COMPANY LEVEL,Free Cash Flow,Last Three Months,Number of Analysts still in Consensus,FY 2029,FY,2029,,2029-12-31,1,,,1,count of analysts,,"filings/capitaliq/Estimates/Revisions/SPGlobal_GrupoBimbo,S.A.B.deC.V._Revisions_20-Sep-2026.xlsx",Revisions,350
2026-09-20,revisions,Company,COMPANY LEVEL,Free Cash Flow,Last Three Months,Number of Analysts still in Consensus,FY 2030,FY,2030,,2030-12-31,1,,,1,count of analysts,,"filings/capitaliq/Estimates/Revisions/SPGlobal_GrupoBimbo,S.A.B.deC.V._Revisions_20-Sep-2026.xlsx",Revisions,350
2026-09-20,revisions,Company,COMPANY LEVEL,Free Cash Flow,Last Three Months,Number of Analysts still in Consensus,FY 2031,FY,2031,,2031-12-31,1,,,1,count of analysts,,"filings/capitaliq/Estimates/Revisions/SPGlobal_GrupoBimbo,S.A.B.deC.V._Revisions_20-Sep-2026.xlsx",Revisions,350
2026-09-20,revisions,Company,COMPANY LEVEL,Free Cash Flow,Last Three Months,Number of Analysts still in Consensus,FY 2032,FY,2032,,2032-12-31,1,,,1,count of analysts,,"filings/capitaliq/Estimates/Revisions/SPGlobal_GrupoBimbo,S.A.B.deC.V._Revisions_20-Sep-2026.xlsx",Revisions,350
2026-09-20,revisions,Company,COMPANY LEVEL,Free Cash Flow,Last Three Months,Number of Analysts still in Consensus,FY 2033,FY,2033,,2033-12-31,1,,,1,count of analysts,,"filings/capitaliq/Estimates/Revisions/SPGlobal_GrupoBimbo,S.A.B.deC.V._Revisions_20-Sep-2026.xlsx",Revisions,350
2026-09-20,revisions,Company,COMPANY LEVEL,Free Cash Flow,Last Three Months,Number of Analysts still in Consensus,FY 2034,FY,2034,,2034-12-31,1,,,1,count of analysts,,"filings/capitaliq/Estimates/Revisions/SPGlobal_GrupoBimbo,S.A.B.deC.V._Revisions_20-Sep-2026.xlsx",Revisions,350
2026-09-20,revisions,Company,COMPANY LEVEL,Free Cash Flow,Last Three Months,Number of Analysts still in Consensus,FY 2035,FY,2035,,2035-12-31,1,,,1,count of analysts,,"filings/capitaliq/Estimates/Revisions/SPGlobal_GrupoBimbo,S.A.B.deC.V._Revisions_20-Sep-2026.xlsx",Revisions,350
2026-09-20,revisions,Company,COMPANY LEVEL,Free Cash Flow,Last Three Months,Upward,FY 2026,FY,2026,,2026-12-31,0,,,0,count of analysts,,"filings/capitaliq/Estimates/Revisions/SPGlobal_GrupoBimbo,S.A.B.deC.V._Revisions_20-Sep-2026.xlsx",Revisions,351
2026-09-20,revisions,Company,COMPANY LEVEL,Free Cash Flow,Last Three Months,Upward,FY 2027,FY,2027,,2027-12-31,0,,,0,count of analysts,,"filings/capitaliq/Estimates/Revisions/SPGlobal_GrupoBimbo,S.A.B.deC.V._Revisions_20-Sep-2026.xlsx",Revisions,351
2026-09-20,revisions,Company,COMPANY LEVEL,Free Cash Flow,Last Three Months,Upward,FY 2028,FY,2028,,2028-12-31,0,,,0,count of analysts,,"filings/capitaliq/Estimates/Revisions/SPGlobal_GrupoBimbo,S.A.B.deC.V._Revisions_20-Sep-2026.xlsx",Revisions,351
2026-09-20,revisions,Company,COMPANY LEVEL,Free Cash Flow,Last Three Months,Upward,FY 2029,FY,2029,,2029-12-31,0,,,0,count of analysts,,"filings/capitaliq/Estimates/Revisions/SPGlobal_GrupoBimbo,S.A.B.deC.V._Revisions_20-Sep-2026.xlsx",Revisions,351
2026-09-20,revisions,Company,COMPANY LEVEL,Free Cash Flow,Last Three Months,Upward,FY 2030,FY,2030,,2030-12-31,0,,,0,count of analysts,,"filings/capitaliq/Estimates/Revisions/SPGlobal_GrupoBimbo,S.A.B.deC.V._Revisions_20-Sep-2026.xlsx",Revisions,351
2026-09-20,revisions,Company,COMPANY LEVEL,Free Cash Flow,Last Three Months,Upward,FY 2031,FY,2031,,2031-12-31,0,,,0,count of analysts,,"filings/capitaliq/Estimates/Revisions/SPGlobal_GrupoBimbo,S.A.B.deC.V._Revisions_20-Sep-2026.xlsx",Revisions,351
2026-09-20,revisions,Company,COMPANY LEVEL,Free Cash Flow,Last Three Months,Upward,FY 2032,FY,2032,,2032-12-31,0,,,0,count of analysts,,"filings/capitaliq/Estimates/Revisions/SPGlobal_GrupoBimbo,S.A.B.deC.V._Revisions_20-Sep-2026.xlsx",Revisions,351
2026-09-20,revisions,Company,COMPANY LEVEL,Free Cash Flow,Last Three Months,Upward,FY 2033,FY,2033,,2033-12-31,0,,,0,count of analysts,,"filings/capitaliq/Estimates/Revisions/SPGlobal_GrupoBimbo,S.A.B.deC.V._Revisions_20-Sep-2026.xlsx",Revisions,351
2026-09-20,revisions,Company,COMPANY LEVEL,Free Cash Flow,Last Three Months,Upward,FY 2034,FY,2034,,2034-12-31,0,,,0,count of analysts,,"filings/capitaliq/Estimates/Revisions/SPGlobal_GrupoBimbo,S.A.B.deC.V._Revisions_20-Sep-2026.xlsx",Revisions,351
2026-09-20,revisions,Company,COMPANY LEVEL,Free Cash Flow,Last Three Months,Upward,FY 2035,FY,2035,,2035-12-31,0,,,0,count of analysts,,"filings/capitaliq/Estimates/Revisions/SPGlobal_GrupoBimbo,S.A.B.deC.V._Revisions_20-Sep-2026.xlsx",Revisions,351
2026-09-20,revisions,Company,COMPANY LEVEL,Free Cash Flow,Last Three Months,Downward,FY 2026,FY,2026,,2026-12-31,0,,,0,count of analysts,,"filings/capitaliq/Estimates/Revisions/SPGlobal_GrupoBimbo,S.A.B.deC.V._Revisions_20-Sep-2026.xlsx",Revisions,352
2026-09-20,revisions,Company,COMPANY LEVEL,Free Cash Flow,Last Three Months,Downward,FY 2027,FY,2027,,2027-12-31,0,,,0,count of analysts,,"filings/capitaliq/Estimates/Revisions/SPGlobal_GrupoBimbo,S.A.B.deC.V._Revisions_20-Sep-2026.xlsx",Revisions,352
2026-09-20,revisions,Company,COMPANY LEVEL,Free Cash Flow,Last Three Months,Downward,FY 2028,FY,2028,,2028-12-31,0,,,0,count of analysts,,"filings/capitaliq/Estimates/Revisions/SPGlobal_GrupoBimbo,S.A.B.deC.V._Revisions_20-Sep-2026.xlsx",Revisions,352
2026-09-20,revisions,Company,COMPANY LEVEL,Free Cash Flow,Last Three Months,Downward,FY 2029,FY,2029,,2029-12-31,0,,,0,count of analysts,,"filings/capitaliq/Estimates/Revisions/SPGlobal_GrupoBimbo,S.A.B.deC.V._Revisions_20-Sep-2026.xlsx",Revisions,352
2026-09-20,revisions,Company,COMPANY LEVEL,Free Cash Flow,Last Three Months,Downward,FY 2030,FY,2030,,2030-12-31,0,,,0,count of analysts,,"filings/capitaliq/Estimates/Revisions/SPGlobal_GrupoBimbo,S.A.B.deC.V._Revisions_20-Sep-2026.xlsx",Revisions,352
2026-09-20,revisions,Company,COMPANY LEVEL,Free Cash Flow,Last Three Months,Downward,FY 2031,FY,2031,,2031-12-31,0,,,0,count of analysts,,"filings/capitaliq/Estimates/Revisions/SPGlobal_GrupoBimbo,S.A.B.deC.V._Revisions_20-Sep-2026.xlsx",Revisions,352
2026-09-20,revisions,Company,COMPANY LEVEL,Free Cash Flow,Last Three Months,Downward,FY 2032,FY,2032,,2032-12-31,0,,,0,count of analysts,,"filings/capitaliq/Estimates/Revisions/SPGlobal_GrupoBimbo,S.A.B.deC.V._Revisions_20-Sep-2026.xlsx",Revisions,352
2026-09-20,revisions,Company,COMPANY LEVEL,Free Cash Flow,Last Three Months,Downward,FY 2033,FY,2033,,2033-12-31,0,,,0,count of analysts,,"filings/capitaliq/Estimates/Revisions/SPGlobal_GrupoBimbo,S.A.B.deC.V._Revisions_20-Sep-2026.xlsx",Revisions,352
2026-09-20,revisions,Company,COMPANY LEVEL,Free Cash Flow,Last Three Months,Downward,FY 2034,FY,2034,,2034-12-31,0,,,0,count of analysts,,"filings/capitaliq/Estimates/Revisions/SPGlobal_GrupoBimbo,S.A.B.deC.V._Revisions_20-Sep-2026.xlsx",Revisions,352
2026-09-20,revisions,Company,COMPANY LEVEL,Free Cash Flow,Last Three Months,Downward,FY 2035,FY,2035,,2035-12-31,0,,,0,count of analysts,,"filings/capitaliq/Estimates/Revisions/SPGlobal_GrupoBimbo,S.A.B.deC.V._Revisions_20-Sep-2026.xlsx",Revisions,352
2026-09-20,revisions,Company,COMPANY LEVEL,Capital Expenditures,Last Month,Number of Analysts,FY 2026,FY,2026,,2026-12-31,5,,,5,count of analysts,,"filings/capitaliq/Estimates/Revisions/SPGlobal_GrupoBimbo,S.A.B.deC.V._Revisions_20-Sep-2026.xlsx",Revisions,355
2026-09-20,revisions,Company,COMPANY LEVEL,Capital Expenditures,Last Month,Number of Analysts,FY 2027,FY,2027,,2027-12-31,5,,,5,count of analysts,,"filings/capitaliq/Estimates/Revisions/SPGlobal_GrupoBimbo,S.A.B.deC.V._Revisions_20-Sep-2026.xlsx",Revisions,355
2026-09-20,revisions,Company,COMPANY LEVEL,Capital Expenditures,Last Month,Number of Analysts,FY 2028,FY,2028,,2028-12-31,5,,,5,count of analysts,,"filings/capitaliq/Estimates/Revisions/SPGlobal_GrupoBimbo,S.A.B.deC.V._Revisions_20-Sep-2026.xlsx",Revisions,355
2026-09-20,revisions,Company,COMPANY LEVEL,Capital Expenditures,Last Month,Number of Analysts,FY 2029,FY,2029,,2029-12-31,1,,,1,count of analysts,,"filings/capitaliq/Estimates/Revisions/SPGlobal_GrupoBimbo,S.A.B.deC.V._Revisions_20-Sep-2026.xlsx",Revisions,355
2026-09-20,revisions,Company,COMPANY LEVEL,Capital Expenditures,Last Month,Number of Analysts,FY 2030,FY,2030,,2030-12-31,1,,,1,count of analysts,,"filings/capitaliq/Estimates/Revisions/SPGlobal_GrupoBimbo,S.A.B.deC.V._Revisions_20-Sep-2026.xlsx",Revisions,355
2026-09-20,revisions,Company,COMPANY LEVEL,Capital Expenditures,Last Month,Number of Analysts,FY 2031,FY,2031,,2031-12-31,1,,,1,count of analysts,,"filings/capitaliq/Estimates/Revisions/SPGlobal_GrupoBimbo,S.A.B.deC.V._Revisions_20-Sep-2026.xlsx",Revisions,355
2026-09-20,revisions,Company,COMPANY LEVEL,Capital Expenditures,Last Month,Number of Analysts,FY 2032,FY,2032,,2032-12-31,1,,,1,count of analysts,,"filings/capitaliq/Estimates/Revisions/SPGlobal_GrupoBimbo,S.A.B.deC.V._Revisions_20-Sep-2026.xlsx",Revisions,355
2026-09-20,revisions,Company,COMPANY LEVEL,Capital Expenditures,Last Month,Number of Analysts,FY 2033,FY,2033,,2033-12-31,1,,,1,count of analysts,,"filings/capitaliq/Estimates/Revisions/SPGlobal_GrupoBimbo,S.A.B.deC.V._Revisions_20-Sep-2026.xlsx",Revisions,355
2026-09-20,revisions,Company,COMPANY LEVEL,Capital Expenditures,Last Month,Number of Analysts,FY 2034,FY,2034,,2034-12-31,1,,,1,count of analysts,,"filings/capitaliq/Estimates/Revisions/SPGlobal_GrupoBimbo,S.A.B.deC.V._Revisions_20-Sep-2026.xlsx",Revisions,355
2026-09-20,revisions,Company,COMPANY LEVEL,Capital Expenditures,Last Month,Number of Analysts,FY 2035,FY,2035,,2035-12-31,1,,,1,count of analysts,,"filings/capitaliq/Estimates/Revisions/SPGlobal_GrupoBimbo,S.A.B.deC.V._Revisions_20-Sep-2026.xlsx",Revisions,355
2026-09-20,revisions,Company,COMPANY LEVEL,Capital Expenditures,Last Month,Number of Analysts still in Consensus,FY 2026,FY,2026,,2026-12-31,5,,,5,count of analysts,,"filings/capitaliq/Estimates/Revisions/SPGlobal_GrupoBimbo,S.A.B.deC.V._Revisions_20-Sep-2026.xlsx",Revisions,356
2026-09-20,revisions,Company,COMPANY LEVEL,Capital Expenditures,Last Month,Number of Analysts still in Consensus,FY 2027,FY,2027,,2027-12-31,5,,,5,count of analysts,,"filings/capitaliq/Estimates/Revisions/SPGlobal_GrupoBimbo,S.A.B.deC.V._Revisions_20-Sep-2026.xlsx",Revisions,356
2026-09-20,revisions,Company,COMPANY LEVEL,Capital Expenditures,Last Month,Number of Analysts still in Consensus,FY 2028,FY,2028,,2028-12-31,5,,,5,count of analysts,,"filings/capitaliq/Estimates/Revisions/SPGlobal_GrupoBimbo,S.A.B.deC.V._Revisions_20-Sep-2026.xlsx",Revisions,356
2026-09-20,revisions,Company,COMPANY LEVEL,Capital Expenditures,Last Month,Number of Analysts still in Consensus,FY 2029,FY,2029,,2029-12-31,1,,,1,count of analysts,,"filings/capitaliq/Estimates/Revisions/SPGlobal_GrupoBimbo,S.A.B.deC.V._Revisions_20-Sep-2026.xlsx",Revisions,356
2026-09-20,revisions,Company,COMPANY LEVEL,Capital Expenditures,Last Month,Number of Analysts still in Consensus,FY 2030,FY,2030,,2030-12-31,1,,,1,count of analysts,,"filings/capitaliq/Estimates/Revisions/SPGlobal_GrupoBimbo,S.A.B.deC.V._Revisions_20-Sep-2026.xlsx",Revisions,356
2026-09-20,revisions,Company,COMPANY LEVEL,Capital Expenditures,Last Month,Number of Analysts still in Consensus,FY 2031,FY,2031,,2031-12-31,1,,,1,count of analysts,,"filings/capitaliq/Estimates/Revisions/SPGlobal_GrupoBimbo,S.A.B.deC.V._Revisions_20-Sep-2026.xlsx",Revisions,356
2026-09-20,revisions,Company,COMPANY LEVEL,Capital Expenditures,Last Month,Number of Analysts still in Consensus,FY 2032,FY,2032,,2032-12-31,1,,,1,count of analysts,,"filings/capitaliq/Estimates/Revisions/SPGlobal_GrupoBimbo,S.A.B.deC.V._Revisions_20-Sep-2026.xlsx",Revisions,356
2026-09-20,revisions,Company,COMPANY LEVEL,Capital Expenditures,Last Month,Number of Analysts still in Consensus,FY 2033,FY,2033,,2033-12-31,1,,,1,count of analysts,,"filings/capitaliq/Estimates/Revisions/SPGlobal_GrupoBimbo,S.A.B.deC.V._Revisions_20-Sep-2026.xlsx",Revisions,356
2026-09-20,revisions,Company,COMPANY LEVEL,Capital Expenditures,Last Month,Number of Analysts still in Consensus,FY 2034,FY,2034,,2034-12-31,1,,,1,count of analysts,,"filings/capitaliq/Estimates/Revisions/SPGlobal_GrupoBimbo,S.A.B.deC.V._Revisions_20-Sep-2026.xlsx",Revisions,356
2026-09-20,revisions,Company,COMPANY LEVEL,Capital Expenditures,Last Month,Number of Analysts still in Consensus,FY 2035,FY,2035,,2035-12-31,1,,,1,count of analysts,,"filings/capitaliq/Estimates/Revisions/SPGlobal_GrupoBimbo,S.A.B.deC.V._Revisions_20-Sep-2026.xlsx",Revisions,356
2026-09-20,revisions,Company,COMPANY LEVEL,Capital Expenditures,Last Month,Upward,FY 2026,FY,2026,,2026-12-31,0,,,0,count of analysts,,"filings/capitaliq/Estimates/Revisions/SPGlobal_GrupoBimbo,S.A.B.deC.V._Revisions_20-Sep-2026.xlsx",Revisions,357
2026-09-20,revisions,Company,COMPANY LEVEL,Capital Expenditures,Last Month,Upward,FY 2027,FY,2027,,2027-12-31,0,,,0,count of analysts,,"filings/capitaliq/Estimates/Revisions/SPGlobal_GrupoBimbo,S.A.B.deC.V._Revisions_20-Sep-2026.xlsx",Revisions,357
2026-09-20,revisions,Company,COMPANY LEVEL,Capital Expenditures,Last Month,Upward,FY 2028,FY,2028,,2028-12-31,0,,,0,count of analysts,,"filings/capitaliq/Estimates/Revisions/SPGlobal_GrupoBimbo,S.A.B.deC.V._Revisions_20-Sep-2026.xlsx",Revisions,357
2026-09-20,revisions,Company,COMPANY LEVEL,Capital Expenditures,Last Month,Upward,FY 2029,FY,2029,,2029-12-31,0,,,0,count of analysts,,"filings/capitaliq/Estimates/Revisions/SPGlobal_GrupoBimbo,S.A.B.deC.V._Revisions_20-Sep-2026.xlsx",Revisions,357
2026-09-20,revisions,Company,COMPANY LEVEL,Capital Expenditures,Last Month,Upward,FY 2030,FY,2030,,2030-12-31,0,,,0,count of analysts,,"filings/capitaliq/Estimates/Revisions/SPGlobal_GrupoBimbo,S.A.B.deC.V._Revisions_20-Sep-2026.xlsx",Revisions,357
2026-09-20,revisions,Company,COMPANY LEVEL,Capital Expenditures,Last Month,Upward,FY 2031,FY,2031,,2031-12-31,0,,,0,count of analysts,,"filings/capitaliq/Estimates/Revisions/SPGlobal_GrupoBimbo,S.A.B.deC.V._Revisions_20-Sep-2026.xlsx",Revisions,357
2026-09-20,revisions,Company,COMPANY LEVEL,Capital Expenditures,Last Month,Upward,FY 2032,FY,2032,,2032-12-31,0,,,0,count of analysts,,"filings/capitaliq/Estimates/Revisions/SPGlobal_GrupoBimbo,S.A.B.deC.V._Revisions_20-Sep-2026.xlsx",Revisions,357
2026-09-20,revisions,Company,COMPANY LEVEL,Capital Expenditures,Last Month,Upward,FY 2033,FY,2033,,2033-12-31,0,,,0,count of analysts,,"filings/capitaliq/Estimates/Revisions/SPGlobal_GrupoBimbo,S.A.B.deC.V._Revisions_20-Sep-2026.xlsx",Revisions,357
2026-09-20,revisions,Company,COMPANY LEVEL,Capital Expenditures,Last Month,Upward,FY 2034,FY,2034,,2034-12-31,0,,,0,count of analysts,,"filings/capitaliq/Estimates/Revisions/SPGlobal_GrupoBimbo,S.A.B.deC.V._Revisions_20-Sep-2026.xlsx",Revisions,357
2026-09-20,revisions,Company,COMPANY LEVEL,Capital Expenditures,Last Month,Upward,FY 2035,FY,2035,,2035-12-31,0,,,0,count of analysts,,"filings/capitaliq/Estimates/Revisions/SPGlobal_GrupoBimbo,S.A.B.deC.V._Revisions_20-Sep-2026.xlsx",Revisions,357
2026-09-20,revisions,Company,COMPANY LEVEL,Capital Expenditures,Last Month,Downward,FY 2026,FY,2026,,2026-12-31,0,,,0,count of analysts,,"filings/capitaliq/Estimates/Revisions/SPGlobal_GrupoBimbo,S.A.B.deC.V._Revisions_20-Sep-2026.xlsx",Revisions,358
2026-09-20,revisions,Company,COMPANY LEVEL,Capital Expenditures,Last Month,Downward,FY 2027,FY,2027,,2027-12-31,0,,,0,count of analysts,,"filings/capitaliq/Estimates/Revisions/SPGlobal_GrupoBimbo,S.A.B.deC.V._Revisions_20-Sep-2026.xlsx",Revisions,358
2026-09-20,revisions,Company,COMPANY LEVEL,Capital Expenditures,Last Month,Downward,FY 2028,FY,2028,,2028-12-31,0,,,0,count of analysts,,"filings/capitaliq/Estimates/Revisions/SPGlobal_GrupoBimbo,S.A.B.deC.V._Revisions_20-Sep-2026.xlsx",Revisions,358
2026-09-20,revisions,Company,COMPANY LEVEL,Capital Expenditures,Last Month,Downward,FY 2029,FY,2029,,2029-12-31,0,,,0,count of analysts,,"filings/capitaliq/Estimates/Revisions/SPGlobal_GrupoBimbo,S.A.B.deC.V._Revisions_20-Sep-2026.xlsx",Revisions,358
2026-09-20,revisions,Company,COMPANY LEVEL,Capital Expenditures,Last Month,Downward,FY 2030,FY,2030,,2030-12-31,0,,,0,count of analysts,,"filings/capitaliq/Estimates/Revisions/SPGlobal_GrupoBimbo,S.A.B.deC.V._Revisions_20-Sep-2026.xlsx",Revisions,358
2026-09-20,revisions,Company,COMPANY LEVEL,Capital Expenditures,Last Month,Downward,FY 2031,FY,2031,,2031-12-31,0,,,0,count of analysts,,"filings/capitaliq/Estimates/Revisions/SPGlobal_GrupoBimbo,S.A.B.deC.V._Revisions_20-Sep-2026.xlsx",Revisions,358
2026-09-20,revisions,Company,COMPANY LEVEL,Capital Expenditures,Last Month,Downward,FY 2032,FY,2032,,2032-12-31,0,,,0,count of analysts,,"filings/capitaliq/Estimates/Revisions/SPGlobal_GrupoBimbo,S.A.B.deC.V._Revisions_20-Sep-2026.xlsx",Revisions,358
2026-09-20,revisions,Company,COMPANY LEVEL,Capital Expenditures,Last Month,Downward,FY 2033,FY,2033,,2033-12-31,0,,,0,count of analysts,,"filings/capitaliq/Estimates/Revisions/SPGlobal_GrupoBimbo,S.A.B.deC.V._Revisions_20-Sep-2026.xlsx",Revisions,358
2026-09-20,revisions,Company,COMPANY LEVEL,Capital Expenditures,Last Month,Downward,FY 2034,FY,2034,,2034-12-31,0,,,0,count of analysts,,"filings/capitaliq/Estimates/Revisions/SPGlobal_GrupoBimbo,S.A.B.deC.V._Revisions_20-Sep-2026.xlsx",Revisions,358
2026-09-20,revisions,Company,COMPANY LEVEL,Capital Expenditures,Last Month,Downward,FY 2035,FY,2035,,2035-12-31,0,,,0,count of analysts,,"filings/capitaliq/Estimates/Revisions/SPGlobal_GrupoBimbo,S.A.B.deC.V._Revisions_20-Sep-2026.xlsx",Revisions,358
2026-09-20,revisions,Company,COMPANY LEVEL,Capital Expenditures,Last Two Months,Number of Analysts,FY 2026,FY,2026,,2026-12-31,4,,,4,count of analysts,,"filings/capitaliq/Estimates/Revisions/SPGlobal_GrupoBimbo,S.A.B.deC.V._Revisions_20-Sep-2026.xlsx",Revisions,360
2026-09-20,revisions,Company,COMPANY LEVEL,Capital Expenditures,Last Two Months,Number of Analysts,FY 2027,FY,2027,,2027-12-31,4,,,4,count of analysts,,"filings/capitaliq/Estimates/Revisions/SPGlobal_GrupoBimbo,S.A.B.deC.V._Revisions_20-Sep-2026.xlsx",Revisions,360
2026-09-20,revisions,Company,COMPANY LEVEL,Capital Expenditures,Last Two Months,Number of Analysts,FY 2028,FY,2028,,2028-12-31,4,,,4,count of analysts,,"filings/capitaliq/Estimates/Revisions/SPGlobal_GrupoBimbo,S.A.B.deC.V._Revisions_20-Sep-2026.xlsx",Revisions,360
2026-09-20,revisions,Company,COMPANY LEVEL,Capital Expenditures,Last Two Months,Number of Analysts,FY 2029,FY,2029,,2029-12-31,1,,,1,count of analysts,,"filings/capitaliq/Estimates/Revisions/SPGlobal_GrupoBimbo,S.A.B.deC.V._Revisions_20-Sep-2026.xlsx",Revisions,360
2026-09-20,revisions,Company,COMPANY LEVEL,Capital Expenditures,Last Two Months,Number of Analysts,FY 2030,FY,2030,,2030-12-31,1,,,1,count of analysts,,"filings/capitaliq/Estimates/Revisions/SPGlobal_GrupoBimbo,S.A.B.deC.V._Revisions_20-Sep-2026.xlsx",Revisions,360
2026-09-20,revisions,Company,COMPANY LEVEL,Capital Expenditures,Last Two Months,Number of Analysts,FY 2031,FY,2031,,2031-12-31,1,,,1,count of analysts,,"filings/capitaliq/Estimates/Revisions/SPGlobal_GrupoBimbo,S.A.B.deC.V._Revisions_20-Sep-2026.xlsx",Revisions,360
2026-09-20,revisions,Company,COMPANY LEVEL,Capital Expenditures,Last Two Months,Number of Analysts,FY 2032,FY,2032,,2032-12-31,1,,,1,count of analysts,,"filings/capitaliq/Estimates/Revisions/SPGlobal_GrupoBimbo,S.A.B.deC.V._Revisions_20-Sep-2026.xlsx",Revisions,360
2026-09-20,revisions,Company,COMPANY LEVEL,Capital Expenditures,Last Two Months,Number of Analysts,FY 2033,FY,2033,,2033-12-31,1,,,1,count of analysts,,"filings/capitaliq/Estimates/Revisions/SPGlobal_GrupoBimbo,S.A.B.deC.V._Revisions_20-Sep-2026.xlsx",Revisions,360
2026-09-20,revisions,Company,COMPANY LEVEL,Capital Expenditures,Last Two Months,Number of Analysts,FY 2034,FY,2034,,2034-12-31,1,,,1,count of analysts,,"filings/capitaliq/Estimates/Revisions/SPGlobal_GrupoBimbo,S.A.B.deC.V._Revisions_20-Sep-2026.xlsx",Revisions,360
2026-09-20,revisions,Company,COMPANY LEVEL,Capital Expenditures,Last Two Months,Number of Analysts,FY 2035,FY,2035,,2035-12-31,1,,,1,count of analysts,,"filings/capitaliq/Estimates/Revisions/SPGlobal_GrupoBimbo,S.A.B.deC.V._Revisions_20-Sep-2026.xlsx",Revisions,360
2026-09-20,revisions,Company,COMPANY LEVEL,Capital Expenditures,Last Two Months,Number of Analysts still in Consensus,FY 2026,FY,2026,,2026-12-31,4,,,4,count of analysts,,"filings/capitaliq/Estimates/Revisions/SPGlobal_GrupoBimbo,S.A.B.deC.V._Revisions_20-Sep-2026.xlsx",Revisions,361
2026-09-20,revisions,Company,COMPANY LEVEL,Capital Expenditures,Last Two Months,Number of Analysts still in Consensus,FY 2027,FY,2027,,2027-12-31,4,,,4,count of analysts,,"filings/capitaliq/Estimates/Revisions/SPGlobal_GrupoBimbo,S.A.B.deC.V._Revisions_20-Sep-2026.xlsx",Revisions,361
2026-09-20,revisions,Company,COMPANY LEVEL,Capital Expenditures,Last Two Months,Number of Analysts still in Consensus,FY 2028,FY,2028,,2028-12-31,4,,,4,count of analysts,,"filings/capitaliq/Estimates/Revisions/SPGlobal_GrupoBimbo,S.A.B.deC.V._Revisions_20-Sep-2026.xlsx",Revisions,361
2026-09-20,revisions,Company,COMPANY LEVEL,Capital Expenditures,Last Two Months,Number of Analysts still in Consensus,FY 2029,FY,2029,,2029-12-31,1,,,1,count of analysts,,"filings/capitaliq/Estimates/Revisions/SPGlobal_GrupoBimbo,S.A.B.deC.V._Revisions_20-Sep-2026.xlsx",Revisions,361
2026-09-20,revisions,Company,COMPANY LEVEL,Capital Expenditures,Last Two Months,Number of Analysts still in Consensus,FY 2030,FY,2030,,2030-12-31,1,,,1,count of analysts,,"filings/capitaliq/Estimates/Revisions/SPGlobal_GrupoBimbo,S.A.B.deC.V._Revisions_20-Sep-2026.xlsx",Revisions,361
2026-09-20,revisions,Company,COMPANY LEVEL,Capital Expenditures,Last Two Months,Number of Analysts still in Consensus,FY 2031,FY,2031,,2031-12-31,1,,,1,count of analysts,,"filings/capitaliq/Estimates/Revisions/SPGlobal_GrupoBimbo,S.A.B.deC.V._Revisions_20-Sep-2026.xlsx",Revisions,361
2026-09-20,revisions,Company,COMPANY LEVEL,Capital Expenditures,Last Two Months,Number of Analysts still in Consensus,FY 2032,FY,2032,,2032-12-31,1,,,1,count of analysts,,"filings/capitaliq/Estimates/Revisions/SPGlobal_GrupoBimbo,S.A.B.deC.V._Revisions_20-Sep-2026.xlsx",Revisions,361
2026-09-20,revisions,Company,COMPANY LEVEL,Capital Expenditures,Last Two Months,Number of Analysts still in Consensus,FY 2033,FY,2033,,2033-12-31,1,,,1,count of analysts,,"filings/capitaliq/Estimates/Revisions/SPGlobal_GrupoBimbo,S.A.B.deC.V._Revisions_20-Sep-2026.xlsx",Revisions,361
2026-09-20,revisions,Company,COMPANY LEVEL,Capital Expenditures,Last Two Months,Number of Analysts still in Consensus,FY 2034,FY,2034,,2034-12-31,1,,,1,count of analysts,,"filings/capitaliq/Estimates/Revisions/SPGlobal_GrupoBimbo,S.A.B.deC.V._Revisions_20-Sep-2026.xlsx",Revisions,361
2026-09-20,revisions,Company,COMPANY LEVEL,Capital Expenditures,Last Two Months,Number of Analysts still in Consensus,FY 2035,FY,2035,,2035-12-31,1,,,1,count of analysts,,"filings/capitaliq/Estimates/Revisions/SPGlobal_GrupoBimbo,S.A.B.deC.V._Revisions_20-Sep-2026.xlsx",Revisions,361
2026-09-20,revisions,Company,COMPANY LEVEL,Capital Expenditures,Last Two Months,Upward,FY 2026,FY,2026,,2026-12-31,1,,,1,count of analysts,,"filings/capitaliq/Estimates/Revisions/SPGlobal_GrupoBimbo,S.A.B.deC.V._Revisions_20-Sep-2026.xlsx",Revisions,362
2026-09-20,revisions,Company,COMPANY LEVEL,Capital Expenditures,Last Two Months,Upward,FY 2027,FY,2027,,2027-12-31,0,,,0,count of analysts,,"filings/capitaliq/Estimates/Revisions/SPGlobal_GrupoBimbo,S.A.B.deC.V._Revisions_20-Sep-2026.xlsx",Revisions,362
2026-09-20,revisions,Company,COMPANY LEVEL,Capital Expenditures,Last Two Months,Upward,FY 2028,FY,2028,,2028-12-31,0,,,0,count of analysts,,"filings/capitaliq/Estimates/Revisions/SPGlobal_GrupoBimbo,S.A.B.deC.V._Revisions_20-Sep-2026.xlsx",Revisions,362
2026-09-20,revisions,Company,COMPANY LEVEL,Capital Expenditures,Last Two Months,Upward,FY 2029,FY,2029,,2029-12-31,0,,,0,count of analysts,,"filings/capitaliq/Estimates/Revisions/SPGlobal_GrupoBimbo,S.A.B.deC.V._Revisions_20-Sep-2026.xlsx",Revisions,362
2026-09-20,revisions,Company,COMPANY LEVEL,Capital Expenditures,Last Two Months,Upward,FY 2030,FY,2030,,2030-12-31,0,,,0,count of analysts,,"filings/capitaliq/Estimates/Revisions/SPGlobal_GrupoBimbo,S.A.B.deC.V._Revisions_20-Sep-2026.xlsx",Revisions,362
2026-09-20,revisions,Company,COMPANY LEVEL,Capital Expenditures,Last Two Months,Upward,FY 2031,FY,2031,,2031-12-31,0,,,0,count of analysts,,"filings/capitaliq/Estimates/Revisions/SPGlobal_GrupoBimbo,S.A.B.deC.V._Revisions_20-Sep-2026.xlsx",Revisions,362
2026-09-20,revisions,Company,COMPANY LEVEL,Capital Expenditures,Last Two Months,Upward,FY 2032,FY,2032,,2032-12-31,0,,,0,count of analysts,,"filings/capitaliq/Estimates/Revisions/SPGlobal_GrupoBimbo,S.A.B.deC.V._Revisions_20-Sep-2026.xlsx",Revisions,362
2026-09-20,revisions,Company,COMPANY LEVEL,Capital Expenditures,Last Two Months,Upward,FY 2033,FY,2033,,2033-12-31,0,,,0,count of analysts,,"filings/capitaliq/Estimates/Revisions/SPGlobal_GrupoBimbo,S.A.B.deC.V._Revisions_20-Sep-2026.xlsx",Revisions,362
2026-09-20,revisions,Company,COMPANY LEVEL,Capital Expenditures,Last Two Months,Upward,FY 2034,FY,2034,,2034-12-31,0,,,0,count of analysts,,"filings/capitaliq/Estimates/Revisions/SPGlobal_GrupoBimbo,S.A.B.deC.V._Revisions_20-Sep-2026.xlsx",Revisions,362
2026-09-20,revisions,Company,COMPANY LEVEL,Capital Expenditures,Last Two Months,Upward,FY 2035,FY,2035,,2035-12-31,0,,,0,count of analysts,,"filings/capitaliq/Estimates/Revisions/SPGlobal_GrupoBimbo,S.A.B.deC.V._Revisions_20-Sep-2026.xlsx",Revisions,362
2026-09-20,revisions,Company,COMPANY LEVEL,Capital Expenditures,Last Two Months,Downward,FY 2026,FY,2026,,2026-12-31,0,,,0,count of analysts,,"filings/capitaliq/Estimates/Revisions/SPGlobal_GrupoBimbo,S.A.B.deC.V._Revisions_20-Sep-2026.xlsx",Revisions,363
2026-09-20,revisions,Company,COMPANY LEVEL,Capital Expenditures,Last Two Months,Downward,FY 2027,FY,2027,,2027-12-31,1,,,1,count of analysts,,"filings/capitaliq/Estimates/Revisions/SPGlobal_GrupoBimbo,S.A.B.deC.V._Revisions_20-Sep-2026.xlsx",Revisions,363
2026-09-20,revisions,Company,COMPANY LEVEL,Capital Expenditures,Last Two Months,Downward,FY 2028,FY,2028,,2028-12-31,1,,,1,count of analysts,,"filings/capitaliq/Estimates/Revisions/SPGlobal_GrupoBimbo,S.A.B.deC.V._Revisions_20-Sep-2026.xlsx",Revisions,363
2026-09-20,revisions,Company,COMPANY LEVEL,Capital Expenditures,Last Two Months,Downward,FY 2029,FY,2029,,2029-12-31,0,,,0,count of analysts,,"filings/capitaliq/Estimates/Revisions/SPGlobal_GrupoBimbo,S.A.B.deC.V._Revisions_20-Sep-2026.xlsx",Revisions,363
2026-09-20,revisions,Company,COMPANY LEVEL,Capital Expenditures,Last Two Months,Downward,FY 2030,FY,2030,,2030-12-31,0,,,0,count of analysts,,"filings/capitaliq/Estimates/Revisions/SPGlobal_GrupoBimbo,S.A.B.deC.V._Revisions_20-Sep-2026.xlsx",Revisions,363
2026-09-20,revisions,Company,COMPANY LEVEL,Capital Expenditures,Last Two Months,Downward,FY 2031,FY,2031,,2031-12-31,0,,,0,count of analysts,,"filings/capitaliq/Estimates/Revisions/SPGlobal_GrupoBimbo,S.A.B.deC.V._Revisions_20-Sep-2026.xlsx",Revisions,363
2026-09-20,revisions,Company,COMPANY LEVEL,Capital Expenditures,Last Two Months,Downward,FY 2032,FY,2032,,2032-12-31,0,,,0,count of analysts,,"filings/capitaliq/Estimates/Revisions/SPGlobal_GrupoBimbo,S.A.B.deC.V._Revisions_20-Sep-2026.xlsx",Revisions,363
2026-09-20,revisions,Company,COMPANY LEVEL,Capital Expenditures,Last Two Months,Downward,FY 2033,FY,2033,,2033-12-31,0,,,0,count of analysts,,"filings/capitaliq/Estimates/Revisions/SPGlobal_GrupoBimbo,S.A.B.deC.V._Revisions_20-Sep-2026.xlsx",Revisions,363
2026-09-20,revisions,Company,COMPANY LEVEL,Capital Expenditures,Last Two Months,Downward,FY 2034,FY,2034,,2034-12-31,0,,,0,count of analysts,,"filings/capitaliq/Estimates/Revisions/SPGlobal_GrupoBimbo,S.A.B.deC.V._Revisions_20-Sep-2026.xlsx",Revisions,363
2026-09-20,revisions,Company,COMPANY LEVEL,Capital Expenditures,Last Two Months,Downward,FY 2035,FY,2035,,2035-12-31,0,,,0,count of analysts,,"filings/capitaliq/Estimates/Revisions/SPGlobal_GrupoBimbo,S.A.B.deC.V._Revisions_20-Sep-2026.xlsx",Revisions,363
2026-09-20,revisions,Company,COMPANY LEVEL,Capital Expenditures,Last Three Months,Number of Analysts,FY 2026,FY,2026,,2026-12-31,3,,,3,count of analysts,,"filings/capitaliq/Estimates/Revisions/SPGlobal_GrupoBimbo,S.A.B.deC.V._Revisions_20-Sep-2026.xlsx",Revisions,365
2026-09-20,revisions,Company,COMPANY LEVEL,Capital Expenditures,Last Three Months,Number of Analysts,FY 2027,FY,2027,,2027-12-31,3,,,3,count of analysts,,"filings/capitaliq/Estimates/Revisions/SPGlobal_GrupoBimbo,S.A.B.deC.V._Revisions_20-Sep-2026.xlsx",Revisions,365
2026-09-20,revisions,Company,COMPANY LEVEL,Capital Expenditures,Last Three Months,Number of Analysts,FY 2028,FY,2028,,2028-12-31,3,,,3,count of analysts,,"filings/capitaliq/Estimates/Revisions/SPGlobal_GrupoBimbo,S.A.B.deC.V._Revisions_20-Sep-2026.xlsx",Revisions,365
2026-09-20,revisions,Company,COMPANY LEVEL,Capital Expenditures,Last Three Months,Number of Analysts,FY 2029,FY,2029,,2029-12-31,1,,,1,count of analysts,,"filings/capitaliq/Estimates/Revisions/SPGlobal_GrupoBimbo,S.A.B.deC.V._Revisions_20-Sep-2026.xlsx",Revisions,365
2026-09-20,revisions,Company,COMPANY LEVEL,Capital Expenditures,Last Three Months,Number of Analysts,FY 2030,FY,2030,,2030-12-31,1,,,1,count of analysts,,"filings/capitaliq/Estimates/Revisions/SPGlobal_GrupoBimbo,S.A.B.deC.V._Revisions_20-Sep-2026.xlsx",Revisions,365
2026-09-20,revisions,Company,COMPANY LEVEL,Capital Expenditures,Last Three Months,Number of Analysts,FY 2031,FY,2031,,2031-12-31,1,,,1,count of analysts,,"filings/capitaliq/Estimates/Revisions/SPGlobal_GrupoBimbo,S.A.B.deC.V._Revisions_20-Sep-2026.xlsx",Revisions,365
2026-09-20,revisions,Company,COMPANY LEVEL,Capital Expenditures,Last Three Months,Number of Analysts,FY 2032,FY,2032,,2032-12-31,1,,,1,count of analysts,,"filings/capitaliq/Estimates/Revisions/SPGlobal_GrupoBimbo,S.A.B.deC.V._Revisions_20-Sep-2026.xlsx",Revisions,365
2026-09-20,revisions,Company,COMPANY LEVEL,Capital Expenditures,Last Three Months,Number of Analysts,FY 2033,FY,2033,,2033-12-31,1,,,1,count of analysts,,"filings/capitaliq/Estimates/Revisions/SPGlobal_GrupoBimbo,S.A.B.deC.V._Revisions_20-Sep-2026.xlsx",Revisions,365
2026-09-20,revisions,Company,COMPANY LEVEL,Capital Expenditures,Last Three Months,Number of Analysts,FY 2034,FY,2034,,2034-12-31,1,,,1,count of analysts,,"filings/capitaliq/Estimates/Revisions/SPGlobal_GrupoBimbo,S.A.B.deC.V._Revisions_20-Sep-2026.xlsx",Revisions,365
2026-09-20,revisions,Company,COMPANY LEVEL,Capital Expenditures,Last Three Months,Number of Analysts,FY 2035,FY,2035,,2035-12-31,1,,,1,count of analysts,,"filings/capitaliq/Estimates/Revisions/SPGlobal_GrupoBimbo,S.A.B.deC.V._Revisions_20-Sep-2026.xlsx",Revisions,365
2026-09-20,revisions,Company,COMPANY LEVEL,Capital Expenditures,Last Three Months,Number of Analysts still in Consensus,FY 2026,FY,2026,,2026-12-31,3,,,3,count of analysts,,"filings/capitaliq/Estimates/Revisions/SPGlobal_GrupoBimbo,S.A.B.deC.V._Revisions_20-Sep-2026.xlsx",Revisions,366
2026-09-20,revisions,Company,COMPANY LEVEL,Capital Expenditures,Last Three Months,Number of Analysts still in Consensus,FY 2027,FY,2027,,2027-12-31,3,,,3,count of analysts,,"filings/capitaliq/Estimates/Revisions/SPGlobal_GrupoBimbo,S.A.B.deC.V._Revisions_20-Sep-2026.xlsx",Revisions,366
2026-09-20,revisions,Company,COMPANY LEVEL,Capital Expenditures,Last Three Months,Number of Analysts still in Consensus,FY 2028,FY,2028,,2028-12-31,3,,,3,count of analysts,,"filings/capitaliq/Estimates/Revisions/SPGlobal_GrupoBimbo,S.A.B.deC.V._Revisions_20-Sep-2026.xlsx",Revisions,366
2026-09-20,revisions,Company,COMPANY LEVEL,Capital Expenditures,Last Three Months,Number of Analysts still in Consensus,FY 2029,FY,2029,,2029-12-31,1,,,1,count of analysts,,"filings/capitaliq/Estimates/Revisions/SPGlobal_GrupoBimbo,S.A.B.deC.V._Revisions_20-Sep-2026.xlsx",Revisions,366
2026-09-20,revisions,Company,COMPANY LEVEL,Capital Expenditures,Last Three Months,Number of Analysts still in Consensus,FY 2030,FY,2030,,2030-12-31,1,,,1,count of analysts,,"filings/capitaliq/Estimates/Revisions/SPGlobal_GrupoBimbo,S.A.B.deC.V._Revisions_20-Sep-2026.xlsx",Revisions,366
2026-09-20,revisions,Company,COMPANY LEVEL,Capital Expenditures,Last Three Months,Number of Analysts still in Consensus,FY 2031,FY,2031,,2031-12-31,1,,,1,count of analysts,,"filings/capitaliq/Estimates/Revisions/SPGlobal_GrupoBimbo,S.A.B.deC.V._Revisions_20-Sep-2026.xlsx",Revisions,366
2026-09-20,revisions,Company,COMPANY LEVEL,Capital Expenditures,Last Three Months,Number of Analysts still in Consensus,FY 2032,FY,2032,,2032-12-31,1,,,1,count of analysts,,"filings/capitaliq/Estimates/Revisions/SPGlobal_GrupoBimbo,S.A.B.deC.V._Revisions_20-Sep-2026.xlsx",Revisions,366
2026-09-20,revisions,Company,COMPANY LEVEL,Capital Expenditures,Last Three Months,Number of Analysts still in Consensus,FY 2033,FY,2033,,2033-12-31,1,,,1,count of analysts,,"filings/capitaliq/Estimates/Revisions/SPGlobal_GrupoBimbo,S.A.B.deC.V._Revisions_20-Sep-2026.xlsx",Revisions,366
2026-09-20,revisions,Company,COMPANY LEVEL,Capital Expenditures,Last Three Months,Number of Analysts still in Consensus,FY 2034,FY,2034,,2034-12-31,1,,,1,count of analysts,,"filings/capitaliq/Estimates/Revisions/SPGlobal_GrupoBimbo,S.A.B.deC.V._Revisions_20-Sep-2026.xlsx",Revisions,366
2026-09-20,revisions,Company,COMPANY LEVEL,Capital Expenditures,Last Three Months,Number of Analysts still in Consensus,FY 2035,FY,2035,,2035-12-31,1,,,1,count of analysts,,"filings/capitaliq/Estimates/Revisions/SPGlobal_GrupoBimbo,S.A.B.deC.V._Revisions_20-Sep-2026.xlsx",Revisions,366
2026-09-20,revisions,Company,COMPANY LEVEL,Capital Expenditures,Last Three Months,Upward,FY 2026,FY,2026,,2026-12-31,0,,,0,count of analysts,,"filings/capitaliq/Estimates/Revisions/SPGlobal_GrupoBimbo,S.A.B.deC.V._Revisions_20-Sep-2026.xlsx",Revisions,367
2026-09-20,revisions,Company,COMPANY LEVEL,Capital Expenditures,Last Three Months,Upward,FY 2027,FY,2027,,2027-12-31,0,,,0,count of analysts,,"filings/capitaliq/Estimates/Revisions/SPGlobal_GrupoBimbo,S.A.B.deC.V._Revisions_20-Sep-2026.xlsx",Revisions,367
2026-09-20,revisions,Company,COMPANY LEVEL,Capital Expenditures,Last Three Months,Upward,FY 2028,FY,2028,,2028-12-31,0,,,0,count of analysts,,"filings/capitaliq/Estimates/Revisions/SPGlobal_GrupoBimbo,S.A.B.deC.V._Revisions_20-Sep-2026.xlsx",Revisions,367
2026-09-20,revisions,Company,COMPANY LEVEL,Capital Expenditures,Last Three Months,Upward,FY 2029,FY,2029,,2029-12-31,0,,,0,count of analysts,,"filings/capitaliq/Estimates/Revisions/SPGlobal_GrupoBimbo,S.A.B.deC.V._Revisions_20-Sep-2026.xlsx",Revisions,367
2026-09-20,revisions,Company,COMPANY LEVEL,Capital Expenditures,Last Three Months,Upward,FY 2030,FY,2030,,2030-12-31,0,,,0,count of analysts,,"filings/capitaliq/Estimates/Revisions/SPGlobal_GrupoBimbo,S.A.B.deC.V._Revisions_20-Sep-2026.xlsx",Revisions,367
2026-09-20,revisions,Company,COMPANY LEVEL,Capital Expenditures,Last Three Months,Upward,FY 2031,FY,2031,,2031-12-31,0,,,0,count of analysts,,"filings/capitaliq/Estimates/Revisions/SPGlobal_GrupoBimbo,S.A.B.deC.V._Revisions_20-Sep-2026.xlsx",Revisions,367
2026-09-20,revisions,Company,COMPANY LEVEL,Capital Expenditures,Last Three Months,Upward,FY 2032,FY,2032,,2032-12-31,0,,,0,count of analysts,,"filings/capitaliq/Estimates/Revisions/SPGlobal_GrupoBimbo,S.A.B.deC.V._Revisions_20-Sep-2026.xlsx",Revisions,367
2026-09-20,revisions,Company,COMPANY LEVEL,Capital Expenditures,Last Three Months,Upward,FY 2033,FY,2033,,2033-12-31,0,,,0,count of analysts,,"filings/capitaliq/Estimates/Revisions/SPGlobal_GrupoBimbo,S.A.B.deC.V._Revisions_20-Sep-2026.xlsx",Revisions,367
2026-09-20,revisions,Company,COMPANY LEVEL,Capital Expenditures,Last Three Months,Upward,FY 2034,FY,2034,,2034-12-31,0,,,0,count of analysts,,"filings/capitaliq/Estimates/Revisions/SPGlobal_GrupoBimbo,S.A.B.deC.V._Revisions_20-Sep-2026.xlsx",Revisions,367
2026-09-20,revisions,Company,COMPANY LEVEL,Capital Expenditures,Last Three Months,Upward,FY 2035,FY,2035,,2035-12-31,0,,,0,count of analysts,,"filings/capitaliq/Estimates/Revisions/SPGlobal_GrupoBimbo,S.A.B.deC.V._Revisions_20-Sep-2026.xlsx",Revisions,367
2026-09-20,revisions,Company,COMPANY LEVEL,Capital Expenditures,Last Three Months,Downward,FY 2026,FY,2026,,2026-12-31,0,,,0,count of analysts,,"filings/capitaliq/Estimates/Revisions/SPGlobal_GrupoBimbo,S.A.B.deC.V._Revisions_20-Sep-2026.xlsx",Revisions,368
2026-09-20,revisions,Company,COMPANY LEVEL,Capital Expenditures,Last Three Months,Downward,FY 2027,FY,2027,,2027-12-31,0,,,0,count of analysts,,"filings/capitaliq/Estimates/Revisions/SPGlobal_GrupoBimbo,S.A.B.deC.V._Revisions_20-Sep-2026.xlsx",Revisions,368
2026-09-20,revisions,Company,COMPANY LEVEL,Capital Expenditures,Last Three Months,Downward,FY 2028,FY,2028,,2028-12-31,0,,,0,count of analysts,,"filings/capitaliq/Estimates/Revisions/SPGlobal_GrupoBimbo,S.A.B.deC.V._Revisions_20-Sep-2026.xlsx",Revisions,368
2026-09-20,revisions,Company,COMPANY LEVEL,Capital Expenditures,Last Three Months,Downward,FY 2029,FY,2029,,2029-12-31,0,,,0,count of analysts,,"filings/capitaliq/Estimates/Revisions/SPGlobal_GrupoBimbo,S.A.B.deC.V._Revisions_20-Sep-2026.xlsx",Revisions,368
2026-09-20,revisions,Company,COMPANY LEVEL,Capital Expenditures,Last Three Months,Downward,FY 2030,FY,2030,,2030-12-31,0,,,0,count of analysts,,"filings/capitaliq/Estimates/Revisions/SPGlobal_GrupoBimbo,S.A.B.deC.V._Revisions_20-Sep-2026.xlsx",Revisions,368
2026-09-20,revisions,Company,COMPANY LEVEL,Capital Expenditures,Last Three Months,Downward,FY 2031,FY,2031,,2031-12-31,0,,,0,count of analysts,,"filings/capitaliq/Estimates/Revisions/SPGlobal_GrupoBimbo,S.A.B.deC.V._Revisions_20-Sep-2026.xlsx",Revisions,368
2026-09-20,revisions,Company,COMPANY LEVEL,Capital Expenditures,Last Three Months,Downward,FY 2032,FY,2032,,2032-12-31,0,,,0,count of analysts,,"filings/capitaliq/Estimates/Revisions/SPGlobal_GrupoBimbo,S.A.B.deC.V._Revisions_20-Sep-2026.xlsx",Revisions,368
2026-09-20,revisions,Company,COMPANY LEVEL,Capital Expenditures,Last Three Months,Downward,FY 2033,FY,2033,,2033-12-31,0,,,0,count of analysts,,"filings/capitaliq/Estimates/Revisions/SPGlobal_GrupoBimbo,S.A.B.deC.V._Revisions_20-Sep-2026.xlsx",Revisions,368
2026-09-20,revisions,Company,COMPANY LEVEL,Capital Expenditures,Last Three Months,Downward,FY 2034,FY,2034,,2034-12-31,0,,,0,count of analysts,,"filings/capitaliq/Estimates/Revisions/SPGlobal_GrupoBimbo,S.A.B.deC.V._Revisions_20-Sep-2026.xlsx",Revisions,368
2026-09-20,revisions,Company,COMPANY LEVEL,Capital Expenditures,Last Three Months,Downward,FY 2035,FY,2035,,2035-12-31,0,,,0,count of analysts,,"filings/capitaliq/Estimates/Revisions/SPGlobal_GrupoBimbo,S.A.B.deC.V._Revisions_20-Sep-2026.xlsx",Revisions,368
2026-09-20,revisions,Company,COMPANY LEVEL,Maintenance Capital Expenditure,Last Month,Number of Analysts,FY 2026,FY,2026,,2026-12-31,1,,,1,count of analysts,,"filings/capitaliq/Estimates/Revisions/SPGlobal_GrupoBimbo,S.A.B.deC.V._Revisions_20-Sep-2026.xlsx",Revisions,371
2026-09-20,revisions,Company,COMPANY LEVEL,Maintenance Capital Expenditure,Last Month,Number of Analysts,FY 2027,FY,2027,,2027-12-31,1,,,1,count of analysts,,"filings/capitaliq/Estimates/Revisions/SPGlobal_GrupoBimbo,S.A.B.deC.V._Revisions_20-Sep-2026.xlsx",Revisions,371
2026-09-20,revisions,Company,COMPANY LEVEL,Maintenance Capital Expenditure,Last Month,Number of Analysts,FY 2028,FY,2028,,2028-12-31,1,,,1,count of analysts,,"filings/capitaliq/Estimates/Revisions/SPGlobal_GrupoBimbo,S.A.B.deC.V._Revisions_20-Sep-2026.xlsx",Revisions,371
2026-09-20,revisions,Company,COMPANY LEVEL,Maintenance Capital Expenditure,Last Month,Number of Analysts still in Consensus,FY 2026,FY,2026,,2026-12-31,1,,,1,count of analysts,,"filings/capitaliq/Estimates/Revisions/SPGlobal_GrupoBimbo,S.A.B.deC.V._Revisions_20-Sep-2026.xlsx",Revisions,372
2026-09-20,revisions,Company,COMPANY LEVEL,Maintenance Capital Expenditure,Last Month,Number of Analysts still in Consensus,FY 2027,FY,2027,,2027-12-31,1,,,1,count of analysts,,"filings/capitaliq/Estimates/Revisions/SPGlobal_GrupoBimbo,S.A.B.deC.V._Revisions_20-Sep-2026.xlsx",Revisions,372
2026-09-20,revisions,Company,COMPANY LEVEL,Maintenance Capital Expenditure,Last Month,Number of Analysts still in Consensus,FY 2028,FY,2028,,2028-12-31,1,,,1,count of analysts,,"filings/capitaliq/Estimates/Revisions/SPGlobal_GrupoBimbo,S.A.B.deC.V._Revisions_20-Sep-2026.xlsx",Revisions,372
2026-09-20,revisions,Company,COMPANY LEVEL,Maintenance Capital Expenditure,Last Month,Upward,FY 2026,FY,2026,,2026-12-31,0,,,0,count of analysts,,"filings/capitaliq/Estimates/Revisions/SPGlobal_GrupoBimbo,S.A.B.deC.V._Revisions_20-Sep-2026.xlsx",Revisions,373
2026-09-20,revisions,Company,COMPANY LEVEL,Maintenance Capital Expenditure,Last Month,Upward,FY 2027,FY,2027,,2027-12-31,0,,,0,count of analysts,,"filings/capitaliq/Estimates/Revisions/SPGlobal_GrupoBimbo,S.A.B.deC.V._Revisions_20-Sep-2026.xlsx",Revisions,373
2026-09-20,revisions,Company,COMPANY LEVEL,Maintenance Capital Expenditure,Last Month,Upward,FY 2028,FY,2028,,2028-12-31,0,,,0,count of analysts,,"filings/capitaliq/Estimates/Revisions/SPGlobal_GrupoBimbo,S.A.B.deC.V._Revisions_20-Sep-2026.xlsx",Revisions,373
2026-09-20,revisions,Company,COMPANY LEVEL,Maintenance Capital Expenditure,Last Month,Downward,FY 2026,FY,2026,,2026-12-31,0,,,0,count of analysts,,"filings/capitaliq/Estimates/Revisions/SPGlobal_GrupoBimbo,S.A.B.deC.V._Revisions_20-Sep-2026.xlsx",Revisions,374
2026-09-20,revisions,Company,COMPANY LEVEL,Maintenance Capital Expenditure,Last Month,Downward,FY 2027,FY,2027,,2027-12-31,0,,,0,count of analysts,,"filings/capitaliq/Estimates/Revisions/SPGlobal_GrupoBimbo,S.A.B.deC.V._Revisions_20-Sep-2026.xlsx",Revisions,374
2026-09-20,revisions,Company,COMPANY LEVEL,Maintenance Capital Expenditure,Last Month,Downward,FY 2028,FY,2028,,2028-12-31,0,,,0,count of analysts,,"filings/capitaliq/Estimates/Revisions/SPGlobal_GrupoBimbo,S.A.B.deC.V._Revisions_20-Sep-2026.xlsx",Revisions,374
2026-09-20,revisions,Company,COMPANY LEVEL,Maintenance Capital Expenditure,Last Two Months,Number of Analysts,FY 2026,FY,2026,,2026-12-31,1,,,1,count of analysts,,"filings/capitaliq/Estimates/Revisions/SPGlobal_GrupoBimbo,S.A.B.deC.V._Revisions_20-Sep-2026.xlsx",Revisions,376
2026-09-20,revisions,Company,COMPANY LEVEL,Maintenance Capital Expenditure,Last Two Months,Number of Analysts,FY 2027,FY,2027,,2027-12-31,1,,,1,count of analysts,,"filings/capitaliq/Estimates/Revisions/SPGlobal_GrupoBimbo,S.A.B.deC.V._Revisions_20-Sep-2026.xlsx",Revisions,376
2026-09-20,revisions,Company,COMPANY LEVEL,Maintenance Capital Expenditure,Last Two Months,Number of Analysts,FY 2028,FY,2028,,2028-12-31,1,,,1,count of analysts,,"filings/capitaliq/Estimates/Revisions/SPGlobal_GrupoBimbo,S.A.B.deC.V._Revisions_20-Sep-2026.xlsx",Revisions,376
2026-09-20,revisions,Company,COMPANY LEVEL,Maintenance Capital Expenditure,Last Two Months,Number of Analysts still in Consensus,FY 2026,FY,2026,,2026-12-31,1,,,1,count of analysts,,"filings/capitaliq/Estimates/Revisions/SPGlobal_GrupoBimbo,S.A.B.deC.V._Revisions_20-Sep-2026.xlsx",Revisions,377
2026-09-20,revisions,Company,COMPANY LEVEL,Maintenance Capital Expenditure,Last Two Months,Number of Analysts still in Consensus,FY 2027,FY,2027,,2027-12-31,1,,,1,count of analysts,,"filings/capitaliq/Estimates/Revisions/SPGlobal_GrupoBimbo,S.A.B.deC.V._Revisions_20-Sep-2026.xlsx",Revisions,377
2026-09-20,revisions,Company,COMPANY LEVEL,Maintenance Capital Expenditure,Last Two Months,Number of Analysts still in Consensus,FY 2028,FY,2028,,2028-12-31,1,,,1,count of analysts,,"filings/capitaliq/Estimates/Revisions/SPGlobal_GrupoBimbo,S.A.B.deC.V._Revisions_20-Sep-2026.xlsx",Revisions,377
2026-09-20,revisions,Company,COMPANY LEVEL,Maintenance Capital Expenditure,Last Two Months,Upward,FY 2026,FY,2026,,2026-12-31,0,,,0,count of analysts,,"filings/capitaliq/Estimates/Revisions/SPGlobal_GrupoBimbo,S.A.B.deC.V._Revisions_20-Sep-2026.xlsx",Revisions,378
2026-09-20,revisions,Company,COMPANY LEVEL,Maintenance Capital Expenditure,Last Two Months,Upward,FY 2027,FY,2027,,2027-12-31,0,,,0,count of analysts,,"filings/capitaliq/Estimates/Revisions/SPGlobal_GrupoBimbo,S.A.B.deC.V._Revisions_20-Sep-2026.xlsx",Revisions,378
2026-09-20,revisions,Company,COMPANY LEVEL,Maintenance Capital Expenditure,Last Two Months,Upward,FY 2028,FY,2028,,2028-12-31,0,,,0,count of analysts,,"filings/capitaliq/Estimates/Revisions/SPGlobal_GrupoBimbo,S.A.B.deC.V._Revisions_20-Sep-2026.xlsx",Revisions,378
2026-09-20,revisions,Company,COMPANY LEVEL,Maintenance Capital Expenditure,Last Two Months,Downward,FY 2026,FY,2026,,2026-12-31,0,,,0,count of analysts,,"filings/capitaliq/Estimates/Revisions/SPGlobal_GrupoBimbo,S.A.B.deC.V._Revisions_20-Sep-2026.xlsx",Revisions,379
2026-09-20,revisions,Company,COMPANY LEVEL,Maintenance Capital Expenditure,Last Two Months,Downward,FY 2027,FY,2027,,2027-12-31,0,,,0,count of analysts,,"filings/capitaliq/Estimates/Revisions/SPGlobal_GrupoBimbo,S.A.B.deC.V._Revisions_20-Sep-2026.xlsx",Revisions,379
2026-09-20,revisions,Company,COMPANY LEVEL,Maintenance Capital Expenditure,Last Two Months,Downward,FY 2028,FY,2028,,2028-12-31,0,,,0,count of analysts,,"filings/capitaliq/Estimates/Revisions/SPGlobal_GrupoBimbo,S.A.B.deC.V._Revisions_20-Sep-2026.xlsx",Revisions,379
2026-09-20,revisions,Company,COMPANY LEVEL,Maintenance Capital Expenditure,Last Three Months,Number of Analysts,FY 2026,FY,2026,,2026-12-31,1,,,1,count of analysts,,"filings/capitaliq/Estimates/Revisions/SPGlobal_GrupoBimbo,S.A.B.deC.V._Revisions_20-Sep-2026.xlsx",Revisions,381
2026-09-20,revisions,Company,COMPANY LEVEL,Maintenance Capital Expenditure,Last Three Months,Number of Analysts,FY 2027,FY,2027,,2027-12-31,1,,,1,count of analysts,,"filings/capitaliq/Estimates/Revisions/SPGlobal_GrupoBimbo,S.A.B.deC.V._Revisions_20-Sep-2026.xlsx",Revisions,381
2026-09-20,revisions,Company,COMPANY LEVEL,Maintenance Capital Expenditure,Last Three Months,Number of Analysts,FY 2028,FY,2028,,2028-12-31,1,,,1,count of analysts,,"filings/capitaliq/Estimates/Revisions/SPGlobal_GrupoBimbo,S.A.B.deC.V._Revisions_20-Sep-2026.xlsx",Revisions,381
2026-09-20,revisions,Company,COMPANY LEVEL,Maintenance Capital Expenditure,Last Three Months,Number of Analysts still in Consensus,FY 2026,FY,2026,,2026-12-31,1,,,1,count of analysts,,"filings/capitaliq/Estimates/Revisions/SPGlobal_GrupoBimbo,S.A.B.deC.V._Revisions_20-Sep-2026.xlsx",Revisions,382
2026-09-20,revisions,Company,COMPANY LEVEL,Maintenance Capital Expenditure,Last Three Months,Number of Analysts still in Consensus,FY 2027,FY,2027,,2027-12-31,1,,,1,count of analysts,,"filings/capitaliq/Estimates/Revisions/SPGlobal_GrupoBimbo,S.A.B.deC.V._Revisions_20-Sep-2026.xlsx",Revisions,382
2026-09-20,revisions,Company,COMPANY LEVEL,Maintenance Capital Expenditure,Last Three Months,Number of Analysts still in Consensus,FY 2028,FY,2028,,2028-12-31,1,,,1,count of analysts,,"filings/capitaliq/Estimates/Revisions/SPGlobal_GrupoBimbo,S.A.B.deC.V._Revisions_20-Sep-2026.xlsx",Revisions,382
2026-09-20,revisions,Company,COMPANY LEVEL,Maintenance Capital Expenditure,Last Three Months,Upward,FY 2026,FY,2026,,2026-12-31,0,,,0,count of analysts,,"filings/capitaliq/Estimates/Revisions/SPGlobal_GrupoBimbo,S.A.B.deC.V._Revisions_20-Sep-2026.xlsx",Revisions,383
2026-09-20,revisions,Company,COMPANY LEVEL,Maintenance Capital Expenditure,Last Three Months,Upward,FY 2027,FY,2027,,2027-12-31,0,,,0,count of analysts,,"filings/capitaliq/Estimates/Revisions/SPGlobal_GrupoBimbo,S.A.B.deC.V._Revisions_20-Sep-2026.xlsx",Revisions,383
2026-09-20,revisions,Company,COMPANY LEVEL,Maintenance Capital Expenditure,Last Three Months,Upward,FY 2028,FY,2028,,2028-12-31,0,,,0,count of analysts,,"filings/capitaliq/Estimates/Revisions/SPGlobal_GrupoBimbo,S.A.B.deC.V._Revisions_20-Sep-2026.xlsx",Revisions,383
2026-09-20,revisions,Company,COMPANY LEVEL,Maintenance Capital Expenditure,Last Three Months,Downward,FY 2026,FY,2026,,2026-12-31,0,,,0,count of analysts,,"filings/capitaliq/Estimates/Revisions/SPGlobal_GrupoBimbo,S.A.B.deC.V._Revisions_20-Sep-2026.xlsx",Revisions,384
2026-09-20,revisions,Company,COMPANY LEVEL,Maintenance Capital Expenditure,Last Three Months,Downward,FY 2027,FY,2027,,2027-12-31,0,,,0,count of analysts,,"filings/capitaliq/Estimates/Revisions/SPGlobal_GrupoBimbo,S.A.B.deC.V._Revisions_20-Sep-2026.xlsx",Revisions,384
2026-09-20,revisions,Company,COMPANY LEVEL,Maintenance Capital Expenditure,Last Three Months,Downward,FY 2028,FY,2028,,2028-12-31,0,,,0,count of analysts,,"filings/capitaliq/Estimates/Revisions/SPGlobal_GrupoBimbo,S.A.B.deC.V._Revisions_20-Sep-2026.xlsx",Revisions,384
2026-09-20,revisions,Company,COMPANY LEVEL,Gross Margin (%),Last Month,Number of Analysts,FY 2026,FY,2026,,2026-12-31,3,,,3,count of analysts,,"filings/capitaliq/Estimates/Revisions/SPGlobal_GrupoBimbo,S.A.B.deC.V._Revisions_20-Sep-2026.xlsx",Revisions,387
2026-09-20,revisions,Company,COMPANY LEVEL,Gross Margin (%),Last Month,Number of Analysts,FY 2027,FY,2027,,2027-12-31,2,,,2,count of analysts,,"filings/capitaliq/Estimates/Revisions/SPGlobal_GrupoBimbo,S.A.B.deC.V._Revisions_20-Sep-2026.xlsx",Revisions,387
2026-09-20,revisions,Company,COMPANY LEVEL,Gross Margin (%),Last Month,Number of Analysts,FY 2028,FY,2028,,2028-12-31,2,,,2,count of analysts,,"filings/capitaliq/Estimates/Revisions/SPGlobal_GrupoBimbo,S.A.B.deC.V._Revisions_20-Sep-2026.xlsx",Revisions,387
2026-09-20,revisions,Company,COMPANY LEVEL,Gross Margin (%),Last Month,Number of Analysts,FY 2029,FY,2029,,2029-12-31,2,,,2,count of analysts,,"filings/capitaliq/Estimates/Revisions/SPGlobal_GrupoBimbo,S.A.B.deC.V._Revisions_20-Sep-2026.xlsx",Revisions,387
2026-09-20,revisions,Company,COMPANY LEVEL,Gross Margin (%),Last Month,Number of Analysts,FY 2030,FY,2030,,2030-12-31,2,,,2,count of analysts,,"filings/capitaliq/Estimates/Revisions/SPGlobal_GrupoBimbo,S.A.B.deC.V._Revisions_20-Sep-2026.xlsx",Revisions,387
2026-09-20,revisions,Company,COMPANY LEVEL,Gross Margin (%),Last Month,Number of Analysts,FY 2031,FY,2031,,2031-12-31,1,,,1,count of analysts,,"filings/capitaliq/Estimates/Revisions/SPGlobal_GrupoBimbo,S.A.B.deC.V._Revisions_20-Sep-2026.xlsx",Revisions,387
2026-09-20,revisions,Company,COMPANY LEVEL,Gross Margin (%),Last Month,Number of Analysts still in Consensus,FY 2026,FY,2026,,2026-12-31,3,,,3,count of analysts,,"filings/capitaliq/Estimates/Revisions/SPGlobal_GrupoBimbo,S.A.B.deC.V._Revisions_20-Sep-2026.xlsx",Revisions,388
2026-09-20,revisions,Company,COMPANY LEVEL,Gross Margin (%),Last Month,Number of Analysts still in Consensus,FY 2027,FY,2027,,2027-12-31,2,,,2,count of analysts,,"filings/capitaliq/Estimates/Revisions/SPGlobal_GrupoBimbo,S.A.B.deC.V._Revisions_20-Sep-2026.xlsx",Revisions,388
2026-09-20,revisions,Company,COMPANY LEVEL,Gross Margin (%),Last Month,Number of Analysts still in Consensus,FY 2028,FY,2028,,2028-12-31,2,,,2,count of analysts,,"filings/capitaliq/Estimates/Revisions/SPGlobal_GrupoBimbo,S.A.B.deC.V._Revisions_20-Sep-2026.xlsx",Revisions,388
2026-09-20,revisions,Company,COMPANY LEVEL,Gross Margin (%),Last Month,Number of Analysts still in Consensus,FY 2029,FY,2029,,2029-12-31,2,,,2,count of analysts,,"filings/capitaliq/Estimates/Revisions/SPGlobal_GrupoBimbo,S.A.B.deC.V._Revisions_20-Sep-2026.xlsx",Revisions,388
2026-09-20,revisions,Company,COMPANY LEVEL,Gross Margin (%),Last Month,Number of Analysts still in Consensus,FY 2030,FY,2030,,2030-12-31,2,,,2,count of analysts,,"filings/capitaliq/Estimates/Revisions/SPGlobal_GrupoBimbo,S.A.B.deC.V._Revisions_20-Sep-2026.xlsx",Revisions,388
2026-09-20,revisions,Company,COMPANY LEVEL,Gross Margin (%),Last Month,Number of Analysts still in Consensus,FY 2031,FY,2031,,2031-12-31,1,,,1,count of analysts,,"filings/capitaliq/Estimates/Revisions/SPGlobal_GrupoBimbo,S.A.B.deC.V._Revisions_20-Sep-2026.xlsx",Revisions,388
2026-09-20,revisions,Company,COMPANY LEVEL,Gross Margin (%),Last Month,Upward,FY 2026,FY,2026,,2026-12-31,0,,,0,count of analysts,,"filings/capitaliq/Estimates/Revisions/SPGlobal_GrupoBimbo,S.A.B.deC.V._Revisions_20-Sep-2026.xlsx",Revisions,389
2026-09-20,revisions,Company,COMPANY LEVEL,Gross Margin (%),Last Month,Upward,FY 2027,FY,2027,,2027-12-31,0,,,0,count of analysts,,"filings/capitaliq/Estimates/Revisions/SPGlobal_GrupoBimbo,S.A.B.deC.V._Revisions_20-Sep-2026.xlsx",Revisions,389
2026-09-20,revisions,Company,COMPANY LEVEL,Gross Margin (%),Last Month,Upward,FY 2028,FY,2028,,2028-12-31,0,,,0,count of analysts,,"filings/capitaliq/Estimates/Revisions/SPGlobal_GrupoBimbo,S.A.B.deC.V._Revisions_20-Sep-2026.xlsx",Revisions,389
2026-09-20,revisions,Company,COMPANY LEVEL,Gross Margin (%),Last Month,Upward,FY 2029,FY,2029,,2029-12-31,0,,,0,count of analysts,,"filings/capitaliq/Estimates/Revisions/SPGlobal_GrupoBimbo,S.A.B.deC.V._Revisions_20-Sep-2026.xlsx",Revisions,389
2026-09-20,revisions,Company,COMPANY LEVEL,Gross Margin (%),Last Month,Upward,FY 2030,FY,2030,,2030-12-31,0,,,0,count of analysts,,"filings/capitaliq/Estimates/Revisions/SPGlobal_GrupoBimbo,S.A.B.deC.V._Revisions_20-Sep-2026.xlsx",Revisions,389
2026-09-20,revisions,Company,COMPANY LEVEL,Gross Margin (%),Last Month,Upward,FY 2031,FY,2031,,2031-12-31,0,,,0,count of analysts,,"filings/capitaliq/Estimates/Revisions/SPGlobal_GrupoBimbo,S.A.B.deC.V._Revisions_20-Sep-2026.xlsx",Revisions,389
2026-09-20,revisions,Company,COMPANY LEVEL,Gross Margin (%),Last Month,Downward,FY 2026,FY,2026,,2026-12-31,0,,,0,count of analysts,,"filings/capitaliq/Estimates/Revisions/SPGlobal_GrupoBimbo,S.A.B.deC.V._Revisions_20-Sep-2026.xlsx",Revisions,390
2026-09-20,revisions,Company,COMPANY LEVEL,Gross Margin (%),Last Month,Downward,FY 2027,FY,2027,,2027-12-31,0,,,0,count of analysts,,"filings/capitaliq/Estimates/Revisions/SPGlobal_GrupoBimbo,S.A.B.deC.V._Revisions_20-Sep-2026.xlsx",Revisions,390
2026-09-20,revisions,Company,COMPANY LEVEL,Gross Margin (%),Last Month,Downward,FY 2028,FY,2028,,2028-12-31,0,,,0,count of analysts,,"filings/capitaliq/Estimates/Revisions/SPGlobal_GrupoBimbo,S.A.B.deC.V._Revisions_20-Sep-2026.xlsx",Revisions,390
2026-09-20,revisions,Company,COMPANY LEVEL,Gross Margin (%),Last Month,Downward,FY 2029,FY,2029,,2029-12-31,0,,,0,count of analysts,,"filings/capitaliq/Estimates/Revisions/SPGlobal_GrupoBimbo,S.A.B.deC.V._Revisions_20-Sep-2026.xlsx",Revisions,390
2026-09-20,revisions,Company,COMPANY LEVEL,Gross Margin (%),Last Month,Downward,FY 2030,FY,2030,,2030-12-31,0,,,0,count of analysts,,"filings/capitaliq/Estimates/Revisions/SPGlobal_GrupoBimbo,S.A.B.deC.V._Revisions_20-Sep-2026.xlsx",Revisions,390
2026-09-20,revisions,Company,COMPANY LEVEL,Gross Margin (%),Last Month,Downward,FY 2031,FY,2031,,2031-12-31,0,,,0,count of analysts,,"filings/capitaliq/Estimates/Revisions/SPGlobal_GrupoBimbo,S.A.B.deC.V._Revisions_20-Sep-2026.xlsx",Revisions,390
2026-09-20,revisions,Company,COMPANY LEVEL,Gross Margin (%),Last Two Months,Number of Analysts,FY 2026,FY,2026,,2026-12-31,3,,,3,count of analysts,,"filings/capitaliq/Estimates/Revisions/SPGlobal_GrupoBimbo,S.A.B.deC.V._Revisions_20-Sep-2026.xlsx",Revisions,392
2026-09-20,revisions,Company,COMPANY LEVEL,Gross Margin (%),Last Two Months,Number of Analysts,FY 2027,FY,2027,,2027-12-31,2,,,2,count of analysts,,"filings/capitaliq/Estimates/Revisions/SPGlobal_GrupoBimbo,S.A.B.deC.V._Revisions_20-Sep-2026.xlsx",Revisions,392
2026-09-20,revisions,Company,COMPANY LEVEL,Gross Margin (%),Last Two Months,Number of Analysts,FY 2028,FY,2028,,2028-12-31,2,,,2,count of analysts,,"filings/capitaliq/Estimates/Revisions/SPGlobal_GrupoBimbo,S.A.B.deC.V._Revisions_20-Sep-2026.xlsx",Revisions,392
2026-09-20,revisions,Company,COMPANY LEVEL,Gross Margin (%),Last Two Months,Number of Analysts,FY 2029,FY,2029,,2029-12-31,1,,,1,count of analysts,,"filings/capitaliq/Estimates/Revisions/SPGlobal_GrupoBimbo,S.A.B.deC.V._Revisions_20-Sep-2026.xlsx",Revisions,392
2026-09-20,revisions,Company,COMPANY LEVEL,Gross Margin (%),Last Two Months,Number of Analysts,FY 2030,FY,2030,,2030-12-31,1,,,1,count of analysts,,"filings/capitaliq/Estimates/Revisions/SPGlobal_GrupoBimbo,S.A.B.deC.V._Revisions_20-Sep-2026.xlsx",Revisions,392
2026-09-20,revisions,Company,COMPANY LEVEL,Gross Margin (%),Last Two Months,Number of Analysts still in Consensus,FY 2026,FY,2026,,2026-12-31,3,,,3,count of analysts,,"filings/capitaliq/Estimates/Revisions/SPGlobal_GrupoBimbo,S.A.B.deC.V._Revisions_20-Sep-2026.xlsx",Revisions,393
2026-09-20,revisions,Company,COMPANY LEVEL,Gross Margin (%),Last Two Months,Number of Analysts still in Consensus,FY 2027,FY,2027,,2027-12-31,2,,,2,count of analysts,,"filings/capitaliq/Estimates/Revisions/SPGlobal_GrupoBimbo,S.A.B.deC.V._Revisions_20-Sep-2026.xlsx",Revisions,393
2026-09-20,revisions,Company,COMPANY LEVEL,Gross Margin (%),Last Two Months,Number of Analysts still in Consensus,FY 2028,FY,2028,,2028-12-31,2,,,2,count of analysts,,"filings/capitaliq/Estimates/Revisions/SPGlobal_GrupoBimbo,S.A.B.deC.V._Revisions_20-Sep-2026.xlsx",Revisions,393
2026-09-20,revisions,Company,COMPANY LEVEL,Gross Margin (%),Last Two Months,Number of Analysts still in Consensus,FY 2029,FY,2029,,2029-12-31,1,,,1,count of analysts,,"filings/capitaliq/Estimates/Revisions/SPGlobal_GrupoBimbo,S.A.B.deC.V._Revisions_20-Sep-2026.xlsx",Revisions,393
2026-09-20,revisions,Company,COMPANY LEVEL,Gross Margin (%),Last Two Months,Number of Analysts still in Consensus,FY 2030,FY,2030,,2030-12-31,1,,,1,count of analysts,,"filings/capitaliq/Estimates/Revisions/SPGlobal_GrupoBimbo,S.A.B.deC.V._Revisions_20-Sep-2026.xlsx",Revisions,393
2026-09-20,revisions,Company,COMPANY LEVEL,Gross Margin (%),Last Two Months,Upward,FY 2026,FY,2026,,2026-12-31,0,,,0,count of analysts,,"filings/capitaliq/Estimates/Revisions/SPGlobal_GrupoBimbo,S.A.B.deC.V._Revisions_20-Sep-2026.xlsx",Revisions,394
2026-09-20,revisions,Company,COMPANY LEVEL,Gross Margin (%),Last Two Months,Upward,FY 2027,FY,2027,,2027-12-31,0,,,0,count of analysts,,"filings/capitaliq/Estimates/Revisions/SPGlobal_GrupoBimbo,S.A.B.deC.V._Revisions_20-Sep-2026.xlsx",Revisions,394
2026-09-20,revisions,Company,COMPANY LEVEL,Gross Margin (%),Last Two Months,Upward,FY 2028,FY,2028,,2028-12-31,0,,,0,count of analysts,,"filings/capitaliq/Estimates/Revisions/SPGlobal_GrupoBimbo,S.A.B.deC.V._Revisions_20-Sep-2026.xlsx",Revisions,394
2026-09-20,revisions,Company,COMPANY LEVEL,Gross Margin (%),Last Two Months,Upward,FY 2029,FY,2029,,2029-12-31,0,,,0,count of analysts,,"filings/capitaliq/Estimates/Revisions/SPGlobal_GrupoBimbo,S.A.B.deC.V._Revisions_20-Sep-2026.xlsx",Revisions,394
2026-09-20,revisions,Company,COMPANY LEVEL,Gross Margin (%),Last Two Months,Upward,FY 2030,FY,2030,,2030-12-31,0,,,0,count of analysts,,"filings/capitaliq/Estimates/Revisions/SPGlobal_GrupoBimbo,S.A.B.deC.V._Revisions_20-Sep-2026.xlsx",Revisions,394
2026-09-20,revisions,Company,COMPANY LEVEL,Gross Margin (%),Last Two Months,Downward,FY 2026,FY,2026,,2026-12-31,1,,,1,count of analysts,,"filings/capitaliq/Estimates/Revisions/SPGlobal_GrupoBimbo,S.A.B.deC.V._Revisions_20-Sep-2026.xlsx",Revisions,395
2026-09-20,revisions,Company,COMPANY LEVEL,Gross Margin (%),Last Two Months,Downward,FY 2027,FY,2027,,2027-12-31,1,,,1,count of analysts,,"filings/capitaliq/Estimates/Revisions/SPGlobal_GrupoBimbo,S.A.B.deC.V._Revisions_20-Sep-2026.xlsx",Revisions,395
2026-09-20,revisions,Company,COMPANY LEVEL,Gross Margin (%),Last Two Months,Downward,FY 2028,FY,2028,,2028-12-31,0,,,0,count of analysts,,"filings/capitaliq/Estimates/Revisions/SPGlobal_GrupoBimbo,S.A.B.deC.V._Revisions_20-Sep-2026.xlsx",Revisions,395
2026-09-20,revisions,Company,COMPANY LEVEL,Gross Margin (%),Last Two Months,Downward,FY 2029,FY,2029,,2029-12-31,0,,,0,count of analysts,,"filings/capitaliq/Estimates/Revisions/SPGlobal_GrupoBimbo,S.A.B.deC.V._Revisions_20-Sep-2026.xlsx",Revisions,395
2026-09-20,revisions,Company,COMPANY LEVEL,Gross Margin (%),Last Two Months,Downward,FY 2030,FY,2030,,2030-12-31,0,,,0,count of analysts,,"filings/capitaliq/Estimates/Revisions/SPGlobal_GrupoBimbo,S.A.B.deC.V._Revisions_20-Sep-2026.xlsx",Revisions,395
2026-09-20,revisions,Company,COMPANY LEVEL,Gross Margin (%),Last Three Months,Number of Analysts,FY 2026,FY,2026,,2026-12-31,2,,,2,count of analysts,,"filings/capitaliq/Estimates/Revisions/SPGlobal_GrupoBimbo,S.A.B.deC.V._Revisions_20-Sep-2026.xlsx",Revisions,397
2026-09-20,revisions,Company,COMPANY LEVEL,Gross Margin (%),Last Three Months,Number of Analysts,FY 2027,FY,2027,,2027-12-31,2,,,2,count of analysts,,"filings/capitaliq/Estimates/Revisions/SPGlobal_GrupoBimbo,S.A.B.deC.V._Revisions_20-Sep-2026.xlsx",Revisions,397
2026-09-20,revisions,Company,COMPANY LEVEL,Gross Margin (%),Last Three Months,Number of Analysts,FY 2028,FY,2028,,2028-12-31,1,,,1,count of analysts,,"filings/capitaliq/Estimates/Revisions/SPGlobal_GrupoBimbo,S.A.B.deC.V._Revisions_20-Sep-2026.xlsx",Revisions,397
2026-09-20,revisions,Company,COMPANY LEVEL,Gross Margin (%),Last Three Months,Number of Analysts,FY 2029,FY,2029,,2029-12-31,1,,,1,count of analysts,,"filings/capitaliq/Estimates/Revisions/SPGlobal_GrupoBimbo,S.A.B.deC.V._Revisions_20-Sep-2026.xlsx",Revisions,397
2026-09-20,revisions,Company,COMPANY LEVEL,Gross Margin (%),Last Three Months,Number of Analysts,FY 2030,FY,2030,,2030-12-31,1,,,1,count of analysts,,"filings/capitaliq/Estimates/Revisions/SPGlobal_GrupoBimbo,S.A.B.deC.V._Revisions_20-Sep-2026.xlsx",Revisions,397
2026-09-20,revisions,Company,COMPANY LEVEL,Gross Margin (%),Last Three Months,Number of Analysts still in Consensus,FY 2026,FY,2026,,2026-12-31,2,,,2,count of analysts,,"filings/capitaliq/Estimates/Revisions/SPGlobal_GrupoBimbo,S.A.B.deC.V._Revisions_20-Sep-2026.xlsx",Revisions,398
2026-09-20,revisions,Company,COMPANY LEVEL,Gross Margin (%),Last Three Months,Number of Analysts still in Consensus,FY 2027,FY,2027,,2027-12-31,1,,,1,count of analysts,,"filings/capitaliq/Estimates/Revisions/SPGlobal_GrupoBimbo,S.A.B.deC.V._Revisions_20-Sep-2026.xlsx",Revisions,398
2026-09-20,revisions,Company,COMPANY LEVEL,Gross Margin (%),Last Three Months,Number of Analysts still in Consensus,FY 2028,FY,2028,,2028-12-31,1,,,1,count of analysts,,"filings/capitaliq/Estimates/Revisions/SPGlobal_GrupoBimbo,S.A.B.deC.V._Revisions_20-Sep-2026.xlsx",Revisions,398
2026-09-20,revisions,Company,COMPANY LEVEL,Gross Margin (%),Last Three Months,Number of Analysts still in Consensus,FY 2029,FY,2029,,2029-12-31,1,,,1,count of analysts,,"filings/capitaliq/Estimates/Revisions/SPGlobal_GrupoBimbo,S.A.B.deC.V._Revisions_20-Sep-2026.xlsx",Revisions,398
2026-09-20,revisions,Company,COMPANY LEVEL,Gross Margin (%),Last Three Months,Number of Analysts still in Consensus,FY 2030,FY,2030,,2030-12-31,1,,,1,count of analysts,,"filings/capitaliq/Estimates/Revisions/SPGlobal_GrupoBimbo,S.A.B.deC.V._Revisions_20-Sep-2026.xlsx",Revisions,398
2026-09-20,revisions,Company,COMPANY LEVEL,Gross Margin (%),Last Three Months,Upward,FY 2026,FY,2026,,2026-12-31,1,,,1,count of analysts,,"filings/capitaliq/Estimates/Revisions/SPGlobal_GrupoBimbo,S.A.B.deC.V._Revisions_20-Sep-2026.xlsx",Revisions,399
2026-09-20,revisions,Company,COMPANY LEVEL,Gross Margin (%),Last Three Months,Upward,FY 2027,FY,2027,,2027-12-31,0,,,0,count of analysts,,"filings/capitaliq/Estimates/Revisions/SPGlobal_GrupoBimbo,S.A.B.deC.V._Revisions_20-Sep-2026.xlsx",Revisions,399
2026-09-20,revisions,Company,COMPANY LEVEL,Gross Margin (%),Last Three Months,Upward,FY 2028,FY,2028,,2028-12-31,0,,,0,count of analysts,,"filings/capitaliq/Estimates/Revisions/SPGlobal_GrupoBimbo,S.A.B.deC.V._Revisions_20-Sep-2026.xlsx",Revisions,399
2026-09-20,revisions,Company,COMPANY LEVEL,Gross Margin (%),Last Three Months,Upward,FY 2029,FY,2029,,2029-12-31,0,,,0,count of analysts,,"filings/capitaliq/Estimates/Revisions/SPGlobal_GrupoBimbo,S.A.B.deC.V._Revisions_20-Sep-2026.xlsx",Revisions,399
2026-09-20,revisions,Company,COMPANY LEVEL,Gross Margin (%),Last Three Months,Upward,FY 2030,FY,2030,,2030-12-31,0,,,0,count of analysts,,"filings/capitaliq/Estimates/Revisions/SPGlobal_GrupoBimbo,S.A.B.deC.V._Revisions_20-Sep-2026.xlsx",Revisions,399
2026-09-20,revisions,Company,COMPANY LEVEL,Gross Margin (%),Last Three Months,Downward,FY 2026,FY,2026,,2026-12-31,0,,,0,count of analysts,,"filings/capitaliq/Estimates/Revisions/SPGlobal_GrupoBimbo,S.A.B.deC.V._Revisions_20-Sep-2026.xlsx",Revisions,400
2026-09-20,revisions,Company,COMPANY LEVEL,Gross Margin (%),Last Three Months,Downward,FY 2027,FY,2027,,2027-12-31,0,,,0,count of analysts,,"filings/capitaliq/Estimates/Revisions/SPGlobal_GrupoBimbo,S.A.B.deC.V._Revisions_20-Sep-2026.xlsx",Revisions,400
2026-09-20,revisions,Company,COMPANY LEVEL,Gross Margin (%),Last Three Months,Downward,FY 2028,FY,2028,,2028-12-31,0,,,0,count of analysts,,"filings/capitaliq/Estimates/Revisions/SPGlobal_GrupoBimbo,S.A.B.deC.V._Revisions_20-Sep-2026.xlsx",Revisions,400
2026-09-20,revisions,Company,COMPANY LEVEL,Gross Margin (%),Last Three Months,Downward,FY 2029,FY,2029,,2029-12-31,0,,,0,count of analysts,,"filings/capitaliq/Estimates/Revisions/SPGlobal_GrupoBimbo,S.A.B.deC.V._Revisions_20-Sep-2026.xlsx",Revisions,400
2026-09-20,revisions,Company,COMPANY LEVEL,Gross Margin (%),Last Three Months,Downward,FY 2030,FY,2030,,2030-12-31,0,,,0,count of analysts,,"filings/capitaliq/Estimates/Revisions/SPGlobal_GrupoBimbo,S.A.B.deC.V._Revisions_20-Sep-2026.xlsx",Revisions,400
2026-09-20,revisions,Company,COMPANY LEVEL,ROE (%),Last Month,Number of Analysts,FY 2026,FY,2026,,2026-12-31,7,,,7,count of analysts,,"filings/capitaliq/Estimates/Revisions/SPGlobal_GrupoBimbo,S.A.B.deC.V._Revisions_20-Sep-2026.xlsx",Revisions,403
2026-09-20,revisions,Company,COMPANY LEVEL,ROE (%),Last Month,Number of Analysts,FY 2027,FY,2027,,2027-12-31,5,,,5,count of analysts,,"filings/capitaliq/Estimates/Revisions/SPGlobal_GrupoBimbo,S.A.B.deC.V._Revisions_20-Sep-2026.xlsx",Revisions,403
2026-09-20,revisions,Company,COMPANY LEVEL,ROE (%),Last Month,Number of Analysts,FY 2028,FY,2028,,2028-12-31,5,,,5,count of analysts,,"filings/capitaliq/Estimates/Revisions/SPGlobal_GrupoBimbo,S.A.B.deC.V._Revisions_20-Sep-2026.xlsx",Revisions,403
2026-09-20,revisions,Company,COMPANY LEVEL,ROE (%),Last Month,Number of Analysts still in Consensus,FY 2026,FY,2026,,2026-12-31,7,,,7,count of analysts,,"filings/capitaliq/Estimates/Revisions/SPGlobal_GrupoBimbo,S.A.B.deC.V._Revisions_20-Sep-2026.xlsx",Revisions,404
2026-09-20,revisions,Company,COMPANY LEVEL,ROE (%),Last Month,Number of Analysts still in Consensus,FY 2027,FY,2027,,2027-12-31,5,,,5,count of analysts,,"filings/capitaliq/Estimates/Revisions/SPGlobal_GrupoBimbo,S.A.B.deC.V._Revisions_20-Sep-2026.xlsx",Revisions,404
2026-09-20,revisions,Company,COMPANY LEVEL,ROE (%),Last Month,Number of Analysts still in Consensus,FY 2028,FY,2028,,2028-12-31,5,,,5,count of analysts,,"filings/capitaliq/Estimates/Revisions/SPGlobal_GrupoBimbo,S.A.B.deC.V._Revisions_20-Sep-2026.xlsx",Revisions,404
2026-09-20,revisions,Company,COMPANY LEVEL,ROE (%),Last Month,Upward,FY 2026,FY,2026,,2026-12-31,0,,,0,count of analysts,,"filings/capitaliq/Estimates/Revisions/SPGlobal_GrupoBimbo,S.A.B.deC.V._Revisions_20-Sep-2026.xlsx",Revisions,405
2026-09-20,revisions,Company,COMPANY LEVEL,ROE (%),Last Month,Upward,FY 2027,FY,2027,,2027-12-31,0,,,0,count of analysts,,"filings/capitaliq/Estimates/Revisions/SPGlobal_GrupoBimbo,S.A.B.deC.V._Revisions_20-Sep-2026.xlsx",Revisions,405
2026-09-20,revisions,Company,COMPANY LEVEL,ROE (%),Last Month,Upward,FY 2028,FY,2028,,2028-12-31,1,,,1,count of analysts,,"filings/capitaliq/Estimates/Revisions/SPGlobal_GrupoBimbo,S.A.B.deC.V._Revisions_20-Sep-2026.xlsx",Revisions,405
2026-09-20,revisions,Company,COMPANY LEVEL,ROE (%),Last Month,Downward,FY 2026,FY,2026,,2026-12-31,2,,,2,count of analysts,,"filings/capitaliq/Estimates/Revisions/SPGlobal_GrupoBimbo,S.A.B.deC.V._Revisions_20-Sep-2026.xlsx",Revisions,406
2026-09-20,revisions,Company,COMPANY LEVEL,ROE (%),Last Month,Downward,FY 2027,FY,2027,,2027-12-31,1,,,1,count of analysts,,"filings/capitaliq/Estimates/Revisions/SPGlobal_GrupoBimbo,S.A.B.deC.V._Revisions_20-Sep-2026.xlsx",Revisions,406
2026-09-20,revisions,Company,COMPANY LEVEL,ROE (%),Last Month,Downward,FY 2028,FY,2028,,2028-12-31,0,,,0,count of analysts,,"filings/capitaliq/Estimates/Revisions/SPGlobal_GrupoBimbo,S.A.B.deC.V._Revisions_20-Sep-2026.xlsx",Revisions,406
2026-09-20,revisions,Company,COMPANY LEVEL,ROE (%),Last Two Months,Number of Analysts,FY 2026,FY,2026,,2026-12-31,6,,,6,count of analysts,,"filings/capitaliq/Estimates/Revisions/SPGlobal_GrupoBimbo,S.A.B.deC.V._Revisions_20-Sep-2026.xlsx",Revisions,408
2026-09-20,revisions,Company,COMPANY LEVEL,ROE (%),Last Two Months,Number of Analysts,FY 2027,FY,2027,,2027-12-31,5,,,5,count of analysts,,"filings/capitaliq/Estimates/Revisions/SPGlobal_GrupoBimbo,S.A.B.deC.V._Revisions_20-Sep-2026.xlsx",Revisions,408
2026-09-20,revisions,Company,COMPANY LEVEL,ROE (%),Last Two Months,Number of Analysts,FY 2028,FY,2028,,2028-12-31,5,,,5,count of analysts,,"filings/capitaliq/Estimates/Revisions/SPGlobal_GrupoBimbo,S.A.B.deC.V._Revisions_20-Sep-2026.xlsx",Revisions,408
2026-09-20,revisions,Company,COMPANY LEVEL,ROE (%),Last Two Months,Number of Analysts still in Consensus,FY 2026,FY,2026,,2026-12-31,6,,,6,count of analysts,,"filings/capitaliq/Estimates/Revisions/SPGlobal_GrupoBimbo,S.A.B.deC.V._Revisions_20-Sep-2026.xlsx",Revisions,409
2026-09-20,revisions,Company,COMPANY LEVEL,ROE (%),Last Two Months,Number of Analysts still in Consensus,FY 2027,FY,2027,,2027-12-31,4,,,4,count of analysts,,"filings/capitaliq/Estimates/Revisions/SPGlobal_GrupoBimbo,S.A.B.deC.V._Revisions_20-Sep-2026.xlsx",Revisions,409
2026-09-20,revisions,Company,COMPANY LEVEL,ROE (%),Last Two Months,Number of Analysts still in Consensus,FY 2028,FY,2028,,2028-12-31,4,,,4,count of analysts,,"filings/capitaliq/Estimates/Revisions/SPGlobal_GrupoBimbo,S.A.B.deC.V._Revisions_20-Sep-2026.xlsx",Revisions,409
2026-09-20,revisions,Company,COMPANY LEVEL,ROE (%),Last Two Months,Upward,FY 2026,FY,2026,,2026-12-31,1,,,1,count of analysts,,"filings/capitaliq/Estimates/Revisions/SPGlobal_GrupoBimbo,S.A.B.deC.V._Revisions_20-Sep-2026.xlsx",Revisions,410
2026-09-20,revisions,Company,COMPANY LEVEL,ROE (%),Last Two Months,Upward,FY 2027,FY,2027,,2027-12-31,1,,,1,count of analysts,,"filings/capitaliq/Estimates/Revisions/SPGlobal_GrupoBimbo,S.A.B.deC.V._Revisions_20-Sep-2026.xlsx",Revisions,410
2026-09-20,revisions,Company,COMPANY LEVEL,ROE (%),Last Two Months,Upward,FY 2028,FY,2028,,2028-12-31,2,,,2,count of analysts,,"filings/capitaliq/Estimates/Revisions/SPGlobal_GrupoBimbo,S.A.B.deC.V._Revisions_20-Sep-2026.xlsx",Revisions,410
2026-09-20,revisions,Company,COMPANY LEVEL,ROE (%),Last Two Months,Downward,FY 2026,FY,2026,,2026-12-31,3,,,3,count of analysts,,"filings/capitaliq/Estimates/Revisions/SPGlobal_GrupoBimbo,S.A.B.deC.V._Revisions_20-Sep-2026.xlsx",Revisions,411
2026-09-20,revisions,Company,COMPANY LEVEL,ROE (%),Last Two Months,Downward,FY 2027,FY,2027,,2027-12-31,1,,,1,count of analysts,,"filings/capitaliq/Estimates/Revisions/SPGlobal_GrupoBimbo,S.A.B.deC.V._Revisions_20-Sep-2026.xlsx",Revisions,411
2026-09-20,revisions,Company,COMPANY LEVEL,ROE (%),Last Two Months,Downward,FY 2028,FY,2028,,2028-12-31,0,,,0,count of analysts,,"filings/capitaliq/Estimates/Revisions/SPGlobal_GrupoBimbo,S.A.B.deC.V._Revisions_20-Sep-2026.xlsx",Revisions,411
2026-09-20,revisions,Company,COMPANY LEVEL,ROE (%),Last Three Months,Number of Analysts,FY 2026,FY,2026,,2026-12-31,4,,,4,count of analysts,,"filings/capitaliq/Estimates/Revisions/SPGlobal_GrupoBimbo,S.A.B.deC.V._Revisions_20-Sep-2026.xlsx",Revisions,413
2026-09-20,revisions,Company,COMPANY LEVEL,ROE (%),Last Three Months,Number of Analysts,FY 2027,FY,2027,,2027-12-31,5,,,5,count of analysts,,"filings/capitaliq/Estimates/Revisions/SPGlobal_GrupoBimbo,S.A.B.deC.V._Revisions_20-Sep-2026.xlsx",Revisions,413
2026-09-20,revisions,Company,COMPANY LEVEL,ROE (%),Last Three Months,Number of Analysts,FY 2028,FY,2028,,2028-12-31,5,,,5,count of analysts,,"filings/capitaliq/Estimates/Revisions/SPGlobal_GrupoBimbo,S.A.B.deC.V._Revisions_20-Sep-2026.xlsx",Revisions,413
2026-09-20,revisions,Company,COMPANY LEVEL,ROE (%),Last Three Months,Number of Analysts still in Consensus,FY 2026,FY,2026,,2026-12-31,4,,,4,count of analysts,,"filings/capitaliq/Estimates/Revisions/SPGlobal_GrupoBimbo,S.A.B.deC.V._Revisions_20-Sep-2026.xlsx",Revisions,414
2026-09-20,revisions,Company,COMPANY LEVEL,ROE (%),Last Three Months,Number of Analysts still in Consensus,FY 2027,FY,2027,,2027-12-31,4,,,4,count of analysts,,"filings/capitaliq/Estimates/Revisions/SPGlobal_GrupoBimbo,S.A.B.deC.V._Revisions_20-Sep-2026.xlsx",Revisions,414
2026-09-20,revisions,Company,COMPANY LEVEL,ROE (%),Last Three Months,Number of Analysts still in Consensus,FY 2028,FY,2028,,2028-12-31,4,,,4,count of analysts,,"filings/capitaliq/Estimates/Revisions/SPGlobal_GrupoBimbo,S.A.B.deC.V._Revisions_20-Sep-2026.xlsx",Revisions,414
2026-09-20,revisions,Company,COMPANY LEVEL,ROE (%),Last Three Months,Upward,FY 2026,FY,2026,,2026-12-31,1,,,1,count of analysts,,"filings/capitaliq/Estimates/Revisions/SPGlobal_GrupoBimbo,S.A.B.deC.V._Revisions_20-Sep-2026.xlsx",Revisions,415
2026-09-20,revisions,Company,COMPANY LEVEL,ROE (%),Last Three Months,Upward,FY 2027,FY,2027,,2027-12-31,3,,,3,count of analysts,,"filings/capitaliq/Estimates/Revisions/SPGlobal_GrupoBimbo,S.A.B.deC.V._Revisions_20-Sep-2026.xlsx",Revisions,415
2026-09-20,revisions,Company,COMPANY LEVEL,ROE (%),Last Three Months,Upward,FY 2028,FY,2028,,2028-12-31,3,,,3,count of analysts,,"filings/capitaliq/Estimates/Revisions/SPGlobal_GrupoBimbo,S.A.B.deC.V._Revisions_20-Sep-2026.xlsx",Revisions,415
2026-09-20,revisions,Company,COMPANY LEVEL,ROE (%),Last Three Months,Downward,FY 2026,FY,2026,,2026-12-31,2,,,2,count of analysts,,"filings/capitaliq/Estimates/Revisions/SPGlobal_GrupoBimbo,S.A.B.deC.V._Revisions_20-Sep-2026.xlsx",Revisions,416
2026-09-20,revisions,Company,COMPANY LEVEL,ROE (%),Last Three Months,Downward,FY 2027,FY,2027,,2027-12-31,0,,,0,count of analysts,,"filings/capitaliq/Estimates/Revisions/SPGlobal_GrupoBimbo,S.A.B.deC.V._Revisions_20-Sep-2026.xlsx",Revisions,416
2026-09-20,revisions,Company,COMPANY LEVEL,ROE (%),Last Three Months,Downward,FY 2028,FY,2028,,2028-12-31,0,,,0,count of analysts,,"filings/capitaliq/Estimates/Revisions/SPGlobal_GrupoBimbo,S.A.B.deC.V._Revisions_20-Sep-2026.xlsx",Revisions,416
2026-09-20,revisions,Company,COMPANY LEVEL,ROA (%),Last Month,Number of Analysts,FY 2026,FY,2026,,2026-12-31,1,,,1,count of analysts,,"filings/capitaliq/Estimates/Revisions/SPGlobal_GrupoBimbo,S.A.B.deC.V._Revisions_20-Sep-2026.xlsx",Revisions,419
2026-09-20,revisions,Company,COMPANY LEVEL,ROA (%),Last Month,Number of Analysts,FY 2027,FY,2027,,2027-12-31,1,,,1,count of analysts,,"filings/capitaliq/Estimates/Revisions/SPGlobal_GrupoBimbo,S.A.B.deC.V._Revisions_20-Sep-2026.xlsx",Revisions,419
2026-09-20,revisions,Company,COMPANY LEVEL,ROA (%),Last Month,Number of Analysts,FY 2028,FY,2028,,2028-12-31,1,,,1,count of analysts,,"filings/capitaliq/Estimates/Revisions/SPGlobal_GrupoBimbo,S.A.B.deC.V._Revisions_20-Sep-2026.xlsx",Revisions,419
2026-09-20,revisions,Company,COMPANY LEVEL,ROA (%),Last Month,Number of Analysts still in Consensus,FY 2026,FY,2026,,2026-12-31,1,,,1,count of analysts,,"filings/capitaliq/Estimates/Revisions/SPGlobal_GrupoBimbo,S.A.B.deC.V._Revisions_20-Sep-2026.xlsx",Revisions,420
2026-09-20,revisions,Company,COMPANY LEVEL,ROA (%),Last Month,Number of Analysts still in Consensus,FY 2027,FY,2027,,2027-12-31,1,,,1,count of analysts,,"filings/capitaliq/Estimates/Revisions/SPGlobal_GrupoBimbo,S.A.B.deC.V._Revisions_20-Sep-2026.xlsx",Revisions,420
2026-09-20,revisions,Company,COMPANY LEVEL,ROA (%),Last Month,Number of Analysts still in Consensus,FY 2028,FY,2028,,2028-12-31,1,,,1,count of analysts,,"filings/capitaliq/Estimates/Revisions/SPGlobal_GrupoBimbo,S.A.B.deC.V._Revisions_20-Sep-2026.xlsx",Revisions,420
2026-09-20,revisions,Company,COMPANY LEVEL,ROA (%),Last Month,Upward,FY 2026,FY,2026,,2026-12-31,0,,,0,count of analysts,,"filings/capitaliq/Estimates/Revisions/SPGlobal_GrupoBimbo,S.A.B.deC.V._Revisions_20-Sep-2026.xlsx",Revisions,421
2026-09-20,revisions,Company,COMPANY LEVEL,ROA (%),Last Month,Upward,FY 2027,FY,2027,,2027-12-31,0,,,0,count of analysts,,"filings/capitaliq/Estimates/Revisions/SPGlobal_GrupoBimbo,S.A.B.deC.V._Revisions_20-Sep-2026.xlsx",Revisions,421
2026-09-20,revisions,Company,COMPANY LEVEL,ROA (%),Last Month,Upward,FY 2028,FY,2028,,2028-12-31,0,,,0,count of analysts,,"filings/capitaliq/Estimates/Revisions/SPGlobal_GrupoBimbo,S.A.B.deC.V._Revisions_20-Sep-2026.xlsx",Revisions,421
2026-09-20,revisions,Company,COMPANY LEVEL,ROA (%),Last Month,Downward,FY 2026,FY,2026,,2026-12-31,0,,,0,count of analysts,,"filings/capitaliq/Estimates/Revisions/SPGlobal_GrupoBimbo,S.A.B.deC.V._Revisions_20-Sep-2026.xlsx",Revisions,422
2026-09-20,revisions,Company,COMPANY LEVEL,ROA (%),Last Month,Downward,FY 2027,FY,2027,,2027-12-31,0,,,0,count of analysts,,"filings/capitaliq/Estimates/Revisions/SPGlobal_GrupoBimbo,S.A.B.deC.V._Revisions_20-Sep-2026.xlsx",Revisions,422
2026-09-20,revisions,Company,COMPANY LEVEL,ROA (%),Last Month,Downward,FY 2028,FY,2028,,2028-12-31,0,,,0,count of analysts,,"filings/capitaliq/Estimates/Revisions/SPGlobal_GrupoBimbo,S.A.B.deC.V._Revisions_20-Sep-2026.xlsx",Revisions,422
2026-09-20,revisions,Company,COMPANY LEVEL,ROA (%),Last Two Months,Number of Analysts,FY 2026,FY,2026,,2026-12-31,1,,,1,count of analysts,,"filings/capitaliq/Estimates/Revisions/SPGlobal_GrupoBimbo,S.A.B.deC.V._Revisions_20-Sep-2026.xlsx",Revisions,424
2026-09-20,revisions,Company,COMPANY LEVEL,ROA (%),Last Two Months,Number of Analysts,FY 2027,FY,2027,,2027-12-31,1,,,1,count of analysts,,"filings/capitaliq/Estimates/Revisions/SPGlobal_GrupoBimbo,S.A.B.deC.V._Revisions_20-Sep-2026.xlsx",Revisions,424
2026-09-20,revisions,Company,COMPANY LEVEL,ROA (%),Last Two Months,Number of Analysts,FY 2028,FY,2028,,2028-12-31,1,,,1,count of analysts,,"filings/capitaliq/Estimates/Revisions/SPGlobal_GrupoBimbo,S.A.B.deC.V._Revisions_20-Sep-2026.xlsx",Revisions,424
2026-09-20,revisions,Company,COMPANY LEVEL,ROA (%),Last Two Months,Number of Analysts still in Consensus,FY 2026,FY,2026,,2026-12-31,1,,,1,count of analysts,,"filings/capitaliq/Estimates/Revisions/SPGlobal_GrupoBimbo,S.A.B.deC.V._Revisions_20-Sep-2026.xlsx",Revisions,425
2026-09-20,revisions,Company,COMPANY LEVEL,ROA (%),Last Two Months,Number of Analysts still in Consensus,FY 2027,FY,2027,,2027-12-31,1,,,1,count of analysts,,"filings/capitaliq/Estimates/Revisions/SPGlobal_GrupoBimbo,S.A.B.deC.V._Revisions_20-Sep-2026.xlsx",Revisions,425
2026-09-20,revisions,Company,COMPANY LEVEL,ROA (%),Last Two Months,Number of Analysts still in Consensus,FY 2028,FY,2028,,2028-12-31,1,,,1,count of analysts,,"filings/capitaliq/Estimates/Revisions/SPGlobal_GrupoBimbo,S.A.B.deC.V._Revisions_20-Sep-2026.xlsx",Revisions,425
2026-09-20,revisions,Company,COMPANY LEVEL,ROA (%),Last Two Months,Upward,FY 2026,FY,2026,,2026-12-31,1,,,1,count of analysts,,"filings/capitaliq/Estimates/Revisions/SPGlobal_GrupoBimbo,S.A.B.deC.V._Revisions_20-Sep-2026.xlsx",Revisions,426
2026-09-20,revisions,Company,COMPANY LEVEL,ROA (%),Last Two Months,Upward,FY 2027,FY,2027,,2027-12-31,1,,,1,count of analysts,,"filings/capitaliq/Estimates/Revisions/SPGlobal_GrupoBimbo,S.A.B.deC.V._Revisions_20-Sep-2026.xlsx",Revisions,426
2026-09-20,revisions,Company,COMPANY LEVEL,ROA (%),Last Two Months,Upward,FY 2028,FY,2028,,2028-12-31,1,,,1,count of analysts,,"filings/capitaliq/Estimates/Revisions/SPGlobal_GrupoBimbo,S.A.B.deC.V._Revisions_20-Sep-2026.xlsx",Revisions,426
2026-09-20,revisions,Company,COMPANY LEVEL,ROA (%),Last Two Months,Downward,FY 2026,FY,2026,,2026-12-31,0,,,0,count of analysts,,"filings/capitaliq/Estimates/Revisions/SPGlobal_GrupoBimbo,S.A.B.deC.V._Revisions_20-Sep-2026.xlsx",Revisions,427
2026-09-20,revisions,Company,COMPANY LEVEL,ROA (%),Last Two Months,Downward,FY 2027,FY,2027,,2027-12-31,0,,,0,count of analysts,,"filings/capitaliq/Estimates/Revisions/SPGlobal_GrupoBimbo,S.A.B.deC.V._Revisions_20-Sep-2026.xlsx",Revisions,427
2026-09-20,revisions,Company,COMPANY LEVEL,ROA (%),Last Two Months,Downward,FY 2028,FY,2028,,2028-12-31,0,,,0,count of analysts,,"filings/capitaliq/Estimates/Revisions/SPGlobal_GrupoBimbo,S.A.B.deC.V._Revisions_20-Sep-2026.xlsx",Revisions,427
2026-09-20,revisions,Company,COMPANY LEVEL,ROA (%),Last Three Months,Number of Analysts,FY 2026,FY,2026,,2026-12-31,1,,,1,count of analysts,,"filings/capitaliq/Estimates/Revisions/SPGlobal_GrupoBimbo,S.A.B.deC.V._Revisions_20-Sep-2026.xlsx",Revisions,429
2026-09-20,revisions,Company,COMPANY LEVEL,ROA (%),Last Three Months,Number of Analysts,FY 2027,FY,2027,,2027-12-31,1,,,1,count of analysts,,"filings/capitaliq/Estimates/Revisions/SPGlobal_GrupoBimbo,S.A.B.deC.V._Revisions_20-Sep-2026.xlsx",Revisions,429
2026-09-20,revisions,Company,COMPANY LEVEL,ROA (%),Last Three Months,Number of Analysts,FY 2028,FY,2028,,2028-12-31,1,,,1,count of analysts,,"filings/capitaliq/Estimates/Revisions/SPGlobal_GrupoBimbo,S.A.B.deC.V._Revisions_20-Sep-2026.xlsx",Revisions,429
2026-09-20,revisions,Company,COMPANY LEVEL,ROA (%),Last Three Months,Number of Analysts still in Consensus,FY 2026,FY,2026,,2026-12-31,1,,,1,count of analysts,,"filings/capitaliq/Estimates/Revisions/SPGlobal_GrupoBimbo,S.A.B.deC.V._Revisions_20-Sep-2026.xlsx",Revisions,430
2026-09-20,revisions,Company,COMPANY LEVEL,ROA (%),Last Three Months,Number of Analysts still in Consensus,FY 2027,FY,2027,,2027-12-31,1,,,1,count of analysts,,"filings/capitaliq/Estimates/Revisions/SPGlobal_GrupoBimbo,S.A.B.deC.V._Revisions_20-Sep-2026.xlsx",Revisions,430
2026-09-20,revisions,Company,COMPANY LEVEL,ROA (%),Last Three Months,Number of Analysts still in Consensus,FY 2028,FY,2028,,2028-12-31,1,,,1,count of analysts,,"filings/capitaliq/Estimates/Revisions/SPGlobal_GrupoBimbo,S.A.B.deC.V._Revisions_20-Sep-2026.xlsx",Revisions,430
2026-09-20,revisions,Company,COMPANY LEVEL,ROA (%),Last Three Months,Upward,FY 2026,FY,2026,,2026-12-31,1,,,1,count of analysts,,"filings/capitaliq/Estimates/Revisions/SPGlobal_GrupoBimbo,S.A.B.deC.V._Revisions_20-Sep-2026.xlsx",Revisions,431
2026-09-20,revisions,Company,COMPANY LEVEL,ROA (%),Last Three Months,Upward,FY 2027,FY,2027,,2027-12-31,1,,,1,count of analysts,,"filings/capitaliq/Estimates/Revisions/SPGlobal_GrupoBimbo,S.A.B.deC.V._Revisions_20-Sep-2026.xlsx",Revisions,431
2026-09-20,revisions,Company,COMPANY LEVEL,ROA (%),Last Three Months,Upward,FY 2028,FY,2028,,2028-12-31,1,,,1,count of analysts,,"filings/capitaliq/Estimates/Revisions/SPGlobal_GrupoBimbo,S.A.B.deC.V._Revisions_20-Sep-2026.xlsx",Revisions,431
2026-09-20,revisions,Company,COMPANY LEVEL,ROA (%),Last Three Months,Downward,FY 2026,FY,2026,,2026-12-31,0,,,0,count of analysts,,"filings/capitaliq/Estimates/Revisions/SPGlobal_GrupoBimbo,S.A.B.deC.V._Revisions_20-Sep-2026.xlsx",Revisions,432
2026-09-20,revisions,Company,COMPANY LEVEL,ROA (%),Last Three Months,Downward,FY 2027,FY,2027,,2027-12-31,0,,,0,count of analysts,,"filings/capitaliq/Estimates/Revisions/SPGlobal_GrupoBimbo,S.A.B.deC.V._Revisions_20-Sep-2026.xlsx",Revisions,432
2026-09-20,revisions,Company,COMPANY LEVEL,ROA (%),Last Three Months,Downward,FY 2028,FY,2028,,2028-12-31,0,,,0,count of analysts,,"filings/capitaliq/Estimates/Revisions/SPGlobal_GrupoBimbo,S.A.B.deC.V._Revisions_20-Sep-2026.xlsx",Revisions,432
2026-09-20,revisions,BMV : BIMBO A,Non-Periodic Metrics,TARGET PRICE,Last Month,Number of Analysts,Non-Periodic,NP,,,,12,,,12,count of analysts,,"filings/capitaliq/Estimates/Revisions/SPGlobal_GrupoBimbo,S.A.B.deC.V._Revisions_20-Sep-2026.xlsx",Revisions,440
2026-09-20,revisions,BMV : BIMBO A,Non-Periodic Metrics,RECOMMENDATION,Last Month,Number of Analysts,Non-Periodic,NP,,,,12,,,12,count of analysts,,"filings/capitaliq/Estimates/Revisions/SPGlobal_GrupoBimbo,S.A.B.deC.V._Revisions_20-Sep-2026.xlsx",Revisions,440
2026-09-20,revisions,BMV : BIMBO A,Non-Periodic Metrics,IND. RECOMMENDATION,Last Month,Number of Analysts,Non-Periodic,NP,,,,1,,,1,count of analysts,,"filings/capitaliq/Estimates/Revisions/SPGlobal_GrupoBimbo,S.A.B.deC.V._Revisions_20-Sep-2026.xlsx",Revisions,440
2026-09-20,revisions,BMV : BIMBO A,Non-Periodic Metrics,LT GROWTH,Last Month,Number of Analysts,Non-Periodic,NP,,,,2,,,2,count of analysts,,"filings/capitaliq/Estimates/Revisions/SPGlobal_GrupoBimbo,S.A.B.deC.V._Revisions_20-Sep-2026.xlsx",Revisions,440
2026-09-20,revisions,BMV : BIMBO A,Non-Periodic Metrics,PRICE VOLATILITY,Last Month,Number of Analysts,Non-Periodic,NP,,,,1,,,1,count of analysts,,"filings/capitaliq/Estimates/Revisions/SPGlobal_GrupoBimbo,S.A.B.deC.V._Revisions_20-Sep-2026.xlsx",Revisions,440
2026-09-20,revisions,BMV : BIMBO A,Non-Periodic Metrics,TARGET PRICE,Last Month,Number of Analysts still in Consensus,Non-Periodic,NP,,,,12,,,12,count of analysts,,"filings/capitaliq/Estimates/Revisions/SPGlobal_GrupoBimbo,S.A.B.deC.V._Revisions_20-Sep-2026.xlsx",Revisions,441
2026-09-20,revisions,BMV : BIMBO A,Non-Periodic Metrics,RECOMMENDATION,Last Month,Number of Analysts still in Consensus,Non-Periodic,NP,,,,12,,,12,count of analysts,,"filings/capitaliq/Estimates/Revisions/SPGlobal_GrupoBimbo,S.A.B.deC.V._Revisions_20-Sep-2026.xlsx",Revisions,441
2026-09-20,revisions,BMV : BIMBO A,Non-Periodic Metrics,IND. RECOMMENDATION,Last Month,Number of Analysts still in Consensus,Non-Periodic,NP,,,,1,,,1,count of analysts,,"filings/capitaliq/Estimates/Revisions/SPGlobal_GrupoBimbo,S.A.B.deC.V._Revisions_20-Sep-2026.xlsx",Revisions,441
2026-09-20,revisions,BMV : BIMBO A,Non-Periodic Metrics,LT GROWTH,Last Month,Number of Analysts still in Consensus,Non-Periodic,NP,,,,2,,,2,count of analysts,,"filings/capitaliq/Estimates/Revisions/SPGlobal_GrupoBimbo,S.A.B.deC.V._Revisions_20-Sep-2026.xlsx",Revisions,441
2026-09-20,revisions,BMV : BIMBO A,Non-Periodic Metrics,PRICE VOLATILITY,Last Month,Number of Analysts still in Consensus,Non-Periodic,NP,,,,1,,,1,count of analysts,,"filings/capitaliq/Estimates/Revisions/SPGlobal_GrupoBimbo,S.A.B.deC.V._Revisions_20-Sep-2026.xlsx",Revisions,441
2026-09-20,revisions,BMV : BIMBO A,Non-Periodic Metrics,TARGET PRICE,Last Month,Upward,Non-Periodic,NP,,,,1,,,1,count of analysts,,"filings/capitaliq/Estimates/Revisions/SPGlobal_GrupoBimbo,S.A.B.deC.V._Revisions_20-Sep-2026.xlsx",Revisions,442
2026-09-20,revisions,BMV : BIMBO A,Non-Periodic Metrics,RECOMMENDATION,Last Month,Upward,Non-Periodic,NP,,,,0,,,0,count of analysts,,"filings/capitaliq/Estimates/Revisions/SPGlobal_GrupoBimbo,S.A.B.deC.V._Revisions_20-Sep-2026.xlsx",Revisions,442
2026-09-20,revisions,BMV : BIMBO A,Non-Periodic Metrics,IND. RECOMMENDATION,Last Month,Upward,Non-Periodic,NP,,,,0,,,0,count of analysts,,"filings/capitaliq/Estimates/Revisions/SPGlobal_GrupoBimbo,S.A.B.deC.V._Revisions_20-Sep-2026.xlsx",Revisions,442
2026-09-20,revisions,BMV : BIMBO A,Non-Periodic Metrics,LT GROWTH,Last Month,Upward,Non-Periodic,NP,,,,1,,,1,count of analysts,,"filings/capitaliq/Estimates/Revisions/SPGlobal_GrupoBimbo,S.A.B.deC.V._Revisions_20-Sep-2026.xlsx",Revisions,442
2026-09-20,revisions,BMV : BIMBO A,Non-Periodic Metrics,PRICE VOLATILITY,Last Month,Upward,Non-Periodic,NP,,,,0,,,0,count of analysts,,"filings/capitaliq/Estimates/Revisions/SPGlobal_GrupoBimbo,S.A.B.deC.V._Revisions_20-Sep-2026.xlsx",Revisions,442
2026-09-20,revisions,BMV : BIMBO A,Non-Periodic Metrics,TARGET PRICE,Last Month,Downward,Non-Periodic,NP,,,,0,,,0,count of analysts,,"filings/capitaliq/Estimates/Revisions/SPGlobal_GrupoBimbo,S.A.B.deC.V._Revisions_20-Sep-2026.xlsx",Revisions,443
2026-09-20,revisions,BMV : BIMBO A,Non-Periodic Metrics,RECOMMENDATION,Last Month,Downward,Non-Periodic,NP,,,,0,,,0,count of analysts,,"filings/capitaliq/Estimates/Revisions/SPGlobal_GrupoBimbo,S.A.B.deC.V._Revisions_20-Sep-2026.xlsx",Revisions,443
2026-09-20,revisions,BMV : BIMBO A,Non-Periodic Metrics,IND. RECOMMENDATION,Last Month,Downward,Non-Periodic,NP,,,,0,,,0,count of analysts,,"filings/capitaliq/Estimates/Revisions/SPGlobal_GrupoBimbo,S.A.B.deC.V._Revisions_20-Sep-2026.xlsx",Revisions,443
2026-09-20,revisions,BMV : BIMBO A,Non-Periodic Metrics,LT GROWTH,Last Month,Downward,Non-Periodic,NP,,,,0,,,0,count of analysts,,"filings/capitaliq/Estimates/Revisions/SPGlobal_GrupoBimbo,S.A.B.deC.V._Revisions_20-Sep-2026.xlsx",Revisions,443
2026-09-20,revisions,BMV : BIMBO A,Non-Periodic Metrics,PRICE VOLATILITY,Last Month,Downward,Non-Periodic,NP,,,,0,,,0,count of analysts,,"filings/capitaliq/Estimates/Revisions/SPGlobal_GrupoBimbo,S.A.B.deC.V._Revisions_20-Sep-2026.xlsx",Revisions,443
2026-09-20,revisions,BMV : BIMBO A,Non-Periodic Metrics,TARGET PRICE,Last Two Months,Number of Analysts,Non-Periodic,NP,,,,12,,,12,count of analysts,,"filings/capitaliq/Estimates/Revisions/SPGlobal_GrupoBimbo,S.A.B.deC.V._Revisions_20-Sep-2026.xlsx",Revisions,445
2026-09-20,revisions,BMV : BIMBO A,Non-Periodic Metrics,RECOMMENDATION,Last Two Months,Number of Analysts,Non-Periodic,NP,,,,12,,,12,count of analysts,,"filings/capitaliq/Estimates/Revisions/SPGlobal_GrupoBimbo,S.A.B.deC.V._Revisions_20-Sep-2026.xlsx",Revisions,445
2026-09-20,revisions,BMV : BIMBO A,Non-Periodic Metrics,IND. RECOMMENDATION,Last Two Months,Number of Analysts,Non-Periodic,NP,,,,1,,,1,count of analysts,,"filings/capitaliq/Estimates/Revisions/SPGlobal_GrupoBimbo,S.A.B.deC.V._Revisions_20-Sep-2026.xlsx",Revisions,445
2026-09-20,revisions,BMV : BIMBO A,Non-Periodic Metrics,LT GROWTH,Last Two Months,Number of Analysts,Non-Periodic,NP,,,,1,,,1,count of analysts,,"filings/capitaliq/Estimates/Revisions/SPGlobal_GrupoBimbo,S.A.B.deC.V._Revisions_20-Sep-2026.xlsx",Revisions,445
2026-09-20,revisions,BMV : BIMBO A,Non-Periodic Metrics,PRICE VOLATILITY,Last Two Months,Number of Analysts,Non-Periodic,NP,,,,1,,,1,count of analysts,,"filings/capitaliq/Estimates/Revisions/SPGlobal_GrupoBimbo,S.A.B.deC.V._Revisions_20-Sep-2026.xlsx",Revisions,445
2026-09-20,revisions,BMV : BIMBO A,Non-Periodic Metrics,TARGET PRICE,Last Two Months,Number of Analysts still in Consensus,Non-Periodic,NP,,,,12,,,12,count of analysts,,"filings/capitaliq/Estimates/Revisions/SPGlobal_GrupoBimbo,S.A.B.deC.V._Revisions_20-Sep-2026.xlsx",Revisions,446
2026-09-20,revisions,BMV : BIMBO A,Non-Periodic Metrics,RECOMMENDATION,Last Two Months,Number of Analysts still in Consensus,Non-Periodic,NP,,,,12,,,12,count of analysts,,"filings/capitaliq/Estimates/Revisions/SPGlobal_GrupoBimbo,S.A.B.deC.V._Revisions_20-Sep-2026.xlsx",Revisions,446
2026-09-20,revisions,BMV : BIMBO A,Non-Periodic Metrics,IND. RECOMMENDATION,Last Two Months,Number of Analysts still in Consensus,Non-Periodic,NP,,,,1,,,1,count of analysts,,"filings/capitaliq/Estimates/Revisions/SPGlobal_GrupoBimbo,S.A.B.deC.V._Revisions_20-Sep-2026.xlsx",Revisions,446
2026-09-20,revisions,BMV : BIMBO A,Non-Periodic Metrics,LT GROWTH,Last Two Months,Number of Analysts still in Consensus,Non-Periodic,NP,,,,1,,,1,count of analysts,,"filings/capitaliq/Estimates/Revisions/SPGlobal_GrupoBimbo,S.A.B.deC.V._Revisions_20-Sep-2026.xlsx",Revisions,446
2026-09-20,revisions,BMV : BIMBO A,Non-Periodic Metrics,PRICE VOLATILITY,Last Two Months,Number of Analysts still in Consensus,Non-Periodic,NP,,,,1,,,1,count of analysts,,"filings/capitaliq/Estimates/Revisions/SPGlobal_GrupoBimbo,S.A.B.deC.V._Revisions_20-Sep-2026.xlsx",Revisions,446
2026-09-20,revisions,BMV : BIMBO A,Non-Periodic Metrics,TARGET PRICE,Last Two Months,Upward,Non-Periodic,NP,,,,2,,,2,count of analysts,,"filings/capitaliq/Estimates/Revisions/SPGlobal_GrupoBimbo,S.A.B.deC.V._Revisions_20-Sep-2026.xlsx",Revisions,447
2026-09-20,revisions,BMV : BIMBO A,Non-Periodic Metrics,RECOMMENDATION,Last Two Months,Upward,Non-Periodic,NP,,,,1,,,1,count of analysts,,"filings/capitaliq/Estimates/Revisions/SPGlobal_GrupoBimbo,S.A.B.deC.V._Revisions_20-Sep-2026.xlsx",Revisions,447
2026-09-20,revisions,BMV : BIMBO A,Non-Periodic Metrics,IND. RECOMMENDATION,Last Two Months,Upward,Non-Periodic,NP,,,,0,,,0,count of analysts,,"filings/capitaliq/Estimates/Revisions/SPGlobal_GrupoBimbo,S.A.B.deC.V._Revisions_20-Sep-2026.xlsx",Revisions,447
2026-09-20,revisions,BMV : BIMBO A,Non-Periodic Metrics,LT GROWTH,Last Two Months,Upward,Non-Periodic,NP,,,,1,,,1,count of analysts,,"filings/capitaliq/Estimates/Revisions/SPGlobal_GrupoBimbo,S.A.B.deC.V._Revisions_20-Sep-2026.xlsx",Revisions,447
2026-09-20,revisions,BMV : BIMBO A,Non-Periodic Metrics,PRICE VOLATILITY,Last Two Months,Upward,Non-Periodic,NP,,,,0,,,0,count of analysts,,"filings/capitaliq/Estimates/Revisions/SPGlobal_GrupoBimbo,S.A.B.deC.V._Revisions_20-Sep-2026.xlsx",Revisions,447
2026-09-20,revisions,BMV : BIMBO A,Non-Periodic Metrics,TARGET PRICE,Last Two Months,Downward,Non-Periodic,NP,,,,0,,,0,count of analysts,,"filings/capitaliq/Estimates/Revisions/SPGlobal_GrupoBimbo,S.A.B.deC.V._Revisions_20-Sep-2026.xlsx",Revisions,448
2026-09-20,revisions,BMV : BIMBO A,Non-Periodic Metrics,RECOMMENDATION,Last Two Months,Downward,Non-Periodic,NP,,,,0,,,0,count of analysts,,"filings/capitaliq/Estimates/Revisions/SPGlobal_GrupoBimbo,S.A.B.deC.V._Revisions_20-Sep-2026.xlsx",Revisions,448
2026-09-20,revisions,BMV : BIMBO A,Non-Periodic Metrics,IND. RECOMMENDATION,Last Two Months,Downward,Non-Periodic,NP,,,,0,,,0,count of analysts,,"filings/capitaliq/Estimates/Revisions/SPGlobal_GrupoBimbo,S.A.B.deC.V._Revisions_20-Sep-2026.xlsx",Revisions,448
2026-09-20,revisions,BMV : BIMBO A,Non-Periodic Metrics,LT GROWTH,Last Two Months,Downward,Non-Periodic,NP,,,,0,,,0,count of analysts,,"filings/capitaliq/Estimates/Revisions/SPGlobal_GrupoBimbo,S.A.B.deC.V._Revisions_20-Sep-2026.xlsx",Revisions,448
2026-09-20,revisions,BMV : BIMBO A,Non-Periodic Metrics,PRICE VOLATILITY,Last Two Months,Downward,Non-Periodic,NP,,,,0,,,0,count of analysts,,"filings/capitaliq/Estimates/Revisions/SPGlobal_GrupoBimbo,S.A.B.deC.V._Revisions_20-Sep-2026.xlsx",Revisions,448
2026-09-20,revisions,BMV : BIMBO A,Non-Periodic Metrics,TARGET PRICE,Last Three Months,Number of Analysts,Non-Periodic,NP,,,,12,,,12,count of analysts,,"filings/capitaliq/Estimates/Revisions/SPGlobal_GrupoBimbo,S.A.B.deC.V._Revisions_20-Sep-2026.xlsx",Revisions,450
2026-09-20,revisions,BMV : BIMBO A,Non-Periodic Metrics,RECOMMENDATION,Last Three Months,Number of Analysts,Non-Periodic,NP,,,,12,,,12,count of analysts,,"filings/capitaliq/Estimates/Revisions/SPGlobal_GrupoBimbo,S.A.B.deC.V._Revisions_20-Sep-2026.xlsx",Revisions,450
2026-09-20,revisions,BMV : BIMBO A,Non-Periodic Metrics,IND. RECOMMENDATION,Last Three Months,Number of Analysts,Non-Periodic,NP,,,,1,,,1,count of analysts,,"filings/capitaliq/Estimates/Revisions/SPGlobal_GrupoBimbo,S.A.B.deC.V._Revisions_20-Sep-2026.xlsx",Revisions,450
2026-09-20,revisions,BMV : BIMBO A,Non-Periodic Metrics,LT GROWTH,Last Three Months,Number of Analysts,Non-Periodic,NP,,,,1,,,1,count of analysts,,"filings/capitaliq/Estimates/Revisions/SPGlobal_GrupoBimbo,S.A.B.deC.V._Revisions_20-Sep-2026.xlsx",Revisions,450
2026-09-20,revisions,BMV : BIMBO A,Non-Periodic Metrics,PRICE VOLATILITY,Last Three Months,Number of Analysts,Non-Periodic,NP,,,,1,,,1,count of analysts,,"filings/capitaliq/Estimates/Revisions/SPGlobal_GrupoBimbo,S.A.B.deC.V._Revisions_20-Sep-2026.xlsx",Revisions,450
2026-09-20,revisions,BMV : BIMBO A,Non-Periodic Metrics,TARGET PRICE,Last Three Months,Number of Analysts still in Consensus,Non-Periodic,NP,,,,12,,,12,count of analysts,,"filings/capitaliq/Estimates/Revisions/SPGlobal_GrupoBimbo,S.A.B.deC.V._Revisions_20-Sep-2026.xlsx",Revisions,451
2026-09-20,revisions,BMV : BIMBO A,Non-Periodic Metrics,RECOMMENDATION,Last Three Months,Number of Analysts still in Consensus,Non-Periodic,NP,,,,12,,,12,count of analysts,,"filings/capitaliq/Estimates/Revisions/SPGlobal_GrupoBimbo,S.A.B.deC.V._Revisions_20-Sep-2026.xlsx",Revisions,451
2026-09-20,revisions,BMV : BIMBO A,Non-Periodic Metrics,IND. RECOMMENDATION,Last Three Months,Number of Analysts still in Consensus,Non-Periodic,NP,,,,1,,,1,count of analysts,,"filings/capitaliq/Estimates/Revisions/SPGlobal_GrupoBimbo,S.A.B.deC.V._Revisions_20-Sep-2026.xlsx",Revisions,451
2026-09-20,revisions,BMV : BIMBO A,Non-Periodic Metrics,LT GROWTH,Last Three Months,Number of Analysts still in Consensus,Non-Periodic,NP,,,,1,,,1,count of analysts,,"filings/capitaliq/Estimates/Revisions/SPGlobal_GrupoBimbo,S.A.B.deC.V._Revisions_20-Sep-2026.xlsx",Revisions,451
2026-09-20,revisions,BMV : BIMBO A,Non-Periodic Metrics,PRICE VOLATILITY,Last Three Months,Number of Analysts still in Consensus,Non-Periodic,NP,,,,1,,,1,count of analysts,,"filings/capitaliq/Estimates/Revisions/SPGlobal_GrupoBimbo,S.A.B.deC.V._Revisions_20-Sep-2026.xlsx",Revisions,451
2026-09-20,revisions,BMV : BIMBO A,Non-Periodic Metrics,TARGET PRICE,Last Three Months,Upward,Non-Periodic,NP,,,,2,,,2,count of analysts,,"filings/capitaliq/Estimates/Revisions/SPGlobal_GrupoBimbo,S.A.B.deC.V._Revisions_20-Sep-2026.xlsx",Revisions,452
2026-09-20,revisions,BMV : BIMBO A,Non-Periodic Metrics,RECOMMENDATION,Last Three Months,Upward,Non-Periodic,NP,,,,1,,,1,count of analysts,,"filings/capitaliq/Estimates/Revisions/SPGlobal_GrupoBimbo,S.A.B.deC.V._Revisions_20-Sep-2026.xlsx",Revisions,452
2026-09-20,revisions,BMV : BIMBO A,Non-Periodic Metrics,IND. RECOMMENDATION,Last Three Months,Upward,Non-Periodic,NP,,,,0,,,0,count of analysts,,"filings/capitaliq/Estimates/Revisions/SPGlobal_GrupoBimbo,S.A.B.deC.V._Revisions_20-Sep-2026.xlsx",Revisions,452
2026-09-20,revisions,BMV : BIMBO A,Non-Periodic Metrics,LT GROWTH,Last Three Months,Upward,Non-Periodic,NP,,,,1,,,1,count of analysts,,"filings/capitaliq/Estimates/Revisions/SPGlobal_GrupoBimbo,S.A.B.deC.V._Revisions_20-Sep-2026.xlsx",Revisions,452
2026-09-20,revisions,BMV : BIMBO A,Non-Periodic Metrics,PRICE VOLATILITY,Last Three Months,Upward,Non-Periodic,NP,,,,0,,,0,count of analysts,,"filings/capitaliq/Estimates/Revisions/SPGlobal_GrupoBimbo,S.A.B.deC.V._Revisions_20-Sep-2026.xlsx",Revisions,452
2026-09-20,revisions,BMV : BIMBO A,Non-Periodic Metrics,TARGET PRICE,Last Three Months,Downward,Non-Periodic,NP,,,,1,,,1,count of analysts,,"filings/capitaliq/Estimates/Revisions/SPGlobal_GrupoBimbo,S.A.B.deC.V._Revisions_20-Sep-2026.xlsx",Revisions,453
2026-09-20,revisions,BMV : BIMBO A,Non-Periodic Metrics,RECOMMENDATION,Last Three Months,Downward,Non-Periodic,NP,,,,0,,,0,count of analysts,,"filings/capitaliq/Estimates/Revisions/SPGlobal_GrupoBimbo,S.A.B.deC.V._Revisions_20-Sep-2026.xlsx",Revisions,453
2026-09-20,revisions,BMV : BIMBO A,Non-Periodic Metrics,IND. RECOMMENDATION,Last Three Months,Downward,Non-Periodic,NP,,,,0,,,0,count of analysts,,"filings/capitaliq/Estimates/Revisions/SPGlobal_GrupoBimbo,S.A.B.deC.V._Revisions_20-Sep-2026.xlsx",Revisions,453
2026-09-20,revisions,BMV : BIMBO A,Non-Periodic Metrics,LT GROWTH,Last Three Months,Downward,Non-Periodic,NP,,,,0,,,0,count of analysts,,"filings/capitaliq/Estimates/Revisions/SPGlobal_GrupoBimbo,S.A.B.deC.V._Revisions_20-Sep-2026.xlsx",Revisions,453
2026-09-20,revisions,BMV : BIMBO A,Non-Periodic Metrics,PRICE VOLATILITY,Last Three Months,Downward,Non-Periodic,NP,,,,0,,,0,count of analysts,,"filings/capitaliq/Estimates/Revisions/SPGlobal_GrupoBimbo,S.A.B.deC.V._Revisions_20-Sep-2026.xlsx",Revisions,453
2026-09-20,revisions,OTCQX : BMBO.Y,Non-Periodic Metrics,TARGET PRICE,Last Month,Number of Analysts,Non-Periodic,NP,,,,1,,,1,count of analysts,,"filings/capitaliq/Estimates/Revisions/SPGlobal_GrupoBimbo,S.A.B.deC.V._Revisions_20-Sep-2026.xlsx",Revisions,456
2026-09-20,revisions,OTCQX : BMBO.Y,Non-Periodic Metrics,RECOMMENDATION,Last Month,Number of Analysts,Non-Periodic,NP,,,,1,,,1,count of analysts,,"filings/capitaliq/Estimates/Revisions/SPGlobal_GrupoBimbo,S.A.B.deC.V._Revisions_20-Sep-2026.xlsx",Revisions,456
2026-09-20,revisions,OTCQX : BMBO.Y,Non-Periodic Metrics,TARGET PRICE,Last Month,Number of Analysts still in Consensus,Non-Periodic,NP,,,,1,,,1,count of analysts,,"filings/capitaliq/Estimates/Revisions/SPGlobal_GrupoBimbo,S.A.B.deC.V._Revisions_20-Sep-2026.xlsx",Revisions,457
2026-09-20,revisions,OTCQX : BMBO.Y,Non-Periodic Metrics,RECOMMENDATION,Last Month,Number of Analysts still in Consensus,Non-Periodic,NP,,,,1,,,1,count of analysts,,"filings/capitaliq/Estimates/Revisions/SPGlobal_GrupoBimbo,S.A.B.deC.V._Revisions_20-Sep-2026.xlsx",Revisions,457
2026-09-20,revisions,OTCQX : BMBO.Y,Non-Periodic Metrics,TARGET PRICE,Last Month,Upward,Non-Periodic,NP,,,,0,,,0,count of analysts,,"filings/capitaliq/Estimates/Revisions/SPGlobal_GrupoBimbo,S.A.B.deC.V._Revisions_20-Sep-2026.xlsx",Revisions,458
2026-09-20,revisions,OTCQX : BMBO.Y,Non-Periodic Metrics,RECOMMENDATION,Last Month,Upward,Non-Periodic,NP,,,,0,,,0,count of analysts,,"filings/capitaliq/Estimates/Revisions/SPGlobal_GrupoBimbo,S.A.B.deC.V._Revisions_20-Sep-2026.xlsx",Revisions,458
2026-09-20,revisions,OTCQX : BMBO.Y,Non-Periodic Metrics,TARGET PRICE,Last Month,Downward,Non-Periodic,NP,,,,0,,,0,count of analysts,,"filings/capitaliq/Estimates/Revisions/SPGlobal_GrupoBimbo,S.A.B.deC.V._Revisions_20-Sep-2026.xlsx",Revisions,459
2026-09-20,revisions,OTCQX : BMBO.Y,Non-Periodic Metrics,RECOMMENDATION,Last Month,Downward,Non-Periodic,NP,,,,0,,,0,count of analysts,,"filings/capitaliq/Estimates/Revisions/SPGlobal_GrupoBimbo,S.A.B.deC.V._Revisions_20-Sep-2026.xlsx",Revisions,459
2026-09-20,revisions,OTCQX : BMBO.Y,Non-Periodic Metrics,TARGET PRICE,Last Two Months,Number of Analysts,Non-Periodic,NP,,,,1,,,1,count of analysts,,"filings/capitaliq/Estimates/Revisions/SPGlobal_GrupoBimbo,S.A.B.deC.V._Revisions_20-Sep-2026.xlsx",Revisions,461
2026-09-20,revisions,OTCQX : BMBO.Y,Non-Periodic Metrics,RECOMMENDATION,Last Two Months,Number of Analysts,Non-Periodic,NP,,,,1,,,1,count of analysts,,"filings/capitaliq/Estimates/Revisions/SPGlobal_GrupoBimbo,S.A.B.deC.V._Revisions_20-Sep-2026.xlsx",Revisions,461
2026-09-20,revisions,OTCQX : BMBO.Y,Non-Periodic Metrics,TARGET PRICE,Last Two Months,Number of Analysts still in Consensus,Non-Periodic,NP,,,,1,,,1,count of analysts,,"filings/capitaliq/Estimates/Revisions/SPGlobal_GrupoBimbo,S.A.B.deC.V._Revisions_20-Sep-2026.xlsx",Revisions,462
2026-09-20,revisions,OTCQX : BMBO.Y,Non-Periodic Metrics,RECOMMENDATION,Last Two Months,Number of Analysts still in Consensus,Non-Periodic,NP,,,,1,,,1,count of analysts,,"filings/capitaliq/Estimates/Revisions/SPGlobal_GrupoBimbo,S.A.B.deC.V._Revisions_20-Sep-2026.xlsx",Revisions,462
2026-09-20,revisions,OTCQX : BMBO.Y,Non-Periodic Metrics,TARGET PRICE,Last Two Months,Upward,Non-Periodic,NP,,,,0,,,0,count of analysts,,"filings/capitaliq/Estimates/Revisions/SPGlobal_GrupoBimbo,S.A.B.deC.V._Revisions_20-Sep-2026.xlsx",Revisions,463
2026-09-20,revisions,OTCQX : BMBO.Y,Non-Periodic Metrics,RECOMMENDATION,Last Two Months,Upward,Non-Periodic,NP,,,,0,,,0,count of analysts,,"filings/capitaliq/Estimates/Revisions/SPGlobal_GrupoBimbo,S.A.B.deC.V._Revisions_20-Sep-2026.xlsx",Revisions,463
2026-09-20,revisions,OTCQX : BMBO.Y,Non-Periodic Metrics,TARGET PRICE,Last Two Months,Downward,Non-Periodic,NP,,,,0,,,0,count of analysts,,"filings/capitaliq/Estimates/Revisions/SPGlobal_GrupoBimbo,S.A.B.deC.V._Revisions_20-Sep-2026.xlsx",Revisions,464
2026-09-20,revisions,OTCQX : BMBO.Y,Non-Periodic Metrics,RECOMMENDATION,Last Two Months,Downward,Non-Periodic,NP,,,,0,,,0,count of analysts,,"filings/capitaliq/Estimates/Revisions/SPGlobal_GrupoBimbo,S.A.B.deC.V._Revisions_20-Sep-2026.xlsx",Revisions,464
2026-09-20,revisions,OTCQX : BMBO.Y,Non-Periodic Metrics,TARGET PRICE,Last Three Months,Number of Analysts,Non-Periodic,NP,,,,1,,,1,count of analysts,,"filings/capitaliq/Estimates/Revisions/SPGlobal_GrupoBimbo,S.A.B.deC.V._Revisions_20-Sep-2026.xlsx",Revisions,466
2026-09-20,revisions,OTCQX : BMBO.Y,Non-Periodic Metrics,RECOMMENDATION,Last Three Months,Number of Analysts,Non-Periodic,NP,,,,1,,,1,count of analysts,,"filings/capitaliq/Estimates/Revisions/SPGlobal_GrupoBimbo,S.A.B.deC.V._Revisions_20-Sep-2026.xlsx",Revisions,466
2026-09-20,revisions,OTCQX : BMBO.Y,Non-Periodic Metrics,TARGET PRICE,Last Three Months,Number of Analysts still in Consensus,Non-Periodic,NP,,,,1,,,1,count of analysts,,"filings/capitaliq/Estimates/Revisions/SPGlobal_GrupoBimbo,S.A.B.deC.V._Revisions_20-Sep-2026.xlsx",Revisions,467
2026-09-20,revisions,OTCQX : BMBO.Y,Non-Periodic Metrics,RECOMMENDATION,Last Three Months,Number of Analysts still in Consensus,Non-Periodic,NP,,,,1,,,1,count of analysts,,"filings/capitaliq/Estimates/Revisions/SPGlobal_GrupoBimbo,S.A.B.deC.V._Revisions_20-Sep-2026.xlsx",Revisions,467
2026-09-20,revisions,OTCQX : BMBO.Y,Non-Periodic Metrics,TARGET PRICE,Last Three Months,Upward,Non-Periodic,NP,,,,0,,,0,count of analysts,,"filings/capitaliq/Estimates/Revisions/SPGlobal_GrupoBimbo,S.A.B.deC.V._Revisions_20-Sep-2026.xlsx",Revisions,468
2026-09-20,revisions,OTCQX : BMBO.Y,Non-Periodic Metrics,RECOMMENDATION,Last Three Months,Upward,Non-Periodic,NP,,,,0,,,0,count of analysts,,"filings/capitaliq/Estimates/Revisions/SPGlobal_GrupoBimbo,S.A.B.deC.V._Revisions_20-Sep-2026.xlsx",Revisions,468
2026-09-20,revisions,OTCQX : BMBO.Y,Non-Periodic Metrics,TARGET PRICE,Last Three Months,Downward,Non-Periodic,NP,,,,0,,,0,count of analysts,,"filings/capitaliq/Estimates/Revisions/SPGlobal_GrupoBimbo,S.A.B.deC.V._Revisions_20-Sep-2026.xlsx",Revisions,469
2026-09-20,revisions,OTCQX : BMBO.Y,Non-Periodic Metrics,RECOMMENDATION,Last Three Months,Downward,Non-Periodic,NP,,,,0,,,0,count of analysts,,"filings/capitaliq/Estimates/Revisions/SPGlobal_GrupoBimbo,S.A.B.deC.V._Revisions_20-Sep-2026.xlsx",Revisions,469
