as_of,dataset,security,section,metric,group,stat,period,period_type,fiscal_year,fiscal_quarter,period_end,value,value_high,flag,raw_value,unit,currency,source_file,sheet,excel_row
2026-10-06,trends,BMV:BIMBO A (Mex$),Per Share Level,EPS Normalized,,Current,FQ3 2026,FQ,2026,3,2026-09-30,0.86603,,,0.86603,Mex$ per share,MXN,"filings/capitaliq/Estimates/Trends/SPGlobal_GrupoBimbo,S.A.B.deC.V._Trends_06-Oct-2026.xlsx",Trends,18
2026-10-06,trends,BMV:BIMBO A (Mex$),Per Share Level,EPS Normalized,,Current,FQ4 2026,FQ,2026,4,2026-12-31,0.9007,,,0.9007,Mex$ per share,MXN,"filings/capitaliq/Estimates/Trends/SPGlobal_GrupoBimbo,S.A.B.deC.V._Trends_06-Oct-2026.xlsx",Trends,18
2026-10-06,trends,BMV:BIMBO A (Mex$),Per Share Level,EPS Normalized,,Current,FY 2026,FY,2026,,2026-12-31,3.06957,,,3.06957,Mex$ per share,MXN,"filings/capitaliq/Estimates/Trends/SPGlobal_GrupoBimbo,S.A.B.deC.V._Trends_06-Oct-2026.xlsx",Trends,18
2026-10-06,trends,BMV:BIMBO A (Mex$),Per Share Level,EPS Normalized,,Current,FQ1 2027,FQ,2027,1,2027-03-31,0.62,,,0.62,Mex$ per share,MXN,"filings/capitaliq/Estimates/Trends/SPGlobal_GrupoBimbo,S.A.B.deC.V._Trends_06-Oct-2026.xlsx",Trends,18
2026-10-06,trends,BMV:BIMBO A (Mex$),Per Share Level,EPS Normalized,,Current,FQ2 2027,FQ,2027,2,2027-06-30,0.798,,,0.798,Mex$ per share,MXN,"filings/capitaliq/Estimates/Trends/SPGlobal_GrupoBimbo,S.A.B.deC.V._Trends_06-Oct-2026.xlsx",Trends,18
2026-10-06,trends,BMV:BIMBO A (Mex$),Per Share Level,EPS Normalized,,Current,FQ3 2027,FQ,2027,3,2027-09-30,0.929,,,0.929,Mex$ per share,MXN,"filings/capitaliq/Estimates/Trends/SPGlobal_GrupoBimbo,S.A.B.deC.V._Trends_06-Oct-2026.xlsx",Trends,18
2026-10-06,trends,BMV:BIMBO A (Mex$),Per Share Level,EPS Normalized,,Current,FQ4 2027,FQ,2027,4,2027-12-31,0.878,,,0.878,Mex$ per share,MXN,"filings/capitaliq/Estimates/Trends/SPGlobal_GrupoBimbo,S.A.B.deC.V._Trends_06-Oct-2026.xlsx",Trends,18
2026-10-06,trends,BMV:BIMBO A (Mex$),Per Share Level,EPS Normalized,,Current,FY 2027,FY,2027,,2027-12-31,3.34684,,,3.34684,Mex$ per share,MXN,"filings/capitaliq/Estimates/Trends/SPGlobal_GrupoBimbo,S.A.B.deC.V._Trends_06-Oct-2026.xlsx",Trends,18
2026-10-06,trends,BMV:BIMBO A (Mex$),Per Share Level,EPS Normalized,,Current,FY 2028,FY,2028,,2028-12-31,3.79506,,,3.79506,Mex$ per share,MXN,"filings/capitaliq/Estimates/Trends/SPGlobal_GrupoBimbo,S.A.B.deC.V._Trends_06-Oct-2026.xlsx",Trends,18
2026-10-06,trends,BMV:BIMBO A (Mex$),Per Share Level,EPS Normalized,,Current,FY 2029,FY,2029,,2029-12-31,4.02,,,4.02,Mex$ per share,MXN,"filings/capitaliq/Estimates/Trends/SPGlobal_GrupoBimbo,S.A.B.deC.V._Trends_06-Oct-2026.xlsx",Trends,18
2026-10-06,trends,BMV:BIMBO A (Mex$),Per Share Level,EPS Normalized,,Current,FY 2030,FY,2030,,2030-12-31,4.52,,,4.52,Mex$ per share,MXN,"filings/capitaliq/Estimates/Trends/SPGlobal_GrupoBimbo,S.A.B.deC.V._Trends_06-Oct-2026.xlsx",Trends,18
2026-10-06,trends,BMV:BIMBO A (Mex$),Per Share Level,EPS Normalized,,Current,FY 2031,FY,2031,,2031-12-31,5.2,,,5.2,Mex$ per share,MXN,"filings/capitaliq/Estimates/Trends/SPGlobal_GrupoBimbo,S.A.B.deC.V._Trends_06-Oct-2026.xlsx",Trends,18
2026-10-06,trends,BMV:BIMBO A (Mex$),Per Share Level,EPS Normalized,,1 Month ago,FQ3 2026,FQ,2026,3,2026-09-30,0.86603,,,0.86603,Mex$ per share,MXN,"filings/capitaliq/Estimates/Trends/SPGlobal_GrupoBimbo,S.A.B.deC.V._Trends_06-Oct-2026.xlsx",Trends,19
2026-10-06,trends,BMV:BIMBO A (Mex$),Per Share Level,EPS Normalized,,1 Month ago,FQ4 2026,FQ,2026,4,2026-12-31,0.9007,,,0.9007,Mex$ per share,MXN,"filings/capitaliq/Estimates/Trends/SPGlobal_GrupoBimbo,S.A.B.deC.V._Trends_06-Oct-2026.xlsx",Trends,19
2026-10-06,trends,BMV:BIMBO A (Mex$),Per Share Level,EPS Normalized,,1 Month ago,FY 2026,FY,2026,,2026-12-31,3.06957,,,3.06957,Mex$ per share,MXN,"filings/capitaliq/Estimates/Trends/SPGlobal_GrupoBimbo,S.A.B.deC.V._Trends_06-Oct-2026.xlsx",Trends,19
2026-10-06,trends,BMV:BIMBO A (Mex$),Per Share Level,EPS Normalized,,1 Month ago,FQ1 2027,FQ,2027,1,2027-03-31,0.62,,,0.62,Mex$ per share,MXN,"filings/capitaliq/Estimates/Trends/SPGlobal_GrupoBimbo,S.A.B.deC.V._Trends_06-Oct-2026.xlsx",Trends,19
2026-10-06,trends,BMV:BIMBO A (Mex$),Per Share Level,EPS Normalized,,1 Month ago,FQ2 2027,FQ,2027,2,2027-06-30,0.798,,,0.798,Mex$ per share,MXN,"filings/capitaliq/Estimates/Trends/SPGlobal_GrupoBimbo,S.A.B.deC.V._Trends_06-Oct-2026.xlsx",Trends,19
2026-10-06,trends,BMV:BIMBO A (Mex$),Per Share Level,EPS Normalized,,1 Month ago,FQ3 2027,FQ,2027,3,2027-09-30,0.929,,,0.929,Mex$ per share,MXN,"filings/capitaliq/Estimates/Trends/SPGlobal_GrupoBimbo,S.A.B.deC.V._Trends_06-Oct-2026.xlsx",Trends,19
2026-10-06,trends,BMV:BIMBO A (Mex$),Per Share Level,EPS Normalized,,1 Month ago,FQ4 2027,FQ,2027,4,2027-12-31,0.878,,,0.878,Mex$ per share,MXN,"filings/capitaliq/Estimates/Trends/SPGlobal_GrupoBimbo,S.A.B.deC.V._Trends_06-Oct-2026.xlsx",Trends,19
2026-10-06,trends,BMV:BIMBO A (Mex$),Per Share Level,EPS Normalized,,1 Month ago,FY 2027,FY,2027,,2027-12-31,3.34684,,,3.34684,Mex$ per share,MXN,"filings/capitaliq/Estimates/Trends/SPGlobal_GrupoBimbo,S.A.B.deC.V._Trends_06-Oct-2026.xlsx",Trends,19
2026-10-06,trends,BMV:BIMBO A (Mex$),Per Share Level,EPS Normalized,,1 Month ago,FY 2028,FY,2028,,2028-12-31,3.79506,,,3.79506,Mex$ per share,MXN,"filings/capitaliq/Estimates/Trends/SPGlobal_GrupoBimbo,S.A.B.deC.V._Trends_06-Oct-2026.xlsx",Trends,19
2026-10-06,trends,BMV:BIMBO A (Mex$),Per Share Level,EPS Normalized,,1 Month ago,FY 2029,FY,2029,,2029-12-31,4.02,,,4.02,Mex$ per share,MXN,"filings/capitaliq/Estimates/Trends/SPGlobal_GrupoBimbo,S.A.B.deC.V._Trends_06-Oct-2026.xlsx",Trends,19
2026-10-06,trends,BMV:BIMBO A (Mex$),Per Share Level,EPS Normalized,,1 Month ago,FY 2030,FY,2030,,2030-12-31,4.52,,,4.52,Mex$ per share,MXN,"filings/capitaliq/Estimates/Trends/SPGlobal_GrupoBimbo,S.A.B.deC.V._Trends_06-Oct-2026.xlsx",Trends,19
2026-10-06,trends,BMV:BIMBO A (Mex$),Per Share Level,EPS Normalized,,1 Month ago,FY 2031,FY,2031,,2031-12-31,5.2,,,5.2,Mex$ per share,MXN,"filings/capitaliq/Estimates/Trends/SPGlobal_GrupoBimbo,S.A.B.deC.V._Trends_06-Oct-2026.xlsx",Trends,19
2026-10-06,trends,BMV:BIMBO A (Mex$),Per Share Level,EPS Normalized,,2 Months ago,FQ3 2026,FQ,2026,3,2026-09-30,0.86603,,,0.86603,Mex$ per share,MXN,"filings/capitaliq/Estimates/Trends/SPGlobal_GrupoBimbo,S.A.B.deC.V._Trends_06-Oct-2026.xlsx",Trends,20
2026-10-06,trends,BMV:BIMBO A (Mex$),Per Share Level,EPS Normalized,,2 Months ago,FQ4 2026,FQ,2026,4,2026-12-31,0.9007,,,0.9007,Mex$ per share,MXN,"filings/capitaliq/Estimates/Trends/SPGlobal_GrupoBimbo,S.A.B.deC.V._Trends_06-Oct-2026.xlsx",Trends,20
2026-10-06,trends,BMV:BIMBO A (Mex$),Per Share Level,EPS Normalized,,2 Months ago,FY 2026,FY,2026,,2026-12-31,3.07237,,,3.07237,Mex$ per share,MXN,"filings/capitaliq/Estimates/Trends/SPGlobal_GrupoBimbo,S.A.B.deC.V._Trends_06-Oct-2026.xlsx",Trends,20
2026-10-06,trends,BMV:BIMBO A (Mex$),Per Share Level,EPS Normalized,,2 Months ago,FQ1 2027,FQ,2027,1,2027-03-31,0.62,,,0.62,Mex$ per share,MXN,"filings/capitaliq/Estimates/Trends/SPGlobal_GrupoBimbo,S.A.B.deC.V._Trends_06-Oct-2026.xlsx",Trends,20
2026-10-06,trends,BMV:BIMBO A (Mex$),Per Share Level,EPS Normalized,,2 Months ago,FQ2 2027,FQ,2027,2,2027-06-30,0.798,,,0.798,Mex$ per share,MXN,"filings/capitaliq/Estimates/Trends/SPGlobal_GrupoBimbo,S.A.B.deC.V._Trends_06-Oct-2026.xlsx",Trends,20
2026-10-06,trends,BMV:BIMBO A (Mex$),Per Share Level,EPS Normalized,,2 Months ago,FQ3 2027,FQ,2027,3,2027-09-30,0.929,,,0.929,Mex$ per share,MXN,"filings/capitaliq/Estimates/Trends/SPGlobal_GrupoBimbo,S.A.B.deC.V._Trends_06-Oct-2026.xlsx",Trends,20
2026-10-06,trends,BMV:BIMBO A (Mex$),Per Share Level,EPS Normalized,,2 Months ago,FQ4 2027,FQ,2027,4,2027-12-31,0.878,,,0.878,Mex$ per share,MXN,"filings/capitaliq/Estimates/Trends/SPGlobal_GrupoBimbo,S.A.B.deC.V._Trends_06-Oct-2026.xlsx",Trends,20
2026-10-06,trends,BMV:BIMBO A (Mex$),Per Share Level,EPS Normalized,,2 Months ago,FY 2027,FY,2027,,2027-12-31,3.3597,,,3.3597,Mex$ per share,MXN,"filings/capitaliq/Estimates/Trends/SPGlobal_GrupoBimbo,S.A.B.deC.V._Trends_06-Oct-2026.xlsx",Trends,20
2026-10-06,trends,BMV:BIMBO A (Mex$),Per Share Level,EPS Normalized,,2 Months ago,FY 2028,FY,2028,,2028-12-31,3.79506,,,3.79506,Mex$ per share,MXN,"filings/capitaliq/Estimates/Trends/SPGlobal_GrupoBimbo,S.A.B.deC.V._Trends_06-Oct-2026.xlsx",Trends,20
2026-10-06,trends,BMV:BIMBO A (Mex$),Per Share Level,EPS Normalized,,2 Months ago,FY 2029,FY,2029,,2029-12-31,4.02,,,4.02,Mex$ per share,MXN,"filings/capitaliq/Estimates/Trends/SPGlobal_GrupoBimbo,S.A.B.deC.V._Trends_06-Oct-2026.xlsx",Trends,20
2026-10-06,trends,BMV:BIMBO A (Mex$),Per Share Level,EPS Normalized,,2 Months ago,FY 2030,FY,2030,,2030-12-31,4.52,,,4.52,Mex$ per share,MXN,"filings/capitaliq/Estimates/Trends/SPGlobal_GrupoBimbo,S.A.B.deC.V._Trends_06-Oct-2026.xlsx",Trends,20
2026-10-06,trends,BMV:BIMBO A (Mex$),Per Share Level,EPS Normalized,,2 Months ago,FY 2031,FY,2031,,2031-12-31,5.2,,,5.2,Mex$ per share,MXN,"filings/capitaliq/Estimates/Trends/SPGlobal_GrupoBimbo,S.A.B.deC.V._Trends_06-Oct-2026.xlsx",Trends,20
2026-10-06,trends,BMV:BIMBO A (Mex$),Per Share Level,EPS Normalized,,3 Months ago,FQ3 2026,FQ,2026,3,2026-09-30,0.8501,,,0.8501,Mex$ per share,MXN,"filings/capitaliq/Estimates/Trends/SPGlobal_GrupoBimbo,S.A.B.deC.V._Trends_06-Oct-2026.xlsx",Trends,21
2026-10-06,trends,BMV:BIMBO A (Mex$),Per Share Level,EPS Normalized,,3 Months ago,FQ4 2026,FQ,2026,4,2026-12-31,0.88747,,,0.88747,Mex$ per share,MXN,"filings/capitaliq/Estimates/Trends/SPGlobal_GrupoBimbo,S.A.B.deC.V._Trends_06-Oct-2026.xlsx",Trends,21
2026-10-06,trends,BMV:BIMBO A (Mex$),Per Share Level,EPS Normalized,,3 Months ago,FY 2026,FY,2026,,2026-12-31,3.11916,,,3.11916,Mex$ per share,MXN,"filings/capitaliq/Estimates/Trends/SPGlobal_GrupoBimbo,S.A.B.deC.V._Trends_06-Oct-2026.xlsx",Trends,21
2026-10-06,trends,BMV:BIMBO A (Mex$),Per Share Level,EPS Normalized,,3 Months ago,FQ1 2027,FQ,2027,1,2027-03-31,0.646,,,0.646,Mex$ per share,MXN,"filings/capitaliq/Estimates/Trends/SPGlobal_GrupoBimbo,S.A.B.deC.V._Trends_06-Oct-2026.xlsx",Trends,21
2026-10-06,trends,BMV:BIMBO A (Mex$),Per Share Level,EPS Normalized,,3 Months ago,FQ2 2027,FQ,2027,2,2027-06-30,0.791,,,0.791,Mex$ per share,MXN,"filings/capitaliq/Estimates/Trends/SPGlobal_GrupoBimbo,S.A.B.deC.V._Trends_06-Oct-2026.xlsx",Trends,21
2026-10-06,trends,BMV:BIMBO A (Mex$),Per Share Level,EPS Normalized,,3 Months ago,FQ3 2027,FQ,2027,3,2027-09-30,0.956,,,0.956,Mex$ per share,MXN,"filings/capitaliq/Estimates/Trends/SPGlobal_GrupoBimbo,S.A.B.deC.V._Trends_06-Oct-2026.xlsx",Trends,21
2026-10-06,trends,BMV:BIMBO A (Mex$),Per Share Level,EPS Normalized,,3 Months ago,FQ4 2027,FQ,2027,4,2027-12-31,0.88,,,0.88,Mex$ per share,MXN,"filings/capitaliq/Estimates/Trends/SPGlobal_GrupoBimbo,S.A.B.deC.V._Trends_06-Oct-2026.xlsx",Trends,21
2026-10-06,trends,BMV:BIMBO A (Mex$),Per Share Level,EPS Normalized,,3 Months ago,FY 2027,FY,2027,,2027-12-31,3.44462,,,3.44462,Mex$ per share,MXN,"filings/capitaliq/Estimates/Trends/SPGlobal_GrupoBimbo,S.A.B.deC.V._Trends_06-Oct-2026.xlsx",Trends,21
2026-10-06,trends,BMV:BIMBO A (Mex$),Per Share Level,EPS Normalized,,3 Months ago,FY 2028,FY,2028,,2028-12-31,3.79279,,,3.79279,Mex$ per share,MXN,"filings/capitaliq/Estimates/Trends/SPGlobal_GrupoBimbo,S.A.B.deC.V._Trends_06-Oct-2026.xlsx",Trends,21
2026-10-06,trends,BMV:BIMBO A (Mex$),Per Share Level,EPS Normalized,,3 Months ago,FY 2029,FY,2029,,2029-12-31,3.74,,,3.74,Mex$ per share,MXN,"filings/capitaliq/Estimates/Trends/SPGlobal_GrupoBimbo,S.A.B.deC.V._Trends_06-Oct-2026.xlsx",Trends,21
2026-10-06,trends,BMV:BIMBO A (Mex$),Per Share Level,EPS Normalized,,3 Months ago,FY 2030,FY,2030,,2030-12-31,4.24,,,4.24,Mex$ per share,MXN,"filings/capitaliq/Estimates/Trends/SPGlobal_GrupoBimbo,S.A.B.deC.V._Trends_06-Oct-2026.xlsx",Trends,21
2026-10-06,trends,BMV:BIMBO A (Mex$),Per Share Level,EPS Normalized,,6 Months ago,FQ3 2026,FQ,2026,3,2026-09-30,0.8835,,,0.8835,Mex$ per share,MXN,"filings/capitaliq/Estimates/Trends/SPGlobal_GrupoBimbo,S.A.B.deC.V._Trends_06-Oct-2026.xlsx",Trends,22
2026-10-06,trends,BMV:BIMBO A (Mex$),Per Share Level,EPS Normalized,,6 Months ago,FQ4 2026,FQ,2026,4,2026-12-31,0.8685,,,0.8685,Mex$ per share,MXN,"filings/capitaliq/Estimates/Trends/SPGlobal_GrupoBimbo,S.A.B.deC.V._Trends_06-Oct-2026.xlsx",Trends,22
2026-10-06,trends,BMV:BIMBO A (Mex$),Per Share Level,EPS Normalized,,6 Months ago,FY 2026,FY,2026,,2026-12-31,3.16416,,,3.16416,Mex$ per share,MXN,"filings/capitaliq/Estimates/Trends/SPGlobal_GrupoBimbo,S.A.B.deC.V._Trends_06-Oct-2026.xlsx",Trends,22
2026-10-06,trends,BMV:BIMBO A (Mex$),Per Share Level,EPS Normalized,,6 Months ago,FQ1 2027,FQ,2027,1,2027-03-31,0.58,,,0.58,Mex$ per share,MXN,"filings/capitaliq/Estimates/Trends/SPGlobal_GrupoBimbo,S.A.B.deC.V._Trends_06-Oct-2026.xlsx",Trends,22
2026-10-06,trends,BMV:BIMBO A (Mex$),Per Share Level,EPS Normalized,,6 Months ago,FQ2 2027,FQ,2027,2,2027-06-30,0.747,,,0.747,Mex$ per share,MXN,"filings/capitaliq/Estimates/Trends/SPGlobal_GrupoBimbo,S.A.B.deC.V._Trends_06-Oct-2026.xlsx",Trends,22
2026-10-06,trends,BMV:BIMBO A (Mex$),Per Share Level,EPS Normalized,,6 Months ago,FQ3 2027,FQ,2027,3,2027-09-30,0.961,,,0.961,Mex$ per share,MXN,"filings/capitaliq/Estimates/Trends/SPGlobal_GrupoBimbo,S.A.B.deC.V._Trends_06-Oct-2026.xlsx",Trends,22
2026-10-06,trends,BMV:BIMBO A (Mex$),Per Share Level,EPS Normalized,,6 Months ago,FQ4 2027,FQ,2027,4,2027-12-31,0.87,,,0.87,Mex$ per share,MXN,"filings/capitaliq/Estimates/Trends/SPGlobal_GrupoBimbo,S.A.B.deC.V._Trends_06-Oct-2026.xlsx",Trends,22
2026-10-06,trends,BMV:BIMBO A (Mex$),Per Share Level,EPS Normalized,,6 Months ago,FY 2027,FY,2027,,2027-12-31,3.54806,,,3.54806,Mex$ per share,MXN,"filings/capitaliq/Estimates/Trends/SPGlobal_GrupoBimbo,S.A.B.deC.V._Trends_06-Oct-2026.xlsx",Trends,22
2026-10-06,trends,BMV:BIMBO A (Mex$),Per Share Level,EPS Normalized,,6 Months ago,FY 2028,FY,2028,,2028-12-31,3.67568,,,3.67568,Mex$ per share,MXN,"filings/capitaliq/Estimates/Trends/SPGlobal_GrupoBimbo,S.A.B.deC.V._Trends_06-Oct-2026.xlsx",Trends,22
2026-10-06,trends,BMV:BIMBO A (Mex$),Per Share Level,EPS Normalized,,6 Months ago,FY 2029,FY,2029,,2029-12-31,3.73,,,3.73,Mex$ per share,MXN,"filings/capitaliq/Estimates/Trends/SPGlobal_GrupoBimbo,S.A.B.deC.V._Trends_06-Oct-2026.xlsx",Trends,22
2026-10-06,trends,BMV:BIMBO A (Mex$),Per Share Level,EPS Normalized,,6 Months ago,FY 2030,FY,2030,,2030-12-31,4.19,,,4.19,Mex$ per share,MXN,"filings/capitaliq/Estimates/Trends/SPGlobal_GrupoBimbo,S.A.B.deC.V._Trends_06-Oct-2026.xlsx",Trends,22
2026-10-06,trends,BMV:BIMBO A (Mex$),Per Share Level,EPS Normalized,,9 Months ago,FQ3 2026,FQ,2026,3,2026-09-30,1.0315,,,1.0315,Mex$ per share,MXN,"filings/capitaliq/Estimates/Trends/SPGlobal_GrupoBimbo,S.A.B.deC.V._Trends_06-Oct-2026.xlsx",Trends,23
2026-10-06,trends,BMV:BIMBO A (Mex$),Per Share Level,EPS Normalized,,9 Months ago,FQ4 2026,FQ,2026,4,2026-12-31,1.091,,,1.091,Mex$ per share,MXN,"filings/capitaliq/Estimates/Trends/SPGlobal_GrupoBimbo,S.A.B.deC.V._Trends_06-Oct-2026.xlsx",Trends,23
2026-10-06,trends,BMV:BIMBO A (Mex$),Per Share Level,EPS Normalized,,9 Months ago,FY 2026,FY,2026,,2026-12-31,3.44044,,,3.44044,Mex$ per share,MXN,"filings/capitaliq/Estimates/Trends/SPGlobal_GrupoBimbo,S.A.B.deC.V._Trends_06-Oct-2026.xlsx",Trends,23
2026-10-06,trends,BMV:BIMBO A (Mex$),Per Share Level,EPS Normalized,,9 Months ago,FY 2027,FY,2027,,2027-12-31,3.78208,,,3.78208,Mex$ per share,MXN,"filings/capitaliq/Estimates/Trends/SPGlobal_GrupoBimbo,S.A.B.deC.V._Trends_06-Oct-2026.xlsx",Trends,23
2026-10-06,trends,BMV:BIMBO A (Mex$),Per Share Level,EPS Normalized,,9 Months ago,FY 2028,FY,2028,,2028-12-31,4.06,,,4.06,Mex$ per share,MXN,"filings/capitaliq/Estimates/Trends/SPGlobal_GrupoBimbo,S.A.B.deC.V._Trends_06-Oct-2026.xlsx",Trends,23
2026-10-06,trends,BMV:BIMBO A (Mex$),Per Share Level,EPS Normalized,,9 Months ago,FY 2029,FY,2029,,2029-12-31,4.68,,,4.68,Mex$ per share,MXN,"filings/capitaliq/Estimates/Trends/SPGlobal_GrupoBimbo,S.A.B.deC.V._Trends_06-Oct-2026.xlsx",Trends,23
2026-10-06,trends,BMV:BIMBO A (Mex$),Per Share Level,EPS Normalized,,12 Months ago,FQ3 2026,FQ,2026,3,2026-09-30,0.944,,,0.944,Mex$ per share,MXN,"filings/capitaliq/Estimates/Trends/SPGlobal_GrupoBimbo,S.A.B.deC.V._Trends_06-Oct-2026.xlsx",Trends,24
2026-10-06,trends,BMV:BIMBO A (Mex$),Per Share Level,EPS Normalized,,12 Months ago,FQ4 2026,FQ,2026,4,2026-12-31,1.051,,,1.051,Mex$ per share,MXN,"filings/capitaliq/Estimates/Trends/SPGlobal_GrupoBimbo,S.A.B.deC.V._Trends_06-Oct-2026.xlsx",Trends,24
2026-10-06,trends,BMV:BIMBO A (Mex$),Per Share Level,EPS Normalized,,12 Months ago,FY 2026,FY,2026,,2026-12-31,3.49481,,,3.49481,Mex$ per share,MXN,"filings/capitaliq/Estimates/Trends/SPGlobal_GrupoBimbo,S.A.B.deC.V._Trends_06-Oct-2026.xlsx",Trends,24
2026-10-06,trends,BMV:BIMBO A (Mex$),Per Share Level,EPS Normalized,,12 Months ago,FY 2027,FY,2027,,2027-12-31,3.86063,,,3.86063,Mex$ per share,MXN,"filings/capitaliq/Estimates/Trends/SPGlobal_GrupoBimbo,S.A.B.deC.V._Trends_06-Oct-2026.xlsx",Trends,24
2026-10-06,trends,BMV:BIMBO A (Mex$),Per Share Level,EPS Normalized,,12 Months ago,FY 2028,FY,2028,,2028-12-31,4.41,,,4.41,Mex$ per share,MXN,"filings/capitaliq/Estimates/Trends/SPGlobal_GrupoBimbo,S.A.B.deC.V._Trends_06-Oct-2026.xlsx",Trends,24
2026-10-06,trends,BMV:BIMBO A (Mex$),Per Share Level,EPS Normalized,,12 Months ago,FY 2029,FY,2029,,2029-12-31,4.68,,,4.68,Mex$ per share,MXN,"filings/capitaliq/Estimates/Trends/SPGlobal_GrupoBimbo,S.A.B.deC.V._Trends_06-Oct-2026.xlsx",Trends,24
2026-10-06,trends,BMV:BIMBO A (Mex$),Per Share Level,EPS Normalized,,18 Months ago,FQ3 2026,FQ,2026,3,2026-09-30,1.14133,,,1.14133,Mex$ per share,MXN,"filings/capitaliq/Estimates/Trends/SPGlobal_GrupoBimbo,S.A.B.deC.V._Trends_06-Oct-2026.xlsx",Trends,25
2026-10-06,trends,BMV:BIMBO A (Mex$),Per Share Level,EPS Normalized,,18 Months ago,FQ4 2026,FQ,2026,4,2026-12-31,1.19067,,,1.19067,Mex$ per share,MXN,"filings/capitaliq/Estimates/Trends/SPGlobal_GrupoBimbo,S.A.B.deC.V._Trends_06-Oct-2026.xlsx",Trends,25
2026-10-06,trends,BMV:BIMBO A (Mex$),Per Share Level,EPS Normalized,,18 Months ago,FY 2026,FY,2026,,2026-12-31,3.90152,,,3.90152,Mex$ per share,MXN,"filings/capitaliq/Estimates/Trends/SPGlobal_GrupoBimbo,S.A.B.deC.V._Trends_06-Oct-2026.xlsx",Trends,25
2026-10-06,trends,BMV:BIMBO A (Mex$),Per Share Level,EPS Normalized,,18 Months ago,FY 2027,FY,2027,,2027-12-31,3.83499,,,3.83499,Mex$ per share,MXN,"filings/capitaliq/Estimates/Trends/SPGlobal_GrupoBimbo,S.A.B.deC.V._Trends_06-Oct-2026.xlsx",Trends,25
2026-10-06,trends,BMV:BIMBO A (Mex$),Per Share Level,EPS Normalized,,18 Months ago,FY 2028,FY,2028,,2028-12-31,2.74,,,2.74,Mex$ per share,MXN,"filings/capitaliq/Estimates/Trends/SPGlobal_GrupoBimbo,S.A.B.deC.V._Trends_06-Oct-2026.xlsx",Trends,25
2026-10-06,trends,BMV:BIMBO A (Mex$),Per Share Level,EPS (GAAP),,Current,FQ3 2026,FQ,2026,3,2026-09-30,0.86077,,,0.86077,Mex$ per share,MXN,"filings/capitaliq/Estimates/Trends/SPGlobal_GrupoBimbo,S.A.B.deC.V._Trends_06-Oct-2026.xlsx",Trends,27
2026-10-06,trends,BMV:BIMBO A (Mex$),Per Share Level,EPS (GAAP),,Current,FQ4 2026,FQ,2026,4,2026-12-31,0.92734,,,0.92734,Mex$ per share,MXN,"filings/capitaliq/Estimates/Trends/SPGlobal_GrupoBimbo,S.A.B.deC.V._Trends_06-Oct-2026.xlsx",Trends,27
2026-10-06,trends,BMV:BIMBO A (Mex$),Per Share Level,EPS (GAAP),,Current,FY 2026,FY,2026,,2026-12-31,3.09799,,,3.09799,Mex$ per share,MXN,"filings/capitaliq/Estimates/Trends/SPGlobal_GrupoBimbo,S.A.B.deC.V._Trends_06-Oct-2026.xlsx",Trends,27
2026-10-06,trends,BMV:BIMBO A (Mex$),Per Share Level,EPS (GAAP),,Current,FY 2027,FY,2027,,2027-12-31,3.33301,,,3.33301,Mex$ per share,MXN,"filings/capitaliq/Estimates/Trends/SPGlobal_GrupoBimbo,S.A.B.deC.V._Trends_06-Oct-2026.xlsx",Trends,27
2026-10-06,trends,BMV:BIMBO A (Mex$),Per Share Level,EPS (GAAP),,Current,FY 2028,FY,2028,,2028-12-31,3.89602,,,3.89602,Mex$ per share,MXN,"filings/capitaliq/Estimates/Trends/SPGlobal_GrupoBimbo,S.A.B.deC.V._Trends_06-Oct-2026.xlsx",Trends,27
2026-10-06,trends,BMV:BIMBO A (Mex$),Per Share Level,EPS (GAAP),,Current,FY 2029,FY,2029,,2029-12-31,4.3,,,4.3,Mex$ per share,MXN,"filings/capitaliq/Estimates/Trends/SPGlobal_GrupoBimbo,S.A.B.deC.V._Trends_06-Oct-2026.xlsx",Trends,27
2026-10-06,trends,BMV:BIMBO A (Mex$),Per Share Level,EPS (GAAP),,Current,FY 2030,FY,2030,,2030-12-31,4.8,,,4.8,Mex$ per share,MXN,"filings/capitaliq/Estimates/Trends/SPGlobal_GrupoBimbo,S.A.B.deC.V._Trends_06-Oct-2026.xlsx",Trends,27
2026-10-06,trends,BMV:BIMBO A (Mex$),Per Share Level,EPS (GAAP),,Current,FY 2031,FY,2031,,2031-12-31,5.2,,,5.2,Mex$ per share,MXN,"filings/capitaliq/Estimates/Trends/SPGlobal_GrupoBimbo,S.A.B.deC.V._Trends_06-Oct-2026.xlsx",Trends,27
2026-10-06,trends,BMV:BIMBO A (Mex$),Per Share Level,EPS (GAAP),,1 Month ago,FQ3 2026,FQ,2026,3,2026-09-30,0.85927,,,0.85927,Mex$ per share,MXN,"filings/capitaliq/Estimates/Trends/SPGlobal_GrupoBimbo,S.A.B.deC.V._Trends_06-Oct-2026.xlsx",Trends,28
2026-10-06,trends,BMV:BIMBO A (Mex$),Per Share Level,EPS (GAAP),,1 Month ago,FQ4 2026,FQ,2026,4,2026-12-31,0.92689,,,0.92689,Mex$ per share,MXN,"filings/capitaliq/Estimates/Trends/SPGlobal_GrupoBimbo,S.A.B.deC.V._Trends_06-Oct-2026.xlsx",Trends,28
2026-10-06,trends,BMV:BIMBO A (Mex$),Per Share Level,EPS (GAAP),,1 Month ago,FY 2026,FY,2026,,2026-12-31,3.09976,,,3.09976,Mex$ per share,MXN,"filings/capitaliq/Estimates/Trends/SPGlobal_GrupoBimbo,S.A.B.deC.V._Trends_06-Oct-2026.xlsx",Trends,28
2026-10-06,trends,BMV:BIMBO A (Mex$),Per Share Level,EPS (GAAP),,1 Month ago,FY 2027,FY,2027,,2027-12-31,3.42078,,,3.42078,Mex$ per share,MXN,"filings/capitaliq/Estimates/Trends/SPGlobal_GrupoBimbo,S.A.B.deC.V._Trends_06-Oct-2026.xlsx",Trends,28
2026-10-06,trends,BMV:BIMBO A (Mex$),Per Share Level,EPS (GAAP),,1 Month ago,FY 2028,FY,2028,,2028-12-31,3.95318,,,3.95318,Mex$ per share,MXN,"filings/capitaliq/Estimates/Trends/SPGlobal_GrupoBimbo,S.A.B.deC.V._Trends_06-Oct-2026.xlsx",Trends,28
2026-10-06,trends,BMV:BIMBO A (Mex$),Per Share Level,EPS (GAAP),,1 Month ago,FY 2029,FY,2029,,2029-12-31,4.3,,,4.3,Mex$ per share,MXN,"filings/capitaliq/Estimates/Trends/SPGlobal_GrupoBimbo,S.A.B.deC.V._Trends_06-Oct-2026.xlsx",Trends,28
2026-10-06,trends,BMV:BIMBO A (Mex$),Per Share Level,EPS (GAAP),,1 Month ago,FY 2030,FY,2030,,2030-12-31,4.8,,,4.8,Mex$ per share,MXN,"filings/capitaliq/Estimates/Trends/SPGlobal_GrupoBimbo,S.A.B.deC.V._Trends_06-Oct-2026.xlsx",Trends,28
2026-10-06,trends,BMV:BIMBO A (Mex$),Per Share Level,EPS (GAAP),,1 Month ago,FY 2031,FY,2031,,2031-12-31,5.2,,,5.2,Mex$ per share,MXN,"filings/capitaliq/Estimates/Trends/SPGlobal_GrupoBimbo,S.A.B.deC.V._Trends_06-Oct-2026.xlsx",Trends,28
2026-10-06,trends,BMV:BIMBO A (Mex$),Per Share Level,EPS (GAAP),,2 Months ago,FQ3 2026,FQ,2026,3,2026-09-30,0.86168,,,0.86168,Mex$ per share,MXN,"filings/capitaliq/Estimates/Trends/SPGlobal_GrupoBimbo,S.A.B.deC.V._Trends_06-Oct-2026.xlsx",Trends,29
2026-10-06,trends,BMV:BIMBO A (Mex$),Per Share Level,EPS (GAAP),,2 Months ago,FQ4 2026,FQ,2026,4,2026-12-31,0.95246,,,0.95246,Mex$ per share,MXN,"filings/capitaliq/Estimates/Trends/SPGlobal_GrupoBimbo,S.A.B.deC.V._Trends_06-Oct-2026.xlsx",Trends,29
2026-10-06,trends,BMV:BIMBO A (Mex$),Per Share Level,EPS (GAAP),,2 Months ago,FY 2026,FY,2026,,2026-12-31,3.12964,,,3.12964,Mex$ per share,MXN,"filings/capitaliq/Estimates/Trends/SPGlobal_GrupoBimbo,S.A.B.deC.V._Trends_06-Oct-2026.xlsx",Trends,29
2026-10-06,trends,BMV:BIMBO A (Mex$),Per Share Level,EPS (GAAP),,2 Months ago,FY 2027,FY,2027,,2027-12-31,3.49337,,,3.49337,Mex$ per share,MXN,"filings/capitaliq/Estimates/Trends/SPGlobal_GrupoBimbo,S.A.B.deC.V._Trends_06-Oct-2026.xlsx",Trends,29
2026-10-06,trends,BMV:BIMBO A (Mex$),Per Share Level,EPS (GAAP),,2 Months ago,FY 2028,FY,2028,,2028-12-31,3.99273,,,3.99273,Mex$ per share,MXN,"filings/capitaliq/Estimates/Trends/SPGlobal_GrupoBimbo,S.A.B.deC.V._Trends_06-Oct-2026.xlsx",Trends,29
2026-10-06,trends,BMV:BIMBO A (Mex$),Per Share Level,EPS (GAAP),,2 Months ago,FY 2029,FY,2029,,2029-12-31,4.3,,,4.3,Mex$ per share,MXN,"filings/capitaliq/Estimates/Trends/SPGlobal_GrupoBimbo,S.A.B.deC.V._Trends_06-Oct-2026.xlsx",Trends,29
2026-10-06,trends,BMV:BIMBO A (Mex$),Per Share Level,EPS (GAAP),,2 Months ago,FY 2030,FY,2030,,2030-12-31,4.8,,,4.8,Mex$ per share,MXN,"filings/capitaliq/Estimates/Trends/SPGlobal_GrupoBimbo,S.A.B.deC.V._Trends_06-Oct-2026.xlsx",Trends,29
2026-10-06,trends,BMV:BIMBO A (Mex$),Per Share Level,EPS (GAAP),,2 Months ago,FY 2031,FY,2031,,2031-12-31,5.2,,,5.2,Mex$ per share,MXN,"filings/capitaliq/Estimates/Trends/SPGlobal_GrupoBimbo,S.A.B.deC.V._Trends_06-Oct-2026.xlsx",Trends,29
2026-10-06,trends,BMV:BIMBO A (Mex$),Per Share Level,EPS (GAAP),,3 Months ago,FQ3 2026,FQ,2026,3,2026-09-30,0.84723,,,0.84723,Mex$ per share,MXN,"filings/capitaliq/Estimates/Trends/SPGlobal_GrupoBimbo,S.A.B.deC.V._Trends_06-Oct-2026.xlsx",Trends,30
2026-10-06,trends,BMV:BIMBO A (Mex$),Per Share Level,EPS (GAAP),,3 Months ago,FQ4 2026,FQ,2026,4,2026-12-31,0.94882,,,0.94882,Mex$ per share,MXN,"filings/capitaliq/Estimates/Trends/SPGlobal_GrupoBimbo,S.A.B.deC.V._Trends_06-Oct-2026.xlsx",Trends,30
2026-10-06,trends,BMV:BIMBO A (Mex$),Per Share Level,EPS (GAAP),,3 Months ago,FY 2026,FY,2026,,2026-12-31,3.19863,,,3.19863,Mex$ per share,MXN,"filings/capitaliq/Estimates/Trends/SPGlobal_GrupoBimbo,S.A.B.deC.V._Trends_06-Oct-2026.xlsx",Trends,30
2026-10-06,trends,BMV:BIMBO A (Mex$),Per Share Level,EPS (GAAP),,3 Months ago,FY 2027,FY,2027,,2027-12-31,3.55341,,,3.55341,Mex$ per share,MXN,"filings/capitaliq/Estimates/Trends/SPGlobal_GrupoBimbo,S.A.B.deC.V._Trends_06-Oct-2026.xlsx",Trends,30
2026-10-06,trends,BMV:BIMBO A (Mex$),Per Share Level,EPS (GAAP),,3 Months ago,FY 2028,FY,2028,,2028-12-31,3.97122,,,3.97122,Mex$ per share,MXN,"filings/capitaliq/Estimates/Trends/SPGlobal_GrupoBimbo,S.A.B.deC.V._Trends_06-Oct-2026.xlsx",Trends,30
2026-10-06,trends,BMV:BIMBO A (Mex$),Per Share Level,EPS (GAAP),,6 Months ago,FQ3 2026,FQ,2026,3,2026-09-30,0.9,,,0.9,Mex$ per share,MXN,"filings/capitaliq/Estimates/Trends/SPGlobal_GrupoBimbo,S.A.B.deC.V._Trends_06-Oct-2026.xlsx",Trends,31
2026-10-06,trends,BMV:BIMBO A (Mex$),Per Share Level,EPS (GAAP),,6 Months ago,FQ4 2026,FQ,2026,4,2026-12-31,0.97,,,0.97,Mex$ per share,MXN,"filings/capitaliq/Estimates/Trends/SPGlobal_GrupoBimbo,S.A.B.deC.V._Trends_06-Oct-2026.xlsx",Trends,31
2026-10-06,trends,BMV:BIMBO A (Mex$),Per Share Level,EPS (GAAP),,6 Months ago,FY 2026,FY,2026,,2026-12-31,3.22672,,,3.22672,Mex$ per share,MXN,"filings/capitaliq/Estimates/Trends/SPGlobal_GrupoBimbo,S.A.B.deC.V._Trends_06-Oct-2026.xlsx",Trends,31
2026-10-06,trends,BMV:BIMBO A (Mex$),Per Share Level,EPS (GAAP),,6 Months ago,FY 2027,FY,2027,,2027-12-31,3.72614,,,3.72614,Mex$ per share,MXN,"filings/capitaliq/Estimates/Trends/SPGlobal_GrupoBimbo,S.A.B.deC.V._Trends_06-Oct-2026.xlsx",Trends,31
2026-10-06,trends,BMV:BIMBO A (Mex$),Per Share Level,EPS (GAAP),,6 Months ago,FY 2028,FY,2028,,2028-12-31,3.67568,,,3.67568,Mex$ per share,MXN,"filings/capitaliq/Estimates/Trends/SPGlobal_GrupoBimbo,S.A.B.deC.V._Trends_06-Oct-2026.xlsx",Trends,31
2026-10-06,trends,BMV:BIMBO A (Mex$),Per Share Level,EPS (GAAP),,6 Months ago,FY 2029,FY,2029,,2029-12-31,3.73,,,3.73,Mex$ per share,MXN,"filings/capitaliq/Estimates/Trends/SPGlobal_GrupoBimbo,S.A.B.deC.V._Trends_06-Oct-2026.xlsx",Trends,31
2026-10-06,trends,BMV:BIMBO A (Mex$),Per Share Level,EPS (GAAP),,6 Months ago,FY 2030,FY,2030,,2030-12-31,4.19,,,4.19,Mex$ per share,MXN,"filings/capitaliq/Estimates/Trends/SPGlobal_GrupoBimbo,S.A.B.deC.V._Trends_06-Oct-2026.xlsx",Trends,31
2026-10-06,trends,BMV:BIMBO A (Mex$),Per Share Level,EPS (GAAP),,9 Months ago,FQ3 2026,FQ,2026,3,2026-09-30,1.08,,,1.08,Mex$ per share,MXN,"filings/capitaliq/Estimates/Trends/SPGlobal_GrupoBimbo,S.A.B.deC.V._Trends_06-Oct-2026.xlsx",Trends,32
2026-10-06,trends,BMV:BIMBO A (Mex$),Per Share Level,EPS (GAAP),,9 Months ago,FQ4 2026,FQ,2026,4,2026-12-31,1.12,,,1.12,Mex$ per share,MXN,"filings/capitaliq/Estimates/Trends/SPGlobal_GrupoBimbo,S.A.B.deC.V._Trends_06-Oct-2026.xlsx",Trends,32
2026-10-06,trends,BMV:BIMBO A (Mex$),Per Share Level,EPS (GAAP),,9 Months ago,FY 2026,FY,2026,,2026-12-31,3.47869,,,3.47869,Mex$ per share,MXN,"filings/capitaliq/Estimates/Trends/SPGlobal_GrupoBimbo,S.A.B.deC.V._Trends_06-Oct-2026.xlsx",Trends,32
2026-10-06,trends,BMV:BIMBO A (Mex$),Per Share Level,EPS (GAAP),,9 Months ago,FY 2027,FY,2027,,2027-12-31,3.88052,,,3.88052,Mex$ per share,MXN,"filings/capitaliq/Estimates/Trends/SPGlobal_GrupoBimbo,S.A.B.deC.V._Trends_06-Oct-2026.xlsx",Trends,32
2026-10-06,trends,BMV:BIMBO A (Mex$),Per Share Level,EPS (GAAP),,9 Months ago,FY 2028,FY,2028,,2028-12-31,4.06,,,4.06,Mex$ per share,MXN,"filings/capitaliq/Estimates/Trends/SPGlobal_GrupoBimbo,S.A.B.deC.V._Trends_06-Oct-2026.xlsx",Trends,32
2026-10-06,trends,BMV:BIMBO A (Mex$),Per Share Level,EPS (GAAP),,9 Months ago,FY 2029,FY,2029,,2029-12-31,4.68,,,4.68,Mex$ per share,MXN,"filings/capitaliq/Estimates/Trends/SPGlobal_GrupoBimbo,S.A.B.deC.V._Trends_06-Oct-2026.xlsx",Trends,32
2026-10-06,trends,BMV:BIMBO A (Mex$),Per Share Level,EPS (GAAP),,12 Months ago,FY 2026,FY,2026,,2026-12-31,3.44963,,,3.44963,Mex$ per share,MXN,"filings/capitaliq/Estimates/Trends/SPGlobal_GrupoBimbo,S.A.B.deC.V._Trends_06-Oct-2026.xlsx",Trends,33
2026-10-06,trends,BMV:BIMBO A (Mex$),Per Share Level,EPS (GAAP),,12 Months ago,FY 2027,FY,2027,,2027-12-31,3.93381,,,3.93381,Mex$ per share,MXN,"filings/capitaliq/Estimates/Trends/SPGlobal_GrupoBimbo,S.A.B.deC.V._Trends_06-Oct-2026.xlsx",Trends,33
2026-10-06,trends,BMV:BIMBO A (Mex$),Per Share Level,EPS (GAAP),,12 Months ago,FY 2028,FY,2028,,2028-12-31,4.41,,,4.41,Mex$ per share,MXN,"filings/capitaliq/Estimates/Trends/SPGlobal_GrupoBimbo,S.A.B.deC.V._Trends_06-Oct-2026.xlsx",Trends,33
2026-10-06,trends,BMV:BIMBO A (Mex$),Per Share Level,EPS (GAAP),,12 Months ago,FY 2029,FY,2029,,2029-12-31,4.68,,,4.68,Mex$ per share,MXN,"filings/capitaliq/Estimates/Trends/SPGlobal_GrupoBimbo,S.A.B.deC.V._Trends_06-Oct-2026.xlsx",Trends,33
2026-10-06,trends,BMV:BIMBO A (Mex$),Per Share Level,EPS (GAAP),,18 Months ago,FQ3 2026,FQ,2026,3,2026-09-30,1.185,,,1.185,Mex$ per share,MXN,"filings/capitaliq/Estimates/Trends/SPGlobal_GrupoBimbo,S.A.B.deC.V._Trends_06-Oct-2026.xlsx",Trends,34
2026-10-06,trends,BMV:BIMBO A (Mex$),Per Share Level,EPS (GAAP),,18 Months ago,FQ4 2026,FQ,2026,4,2026-12-31,1.255,,,1.255,Mex$ per share,MXN,"filings/capitaliq/Estimates/Trends/SPGlobal_GrupoBimbo,S.A.B.deC.V._Trends_06-Oct-2026.xlsx",Trends,34
2026-10-06,trends,BMV:BIMBO A (Mex$),Per Share Level,EPS (GAAP),,18 Months ago,FY 2026,FY,2026,,2026-12-31,3.90384,,,3.90384,Mex$ per share,MXN,"filings/capitaliq/Estimates/Trends/SPGlobal_GrupoBimbo,S.A.B.deC.V._Trends_06-Oct-2026.xlsx",Trends,34
2026-10-06,trends,BMV:BIMBO A (Mex$),Per Share Level,EPS (GAAP),,18 Months ago,FY 2027,FY,2027,,2027-12-31,3.96323,,,3.96323,Mex$ per share,MXN,"filings/capitaliq/Estimates/Trends/SPGlobal_GrupoBimbo,S.A.B.deC.V._Trends_06-Oct-2026.xlsx",Trends,34
2026-10-06,trends,BMV:BIMBO A (Mex$),Per Share Level,EPS (GAAP),,18 Months ago,FY 2028,FY,2028,,2028-12-31,2.74,,,2.74,Mex$ per share,MXN,"filings/capitaliq/Estimates/Trends/SPGlobal_GrupoBimbo,S.A.B.deC.V._Trends_06-Oct-2026.xlsx",Trends,34
2026-10-06,trends,BMV:BIMBO A (Mex$),Per Share Level,Dividend per share,,Current,FQ3 2026,FQ,2026,3,2026-09-30,0,,,0,Mex$ per share,MXN,"filings/capitaliq/Estimates/Trends/SPGlobal_GrupoBimbo,S.A.B.deC.V._Trends_06-Oct-2026.xlsx",Trends,36
2026-10-06,trends,BMV:BIMBO A (Mex$),Per Share Level,Dividend per share,,Current,FQ4 2026,FQ,2026,4,2026-12-31,0,,,0,Mex$ per share,MXN,"filings/capitaliq/Estimates/Trends/SPGlobal_GrupoBimbo,S.A.B.deC.V._Trends_06-Oct-2026.xlsx",Trends,36
2026-10-06,trends,BMV:BIMBO A (Mex$),Per Share Level,Dividend per share,,Current,FY 2026,FY,2026,,2026-12-31,1.01614,,,1.01614,Mex$ per share,MXN,"filings/capitaliq/Estimates/Trends/SPGlobal_GrupoBimbo,S.A.B.deC.V._Trends_06-Oct-2026.xlsx",Trends,36
2026-10-06,trends,BMV:BIMBO A (Mex$),Per Share Level,Dividend per share,,Current,FY 2027,FY,2027,,2027-12-31,1.04918,,,1.04918,Mex$ per share,MXN,"filings/capitaliq/Estimates/Trends/SPGlobal_GrupoBimbo,S.A.B.deC.V._Trends_06-Oct-2026.xlsx",Trends,36
2026-10-06,trends,BMV:BIMBO A (Mex$),Per Share Level,Dividend per share,,Current,FY 2028,FY,2028,,2028-12-31,1.21068,,,1.21068,Mex$ per share,MXN,"filings/capitaliq/Estimates/Trends/SPGlobal_GrupoBimbo,S.A.B.deC.V._Trends_06-Oct-2026.xlsx",Trends,36
2026-10-06,trends,BMV:BIMBO A (Mex$),Per Share Level,Dividend per share,,Current,FY 2029,FY,2029,,2029-12-31,1.24,,,1.24,Mex$ per share,MXN,"filings/capitaliq/Estimates/Trends/SPGlobal_GrupoBimbo,S.A.B.deC.V._Trends_06-Oct-2026.xlsx",Trends,36
2026-10-06,trends,BMV:BIMBO A (Mex$),Per Share Level,Dividend per share,,Current,FY 2030,FY,2030,,2030-12-31,1.31,,,1.31,Mex$ per share,MXN,"filings/capitaliq/Estimates/Trends/SPGlobal_GrupoBimbo,S.A.B.deC.V._Trends_06-Oct-2026.xlsx",Trends,36
2026-10-06,trends,BMV:BIMBO A (Mex$),Per Share Level,Dividend per share,,1 Month ago,FQ3 2026,FQ,2026,3,2026-09-30,0,,,0,Mex$ per share,MXN,"filings/capitaliq/Estimates/Trends/SPGlobal_GrupoBimbo,S.A.B.deC.V._Trends_06-Oct-2026.xlsx",Trends,37
2026-10-06,trends,BMV:BIMBO A (Mex$),Per Share Level,Dividend per share,,1 Month ago,FQ4 2026,FQ,2026,4,2026-12-31,0,,,0,Mex$ per share,MXN,"filings/capitaliq/Estimates/Trends/SPGlobal_GrupoBimbo,S.A.B.deC.V._Trends_06-Oct-2026.xlsx",Trends,37
2026-10-06,trends,BMV:BIMBO A (Mex$),Per Share Level,Dividend per share,,1 Month ago,FY 2026,FY,2026,,2026-12-31,1.01477,,,1.01477,Mex$ per share,MXN,"filings/capitaliq/Estimates/Trends/SPGlobal_GrupoBimbo,S.A.B.deC.V._Trends_06-Oct-2026.xlsx",Trends,37
2026-10-06,trends,BMV:BIMBO A (Mex$),Per Share Level,Dividend per share,,1 Month ago,FY 2027,FY,2027,,2027-12-31,1.04934,,,1.04934,Mex$ per share,MXN,"filings/capitaliq/Estimates/Trends/SPGlobal_GrupoBimbo,S.A.B.deC.V._Trends_06-Oct-2026.xlsx",Trends,37
2026-10-06,trends,BMV:BIMBO A (Mex$),Per Share Level,Dividend per share,,1 Month ago,FY 2028,FY,2028,,2028-12-31,1.24068,,,1.24068,Mex$ per share,MXN,"filings/capitaliq/Estimates/Trends/SPGlobal_GrupoBimbo,S.A.B.deC.V._Trends_06-Oct-2026.xlsx",Trends,37
2026-10-06,trends,BMV:BIMBO A (Mex$),Per Share Level,Dividend per share,,1 Month ago,FY 2029,FY,2029,,2029-12-31,1.24,,,1.24,Mex$ per share,MXN,"filings/capitaliq/Estimates/Trends/SPGlobal_GrupoBimbo,S.A.B.deC.V._Trends_06-Oct-2026.xlsx",Trends,37
2026-10-06,trends,BMV:BIMBO A (Mex$),Per Share Level,Dividend per share,,1 Month ago,FY 2030,FY,2030,,2030-12-31,1.31,,,1.31,Mex$ per share,MXN,"filings/capitaliq/Estimates/Trends/SPGlobal_GrupoBimbo,S.A.B.deC.V._Trends_06-Oct-2026.xlsx",Trends,37
2026-10-06,trends,BMV:BIMBO A (Mex$),Per Share Level,Dividend per share,,2 Months ago,FQ3 2026,FQ,2026,3,2026-09-30,0,,,0,Mex$ per share,MXN,"filings/capitaliq/Estimates/Trends/SPGlobal_GrupoBimbo,S.A.B.deC.V._Trends_06-Oct-2026.xlsx",Trends,38
2026-10-06,trends,BMV:BIMBO A (Mex$),Per Share Level,Dividend per share,,2 Months ago,FQ4 2026,FQ,2026,4,2026-12-31,0,,,0,Mex$ per share,MXN,"filings/capitaliq/Estimates/Trends/SPGlobal_GrupoBimbo,S.A.B.deC.V._Trends_06-Oct-2026.xlsx",Trends,38
2026-10-06,trends,BMV:BIMBO A (Mex$),Per Share Level,Dividend per share,,2 Months ago,FY 2026,FY,2026,,2026-12-31,1.01549,,,1.01549,Mex$ per share,MXN,"filings/capitaliq/Estimates/Trends/SPGlobal_GrupoBimbo,S.A.B.deC.V._Trends_06-Oct-2026.xlsx",Trends,38
2026-10-06,trends,BMV:BIMBO A (Mex$),Per Share Level,Dividend per share,,2 Months ago,FY 2027,FY,2027,,2027-12-31,1.03063,,,1.03063,Mex$ per share,MXN,"filings/capitaliq/Estimates/Trends/SPGlobal_GrupoBimbo,S.A.B.deC.V._Trends_06-Oct-2026.xlsx",Trends,38
2026-10-06,trends,BMV:BIMBO A (Mex$),Per Share Level,Dividend per share,,2 Months ago,FY 2028,FY,2028,,2028-12-31,1.24068,,,1.24068,Mex$ per share,MXN,"filings/capitaliq/Estimates/Trends/SPGlobal_GrupoBimbo,S.A.B.deC.V._Trends_06-Oct-2026.xlsx",Trends,38
2026-10-06,trends,BMV:BIMBO A (Mex$),Per Share Level,Dividend per share,,2 Months ago,FY 2029,FY,2029,,2029-12-31,1.24,,,1.24,Mex$ per share,MXN,"filings/capitaliq/Estimates/Trends/SPGlobal_GrupoBimbo,S.A.B.deC.V._Trends_06-Oct-2026.xlsx",Trends,38
2026-10-06,trends,BMV:BIMBO A (Mex$),Per Share Level,Dividend per share,,2 Months ago,FY 2030,FY,2030,,2030-12-31,1.31,,,1.31,Mex$ per share,MXN,"filings/capitaliq/Estimates/Trends/SPGlobal_GrupoBimbo,S.A.B.deC.V._Trends_06-Oct-2026.xlsx",Trends,38
2026-10-06,trends,BMV:BIMBO A (Mex$),Per Share Level,Dividend per share,,3 Months ago,FQ3 2026,FQ,2026,3,2026-09-30,0,,,0,Mex$ per share,MXN,"filings/capitaliq/Estimates/Trends/SPGlobal_GrupoBimbo,S.A.B.deC.V._Trends_06-Oct-2026.xlsx",Trends,39
2026-10-06,trends,BMV:BIMBO A (Mex$),Per Share Level,Dividend per share,,3 Months ago,FQ4 2026,FQ,2026,4,2026-12-31,0,,,0,Mex$ per share,MXN,"filings/capitaliq/Estimates/Trends/SPGlobal_GrupoBimbo,S.A.B.deC.V._Trends_06-Oct-2026.xlsx",Trends,39
2026-10-06,trends,BMV:BIMBO A (Mex$),Per Share Level,Dividend per share,,3 Months ago,FY 2026,FY,2026,,2026-12-31,0.97886,,,0.97886,Mex$ per share,MXN,"filings/capitaliq/Estimates/Trends/SPGlobal_GrupoBimbo,S.A.B.deC.V._Trends_06-Oct-2026.xlsx",Trends,39
2026-10-06,trends,BMV:BIMBO A (Mex$),Per Share Level,Dividend per share,,3 Months ago,FY 2027,FY,2027,,2027-12-31,1.03045,,,1.03045,Mex$ per share,MXN,"filings/capitaliq/Estimates/Trends/SPGlobal_GrupoBimbo,S.A.B.deC.V._Trends_06-Oct-2026.xlsx",Trends,39
2026-10-06,trends,BMV:BIMBO A (Mex$),Per Share Level,Dividend per share,,3 Months ago,FY 2028,FY,2028,,2028-12-31,1.24402,,,1.24402,Mex$ per share,MXN,"filings/capitaliq/Estimates/Trends/SPGlobal_GrupoBimbo,S.A.B.deC.V._Trends_06-Oct-2026.xlsx",Trends,39
2026-10-06,trends,BMV:BIMBO A (Mex$),Per Share Level,Dividend per share,,3 Months ago,FY 2029,FY,2029,,2029-12-31,1.24,,,1.24,Mex$ per share,MXN,"filings/capitaliq/Estimates/Trends/SPGlobal_GrupoBimbo,S.A.B.deC.V._Trends_06-Oct-2026.xlsx",Trends,39
2026-10-06,trends,BMV:BIMBO A (Mex$),Per Share Level,Dividend per share,,3 Months ago,FY 2030,FY,2030,,2030-12-31,1.31,,,1.31,Mex$ per share,MXN,"filings/capitaliq/Estimates/Trends/SPGlobal_GrupoBimbo,S.A.B.deC.V._Trends_06-Oct-2026.xlsx",Trends,39
2026-10-06,trends,BMV:BIMBO A (Mex$),Per Share Level,Dividend per share,,6 Months ago,FY 2026,FY,2026,,2026-12-31,0.94872,,,0.94872,Mex$ per share,MXN,"filings/capitaliq/Estimates/Trends/SPGlobal_GrupoBimbo,S.A.B.deC.V._Trends_06-Oct-2026.xlsx",Trends,40
2026-10-06,trends,BMV:BIMBO A (Mex$),Per Share Level,Dividend per share,,6 Months ago,FY 2027,FY,2027,,2027-12-31,1.06165,,,1.06165,Mex$ per share,MXN,"filings/capitaliq/Estimates/Trends/SPGlobal_GrupoBimbo,S.A.B.deC.V._Trends_06-Oct-2026.xlsx",Trends,40
2026-10-06,trends,BMV:BIMBO A (Mex$),Per Share Level,Dividend per share,,6 Months ago,FY 2028,FY,2028,,2028-12-31,1.10306,,,1.10306,Mex$ per share,MXN,"filings/capitaliq/Estimates/Trends/SPGlobal_GrupoBimbo,S.A.B.deC.V._Trends_06-Oct-2026.xlsx",Trends,40
2026-10-06,trends,BMV:BIMBO A (Mex$),Per Share Level,Dividend per share,,6 Months ago,FY 2029,FY,2029,,2029-12-31,1.16,,,1.16,Mex$ per share,MXN,"filings/capitaliq/Estimates/Trends/SPGlobal_GrupoBimbo,S.A.B.deC.V._Trends_06-Oct-2026.xlsx",Trends,40
2026-10-06,trends,BMV:BIMBO A (Mex$),Per Share Level,Dividend per share,,6 Months ago,FY 2030,FY,2030,,2030-12-31,1.22,,,1.22,Mex$ per share,MXN,"filings/capitaliq/Estimates/Trends/SPGlobal_GrupoBimbo,S.A.B.deC.V._Trends_06-Oct-2026.xlsx",Trends,40
2026-10-06,trends,BMV:BIMBO A (Mex$),Per Share Level,Dividend per share,,9 Months ago,FY 2026,FY,2026,,2026-12-31,0.98448,,,0.98448,Mex$ per share,MXN,"filings/capitaliq/Estimates/Trends/SPGlobal_GrupoBimbo,S.A.B.deC.V._Trends_06-Oct-2026.xlsx",Trends,41
2026-10-06,trends,BMV:BIMBO A (Mex$),Per Share Level,Dividend per share,,9 Months ago,FY 2027,FY,2027,,2027-12-31,1.07637,,,1.07637,Mex$ per share,MXN,"filings/capitaliq/Estimates/Trends/SPGlobal_GrupoBimbo,S.A.B.deC.V._Trends_06-Oct-2026.xlsx",Trends,41
2026-10-06,trends,BMV:BIMBO A (Mex$),Per Share Level,Dividend per share,,9 Months ago,FY 2028,FY,2028,,2028-12-31,1.16,,,1.16,Mex$ per share,MXN,"filings/capitaliq/Estimates/Trends/SPGlobal_GrupoBimbo,S.A.B.deC.V._Trends_06-Oct-2026.xlsx",Trends,41
2026-10-06,trends,BMV:BIMBO A (Mex$),Per Share Level,Dividend per share,,9 Months ago,FY 2029,FY,2029,,2029-12-31,1.22,,,1.22,Mex$ per share,MXN,"filings/capitaliq/Estimates/Trends/SPGlobal_GrupoBimbo,S.A.B.deC.V._Trends_06-Oct-2026.xlsx",Trends,41
2026-10-06,trends,BMV:BIMBO A (Mex$),Per Share Level,Dividend per share,,12 Months ago,FY 2026,FY,2026,,2026-12-31,1.06753,,,1.06753,Mex$ per share,MXN,"filings/capitaliq/Estimates/Trends/SPGlobal_GrupoBimbo,S.A.B.deC.V._Trends_06-Oct-2026.xlsx",Trends,42
2026-10-06,trends,BMV:BIMBO A (Mex$),Per Share Level,Dividend per share,,12 Months ago,FY 2027,FY,2027,,2027-12-31,1.16493,,,1.16493,Mex$ per share,MXN,"filings/capitaliq/Estimates/Trends/SPGlobal_GrupoBimbo,S.A.B.deC.V._Trends_06-Oct-2026.xlsx",Trends,42
2026-10-06,trends,BMV:BIMBO A (Mex$),Per Share Level,Dividend per share,,12 Months ago,FY 2028,FY,2028,,2028-12-31,1.16,,,1.16,Mex$ per share,MXN,"filings/capitaliq/Estimates/Trends/SPGlobal_GrupoBimbo,S.A.B.deC.V._Trends_06-Oct-2026.xlsx",Trends,42
2026-10-06,trends,BMV:BIMBO A (Mex$),Per Share Level,Dividend per share,,12 Months ago,FY 2029,FY,2029,,2029-12-31,1.22,,,1.22,Mex$ per share,MXN,"filings/capitaliq/Estimates/Trends/SPGlobal_GrupoBimbo,S.A.B.deC.V._Trends_06-Oct-2026.xlsx",Trends,42
2026-10-06,trends,BMV:BIMBO A (Mex$),Per Share Level,Dividend per share,,18 Months ago,FY 2026,FY,2026,,2026-12-31,1.19986,,,1.19986,Mex$ per share,MXN,"filings/capitaliq/Estimates/Trends/SPGlobal_GrupoBimbo,S.A.B.deC.V._Trends_06-Oct-2026.xlsx",Trends,43
2026-10-06,trends,BMV:BIMBO A (Mex$),Per Share Level,Dividend per share,,18 Months ago,FY 2027,FY,2027,,2027-12-31,1.31984,,,1.31984,Mex$ per share,MXN,"filings/capitaliq/Estimates/Trends/SPGlobal_GrupoBimbo,S.A.B.deC.V._Trends_06-Oct-2026.xlsx",Trends,43
2026-10-06,trends,BMV:BIMBO A (Mex$),Per Share Level,Dividend per share,,18 Months ago,FY 2028,FY,2028,,2028-12-31,1.15,,,1.15,Mex$ per share,MXN,"filings/capitaliq/Estimates/Trends/SPGlobal_GrupoBimbo,S.A.B.deC.V._Trends_06-Oct-2026.xlsx",Trends,43
2026-10-06,trends,BMV:BIMBO A (Mex$),Per Share Level,Book Value per share,,Current,FY 2026,FY,2026,,2026-12-31,29.58571,,,29.58571,Mex$ per share,MXN,"filings/capitaliq/Estimates/Trends/SPGlobal_GrupoBimbo,S.A.B.deC.V._Trends_06-Oct-2026.xlsx",Trends,45
2026-10-06,trends,BMV:BIMBO A (Mex$),Per Share Level,Book Value per share,,Current,FY 2027,FY,2027,,2027-12-31,32.26758,,,32.26758,Mex$ per share,MXN,"filings/capitaliq/Estimates/Trends/SPGlobal_GrupoBimbo,S.A.B.deC.V._Trends_06-Oct-2026.xlsx",Trends,45
2026-10-06,trends,BMV:BIMBO A (Mex$),Per Share Level,Book Value per share,,Current,FY 2028,FY,2028,,2028-12-31,34.99573,,,34.99573,Mex$ per share,MXN,"filings/capitaliq/Estimates/Trends/SPGlobal_GrupoBimbo,S.A.B.deC.V._Trends_06-Oct-2026.xlsx",Trends,45
2026-10-06,trends,BMV:BIMBO A (Mex$),Per Share Level,Book Value per share,,1 Month ago,FY 2026,FY,2026,,2026-12-31,29.36428,,,29.36428,Mex$ per share,MXN,"filings/capitaliq/Estimates/Trends/SPGlobal_GrupoBimbo,S.A.B.deC.V._Trends_06-Oct-2026.xlsx",Trends,46
2026-10-06,trends,BMV:BIMBO A (Mex$),Per Share Level,Book Value per share,,1 Month ago,FY 2027,FY,2027,,2027-12-31,32.20758,,,32.20758,Mex$ per share,MXN,"filings/capitaliq/Estimates/Trends/SPGlobal_GrupoBimbo,S.A.B.deC.V._Trends_06-Oct-2026.xlsx",Trends,46
2026-10-06,trends,BMV:BIMBO A (Mex$),Per Share Level,Book Value per share,,1 Month ago,FY 2028,FY,2028,,2028-12-31,34.81323,,,34.81323,Mex$ per share,MXN,"filings/capitaliq/Estimates/Trends/SPGlobal_GrupoBimbo,S.A.B.deC.V._Trends_06-Oct-2026.xlsx",Trends,46
2026-10-06,trends,BMV:BIMBO A (Mex$),Per Share Level,Book Value per share,,2 Months ago,FY 2026,FY,2026,,2026-12-31,29.045,,,29.045,Mex$ per share,MXN,"filings/capitaliq/Estimates/Trends/SPGlobal_GrupoBimbo,S.A.B.deC.V._Trends_06-Oct-2026.xlsx",Trends,47
2026-10-06,trends,BMV:BIMBO A (Mex$),Per Share Level,Book Value per share,,2 Months ago,FY 2027,FY,2027,,2027-12-31,32.20758,,,32.20758,Mex$ per share,MXN,"filings/capitaliq/Estimates/Trends/SPGlobal_GrupoBimbo,S.A.B.deC.V._Trends_06-Oct-2026.xlsx",Trends,47
2026-10-06,trends,BMV:BIMBO A (Mex$),Per Share Level,Book Value per share,,2 Months ago,FY 2028,FY,2028,,2028-12-31,34.81323,,,34.81323,Mex$ per share,MXN,"filings/capitaliq/Estimates/Trends/SPGlobal_GrupoBimbo,S.A.B.deC.V._Trends_06-Oct-2026.xlsx",Trends,47
2026-10-06,trends,BMV:BIMBO A (Mex$),Per Share Level,Book Value per share,,3 Months ago,FY 2026,FY,2026,,2026-12-31,29.83571,,,29.83571,Mex$ per share,MXN,"filings/capitaliq/Estimates/Trends/SPGlobal_GrupoBimbo,S.A.B.deC.V._Trends_06-Oct-2026.xlsx",Trends,48
2026-10-06,trends,BMV:BIMBO A (Mex$),Per Share Level,Book Value per share,,3 Months ago,FY 2027,FY,2027,,2027-12-31,32.58758,,,32.58758,Mex$ per share,MXN,"filings/capitaliq/Estimates/Trends/SPGlobal_GrupoBimbo,S.A.B.deC.V._Trends_06-Oct-2026.xlsx",Trends,48
2026-10-06,trends,BMV:BIMBO A (Mex$),Per Share Level,Book Value per share,,3 Months ago,FY 2028,FY,2028,,2028-12-31,35.21323,,,35.21323,Mex$ per share,MXN,"filings/capitaliq/Estimates/Trends/SPGlobal_GrupoBimbo,S.A.B.deC.V._Trends_06-Oct-2026.xlsx",Trends,48
2026-10-06,trends,BMV:BIMBO A (Mex$),Per Share Level,Book Value per share,,6 Months ago,FY 2026,FY,2026,,2026-12-31,29.74994,,,29.74994,Mex$ per share,MXN,"filings/capitaliq/Estimates/Trends/SPGlobal_GrupoBimbo,S.A.B.deC.V._Trends_06-Oct-2026.xlsx",Trends,49
2026-10-06,trends,BMV:BIMBO A (Mex$),Per Share Level,Book Value per share,,6 Months ago,FY 2027,FY,2027,,2027-12-31,33.68671,,,33.68671,Mex$ per share,MXN,"filings/capitaliq/Estimates/Trends/SPGlobal_GrupoBimbo,S.A.B.deC.V._Trends_06-Oct-2026.xlsx",Trends,49
2026-10-06,trends,BMV:BIMBO A (Mex$),Per Share Level,Book Value per share,,6 Months ago,FY 2028,FY,2028,,2028-12-31,34.70777,,,34.70777,Mex$ per share,MXN,"filings/capitaliq/Estimates/Trends/SPGlobal_GrupoBimbo,S.A.B.deC.V._Trends_06-Oct-2026.xlsx",Trends,49
2026-10-06,trends,BMV:BIMBO A (Mex$),Per Share Level,Book Value per share,,9 Months ago,FY 2026,FY,2026,,2026-12-31,31.04128,,,31.04128,Mex$ per share,MXN,"filings/capitaliq/Estimates/Trends/SPGlobal_GrupoBimbo,S.A.B.deC.V._Trends_06-Oct-2026.xlsx",Trends,50
2026-10-06,trends,BMV:BIMBO A (Mex$),Per Share Level,Book Value per share,,9 Months ago,FY 2027,FY,2027,,2027-12-31,33.58166,,,33.58166,Mex$ per share,MXN,"filings/capitaliq/Estimates/Trends/SPGlobal_GrupoBimbo,S.A.B.deC.V._Trends_06-Oct-2026.xlsx",Trends,50
2026-10-06,trends,BMV:BIMBO A (Mex$),Per Share Level,Book Value per share,,12 Months ago,FY 2026,FY,2026,,2026-12-31,32.59266,,,32.59266,Mex$ per share,MXN,"filings/capitaliq/Estimates/Trends/SPGlobal_GrupoBimbo,S.A.B.deC.V._Trends_06-Oct-2026.xlsx",Trends,51
2026-10-06,trends,BMV:BIMBO A (Mex$),Per Share Level,Book Value per share,,12 Months ago,FY 2027,FY,2027,,2027-12-31,33.74936,,,33.74936,Mex$ per share,MXN,"filings/capitaliq/Estimates/Trends/SPGlobal_GrupoBimbo,S.A.B.deC.V._Trends_06-Oct-2026.xlsx",Trends,51
2026-10-06,trends,BMV:BIMBO A (Mex$),Per Share Level,Book Value per share,,18 Months ago,FY 2026,FY,2026,,2026-12-31,32.64442,,,32.64442,Mex$ per share,MXN,"filings/capitaliq/Estimates/Trends/SPGlobal_GrupoBimbo,S.A.B.deC.V._Trends_06-Oct-2026.xlsx",Trends,52
2026-10-06,trends,BMV:BIMBO A (Mex$),Per Share Level,Book Value per share,,18 Months ago,FY 2027,FY,2027,,2027-12-31,37.05819,,,37.05819,Mex$ per share,MXN,"filings/capitaliq/Estimates/Trends/SPGlobal_GrupoBimbo,S.A.B.deC.V._Trends_06-Oct-2026.xlsx",Trends,52
2026-10-06,trends,BMV:BIMBO A (Mex$),Per Share Level,Cash flow per share,,Current,FY 2026,FY,2026,,2026-12-31,12.23486,,,12.23486,Mex$ per share,MXN,"filings/capitaliq/Estimates/Trends/SPGlobal_GrupoBimbo,S.A.B.deC.V._Trends_06-Oct-2026.xlsx",Trends,54
2026-10-06,trends,BMV:BIMBO A (Mex$),Per Share Level,Cash flow per share,,Current,FY 2027,FY,2027,,2027-12-31,9.54106,,,9.54106,Mex$ per share,MXN,"filings/capitaliq/Estimates/Trends/SPGlobal_GrupoBimbo,S.A.B.deC.V._Trends_06-Oct-2026.xlsx",Trends,54
2026-10-06,trends,BMV:BIMBO A (Mex$),Per Share Level,Cash flow per share,,Current,FY 2028,FY,2028,,2028-12-31,9.87578,,,9.87578,Mex$ per share,MXN,"filings/capitaliq/Estimates/Trends/SPGlobal_GrupoBimbo,S.A.B.deC.V._Trends_06-Oct-2026.xlsx",Trends,54
2026-10-06,trends,BMV:BIMBO A (Mex$),Per Share Level,Cash flow per share,,1 Month ago,FY 2026,FY,2026,,2026-12-31,12.23486,,,12.23486,Mex$ per share,MXN,"filings/capitaliq/Estimates/Trends/SPGlobal_GrupoBimbo,S.A.B.deC.V._Trends_06-Oct-2026.xlsx",Trends,55
2026-10-06,trends,BMV:BIMBO A (Mex$),Per Share Level,Cash flow per share,,1 Month ago,FY 2027,FY,2027,,2027-12-31,9.54106,,,9.54106,Mex$ per share,MXN,"filings/capitaliq/Estimates/Trends/SPGlobal_GrupoBimbo,S.A.B.deC.V._Trends_06-Oct-2026.xlsx",Trends,55
2026-10-06,trends,BMV:BIMBO A (Mex$),Per Share Level,Cash flow per share,,1 Month ago,FY 2028,FY,2028,,2028-12-31,9.87578,,,9.87578,Mex$ per share,MXN,"filings/capitaliq/Estimates/Trends/SPGlobal_GrupoBimbo,S.A.B.deC.V._Trends_06-Oct-2026.xlsx",Trends,55
2026-10-06,trends,BMV:BIMBO A (Mex$),Per Share Level,Cash flow per share,,2 Months ago,FY 2026,FY,2026,,2026-12-31,11.4109,,,11.4109,Mex$ per share,MXN,"filings/capitaliq/Estimates/Trends/SPGlobal_GrupoBimbo,S.A.B.deC.V._Trends_06-Oct-2026.xlsx",Trends,56
2026-10-06,trends,BMV:BIMBO A (Mex$),Per Share Level,Cash flow per share,,2 Months ago,FY 2027,FY,2027,,2027-12-31,9.60016,,,9.60016,Mex$ per share,MXN,"filings/capitaliq/Estimates/Trends/SPGlobal_GrupoBimbo,S.A.B.deC.V._Trends_06-Oct-2026.xlsx",Trends,56
2026-10-06,trends,BMV:BIMBO A (Mex$),Per Share Level,Cash flow per share,,2 Months ago,FY 2028,FY,2028,,2028-12-31,9.87578,,,9.87578,Mex$ per share,MXN,"filings/capitaliq/Estimates/Trends/SPGlobal_GrupoBimbo,S.A.B.deC.V._Trends_06-Oct-2026.xlsx",Trends,56
2026-10-06,trends,BMV:BIMBO A (Mex$),Per Share Level,Cash flow per share,,3 Months ago,FY 2026,FY,2026,,2026-12-31,11.4109,,,11.4109,Mex$ per share,MXN,"filings/capitaliq/Estimates/Trends/SPGlobal_GrupoBimbo,S.A.B.deC.V._Trends_06-Oct-2026.xlsx",Trends,57
2026-10-06,trends,BMV:BIMBO A (Mex$),Per Share Level,Cash flow per share,,3 Months ago,FY 2027,FY,2027,,2027-12-31,9.60016,,,9.60016,Mex$ per share,MXN,"filings/capitaliq/Estimates/Trends/SPGlobal_GrupoBimbo,S.A.B.deC.V._Trends_06-Oct-2026.xlsx",Trends,57
2026-10-06,trends,BMV:BIMBO A (Mex$),Per Share Level,Cash flow per share,,3 Months ago,FY 2028,FY,2028,,2028-12-31,9.87578,,,9.87578,Mex$ per share,MXN,"filings/capitaliq/Estimates/Trends/SPGlobal_GrupoBimbo,S.A.B.deC.V._Trends_06-Oct-2026.xlsx",Trends,57
2026-10-06,trends,BMV:BIMBO A (Mex$),Per Share Level,Cash flow per share,,6 Months ago,FY 2026,FY,2026,,2026-12-31,8.89256,,,8.89256,Mex$ per share,MXN,"filings/capitaliq/Estimates/Trends/SPGlobal_GrupoBimbo,S.A.B.deC.V._Trends_06-Oct-2026.xlsx",Trends,58
2026-10-06,trends,BMV:BIMBO A (Mex$),Per Share Level,Cash flow per share,,6 Months ago,FY 2027,FY,2027,,2027-12-31,9.64088,,,9.64088,Mex$ per share,MXN,"filings/capitaliq/Estimates/Trends/SPGlobal_GrupoBimbo,S.A.B.deC.V._Trends_06-Oct-2026.xlsx",Trends,58
2026-10-06,trends,BMV:BIMBO A (Mex$),Per Share Level,Cash flow per share,,6 Months ago,FY 2028,FY,2028,,2028-12-31,9.86561,,,9.86561,Mex$ per share,MXN,"filings/capitaliq/Estimates/Trends/SPGlobal_GrupoBimbo,S.A.B.deC.V._Trends_06-Oct-2026.xlsx",Trends,58
2026-10-06,trends,BMV:BIMBO A (Mex$),Per Share Level,Cash flow per share,,9 Months ago,FY 2026,FY,2026,,2026-12-31,9.35054,,,9.35054,Mex$ per share,MXN,"filings/capitaliq/Estimates/Trends/SPGlobal_GrupoBimbo,S.A.B.deC.V._Trends_06-Oct-2026.xlsx",Trends,59
2026-10-06,trends,BMV:BIMBO A (Mex$),Per Share Level,Cash flow per share,,9 Months ago,FY 2027,FY,2027,,2027-12-31,9.70899,,,9.70899,Mex$ per share,MXN,"filings/capitaliq/Estimates/Trends/SPGlobal_GrupoBimbo,S.A.B.deC.V._Trends_06-Oct-2026.xlsx",Trends,59
2026-10-06,trends,BMV:BIMBO A (Mex$),Per Share Level,Cash flow per share,,12 Months ago,FY 2026,FY,2026,,2026-12-31,9.60684,,,9.60684,Mex$ per share,MXN,"filings/capitaliq/Estimates/Trends/SPGlobal_GrupoBimbo,S.A.B.deC.V._Trends_06-Oct-2026.xlsx",Trends,60
2026-10-06,trends,BMV:BIMBO A (Mex$),Per Share Level,Cash flow per share,,12 Months ago,FY 2027,FY,2027,,2027-12-31,9.58727,,,9.58727,Mex$ per share,MXN,"filings/capitaliq/Estimates/Trends/SPGlobal_GrupoBimbo,S.A.B.deC.V._Trends_06-Oct-2026.xlsx",Trends,60
2026-10-06,trends,BMV:BIMBO A (Mex$),Per Share Level,Cash flow per share,,18 Months ago,FY 2026,FY,2026,,2026-12-31,10.09099,,,10.09099,Mex$ per share,MXN,"filings/capitaliq/Estimates/Trends/SPGlobal_GrupoBimbo,S.A.B.deC.V._Trends_06-Oct-2026.xlsx",Trends,61
2026-10-06,trends,BMV:BIMBO A (Mex$),Per Share Level,Cash flow per share,,18 Months ago,FY 2027,FY,2027,,2027-12-31,10.48915,,,10.48915,Mex$ per share,MXN,"filings/capitaliq/Estimates/Trends/SPGlobal_GrupoBimbo,S.A.B.deC.V._Trends_06-Oct-2026.xlsx",Trends,61
2026-10-06,trends,BMV:BIMBO A (Mex$),Per Share Level,Avg. Diluted Shares Outstanding,,Current,FQ3 2026,FQ,2026,3,2026-09-30,4305000,,,4305000,shares (000),MXN,"filings/capitaliq/Estimates/Trends/SPGlobal_GrupoBimbo,S.A.B.deC.V._Trends_06-Oct-2026.xlsx",Trends,63
2026-10-06,trends,BMV:BIMBO A (Mex$),Per Share Level,Avg. Diluted Shares Outstanding,,Current,FQ4 2026,FQ,2026,4,2026-12-31,4305000,,,4305000,shares (000),MXN,"filings/capitaliq/Estimates/Trends/SPGlobal_GrupoBimbo,S.A.B.deC.V._Trends_06-Oct-2026.xlsx",Trends,63
2026-10-06,trends,BMV:BIMBO A (Mex$),Per Share Level,Avg. Diluted Shares Outstanding,,Current,FY 2026,FY,2026,,2026-12-31,4305000,,,4305000,shares (000),MXN,"filings/capitaliq/Estimates/Trends/SPGlobal_GrupoBimbo,S.A.B.deC.V._Trends_06-Oct-2026.xlsx",Trends,63
2026-10-06,trends,BMV:BIMBO A (Mex$),Per Share Level,Avg. Diluted Shares Outstanding,,Current,FY 2027,FY,2027,,2027-12-31,4305000,,,4305000,shares (000),MXN,"filings/capitaliq/Estimates/Trends/SPGlobal_GrupoBimbo,S.A.B.deC.V._Trends_06-Oct-2026.xlsx",Trends,63
2026-10-06,trends,BMV:BIMBO A (Mex$),Per Share Level,Avg. Diluted Shares Outstanding,,Current,FY 2028,FY,2028,,2028-12-31,4305000,,,4305000,shares (000),MXN,"filings/capitaliq/Estimates/Trends/SPGlobal_GrupoBimbo,S.A.B.deC.V._Trends_06-Oct-2026.xlsx",Trends,63
2026-10-06,trends,BMV:BIMBO A (Mex$),Per Share Level,Avg. Diluted Shares Outstanding,,1 Month ago,FQ3 2026,FQ,2026,3,2026-09-30,4305000,,,4305000,shares (000),MXN,"filings/capitaliq/Estimates/Trends/SPGlobal_GrupoBimbo,S.A.B.deC.V._Trends_06-Oct-2026.xlsx",Trends,64
2026-10-06,trends,BMV:BIMBO A (Mex$),Per Share Level,Avg. Diluted Shares Outstanding,,1 Month ago,FQ4 2026,FQ,2026,4,2026-12-31,4305000,,,4305000,shares (000),MXN,"filings/capitaliq/Estimates/Trends/SPGlobal_GrupoBimbo,S.A.B.deC.V._Trends_06-Oct-2026.xlsx",Trends,64
2026-10-06,trends,BMV:BIMBO A (Mex$),Per Share Level,Avg. Diluted Shares Outstanding,,1 Month ago,FY 2026,FY,2026,,2026-12-31,4305000,,,4305000,shares (000),MXN,"filings/capitaliq/Estimates/Trends/SPGlobal_GrupoBimbo,S.A.B.deC.V._Trends_06-Oct-2026.xlsx",Trends,64
2026-10-06,trends,BMV:BIMBO A (Mex$),Per Share Level,Avg. Diluted Shares Outstanding,,1 Month ago,FY 2027,FY,2027,,2027-12-31,4305000,,,4305000,shares (000),MXN,"filings/capitaliq/Estimates/Trends/SPGlobal_GrupoBimbo,S.A.B.deC.V._Trends_06-Oct-2026.xlsx",Trends,64
2026-10-06,trends,BMV:BIMBO A (Mex$),Per Share Level,Avg. Diluted Shares Outstanding,,1 Month ago,FY 2028,FY,2028,,2028-12-31,4305000,,,4305000,shares (000),MXN,"filings/capitaliq/Estimates/Trends/SPGlobal_GrupoBimbo,S.A.B.deC.V._Trends_06-Oct-2026.xlsx",Trends,64
2026-10-06,trends,BMV:BIMBO A (Mex$),Per Share Level,Avg. Diluted Shares Outstanding,,2 Months ago,FQ3 2026,FQ,2026,3,2026-09-30,4305000,,,4305000,shares (000),MXN,"filings/capitaliq/Estimates/Trends/SPGlobal_GrupoBimbo,S.A.B.deC.V._Trends_06-Oct-2026.xlsx",Trends,65
2026-10-06,trends,BMV:BIMBO A (Mex$),Per Share Level,Avg. Diluted Shares Outstanding,,2 Months ago,FQ4 2026,FQ,2026,4,2026-12-31,4305000,,,4305000,shares (000),MXN,"filings/capitaliq/Estimates/Trends/SPGlobal_GrupoBimbo,S.A.B.deC.V._Trends_06-Oct-2026.xlsx",Trends,65
2026-10-06,trends,BMV:BIMBO A (Mex$),Per Share Level,Avg. Diluted Shares Outstanding,,2 Months ago,FY 2026,FY,2026,,2026-12-31,4305000,,,4305000,shares (000),MXN,"filings/capitaliq/Estimates/Trends/SPGlobal_GrupoBimbo,S.A.B.deC.V._Trends_06-Oct-2026.xlsx",Trends,65
2026-10-06,trends,BMV:BIMBO A (Mex$),Per Share Level,Avg. Diluted Shares Outstanding,,2 Months ago,FY 2027,FY,2027,,2027-12-31,4305000,,,4305000,shares (000),MXN,"filings/capitaliq/Estimates/Trends/SPGlobal_GrupoBimbo,S.A.B.deC.V._Trends_06-Oct-2026.xlsx",Trends,65
2026-10-06,trends,BMV:BIMBO A (Mex$),Per Share Level,Avg. Diluted Shares Outstanding,,2 Months ago,FY 2028,FY,2028,,2028-12-31,4305000,,,4305000,shares (000),MXN,"filings/capitaliq/Estimates/Trends/SPGlobal_GrupoBimbo,S.A.B.deC.V._Trends_06-Oct-2026.xlsx",Trends,65
2026-10-06,trends,BMV:BIMBO A (Mex$),Per Share Level,Avg. Diluted Shares Outstanding,,3 Months ago,FQ3 2026,FQ,2026,3,2026-09-30,4327000,,,4327000,shares (000),MXN,"filings/capitaliq/Estimates/Trends/SPGlobal_GrupoBimbo,S.A.B.deC.V._Trends_06-Oct-2026.xlsx",Trends,66
2026-10-06,trends,BMV:BIMBO A (Mex$),Per Share Level,Avg. Diluted Shares Outstanding,,3 Months ago,FQ4 2026,FQ,2026,4,2026-12-31,4327000,,,4327000,shares (000),MXN,"filings/capitaliq/Estimates/Trends/SPGlobal_GrupoBimbo,S.A.B.deC.V._Trends_06-Oct-2026.xlsx",Trends,66
2026-10-06,trends,BMV:BIMBO A (Mex$),Per Share Level,Avg. Diluted Shares Outstanding,,3 Months ago,FY 2026,FY,2026,,2026-12-31,4327000,,,4327000,shares (000),MXN,"filings/capitaliq/Estimates/Trends/SPGlobal_GrupoBimbo,S.A.B.deC.V._Trends_06-Oct-2026.xlsx",Trends,66
2026-10-06,trends,BMV:BIMBO A (Mex$),Per Share Level,Avg. Diluted Shares Outstanding,,3 Months ago,FY 2027,FY,2027,,2027-12-31,4327000,,,4327000,shares (000),MXN,"filings/capitaliq/Estimates/Trends/SPGlobal_GrupoBimbo,S.A.B.deC.V._Trends_06-Oct-2026.xlsx",Trends,66
2026-10-06,trends,BMV:BIMBO A (Mex$),Per Share Level,Avg. Diluted Shares Outstanding,,3 Months ago,FY 2028,FY,2028,,2028-12-31,4327000,,,4327000,shares (000),MXN,"filings/capitaliq/Estimates/Trends/SPGlobal_GrupoBimbo,S.A.B.deC.V._Trends_06-Oct-2026.xlsx",Trends,66
2026-10-06,trends,BMV:BIMBO A (Mex$),Per Share Level,Avg. Diluted Shares Outstanding,,6 Months ago,FY 2026,FY,2026,,2026-12-31,4347000,,,4347000,shares (000),MXN,"filings/capitaliq/Estimates/Trends/SPGlobal_GrupoBimbo,S.A.B.deC.V._Trends_06-Oct-2026.xlsx",Trends,67
2026-10-06,trends,BMV:BIMBO A (Mex$),Per Share Level,Avg. Diluted Shares Outstanding,,6 Months ago,FY 2027,FY,2027,,2027-12-31,4347000,,,4347000,shares (000),MXN,"filings/capitaliq/Estimates/Trends/SPGlobal_GrupoBimbo,S.A.B.deC.V._Trends_06-Oct-2026.xlsx",Trends,67
2026-10-06,trends,BMV:BIMBO A (Mex$),Per Share Level,Avg. Diluted Shares Outstanding,,9 Months ago,FY 2026,FY,2026,,2026-12-31,4347000,,,4347000,shares (000),MXN,"filings/capitaliq/Estimates/Trends/SPGlobal_GrupoBimbo,S.A.B.deC.V._Trends_06-Oct-2026.xlsx",Trends,68
2026-10-06,trends,BMV:BIMBO A (Mex$),Per Share Level,Avg. Diluted Shares Outstanding,,9 Months ago,FY 2027,FY,2027,,2027-12-31,4347000,,,4347000,shares (000),MXN,"filings/capitaliq/Estimates/Trends/SPGlobal_GrupoBimbo,S.A.B.deC.V._Trends_06-Oct-2026.xlsx",Trends,68
2026-10-06,trends,BMV:BIMBO A (Mex$),Per Share Level,Avg. Diluted Shares Outstanding,,12 Months ago,FY 2026,FY,2026,,2026-12-31,4358000,,,4358000,shares (000),MXN,"filings/capitaliq/Estimates/Trends/SPGlobal_GrupoBimbo,S.A.B.deC.V._Trends_06-Oct-2026.xlsx",Trends,69
2026-10-06,trends,BMV:BIMBO A (Mex$),Per Share Level,Avg. Diluted Shares Outstanding,,12 Months ago,FY 2027,FY,2027,,2027-12-31,4358000,,,4358000,shares (000),MXN,"filings/capitaliq/Estimates/Trends/SPGlobal_GrupoBimbo,S.A.B.deC.V._Trends_06-Oct-2026.xlsx",Trends,69
2026-10-06,trends,BMV:BIMBO A (Mex$),Per Share Level,Avg. Diluted Shares Outstanding,,18 Months ago,FY 2026,FY,2026,,2026-12-31,4371000,,,4371000,shares (000),MXN,"filings/capitaliq/Estimates/Trends/SPGlobal_GrupoBimbo,S.A.B.deC.V._Trends_06-Oct-2026.xlsx",Trends,70
2026-10-06,trends,BMV:BIMBO A (Mex$),Per Share Level,Avg. Diluted Shares Outstanding,,18 Months ago,FY 2027,FY,2027,,2027-12-31,4371000,,,4371000,shares (000),MXN,"filings/capitaliq/Estimates/Trends/SPGlobal_GrupoBimbo,S.A.B.deC.V._Trends_06-Oct-2026.xlsx",Trends,70
2026-10-06,trends,COMPANY LEVEL (Mex$000),Company Level,Revenue,,Current,FQ3 2026,FQ,2026,3,2026-09-30,106127830.42,,,106127830.42,Mex$000,MXN,"filings/capitaliq/Estimates/Trends/SPGlobal_GrupoBimbo,S.A.B.deC.V._Trends_06-Oct-2026.xlsx",Trends,75
2026-10-06,trends,COMPANY LEVEL (Mex$000),Company Level,Revenue,,Current,FQ4 2026,FQ,2026,4,2026-12-31,107999311.08,,,107999311.08,Mex$000,MXN,"filings/capitaliq/Estimates/Trends/SPGlobal_GrupoBimbo,S.A.B.deC.V._Trends_06-Oct-2026.xlsx",Trends,75
2026-10-06,trends,COMPANY LEVEL (Mex$000),Company Level,Revenue,,Current,FY 2026,FY,2026,,2026-12-31,426178975.47,,,426178975.47,Mex$000,MXN,"filings/capitaliq/Estimates/Trends/SPGlobal_GrupoBimbo,S.A.B.deC.V._Trends_06-Oct-2026.xlsx",Trends,75
2026-10-06,trends,COMPANY LEVEL (Mex$000),Company Level,Revenue,,Current,FY 2027,FY,2027,,2027-12-31,444849646.4,,,444849646.4,Mex$000,MXN,"filings/capitaliq/Estimates/Trends/SPGlobal_GrupoBimbo,S.A.B.deC.V._Trends_06-Oct-2026.xlsx",Trends,75
2026-10-06,trends,COMPANY LEVEL (Mex$000),Company Level,Revenue,,Current,FY 2028,FY,2028,,2028-12-31,467848019.32,,,467848019.32,Mex$000,MXN,"filings/capitaliq/Estimates/Trends/SPGlobal_GrupoBimbo,S.A.B.deC.V._Trends_06-Oct-2026.xlsx",Trends,75
2026-10-06,trends,COMPANY LEVEL (Mex$000),Company Level,Revenue,,Current,FY 2029,FY,2029,,2029-12-31,477018000,,,477018000,Mex$000,MXN,"filings/capitaliq/Estimates/Trends/SPGlobal_GrupoBimbo,S.A.B.deC.V._Trends_06-Oct-2026.xlsx",Trends,75
2026-10-06,trends,COMPANY LEVEL (Mex$000),Company Level,Revenue,,Current,FY 2030,FY,2030,,2030-12-31,497459000,,,497459000,Mex$000,MXN,"filings/capitaliq/Estimates/Trends/SPGlobal_GrupoBimbo,S.A.B.deC.V._Trends_06-Oct-2026.xlsx",Trends,75
2026-10-06,trends,COMPANY LEVEL (Mex$000),Company Level,Revenue,,Current,FY 2031,FY,2031,,2031-12-31,495100000,,,495100000,Mex$000,MXN,"filings/capitaliq/Estimates/Trends/SPGlobal_GrupoBimbo,S.A.B.deC.V._Trends_06-Oct-2026.xlsx",Trends,75
2026-10-06,trends,COMPANY LEVEL (Mex$000),Company Level,Revenue,,1 Month ago,FQ3 2026,FQ,2026,3,2026-09-30,105833046.27,,,105833046.27,Mex$000,MXN,"filings/capitaliq/Estimates/Trends/SPGlobal_GrupoBimbo,S.A.B.deC.V._Trends_06-Oct-2026.xlsx",Trends,76
2026-10-06,trends,COMPANY LEVEL (Mex$000),Company Level,Revenue,,1 Month ago,FQ4 2026,FQ,2026,4,2026-12-31,107616587.86,,,107616587.86,Mex$000,MXN,"filings/capitaliq/Estimates/Trends/SPGlobal_GrupoBimbo,S.A.B.deC.V._Trends_06-Oct-2026.xlsx",Trends,76
2026-10-06,trends,COMPANY LEVEL (Mex$000),Company Level,Revenue,,1 Month ago,FY 2026,FY,2026,,2026-12-31,426274732.54,,,426274732.54,Mex$000,MXN,"filings/capitaliq/Estimates/Trends/SPGlobal_GrupoBimbo,S.A.B.deC.V._Trends_06-Oct-2026.xlsx",Trends,76
2026-10-06,trends,COMPANY LEVEL (Mex$000),Company Level,Revenue,,1 Month ago,FY 2027,FY,2027,,2027-12-31,445287957.8,,,445287957.8,Mex$000,MXN,"filings/capitaliq/Estimates/Trends/SPGlobal_GrupoBimbo,S.A.B.deC.V._Trends_06-Oct-2026.xlsx",Trends,76
2026-10-06,trends,COMPANY LEVEL (Mex$000),Company Level,Revenue,,1 Month ago,FY 2028,FY,2028,,2028-12-31,468430905.83,,,468430905.83,Mex$000,MXN,"filings/capitaliq/Estimates/Trends/SPGlobal_GrupoBimbo,S.A.B.deC.V._Trends_06-Oct-2026.xlsx",Trends,76
2026-10-06,trends,COMPANY LEVEL (Mex$000),Company Level,Revenue,,1 Month ago,FY 2029,FY,2029,,2029-12-31,477018000,,,477018000,Mex$000,MXN,"filings/capitaliq/Estimates/Trends/SPGlobal_GrupoBimbo,S.A.B.deC.V._Trends_06-Oct-2026.xlsx",Trends,76
2026-10-06,trends,COMPANY LEVEL (Mex$000),Company Level,Revenue,,1 Month ago,FY 2030,FY,2030,,2030-12-31,497459000,,,497459000,Mex$000,MXN,"filings/capitaliq/Estimates/Trends/SPGlobal_GrupoBimbo,S.A.B.deC.V._Trends_06-Oct-2026.xlsx",Trends,76
2026-10-06,trends,COMPANY LEVEL (Mex$000),Company Level,Revenue,,1 Month ago,FY 2031,FY,2031,,2031-12-31,495100000,,,495100000,Mex$000,MXN,"filings/capitaliq/Estimates/Trends/SPGlobal_GrupoBimbo,S.A.B.deC.V._Trends_06-Oct-2026.xlsx",Trends,76
2026-10-06,trends,COMPANY LEVEL (Mex$000),Company Level,Revenue,,2 Months ago,FQ3 2026,FQ,2026,3,2026-09-30,106337039.8,,,106337039.8,Mex$000,MXN,"filings/capitaliq/Estimates/Trends/SPGlobal_GrupoBimbo,S.A.B.deC.V._Trends_06-Oct-2026.xlsx",Trends,77
2026-10-06,trends,COMPANY LEVEL (Mex$000),Company Level,Revenue,,2 Months ago,FQ4 2026,FQ,2026,4,2026-12-31,107985285.75,,,107985285.75,Mex$000,MXN,"filings/capitaliq/Estimates/Trends/SPGlobal_GrupoBimbo,S.A.B.deC.V._Trends_06-Oct-2026.xlsx",Trends,77
2026-10-06,trends,COMPANY LEVEL (Mex$000),Company Level,Revenue,,2 Months ago,FY 2026,FY,2026,,2026-12-31,426697721.54,,,426697721.54,Mex$000,MXN,"filings/capitaliq/Estimates/Trends/SPGlobal_GrupoBimbo,S.A.B.deC.V._Trends_06-Oct-2026.xlsx",Trends,77
2026-10-06,trends,COMPANY LEVEL (Mex$000),Company Level,Revenue,,2 Months ago,FY 2027,FY,2027,,2027-12-31,445979395.3,,,445979395.3,Mex$000,MXN,"filings/capitaliq/Estimates/Trends/SPGlobal_GrupoBimbo,S.A.B.deC.V._Trends_06-Oct-2026.xlsx",Trends,77
2026-10-06,trends,COMPANY LEVEL (Mex$000),Company Level,Revenue,,2 Months ago,FY 2028,FY,2028,,2028-12-31,469083456.14,,,469083456.14,Mex$000,MXN,"filings/capitaliq/Estimates/Trends/SPGlobal_GrupoBimbo,S.A.B.deC.V._Trends_06-Oct-2026.xlsx",Trends,77
2026-10-06,trends,COMPANY LEVEL (Mex$000),Company Level,Revenue,,2 Months ago,FY 2029,FY,2029,,2029-12-31,477018000,,,477018000,Mex$000,MXN,"filings/capitaliq/Estimates/Trends/SPGlobal_GrupoBimbo,S.A.B.deC.V._Trends_06-Oct-2026.xlsx",Trends,77
2026-10-06,trends,COMPANY LEVEL (Mex$000),Company Level,Revenue,,2 Months ago,FY 2030,FY,2030,,2030-12-31,497459000,,,497459000,Mex$000,MXN,"filings/capitaliq/Estimates/Trends/SPGlobal_GrupoBimbo,S.A.B.deC.V._Trends_06-Oct-2026.xlsx",Trends,77
2026-10-06,trends,COMPANY LEVEL (Mex$000),Company Level,Revenue,,2 Months ago,FY 2031,FY,2031,,2031-12-31,495100000,,,495100000,Mex$000,MXN,"filings/capitaliq/Estimates/Trends/SPGlobal_GrupoBimbo,S.A.B.deC.V._Trends_06-Oct-2026.xlsx",Trends,77
2026-10-06,trends,COMPANY LEVEL (Mex$000),Company Level,Revenue,,3 Months ago,FQ3 2026,FQ,2026,3,2026-09-30,106327063.62,,,106327063.62,Mex$000,MXN,"filings/capitaliq/Estimates/Trends/SPGlobal_GrupoBimbo,S.A.B.deC.V._Trends_06-Oct-2026.xlsx",Trends,78
2026-10-06,trends,COMPANY LEVEL (Mex$000),Company Level,Revenue,,3 Months ago,FQ4 2026,FQ,2026,4,2026-12-31,107968962.66,,,107968962.66,Mex$000,MXN,"filings/capitaliq/Estimates/Trends/SPGlobal_GrupoBimbo,S.A.B.deC.V._Trends_06-Oct-2026.xlsx",Trends,78
2026-10-06,trends,COMPANY LEVEL (Mex$000),Company Level,Revenue,,3 Months ago,FY 2026,FY,2026,,2026-12-31,425917672.56,,,425917672.56,Mex$000,MXN,"filings/capitaliq/Estimates/Trends/SPGlobal_GrupoBimbo,S.A.B.deC.V._Trends_06-Oct-2026.xlsx",Trends,78
2026-10-06,trends,COMPANY LEVEL (Mex$000),Company Level,Revenue,,3 Months ago,FY 2027,FY,2027,,2027-12-31,446125715.02,,,446125715.02,Mex$000,MXN,"filings/capitaliq/Estimates/Trends/SPGlobal_GrupoBimbo,S.A.B.deC.V._Trends_06-Oct-2026.xlsx",Trends,78
2026-10-06,trends,COMPANY LEVEL (Mex$000),Company Level,Revenue,,3 Months ago,FY 2028,FY,2028,,2028-12-31,469722294.62,,,469722294.62,Mex$000,MXN,"filings/capitaliq/Estimates/Trends/SPGlobal_GrupoBimbo,S.A.B.deC.V._Trends_06-Oct-2026.xlsx",Trends,78
2026-10-06,trends,COMPANY LEVEL (Mex$000),Company Level,Revenue,,3 Months ago,FY 2029,FY,2029,,2029-12-31,491336000,,,491336000,Mex$000,MXN,"filings/capitaliq/Estimates/Trends/SPGlobal_GrupoBimbo,S.A.B.deC.V._Trends_06-Oct-2026.xlsx",Trends,78
2026-10-06,trends,COMPANY LEVEL (Mex$000),Company Level,Revenue,,3 Months ago,FY 2030,FY,2030,,2030-12-31,516318000,,,516318000,Mex$000,MXN,"filings/capitaliq/Estimates/Trends/SPGlobal_GrupoBimbo,S.A.B.deC.V._Trends_06-Oct-2026.xlsx",Trends,78
2026-10-06,trends,COMPANY LEVEL (Mex$000),Company Level,Revenue,,6 Months ago,FY 2026,FY,2026,,2026-12-31,430437185.6,,,430437185.6,Mex$000,MXN,"filings/capitaliq/Estimates/Trends/SPGlobal_GrupoBimbo,S.A.B.deC.V._Trends_06-Oct-2026.xlsx",Trends,79
2026-10-06,trends,COMPANY LEVEL (Mex$000),Company Level,Revenue,,6 Months ago,FY 2027,FY,2027,,2027-12-31,458158244.6,,,458158244.6,Mex$000,MXN,"filings/capitaliq/Estimates/Trends/SPGlobal_GrupoBimbo,S.A.B.deC.V._Trends_06-Oct-2026.xlsx",Trends,79
2026-10-06,trends,COMPANY LEVEL (Mex$000),Company Level,Revenue,,6 Months ago,FY 2028,FY,2028,,2028-12-31,473412824.28,,,473412824.28,Mex$000,MXN,"filings/capitaliq/Estimates/Trends/SPGlobal_GrupoBimbo,S.A.B.deC.V._Trends_06-Oct-2026.xlsx",Trends,79
2026-10-06,trends,COMPANY LEVEL (Mex$000),Company Level,Revenue,,6 Months ago,FY 2029,FY,2029,,2029-12-31,507097000,,,507097000,Mex$000,MXN,"filings/capitaliq/Estimates/Trends/SPGlobal_GrupoBimbo,S.A.B.deC.V._Trends_06-Oct-2026.xlsx",Trends,79
2026-10-06,trends,COMPANY LEVEL (Mex$000),Company Level,Revenue,,6 Months ago,FY 2030,FY,2030,,2030-12-31,533624000,,,533624000,Mex$000,MXN,"filings/capitaliq/Estimates/Trends/SPGlobal_GrupoBimbo,S.A.B.deC.V._Trends_06-Oct-2026.xlsx",Trends,79
2026-10-06,trends,COMPANY LEVEL (Mex$000),Company Level,Revenue,,9 Months ago,FY 2026,FY,2026,,2026-12-31,443907990.55,,,443907990.55,Mex$000,MXN,"filings/capitaliq/Estimates/Trends/SPGlobal_GrupoBimbo,S.A.B.deC.V._Trends_06-Oct-2026.xlsx",Trends,80
2026-10-06,trends,COMPANY LEVEL (Mex$000),Company Level,Revenue,,9 Months ago,FY 2027,FY,2027,,2027-12-31,463830257.83,,,463830257.83,Mex$000,MXN,"filings/capitaliq/Estimates/Trends/SPGlobal_GrupoBimbo,S.A.B.deC.V._Trends_06-Oct-2026.xlsx",Trends,80
2026-10-06,trends,COMPANY LEVEL (Mex$000),Company Level,Revenue,,9 Months ago,FY 2028,FY,2028,,2028-12-31,479681000,,,479681000,Mex$000,MXN,"filings/capitaliq/Estimates/Trends/SPGlobal_GrupoBimbo,S.A.B.deC.V._Trends_06-Oct-2026.xlsx",Trends,80
2026-10-06,trends,COMPANY LEVEL (Mex$000),Company Level,Revenue,,9 Months ago,FY 2029,FY,2029,,2029-12-31,525195000,,,525195000,Mex$000,MXN,"filings/capitaliq/Estimates/Trends/SPGlobal_GrupoBimbo,S.A.B.deC.V._Trends_06-Oct-2026.xlsx",Trends,80
2026-10-06,trends,COMPANY LEVEL (Mex$000),Company Level,Revenue,,12 Months ago,FY 2026,FY,2026,,2026-12-31,450853850.29,,,450853850.29,Mex$000,MXN,"filings/capitaliq/Estimates/Trends/SPGlobal_GrupoBimbo,S.A.B.deC.V._Trends_06-Oct-2026.xlsx",Trends,81
2026-10-06,trends,COMPANY LEVEL (Mex$000),Company Level,Revenue,,12 Months ago,FY 2027,FY,2027,,2027-12-31,470714375.92,,,470714375.92,Mex$000,MXN,"filings/capitaliq/Estimates/Trends/SPGlobal_GrupoBimbo,S.A.B.deC.V._Trends_06-Oct-2026.xlsx",Trends,81
2026-10-06,trends,COMPANY LEVEL (Mex$000),Company Level,Revenue,,12 Months ago,FY 2028,FY,2028,,2028-12-31,485831000,,,485831000,Mex$000,MXN,"filings/capitaliq/Estimates/Trends/SPGlobal_GrupoBimbo,S.A.B.deC.V._Trends_06-Oct-2026.xlsx",Trends,81
2026-10-06,trends,COMPANY LEVEL (Mex$000),Company Level,Revenue,,12 Months ago,FY 2029,FY,2029,,2029-12-31,525195000,,,525195000,Mex$000,MXN,"filings/capitaliq/Estimates/Trends/SPGlobal_GrupoBimbo,S.A.B.deC.V._Trends_06-Oct-2026.xlsx",Trends,81
2026-10-06,trends,COMPANY LEVEL (Mex$000),Company Level,Revenue,,18 Months ago,FY 2026,FY,2026,,2026-12-31,466000185.14,,,466000185.14,Mex$000,MXN,"filings/capitaliq/Estimates/Trends/SPGlobal_GrupoBimbo,S.A.B.deC.V._Trends_06-Oct-2026.xlsx",Trends,82
2026-10-06,trends,COMPANY LEVEL (Mex$000),Company Level,Revenue,,18 Months ago,FY 2027,FY,2027,,2027-12-31,479110275.52,,,479110275.52,Mex$000,MXN,"filings/capitaliq/Estimates/Trends/SPGlobal_GrupoBimbo,S.A.B.deC.V._Trends_06-Oct-2026.xlsx",Trends,82
2026-10-06,trends,COMPANY LEVEL (Mex$000),Company Level,Revenue,,18 Months ago,FY 2028,FY,2028,,2028-12-31,487777000,,,487777000,Mex$000,MXN,"filings/capitaliq/Estimates/Trends/SPGlobal_GrupoBimbo,S.A.B.deC.V._Trends_06-Oct-2026.xlsx",Trends,82
2026-10-06,trends,COMPANY LEVEL (Mex$000),Company Level,"Selling, General and Administrative Expense",,Current,FQ3 2026,FQ,2026,3,2026-09-30,44073000,,,44073000,Mex$000,MXN,"filings/capitaliq/Estimates/Trends/SPGlobal_GrupoBimbo,S.A.B.deC.V._Trends_06-Oct-2026.xlsx",Trends,84
2026-10-06,trends,COMPANY LEVEL (Mex$000),Company Level,"Selling, General and Administrative Expense",,Current,FQ4 2026,FQ,2026,4,2026-12-31,43529000,,,43529000,Mex$000,MXN,"filings/capitaliq/Estimates/Trends/SPGlobal_GrupoBimbo,S.A.B.deC.V._Trends_06-Oct-2026.xlsx",Trends,84
2026-10-06,trends,COMPANY LEVEL (Mex$000),Company Level,"Selling, General and Administrative Expense",,Current,FY 2026,FY,2026,,2026-12-31,177262000,,,177262000,Mex$000,MXN,"filings/capitaliq/Estimates/Trends/SPGlobal_GrupoBimbo,S.A.B.deC.V._Trends_06-Oct-2026.xlsx",Trends,84
2026-10-06,trends,COMPANY LEVEL (Mex$000),Company Level,"Selling, General and Administrative Expense",,Current,FY 2027,FY,2027,,2027-12-31,189938000,,,189938000,Mex$000,MXN,"filings/capitaliq/Estimates/Trends/SPGlobal_GrupoBimbo,S.A.B.deC.V._Trends_06-Oct-2026.xlsx",Trends,84
2026-10-06,trends,COMPANY LEVEL (Mex$000),Company Level,"Selling, General and Administrative Expense",,Current,FY 2028,FY,2028,,2028-12-31,197029500,,,197029500,Mex$000,MXN,"filings/capitaliq/Estimates/Trends/SPGlobal_GrupoBimbo,S.A.B.deC.V._Trends_06-Oct-2026.xlsx",Trends,84
2026-10-06,trends,COMPANY LEVEL (Mex$000),Company Level,"Selling, General and Administrative Expense",,Current,FY 2029,FY,2029,,2029-12-31,216662000,,,216662000,Mex$000,MXN,"filings/capitaliq/Estimates/Trends/SPGlobal_GrupoBimbo,S.A.B.deC.V._Trends_06-Oct-2026.xlsx",Trends,84
2026-10-06,trends,COMPANY LEVEL (Mex$000),Company Level,"Selling, General and Administrative Expense",,Current,FY 2030,FY,2030,,2030-12-31,227450000,,,227450000,Mex$000,MXN,"filings/capitaliq/Estimates/Trends/SPGlobal_GrupoBimbo,S.A.B.deC.V._Trends_06-Oct-2026.xlsx",Trends,84
2026-10-06,trends,COMPANY LEVEL (Mex$000),Company Level,"Selling, General and Administrative Expense",,1 Month ago,FQ3 2026,FQ,2026,3,2026-09-30,44073000,,,44073000,Mex$000,MXN,"filings/capitaliq/Estimates/Trends/SPGlobal_GrupoBimbo,S.A.B.deC.V._Trends_06-Oct-2026.xlsx",Trends,85
2026-10-06,trends,COMPANY LEVEL (Mex$000),Company Level,"Selling, General and Administrative Expense",,1 Month ago,FQ4 2026,FQ,2026,4,2026-12-31,43529000,,,43529000,Mex$000,MXN,"filings/capitaliq/Estimates/Trends/SPGlobal_GrupoBimbo,S.A.B.deC.V._Trends_06-Oct-2026.xlsx",Trends,85
2026-10-06,trends,COMPANY LEVEL (Mex$000),Company Level,"Selling, General and Administrative Expense",,1 Month ago,FY 2026,FY,2026,,2026-12-31,177262000,,,177262000,Mex$000,MXN,"filings/capitaliq/Estimates/Trends/SPGlobal_GrupoBimbo,S.A.B.deC.V._Trends_06-Oct-2026.xlsx",Trends,85
2026-10-06,trends,COMPANY LEVEL (Mex$000),Company Level,"Selling, General and Administrative Expense",,1 Month ago,FY 2027,FY,2027,,2027-12-31,189938000,,,189938000,Mex$000,MXN,"filings/capitaliq/Estimates/Trends/SPGlobal_GrupoBimbo,S.A.B.deC.V._Trends_06-Oct-2026.xlsx",Trends,85
2026-10-06,trends,COMPANY LEVEL (Mex$000),Company Level,"Selling, General and Administrative Expense",,1 Month ago,FY 2028,FY,2028,,2028-12-31,197029500,,,197029500,Mex$000,MXN,"filings/capitaliq/Estimates/Trends/SPGlobal_GrupoBimbo,S.A.B.deC.V._Trends_06-Oct-2026.xlsx",Trends,85
2026-10-06,trends,COMPANY LEVEL (Mex$000),Company Level,"Selling, General and Administrative Expense",,1 Month ago,FY 2029,FY,2029,,2029-12-31,216662000,,,216662000,Mex$000,MXN,"filings/capitaliq/Estimates/Trends/SPGlobal_GrupoBimbo,S.A.B.deC.V._Trends_06-Oct-2026.xlsx",Trends,85
2026-10-06,trends,COMPANY LEVEL (Mex$000),Company Level,"Selling, General and Administrative Expense",,1 Month ago,FY 2030,FY,2030,,2030-12-31,227450000,,,227450000,Mex$000,MXN,"filings/capitaliq/Estimates/Trends/SPGlobal_GrupoBimbo,S.A.B.deC.V._Trends_06-Oct-2026.xlsx",Trends,85
2026-10-06,trends,COMPANY LEVEL (Mex$000),Company Level,"Selling, General and Administrative Expense",,2 Months ago,FQ3 2026,FQ,2026,3,2026-09-30,44073000,,,44073000,Mex$000,MXN,"filings/capitaliq/Estimates/Trends/SPGlobal_GrupoBimbo,S.A.B.deC.V._Trends_06-Oct-2026.xlsx",Trends,86
2026-10-06,trends,COMPANY LEVEL (Mex$000),Company Level,"Selling, General and Administrative Expense",,2 Months ago,FQ4 2026,FQ,2026,4,2026-12-31,43529000,,,43529000,Mex$000,MXN,"filings/capitaliq/Estimates/Trends/SPGlobal_GrupoBimbo,S.A.B.deC.V._Trends_06-Oct-2026.xlsx",Trends,86
2026-10-06,trends,COMPANY LEVEL (Mex$000),Company Level,"Selling, General and Administrative Expense",,2 Months ago,FY 2026,FY,2026,,2026-12-31,177262000,,,177262000,Mex$000,MXN,"filings/capitaliq/Estimates/Trends/SPGlobal_GrupoBimbo,S.A.B.deC.V._Trends_06-Oct-2026.xlsx",Trends,86
2026-10-06,trends,COMPANY LEVEL (Mex$000),Company Level,"Selling, General and Administrative Expense",,2 Months ago,FY 2027,FY,2027,,2027-12-31,189938000,,,189938000,Mex$000,MXN,"filings/capitaliq/Estimates/Trends/SPGlobal_GrupoBimbo,S.A.B.deC.V._Trends_06-Oct-2026.xlsx",Trends,86
2026-10-06,trends,COMPANY LEVEL (Mex$000),Company Level,"Selling, General and Administrative Expense",,2 Months ago,FY 2028,FY,2028,,2028-12-31,197029500,,,197029500,Mex$000,MXN,"filings/capitaliq/Estimates/Trends/SPGlobal_GrupoBimbo,S.A.B.deC.V._Trends_06-Oct-2026.xlsx",Trends,86
2026-10-06,trends,COMPANY LEVEL (Mex$000),Company Level,"Selling, General and Administrative Expense",,2 Months ago,FY 2029,FY,2029,,2029-12-31,216662000,,,216662000,Mex$000,MXN,"filings/capitaliq/Estimates/Trends/SPGlobal_GrupoBimbo,S.A.B.deC.V._Trends_06-Oct-2026.xlsx",Trends,86
2026-10-06,trends,COMPANY LEVEL (Mex$000),Company Level,"Selling, General and Administrative Expense",,2 Months ago,FY 2030,FY,2030,,2030-12-31,227450000,,,227450000,Mex$000,MXN,"filings/capitaliq/Estimates/Trends/SPGlobal_GrupoBimbo,S.A.B.deC.V._Trends_06-Oct-2026.xlsx",Trends,86
2026-10-06,trends,COMPANY LEVEL (Mex$000),Company Level,"Selling, General and Administrative Expense",,3 Months ago,FY 2026,FY,2026,,2026-12-31,191842000,,,191842000,Mex$000,MXN,"filings/capitaliq/Estimates/Trends/SPGlobal_GrupoBimbo,S.A.B.deC.V._Trends_06-Oct-2026.xlsx",Trends,87
2026-10-06,trends,COMPANY LEVEL (Mex$000),Company Level,"Selling, General and Administrative Expense",,3 Months ago,FY 2027,FY,2027,,2027-12-31,198641000,,,198641000,Mex$000,MXN,"filings/capitaliq/Estimates/Trends/SPGlobal_GrupoBimbo,S.A.B.deC.V._Trends_06-Oct-2026.xlsx",Trends,87
2026-10-06,trends,COMPANY LEVEL (Mex$000),Company Level,"Selling, General and Administrative Expense",,3 Months ago,FY 2028,FY,2028,,2028-12-31,208084000,,,208084000,Mex$000,MXN,"filings/capitaliq/Estimates/Trends/SPGlobal_GrupoBimbo,S.A.B.deC.V._Trends_06-Oct-2026.xlsx",Trends,87
2026-10-06,trends,COMPANY LEVEL (Mex$000),Company Level,"Selling, General and Administrative Expense",,3 Months ago,FY 2029,FY,2029,,2029-12-31,216662000,,,216662000,Mex$000,MXN,"filings/capitaliq/Estimates/Trends/SPGlobal_GrupoBimbo,S.A.B.deC.V._Trends_06-Oct-2026.xlsx",Trends,87
2026-10-06,trends,COMPANY LEVEL (Mex$000),Company Level,"Selling, General and Administrative Expense",,3 Months ago,FY 2030,FY,2030,,2030-12-31,227450000,,,227450000,Mex$000,MXN,"filings/capitaliq/Estimates/Trends/SPGlobal_GrupoBimbo,S.A.B.deC.V._Trends_06-Oct-2026.xlsx",Trends,87
2026-10-06,trends,COMPANY LEVEL (Mex$000),Company Level,"Selling, General and Administrative Expense",,6 Months ago,FY 2026,FY,2026,,2026-12-31,194505000,,,194505000,Mex$000,MXN,"filings/capitaliq/Estimates/Trends/SPGlobal_GrupoBimbo,S.A.B.deC.V._Trends_06-Oct-2026.xlsx",Trends,88
2026-10-06,trends,COMPANY LEVEL (Mex$000),Company Level,"Selling, General and Administrative Expense",,6 Months ago,FY 2027,FY,2027,,2027-12-31,194109500,,,194109500,Mex$000,MXN,"filings/capitaliq/Estimates/Trends/SPGlobal_GrupoBimbo,S.A.B.deC.V._Trends_06-Oct-2026.xlsx",Trends,88
2026-10-06,trends,COMPANY LEVEL (Mex$000),Company Level,"Selling, General and Administrative Expense",,6 Months ago,FY 2028,FY,2028,,2028-12-31,216685000,,,216685000,Mex$000,MXN,"filings/capitaliq/Estimates/Trends/SPGlobal_GrupoBimbo,S.A.B.deC.V._Trends_06-Oct-2026.xlsx",Trends,88
2026-10-06,trends,COMPANY LEVEL (Mex$000),Company Level,"Selling, General and Administrative Expense",,6 Months ago,FY 2029,FY,2029,,2029-12-31,226454000,,,226454000,Mex$000,MXN,"filings/capitaliq/Estimates/Trends/SPGlobal_GrupoBimbo,S.A.B.deC.V._Trends_06-Oct-2026.xlsx",Trends,88
2026-10-06,trends,COMPANY LEVEL (Mex$000),Company Level,"Selling, General and Administrative Expense",,6 Months ago,FY 2030,FY,2030,,2030-12-31,237964000,,,237964000,Mex$000,MXN,"filings/capitaliq/Estimates/Trends/SPGlobal_GrupoBimbo,S.A.B.deC.V._Trends_06-Oct-2026.xlsx",Trends,88
2026-10-06,trends,COMPANY LEVEL (Mex$000),Company Level,"Selling, General and Administrative Expense",,9 Months ago,FY 2026,FY,2026,,2026-12-31,191507666.67,,,191507666.67,Mex$000,MXN,"filings/capitaliq/Estimates/Trends/SPGlobal_GrupoBimbo,S.A.B.deC.V._Trends_06-Oct-2026.xlsx",Trends,89
2026-10-06,trends,COMPANY LEVEL (Mex$000),Company Level,"Selling, General and Administrative Expense",,9 Months ago,FY 2027,FY,2027,,2027-12-31,198592500,,,198592500,Mex$000,MXN,"filings/capitaliq/Estimates/Trends/SPGlobal_GrupoBimbo,S.A.B.deC.V._Trends_06-Oct-2026.xlsx",Trends,89
2026-10-06,trends,COMPANY LEVEL (Mex$000),Company Level,"Selling, General and Administrative Expense",,9 Months ago,FY 2028,FY,2028,,2028-12-31,226129000,,,226129000,Mex$000,MXN,"filings/capitaliq/Estimates/Trends/SPGlobal_GrupoBimbo,S.A.B.deC.V._Trends_06-Oct-2026.xlsx",Trends,89
2026-10-06,trends,COMPANY LEVEL (Mex$000),Company Level,"Selling, General and Administrative Expense",,9 Months ago,FY 2029,FY,2029,,2029-12-31,237617000,,,237617000,Mex$000,MXN,"filings/capitaliq/Estimates/Trends/SPGlobal_GrupoBimbo,S.A.B.deC.V._Trends_06-Oct-2026.xlsx",Trends,89
2026-10-06,trends,COMPANY LEVEL (Mex$000),Company Level,"Selling, General and Administrative Expense",,12 Months ago,FY 2026,FY,2026,,2026-12-31,195175333.33,,,195175333.33,Mex$000,MXN,"filings/capitaliq/Estimates/Trends/SPGlobal_GrupoBimbo,S.A.B.deC.V._Trends_06-Oct-2026.xlsx",Trends,90
2026-10-06,trends,COMPANY LEVEL (Mex$000),Company Level,"Selling, General and Administrative Expense",,12 Months ago,FY 2027,FY,2027,,2027-12-31,200491000,,,200491000,Mex$000,MXN,"filings/capitaliq/Estimates/Trends/SPGlobal_GrupoBimbo,S.A.B.deC.V._Trends_06-Oct-2026.xlsx",Trends,90
2026-10-06,trends,COMPANY LEVEL (Mex$000),Company Level,"Selling, General and Administrative Expense",,12 Months ago,FY 2028,FY,2028,,2028-12-31,226129000,,,226129000,Mex$000,MXN,"filings/capitaliq/Estimates/Trends/SPGlobal_GrupoBimbo,S.A.B.deC.V._Trends_06-Oct-2026.xlsx",Trends,90
2026-10-06,trends,COMPANY LEVEL (Mex$000),Company Level,"Selling, General and Administrative Expense",,12 Months ago,FY 2029,FY,2029,,2029-12-31,237617000,,,237617000,Mex$000,MXN,"filings/capitaliq/Estimates/Trends/SPGlobal_GrupoBimbo,S.A.B.deC.V._Trends_06-Oct-2026.xlsx",Trends,90
2026-10-06,trends,COMPANY LEVEL (Mex$000),Company Level,"Selling, General and Administrative Expense",,18 Months ago,FY 2026,FY,2026,,2026-12-31,199943500,,,199943500,Mex$000,MXN,"filings/capitaliq/Estimates/Trends/SPGlobal_GrupoBimbo,S.A.B.deC.V._Trends_06-Oct-2026.xlsx",Trends,91
2026-10-06,trends,COMPANY LEVEL (Mex$000),Company Level,"Selling, General and Administrative Expense",,18 Months ago,FY 2027,FY,2027,,2027-12-31,206544000,,,206544000,Mex$000,MXN,"filings/capitaliq/Estimates/Trends/SPGlobal_GrupoBimbo,S.A.B.deC.V._Trends_06-Oct-2026.xlsx",Trends,91
2026-10-06,trends,COMPANY LEVEL (Mex$000),Company Level,"Selling, General and Administrative Expense",,18 Months ago,FY 2028,FY,2028,,2028-12-31,219734000,,,219734000,Mex$000,MXN,"filings/capitaliq/Estimates/Trends/SPGlobal_GrupoBimbo,S.A.B.deC.V._Trends_06-Oct-2026.xlsx",Trends,91
2026-10-06,trends,COMPANY LEVEL (Mex$000),Company Level,EBITDA,,Current,FQ3 2026,FQ,2026,3,2026-09-30,16130868.68,,,16130868.68,Mex$000,MXN,"filings/capitaliq/Estimates/Trends/SPGlobal_GrupoBimbo,S.A.B.deC.V._Trends_06-Oct-2026.xlsx",Trends,93
2026-10-06,trends,COMPANY LEVEL (Mex$000),Company Level,EBITDA,,Current,FQ4 2026,FQ,2026,4,2026-12-31,16800207.05,,,16800207.05,Mex$000,MXN,"filings/capitaliq/Estimates/Trends/SPGlobal_GrupoBimbo,S.A.B.deC.V._Trends_06-Oct-2026.xlsx",Trends,93
2026-10-06,trends,COMPANY LEVEL (Mex$000),Company Level,EBITDA,,Current,FY 2026,FY,2026,,2026-12-31,62143769.51,,,62143769.51,Mex$000,MXN,"filings/capitaliq/Estimates/Trends/SPGlobal_GrupoBimbo,S.A.B.deC.V._Trends_06-Oct-2026.xlsx",Trends,93
2026-10-06,trends,COMPANY LEVEL (Mex$000),Company Level,EBITDA,,Current,FY 2027,FY,2027,,2027-12-31,64499477.29,,,64499477.29,Mex$000,MXN,"filings/capitaliq/Estimates/Trends/SPGlobal_GrupoBimbo,S.A.B.deC.V._Trends_06-Oct-2026.xlsx",Trends,93
2026-10-06,trends,COMPANY LEVEL (Mex$000),Company Level,EBITDA,,Current,FY 2028,FY,2028,,2028-12-31,68777471.05,,,68777471.05,Mex$000,MXN,"filings/capitaliq/Estimates/Trends/SPGlobal_GrupoBimbo,S.A.B.deC.V._Trends_06-Oct-2026.xlsx",Trends,93
2026-10-06,trends,COMPANY LEVEL (Mex$000),Company Level,EBITDA,,Current,FY 2029,FY,2029,,2029-12-31,70667500,,,70667500,Mex$000,MXN,"filings/capitaliq/Estimates/Trends/SPGlobal_GrupoBimbo,S.A.B.deC.V._Trends_06-Oct-2026.xlsx",Trends,93
2026-10-06,trends,COMPANY LEVEL (Mex$000),Company Level,EBITDA,,Current,FY 2030,FY,2030,,2030-12-31,74421000,,,74421000,Mex$000,MXN,"filings/capitaliq/Estimates/Trends/SPGlobal_GrupoBimbo,S.A.B.deC.V._Trends_06-Oct-2026.xlsx",Trends,93
2026-10-06,trends,COMPANY LEVEL (Mex$000),Company Level,EBITDA,,Current,FY 2031,FY,2031,,2031-12-31,78400000,,,78400000,Mex$000,MXN,"filings/capitaliq/Estimates/Trends/SPGlobal_GrupoBimbo,S.A.B.deC.V._Trends_06-Oct-2026.xlsx",Trends,93
2026-10-06,trends,COMPANY LEVEL (Mex$000),Company Level,EBITDA,,1 Month ago,FQ3 2026,FQ,2026,3,2026-09-30,16077078.8,,,16077078.8,Mex$000,MXN,"filings/capitaliq/Estimates/Trends/SPGlobal_GrupoBimbo,S.A.B.deC.V._Trends_06-Oct-2026.xlsx",Trends,94
2026-10-06,trends,COMPANY LEVEL (Mex$000),Company Level,EBITDA,,1 Month ago,FQ4 2026,FQ,2026,4,2026-12-31,16736387.6,,,16736387.6,Mex$000,MXN,"filings/capitaliq/Estimates/Trends/SPGlobal_GrupoBimbo,S.A.B.deC.V._Trends_06-Oct-2026.xlsx",Trends,94
2026-10-06,trends,COMPANY LEVEL (Mex$000),Company Level,EBITDA,,1 Month ago,FY 2026,FY,2026,,2026-12-31,62116885.73,,,62116885.73,Mex$000,MXN,"filings/capitaliq/Estimates/Trends/SPGlobal_GrupoBimbo,S.A.B.deC.V._Trends_06-Oct-2026.xlsx",Trends,94
2026-10-06,trends,COMPANY LEVEL (Mex$000),Company Level,EBITDA,,1 Month ago,FY 2027,FY,2027,,2027-12-31,64890772.19,,,64890772.19,Mex$000,MXN,"filings/capitaliq/Estimates/Trends/SPGlobal_GrupoBimbo,S.A.B.deC.V._Trends_06-Oct-2026.xlsx",Trends,94
2026-10-06,trends,COMPANY LEVEL (Mex$000),Company Level,EBITDA,,1 Month ago,FY 2028,FY,2028,,2028-12-31,68998622.64,,,68998622.64,Mex$000,MXN,"filings/capitaliq/Estimates/Trends/SPGlobal_GrupoBimbo,S.A.B.deC.V._Trends_06-Oct-2026.xlsx",Trends,94
2026-10-06,trends,COMPANY LEVEL (Mex$000),Company Level,EBITDA,,1 Month ago,FY 2029,FY,2029,,2029-12-31,70667500,,,70667500,Mex$000,MXN,"filings/capitaliq/Estimates/Trends/SPGlobal_GrupoBimbo,S.A.B.deC.V._Trends_06-Oct-2026.xlsx",Trends,94
2026-10-06,trends,COMPANY LEVEL (Mex$000),Company Level,EBITDA,,1 Month ago,FY 2030,FY,2030,,2030-12-31,74421000,,,74421000,Mex$000,MXN,"filings/capitaliq/Estimates/Trends/SPGlobal_GrupoBimbo,S.A.B.deC.V._Trends_06-Oct-2026.xlsx",Trends,94
2026-10-06,trends,COMPANY LEVEL (Mex$000),Company Level,EBITDA,,1 Month ago,FY 2031,FY,2031,,2031-12-31,78400000,,,78400000,Mex$000,MXN,"filings/capitaliq/Estimates/Trends/SPGlobal_GrupoBimbo,S.A.B.deC.V._Trends_06-Oct-2026.xlsx",Trends,94
2026-10-06,trends,COMPANY LEVEL (Mex$000),Company Level,EBITDA,,2 Months ago,FQ3 2026,FQ,2026,3,2026-09-30,16103010.14,,,16103010.14,Mex$000,MXN,"filings/capitaliq/Estimates/Trends/SPGlobal_GrupoBimbo,S.A.B.deC.V._Trends_06-Oct-2026.xlsx",Trends,95
2026-10-06,trends,COMPANY LEVEL (Mex$000),Company Level,EBITDA,,2 Months ago,FQ4 2026,FQ,2026,4,2026-12-31,16532383.8,,,16532383.8,Mex$000,MXN,"filings/capitaliq/Estimates/Trends/SPGlobal_GrupoBimbo,S.A.B.deC.V._Trends_06-Oct-2026.xlsx",Trends,95
2026-10-06,trends,COMPANY LEVEL (Mex$000),Company Level,EBITDA,,2 Months ago,FY 2026,FY,2026,,2026-12-31,62081037.67,,,62081037.67,Mex$000,MXN,"filings/capitaliq/Estimates/Trends/SPGlobal_GrupoBimbo,S.A.B.deC.V._Trends_06-Oct-2026.xlsx",Trends,95
2026-10-06,trends,COMPANY LEVEL (Mex$000),Company Level,EBITDA,,2 Months ago,FY 2027,FY,2027,,2027-12-31,64877895.42,,,64877895.42,Mex$000,MXN,"filings/capitaliq/Estimates/Trends/SPGlobal_GrupoBimbo,S.A.B.deC.V._Trends_06-Oct-2026.xlsx",Trends,95
2026-10-06,trends,COMPANY LEVEL (Mex$000),Company Level,EBITDA,,2 Months ago,FY 2028,FY,2028,,2028-12-31,68767190.65,,,68767190.65,Mex$000,MXN,"filings/capitaliq/Estimates/Trends/SPGlobal_GrupoBimbo,S.A.B.deC.V._Trends_06-Oct-2026.xlsx",Trends,95
2026-10-06,trends,COMPANY LEVEL (Mex$000),Company Level,EBITDA,,2 Months ago,FY 2029,FY,2029,,2029-12-31,70667500,,,70667500,Mex$000,MXN,"filings/capitaliq/Estimates/Trends/SPGlobal_GrupoBimbo,S.A.B.deC.V._Trends_06-Oct-2026.xlsx",Trends,95
2026-10-06,trends,COMPANY LEVEL (Mex$000),Company Level,EBITDA,,2 Months ago,FY 2030,FY,2030,,2030-12-31,74421000,,,74421000,Mex$000,MXN,"filings/capitaliq/Estimates/Trends/SPGlobal_GrupoBimbo,S.A.B.deC.V._Trends_06-Oct-2026.xlsx",Trends,95
2026-10-06,trends,COMPANY LEVEL (Mex$000),Company Level,EBITDA,,2 Months ago,FY 2031,FY,2031,,2031-12-31,78400000,,,78400000,Mex$000,MXN,"filings/capitaliq/Estimates/Trends/SPGlobal_GrupoBimbo,S.A.B.deC.V._Trends_06-Oct-2026.xlsx",Trends,95
2026-10-06,trends,COMPANY LEVEL (Mex$000),Company Level,EBITDA,,3 Months ago,FQ3 2026,FQ,2026,3,2026-09-30,15834033.18,,,15834033.18,Mex$000,MXN,"filings/capitaliq/Estimates/Trends/SPGlobal_GrupoBimbo,S.A.B.deC.V._Trends_06-Oct-2026.xlsx",Trends,96
2026-10-06,trends,COMPANY LEVEL (Mex$000),Company Level,EBITDA,,3 Months ago,FQ4 2026,FQ,2026,4,2026-12-31,16348621.1,,,16348621.1,Mex$000,MXN,"filings/capitaliq/Estimates/Trends/SPGlobal_GrupoBimbo,S.A.B.deC.V._Trends_06-Oct-2026.xlsx",Trends,96
2026-10-06,trends,COMPANY LEVEL (Mex$000),Company Level,EBITDA,,3 Months ago,FY 2026,FY,2026,,2026-12-31,62221984.7,,,62221984.7,Mex$000,MXN,"filings/capitaliq/Estimates/Trends/SPGlobal_GrupoBimbo,S.A.B.deC.V._Trends_06-Oct-2026.xlsx",Trends,96
2026-10-06,trends,COMPANY LEVEL (Mex$000),Company Level,EBITDA,,3 Months ago,FY 2027,FY,2027,,2027-12-31,64876513.43,,,64876513.43,Mex$000,MXN,"filings/capitaliq/Estimates/Trends/SPGlobal_GrupoBimbo,S.A.B.deC.V._Trends_06-Oct-2026.xlsx",Trends,96
2026-10-06,trends,COMPANY LEVEL (Mex$000),Company Level,EBITDA,,3 Months ago,FY 2028,FY,2028,,2028-12-31,68561998.64,,,68561998.64,Mex$000,MXN,"filings/capitaliq/Estimates/Trends/SPGlobal_GrupoBimbo,S.A.B.deC.V._Trends_06-Oct-2026.xlsx",Trends,96
2026-10-06,trends,COMPANY LEVEL (Mex$000),Company Level,EBITDA,,3 Months ago,FY 2029,FY,2029,,2029-12-31,69235000,,,69235000,Mex$000,MXN,"filings/capitaliq/Estimates/Trends/SPGlobal_GrupoBimbo,S.A.B.deC.V._Trends_06-Oct-2026.xlsx",Trends,96
2026-10-06,trends,COMPANY LEVEL (Mex$000),Company Level,EBITDA,,3 Months ago,FY 2030,FY,2030,,2030-12-31,73742000,,,73742000,Mex$000,MXN,"filings/capitaliq/Estimates/Trends/SPGlobal_GrupoBimbo,S.A.B.deC.V._Trends_06-Oct-2026.xlsx",Trends,96
2026-10-06,trends,COMPANY LEVEL (Mex$000),Company Level,EBITDA,,6 Months ago,FY 2026,FY,2026,,2026-12-31,61212132.35,,,61212132.35,Mex$000,MXN,"filings/capitaliq/Estimates/Trends/SPGlobal_GrupoBimbo,S.A.B.deC.V._Trends_06-Oct-2026.xlsx",Trends,97
2026-10-06,trends,COMPANY LEVEL (Mex$000),Company Level,EBITDA,,6 Months ago,FY 2027,FY,2027,,2027-12-31,66152490.37,,,66152490.37,Mex$000,MXN,"filings/capitaliq/Estimates/Trends/SPGlobal_GrupoBimbo,S.A.B.deC.V._Trends_06-Oct-2026.xlsx",Trends,97
2026-10-06,trends,COMPANY LEVEL (Mex$000),Company Level,EBITDA,,6 Months ago,FY 2028,FY,2028,,2028-12-31,68218944.47,,,68218944.47,Mex$000,MXN,"filings/capitaliq/Estimates/Trends/SPGlobal_GrupoBimbo,S.A.B.deC.V._Trends_06-Oct-2026.xlsx",Trends,97
2026-10-06,trends,COMPANY LEVEL (Mex$000),Company Level,EBITDA,,6 Months ago,FY 2029,FY,2029,,2029-12-31,70320000,,,70320000,Mex$000,MXN,"filings/capitaliq/Estimates/Trends/SPGlobal_GrupoBimbo,S.A.B.deC.V._Trends_06-Oct-2026.xlsx",Trends,97
2026-10-06,trends,COMPANY LEVEL (Mex$000),Company Level,EBITDA,,6 Months ago,FY 2030,FY,2030,,2030-12-31,74450000,,,74450000,Mex$000,MXN,"filings/capitaliq/Estimates/Trends/SPGlobal_GrupoBimbo,S.A.B.deC.V._Trends_06-Oct-2026.xlsx",Trends,97
2026-10-06,trends,COMPANY LEVEL (Mex$000),Company Level,EBITDA,,9 Months ago,FY 2026,FY,2026,,2026-12-31,63153705.89,,,63153705.89,Mex$000,MXN,"filings/capitaliq/Estimates/Trends/SPGlobal_GrupoBimbo,S.A.B.deC.V._Trends_06-Oct-2026.xlsx",Trends,98
2026-10-06,trends,COMPANY LEVEL (Mex$000),Company Level,EBITDA,,9 Months ago,FY 2027,FY,2027,,2027-12-31,66913463.98,,,66913463.98,Mex$000,MXN,"filings/capitaliq/Estimates/Trends/SPGlobal_GrupoBimbo,S.A.B.deC.V._Trends_06-Oct-2026.xlsx",Trends,98
2026-10-06,trends,COMPANY LEVEL (Mex$000),Company Level,EBITDA,,9 Months ago,FY 2028,FY,2028,,2028-12-31,68187500,,,68187500,Mex$000,MXN,"filings/capitaliq/Estimates/Trends/SPGlobal_GrupoBimbo,S.A.B.deC.V._Trends_06-Oct-2026.xlsx",Trends,98
2026-10-06,trends,COMPANY LEVEL (Mex$000),Company Level,EBITDA,,9 Months ago,FY 2029,FY,2029,,2029-12-31,73342000,,,73342000,Mex$000,MXN,"filings/capitaliq/Estimates/Trends/SPGlobal_GrupoBimbo,S.A.B.deC.V._Trends_06-Oct-2026.xlsx",Trends,98
2026-10-06,trends,COMPANY LEVEL (Mex$000),Company Level,EBITDA,,12 Months ago,FY 2026,FY,2026,,2026-12-31,63921448.04,,,63921448.04,Mex$000,MXN,"filings/capitaliq/Estimates/Trends/SPGlobal_GrupoBimbo,S.A.B.deC.V._Trends_06-Oct-2026.xlsx",Trends,99
2026-10-06,trends,COMPANY LEVEL (Mex$000),Company Level,EBITDA,,12 Months ago,FY 2027,FY,2027,,2027-12-31,66959409.91,,,66959409.91,Mex$000,MXN,"filings/capitaliq/Estimates/Trends/SPGlobal_GrupoBimbo,S.A.B.deC.V._Trends_06-Oct-2026.xlsx",Trends,99
2026-10-06,trends,COMPANY LEVEL (Mex$000),Company Level,EBITDA,,12 Months ago,FY 2028,FY,2028,,2028-12-31,67787500,,,67787500,Mex$000,MXN,"filings/capitaliq/Estimates/Trends/SPGlobal_GrupoBimbo,S.A.B.deC.V._Trends_06-Oct-2026.xlsx",Trends,99
2026-10-06,trends,COMPANY LEVEL (Mex$000),Company Level,EBITDA,,12 Months ago,FY 2029,FY,2029,,2029-12-31,73342000,,,73342000,Mex$000,MXN,"filings/capitaliq/Estimates/Trends/SPGlobal_GrupoBimbo,S.A.B.deC.V._Trends_06-Oct-2026.xlsx",Trends,99
2026-10-06,trends,COMPANY LEVEL (Mex$000),Company Level,EBITDA,,18 Months ago,FY 2026,FY,2026,,2026-12-31,66378342.02,,,66378342.02,Mex$000,MXN,"filings/capitaliq/Estimates/Trends/SPGlobal_GrupoBimbo,S.A.B.deC.V._Trends_06-Oct-2026.xlsx",Trends,100
2026-10-06,trends,COMPANY LEVEL (Mex$000),Company Level,EBITDA,,18 Months ago,FY 2027,FY,2027,,2027-12-31,66206108.95,,,66206108.95,Mex$000,MXN,"filings/capitaliq/Estimates/Trends/SPGlobal_GrupoBimbo,S.A.B.deC.V._Trends_06-Oct-2026.xlsx",Trends,100
2026-10-06,trends,COMPANY LEVEL (Mex$000),Company Level,EBITDA,,18 Months ago,FY 2028,FY,2028,,2028-12-31,63024000,,,63024000,Mex$000,MXN,"filings/capitaliq/Estimates/Trends/SPGlobal_GrupoBimbo,S.A.B.deC.V._Trends_06-Oct-2026.xlsx",Trends,100
2026-10-06,trends,COMPANY LEVEL (Mex$000),Company Level,EBIT,,Current,FQ3 2026,FQ,2026,3,2026-09-30,9737759.29,,,9737759.29,Mex$000,MXN,"filings/capitaliq/Estimates/Trends/SPGlobal_GrupoBimbo,S.A.B.deC.V._Trends_06-Oct-2026.xlsx",Trends,102
2026-10-06,trends,COMPANY LEVEL (Mex$000),Company Level,EBIT,,Current,FQ4 2026,FQ,2026,4,2026-12-31,10259413.38,,,10259413.38,Mex$000,MXN,"filings/capitaliq/Estimates/Trends/SPGlobal_GrupoBimbo,S.A.B.deC.V._Trends_06-Oct-2026.xlsx",Trends,102
2026-10-06,trends,COMPANY LEVEL (Mex$000),Company Level,EBIT,,Current,FY 2026,FY,2026,,2026-12-31,37525708.97,,,37525708.97,Mex$000,MXN,"filings/capitaliq/Estimates/Trends/SPGlobal_GrupoBimbo,S.A.B.deC.V._Trends_06-Oct-2026.xlsx",Trends,102
2026-10-06,trends,COMPANY LEVEL (Mex$000),Company Level,EBIT,,Current,FY 2027,FY,2027,,2027-12-31,38466473.42,,,38466473.42,Mex$000,MXN,"filings/capitaliq/Estimates/Trends/SPGlobal_GrupoBimbo,S.A.B.deC.V._Trends_06-Oct-2026.xlsx",Trends,102
2026-10-06,trends,COMPANY LEVEL (Mex$000),Company Level,EBIT,,Current,FY 2028,FY,2028,,2028-12-31,41803747.68,,,41803747.68,Mex$000,MXN,"filings/capitaliq/Estimates/Trends/SPGlobal_GrupoBimbo,S.A.B.deC.V._Trends_06-Oct-2026.xlsx",Trends,102
2026-10-06,trends,COMPANY LEVEL (Mex$000),Company Level,EBIT,,Current,FY 2029,FY,2029,,2029-12-31,40022000,,,40022000,Mex$000,MXN,"filings/capitaliq/Estimates/Trends/SPGlobal_GrupoBimbo,S.A.B.deC.V._Trends_06-Oct-2026.xlsx",Trends,102
2026-10-06,trends,COMPANY LEVEL (Mex$000),Company Level,EBIT,,Current,FY 2030,FY,2030,,2030-12-31,43001000,,,43001000,Mex$000,MXN,"filings/capitaliq/Estimates/Trends/SPGlobal_GrupoBimbo,S.A.B.deC.V._Trends_06-Oct-2026.xlsx",Trends,102
2026-10-06,trends,COMPANY LEVEL (Mex$000),Company Level,EBIT,,1 Month ago,FQ3 2026,FQ,2026,3,2026-09-30,9702756.13,,,9702756.13,Mex$000,MXN,"filings/capitaliq/Estimates/Trends/SPGlobal_GrupoBimbo,S.A.B.deC.V._Trends_06-Oct-2026.xlsx",Trends,103
2026-10-06,trends,COMPANY LEVEL (Mex$000),Company Level,EBIT,,1 Month ago,FQ4 2026,FQ,2026,4,2026-12-31,10214215.52,,,10214215.52,Mex$000,MXN,"filings/capitaliq/Estimates/Trends/SPGlobal_GrupoBimbo,S.A.B.deC.V._Trends_06-Oct-2026.xlsx",Trends,103
2026-10-06,trends,COMPANY LEVEL (Mex$000),Company Level,EBIT,,1 Month ago,FY 2026,FY,2026,,2026-12-31,37445851.54,,,37445851.54,Mex$000,MXN,"filings/capitaliq/Estimates/Trends/SPGlobal_GrupoBimbo,S.A.B.deC.V._Trends_06-Oct-2026.xlsx",Trends,103
2026-10-06,trends,COMPANY LEVEL (Mex$000),Company Level,EBIT,,1 Month ago,FY 2027,FY,2027,,2027-12-31,38778982.23,,,38778982.23,Mex$000,MXN,"filings/capitaliq/Estimates/Trends/SPGlobal_GrupoBimbo,S.A.B.deC.V._Trends_06-Oct-2026.xlsx",Trends,103
2026-10-06,trends,COMPANY LEVEL (Mex$000),Company Level,EBIT,,1 Month ago,FY 2028,FY,2028,,2028-12-31,41926296.27,,,41926296.27,Mex$000,MXN,"filings/capitaliq/Estimates/Trends/SPGlobal_GrupoBimbo,S.A.B.deC.V._Trends_06-Oct-2026.xlsx",Trends,103
2026-10-06,trends,COMPANY LEVEL (Mex$000),Company Level,EBIT,,1 Month ago,FY 2029,FY,2029,,2029-12-31,40022000,,,40022000,Mex$000,MXN,"filings/capitaliq/Estimates/Trends/SPGlobal_GrupoBimbo,S.A.B.deC.V._Trends_06-Oct-2026.xlsx",Trends,103
2026-10-06,trends,COMPANY LEVEL (Mex$000),Company Level,EBIT,,1 Month ago,FY 2030,FY,2030,,2030-12-31,43001000,,,43001000,Mex$000,MXN,"filings/capitaliq/Estimates/Trends/SPGlobal_GrupoBimbo,S.A.B.deC.V._Trends_06-Oct-2026.xlsx",Trends,103
2026-10-06,trends,COMPANY LEVEL (Mex$000),Company Level,EBIT,,2 Months ago,FQ3 2026,FQ,2026,3,2026-09-30,9533000,,,9533000,Mex$000,MXN,"filings/capitaliq/Estimates/Trends/SPGlobal_GrupoBimbo,S.A.B.deC.V._Trends_06-Oct-2026.xlsx",Trends,104
2026-10-06,trends,COMPANY LEVEL (Mex$000),Company Level,EBIT,,2 Months ago,FQ4 2026,FQ,2026,4,2026-12-31,9976000,,,9976000,Mex$000,MXN,"filings/capitaliq/Estimates/Trends/SPGlobal_GrupoBimbo,S.A.B.deC.V._Trends_06-Oct-2026.xlsx",Trends,104
2026-10-06,trends,COMPANY LEVEL (Mex$000),Company Level,EBIT,,2 Months ago,FY 2026,FY,2026,,2026-12-31,37380481.49,,,37380481.49,Mex$000,MXN,"filings/capitaliq/Estimates/Trends/SPGlobal_GrupoBimbo,S.A.B.deC.V._Trends_06-Oct-2026.xlsx",Trends,104
2026-10-06,trends,COMPANY LEVEL (Mex$000),Company Level,EBIT,,2 Months ago,FY 2027,FY,2027,,2027-12-31,38731462.75,,,38731462.75,Mex$000,MXN,"filings/capitaliq/Estimates/Trends/SPGlobal_GrupoBimbo,S.A.B.deC.V._Trends_06-Oct-2026.xlsx",Trends,104
2026-10-06,trends,COMPANY LEVEL (Mex$000),Company Level,EBIT,,2 Months ago,FY 2028,FY,2028,,2028-12-31,41666571.38,,,41666571.38,Mex$000,MXN,"filings/capitaliq/Estimates/Trends/SPGlobal_GrupoBimbo,S.A.B.deC.V._Trends_06-Oct-2026.xlsx",Trends,104
2026-10-06,trends,COMPANY LEVEL (Mex$000),Company Level,EBIT,,2 Months ago,FY 2029,FY,2029,,2029-12-31,40022000,,,40022000,Mex$000,MXN,"filings/capitaliq/Estimates/Trends/SPGlobal_GrupoBimbo,S.A.B.deC.V._Trends_06-Oct-2026.xlsx",Trends,104
2026-10-06,trends,COMPANY LEVEL (Mex$000),Company Level,EBIT,,2 Months ago,FY 2030,FY,2030,,2030-12-31,43001000,,,43001000,Mex$000,MXN,"filings/capitaliq/Estimates/Trends/SPGlobal_GrupoBimbo,S.A.B.deC.V._Trends_06-Oct-2026.xlsx",Trends,104
2026-10-06,trends,COMPANY LEVEL (Mex$000),Company Level,EBIT,,3 Months ago,FQ3 2026,FQ,2026,3,2026-09-30,9543134.76,,,9543134.76,Mex$000,MXN,"filings/capitaliq/Estimates/Trends/SPGlobal_GrupoBimbo,S.A.B.deC.V._Trends_06-Oct-2026.xlsx",Trends,105
2026-10-06,trends,COMPANY LEVEL (Mex$000),Company Level,EBIT,,3 Months ago,FQ4 2026,FQ,2026,4,2026-12-31,9785028.82,,,9785028.82,Mex$000,MXN,"filings/capitaliq/Estimates/Trends/SPGlobal_GrupoBimbo,S.A.B.deC.V._Trends_06-Oct-2026.xlsx",Trends,105
2026-10-06,trends,COMPANY LEVEL (Mex$000),Company Level,EBIT,,3 Months ago,FY 2026,FY,2026,,2026-12-31,36968362.4,,,36968362.4,Mex$000,MXN,"filings/capitaliq/Estimates/Trends/SPGlobal_GrupoBimbo,S.A.B.deC.V._Trends_06-Oct-2026.xlsx",Trends,105
2026-10-06,trends,COMPANY LEVEL (Mex$000),Company Level,EBIT,,3 Months ago,FY 2027,FY,2027,,2027-12-31,38691454.18,,,38691454.18,Mex$000,MXN,"filings/capitaliq/Estimates/Trends/SPGlobal_GrupoBimbo,S.A.B.deC.V._Trends_06-Oct-2026.xlsx",Trends,105
2026-10-06,trends,COMPANY LEVEL (Mex$000),Company Level,EBIT,,3 Months ago,FY 2028,FY,2028,,2028-12-31,41458816.24,,,41458816.24,Mex$000,MXN,"filings/capitaliq/Estimates/Trends/SPGlobal_GrupoBimbo,S.A.B.deC.V._Trends_06-Oct-2026.xlsx",Trends,105
2026-10-06,trends,COMPANY LEVEL (Mex$000),Company Level,EBIT,,3 Months ago,FY 2029,FY,2029,,2029-12-31,40022000,,,40022000,Mex$000,MXN,"filings/capitaliq/Estimates/Trends/SPGlobal_GrupoBimbo,S.A.B.deC.V._Trends_06-Oct-2026.xlsx",Trends,105
2026-10-06,trends,COMPANY LEVEL (Mex$000),Company Level,EBIT,,3 Months ago,FY 2030,FY,2030,,2030-12-31,43001000,,,43001000,Mex$000,MXN,"filings/capitaliq/Estimates/Trends/SPGlobal_GrupoBimbo,S.A.B.deC.V._Trends_06-Oct-2026.xlsx",Trends,105
2026-10-06,trends,COMPANY LEVEL (Mex$000),Company Level,EBIT,,6 Months ago,FY 2026,FY,2026,,2026-12-31,37039673.7,,,37039673.7,Mex$000,MXN,"filings/capitaliq/Estimates/Trends/SPGlobal_GrupoBimbo,S.A.B.deC.V._Trends_06-Oct-2026.xlsx",Trends,106
2026-10-06,trends,COMPANY LEVEL (Mex$000),Company Level,EBIT,,6 Months ago,FY 2027,FY,2027,,2027-12-31,39908716.15,,,39908716.15,Mex$000,MXN,"filings/capitaliq/Estimates/Trends/SPGlobal_GrupoBimbo,S.A.B.deC.V._Trends_06-Oct-2026.xlsx",Trends,106
2026-10-06,trends,COMPANY LEVEL (Mex$000),Company Level,EBIT,,6 Months ago,FY 2028,FY,2028,,2028-12-31,41236864.86,,,41236864.86,Mex$000,MXN,"filings/capitaliq/Estimates/Trends/SPGlobal_GrupoBimbo,S.A.B.deC.V._Trends_06-Oct-2026.xlsx",Trends,106
2026-10-06,trends,COMPANY LEVEL (Mex$000),Company Level,EBIT,,6 Months ago,FY 2029,FY,2029,,2029-12-31,39648000,,,39648000,Mex$000,MXN,"filings/capitaliq/Estimates/Trends/SPGlobal_GrupoBimbo,S.A.B.deC.V._Trends_06-Oct-2026.xlsx",Trends,106
2026-10-06,trends,COMPANY LEVEL (Mex$000),Company Level,EBIT,,6 Months ago,FY 2030,FY,2030,,2030-12-31,42215000,,,42215000,Mex$000,MXN,"filings/capitaliq/Estimates/Trends/SPGlobal_GrupoBimbo,S.A.B.deC.V._Trends_06-Oct-2026.xlsx",Trends,106
2026-10-06,trends,COMPANY LEVEL (Mex$000),Company Level,EBIT,,9 Months ago,FY 2026,FY,2026,,2026-12-31,37794449.84,,,37794449.84,Mex$000,MXN,"filings/capitaliq/Estimates/Trends/SPGlobal_GrupoBimbo,S.A.B.deC.V._Trends_06-Oct-2026.xlsx",Trends,107
2026-10-06,trends,COMPANY LEVEL (Mex$000),Company Level,EBIT,,9 Months ago,FY 2027,FY,2027,,2027-12-31,41014099.2,,,41014099.2,Mex$000,MXN,"filings/capitaliq/Estimates/Trends/SPGlobal_GrupoBimbo,S.A.B.deC.V._Trends_06-Oct-2026.xlsx",Trends,107
2026-10-06,trends,COMPANY LEVEL (Mex$000),Company Level,EBIT,,9 Months ago,FY 2028,FY,2028,,2028-12-31,41325000,,,41325000,Mex$000,MXN,"filings/capitaliq/Estimates/Trends/SPGlobal_GrupoBimbo,S.A.B.deC.V._Trends_06-Oct-2026.xlsx",Trends,107
2026-10-06,trends,COMPANY LEVEL (Mex$000),Company Level,EBIT,,9 Months ago,FY 2029,FY,2029,,2029-12-31,44039000,,,44039000,Mex$000,MXN,"filings/capitaliq/Estimates/Trends/SPGlobal_GrupoBimbo,S.A.B.deC.V._Trends_06-Oct-2026.xlsx",Trends,107
2026-10-06,trends,COMPANY LEVEL (Mex$000),Company Level,EBIT,,12 Months ago,FY 2026,FY,2026,,2026-12-31,38421961.84,,,38421961.84,Mex$000,MXN,"filings/capitaliq/Estimates/Trends/SPGlobal_GrupoBimbo,S.A.B.deC.V._Trends_06-Oct-2026.xlsx",Trends,108
2026-10-06,trends,COMPANY LEVEL (Mex$000),Company Level,EBIT,,12 Months ago,FY 2027,FY,2027,,2027-12-31,41025835.76,,,41025835.76,Mex$000,MXN,"filings/capitaliq/Estimates/Trends/SPGlobal_GrupoBimbo,S.A.B.deC.V._Trends_06-Oct-2026.xlsx",Trends,108
2026-10-06,trends,COMPANY LEVEL (Mex$000),Company Level,EBIT,,12 Months ago,FY 2028,FY,2028,,2028-12-31,41325000,,,41325000,Mex$000,MXN,"filings/capitaliq/Estimates/Trends/SPGlobal_GrupoBimbo,S.A.B.deC.V._Trends_06-Oct-2026.xlsx",Trends,108
2026-10-06,trends,COMPANY LEVEL (Mex$000),Company Level,EBIT,,12 Months ago,FY 2029,FY,2029,,2029-12-31,44039000,,,44039000,Mex$000,MXN,"filings/capitaliq/Estimates/Trends/SPGlobal_GrupoBimbo,S.A.B.deC.V._Trends_06-Oct-2026.xlsx",Trends,108
2026-10-06,trends,COMPANY LEVEL (Mex$000),Company Level,EBIT,,18 Months ago,FY 2026,FY,2026,,2026-12-31,41336054.09,,,41336054.09,Mex$000,MXN,"filings/capitaliq/Estimates/Trends/SPGlobal_GrupoBimbo,S.A.B.deC.V._Trends_06-Oct-2026.xlsx",Trends,109
2026-10-06,trends,COMPANY LEVEL (Mex$000),Company Level,EBIT,,18 Months ago,FY 2027,FY,2027,,2027-12-31,40695677.06,,,40695677.06,Mex$000,MXN,"filings/capitaliq/Estimates/Trends/SPGlobal_GrupoBimbo,S.A.B.deC.V._Trends_06-Oct-2026.xlsx",Trends,109
2026-10-06,trends,COMPANY LEVEL (Mex$000),Company Level,EBIT,,18 Months ago,FY 2028,FY,2028,,2028-12-31,35325000,,,35325000,Mex$000,MXN,"filings/capitaliq/Estimates/Trends/SPGlobal_GrupoBimbo,S.A.B.deC.V._Trends_06-Oct-2026.xlsx",Trends,109
2026-10-06,trends,COMPANY LEVEL (Mex$000),Company Level,Interest Expense,,Current,FQ3 2026,FQ,2026,3,2026-09-30,3239000,,,3239000,Mex$000,MXN,"filings/capitaliq/Estimates/Trends/SPGlobal_GrupoBimbo,S.A.B.deC.V._Trends_06-Oct-2026.xlsx",Trends,111
2026-10-06,trends,COMPANY LEVEL (Mex$000),Company Level,Interest Expense,,Current,FQ4 2026,FQ,2026,4,2026-12-31,3239000,,,3239000,Mex$000,MXN,"filings/capitaliq/Estimates/Trends/SPGlobal_GrupoBimbo,S.A.B.deC.V._Trends_06-Oct-2026.xlsx",Trends,111
2026-10-06,trends,COMPANY LEVEL (Mex$000),Company Level,Interest Expense,,Current,FY 2026,FY,2026,,2026-12-31,13720666.67,,,13720666.67,Mex$000,MXN,"filings/capitaliq/Estimates/Trends/SPGlobal_GrupoBimbo,S.A.B.deC.V._Trends_06-Oct-2026.xlsx",Trends,111
2026-10-06,trends,COMPANY LEVEL (Mex$000),Company Level,Interest Expense,,Current,FY 2027,FY,2027,,2027-12-31,12926000,,,12926000,Mex$000,MXN,"filings/capitaliq/Estimates/Trends/SPGlobal_GrupoBimbo,S.A.B.deC.V._Trends_06-Oct-2026.xlsx",Trends,111
2026-10-06,trends,COMPANY LEVEL (Mex$000),Company Level,Interest Expense,,Current,FY 2028,FY,2028,,2028-12-31,12466000,,,12466000,Mex$000,MXN,"filings/capitaliq/Estimates/Trends/SPGlobal_GrupoBimbo,S.A.B.deC.V._Trends_06-Oct-2026.xlsx",Trends,111
2026-10-06,trends,COMPANY LEVEL (Mex$000),Company Level,Interest Expense,,Current,FY 2029,FY,2029,,2029-12-31,11663000,,,11663000,Mex$000,MXN,"filings/capitaliq/Estimates/Trends/SPGlobal_GrupoBimbo,S.A.B.deC.V._Trends_06-Oct-2026.xlsx",Trends,111
2026-10-06,trends,COMPANY LEVEL (Mex$000),Company Level,Interest Expense,,Current,FY 2030,FY,2030,,2030-12-31,11085000,,,11085000,Mex$000,MXN,"filings/capitaliq/Estimates/Trends/SPGlobal_GrupoBimbo,S.A.B.deC.V._Trends_06-Oct-2026.xlsx",Trends,111
2026-10-06,trends,COMPANY LEVEL (Mex$000),Company Level,Interest Expense,,1 Month ago,FQ3 2026,FQ,2026,3,2026-09-30,3239000,,,3239000,Mex$000,MXN,"filings/capitaliq/Estimates/Trends/SPGlobal_GrupoBimbo,S.A.B.deC.V._Trends_06-Oct-2026.xlsx",Trends,112
2026-10-06,trends,COMPANY LEVEL (Mex$000),Company Level,Interest Expense,,1 Month ago,FQ4 2026,FQ,2026,4,2026-12-31,3239000,,,3239000,Mex$000,MXN,"filings/capitaliq/Estimates/Trends/SPGlobal_GrupoBimbo,S.A.B.deC.V._Trends_06-Oct-2026.xlsx",Trends,112
2026-10-06,trends,COMPANY LEVEL (Mex$000),Company Level,Interest Expense,,1 Month ago,FY 2026,FY,2026,,2026-12-31,13720666.67,,,13720666.67,Mex$000,MXN,"filings/capitaliq/Estimates/Trends/SPGlobal_GrupoBimbo,S.A.B.deC.V._Trends_06-Oct-2026.xlsx",Trends,112
2026-10-06,trends,COMPANY LEVEL (Mex$000),Company Level,Interest Expense,,1 Month ago,FY 2027,FY,2027,,2027-12-31,12926000,,,12926000,Mex$000,MXN,"filings/capitaliq/Estimates/Trends/SPGlobal_GrupoBimbo,S.A.B.deC.V._Trends_06-Oct-2026.xlsx",Trends,112
2026-10-06,trends,COMPANY LEVEL (Mex$000),Company Level,Interest Expense,,1 Month ago,FY 2028,FY,2028,,2028-12-31,12466000,,,12466000,Mex$000,MXN,"filings/capitaliq/Estimates/Trends/SPGlobal_GrupoBimbo,S.A.B.deC.V._Trends_06-Oct-2026.xlsx",Trends,112
2026-10-06,trends,COMPANY LEVEL (Mex$000),Company Level,Interest Expense,,1 Month ago,FY 2029,FY,2029,,2029-12-31,11663000,,,11663000,Mex$000,MXN,"filings/capitaliq/Estimates/Trends/SPGlobal_GrupoBimbo,S.A.B.deC.V._Trends_06-Oct-2026.xlsx",Trends,112
2026-10-06,trends,COMPANY LEVEL (Mex$000),Company Level,Interest Expense,,1 Month ago,FY 2030,FY,2030,,2030-12-31,11085000,,,11085000,Mex$000,MXN,"filings/capitaliq/Estimates/Trends/SPGlobal_GrupoBimbo,S.A.B.deC.V._Trends_06-Oct-2026.xlsx",Trends,112
2026-10-06,trends,COMPANY LEVEL (Mex$000),Company Level,Interest Expense,,2 Months ago,FQ3 2026,FQ,2026,3,2026-09-30,3239000,,,3239000,Mex$000,MXN,"filings/capitaliq/Estimates/Trends/SPGlobal_GrupoBimbo,S.A.B.deC.V._Trends_06-Oct-2026.xlsx",Trends,113
2026-10-06,trends,COMPANY LEVEL (Mex$000),Company Level,Interest Expense,,2 Months ago,FQ4 2026,FQ,2026,4,2026-12-31,3239000,,,3239000,Mex$000,MXN,"filings/capitaliq/Estimates/Trends/SPGlobal_GrupoBimbo,S.A.B.deC.V._Trends_06-Oct-2026.xlsx",Trends,113
2026-10-06,trends,COMPANY LEVEL (Mex$000),Company Level,Interest Expense,,2 Months ago,FY 2026,FY,2026,,2026-12-31,13720666.67,,,13720666.67,Mex$000,MXN,"filings/capitaliq/Estimates/Trends/SPGlobal_GrupoBimbo,S.A.B.deC.V._Trends_06-Oct-2026.xlsx",Trends,113
2026-10-06,trends,COMPANY LEVEL (Mex$000),Company Level,Interest Expense,,2 Months ago,FY 2027,FY,2027,,2027-12-31,12926000,,,12926000,Mex$000,MXN,"filings/capitaliq/Estimates/Trends/SPGlobal_GrupoBimbo,S.A.B.deC.V._Trends_06-Oct-2026.xlsx",Trends,113
2026-10-06,trends,COMPANY LEVEL (Mex$000),Company Level,Interest Expense,,2 Months ago,FY 2028,FY,2028,,2028-12-31,12466000,,,12466000,Mex$000,MXN,"filings/capitaliq/Estimates/Trends/SPGlobal_GrupoBimbo,S.A.B.deC.V._Trends_06-Oct-2026.xlsx",Trends,113
2026-10-06,trends,COMPANY LEVEL (Mex$000),Company Level,Interest Expense,,2 Months ago,FY 2029,FY,2029,,2029-12-31,11663000,,,11663000,Mex$000,MXN,"filings/capitaliq/Estimates/Trends/SPGlobal_GrupoBimbo,S.A.B.deC.V._Trends_06-Oct-2026.xlsx",Trends,113
2026-10-06,trends,COMPANY LEVEL (Mex$000),Company Level,Interest Expense,,2 Months ago,FY 2030,FY,2030,,2030-12-31,11085000,,,11085000,Mex$000,MXN,"filings/capitaliq/Estimates/Trends/SPGlobal_GrupoBimbo,S.A.B.deC.V._Trends_06-Oct-2026.xlsx",Trends,113
2026-10-06,trends,COMPANY LEVEL (Mex$000),Company Level,Interest Expense,,3 Months ago,FQ3 2026,FQ,2026,3,2026-09-30,3350000,,,3350000,Mex$000,MXN,"filings/capitaliq/Estimates/Trends/SPGlobal_GrupoBimbo,S.A.B.deC.V._Trends_06-Oct-2026.xlsx",Trends,114
2026-10-06,trends,COMPANY LEVEL (Mex$000),Company Level,Interest Expense,,3 Months ago,FQ4 2026,FQ,2026,4,2026-12-31,3267000,,,3267000,Mex$000,MXN,"filings/capitaliq/Estimates/Trends/SPGlobal_GrupoBimbo,S.A.B.deC.V._Trends_06-Oct-2026.xlsx",Trends,114
2026-10-06,trends,COMPANY LEVEL (Mex$000),Company Level,Interest Expense,,3 Months ago,FY 2026,FY,2026,,2026-12-31,13530333.33,,,13530333.33,Mex$000,MXN,"filings/capitaliq/Estimates/Trends/SPGlobal_GrupoBimbo,S.A.B.deC.V._Trends_06-Oct-2026.xlsx",Trends,114
2026-10-06,trends,COMPANY LEVEL (Mex$000),Company Level,Interest Expense,,3 Months ago,FY 2027,FY,2027,,2027-12-31,12944666.67,,,12944666.67,Mex$000,MXN,"filings/capitaliq/Estimates/Trends/SPGlobal_GrupoBimbo,S.A.B.deC.V._Trends_06-Oct-2026.xlsx",Trends,114
2026-10-06,trends,COMPANY LEVEL (Mex$000),Company Level,Interest Expense,,3 Months ago,FY 2028,FY,2028,,2028-12-31,12538666.67,,,12538666.67,Mex$000,MXN,"filings/capitaliq/Estimates/Trends/SPGlobal_GrupoBimbo,S.A.B.deC.V._Trends_06-Oct-2026.xlsx",Trends,114
2026-10-06,trends,COMPANY LEVEL (Mex$000),Company Level,Interest Expense,,3 Months ago,FY 2029,FY,2029,,2029-12-31,11663000,,,11663000,Mex$000,MXN,"filings/capitaliq/Estimates/Trends/SPGlobal_GrupoBimbo,S.A.B.deC.V._Trends_06-Oct-2026.xlsx",Trends,114
2026-10-06,trends,COMPANY LEVEL (Mex$000),Company Level,Interest Expense,,3 Months ago,FY 2030,FY,2030,,2030-12-31,11085000,,,11085000,Mex$000,MXN,"filings/capitaliq/Estimates/Trends/SPGlobal_GrupoBimbo,S.A.B.deC.V._Trends_06-Oct-2026.xlsx",Trends,114
2026-10-06,trends,COMPANY LEVEL (Mex$000),Company Level,Interest Expense,,6 Months ago,FY 2026,FY,2026,,2026-12-31,13830000,,,13830000,Mex$000,MXN,"filings/capitaliq/Estimates/Trends/SPGlobal_GrupoBimbo,S.A.B.deC.V._Trends_06-Oct-2026.xlsx",Trends,115
2026-10-06,trends,COMPANY LEVEL (Mex$000),Company Level,Interest Expense,,6 Months ago,FY 2027,FY,2027,,2027-12-31,13598000,,,13598000,Mex$000,MXN,"filings/capitaliq/Estimates/Trends/SPGlobal_GrupoBimbo,S.A.B.deC.V._Trends_06-Oct-2026.xlsx",Trends,115
2026-10-06,trends,COMPANY LEVEL (Mex$000),Company Level,Interest Expense,,6 Months ago,FY 2028,FY,2028,,2028-12-31,13286000,,,13286000,Mex$000,MXN,"filings/capitaliq/Estimates/Trends/SPGlobal_GrupoBimbo,S.A.B.deC.V._Trends_06-Oct-2026.xlsx",Trends,115
2026-10-06,trends,COMPANY LEVEL (Mex$000),Company Level,Interest Expense,,6 Months ago,FY 2029,FY,2029,,2029-12-31,12629000,,,12629000,Mex$000,MXN,"filings/capitaliq/Estimates/Trends/SPGlobal_GrupoBimbo,S.A.B.deC.V._Trends_06-Oct-2026.xlsx",Trends,115
2026-10-06,trends,COMPANY LEVEL (Mex$000),Company Level,Interest Expense,,6 Months ago,FY 2030,FY,2030,,2030-12-31,12052000,,,12052000,Mex$000,MXN,"filings/capitaliq/Estimates/Trends/SPGlobal_GrupoBimbo,S.A.B.deC.V._Trends_06-Oct-2026.xlsx",Trends,115
2026-10-06,trends,COMPANY LEVEL (Mex$000),Company Level,Interest Expense,,9 Months ago,FY 2026,FY,2026,,2026-12-31,13423250,,,13423250,Mex$000,MXN,"filings/capitaliq/Estimates/Trends/SPGlobal_GrupoBimbo,S.A.B.deC.V._Trends_06-Oct-2026.xlsx",Trends,116
2026-10-06,trends,COMPANY LEVEL (Mex$000),Company Level,Interest Expense,,9 Months ago,FY 2027,FY,2027,,2027-12-31,13416750,,,13416750,Mex$000,MXN,"filings/capitaliq/Estimates/Trends/SPGlobal_GrupoBimbo,S.A.B.deC.V._Trends_06-Oct-2026.xlsx",Trends,116
2026-10-06,trends,COMPANY LEVEL (Mex$000),Company Level,Interest Expense,,9 Months ago,FY 2028,FY,2028,,2028-12-31,11874000,,,11874000,Mex$000,MXN,"filings/capitaliq/Estimates/Trends/SPGlobal_GrupoBimbo,S.A.B.deC.V._Trends_06-Oct-2026.xlsx",Trends,116
2026-10-06,trends,COMPANY LEVEL (Mex$000),Company Level,Interest Expense,,9 Months ago,FY 2029,FY,2029,,2029-12-31,10059000,,,10059000,Mex$000,MXN,"filings/capitaliq/Estimates/Trends/SPGlobal_GrupoBimbo,S.A.B.deC.V._Trends_06-Oct-2026.xlsx",Trends,116
2026-10-06,trends,COMPANY LEVEL (Mex$000),Company Level,Interest Expense,,12 Months ago,FY 2026,FY,2026,,2026-12-31,13432000,,,13432000,Mex$000,MXN,"filings/capitaliq/Estimates/Trends/SPGlobal_GrupoBimbo,S.A.B.deC.V._Trends_06-Oct-2026.xlsx",Trends,117
2026-10-06,trends,COMPANY LEVEL (Mex$000),Company Level,Interest Expense,,12 Months ago,FY 2027,FY,2027,,2027-12-31,12417666.67,,,12417666.67,Mex$000,MXN,"filings/capitaliq/Estimates/Trends/SPGlobal_GrupoBimbo,S.A.B.deC.V._Trends_06-Oct-2026.xlsx",Trends,117
2026-10-06,trends,COMPANY LEVEL (Mex$000),Company Level,Interest Expense,,12 Months ago,FY 2028,FY,2028,,2028-12-31,11874000,,,11874000,Mex$000,MXN,"filings/capitaliq/Estimates/Trends/SPGlobal_GrupoBimbo,S.A.B.deC.V._Trends_06-Oct-2026.xlsx",Trends,117
2026-10-06,trends,COMPANY LEVEL (Mex$000),Company Level,Interest Expense,,12 Months ago,FY 2029,FY,2029,,2029-12-31,10059000,,,10059000,Mex$000,MXN,"filings/capitaliq/Estimates/Trends/SPGlobal_GrupoBimbo,S.A.B.deC.V._Trends_06-Oct-2026.xlsx",Trends,117
2026-10-06,trends,COMPANY LEVEL (Mex$000),Company Level,Interest Expense,,18 Months ago,FY 2026,FY,2026,,2026-12-31,12884500,,,12884500,Mex$000,MXN,"filings/capitaliq/Estimates/Trends/SPGlobal_GrupoBimbo,S.A.B.deC.V._Trends_06-Oct-2026.xlsx",Trends,118
2026-10-06,trends,COMPANY LEVEL (Mex$000),Company Level,Interest Expense,,18 Months ago,FY 2027,FY,2027,,2027-12-31,12370000,,,12370000,Mex$000,MXN,"filings/capitaliq/Estimates/Trends/SPGlobal_GrupoBimbo,S.A.B.deC.V._Trends_06-Oct-2026.xlsx",Trends,118
2026-10-06,trends,COMPANY LEVEL (Mex$000),Company Level,Interest Expense,,18 Months ago,FY 2028,FY,2028,,2028-12-31,14595000,,,14595000,Mex$000,MXN,"filings/capitaliq/Estimates/Trends/SPGlobal_GrupoBimbo,S.A.B.deC.V._Trends_06-Oct-2026.xlsx",Trends,118
2026-10-06,trends,COMPANY LEVEL (Mex$000),Company Level,EBT Normalized,,Current,FQ3 2026,FQ,2026,3,2026-09-30,6500324.92,,,6500324.92,Mex$000,MXN,"filings/capitaliq/Estimates/Trends/SPGlobal_GrupoBimbo,S.A.B.deC.V._Trends_06-Oct-2026.xlsx",Trends,120
2026-10-06,trends,COMPANY LEVEL (Mex$000),Company Level,EBT Normalized,,Current,FQ4 2026,FQ,2026,4,2026-12-31,6831530.85,,,6831530.85,Mex$000,MXN,"filings/capitaliq/Estimates/Trends/SPGlobal_GrupoBimbo,S.A.B.deC.V._Trends_06-Oct-2026.xlsx",Trends,120
2026-10-06,trends,COMPANY LEVEL (Mex$000),Company Level,EBT Normalized,,Current,FY 2026,FY,2026,,2026-12-31,23608212.88,,,23608212.88,Mex$000,MXN,"filings/capitaliq/Estimates/Trends/SPGlobal_GrupoBimbo,S.A.B.deC.V._Trends_06-Oct-2026.xlsx",Trends,120
2026-10-06,trends,COMPANY LEVEL (Mex$000),Company Level,EBT Normalized,,Current,FY 2027,FY,2027,,2027-12-31,25682506.96,,,25682506.96,Mex$000,MXN,"filings/capitaliq/Estimates/Trends/SPGlobal_GrupoBimbo,S.A.B.deC.V._Trends_06-Oct-2026.xlsx",Trends,120
2026-10-06,trends,COMPANY LEVEL (Mex$000),Company Level,EBT Normalized,,Current,FY 2028,FY,2028,,2028-12-31,30343024.73,,,30343024.73,Mex$000,MXN,"filings/capitaliq/Estimates/Trends/SPGlobal_GrupoBimbo,S.A.B.deC.V._Trends_06-Oct-2026.xlsx",Trends,120
2026-10-06,trends,COMPANY LEVEL (Mex$000),Company Level,EBT Normalized,,1 Month ago,FQ3 2026,FQ,2026,3,2026-09-30,6483145.95,,,6483145.95,Mex$000,MXN,"filings/capitaliq/Estimates/Trends/SPGlobal_GrupoBimbo,S.A.B.deC.V._Trends_06-Oct-2026.xlsx",Trends,121
2026-10-06,trends,COMPANY LEVEL (Mex$000),Company Level,EBT Normalized,,1 Month ago,FQ4 2026,FQ,2026,4,2026-12-31,6826273.58,,,6826273.58,Mex$000,MXN,"filings/capitaliq/Estimates/Trends/SPGlobal_GrupoBimbo,S.A.B.deC.V._Trends_06-Oct-2026.xlsx",Trends,121
2026-10-06,trends,COMPANY LEVEL (Mex$000),Company Level,EBT Normalized,,1 Month ago,FY 2026,FY,2026,,2026-12-31,23596994.76,,,23596994.76,Mex$000,MXN,"filings/capitaliq/Estimates/Trends/SPGlobal_GrupoBimbo,S.A.B.deC.V._Trends_06-Oct-2026.xlsx",Trends,121
2026-10-06,trends,COMPANY LEVEL (Mex$000),Company Level,EBT Normalized,,1 Month ago,FY 2027,FY,2027,,2027-12-31,25677344.32,,,25677344.32,Mex$000,MXN,"filings/capitaliq/Estimates/Trends/SPGlobal_GrupoBimbo,S.A.B.deC.V._Trends_06-Oct-2026.xlsx",Trends,121
2026-10-06,trends,COMPANY LEVEL (Mex$000),Company Level,EBT Normalized,,1 Month ago,FY 2028,FY,2028,,2028-12-31,30307971.9,,,30307971.9,Mex$000,MXN,"filings/capitaliq/Estimates/Trends/SPGlobal_GrupoBimbo,S.A.B.deC.V._Trends_06-Oct-2026.xlsx",Trends,121
2026-10-06,trends,COMPANY LEVEL (Mex$000),Company Level,EBT Normalized,,2 Months ago,FQ3 2026,FQ,2026,3,2026-09-30,6408000,,,6408000,Mex$000,MXN,"filings/capitaliq/Estimates/Trends/SPGlobal_GrupoBimbo,S.A.B.deC.V._Trends_06-Oct-2026.xlsx",Trends,122
2026-10-06,trends,COMPANY LEVEL (Mex$000),Company Level,EBT Normalized,,2 Months ago,FQ4 2026,FQ,2026,4,2026-12-31,6537000,,,6537000,Mex$000,MXN,"filings/capitaliq/Estimates/Trends/SPGlobal_GrupoBimbo,S.A.B.deC.V._Trends_06-Oct-2026.xlsx",Trends,122
2026-10-06,trends,COMPANY LEVEL (Mex$000),Company Level,EBT Normalized,,2 Months ago,FY 2026,FY,2026,,2026-12-31,23795860.32,,,23795860.32,Mex$000,MXN,"filings/capitaliq/Estimates/Trends/SPGlobal_GrupoBimbo,S.A.B.deC.V._Trends_06-Oct-2026.xlsx",Trends,122
2026-10-06,trends,COMPANY LEVEL (Mex$000),Company Level,EBT Normalized,,2 Months ago,FY 2027,FY,2027,,2027-12-31,26117294.71,,,26117294.71,Mex$000,MXN,"filings/capitaliq/Estimates/Trends/SPGlobal_GrupoBimbo,S.A.B.deC.V._Trends_06-Oct-2026.xlsx",Trends,122
2026-10-06,trends,COMPANY LEVEL (Mex$000),Company Level,EBT Normalized,,2 Months ago,FY 2028,FY,2028,,2028-12-31,30516456.06,,,30516456.06,Mex$000,MXN,"filings/capitaliq/Estimates/Trends/SPGlobal_GrupoBimbo,S.A.B.deC.V._Trends_06-Oct-2026.xlsx",Trends,122
2026-10-06,trends,COMPANY LEVEL (Mex$000),Company Level,EBT Normalized,,3 Months ago,FQ3 2026,FQ,2026,3,2026-09-30,6430806.62,,,6430806.62,Mex$000,MXN,"filings/capitaliq/Estimates/Trends/SPGlobal_GrupoBimbo,S.A.B.deC.V._Trends_06-Oct-2026.xlsx",Trends,123
2026-10-06,trends,COMPANY LEVEL (Mex$000),Company Level,EBT Normalized,,3 Months ago,FQ4 2026,FQ,2026,4,2026-12-31,6614506.84,,,6614506.84,Mex$000,MXN,"filings/capitaliq/Estimates/Trends/SPGlobal_GrupoBimbo,S.A.B.deC.V._Trends_06-Oct-2026.xlsx",Trends,123
2026-10-06,trends,COMPANY LEVEL (Mex$000),Company Level,EBT Normalized,,3 Months ago,FY 2026,FY,2026,,2026-12-31,23606187.79,,,23606187.79,Mex$000,MXN,"filings/capitaliq/Estimates/Trends/SPGlobal_GrupoBimbo,S.A.B.deC.V._Trends_06-Oct-2026.xlsx",Trends,123
2026-10-06,trends,COMPANY LEVEL (Mex$000),Company Level,EBT Normalized,,3 Months ago,FY 2027,FY,2027,,2027-12-31,25156933.2,,,25156933.2,Mex$000,MXN,"filings/capitaliq/Estimates/Trends/SPGlobal_GrupoBimbo,S.A.B.deC.V._Trends_06-Oct-2026.xlsx",Trends,123
2026-10-06,trends,COMPANY LEVEL (Mex$000),Company Level,EBT Normalized,,3 Months ago,FY 2028,FY,2028,,2028-12-31,28627700.24,,,28627700.24,Mex$000,MXN,"filings/capitaliq/Estimates/Trends/SPGlobal_GrupoBimbo,S.A.B.deC.V._Trends_06-Oct-2026.xlsx",Trends,123
2026-10-06,trends,COMPANY LEVEL (Mex$000),Company Level,EBT Normalized,,6 Months ago,FY 2026,FY,2026,,2026-12-31,25115402.5,,,25115402.5,Mex$000,MXN,"filings/capitaliq/Estimates/Trends/SPGlobal_GrupoBimbo,S.A.B.deC.V._Trends_06-Oct-2026.xlsx",Trends,124
2026-10-06,trends,COMPANY LEVEL (Mex$000),Company Level,EBT Normalized,,6 Months ago,FY 2027,FY,2027,,2027-12-31,28683430.93,,,28683430.93,Mex$000,MXN,"filings/capitaliq/Estimates/Trends/SPGlobal_GrupoBimbo,S.A.B.deC.V._Trends_06-Oct-2026.xlsx",Trends,124
2026-10-06,trends,COMPANY LEVEL (Mex$000),Company Level,EBT Normalized,,9 Months ago,FY 2026,FY,2026,,2026-12-31,25851440.5,,,25851440.5,Mex$000,MXN,"filings/capitaliq/Estimates/Trends/SPGlobal_GrupoBimbo,S.A.B.deC.V._Trends_06-Oct-2026.xlsx",Trends,125
2026-10-06,trends,COMPANY LEVEL (Mex$000),Company Level,EBT Normalized,,9 Months ago,FY 2027,FY,2027,,2027-12-31,29096681.61,,,29096681.61,Mex$000,MXN,"filings/capitaliq/Estimates/Trends/SPGlobal_GrupoBimbo,S.A.B.deC.V._Trends_06-Oct-2026.xlsx",Trends,125
2026-10-06,trends,COMPANY LEVEL (Mex$000),Company Level,EBT Normalized,,12 Months ago,FY 2026,FY,2026,,2026-12-31,26550876.16,,,26550876.16,Mex$000,MXN,"filings/capitaliq/Estimates/Trends/SPGlobal_GrupoBimbo,S.A.B.deC.V._Trends_06-Oct-2026.xlsx",Trends,126
2026-10-06,trends,COMPANY LEVEL (Mex$000),Company Level,EBT Normalized,,12 Months ago,FY 2027,FY,2027,,2027-12-31,29802560.02,,,29802560.02,Mex$000,MXN,"filings/capitaliq/Estimates/Trends/SPGlobal_GrupoBimbo,S.A.B.deC.V._Trends_06-Oct-2026.xlsx",Trends,126
2026-10-06,trends,COMPANY LEVEL (Mex$000),Company Level,EBT Normalized,,18 Months ago,FY 2026,FY,2026,,2026-12-31,28666022.48,,,28666022.48,Mex$000,MXN,"filings/capitaliq/Estimates/Trends/SPGlobal_GrupoBimbo,S.A.B.deC.V._Trends_06-Oct-2026.xlsx",Trends,127
2026-10-06,trends,COMPANY LEVEL (Mex$000),Company Level,EBT Normalized,,18 Months ago,FY 2027,FY,2027,,2027-12-31,31944392.94,,,31944392.94,Mex$000,MXN,"filings/capitaliq/Estimates/Trends/SPGlobal_GrupoBimbo,S.A.B.deC.V._Trends_06-Oct-2026.xlsx",Trends,127
2026-10-06,trends,COMPANY LEVEL (Mex$000),Company Level,EBT (GAAP),,Current,FQ3 2026,FQ,2026,3,2026-09-30,6408000,,,6408000,Mex$000,MXN,"filings/capitaliq/Estimates/Trends/SPGlobal_GrupoBimbo,S.A.B.deC.V._Trends_06-Oct-2026.xlsx",Trends,129
2026-10-06,trends,COMPANY LEVEL (Mex$000),Company Level,EBT (GAAP),,Current,FQ4 2026,FQ,2026,4,2026-12-31,6537000,,,6537000,Mex$000,MXN,"filings/capitaliq/Estimates/Trends/SPGlobal_GrupoBimbo,S.A.B.deC.V._Trends_06-Oct-2026.xlsx",Trends,129
2026-10-06,trends,COMPANY LEVEL (Mex$000),Company Level,EBT (GAAP),,Current,FY 2026,FY,2026,,2026-12-31,23624265.06,,,23624265.06,Mex$000,MXN,"filings/capitaliq/Estimates/Trends/SPGlobal_GrupoBimbo,S.A.B.deC.V._Trends_06-Oct-2026.xlsx",Trends,129
2026-10-06,trends,COMPANY LEVEL (Mex$000),Company Level,EBT (GAAP),,Current,FY 2027,FY,2027,,2027-12-31,25073546.5,,,25073546.5,Mex$000,MXN,"filings/capitaliq/Estimates/Trends/SPGlobal_GrupoBimbo,S.A.B.deC.V._Trends_06-Oct-2026.xlsx",Trends,129
2026-10-06,trends,COMPANY LEVEL (Mex$000),Company Level,EBT (GAAP),,Current,FY 2028,FY,2028,,2028-12-31,28848891.67,,,28848891.67,Mex$000,MXN,"filings/capitaliq/Estimates/Trends/SPGlobal_GrupoBimbo,S.A.B.deC.V._Trends_06-Oct-2026.xlsx",Trends,129
2026-10-06,trends,COMPANY LEVEL (Mex$000),Company Level,EBT (GAAP),,1 Month ago,FQ3 2026,FQ,2026,3,2026-09-30,6408000,,,6408000,Mex$000,MXN,"filings/capitaliq/Estimates/Trends/SPGlobal_GrupoBimbo,S.A.B.deC.V._Trends_06-Oct-2026.xlsx",Trends,130
2026-10-06,trends,COMPANY LEVEL (Mex$000),Company Level,EBT (GAAP),,1 Month ago,FQ4 2026,FQ,2026,4,2026-12-31,6537000,,,6537000,Mex$000,MXN,"filings/capitaliq/Estimates/Trends/SPGlobal_GrupoBimbo,S.A.B.deC.V._Trends_06-Oct-2026.xlsx",Trends,130
2026-10-06,trends,COMPANY LEVEL (Mex$000),Company Level,EBT (GAAP),,1 Month ago,FY 2026,FY,2026,,2026-12-31,23658227.46,,,23658227.46,Mex$000,MXN,"filings/capitaliq/Estimates/Trends/SPGlobal_GrupoBimbo,S.A.B.deC.V._Trends_06-Oct-2026.xlsx",Trends,130
2026-10-06,trends,COMPANY LEVEL (Mex$000),Company Level,EBT (GAAP),,1 Month ago,FY 2027,FY,2027,,2027-12-31,25953532.12,,,25953532.12,Mex$000,MXN,"filings/capitaliq/Estimates/Trends/SPGlobal_GrupoBimbo,S.A.B.deC.V._Trends_06-Oct-2026.xlsx",Trends,130
2026-10-06,trends,COMPANY LEVEL (Mex$000),Company Level,EBT (GAAP),,1 Month ago,FY 2028,FY,2028,,2028-12-31,29346713.72,,,29346713.72,Mex$000,MXN,"filings/capitaliq/Estimates/Trends/SPGlobal_GrupoBimbo,S.A.B.deC.V._Trends_06-Oct-2026.xlsx",Trends,130
2026-10-06,trends,COMPANY LEVEL (Mex$000),Company Level,EBT (GAAP),,2 Months ago,FQ3 2026,FQ,2026,3,2026-09-30,6408000,,,6408000,Mex$000,MXN,"filings/capitaliq/Estimates/Trends/SPGlobal_GrupoBimbo,S.A.B.deC.V._Trends_06-Oct-2026.xlsx",Trends,131
2026-10-06,trends,COMPANY LEVEL (Mex$000),Company Level,EBT (GAAP),,2 Months ago,FQ4 2026,FQ,2026,4,2026-12-31,6537000,,,6537000,Mex$000,MXN,"filings/capitaliq/Estimates/Trends/SPGlobal_GrupoBimbo,S.A.B.deC.V._Trends_06-Oct-2026.xlsx",Trends,131
2026-10-06,trends,COMPANY LEVEL (Mex$000),Company Level,EBT (GAAP),,2 Months ago,FY 2026,FY,2026,,2026-12-31,23658227.46,,,23658227.46,Mex$000,MXN,"filings/capitaliq/Estimates/Trends/SPGlobal_GrupoBimbo,S.A.B.deC.V._Trends_06-Oct-2026.xlsx",Trends,131
2026-10-06,trends,COMPANY LEVEL (Mex$000),Company Level,EBT (GAAP),,2 Months ago,FY 2027,FY,2027,,2027-12-31,25953532.12,,,25953532.12,Mex$000,MXN,"filings/capitaliq/Estimates/Trends/SPGlobal_GrupoBimbo,S.A.B.deC.V._Trends_06-Oct-2026.xlsx",Trends,131
2026-10-06,trends,COMPANY LEVEL (Mex$000),Company Level,EBT (GAAP),,2 Months ago,FY 2028,FY,2028,,2028-12-31,29346713.72,,,29346713.72,Mex$000,MXN,"filings/capitaliq/Estimates/Trends/SPGlobal_GrupoBimbo,S.A.B.deC.V._Trends_06-Oct-2026.xlsx",Trends,131
2026-10-06,trends,COMPANY LEVEL (Mex$000),Company Level,EBT (GAAP),,3 Months ago,FQ3 2026,FQ,2026,3,2026-09-30,6085000,,,6085000,Mex$000,MXN,"filings/capitaliq/Estimates/Trends/SPGlobal_GrupoBimbo,S.A.B.deC.V._Trends_06-Oct-2026.xlsx",Trends,132
2026-10-06,trends,COMPANY LEVEL (Mex$000),Company Level,EBT (GAAP),,3 Months ago,FQ4 2026,FQ,2026,4,2026-12-31,6279000,,,6279000,Mex$000,MXN,"filings/capitaliq/Estimates/Trends/SPGlobal_GrupoBimbo,S.A.B.deC.V._Trends_06-Oct-2026.xlsx",Trends,132
2026-10-06,trends,COMPANY LEVEL (Mex$000),Company Level,EBT (GAAP),,3 Months ago,FY 2026,FY,2026,,2026-12-31,23380891.91,,,23380891.91,Mex$000,MXN,"filings/capitaliq/Estimates/Trends/SPGlobal_GrupoBimbo,S.A.B.deC.V._Trends_06-Oct-2026.xlsx",Trends,132
2026-10-06,trends,COMPANY LEVEL (Mex$000),Company Level,EBT (GAAP),,3 Months ago,FY 2027,FY,2027,,2027-12-31,24800504.15,,,24800504.15,Mex$000,MXN,"filings/capitaliq/Estimates/Trends/SPGlobal_GrupoBimbo,S.A.B.deC.V._Trends_06-Oct-2026.xlsx",Trends,132
2026-10-06,trends,COMPANY LEVEL (Mex$000),Company Level,EBT (GAAP),,3 Months ago,FY 2028,FY,2028,,2028-12-31,27520079.86,,,27520079.86,Mex$000,MXN,"filings/capitaliq/Estimates/Trends/SPGlobal_GrupoBimbo,S.A.B.deC.V._Trends_06-Oct-2026.xlsx",Trends,132
2026-10-06,trends,COMPANY LEVEL (Mex$000),Company Level,EBT (GAAP),,6 Months ago,FY 2026,FY,2026,,2026-12-31,24635263.52,,,24635263.52,Mex$000,MXN,"filings/capitaliq/Estimates/Trends/SPGlobal_GrupoBimbo,S.A.B.deC.V._Trends_06-Oct-2026.xlsx",Trends,133
2026-10-06,trends,COMPANY LEVEL (Mex$000),Company Level,EBT (GAAP),,6 Months ago,FY 2027,FY,2027,,2027-12-31,27638423.67,,,27638423.67,Mex$000,MXN,"filings/capitaliq/Estimates/Trends/SPGlobal_GrupoBimbo,S.A.B.deC.V._Trends_06-Oct-2026.xlsx",Trends,133
2026-10-06,trends,COMPANY LEVEL (Mex$000),Company Level,EBT (GAAP),,6 Months ago,FY 2028,FY,2028,,2028-12-31,26460387.36,,,26460387.36,Mex$000,MXN,"filings/capitaliq/Estimates/Trends/SPGlobal_GrupoBimbo,S.A.B.deC.V._Trends_06-Oct-2026.xlsx",Trends,133
2026-10-06,trends,COMPANY LEVEL (Mex$000),Company Level,EBT (GAAP),,9 Months ago,FY 2026,FY,2026,,2026-12-31,24982379.52,,,24982379.52,Mex$000,MXN,"filings/capitaliq/Estimates/Trends/SPGlobal_GrupoBimbo,S.A.B.deC.V._Trends_06-Oct-2026.xlsx",Trends,134
2026-10-06,trends,COMPANY LEVEL (Mex$000),Company Level,EBT (GAAP),,9 Months ago,FY 2027,FY,2027,,2027-12-31,28059973.24,,,28059973.24,Mex$000,MXN,"filings/capitaliq/Estimates/Trends/SPGlobal_GrupoBimbo,S.A.B.deC.V._Trends_06-Oct-2026.xlsx",Trends,134
2026-10-06,trends,COMPANY LEVEL (Mex$000),Company Level,EBT (GAAP),,12 Months ago,FY 2026,FY,2026,,2026-12-31,25218782.79,,,25218782.79,Mex$000,MXN,"filings/capitaliq/Estimates/Trends/SPGlobal_GrupoBimbo,S.A.B.deC.V._Trends_06-Oct-2026.xlsx",Trends,135
2026-10-06,trends,COMPANY LEVEL (Mex$000),Company Level,EBT (GAAP),,12 Months ago,FY 2027,FY,2027,,2027-12-31,28769654.41,,,28769654.41,Mex$000,MXN,"filings/capitaliq/Estimates/Trends/SPGlobal_GrupoBimbo,S.A.B.deC.V._Trends_06-Oct-2026.xlsx",Trends,135
2026-10-06,trends,COMPANY LEVEL (Mex$000),Company Level,EBT (GAAP),,18 Months ago,FY 2026,FY,2026,,2026-12-31,28120752,,,28120752,Mex$000,MXN,"filings/capitaliq/Estimates/Trends/SPGlobal_GrupoBimbo,S.A.B.deC.V._Trends_06-Oct-2026.xlsx",Trends,136
2026-10-06,trends,COMPANY LEVEL (Mex$000),Company Level,EBT (GAAP),,18 Months ago,FY 2027,FY,2027,,2027-12-31,31874115.36,,,31874115.36,Mex$000,MXN,"filings/capitaliq/Estimates/Trends/SPGlobal_GrupoBimbo,S.A.B.deC.V._Trends_06-Oct-2026.xlsx",Trends,136
2026-10-06,trends,COMPANY LEVEL (Mex$000),Company Level,Effective Tax Rate (%),,Current,FY 2026,FY,2026,,2026-12-31,35.2,,,35.2,%,MXN,"filings/capitaliq/Estimates/Trends/SPGlobal_GrupoBimbo,S.A.B.deC.V._Trends_06-Oct-2026.xlsx",Trends,138
2026-10-06,trends,COMPANY LEVEL (Mex$000),Company Level,Effective Tax Rate (%),,Current,FY 2027,FY,2027,,2027-12-31,35,,,35,%,MXN,"filings/capitaliq/Estimates/Trends/SPGlobal_GrupoBimbo,S.A.B.deC.V._Trends_06-Oct-2026.xlsx",Trends,138
2026-10-06,trends,COMPANY LEVEL (Mex$000),Company Level,Effective Tax Rate (%),,Current,FY 2028,FY,2028,,2028-12-31,35,,,35,%,MXN,"filings/capitaliq/Estimates/Trends/SPGlobal_GrupoBimbo,S.A.B.deC.V._Trends_06-Oct-2026.xlsx",Trends,138
2026-10-06,trends,COMPANY LEVEL (Mex$000),Company Level,Effective Tax Rate (%),,1 Month ago,FY 2026,FY,2026,,2026-12-31,35.2,,,35.2,%,MXN,"filings/capitaliq/Estimates/Trends/SPGlobal_GrupoBimbo,S.A.B.deC.V._Trends_06-Oct-2026.xlsx",Trends,139
2026-10-06,trends,COMPANY LEVEL (Mex$000),Company Level,Effective Tax Rate (%),,1 Month ago,FY 2027,FY,2027,,2027-12-31,35,,,35,%,MXN,"filings/capitaliq/Estimates/Trends/SPGlobal_GrupoBimbo,S.A.B.deC.V._Trends_06-Oct-2026.xlsx",Trends,139
2026-10-06,trends,COMPANY LEVEL (Mex$000),Company Level,Effective Tax Rate (%),,1 Month ago,FY 2028,FY,2028,,2028-12-31,35,,,35,%,MXN,"filings/capitaliq/Estimates/Trends/SPGlobal_GrupoBimbo,S.A.B.deC.V._Trends_06-Oct-2026.xlsx",Trends,139
2026-10-06,trends,COMPANY LEVEL (Mex$000),Company Level,Effective Tax Rate (%),,2 Months ago,FY 2026,FY,2026,,2026-12-31,35.2,,,35.2,%,MXN,"filings/capitaliq/Estimates/Trends/SPGlobal_GrupoBimbo,S.A.B.deC.V._Trends_06-Oct-2026.xlsx",Trends,140
2026-10-06,trends,COMPANY LEVEL (Mex$000),Company Level,Effective Tax Rate (%),,2 Months ago,FY 2027,FY,2027,,2027-12-31,35,,,35,%,MXN,"filings/capitaliq/Estimates/Trends/SPGlobal_GrupoBimbo,S.A.B.deC.V._Trends_06-Oct-2026.xlsx",Trends,140
2026-10-06,trends,COMPANY LEVEL (Mex$000),Company Level,Effective Tax Rate (%),,2 Months ago,FY 2028,FY,2028,,2028-12-31,35,,,35,%,MXN,"filings/capitaliq/Estimates/Trends/SPGlobal_GrupoBimbo,S.A.B.deC.V._Trends_06-Oct-2026.xlsx",Trends,140
2026-10-06,trends,COMPANY LEVEL (Mex$000),Company Level,Effective Tax Rate (%),,3 Months ago,FY 2026,FY,2026,,2026-12-31,35.6,,,35.6,%,MXN,"filings/capitaliq/Estimates/Trends/SPGlobal_GrupoBimbo,S.A.B.deC.V._Trends_06-Oct-2026.xlsx",Trends,141
2026-10-06,trends,COMPANY LEVEL (Mex$000),Company Level,Effective Tax Rate (%),,3 Months ago,FY 2027,FY,2027,,2027-12-31,35,,,35,%,MXN,"filings/capitaliq/Estimates/Trends/SPGlobal_GrupoBimbo,S.A.B.deC.V._Trends_06-Oct-2026.xlsx",Trends,141
2026-10-06,trends,COMPANY LEVEL (Mex$000),Company Level,Effective Tax Rate (%),,3 Months ago,FY 2028,FY,2028,,2028-12-31,35,,,35,%,MXN,"filings/capitaliq/Estimates/Trends/SPGlobal_GrupoBimbo,S.A.B.deC.V._Trends_06-Oct-2026.xlsx",Trends,141
2026-10-06,trends,COMPANY LEVEL (Mex$000),Company Level,Effective Tax Rate (%),,6 Months ago,FY 2026,FY,2026,,2026-12-31,34.03333,,,34.03333,%,MXN,"filings/capitaliq/Estimates/Trends/SPGlobal_GrupoBimbo,S.A.B.deC.V._Trends_06-Oct-2026.xlsx",Trends,142
2026-10-06,trends,COMPANY LEVEL (Mex$000),Company Level,Effective Tax Rate (%),,6 Months ago,FY 2027,FY,2027,,2027-12-31,33,,,33,%,MXN,"filings/capitaliq/Estimates/Trends/SPGlobal_GrupoBimbo,S.A.B.deC.V._Trends_06-Oct-2026.xlsx",Trends,142
2026-10-06,trends,COMPANY LEVEL (Mex$000),Company Level,Effective Tax Rate (%),,9 Months ago,FY 2026,FY,2026,,2026-12-31,34.03333,,,34.03333,%,MXN,"filings/capitaliq/Estimates/Trends/SPGlobal_GrupoBimbo,S.A.B.deC.V._Trends_06-Oct-2026.xlsx",Trends,143
2026-10-06,trends,COMPANY LEVEL (Mex$000),Company Level,Effective Tax Rate (%),,9 Months ago,FY 2027,FY,2027,,2027-12-31,33,,,33,%,MXN,"filings/capitaliq/Estimates/Trends/SPGlobal_GrupoBimbo,S.A.B.deC.V._Trends_06-Oct-2026.xlsx",Trends,143
2026-10-06,trends,COMPANY LEVEL (Mex$000),Company Level,Effective Tax Rate (%),,12 Months ago,FY 2026,FY,2026,,2026-12-31,33.1,,,33.1,%,MXN,"filings/capitaliq/Estimates/Trends/SPGlobal_GrupoBimbo,S.A.B.deC.V._Trends_06-Oct-2026.xlsx",Trends,144
2026-10-06,trends,COMPANY LEVEL (Mex$000),Company Level,Effective Tax Rate (%),,12 Months ago,FY 2027,FY,2027,,2027-12-31,33,,,33,%,MXN,"filings/capitaliq/Estimates/Trends/SPGlobal_GrupoBimbo,S.A.B.deC.V._Trends_06-Oct-2026.xlsx",Trends,144
2026-10-06,trends,COMPANY LEVEL (Mex$000),Company Level,Effective Tax Rate (%),,18 Months ago,FY 2026,FY,2026,,2026-12-31,32,,,32,%,MXN,"filings/capitaliq/Estimates/Trends/SPGlobal_GrupoBimbo,S.A.B.deC.V._Trends_06-Oct-2026.xlsx",Trends,145
2026-10-06,trends,COMPANY LEVEL (Mex$000),Company Level,Effective Tax Rate (%),,18 Months ago,FY 2027,FY,2027,,2027-12-31,30,,,30,%,MXN,"filings/capitaliq/Estimates/Trends/SPGlobal_GrupoBimbo,S.A.B.deC.V._Trends_06-Oct-2026.xlsx",Trends,145
2026-10-06,trends,COMPANY LEVEL (Mex$000),Company Level,Net Income Normalized,,Current,FQ3 2026,FQ,2026,3,2026-09-30,3479000,,,3479000,Mex$000,MXN,"filings/capitaliq/Estimates/Trends/SPGlobal_GrupoBimbo,S.A.B.deC.V._Trends_06-Oct-2026.xlsx",Trends,147
2026-10-06,trends,COMPANY LEVEL (Mex$000),Company Level,Net Income Normalized,,Current,FQ4 2026,FQ,2026,4,2026-12-31,3944000,,,3944000,Mex$000,MXN,"filings/capitaliq/Estimates/Trends/SPGlobal_GrupoBimbo,S.A.B.deC.V._Trends_06-Oct-2026.xlsx",Trends,147
2026-10-06,trends,COMPANY LEVEL (Mex$000),Company Level,Net Income Normalized,,Current,FY 2026,FY,2026,,2026-12-31,13688387.28,,,13688387.28,Mex$000,MXN,"filings/capitaliq/Estimates/Trends/SPGlobal_GrupoBimbo,S.A.B.deC.V._Trends_06-Oct-2026.xlsx",Trends,147
2026-10-06,trends,COMPANY LEVEL (Mex$000),Company Level,Net Income Normalized,,Current,FY 2027,FY,2027,,2027-12-31,15011411.27,,,15011411.27,Mex$000,MXN,"filings/capitaliq/Estimates/Trends/SPGlobal_GrupoBimbo,S.A.B.deC.V._Trends_06-Oct-2026.xlsx",Trends,147
2026-10-06,trends,COMPANY LEVEL (Mex$000),Company Level,Net Income Normalized,,Current,FY 2028,FY,2028,,2028-12-31,17370948.81,,,17370948.81,Mex$000,MXN,"filings/capitaliq/Estimates/Trends/SPGlobal_GrupoBimbo,S.A.B.deC.V._Trends_06-Oct-2026.xlsx",Trends,147
2026-10-06,trends,COMPANY LEVEL (Mex$000),Company Level,Net Income Normalized,,Current,FY 2029,FY,2029,,2029-12-31,16735000,,,16735000,Mex$000,MXN,"filings/capitaliq/Estimates/Trends/SPGlobal_GrupoBimbo,S.A.B.deC.V._Trends_06-Oct-2026.xlsx",Trends,147
2026-10-06,trends,COMPANY LEVEL (Mex$000),Company Level,Net Income Normalized,,Current,FY 2030,FY,2030,,2030-12-31,18991000,,,18991000,Mex$000,MXN,"filings/capitaliq/Estimates/Trends/SPGlobal_GrupoBimbo,S.A.B.deC.V._Trends_06-Oct-2026.xlsx",Trends,147
2026-10-06,trends,COMPANY LEVEL (Mex$000),Company Level,Net Income Normalized,,1 Month ago,FQ3 2026,FQ,2026,3,2026-09-30,3479000,,,3479000,Mex$000,MXN,"filings/capitaliq/Estimates/Trends/SPGlobal_GrupoBimbo,S.A.B.deC.V._Trends_06-Oct-2026.xlsx",Trends,148
2026-10-06,trends,COMPANY LEVEL (Mex$000),Company Level,Net Income Normalized,,1 Month ago,FQ4 2026,FQ,2026,4,2026-12-31,3944000,,,3944000,Mex$000,MXN,"filings/capitaliq/Estimates/Trends/SPGlobal_GrupoBimbo,S.A.B.deC.V._Trends_06-Oct-2026.xlsx",Trends,148
2026-10-06,trends,COMPANY LEVEL (Mex$000),Company Level,Net Income Normalized,,1 Month ago,FY 2026,FY,2026,,2026-12-31,13688387.28,,,13688387.28,Mex$000,MXN,"filings/capitaliq/Estimates/Trends/SPGlobal_GrupoBimbo,S.A.B.deC.V._Trends_06-Oct-2026.xlsx",Trends,148
2026-10-06,trends,COMPANY LEVEL (Mex$000),Company Level,Net Income Normalized,,1 Month ago,FY 2027,FY,2027,,2027-12-31,15011411.27,,,15011411.27,Mex$000,MXN,"filings/capitaliq/Estimates/Trends/SPGlobal_GrupoBimbo,S.A.B.deC.V._Trends_06-Oct-2026.xlsx",Trends,148
2026-10-06,trends,COMPANY LEVEL (Mex$000),Company Level,Net Income Normalized,,1 Month ago,FY 2028,FY,2028,,2028-12-31,17370948.81,,,17370948.81,Mex$000,MXN,"filings/capitaliq/Estimates/Trends/SPGlobal_GrupoBimbo,S.A.B.deC.V._Trends_06-Oct-2026.xlsx",Trends,148
2026-10-06,trends,COMPANY LEVEL (Mex$000),Company Level,Net Income Normalized,,1 Month ago,FY 2029,FY,2029,,2029-12-31,16735000,,,16735000,Mex$000,MXN,"filings/capitaliq/Estimates/Trends/SPGlobal_GrupoBimbo,S.A.B.deC.V._Trends_06-Oct-2026.xlsx",Trends,148
2026-10-06,trends,COMPANY LEVEL (Mex$000),Company Level,Net Income Normalized,,1 Month ago,FY 2030,FY,2030,,2030-12-31,18991000,,,18991000,Mex$000,MXN,"filings/capitaliq/Estimates/Trends/SPGlobal_GrupoBimbo,S.A.B.deC.V._Trends_06-Oct-2026.xlsx",Trends,148
2026-10-06,trends,COMPANY LEVEL (Mex$000),Company Level,Net Income Normalized,,2 Months ago,FQ3 2026,FQ,2026,3,2026-09-30,3479000,,,3479000,Mex$000,MXN,"filings/capitaliq/Estimates/Trends/SPGlobal_GrupoBimbo,S.A.B.deC.V._Trends_06-Oct-2026.xlsx",Trends,149
2026-10-06,trends,COMPANY LEVEL (Mex$000),Company Level,Net Income Normalized,,2 Months ago,FQ4 2026,FQ,2026,4,2026-12-31,3944000,,,3944000,Mex$000,MXN,"filings/capitaliq/Estimates/Trends/SPGlobal_GrupoBimbo,S.A.B.deC.V._Trends_06-Oct-2026.xlsx",Trends,149
2026-10-06,trends,COMPANY LEVEL (Mex$000),Company Level,Net Income Normalized,,2 Months ago,FY 2026,FY,2026,,2026-12-31,13866031.28,,,13866031.28,Mex$000,MXN,"filings/capitaliq/Estimates/Trends/SPGlobal_GrupoBimbo,S.A.B.deC.V._Trends_06-Oct-2026.xlsx",Trends,149
2026-10-06,trends,COMPANY LEVEL (Mex$000),Company Level,Net Income Normalized,,2 Months ago,FY 2027,FY,2027,,2027-12-31,15087627.27,,,15087627.27,Mex$000,MXN,"filings/capitaliq/Estimates/Trends/SPGlobal_GrupoBimbo,S.A.B.deC.V._Trends_06-Oct-2026.xlsx",Trends,149
2026-10-06,trends,COMPANY LEVEL (Mex$000),Company Level,Net Income Normalized,,2 Months ago,FY 2028,FY,2028,,2028-12-31,17370948.81,,,17370948.81,Mex$000,MXN,"filings/capitaliq/Estimates/Trends/SPGlobal_GrupoBimbo,S.A.B.deC.V._Trends_06-Oct-2026.xlsx",Trends,149
2026-10-06,trends,COMPANY LEVEL (Mex$000),Company Level,Net Income Normalized,,2 Months ago,FY 2029,FY,2029,,2029-12-31,16735000,,,16735000,Mex$000,MXN,"filings/capitaliq/Estimates/Trends/SPGlobal_GrupoBimbo,S.A.B.deC.V._Trends_06-Oct-2026.xlsx",Trends,149
2026-10-06,trends,COMPANY LEVEL (Mex$000),Company Level,Net Income Normalized,,2 Months ago,FY 2030,FY,2030,,2030-12-31,18991000,,,18991000,Mex$000,MXN,"filings/capitaliq/Estimates/Trends/SPGlobal_GrupoBimbo,S.A.B.deC.V._Trends_06-Oct-2026.xlsx",Trends,149
2026-10-06,trends,COMPANY LEVEL (Mex$000),Company Level,Net Income Normalized,,3 Months ago,FQ3 2026,FQ,2026,3,2026-09-30,3303000,,,3303000,Mex$000,MXN,"filings/capitaliq/Estimates/Trends/SPGlobal_GrupoBimbo,S.A.B.deC.V._Trends_06-Oct-2026.xlsx",Trends,150
2026-10-06,trends,COMPANY LEVEL (Mex$000),Company Level,Net Income Normalized,,3 Months ago,FQ4 2026,FQ,2026,4,2026-12-31,3788000,,,3788000,Mex$000,MXN,"filings/capitaliq/Estimates/Trends/SPGlobal_GrupoBimbo,S.A.B.deC.V._Trends_06-Oct-2026.xlsx",Trends,150
2026-10-06,trends,COMPANY LEVEL (Mex$000),Company Level,Net Income Normalized,,3 Months ago,FY 2026,FY,2026,,2026-12-31,13834059.96,,,13834059.96,Mex$000,MXN,"filings/capitaliq/Estimates/Trends/SPGlobal_GrupoBimbo,S.A.B.deC.V._Trends_06-Oct-2026.xlsx",Trends,150
2026-10-06,trends,COMPANY LEVEL (Mex$000),Company Level,Net Income Normalized,,3 Months ago,FY 2027,FY,2027,,2027-12-31,17171945.35,,,17171945.35,Mex$000,MXN,"filings/capitaliq/Estimates/Trends/SPGlobal_GrupoBimbo,S.A.B.deC.V._Trends_06-Oct-2026.xlsx",Trends,150
2026-10-06,trends,COMPANY LEVEL (Mex$000),Company Level,Net Income Normalized,,3 Months ago,FY 2028,FY,2028,,2028-12-31,19913909.96,,,19913909.96,Mex$000,MXN,"filings/capitaliq/Estimates/Trends/SPGlobal_GrupoBimbo,S.A.B.deC.V._Trends_06-Oct-2026.xlsx",Trends,150
2026-10-06,trends,COMPANY LEVEL (Mex$000),Company Level,Net Income Normalized,,3 Months ago,FY 2029,FY,2029,,2029-12-31,16735000,,,16735000,Mex$000,MXN,"filings/capitaliq/Estimates/Trends/SPGlobal_GrupoBimbo,S.A.B.deC.V._Trends_06-Oct-2026.xlsx",Trends,150
2026-10-06,trends,COMPANY LEVEL (Mex$000),Company Level,Net Income Normalized,,3 Months ago,FY 2030,FY,2030,,2030-12-31,18991000,,,18991000,Mex$000,MXN,"filings/capitaliq/Estimates/Trends/SPGlobal_GrupoBimbo,S.A.B.deC.V._Trends_06-Oct-2026.xlsx",Trends,150
2026-10-06,trends,COMPANY LEVEL (Mex$000),Company Level,Net Income Normalized,,6 Months ago,FY 2026,FY,2026,,2026-12-31,15555349.15,,,15555349.15,Mex$000,MXN,"filings/capitaliq/Estimates/Trends/SPGlobal_GrupoBimbo,S.A.B.deC.V._Trends_06-Oct-2026.xlsx",Trends,151
2026-10-06,trends,COMPANY LEVEL (Mex$000),Company Level,Net Income Normalized,,6 Months ago,FY 2027,FY,2027,,2027-12-31,17522133.32,,,17522133.32,Mex$000,MXN,"filings/capitaliq/Estimates/Trends/SPGlobal_GrupoBimbo,S.A.B.deC.V._Trends_06-Oct-2026.xlsx",Trends,151
2026-10-06,trends,COMPANY LEVEL (Mex$000),Company Level,Net Income Normalized,,6 Months ago,FY 2028,FY,2028,,2028-12-31,22278000,,,22278000,Mex$000,MXN,"filings/capitaliq/Estimates/Trends/SPGlobal_GrupoBimbo,S.A.B.deC.V._Trends_06-Oct-2026.xlsx",Trends,151
2026-10-06,trends,COMPANY LEVEL (Mex$000),Company Level,Net Income Normalized,,6 Months ago,FY 2029,FY,2029,,2029-12-31,16704000,,,16704000,Mex$000,MXN,"filings/capitaliq/Estimates/Trends/SPGlobal_GrupoBimbo,S.A.B.deC.V._Trends_06-Oct-2026.xlsx",Trends,151
2026-10-06,trends,COMPANY LEVEL (Mex$000),Company Level,Net Income Normalized,,6 Months ago,FY 2030,FY,2030,,2030-12-31,18761000,,,18761000,Mex$000,MXN,"filings/capitaliq/Estimates/Trends/SPGlobal_GrupoBimbo,S.A.B.deC.V._Trends_06-Oct-2026.xlsx",Trends,151
2026-10-06,trends,COMPANY LEVEL (Mex$000),Company Level,Net Income Normalized,,9 Months ago,FY 2026,FY,2026,,2026-12-31,16215539.15,,,16215539.15,Mex$000,MXN,"filings/capitaliq/Estimates/Trends/SPGlobal_GrupoBimbo,S.A.B.deC.V._Trends_06-Oct-2026.xlsx",Trends,152
2026-10-06,trends,COMPANY LEVEL (Mex$000),Company Level,Net Income Normalized,,9 Months ago,FY 2027,FY,2027,,2027-12-31,18957942.64,,,18957942.64,Mex$000,MXN,"filings/capitaliq/Estimates/Trends/SPGlobal_GrupoBimbo,S.A.B.deC.V._Trends_06-Oct-2026.xlsx",Trends,152
2026-10-06,trends,COMPANY LEVEL (Mex$000),Company Level,Net Income Normalized,,9 Months ago,FY 2028,FY,2028,,2028-12-31,18011000,,,18011000,Mex$000,MXN,"filings/capitaliq/Estimates/Trends/SPGlobal_GrupoBimbo,S.A.B.deC.V._Trends_06-Oct-2026.xlsx",Trends,152
2026-10-06,trends,COMPANY LEVEL (Mex$000),Company Level,Net Income Normalized,,9 Months ago,FY 2029,FY,2029,,2029-12-31,20951000,,,20951000,Mex$000,MXN,"filings/capitaliq/Estimates/Trends/SPGlobal_GrupoBimbo,S.A.B.deC.V._Trends_06-Oct-2026.xlsx",Trends,152
2026-10-06,trends,COMPANY LEVEL (Mex$000),Company Level,Net Income Normalized,,12 Months ago,FY 2026,FY,2026,,2026-12-31,17065608.6,,,17065608.6,Mex$000,MXN,"filings/capitaliq/Estimates/Trends/SPGlobal_GrupoBimbo,S.A.B.deC.V._Trends_06-Oct-2026.xlsx",Trends,153
2026-10-06,trends,COMPANY LEVEL (Mex$000),Company Level,Net Income Normalized,,12 Months ago,FY 2027,FY,2027,,2027-12-31,19904078.6,,,19904078.6,Mex$000,MXN,"filings/capitaliq/Estimates/Trends/SPGlobal_GrupoBimbo,S.A.B.deC.V._Trends_06-Oct-2026.xlsx",Trends,153
2026-10-06,trends,COMPANY LEVEL (Mex$000),Company Level,Net Income Normalized,,12 Months ago,FY 2028,FY,2028,,2028-12-31,18011000,,,18011000,Mex$000,MXN,"filings/capitaliq/Estimates/Trends/SPGlobal_GrupoBimbo,S.A.B.deC.V._Trends_06-Oct-2026.xlsx",Trends,153
2026-10-06,trends,COMPANY LEVEL (Mex$000),Company Level,Net Income Normalized,,12 Months ago,FY 2029,FY,2029,,2029-12-31,20951000,,,20951000,Mex$000,MXN,"filings/capitaliq/Estimates/Trends/SPGlobal_GrupoBimbo,S.A.B.deC.V._Trends_06-Oct-2026.xlsx",Trends,153
2026-10-06,trends,COMPANY LEVEL (Mex$000),Company Level,Net Income Normalized,,18 Months ago,FY 2026,FY,2026,,2026-12-31,18803162,,,18803162,Mex$000,MXN,"filings/capitaliq/Estimates/Trends/SPGlobal_GrupoBimbo,S.A.B.deC.V._Trends_06-Oct-2026.xlsx",Trends,154
2026-10-06,trends,COMPANY LEVEL (Mex$000),Company Level,Net Income Normalized,,18 Months ago,FY 2027,FY,2027,,2027-12-31,15588438.04,,,15588438.04,Mex$000,MXN,"filings/capitaliq/Estimates/Trends/SPGlobal_GrupoBimbo,S.A.B.deC.V._Trends_06-Oct-2026.xlsx",Trends,154
2026-10-06,trends,COMPANY LEVEL (Mex$000),Company Level,Net Income Normalized,,18 Months ago,FY 2028,FY,2028,,2028-12-31,12280000,,,12280000,Mex$000,MXN,"filings/capitaliq/Estimates/Trends/SPGlobal_GrupoBimbo,S.A.B.deC.V._Trends_06-Oct-2026.xlsx",Trends,154
2026-10-06,trends,COMPANY LEVEL (Mex$000),Company Level,Net Income (GAAP),,Current,FQ3 2026,FQ,2026,3,2026-09-30,3595481.25,,,3595481.25,Mex$000,MXN,"filings/capitaliq/Estimates/Trends/SPGlobal_GrupoBimbo,S.A.B.deC.V._Trends_06-Oct-2026.xlsx",Trends,156
2026-10-06,trends,COMPANY LEVEL (Mex$000),Company Level,Net Income (GAAP),,Current,FQ4 2026,FQ,2026,4,2026-12-31,3935026.56,,,3935026.56,Mex$000,MXN,"filings/capitaliq/Estimates/Trends/SPGlobal_GrupoBimbo,S.A.B.deC.V._Trends_06-Oct-2026.xlsx",Trends,156
2026-10-06,trends,COMPANY LEVEL (Mex$000),Company Level,Net Income (GAAP),,Current,FY 2026,FY,2026,,2026-12-31,13356951.3,,,13356951.3,Mex$000,MXN,"filings/capitaliq/Estimates/Trends/SPGlobal_GrupoBimbo,S.A.B.deC.V._Trends_06-Oct-2026.xlsx",Trends,156
2026-10-06,trends,COMPANY LEVEL (Mex$000),Company Level,Net Income (GAAP),,Current,FY 2027,FY,2027,,2027-12-31,14333653.8,,,14333653.8,Mex$000,MXN,"filings/capitaliq/Estimates/Trends/SPGlobal_GrupoBimbo,S.A.B.deC.V._Trends_06-Oct-2026.xlsx",Trends,156
2026-10-06,trends,COMPANY LEVEL (Mex$000),Company Level,Net Income (GAAP),,Current,FY 2028,FY,2028,,2028-12-31,16531875.92,,,16531875.92,Mex$000,MXN,"filings/capitaliq/Estimates/Trends/SPGlobal_GrupoBimbo,S.A.B.deC.V._Trends_06-Oct-2026.xlsx",Trends,156
2026-10-06,trends,COMPANY LEVEL (Mex$000),Company Level,Net Income (GAAP),,Current,FY 2029,FY,2029,,2029-12-31,16735000,,,16735000,Mex$000,MXN,"filings/capitaliq/Estimates/Trends/SPGlobal_GrupoBimbo,S.A.B.deC.V._Trends_06-Oct-2026.xlsx",Trends,156
2026-10-06,trends,COMPANY LEVEL (Mex$000),Company Level,Net Income (GAAP),,Current,FY 2030,FY,2030,,2030-12-31,18991000,,,18991000,Mex$000,MXN,"filings/capitaliq/Estimates/Trends/SPGlobal_GrupoBimbo,S.A.B.deC.V._Trends_06-Oct-2026.xlsx",Trends,156
2026-10-06,trends,COMPANY LEVEL (Mex$000),Company Level,Net Income (GAAP),,1 Month ago,FQ3 2026,FQ,2026,3,2026-09-30,3585808.7,,,3585808.7,Mex$000,MXN,"filings/capitaliq/Estimates/Trends/SPGlobal_GrupoBimbo,S.A.B.deC.V._Trends_06-Oct-2026.xlsx",Trends,157
2026-10-06,trends,COMPANY LEVEL (Mex$000),Company Level,Net Income (GAAP),,1 Month ago,FQ4 2026,FQ,2026,4,2026-12-31,3932130.1,,,3932130.1,Mex$000,MXN,"filings/capitaliq/Estimates/Trends/SPGlobal_GrupoBimbo,S.A.B.deC.V._Trends_06-Oct-2026.xlsx",Trends,157
2026-10-06,trends,COMPANY LEVEL (Mex$000),Company Level,Net Income (GAAP),,1 Month ago,FY 2026,FY,2026,,2026-12-31,13364718.32,,,13364718.32,Mex$000,MXN,"filings/capitaliq/Estimates/Trends/SPGlobal_GrupoBimbo,S.A.B.deC.V._Trends_06-Oct-2026.xlsx",Trends,157
2026-10-06,trends,COMPANY LEVEL (Mex$000),Company Level,Net Income (GAAP),,1 Month ago,FY 2027,FY,2027,,2027-12-31,14618925.71,,,14618925.71,Mex$000,MXN,"filings/capitaliq/Estimates/Trends/SPGlobal_GrupoBimbo,S.A.B.deC.V._Trends_06-Oct-2026.xlsx",Trends,157
2026-10-06,trends,COMPANY LEVEL (Mex$000),Company Level,Net Income (GAAP),,1 Month ago,FY 2028,FY,2028,,2028-12-31,16710462.62,,,16710462.62,Mex$000,MXN,"filings/capitaliq/Estimates/Trends/SPGlobal_GrupoBimbo,S.A.B.deC.V._Trends_06-Oct-2026.xlsx",Trends,157
2026-10-06,trends,COMPANY LEVEL (Mex$000),Company Level,Net Income (GAAP),,1 Month ago,FY 2029,FY,2029,,2029-12-31,16735000,,,16735000,Mex$000,MXN,"filings/capitaliq/Estimates/Trends/SPGlobal_GrupoBimbo,S.A.B.deC.V._Trends_06-Oct-2026.xlsx",Trends,157
2026-10-06,trends,COMPANY LEVEL (Mex$000),Company Level,Net Income (GAAP),,1 Month ago,FY 2030,FY,2030,,2030-12-31,18991000,,,18991000,Mex$000,MXN,"filings/capitaliq/Estimates/Trends/SPGlobal_GrupoBimbo,S.A.B.deC.V._Trends_06-Oct-2026.xlsx",Trends,157
2026-10-06,trends,COMPANY LEVEL (Mex$000),Company Level,Net Income (GAAP),,2 Months ago,FQ3 2026,FQ,2026,3,2026-09-30,3479000,,,3479000,Mex$000,MXN,"filings/capitaliq/Estimates/Trends/SPGlobal_GrupoBimbo,S.A.B.deC.V._Trends_06-Oct-2026.xlsx",Trends,158
2026-10-06,trends,COMPANY LEVEL (Mex$000),Company Level,Net Income (GAAP),,2 Months ago,FQ4 2026,FQ,2026,4,2026-12-31,3944000,,,3944000,Mex$000,MXN,"filings/capitaliq/Estimates/Trends/SPGlobal_GrupoBimbo,S.A.B.deC.V._Trends_06-Oct-2026.xlsx",Trends,158
2026-10-06,trends,COMPANY LEVEL (Mex$000),Company Level,Net Income (GAAP),,2 Months ago,FY 2026,FY,2026,,2026-12-31,13507718.19,,,13507718.19,Mex$000,MXN,"filings/capitaliq/Estimates/Trends/SPGlobal_GrupoBimbo,S.A.B.deC.V._Trends_06-Oct-2026.xlsx",Trends,158
2026-10-06,trends,COMPANY LEVEL (Mex$000),Company Level,Net Income (GAAP),,2 Months ago,FY 2027,FY,2027,,2027-12-31,14862794.07,,,14862794.07,Mex$000,MXN,"filings/capitaliq/Estimates/Trends/SPGlobal_GrupoBimbo,S.A.B.deC.V._Trends_06-Oct-2026.xlsx",Trends,158
2026-10-06,trends,COMPANY LEVEL (Mex$000),Company Level,Net Income (GAAP),,2 Months ago,FY 2028,FY,2028,,2028-12-31,16845410.64,,,16845410.64,Mex$000,MXN,"filings/capitaliq/Estimates/Trends/SPGlobal_GrupoBimbo,S.A.B.deC.V._Trends_06-Oct-2026.xlsx",Trends,158
2026-10-06,trends,COMPANY LEVEL (Mex$000),Company Level,Net Income (GAAP),,2 Months ago,FY 2029,FY,2029,,2029-12-31,16735000,,,16735000,Mex$000,MXN,"filings/capitaliq/Estimates/Trends/SPGlobal_GrupoBimbo,S.A.B.deC.V._Trends_06-Oct-2026.xlsx",Trends,158
2026-10-06,trends,COMPANY LEVEL (Mex$000),Company Level,Net Income (GAAP),,2 Months ago,FY 2030,FY,2030,,2030-12-31,18991000,,,18991000,Mex$000,MXN,"filings/capitaliq/Estimates/Trends/SPGlobal_GrupoBimbo,S.A.B.deC.V._Trends_06-Oct-2026.xlsx",Trends,158
2026-10-06,trends,COMPANY LEVEL (Mex$000),Company Level,Net Income (GAAP),,3 Months ago,FQ3 2026,FQ,2026,3,2026-09-30,3559271.14,,,3559271.14,Mex$000,MXN,"filings/capitaliq/Estimates/Trends/SPGlobal_GrupoBimbo,S.A.B.deC.V._Trends_06-Oct-2026.xlsx",Trends,159
2026-10-06,trends,COMPANY LEVEL (Mex$000),Company Level,Net Income (GAAP),,3 Months ago,FQ4 2026,FQ,2026,4,2026-12-31,4050049.87,,,4050049.87,Mex$000,MXN,"filings/capitaliq/Estimates/Trends/SPGlobal_GrupoBimbo,S.A.B.deC.V._Trends_06-Oct-2026.xlsx",Trends,159
2026-10-06,trends,COMPANY LEVEL (Mex$000),Company Level,Net Income (GAAP),,3 Months ago,FY 2026,FY,2026,,2026-12-31,13564024.06,,,13564024.06,Mex$000,MXN,"filings/capitaliq/Estimates/Trends/SPGlobal_GrupoBimbo,S.A.B.deC.V._Trends_06-Oct-2026.xlsx",Trends,159
2026-10-06,trends,COMPANY LEVEL (Mex$000),Company Level,Net Income (GAAP),,3 Months ago,FY 2027,FY,2027,,2027-12-31,16333901,,,16333901,Mex$000,MXN,"filings/capitaliq/Estimates/Trends/SPGlobal_GrupoBimbo,S.A.B.deC.V._Trends_06-Oct-2026.xlsx",Trends,159
2026-10-06,trends,COMPANY LEVEL (Mex$000),Company Level,Net Income (GAAP),,3 Months ago,FY 2028,FY,2028,,2028-12-31,18448364.87,,,18448364.87,Mex$000,MXN,"filings/capitaliq/Estimates/Trends/SPGlobal_GrupoBimbo,S.A.B.deC.V._Trends_06-Oct-2026.xlsx",Trends,159
2026-10-06,trends,COMPANY LEVEL (Mex$000),Company Level,Net Income (GAAP),,3 Months ago,FY 2029,FY,2029,,2029-12-31,16735000,,,16735000,Mex$000,MXN,"filings/capitaliq/Estimates/Trends/SPGlobal_GrupoBimbo,S.A.B.deC.V._Trends_06-Oct-2026.xlsx",Trends,159
2026-10-06,trends,COMPANY LEVEL (Mex$000),Company Level,Net Income (GAAP),,3 Months ago,FY 2030,FY,2030,,2030-12-31,18991000,,,18991000,Mex$000,MXN,"filings/capitaliq/Estimates/Trends/SPGlobal_GrupoBimbo,S.A.B.deC.V._Trends_06-Oct-2026.xlsx",Trends,159
2026-10-06,trends,COMPANY LEVEL (Mex$000),Company Level,Net Income (GAAP),,6 Months ago,FY 2026,FY,2026,,2026-12-31,15174455.27,,,15174455.27,Mex$000,MXN,"filings/capitaliq/Estimates/Trends/SPGlobal_GrupoBimbo,S.A.B.deC.V._Trends_06-Oct-2026.xlsx",Trends,160
2026-10-06,trends,COMPANY LEVEL (Mex$000),Company Level,Net Income (GAAP),,6 Months ago,FY 2027,FY,2027,,2027-12-31,17417203.63,,,17417203.63,Mex$000,MXN,"filings/capitaliq/Estimates/Trends/SPGlobal_GrupoBimbo,S.A.B.deC.V._Trends_06-Oct-2026.xlsx",Trends,160
2026-10-06,trends,COMPANY LEVEL (Mex$000),Company Level,Net Income (GAAP),,6 Months ago,FY 2028,FY,2028,,2028-12-31,20170537.86,,,20170537.86,Mex$000,MXN,"filings/capitaliq/Estimates/Trends/SPGlobal_GrupoBimbo,S.A.B.deC.V._Trends_06-Oct-2026.xlsx",Trends,160
2026-10-06,trends,COMPANY LEVEL (Mex$000),Company Level,Net Income (GAAP),,6 Months ago,FY 2029,FY,2029,,2029-12-31,16704000,,,16704000,Mex$000,MXN,"filings/capitaliq/Estimates/Trends/SPGlobal_GrupoBimbo,S.A.B.deC.V._Trends_06-Oct-2026.xlsx",Trends,160
2026-10-06,trends,COMPANY LEVEL (Mex$000),Company Level,Net Income (GAAP),,6 Months ago,FY 2030,FY,2030,,2030-12-31,18761000,,,18761000,Mex$000,MXN,"filings/capitaliq/Estimates/Trends/SPGlobal_GrupoBimbo,S.A.B.deC.V._Trends_06-Oct-2026.xlsx",Trends,160
2026-10-06,trends,COMPANY LEVEL (Mex$000),Company Level,Net Income (GAAP),,9 Months ago,FY 2026,FY,2026,,2026-12-31,16089133.94,,,16089133.94,Mex$000,MXN,"filings/capitaliq/Estimates/Trends/SPGlobal_GrupoBimbo,S.A.B.deC.V._Trends_06-Oct-2026.xlsx",Trends,161
2026-10-06,trends,COMPANY LEVEL (Mex$000),Company Level,Net Income (GAAP),,9 Months ago,FY 2027,FY,2027,,2027-12-31,18427640.12,,,18427640.12,Mex$000,MXN,"filings/capitaliq/Estimates/Trends/SPGlobal_GrupoBimbo,S.A.B.deC.V._Trends_06-Oct-2026.xlsx",Trends,161
2026-10-06,trends,COMPANY LEVEL (Mex$000),Company Level,Net Income (GAAP),,9 Months ago,FY 2028,FY,2028,,2028-12-31,18011000,,,18011000,Mex$000,MXN,"filings/capitaliq/Estimates/Trends/SPGlobal_GrupoBimbo,S.A.B.deC.V._Trends_06-Oct-2026.xlsx",Trends,161
2026-10-06,trends,COMPANY LEVEL (Mex$000),Company Level,Net Income (GAAP),,9 Months ago,FY 2029,FY,2029,,2029-12-31,20951000,,,20951000,Mex$000,MXN,"filings/capitaliq/Estimates/Trends/SPGlobal_GrupoBimbo,S.A.B.deC.V._Trends_06-Oct-2026.xlsx",Trends,161
2026-10-06,trends,COMPANY LEVEL (Mex$000),Company Level,Net Income (GAAP),,12 Months ago,FY 2026,FY,2026,,2026-12-31,16547850.58,,,16547850.58,Mex$000,MXN,"filings/capitaliq/Estimates/Trends/SPGlobal_GrupoBimbo,S.A.B.deC.V._Trends_06-Oct-2026.xlsx",Trends,162
2026-10-06,trends,COMPANY LEVEL (Mex$000),Company Level,Net Income (GAAP),,12 Months ago,FY 2027,FY,2027,,2027-12-31,18641511.66,,,18641511.66,Mex$000,MXN,"filings/capitaliq/Estimates/Trends/SPGlobal_GrupoBimbo,S.A.B.deC.V._Trends_06-Oct-2026.xlsx",Trends,162
2026-10-06,trends,COMPANY LEVEL (Mex$000),Company Level,Net Income (GAAP),,12 Months ago,FY 2028,FY,2028,,2028-12-31,18011000,,,18011000,Mex$000,MXN,"filings/capitaliq/Estimates/Trends/SPGlobal_GrupoBimbo,S.A.B.deC.V._Trends_06-Oct-2026.xlsx",Trends,162
2026-10-06,trends,COMPANY LEVEL (Mex$000),Company Level,Net Income (GAAP),,12 Months ago,FY 2029,FY,2029,,2029-12-31,20951000,,,20951000,Mex$000,MXN,"filings/capitaliq/Estimates/Trends/SPGlobal_GrupoBimbo,S.A.B.deC.V._Trends_06-Oct-2026.xlsx",Trends,162
2026-10-06,trends,COMPANY LEVEL (Mex$000),Company Level,Net Income (GAAP),,18 Months ago,FY 2026,FY,2026,,2026-12-31,18160954.91,,,18160954.91,Mex$000,MXN,"filings/capitaliq/Estimates/Trends/SPGlobal_GrupoBimbo,S.A.B.deC.V._Trends_06-Oct-2026.xlsx",Trends,163
2026-10-06,trends,COMPANY LEVEL (Mex$000),Company Level,Net Income (GAAP),,18 Months ago,FY 2027,FY,2027,,2027-12-31,17430368.71,,,17430368.71,Mex$000,MXN,"filings/capitaliq/Estimates/Trends/SPGlobal_GrupoBimbo,S.A.B.deC.V._Trends_06-Oct-2026.xlsx",Trends,163
2026-10-06,trends,COMPANY LEVEL (Mex$000),Company Level,Net Income (GAAP),,18 Months ago,FY 2028,FY,2028,,2028-12-31,12280000,,,12280000,Mex$000,MXN,"filings/capitaliq/Estimates/Trends/SPGlobal_GrupoBimbo,S.A.B.deC.V._Trends_06-Oct-2026.xlsx",Trends,163
2026-10-06,trends,COMPANY LEVEL (Mex$000),Company Level,Net Debt,,Current,FY 2026,FY,2026,,2026-12-31,146914243.69,,,146914243.69,Mex$000,MXN,"filings/capitaliq/Estimates/Trends/SPGlobal_GrupoBimbo,S.A.B.deC.V._Trends_06-Oct-2026.xlsx",Trends,165
2026-10-06,trends,COMPANY LEVEL (Mex$000),Company Level,Net Debt,,Current,FY 2027,FY,2027,,2027-12-31,134599454.69,,,134599454.69,Mex$000,MXN,"filings/capitaliq/Estimates/Trends/SPGlobal_GrupoBimbo,S.A.B.deC.V._Trends_06-Oct-2026.xlsx",Trends,165
2026-10-06,trends,COMPANY LEVEL (Mex$000),Company Level,Net Debt,,Current,FY 2028,FY,2028,,2028-12-31,120491753.01,,,120491753.01,Mex$000,MXN,"filings/capitaliq/Estimates/Trends/SPGlobal_GrupoBimbo,S.A.B.deC.V._Trends_06-Oct-2026.xlsx",Trends,165
2026-10-06,trends,COMPANY LEVEL (Mex$000),Company Level,Net Debt,,Current,FY 2029,FY,2029,,2029-12-31,109707000,,,109707000,Mex$000,MXN,"filings/capitaliq/Estimates/Trends/SPGlobal_GrupoBimbo,S.A.B.deC.V._Trends_06-Oct-2026.xlsx",Trends,165
2026-10-06,trends,COMPANY LEVEL (Mex$000),Company Level,Net Debt,,Current,FY 2030,FY,2030,,2030-12-31,91991000,,,91991000,Mex$000,MXN,"filings/capitaliq/Estimates/Trends/SPGlobal_GrupoBimbo,S.A.B.deC.V._Trends_06-Oct-2026.xlsx",Trends,165
2026-10-06,trends,COMPANY LEVEL (Mex$000),Company Level,Net Debt,,1 Month ago,FY 2026,FY,2026,,2026-12-31,146911023.88,,,146911023.88,Mex$000,MXN,"filings/capitaliq/Estimates/Trends/SPGlobal_GrupoBimbo,S.A.B.deC.V._Trends_06-Oct-2026.xlsx",Trends,166
2026-10-06,trends,COMPANY LEVEL (Mex$000),Company Level,Net Debt,,1 Month ago,FY 2027,FY,2027,,2027-12-31,133766758.74,,,133766758.74,Mex$000,MXN,"filings/capitaliq/Estimates/Trends/SPGlobal_GrupoBimbo,S.A.B.deC.V._Trends_06-Oct-2026.xlsx",Trends,166
2026-10-06,trends,COMPANY LEVEL (Mex$000),Company Level,Net Debt,,1 Month ago,FY 2028,FY,2028,,2028-12-31,119433536.72,,,119433536.72,Mex$000,MXN,"filings/capitaliq/Estimates/Trends/SPGlobal_GrupoBimbo,S.A.B.deC.V._Trends_06-Oct-2026.xlsx",Trends,166
2026-10-06,trends,COMPANY LEVEL (Mex$000),Company Level,Net Debt,,1 Month ago,FY 2029,FY,2029,,2029-12-31,109707000,,,109707000,Mex$000,MXN,"filings/capitaliq/Estimates/Trends/SPGlobal_GrupoBimbo,S.A.B.deC.V._Trends_06-Oct-2026.xlsx",Trends,166
2026-10-06,trends,COMPANY LEVEL (Mex$000),Company Level,Net Debt,,1 Month ago,FY 2030,FY,2030,,2030-12-31,91991000,,,91991000,Mex$000,MXN,"filings/capitaliq/Estimates/Trends/SPGlobal_GrupoBimbo,S.A.B.deC.V._Trends_06-Oct-2026.xlsx",Trends,166
2026-10-06,trends,COMPANY LEVEL (Mex$000),Company Level,Net Debt,,2 Months ago,FY 2026,FY,2026,,2026-12-31,152087099.15,,,152087099.15,Mex$000,MXN,"filings/capitaliq/Estimates/Trends/SPGlobal_GrupoBimbo,S.A.B.deC.V._Trends_06-Oct-2026.xlsx",Trends,167
2026-10-06,trends,COMPANY LEVEL (Mex$000),Company Level,Net Debt,,2 Months ago,FY 2027,FY,2027,,2027-12-31,133766758.74,,,133766758.74,Mex$000,MXN,"filings/capitaliq/Estimates/Trends/SPGlobal_GrupoBimbo,S.A.B.deC.V._Trends_06-Oct-2026.xlsx",Trends,167
2026-10-06,trends,COMPANY LEVEL (Mex$000),Company Level,Net Debt,,2 Months ago,FY 2028,FY,2028,,2028-12-31,119433536.72,,,119433536.72,Mex$000,MXN,"filings/capitaliq/Estimates/Trends/SPGlobal_GrupoBimbo,S.A.B.deC.V._Trends_06-Oct-2026.xlsx",Trends,167
2026-10-06,trends,COMPANY LEVEL (Mex$000),Company Level,Net Debt,,2 Months ago,FY 2029,FY,2029,,2029-12-31,109707000,,,109707000,Mex$000,MXN,"filings/capitaliq/Estimates/Trends/SPGlobal_GrupoBimbo,S.A.B.deC.V._Trends_06-Oct-2026.xlsx",Trends,167
2026-10-06,trends,COMPANY LEVEL (Mex$000),Company Level,Net Debt,,2 Months ago,FY 2030,FY,2030,,2030-12-31,91991000,,,91991000,Mex$000,MXN,"filings/capitaliq/Estimates/Trends/SPGlobal_GrupoBimbo,S.A.B.deC.V._Trends_06-Oct-2026.xlsx",Trends,167
2026-10-06,trends,COMPANY LEVEL (Mex$000),Company Level,Net Debt,,3 Months ago,FY 2026,FY,2026,,2026-12-31,146462621.43,,,146462621.43,Mex$000,MXN,"filings/capitaliq/Estimates/Trends/SPGlobal_GrupoBimbo,S.A.B.deC.V._Trends_06-Oct-2026.xlsx",Trends,168
2026-10-06,trends,COMPANY LEVEL (Mex$000),Company Level,Net Debt,,3 Months ago,FY 2027,FY,2027,,2027-12-31,132754296.5,,,132754296.5,Mex$000,MXN,"filings/capitaliq/Estimates/Trends/SPGlobal_GrupoBimbo,S.A.B.deC.V._Trends_06-Oct-2026.xlsx",Trends,168
2026-10-06,trends,COMPANY LEVEL (Mex$000),Company Level,Net Debt,,3 Months ago,FY 2028,FY,2028,,2028-12-31,118878394.42,,,118878394.42,Mex$000,MXN,"filings/capitaliq/Estimates/Trends/SPGlobal_GrupoBimbo,S.A.B.deC.V._Trends_06-Oct-2026.xlsx",Trends,168
2026-10-06,trends,COMPANY LEVEL (Mex$000),Company Level,Net Debt,,3 Months ago,FY 2029,FY,2029,,2029-12-31,109707000,,,109707000,Mex$000,MXN,"filings/capitaliq/Estimates/Trends/SPGlobal_GrupoBimbo,S.A.B.deC.V._Trends_06-Oct-2026.xlsx",Trends,168
2026-10-06,trends,COMPANY LEVEL (Mex$000),Company Level,Net Debt,,3 Months ago,FY 2030,FY,2030,,2030-12-31,91991000,,,91991000,Mex$000,MXN,"filings/capitaliq/Estimates/Trends/SPGlobal_GrupoBimbo,S.A.B.deC.V._Trends_06-Oct-2026.xlsx",Trends,168
2026-10-06,trends,COMPANY LEVEL (Mex$000),Company Level,Net Debt,,6 Months ago,FY 2026,FY,2026,,2026-12-31,148621678.04,,,148621678.04,Mex$000,MXN,"filings/capitaliq/Estimates/Trends/SPGlobal_GrupoBimbo,S.A.B.deC.V._Trends_06-Oct-2026.xlsx",Trends,169
2026-10-06,trends,COMPANY LEVEL (Mex$000),Company Level,Net Debt,,6 Months ago,FY 2027,FY,2027,,2027-12-31,133706239.45,,,133706239.45,Mex$000,MXN,"filings/capitaliq/Estimates/Trends/SPGlobal_GrupoBimbo,S.A.B.deC.V._Trends_06-Oct-2026.xlsx",Trends,169
2026-10-06,trends,COMPANY LEVEL (Mex$000),Company Level,Net Debt,,6 Months ago,FY 2028,FY,2028,,2028-12-31,111280734.16,,,111280734.16,Mex$000,MXN,"filings/capitaliq/Estimates/Trends/SPGlobal_GrupoBimbo,S.A.B.deC.V._Trends_06-Oct-2026.xlsx",Trends,169
2026-10-06,trends,COMPANY LEVEL (Mex$000),Company Level,Net Debt,,6 Months ago,FY 2029,FY,2029,,2029-12-31,111442000,,,111442000,Mex$000,MXN,"filings/capitaliq/Estimates/Trends/SPGlobal_GrupoBimbo,S.A.B.deC.V._Trends_06-Oct-2026.xlsx",Trends,169
2026-10-06,trends,COMPANY LEVEL (Mex$000),Company Level,Net Debt,,6 Months ago,FY 2030,FY,2030,,2030-12-31,93609000,,,93609000,Mex$000,MXN,"filings/capitaliq/Estimates/Trends/SPGlobal_GrupoBimbo,S.A.B.deC.V._Trends_06-Oct-2026.xlsx",Trends,169
2026-10-06,trends,COMPANY LEVEL (Mex$000),Company Level,Net Debt,,9 Months ago,FY 2026,FY,2026,,2026-12-31,148346418.13,,,148346418.13,Mex$000,MXN,"filings/capitaliq/Estimates/Trends/SPGlobal_GrupoBimbo,S.A.B.deC.V._Trends_06-Oct-2026.xlsx",Trends,170
2026-10-06,trends,COMPANY LEVEL (Mex$000),Company Level,Net Debt,,9 Months ago,FY 2027,FY,2027,,2027-12-31,136457107.81,,,136457107.81,Mex$000,MXN,"filings/capitaliq/Estimates/Trends/SPGlobal_GrupoBimbo,S.A.B.deC.V._Trends_06-Oct-2026.xlsx",Trends,170
2026-10-06,trends,COMPANY LEVEL (Mex$000),Company Level,Net Debt,,9 Months ago,FY 2028,FY,2028,,2028-12-31,114995000,,,114995000,Mex$000,MXN,"filings/capitaliq/Estimates/Trends/SPGlobal_GrupoBimbo,S.A.B.deC.V._Trends_06-Oct-2026.xlsx",Trends,170
2026-10-06,trends,COMPANY LEVEL (Mex$000),Company Level,Net Debt,,9 Months ago,FY 2029,FY,2029,,2029-12-31,95941000,,,95941000,Mex$000,MXN,"filings/capitaliq/Estimates/Trends/SPGlobal_GrupoBimbo,S.A.B.deC.V._Trends_06-Oct-2026.xlsx",Trends,170
2026-10-06,trends,COMPANY LEVEL (Mex$000),Company Level,Net Debt,,12 Months ago,FY 2026,FY,2026,,2026-12-31,145720471.41,,,145720471.41,Mex$000,MXN,"filings/capitaliq/Estimates/Trends/SPGlobal_GrupoBimbo,S.A.B.deC.V._Trends_06-Oct-2026.xlsx",Trends,171
2026-10-06,trends,COMPANY LEVEL (Mex$000),Company Level,Net Debt,,12 Months ago,FY 2027,FY,2027,,2027-12-31,128510772.76,,,128510772.76,Mex$000,MXN,"filings/capitaliq/Estimates/Trends/SPGlobal_GrupoBimbo,S.A.B.deC.V._Trends_06-Oct-2026.xlsx",Trends,171
2026-10-06,trends,COMPANY LEVEL (Mex$000),Company Level,Net Debt,,12 Months ago,FY 2028,FY,2028,,2028-12-31,114995000,,,114995000,Mex$000,MXN,"filings/capitaliq/Estimates/Trends/SPGlobal_GrupoBimbo,S.A.B.deC.V._Trends_06-Oct-2026.xlsx",Trends,171
2026-10-06,trends,COMPANY LEVEL (Mex$000),Company Level,Net Debt,,12 Months ago,FY 2029,FY,2029,,2029-12-31,95941000,,,95941000,Mex$000,MXN,"filings/capitaliq/Estimates/Trends/SPGlobal_GrupoBimbo,S.A.B.deC.V._Trends_06-Oct-2026.xlsx",Trends,171
2026-10-06,trends,COMPANY LEVEL (Mex$000),Company Level,Net Debt,,18 Months ago,FY 2026,FY,2026,,2026-12-31,117861833.42,,,117861833.42,Mex$000,MXN,"filings/capitaliq/Estimates/Trends/SPGlobal_GrupoBimbo,S.A.B.deC.V._Trends_06-Oct-2026.xlsx",Trends,172
2026-10-06,trends,COMPANY LEVEL (Mex$000),Company Level,Net Debt,,18 Months ago,FY 2027,FY,2027,,2027-12-31,102928136.32,,,102928136.32,Mex$000,MXN,"filings/capitaliq/Estimates/Trends/SPGlobal_GrupoBimbo,S.A.B.deC.V._Trends_06-Oct-2026.xlsx",Trends,172
2026-10-06,trends,COMPANY LEVEL (Mex$000),Company Level,Net Debt,,18 Months ago,FY 2028,FY,2028,,2028-12-31,96818000,,,96818000,Mex$000,MXN,"filings/capitaliq/Estimates/Trends/SPGlobal_GrupoBimbo,S.A.B.deC.V._Trends_06-Oct-2026.xlsx",Trends,172
2026-10-06,trends,COMPANY LEVEL (Mex$000),Company Level,TEV,,Current,FY 2026,FY,2026,,2026-12-31,369219017.14,,,369219017.14,Mex$000,MXN,"filings/capitaliq/Estimates/Trends/SPGlobal_GrupoBimbo,S.A.B.deC.V._Trends_06-Oct-2026.xlsx",Trends,174
2026-10-06,trends,COMPANY LEVEL (Mex$000),Company Level,TEV,,Current,FY 2027,FY,2027,,2027-12-31,362252750.03,,,362252750.03,Mex$000,MXN,"filings/capitaliq/Estimates/Trends/SPGlobal_GrupoBimbo,S.A.B.deC.V._Trends_06-Oct-2026.xlsx",Trends,174
2026-10-06,trends,COMPANY LEVEL (Mex$000),Company Level,TEV,,Current,FY 2028,FY,2028,,2028-12-31,354055849.09,,,354055849.09,Mex$000,MXN,"filings/capitaliq/Estimates/Trends/SPGlobal_GrupoBimbo,S.A.B.deC.V._Trends_06-Oct-2026.xlsx",Trends,174
2026-10-06,trends,COMPANY LEVEL (Mex$000),Company Level,TEV,,1 Month ago,FY 2026,FY,2026,,2026-12-31,373739323.03,,,373739323.03,Mex$000,MXN,"filings/capitaliq/Estimates/Trends/SPGlobal_GrupoBimbo,S.A.B.deC.V._Trends_06-Oct-2026.xlsx",Trends,175
2026-10-06,trends,COMPANY LEVEL (Mex$000),Company Level,TEV,,1 Month ago,FY 2027,FY,2027,,2027-12-31,363865612.22,,,363865612.22,Mex$000,MXN,"filings/capitaliq/Estimates/Trends/SPGlobal_GrupoBimbo,S.A.B.deC.V._Trends_06-Oct-2026.xlsx",Trends,175
2026-10-06,trends,COMPANY LEVEL (Mex$000),Company Level,TEV,,1 Month ago,FY 2028,FY,2028,,2028-12-31,354870952.66,,,354870952.66,Mex$000,MXN,"filings/capitaliq/Estimates/Trends/SPGlobal_GrupoBimbo,S.A.B.deC.V._Trends_06-Oct-2026.xlsx",Trends,175
2026-10-06,trends,COMPANY LEVEL (Mex$000),Company Level,TEV,,2 Months ago,FY 2026,FY,2026,,2026-12-31,377920864.54,,,377920864.54,Mex$000,MXN,"filings/capitaliq/Estimates/Trends/SPGlobal_GrupoBimbo,S.A.B.deC.V._Trends_06-Oct-2026.xlsx",Trends,176
2026-10-06,trends,COMPANY LEVEL (Mex$000),Company Level,TEV,,2 Months ago,FY 2027,FY,2027,,2027-12-31,368047153.72,,,368047153.72,Mex$000,MXN,"filings/capitaliq/Estimates/Trends/SPGlobal_GrupoBimbo,S.A.B.deC.V._Trends_06-Oct-2026.xlsx",Trends,176
2026-10-06,trends,COMPANY LEVEL (Mex$000),Company Level,TEV,,2 Months ago,FY 2028,FY,2028,,2028-12-31,359052494.16,,,359052494.16,Mex$000,MXN,"filings/capitaliq/Estimates/Trends/SPGlobal_GrupoBimbo,S.A.B.deC.V._Trends_06-Oct-2026.xlsx",Trends,176
2026-10-06,trends,COMPANY LEVEL (Mex$000),Company Level,TEV,,3 Months ago,FY 2026,FY,2026,,2026-12-31,382381467.02,,,382381467.02,Mex$000,MXN,"filings/capitaliq/Estimates/Trends/SPGlobal_GrupoBimbo,S.A.B.deC.V._Trends_06-Oct-2026.xlsx",Trends,177
2026-10-06,trends,COMPANY LEVEL (Mex$000),Company Level,TEV,,3 Months ago,FY 2027,FY,2027,,2027-12-31,372448548.22,,,372448548.22,Mex$000,MXN,"filings/capitaliq/Estimates/Trends/SPGlobal_GrupoBimbo,S.A.B.deC.V._Trends_06-Oct-2026.xlsx",Trends,177
2026-10-06,trends,COMPANY LEVEL (Mex$000),Company Level,TEV,,3 Months ago,FY 2028,FY,2028,,2028-12-31,363436744.76,,,363436744.76,Mex$000,MXN,"filings/capitaliq/Estimates/Trends/SPGlobal_GrupoBimbo,S.A.B.deC.V._Trends_06-Oct-2026.xlsx",Trends,177
2026-10-06,trends,COMPANY LEVEL (Mex$000),Company Level,TEV,,6 Months ago,FY 2026,FY,2026,,2026-12-31,416249870.79,,,416249870.79,Mex$000,MXN,"filings/capitaliq/Estimates/Trends/SPGlobal_GrupoBimbo,S.A.B.deC.V._Trends_06-Oct-2026.xlsx",Trends,178
2026-10-06,trends,COMPANY LEVEL (Mex$000),Company Level,TEV,,6 Months ago,FY 2027,FY,2027,,2027-12-31,406019597.19,,,406019597.19,Mex$000,MXN,"filings/capitaliq/Estimates/Trends/SPGlobal_GrupoBimbo,S.A.B.deC.V._Trends_06-Oct-2026.xlsx",Trends,178
2026-10-06,trends,COMPANY LEVEL (Mex$000),Company Level,TEV,,6 Months ago,FY 2028,FY,2028,,2028-12-31,369971368.15,,,369971368.15,Mex$000,MXN,"filings/capitaliq/Estimates/Trends/SPGlobal_GrupoBimbo,S.A.B.deC.V._Trends_06-Oct-2026.xlsx",Trends,178
2026-10-06,trends,COMPANY LEVEL (Mex$000),Company Level,TEV,,9 Months ago,FY 2026,FY,2026,,2026-12-31,415836389.52,,,415836389.52,Mex$000,MXN,"filings/capitaliq/Estimates/Trends/SPGlobal_GrupoBimbo,S.A.B.deC.V._Trends_06-Oct-2026.xlsx",Trends,179
2026-10-06,trends,COMPANY LEVEL (Mex$000),Company Level,TEV,,9 Months ago,FY 2027,FY,2027,,2027-12-31,405635673.65,,,405635673.65,Mex$000,MXN,"filings/capitaliq/Estimates/Trends/SPGlobal_GrupoBimbo,S.A.B.deC.V._Trends_06-Oct-2026.xlsx",Trends,179
2026-10-06,trends,COMPANY LEVEL (Mex$000),Company Level,TEV,,12 Months ago,FY 2026,FY,2026,,2026-12-31,385529874.18,,,385529874.18,Mex$000,MXN,"filings/capitaliq/Estimates/Trends/SPGlobal_GrupoBimbo,S.A.B.deC.V._Trends_06-Oct-2026.xlsx",Trends,180
2026-10-06,trends,COMPANY LEVEL (Mex$000),Company Level,TEV,,12 Months ago,FY 2027,FY,2027,,2027-12-31,376536240.95,,,376536240.95,Mex$000,MXN,"filings/capitaliq/Estimates/Trends/SPGlobal_GrupoBimbo,S.A.B.deC.V._Trends_06-Oct-2026.xlsx",Trends,180
2026-10-06,trends,COMPANY LEVEL (Mex$000),Company Level,TEV,,18 Months ago,FY 2026,FY,2026,,2026-12-31,365568617.08,,,365568617.08,Mex$000,MXN,"filings/capitaliq/Estimates/Trends/SPGlobal_GrupoBimbo,S.A.B.deC.V._Trends_06-Oct-2026.xlsx",Trends,181
2026-10-06,trends,COMPANY LEVEL (Mex$000),Company Level,TEV,,18 Months ago,FY 2027,FY,2027,,2027-12-31,335498584.49,,,335498584.49,Mex$000,MXN,"filings/capitaliq/Estimates/Trends/SPGlobal_GrupoBimbo,S.A.B.deC.V._Trends_06-Oct-2026.xlsx",Trends,181
2026-10-06,trends,COMPANY LEVEL (Mex$000),Company Level,Depreciation & Amortization,,Current,FQ3 2026,FQ,2026,3,2026-09-30,6505000,,,6505000,Mex$000,MXN,"filings/capitaliq/Estimates/Trends/SPGlobal_GrupoBimbo,S.A.B.deC.V._Trends_06-Oct-2026.xlsx",Trends,183
2026-10-06,trends,COMPANY LEVEL (Mex$000),Company Level,Depreciation & Amortization,,Current,FQ4 2026,FQ,2026,4,2026-12-31,6638000,,,6638000,Mex$000,MXN,"filings/capitaliq/Estimates/Trends/SPGlobal_GrupoBimbo,S.A.B.deC.V._Trends_06-Oct-2026.xlsx",Trends,183
2026-10-06,trends,COMPANY LEVEL (Mex$000),Company Level,Depreciation & Amortization,,Current,FY 2026,FY,2026,,2026-12-31,22932666.67,,,22932666.67,Mex$000,MXN,"filings/capitaliq/Estimates/Trends/SPGlobal_GrupoBimbo,S.A.B.deC.V._Trends_06-Oct-2026.xlsx",Trends,183
2026-10-06,trends,COMPANY LEVEL (Mex$000),Company Level,Depreciation & Amortization,,Current,FY 2027,FY,2027,,2027-12-31,24272666.67,,,24272666.67,Mex$000,MXN,"filings/capitaliq/Estimates/Trends/SPGlobal_GrupoBimbo,S.A.B.deC.V._Trends_06-Oct-2026.xlsx",Trends,183
2026-10-06,trends,COMPANY LEVEL (Mex$000),Company Level,Depreciation & Amortization,,Current,FY 2028,FY,2028,,2028-12-31,24946666.67,,,24946666.67,Mex$000,MXN,"filings/capitaliq/Estimates/Trends/SPGlobal_GrupoBimbo,S.A.B.deC.V._Trends_06-Oct-2026.xlsx",Trends,183
2026-10-06,trends,COMPANY LEVEL (Mex$000),Company Level,Depreciation & Amortization,,Current,FY 2029,FY,2029,,2029-12-31,21926000,,,21926000,Mex$000,MXN,"filings/capitaliq/Estimates/Trends/SPGlobal_GrupoBimbo,S.A.B.deC.V._Trends_06-Oct-2026.xlsx",Trends,183
2026-10-06,trends,COMPANY LEVEL (Mex$000),Company Level,Depreciation & Amortization,,Current,FY 2030,FY,2030,,2030-12-31,22922000,,,22922000,Mex$000,MXN,"filings/capitaliq/Estimates/Trends/SPGlobal_GrupoBimbo,S.A.B.deC.V._Trends_06-Oct-2026.xlsx",Trends,183
2026-10-06,trends,COMPANY LEVEL (Mex$000),Company Level,Depreciation & Amortization,,Current,FY 2031,FY,2031,,2031-12-31,23964000,,,23964000,Mex$000,MXN,"filings/capitaliq/Estimates/Trends/SPGlobal_GrupoBimbo,S.A.B.deC.V._Trends_06-Oct-2026.xlsx",Trends,183
2026-10-06,trends,COMPANY LEVEL (Mex$000),Company Level,Depreciation & Amortization,,Current,FY 2032,FY,2032,,2032-12-31,25053000,,,25053000,Mex$000,MXN,"filings/capitaliq/Estimates/Trends/SPGlobal_GrupoBimbo,S.A.B.deC.V._Trends_06-Oct-2026.xlsx",Trends,183
2026-10-06,trends,COMPANY LEVEL (Mex$000),Company Level,Depreciation & Amortization,,Current,FY 2033,FY,2033,,2033-12-31,26192000,,,26192000,Mex$000,MXN,"filings/capitaliq/Estimates/Trends/SPGlobal_GrupoBimbo,S.A.B.deC.V._Trends_06-Oct-2026.xlsx",Trends,183
2026-10-06,trends,COMPANY LEVEL (Mex$000),Company Level,Depreciation & Amortization,,Current,FY 2034,FY,2034,,2034-12-31,27382000,,,27382000,Mex$000,MXN,"filings/capitaliq/Estimates/Trends/SPGlobal_GrupoBimbo,S.A.B.deC.V._Trends_06-Oct-2026.xlsx",Trends,183
2026-10-06,trends,COMPANY LEVEL (Mex$000),Company Level,Depreciation & Amortization,,Current,FY 2035,FY,2035,,2035-12-31,28627000,,,28627000,Mex$000,MXN,"filings/capitaliq/Estimates/Trends/SPGlobal_GrupoBimbo,S.A.B.deC.V._Trends_06-Oct-2026.xlsx",Trends,183
2026-10-06,trends,COMPANY LEVEL (Mex$000),Company Level,Depreciation & Amortization,,1 Month ago,FQ3 2026,FQ,2026,3,2026-09-30,6505000,,,6505000,Mex$000,MXN,"filings/capitaliq/Estimates/Trends/SPGlobal_GrupoBimbo,S.A.B.deC.V._Trends_06-Oct-2026.xlsx",Trends,184
2026-10-06,trends,COMPANY LEVEL (Mex$000),Company Level,Depreciation & Amortization,,1 Month ago,FQ4 2026,FQ,2026,4,2026-12-31,6638000,,,6638000,Mex$000,MXN,"filings/capitaliq/Estimates/Trends/SPGlobal_GrupoBimbo,S.A.B.deC.V._Trends_06-Oct-2026.xlsx",Trends,184
2026-10-06,trends,COMPANY LEVEL (Mex$000),Company Level,Depreciation & Amortization,,1 Month ago,FY 2026,FY,2026,,2026-12-31,22932666.67,,,22932666.67,Mex$000,MXN,"filings/capitaliq/Estimates/Trends/SPGlobal_GrupoBimbo,S.A.B.deC.V._Trends_06-Oct-2026.xlsx",Trends,184
2026-10-06,trends,COMPANY LEVEL (Mex$000),Company Level,Depreciation & Amortization,,1 Month ago,FY 2027,FY,2027,,2027-12-31,24272666.67,,,24272666.67,Mex$000,MXN,"filings/capitaliq/Estimates/Trends/SPGlobal_GrupoBimbo,S.A.B.deC.V._Trends_06-Oct-2026.xlsx",Trends,184
2026-10-06,trends,COMPANY LEVEL (Mex$000),Company Level,Depreciation & Amortization,,1 Month ago,FY 2028,FY,2028,,2028-12-31,24946666.67,,,24946666.67,Mex$000,MXN,"filings/capitaliq/Estimates/Trends/SPGlobal_GrupoBimbo,S.A.B.deC.V._Trends_06-Oct-2026.xlsx",Trends,184
2026-10-06,trends,COMPANY LEVEL (Mex$000),Company Level,Depreciation & Amortization,,1 Month ago,FY 2029,FY,2029,,2029-12-31,21926000,,,21926000,Mex$000,MXN,"filings/capitaliq/Estimates/Trends/SPGlobal_GrupoBimbo,S.A.B.deC.V._Trends_06-Oct-2026.xlsx",Trends,184
2026-10-06,trends,COMPANY LEVEL (Mex$000),Company Level,Depreciation & Amortization,,1 Month ago,FY 2030,FY,2030,,2030-12-31,22922000,,,22922000,Mex$000,MXN,"filings/capitaliq/Estimates/Trends/SPGlobal_GrupoBimbo,S.A.B.deC.V._Trends_06-Oct-2026.xlsx",Trends,184
2026-10-06,trends,COMPANY LEVEL (Mex$000),Company Level,Depreciation & Amortization,,1 Month ago,FY 2031,FY,2031,,2031-12-31,23964000,,,23964000,Mex$000,MXN,"filings/capitaliq/Estimates/Trends/SPGlobal_GrupoBimbo,S.A.B.deC.V._Trends_06-Oct-2026.xlsx",Trends,184
2026-10-06,trends,COMPANY LEVEL (Mex$000),Company Level,Depreciation & Amortization,,1 Month ago,FY 2032,FY,2032,,2032-12-31,25053000,,,25053000,Mex$000,MXN,"filings/capitaliq/Estimates/Trends/SPGlobal_GrupoBimbo,S.A.B.deC.V._Trends_06-Oct-2026.xlsx",Trends,184
2026-10-06,trends,COMPANY LEVEL (Mex$000),Company Level,Depreciation & Amortization,,1 Month ago,FY 2033,FY,2033,,2033-12-31,26192000,,,26192000,Mex$000,MXN,"filings/capitaliq/Estimates/Trends/SPGlobal_GrupoBimbo,S.A.B.deC.V._Trends_06-Oct-2026.xlsx",Trends,184
2026-10-06,trends,COMPANY LEVEL (Mex$000),Company Level,Depreciation & Amortization,,1 Month ago,FY 2034,FY,2034,,2034-12-31,27382000,,,27382000,Mex$000,MXN,"filings/capitaliq/Estimates/Trends/SPGlobal_GrupoBimbo,S.A.B.deC.V._Trends_06-Oct-2026.xlsx",Trends,184
2026-10-06,trends,COMPANY LEVEL (Mex$000),Company Level,Depreciation & Amortization,,1 Month ago,FY 2035,FY,2035,,2035-12-31,28627000,,,28627000,Mex$000,MXN,"filings/capitaliq/Estimates/Trends/SPGlobal_GrupoBimbo,S.A.B.deC.V._Trends_06-Oct-2026.xlsx",Trends,184
2026-10-06,trends,COMPANY LEVEL (Mex$000),Company Level,Depreciation & Amortization,,2 Months ago,FQ3 2026,FQ,2026,3,2026-09-30,6505000,,,6505000,Mex$000,MXN,"filings/capitaliq/Estimates/Trends/SPGlobal_GrupoBimbo,S.A.B.deC.V._Trends_06-Oct-2026.xlsx",Trends,185
2026-10-06,trends,COMPANY LEVEL (Mex$000),Company Level,Depreciation & Amortization,,2 Months ago,FQ4 2026,FQ,2026,4,2026-12-31,6638000,,,6638000,Mex$000,MXN,"filings/capitaliq/Estimates/Trends/SPGlobal_GrupoBimbo,S.A.B.deC.V._Trends_06-Oct-2026.xlsx",Trends,185
2026-10-06,trends,COMPANY LEVEL (Mex$000),Company Level,Depreciation & Amortization,,2 Months ago,FY 2026,FY,2026,,2026-12-31,22932666.67,,,22932666.67,Mex$000,MXN,"filings/capitaliq/Estimates/Trends/SPGlobal_GrupoBimbo,S.A.B.deC.V._Trends_06-Oct-2026.xlsx",Trends,185
2026-10-06,trends,COMPANY LEVEL (Mex$000),Company Level,Depreciation & Amortization,,2 Months ago,FY 2027,FY,2027,,2027-12-31,24272666.67,,,24272666.67,Mex$000,MXN,"filings/capitaliq/Estimates/Trends/SPGlobal_GrupoBimbo,S.A.B.deC.V._Trends_06-Oct-2026.xlsx",Trends,185
2026-10-06,trends,COMPANY LEVEL (Mex$000),Company Level,Depreciation & Amortization,,2 Months ago,FY 2028,FY,2028,,2028-12-31,24946666.67,,,24946666.67,Mex$000,MXN,"filings/capitaliq/Estimates/Trends/SPGlobal_GrupoBimbo,S.A.B.deC.V._Trends_06-Oct-2026.xlsx",Trends,185
2026-10-06,trends,COMPANY LEVEL (Mex$000),Company Level,Depreciation & Amortization,,2 Months ago,FY 2029,FY,2029,,2029-12-31,21926000,,,21926000,Mex$000,MXN,"filings/capitaliq/Estimates/Trends/SPGlobal_GrupoBimbo,S.A.B.deC.V._Trends_06-Oct-2026.xlsx",Trends,185
2026-10-06,trends,COMPANY LEVEL (Mex$000),Company Level,Depreciation & Amortization,,2 Months ago,FY 2030,FY,2030,,2030-12-31,22922000,,,22922000,Mex$000,MXN,"filings/capitaliq/Estimates/Trends/SPGlobal_GrupoBimbo,S.A.B.deC.V._Trends_06-Oct-2026.xlsx",Trends,185
2026-10-06,trends,COMPANY LEVEL (Mex$000),Company Level,Depreciation & Amortization,,2 Months ago,FY 2031,FY,2031,,2031-12-31,23964000,,,23964000,Mex$000,MXN,"filings/capitaliq/Estimates/Trends/SPGlobal_GrupoBimbo,S.A.B.deC.V._Trends_06-Oct-2026.xlsx",Trends,185
2026-10-06,trends,COMPANY LEVEL (Mex$000),Company Level,Depreciation & Amortization,,2 Months ago,FY 2032,FY,2032,,2032-12-31,25053000,,,25053000,Mex$000,MXN,"filings/capitaliq/Estimates/Trends/SPGlobal_GrupoBimbo,S.A.B.deC.V._Trends_06-Oct-2026.xlsx",Trends,185
2026-10-06,trends,COMPANY LEVEL (Mex$000),Company Level,Depreciation & Amortization,,2 Months ago,FY 2033,FY,2033,,2033-12-31,26192000,,,26192000,Mex$000,MXN,"filings/capitaliq/Estimates/Trends/SPGlobal_GrupoBimbo,S.A.B.deC.V._Trends_06-Oct-2026.xlsx",Trends,185
2026-10-06,trends,COMPANY LEVEL (Mex$000),Company Level,Depreciation & Amortization,,2 Months ago,FY 2034,FY,2034,,2034-12-31,27382000,,,27382000,Mex$000,MXN,"filings/capitaliq/Estimates/Trends/SPGlobal_GrupoBimbo,S.A.B.deC.V._Trends_06-Oct-2026.xlsx",Trends,185
2026-10-06,trends,COMPANY LEVEL (Mex$000),Company Level,Depreciation & Amortization,,2 Months ago,FY 2035,FY,2035,,2035-12-31,28627000,,,28627000,Mex$000,MXN,"filings/capitaliq/Estimates/Trends/SPGlobal_GrupoBimbo,S.A.B.deC.V._Trends_06-Oct-2026.xlsx",Trends,185
2026-10-06,trends,COMPANY LEVEL (Mex$000),Company Level,Depreciation & Amortization,,3 Months ago,FQ3 2026,FQ,2026,3,2026-09-30,6241000,,,6241000,Mex$000,MXN,"filings/capitaliq/Estimates/Trends/SPGlobal_GrupoBimbo,S.A.B.deC.V._Trends_06-Oct-2026.xlsx",Trends,186
2026-10-06,trends,COMPANY LEVEL (Mex$000),Company Level,Depreciation & Amortization,,3 Months ago,FQ4 2026,FQ,2026,4,2026-12-31,6649000,,,6649000,Mex$000,MXN,"filings/capitaliq/Estimates/Trends/SPGlobal_GrupoBimbo,S.A.B.deC.V._Trends_06-Oct-2026.xlsx",Trends,186
2026-10-06,trends,COMPANY LEVEL (Mex$000),Company Level,Depreciation & Amortization,,3 Months ago,FY 2026,FY,2026,,2026-12-31,22035500,,,22035500,Mex$000,MXN,"filings/capitaliq/Estimates/Trends/SPGlobal_GrupoBimbo,S.A.B.deC.V._Trends_06-Oct-2026.xlsx",Trends,186
2026-10-06,trends,COMPANY LEVEL (Mex$000),Company Level,Depreciation & Amortization,,3 Months ago,FY 2027,FY,2027,,2027-12-31,22761500,,,22761500,Mex$000,MXN,"filings/capitaliq/Estimates/Trends/SPGlobal_GrupoBimbo,S.A.B.deC.V._Trends_06-Oct-2026.xlsx",Trends,186
2026-10-06,trends,COMPANY LEVEL (Mex$000),Company Level,Depreciation & Amortization,,3 Months ago,FY 2028,FY,2028,,2028-12-31,23354000,,,23354000,Mex$000,MXN,"filings/capitaliq/Estimates/Trends/SPGlobal_GrupoBimbo,S.A.B.deC.V._Trends_06-Oct-2026.xlsx",Trends,186
2026-10-06,trends,COMPANY LEVEL (Mex$000),Company Level,Depreciation & Amortization,,3 Months ago,FY 2029,FY,2029,,2029-12-31,21926000,,,21926000,Mex$000,MXN,"filings/capitaliq/Estimates/Trends/SPGlobal_GrupoBimbo,S.A.B.deC.V._Trends_06-Oct-2026.xlsx",Trends,186
2026-10-06,trends,COMPANY LEVEL (Mex$000),Company Level,Depreciation & Amortization,,3 Months ago,FY 2030,FY,2030,,2030-12-31,22922000,,,22922000,Mex$000,MXN,"filings/capitaliq/Estimates/Trends/SPGlobal_GrupoBimbo,S.A.B.deC.V._Trends_06-Oct-2026.xlsx",Trends,186
2026-10-06,trends,COMPANY LEVEL (Mex$000),Company Level,Depreciation & Amortization,,3 Months ago,FY 2031,FY,2031,,2031-12-31,23964000,,,23964000,Mex$000,MXN,"filings/capitaliq/Estimates/Trends/SPGlobal_GrupoBimbo,S.A.B.deC.V._Trends_06-Oct-2026.xlsx",Trends,186
2026-10-06,trends,COMPANY LEVEL (Mex$000),Company Level,Depreciation & Amortization,,3 Months ago,FY 2032,FY,2032,,2032-12-31,25053000,,,25053000,Mex$000,MXN,"filings/capitaliq/Estimates/Trends/SPGlobal_GrupoBimbo,S.A.B.deC.V._Trends_06-Oct-2026.xlsx",Trends,186
2026-10-06,trends,COMPANY LEVEL (Mex$000),Company Level,Depreciation & Amortization,,3 Months ago,FY 2033,FY,2033,,2033-12-31,26192000,,,26192000,Mex$000,MXN,"filings/capitaliq/Estimates/Trends/SPGlobal_GrupoBimbo,S.A.B.deC.V._Trends_06-Oct-2026.xlsx",Trends,186
2026-10-06,trends,COMPANY LEVEL (Mex$000),Company Level,Depreciation & Amortization,,3 Months ago,FY 2034,FY,2034,,2034-12-31,27382000,,,27382000,Mex$000,MXN,"filings/capitaliq/Estimates/Trends/SPGlobal_GrupoBimbo,S.A.B.deC.V._Trends_06-Oct-2026.xlsx",Trends,186
2026-10-06,trends,COMPANY LEVEL (Mex$000),Company Level,Depreciation & Amortization,,3 Months ago,FY 2035,FY,2035,,2035-12-31,28627000,,,28627000,Mex$000,MXN,"filings/capitaliq/Estimates/Trends/SPGlobal_GrupoBimbo,S.A.B.deC.V._Trends_06-Oct-2026.xlsx",Trends,186
2026-10-06,trends,COMPANY LEVEL (Mex$000),Company Level,Depreciation & Amortization,,6 Months ago,FY 2026,FY,2026,,2026-12-31,23422500,,,23422500,Mex$000,MXN,"filings/capitaliq/Estimates/Trends/SPGlobal_GrupoBimbo,S.A.B.deC.V._Trends_06-Oct-2026.xlsx",Trends,187
2026-10-06,trends,COMPANY LEVEL (Mex$000),Company Level,Depreciation & Amortization,,6 Months ago,FY 2027,FY,2027,,2027-12-31,24059333.33,,,24059333.33,Mex$000,MXN,"filings/capitaliq/Estimates/Trends/SPGlobal_GrupoBimbo,S.A.B.deC.V._Trends_06-Oct-2026.xlsx",Trends,187
2026-10-06,trends,COMPANY LEVEL (Mex$000),Company Level,Depreciation & Amortization,,6 Months ago,FY 2028,FY,2028,,2028-12-31,21811000,,,21811000,Mex$000,MXN,"filings/capitaliq/Estimates/Trends/SPGlobal_GrupoBimbo,S.A.B.deC.V._Trends_06-Oct-2026.xlsx",Trends,187
2026-10-06,trends,COMPANY LEVEL (Mex$000),Company Level,Depreciation & Amortization,,6 Months ago,FY 2029,FY,2029,,2029-12-31,22873000,,,22873000,Mex$000,MXN,"filings/capitaliq/Estimates/Trends/SPGlobal_GrupoBimbo,S.A.B.deC.V._Trends_06-Oct-2026.xlsx",Trends,187
2026-10-06,trends,COMPANY LEVEL (Mex$000),Company Level,Depreciation & Amortization,,6 Months ago,FY 2030,FY,2030,,2030-12-31,23912000,,,23912000,Mex$000,MXN,"filings/capitaliq/Estimates/Trends/SPGlobal_GrupoBimbo,S.A.B.deC.V._Trends_06-Oct-2026.xlsx",Trends,187
2026-10-06,trends,COMPANY LEVEL (Mex$000),Company Level,Depreciation & Amortization,,6 Months ago,FY 2031,FY,2031,,2031-12-31,24999000,,,24999000,Mex$000,MXN,"filings/capitaliq/Estimates/Trends/SPGlobal_GrupoBimbo,S.A.B.deC.V._Trends_06-Oct-2026.xlsx",Trends,187
2026-10-06,trends,COMPANY LEVEL (Mex$000),Company Level,Depreciation & Amortization,,6 Months ago,FY 2032,FY,2032,,2032-12-31,26135000,,,26135000,Mex$000,MXN,"filings/capitaliq/Estimates/Trends/SPGlobal_GrupoBimbo,S.A.B.deC.V._Trends_06-Oct-2026.xlsx",Trends,187
2026-10-06,trends,COMPANY LEVEL (Mex$000),Company Level,Depreciation & Amortization,,6 Months ago,FY 2033,FY,2033,,2033-12-31,27323000,,,27323000,Mex$000,MXN,"filings/capitaliq/Estimates/Trends/SPGlobal_GrupoBimbo,S.A.B.deC.V._Trends_06-Oct-2026.xlsx",Trends,187
2026-10-06,trends,COMPANY LEVEL (Mex$000),Company Level,Depreciation & Amortization,,6 Months ago,FY 2034,FY,2034,,2034-12-31,28565000,,,28565000,Mex$000,MXN,"filings/capitaliq/Estimates/Trends/SPGlobal_GrupoBimbo,S.A.B.deC.V._Trends_06-Oct-2026.xlsx",Trends,187
2026-10-06,trends,COMPANY LEVEL (Mex$000),Company Level,Depreciation & Amortization,,6 Months ago,FY 2035,FY,2035,,2035-12-31,29863000,,,29863000,Mex$000,MXN,"filings/capitaliq/Estimates/Trends/SPGlobal_GrupoBimbo,S.A.B.deC.V._Trends_06-Oct-2026.xlsx",Trends,187
2026-10-06,trends,COMPANY LEVEL (Mex$000),Company Level,Depreciation & Amortization,,9 Months ago,FY 2026,FY,2026,,2026-12-31,24664666.67,,,24664666.67,Mex$000,MXN,"filings/capitaliq/Estimates/Trends/SPGlobal_GrupoBimbo,S.A.B.deC.V._Trends_06-Oct-2026.xlsx",Trends,188
2026-10-06,trends,COMPANY LEVEL (Mex$000),Company Level,Depreciation & Amortization,,9 Months ago,FY 2027,FY,2027,,2027-12-31,25688000,,,25688000,Mex$000,MXN,"filings/capitaliq/Estimates/Trends/SPGlobal_GrupoBimbo,S.A.B.deC.V._Trends_06-Oct-2026.xlsx",Trends,188
2026-10-06,trends,COMPANY LEVEL (Mex$000),Company Level,Depreciation & Amortization,,12 Months ago,FY 2026,FY,2026,,2026-12-31,24938000,,,24938000,Mex$000,MXN,"filings/capitaliq/Estimates/Trends/SPGlobal_GrupoBimbo,S.A.B.deC.V._Trends_06-Oct-2026.xlsx",Trends,189
2026-10-06,trends,COMPANY LEVEL (Mex$000),Company Level,Depreciation & Amortization,,12 Months ago,FY 2027,FY,2027,,2027-12-31,25417000,,,25417000,Mex$000,MXN,"filings/capitaliq/Estimates/Trends/SPGlobal_GrupoBimbo,S.A.B.deC.V._Trends_06-Oct-2026.xlsx",Trends,189
2026-10-06,trends,COMPANY LEVEL (Mex$000),Company Level,Depreciation & Amortization,,18 Months ago,FY 2026,FY,2026,,2026-12-31,22301000,,,22301000,Mex$000,MXN,"filings/capitaliq/Estimates/Trends/SPGlobal_GrupoBimbo,S.A.B.deC.V._Trends_06-Oct-2026.xlsx",Trends,190
2026-10-06,trends,COMPANY LEVEL (Mex$000),Company Level,Depreciation & Amortization,,18 Months ago,FY 2027,FY,2027,,2027-12-31,22286000,,,22286000,Mex$000,MXN,"filings/capitaliq/Estimates/Trends/SPGlobal_GrupoBimbo,S.A.B.deC.V._Trends_06-Oct-2026.xlsx",Trends,190
2026-10-06,trends,COMPANY LEVEL (Mex$000),Company Level,Depreciation & Amortization,,18 Months ago,FY 2028,FY,2028,,2028-12-31,20174000,,,20174000,Mex$000,MXN,"filings/capitaliq/Estimates/Trends/SPGlobal_GrupoBimbo,S.A.B.deC.V._Trends_06-Oct-2026.xlsx",Trends,190
2026-10-06,trends,COMPANY LEVEL (Mex$000),Company Level,Depreciation & Amortization,,18 Months ago,FY 2029,FY,2029,,2029-12-31,20981000,,,20981000,Mex$000,MXN,"filings/capitaliq/Estimates/Trends/SPGlobal_GrupoBimbo,S.A.B.deC.V._Trends_06-Oct-2026.xlsx",Trends,190
2026-10-06,trends,COMPANY LEVEL (Mex$000),Company Level,Depreciation & Amortization,,18 Months ago,FY 2030,FY,2030,,2030-12-31,21934000,,,21934000,Mex$000,MXN,"filings/capitaliq/Estimates/Trends/SPGlobal_GrupoBimbo,S.A.B.deC.V._Trends_06-Oct-2026.xlsx",Trends,190
2026-10-06,trends,COMPANY LEVEL (Mex$000),Company Level,Depreciation & Amortization,,18 Months ago,FY 2031,FY,2031,,2031-12-31,22931000,,,22931000,Mex$000,MXN,"filings/capitaliq/Estimates/Trends/SPGlobal_GrupoBimbo,S.A.B.deC.V._Trends_06-Oct-2026.xlsx",Trends,190
2026-10-06,trends,COMPANY LEVEL (Mex$000),Company Level,Depreciation & Amortization,,18 Months ago,FY 2032,FY,2032,,2032-12-31,23973000,,,23973000,Mex$000,MXN,"filings/capitaliq/Estimates/Trends/SPGlobal_GrupoBimbo,S.A.B.deC.V._Trends_06-Oct-2026.xlsx",Trends,190
2026-10-06,trends,COMPANY LEVEL (Mex$000),Company Level,Depreciation & Amortization,,18 Months ago,FY 2033,FY,2033,,2033-12-31,25063000,,,25063000,Mex$000,MXN,"filings/capitaliq/Estimates/Trends/SPGlobal_GrupoBimbo,S.A.B.deC.V._Trends_06-Oct-2026.xlsx",Trends,190
2026-10-06,trends,COMPANY LEVEL (Mex$000),Company Level,Cash From Operations,,Current,FY 2026,FY,2026,,2026-12-31,35594500,,,35594500,Mex$000,MXN,"filings/capitaliq/Estimates/Trends/SPGlobal_GrupoBimbo,S.A.B.deC.V._Trends_06-Oct-2026.xlsx",Trends,192
2026-10-06,trends,COMPANY LEVEL (Mex$000),Company Level,Cash From Operations,,Current,FY 2027,FY,2027,,2027-12-31,38165000,,,38165000,Mex$000,MXN,"filings/capitaliq/Estimates/Trends/SPGlobal_GrupoBimbo,S.A.B.deC.V._Trends_06-Oct-2026.xlsx",Trends,192
2026-10-06,trends,COMPANY LEVEL (Mex$000),Company Level,Cash From Operations,,Current,FY 2028,FY,2028,,2028-12-31,43566000,,,43566000,Mex$000,MXN,"filings/capitaliq/Estimates/Trends/SPGlobal_GrupoBimbo,S.A.B.deC.V._Trends_06-Oct-2026.xlsx",Trends,192
2026-10-06,trends,COMPANY LEVEL (Mex$000),Company Level,Cash From Operations,,1 Month ago,FY 2026,FY,2026,,2026-12-31,35594500,,,35594500,Mex$000,MXN,"filings/capitaliq/Estimates/Trends/SPGlobal_GrupoBimbo,S.A.B.deC.V._Trends_06-Oct-2026.xlsx",Trends,193
2026-10-06,trends,COMPANY LEVEL (Mex$000),Company Level,Cash From Operations,,1 Month ago,FY 2027,FY,2027,,2027-12-31,38165000,,,38165000,Mex$000,MXN,"filings/capitaliq/Estimates/Trends/SPGlobal_GrupoBimbo,S.A.B.deC.V._Trends_06-Oct-2026.xlsx",Trends,193
2026-10-06,trends,COMPANY LEVEL (Mex$000),Company Level,Cash From Operations,,1 Month ago,FY 2028,FY,2028,,2028-12-31,43566000,,,43566000,Mex$000,MXN,"filings/capitaliq/Estimates/Trends/SPGlobal_GrupoBimbo,S.A.B.deC.V._Trends_06-Oct-2026.xlsx",Trends,193
2026-10-06,trends,COMPANY LEVEL (Mex$000),Company Level,Cash From Operations,,2 Months ago,FY 2026,FY,2026,,2026-12-31,35594500,,,35594500,Mex$000,MXN,"filings/capitaliq/Estimates/Trends/SPGlobal_GrupoBimbo,S.A.B.deC.V._Trends_06-Oct-2026.xlsx",Trends,194
2026-10-06,trends,COMPANY LEVEL (Mex$000),Company Level,Cash From Operations,,2 Months ago,FY 2027,FY,2027,,2027-12-31,38165000,,,38165000,Mex$000,MXN,"filings/capitaliq/Estimates/Trends/SPGlobal_GrupoBimbo,S.A.B.deC.V._Trends_06-Oct-2026.xlsx",Trends,194
2026-10-06,trends,COMPANY LEVEL (Mex$000),Company Level,Cash From Operations,,2 Months ago,FY 2028,FY,2028,,2028-12-31,43566000,,,43566000,Mex$000,MXN,"filings/capitaliq/Estimates/Trends/SPGlobal_GrupoBimbo,S.A.B.deC.V._Trends_06-Oct-2026.xlsx",Trends,194
2026-10-06,trends,COMPANY LEVEL (Mex$000),Company Level,Cash From Operations,,3 Months ago,FY 2026,FY,2026,,2026-12-31,36961000,,,36961000,Mex$000,MXN,"filings/capitaliq/Estimates/Trends/SPGlobal_GrupoBimbo,S.A.B.deC.V._Trends_06-Oct-2026.xlsx",Trends,195
2026-10-06,trends,COMPANY LEVEL (Mex$000),Company Level,Cash From Operations,,3 Months ago,FY 2027,FY,2027,,2027-12-31,39525000,,,39525000,Mex$000,MXN,"filings/capitaliq/Estimates/Trends/SPGlobal_GrupoBimbo,S.A.B.deC.V._Trends_06-Oct-2026.xlsx",Trends,195
2026-10-06,trends,COMPANY LEVEL (Mex$000),Company Level,Cash From Operations,,3 Months ago,FY 2028,FY,2028,,2028-12-31,41740000,,,41740000,Mex$000,MXN,"filings/capitaliq/Estimates/Trends/SPGlobal_GrupoBimbo,S.A.B.deC.V._Trends_06-Oct-2026.xlsx",Trends,195
2026-10-06,trends,COMPANY LEVEL (Mex$000),Company Level,Cash From Operations,,6 Months ago,FY 2026,FY,2026,,2026-12-31,40978000,,,40978000,Mex$000,MXN,"filings/capitaliq/Estimates/Trends/SPGlobal_GrupoBimbo,S.A.B.deC.V._Trends_06-Oct-2026.xlsx",Trends,196
2026-10-06,trends,COMPANY LEVEL (Mex$000),Company Level,Cash From Operations,,6 Months ago,FY 2027,FY,2027,,2027-12-31,44061500,,,44061500,Mex$000,MXN,"filings/capitaliq/Estimates/Trends/SPGlobal_GrupoBimbo,S.A.B.deC.V._Trends_06-Oct-2026.xlsx",Trends,196
2026-10-06,trends,COMPANY LEVEL (Mex$000),Company Level,Cash From Operations,,9 Months ago,FY 2026,FY,2026,,2026-12-31,40978000,,,40978000,Mex$000,MXN,"filings/capitaliq/Estimates/Trends/SPGlobal_GrupoBimbo,S.A.B.deC.V._Trends_06-Oct-2026.xlsx",Trends,197
2026-10-06,trends,COMPANY LEVEL (Mex$000),Company Level,Cash From Operations,,9 Months ago,FY 2027,FY,2027,,2027-12-31,44061500,,,44061500,Mex$000,MXN,"filings/capitaliq/Estimates/Trends/SPGlobal_GrupoBimbo,S.A.B.deC.V._Trends_06-Oct-2026.xlsx",Trends,197
2026-10-06,trends,COMPANY LEVEL (Mex$000),Company Level,Cash From Operations,,12 Months ago,FY 2026,FY,2026,,2026-12-31,41524000,,,41524000,Mex$000,MXN,"filings/capitaliq/Estimates/Trends/SPGlobal_GrupoBimbo,S.A.B.deC.V._Trends_06-Oct-2026.xlsx",Trends,198
2026-10-06,trends,COMPANY LEVEL (Mex$000),Company Level,Cash From Operations,,12 Months ago,FY 2027,FY,2027,,2027-12-31,44450000,,,44450000,Mex$000,MXN,"filings/capitaliq/Estimates/Trends/SPGlobal_GrupoBimbo,S.A.B.deC.V._Trends_06-Oct-2026.xlsx",Trends,198
2026-10-06,trends,COMPANY LEVEL (Mex$000),Company Level,Cash From Operations,,18 Months ago,FY 2026,FY,2026,,2026-12-31,42363000,,,42363000,Mex$000,MXN,"filings/capitaliq/Estimates/Trends/SPGlobal_GrupoBimbo,S.A.B.deC.V._Trends_06-Oct-2026.xlsx",Trends,199
2026-10-06,trends,COMPANY LEVEL (Mex$000),Company Level,Cash From Operations,,18 Months ago,FY 2027,FY,2027,,2027-12-31,45674000,,,45674000,Mex$000,MXN,"filings/capitaliq/Estimates/Trends/SPGlobal_GrupoBimbo,S.A.B.deC.V._Trends_06-Oct-2026.xlsx",Trends,199
2026-10-06,trends,COMPANY LEVEL (Mex$000),Company Level,Free Cash Flow,,Current,FY 2026,FY,2026,,2026-12-31,18993333.33,,,18993333.33,Mex$000,MXN,"filings/capitaliq/Estimates/Trends/SPGlobal_GrupoBimbo,S.A.B.deC.V._Trends_06-Oct-2026.xlsx",Trends,201
2026-10-06,trends,COMPANY LEVEL (Mex$000),Company Level,Free Cash Flow,,Current,FY 2027,FY,2027,,2027-12-31,21819333.33,,,21819333.33,Mex$000,MXN,"filings/capitaliq/Estimates/Trends/SPGlobal_GrupoBimbo,S.A.B.deC.V._Trends_06-Oct-2026.xlsx",Trends,201
2026-10-06,trends,COMPANY LEVEL (Mex$000),Company Level,Free Cash Flow,,Current,FY 2028,FY,2028,,2028-12-31,26515000,,,26515000,Mex$000,MXN,"filings/capitaliq/Estimates/Trends/SPGlobal_GrupoBimbo,S.A.B.deC.V._Trends_06-Oct-2026.xlsx",Trends,201
2026-10-06,trends,COMPANY LEVEL (Mex$000),Company Level,Free Cash Flow,,Current,FY 2029,FY,2029,,2029-12-31,29812000,,,29812000,Mex$000,MXN,"filings/capitaliq/Estimates/Trends/SPGlobal_GrupoBimbo,S.A.B.deC.V._Trends_06-Oct-2026.xlsx",Trends,201
2026-10-06,trends,COMPANY LEVEL (Mex$000),Company Level,Free Cash Flow,,Current,FY 2030,FY,2030,,2030-12-31,29675000,,,29675000,Mex$000,MXN,"filings/capitaliq/Estimates/Trends/SPGlobal_GrupoBimbo,S.A.B.deC.V._Trends_06-Oct-2026.xlsx",Trends,201
2026-10-06,trends,COMPANY LEVEL (Mex$000),Company Level,Free Cash Flow,,Current,FY 2031,FY,2031,,2031-12-31,30308000,,,30308000,Mex$000,MXN,"filings/capitaliq/Estimates/Trends/SPGlobal_GrupoBimbo,S.A.B.deC.V._Trends_06-Oct-2026.xlsx",Trends,201
2026-10-06,trends,COMPANY LEVEL (Mex$000),Company Level,Free Cash Flow,,Current,FY 2032,FY,2032,,2032-12-31,30970000,,,30970000,Mex$000,MXN,"filings/capitaliq/Estimates/Trends/SPGlobal_GrupoBimbo,S.A.B.deC.V._Trends_06-Oct-2026.xlsx",Trends,201
2026-10-06,trends,COMPANY LEVEL (Mex$000),Company Level,Free Cash Flow,,Current,FY 2033,FY,2033,,2033-12-31,32282000,,,32282000,Mex$000,MXN,"filings/capitaliq/Estimates/Trends/SPGlobal_GrupoBimbo,S.A.B.deC.V._Trends_06-Oct-2026.xlsx",Trends,201
2026-10-06,trends,COMPANY LEVEL (Mex$000),Company Level,Free Cash Flow,,Current,FY 2034,FY,2034,,2034-12-31,33401000,,,33401000,Mex$000,MXN,"filings/capitaliq/Estimates/Trends/SPGlobal_GrupoBimbo,S.A.B.deC.V._Trends_06-Oct-2026.xlsx",Trends,201
2026-10-06,trends,COMPANY LEVEL (Mex$000),Company Level,Free Cash Flow,,Current,FY 2035,FY,2035,,2035-12-31,31149000,,,31149000,Mex$000,MXN,"filings/capitaliq/Estimates/Trends/SPGlobal_GrupoBimbo,S.A.B.deC.V._Trends_06-Oct-2026.xlsx",Trends,201
2026-10-06,trends,COMPANY LEVEL (Mex$000),Company Level,Free Cash Flow,,1 Month ago,FY 2026,FY,2026,,2026-12-31,18993333.33,,,18993333.33,Mex$000,MXN,"filings/capitaliq/Estimates/Trends/SPGlobal_GrupoBimbo,S.A.B.deC.V._Trends_06-Oct-2026.xlsx",Trends,202
2026-10-06,trends,COMPANY LEVEL (Mex$000),Company Level,Free Cash Flow,,1 Month ago,FY 2027,FY,2027,,2027-12-31,21819333.33,,,21819333.33,Mex$000,MXN,"filings/capitaliq/Estimates/Trends/SPGlobal_GrupoBimbo,S.A.B.deC.V._Trends_06-Oct-2026.xlsx",Trends,202
2026-10-06,trends,COMPANY LEVEL (Mex$000),Company Level,Free Cash Flow,,1 Month ago,FY 2028,FY,2028,,2028-12-31,26515000,,,26515000,Mex$000,MXN,"filings/capitaliq/Estimates/Trends/SPGlobal_GrupoBimbo,S.A.B.deC.V._Trends_06-Oct-2026.xlsx",Trends,202
2026-10-06,trends,COMPANY LEVEL (Mex$000),Company Level,Free Cash Flow,,1 Month ago,FY 2029,FY,2029,,2029-12-31,29812000,,,29812000,Mex$000,MXN,"filings/capitaliq/Estimates/Trends/SPGlobal_GrupoBimbo,S.A.B.deC.V._Trends_06-Oct-2026.xlsx",Trends,202
2026-10-06,trends,COMPANY LEVEL (Mex$000),Company Level,Free Cash Flow,,1 Month ago,FY 2030,FY,2030,,2030-12-31,29675000,,,29675000,Mex$000,MXN,"filings/capitaliq/Estimates/Trends/SPGlobal_GrupoBimbo,S.A.B.deC.V._Trends_06-Oct-2026.xlsx",Trends,202
2026-10-06,trends,COMPANY LEVEL (Mex$000),Company Level,Free Cash Flow,,1 Month ago,FY 2031,FY,2031,,2031-12-31,30308000,,,30308000,Mex$000,MXN,"filings/capitaliq/Estimates/Trends/SPGlobal_GrupoBimbo,S.A.B.deC.V._Trends_06-Oct-2026.xlsx",Trends,202
2026-10-06,trends,COMPANY LEVEL (Mex$000),Company Level,Free Cash Flow,,1 Month ago,FY 2032,FY,2032,,2032-12-31,30970000,,,30970000,Mex$000,MXN,"filings/capitaliq/Estimates/Trends/SPGlobal_GrupoBimbo,S.A.B.deC.V._Trends_06-Oct-2026.xlsx",Trends,202
2026-10-06,trends,COMPANY LEVEL (Mex$000),Company Level,Free Cash Flow,,1 Month ago,FY 2033,FY,2033,,2033-12-31,32282000,,,32282000,Mex$000,MXN,"filings/capitaliq/Estimates/Trends/SPGlobal_GrupoBimbo,S.A.B.deC.V._Trends_06-Oct-2026.xlsx",Trends,202
2026-10-06,trends,COMPANY LEVEL (Mex$000),Company Level,Free Cash Flow,,1 Month ago,FY 2034,FY,2034,,2034-12-31,33401000,,,33401000,Mex$000,MXN,"filings/capitaliq/Estimates/Trends/SPGlobal_GrupoBimbo,S.A.B.deC.V._Trends_06-Oct-2026.xlsx",Trends,202
2026-10-06,trends,COMPANY LEVEL (Mex$000),Company Level,Free Cash Flow,,1 Month ago,FY 2035,FY,2035,,2035-12-31,31149000,,,31149000,Mex$000,MXN,"filings/capitaliq/Estimates/Trends/SPGlobal_GrupoBimbo,S.A.B.deC.V._Trends_06-Oct-2026.xlsx",Trends,202
2026-10-06,trends,COMPANY LEVEL (Mex$000),Company Level,Free Cash Flow,,2 Months ago,FY 2026,FY,2026,,2026-12-31,18993333.33,,,18993333.33,Mex$000,MXN,"filings/capitaliq/Estimates/Trends/SPGlobal_GrupoBimbo,S.A.B.deC.V._Trends_06-Oct-2026.xlsx",Trends,203
2026-10-06,trends,COMPANY LEVEL (Mex$000),Company Level,Free Cash Flow,,2 Months ago,FY 2027,FY,2027,,2027-12-31,21819333.33,,,21819333.33,Mex$000,MXN,"filings/capitaliq/Estimates/Trends/SPGlobal_GrupoBimbo,S.A.B.deC.V._Trends_06-Oct-2026.xlsx",Trends,203
2026-10-06,trends,COMPANY LEVEL (Mex$000),Company Level,Free Cash Flow,,2 Months ago,FY 2028,FY,2028,,2028-12-31,26515000,,,26515000,Mex$000,MXN,"filings/capitaliq/Estimates/Trends/SPGlobal_GrupoBimbo,S.A.B.deC.V._Trends_06-Oct-2026.xlsx",Trends,203
2026-10-06,trends,COMPANY LEVEL (Mex$000),Company Level,Free Cash Flow,,2 Months ago,FY 2029,FY,2029,,2029-12-31,29812000,,,29812000,Mex$000,MXN,"filings/capitaliq/Estimates/Trends/SPGlobal_GrupoBimbo,S.A.B.deC.V._Trends_06-Oct-2026.xlsx",Trends,203
2026-10-06,trends,COMPANY LEVEL (Mex$000),Company Level,Free Cash Flow,,2 Months ago,FY 2030,FY,2030,,2030-12-31,29675000,,,29675000,Mex$000,MXN,"filings/capitaliq/Estimates/Trends/SPGlobal_GrupoBimbo,S.A.B.deC.V._Trends_06-Oct-2026.xlsx",Trends,203
2026-10-06,trends,COMPANY LEVEL (Mex$000),Company Level,Free Cash Flow,,2 Months ago,FY 2031,FY,2031,,2031-12-31,30308000,,,30308000,Mex$000,MXN,"filings/capitaliq/Estimates/Trends/SPGlobal_GrupoBimbo,S.A.B.deC.V._Trends_06-Oct-2026.xlsx",Trends,203
2026-10-06,trends,COMPANY LEVEL (Mex$000),Company Level,Free Cash Flow,,2 Months ago,FY 2032,FY,2032,,2032-12-31,30970000,,,30970000,Mex$000,MXN,"filings/capitaliq/Estimates/Trends/SPGlobal_GrupoBimbo,S.A.B.deC.V._Trends_06-Oct-2026.xlsx",Trends,203
2026-10-06,trends,COMPANY LEVEL (Mex$000),Company Level,Free Cash Flow,,2 Months ago,FY 2033,FY,2033,,2033-12-31,32282000,,,32282000,Mex$000,MXN,"filings/capitaliq/Estimates/Trends/SPGlobal_GrupoBimbo,S.A.B.deC.V._Trends_06-Oct-2026.xlsx",Trends,203
2026-10-06,trends,COMPANY LEVEL (Mex$000),Company Level,Free Cash Flow,,2 Months ago,FY 2034,FY,2034,,2034-12-31,33401000,,,33401000,Mex$000,MXN,"filings/capitaliq/Estimates/Trends/SPGlobal_GrupoBimbo,S.A.B.deC.V._Trends_06-Oct-2026.xlsx",Trends,203
2026-10-06,trends,COMPANY LEVEL (Mex$000),Company Level,Free Cash Flow,,2 Months ago,FY 2035,FY,2035,,2035-12-31,31149000,,,31149000,Mex$000,MXN,"filings/capitaliq/Estimates/Trends/SPGlobal_GrupoBimbo,S.A.B.deC.V._Trends_06-Oct-2026.xlsx",Trends,203
2026-10-06,trends,COMPANY LEVEL (Mex$000),Company Level,Free Cash Flow,,3 Months ago,FY 2026,FY,2026,,2026-12-31,20442666.67,,,20442666.67,Mex$000,MXN,"filings/capitaliq/Estimates/Trends/SPGlobal_GrupoBimbo,S.A.B.deC.V._Trends_06-Oct-2026.xlsx",Trends,204
2026-10-06,trends,COMPANY LEVEL (Mex$000),Company Level,Free Cash Flow,,3 Months ago,FY 2027,FY,2027,,2027-12-31,22193666.67,,,22193666.67,Mex$000,MXN,"filings/capitaliq/Estimates/Trends/SPGlobal_GrupoBimbo,S.A.B.deC.V._Trends_06-Oct-2026.xlsx",Trends,204
2026-10-06,trends,COMPANY LEVEL (Mex$000),Company Level,Free Cash Flow,,3 Months ago,FY 2028,FY,2028,,2028-12-31,25992000,,,25992000,Mex$000,MXN,"filings/capitaliq/Estimates/Trends/SPGlobal_GrupoBimbo,S.A.B.deC.V._Trends_06-Oct-2026.xlsx",Trends,204
2026-10-06,trends,COMPANY LEVEL (Mex$000),Company Level,Free Cash Flow,,3 Months ago,FY 2029,FY,2029,,2029-12-31,29812000,,,29812000,Mex$000,MXN,"filings/capitaliq/Estimates/Trends/SPGlobal_GrupoBimbo,S.A.B.deC.V._Trends_06-Oct-2026.xlsx",Trends,204
2026-10-06,trends,COMPANY LEVEL (Mex$000),Company Level,Free Cash Flow,,3 Months ago,FY 2030,FY,2030,,2030-12-31,29675000,,,29675000,Mex$000,MXN,"filings/capitaliq/Estimates/Trends/SPGlobal_GrupoBimbo,S.A.B.deC.V._Trends_06-Oct-2026.xlsx",Trends,204
2026-10-06,trends,COMPANY LEVEL (Mex$000),Company Level,Free Cash Flow,,3 Months ago,FY 2031,FY,2031,,2031-12-31,30308000,,,30308000,Mex$000,MXN,"filings/capitaliq/Estimates/Trends/SPGlobal_GrupoBimbo,S.A.B.deC.V._Trends_06-Oct-2026.xlsx",Trends,204
2026-10-06,trends,COMPANY LEVEL (Mex$000),Company Level,Free Cash Flow,,3 Months ago,FY 2032,FY,2032,,2032-12-31,30970000,,,30970000,Mex$000,MXN,"filings/capitaliq/Estimates/Trends/SPGlobal_GrupoBimbo,S.A.B.deC.V._Trends_06-Oct-2026.xlsx",Trends,204
2026-10-06,trends,COMPANY LEVEL (Mex$000),Company Level,Free Cash Flow,,3 Months ago,FY 2033,FY,2033,,2033-12-31,32282000,,,32282000,Mex$000,MXN,"filings/capitaliq/Estimates/Trends/SPGlobal_GrupoBimbo,S.A.B.deC.V._Trends_06-Oct-2026.xlsx",Trends,204
2026-10-06,trends,COMPANY LEVEL (Mex$000),Company Level,Free Cash Flow,,3 Months ago,FY 2034,FY,2034,,2034-12-31,33401000,,,33401000,Mex$000,MXN,"filings/capitaliq/Estimates/Trends/SPGlobal_GrupoBimbo,S.A.B.deC.V._Trends_06-Oct-2026.xlsx",Trends,204
2026-10-06,trends,COMPANY LEVEL (Mex$000),Company Level,Free Cash Flow,,3 Months ago,FY 2035,FY,2035,,2035-12-31,31149000,,,31149000,Mex$000,MXN,"filings/capitaliq/Estimates/Trends/SPGlobal_GrupoBimbo,S.A.B.deC.V._Trends_06-Oct-2026.xlsx",Trends,204
2026-10-06,trends,COMPANY LEVEL (Mex$000),Company Level,Free Cash Flow,,6 Months ago,FY 2026,FY,2026,,2026-12-31,17594000,,,17594000,Mex$000,MXN,"filings/capitaliq/Estimates/Trends/SPGlobal_GrupoBimbo,S.A.B.deC.V._Trends_06-Oct-2026.xlsx",Trends,205
2026-10-06,trends,COMPANY LEVEL (Mex$000),Company Level,Free Cash Flow,,6 Months ago,FY 2027,FY,2027,,2027-12-31,22877500,,,22877500,Mex$000,MXN,"filings/capitaliq/Estimates/Trends/SPGlobal_GrupoBimbo,S.A.B.deC.V._Trends_06-Oct-2026.xlsx",Trends,205
2026-10-06,trends,COMPANY LEVEL (Mex$000),Company Level,Free Cash Flow,,6 Months ago,FY 2028,FY,2028,,2028-12-31,28061500,,,28061500,Mex$000,MXN,"filings/capitaliq/Estimates/Trends/SPGlobal_GrupoBimbo,S.A.B.deC.V._Trends_06-Oct-2026.xlsx",Trends,205
2026-10-06,trends,COMPANY LEVEL (Mex$000),Company Level,Free Cash Flow,,6 Months ago,FY 2029,FY,2029,,2029-12-31,30356000,,,30356000,Mex$000,MXN,"filings/capitaliq/Estimates/Trends/SPGlobal_GrupoBimbo,S.A.B.deC.V._Trends_06-Oct-2026.xlsx",Trends,205
2026-10-06,trends,COMPANY LEVEL (Mex$000),Company Level,Free Cash Flow,,6 Months ago,FY 2030,FY,2030,,2030-12-31,30024000,,,30024000,Mex$000,MXN,"filings/capitaliq/Estimates/Trends/SPGlobal_GrupoBimbo,S.A.B.deC.V._Trends_06-Oct-2026.xlsx",Trends,205
2026-10-06,trends,COMPANY LEVEL (Mex$000),Company Level,Free Cash Flow,,6 Months ago,FY 2031,FY,2031,,2031-12-31,30571000,,,30571000,Mex$000,MXN,"filings/capitaliq/Estimates/Trends/SPGlobal_GrupoBimbo,S.A.B.deC.V._Trends_06-Oct-2026.xlsx",Trends,205
2026-10-06,trends,COMPANY LEVEL (Mex$000),Company Level,Free Cash Flow,,6 Months ago,FY 2032,FY,2032,,2032-12-31,31623000,,,31623000,Mex$000,MXN,"filings/capitaliq/Estimates/Trends/SPGlobal_GrupoBimbo,S.A.B.deC.V._Trends_06-Oct-2026.xlsx",Trends,205
2026-10-06,trends,COMPANY LEVEL (Mex$000),Company Level,Free Cash Flow,,6 Months ago,FY 2033,FY,2033,,2033-12-31,32541000,,,32541000,Mex$000,MXN,"filings/capitaliq/Estimates/Trends/SPGlobal_GrupoBimbo,S.A.B.deC.V._Trends_06-Oct-2026.xlsx",Trends,205
2026-10-06,trends,COMPANY LEVEL (Mex$000),Company Level,Free Cash Flow,,6 Months ago,FY 2034,FY,2034,,2034-12-31,33660000,,,33660000,Mex$000,MXN,"filings/capitaliq/Estimates/Trends/SPGlobal_GrupoBimbo,S.A.B.deC.V._Trends_06-Oct-2026.xlsx",Trends,205
2026-10-06,trends,COMPANY LEVEL (Mex$000),Company Level,Free Cash Flow,,6 Months ago,FY 2035,FY,2035,,2035-12-31,32276000,,,32276000,Mex$000,MXN,"filings/capitaliq/Estimates/Trends/SPGlobal_GrupoBimbo,S.A.B.deC.V._Trends_06-Oct-2026.xlsx",Trends,205
2026-10-06,trends,COMPANY LEVEL (Mex$000),Company Level,Free Cash Flow,,9 Months ago,FY 2026,FY,2026,,2026-12-31,16680333.33,,,16680333.33,Mex$000,MXN,"filings/capitaliq/Estimates/Trends/SPGlobal_GrupoBimbo,S.A.B.deC.V._Trends_06-Oct-2026.xlsx",Trends,206
2026-10-06,trends,COMPANY LEVEL (Mex$000),Company Level,Free Cash Flow,,9 Months ago,FY 2027,FY,2027,,2027-12-31,22507333.33,,,22507333.33,Mex$000,MXN,"filings/capitaliq/Estimates/Trends/SPGlobal_GrupoBimbo,S.A.B.deC.V._Trends_06-Oct-2026.xlsx",Trends,206
2026-10-06,trends,COMPANY LEVEL (Mex$000),Company Level,Free Cash Flow,,12 Months ago,FY 2026,FY,2026,,2026-12-31,21720000,,,21720000,Mex$000,MXN,"filings/capitaliq/Estimates/Trends/SPGlobal_GrupoBimbo,S.A.B.deC.V._Trends_06-Oct-2026.xlsx",Trends,207
2026-10-06,trends,COMPANY LEVEL (Mex$000),Company Level,Free Cash Flow,,12 Months ago,FY 2027,FY,2027,,2027-12-31,24950000,,,24950000,Mex$000,MXN,"filings/capitaliq/Estimates/Trends/SPGlobal_GrupoBimbo,S.A.B.deC.V._Trends_06-Oct-2026.xlsx",Trends,207
2026-10-06,trends,COMPANY LEVEL (Mex$000),Company Level,Free Cash Flow,,12 Months ago,FY 2028,FY,2028,,2028-12-31,23851000,,,23851000,Mex$000,MXN,"filings/capitaliq/Estimates/Trends/SPGlobal_GrupoBimbo,S.A.B.deC.V._Trends_06-Oct-2026.xlsx",Trends,207
2026-10-06,trends,COMPANY LEVEL (Mex$000),Company Level,Free Cash Flow,,12 Months ago,FY 2029,FY,2029,,2029-12-31,27863000,,,27863000,Mex$000,MXN,"filings/capitaliq/Estimates/Trends/SPGlobal_GrupoBimbo,S.A.B.deC.V._Trends_06-Oct-2026.xlsx",Trends,207
2026-10-06,trends,COMPANY LEVEL (Mex$000),Company Level,Free Cash Flow,,18 Months ago,FY 2026,FY,2026,,2026-12-31,23230666.67,,,23230666.67,Mex$000,MXN,"filings/capitaliq/Estimates/Trends/SPGlobal_GrupoBimbo,S.A.B.deC.V._Trends_06-Oct-2026.xlsx",Trends,208
2026-10-06,trends,COMPANY LEVEL (Mex$000),Company Level,Free Cash Flow,,18 Months ago,FY 2027,FY,2027,,2027-12-31,27870000,,,27870000,Mex$000,MXN,"filings/capitaliq/Estimates/Trends/SPGlobal_GrupoBimbo,S.A.B.deC.V._Trends_06-Oct-2026.xlsx",Trends,208
2026-10-06,trends,COMPANY LEVEL (Mex$000),Company Level,Free Cash Flow,,18 Months ago,FY 2028,FY,2028,,2028-12-31,20845000,,,20845000,Mex$000,MXN,"filings/capitaliq/Estimates/Trends/SPGlobal_GrupoBimbo,S.A.B.deC.V._Trends_06-Oct-2026.xlsx",Trends,208
2026-10-06,trends,COMPANY LEVEL (Mex$000),Company Level,Free Cash Flow,,18 Months ago,FY 2029,FY,2029,,2029-12-31,20744000,,,20744000,Mex$000,MXN,"filings/capitaliq/Estimates/Trends/SPGlobal_GrupoBimbo,S.A.B.deC.V._Trends_06-Oct-2026.xlsx",Trends,208
2026-10-06,trends,COMPANY LEVEL (Mex$000),Company Level,Free Cash Flow,,18 Months ago,FY 2030,FY,2030,,2030-12-31,21590000,,,21590000,Mex$000,MXN,"filings/capitaliq/Estimates/Trends/SPGlobal_GrupoBimbo,S.A.B.deC.V._Trends_06-Oct-2026.xlsx",Trends,208
2026-10-06,trends,COMPANY LEVEL (Mex$000),Company Level,Free Cash Flow,,18 Months ago,FY 2031,FY,2031,,2031-12-31,22631000,,,22631000,Mex$000,MXN,"filings/capitaliq/Estimates/Trends/SPGlobal_GrupoBimbo,S.A.B.deC.V._Trends_06-Oct-2026.xlsx",Trends,208
2026-10-06,trends,COMPANY LEVEL (Mex$000),Company Level,Free Cash Flow,,18 Months ago,FY 2032,FY,2032,,2032-12-31,23569000,,,23569000,Mex$000,MXN,"filings/capitaliq/Estimates/Trends/SPGlobal_GrupoBimbo,S.A.B.deC.V._Trends_06-Oct-2026.xlsx",Trends,208
2026-10-06,trends,COMPANY LEVEL (Mex$000),Company Level,Free Cash Flow,,18 Months ago,FY 2033,FY,2033,,2033-12-31,24713000,,,24713000,Mex$000,MXN,"filings/capitaliq/Estimates/Trends/SPGlobal_GrupoBimbo,S.A.B.deC.V._Trends_06-Oct-2026.xlsx",Trends,208
2026-10-06,trends,COMPANY LEVEL (Mex$000),Company Level,Capital Expenditures,,Current,FY 2026,FY,2026,,2026-12-31,21978765.56,,,21978765.56,Mex$000,MXN,"filings/capitaliq/Estimates/Trends/SPGlobal_GrupoBimbo,S.A.B.deC.V._Trends_06-Oct-2026.xlsx",Trends,210
2026-10-06,trends,COMPANY LEVEL (Mex$000),Company Level,Capital Expenditures,,Current,FY 2027,FY,2027,,2027-12-31,22341306.31,,,22341306.31,Mex$000,MXN,"filings/capitaliq/Estimates/Trends/SPGlobal_GrupoBimbo,S.A.B.deC.V._Trends_06-Oct-2026.xlsx",Trends,210
2026-10-06,trends,COMPANY LEVEL (Mex$000),Company Level,Capital Expenditures,,Current,FY 2028,FY,2028,,2028-12-31,22933496.45,,,22933496.45,Mex$000,MXN,"filings/capitaliq/Estimates/Trends/SPGlobal_GrupoBimbo,S.A.B.deC.V._Trends_06-Oct-2026.xlsx",Trends,210
2026-10-06,trends,COMPANY LEVEL (Mex$000),Company Level,Capital Expenditures,,Current,FY 2029,FY,2029,,2029-12-31,19308000,,,19308000,Mex$000,MXN,"filings/capitaliq/Estimates/Trends/SPGlobal_GrupoBimbo,S.A.B.deC.V._Trends_06-Oct-2026.xlsx",Trends,210
2026-10-06,trends,COMPANY LEVEL (Mex$000),Company Level,Capital Expenditures,,Current,FY 2030,FY,2030,,2030-12-31,19695000,,,19695000,Mex$000,MXN,"filings/capitaliq/Estimates/Trends/SPGlobal_GrupoBimbo,S.A.B.deC.V._Trends_06-Oct-2026.xlsx",Trends,210
2026-10-06,trends,COMPANY LEVEL (Mex$000),Company Level,Capital Expenditures,,Current,FY 2031,FY,2031,,2031-12-31,21525000,,,21525000,Mex$000,MXN,"filings/capitaliq/Estimates/Trends/SPGlobal_GrupoBimbo,S.A.B.deC.V._Trends_06-Oct-2026.xlsx",Trends,210
2026-10-06,trends,COMPANY LEVEL (Mex$000),Company Level,Capital Expenditures,,Current,FY 2032,FY,2032,,2032-12-31,22504000,,,22504000,Mex$000,MXN,"filings/capitaliq/Estimates/Trends/SPGlobal_GrupoBimbo,S.A.B.deC.V._Trends_06-Oct-2026.xlsx",Trends,210
2026-10-06,trends,COMPANY LEVEL (Mex$000),Company Level,Capital Expenditures,,Current,FY 2033,FY,2033,,2033-12-31,23527000,,,23527000,Mex$000,MXN,"filings/capitaliq/Estimates/Trends/SPGlobal_GrupoBimbo,S.A.B.deC.V._Trends_06-Oct-2026.xlsx",Trends,210
2026-10-06,trends,COMPANY LEVEL (Mex$000),Company Level,Capital Expenditures,,Current,FY 2034,FY,2034,,2034-12-31,24596000,,,24596000,Mex$000,MXN,"filings/capitaliq/Estimates/Trends/SPGlobal_GrupoBimbo,S.A.B.deC.V._Trends_06-Oct-2026.xlsx",Trends,210
2026-10-06,trends,COMPANY LEVEL (Mex$000),Company Level,Capital Expenditures,,Current,FY 2035,FY,2035,,2035-12-31,29127000,,,29127000,Mex$000,MXN,"filings/capitaliq/Estimates/Trends/SPGlobal_GrupoBimbo,S.A.B.deC.V._Trends_06-Oct-2026.xlsx",Trends,210
2026-10-06,trends,COMPANY LEVEL (Mex$000),Company Level,Capital Expenditures,,1 Month ago,FY 2026,FY,2026,,2026-12-31,21978765.56,,,21978765.56,Mex$000,MXN,"filings/capitaliq/Estimates/Trends/SPGlobal_GrupoBimbo,S.A.B.deC.V._Trends_06-Oct-2026.xlsx",Trends,211
2026-10-06,trends,COMPANY LEVEL (Mex$000),Company Level,Capital Expenditures,,1 Month ago,FY 2027,FY,2027,,2027-12-31,22341306.31,,,22341306.31,Mex$000,MXN,"filings/capitaliq/Estimates/Trends/SPGlobal_GrupoBimbo,S.A.B.deC.V._Trends_06-Oct-2026.xlsx",Trends,211
2026-10-06,trends,COMPANY LEVEL (Mex$000),Company Level,Capital Expenditures,,1 Month ago,FY 2028,FY,2028,,2028-12-31,22933496.45,,,22933496.45,Mex$000,MXN,"filings/capitaliq/Estimates/Trends/SPGlobal_GrupoBimbo,S.A.B.deC.V._Trends_06-Oct-2026.xlsx",Trends,211
2026-10-06,trends,COMPANY LEVEL (Mex$000),Company Level,Capital Expenditures,,1 Month ago,FY 2029,FY,2029,,2029-12-31,19308000,,,19308000,Mex$000,MXN,"filings/capitaliq/Estimates/Trends/SPGlobal_GrupoBimbo,S.A.B.deC.V._Trends_06-Oct-2026.xlsx",Trends,211
2026-10-06,trends,COMPANY LEVEL (Mex$000),Company Level,Capital Expenditures,,1 Month ago,FY 2030,FY,2030,,2030-12-31,19695000,,,19695000,Mex$000,MXN,"filings/capitaliq/Estimates/Trends/SPGlobal_GrupoBimbo,S.A.B.deC.V._Trends_06-Oct-2026.xlsx",Trends,211
2026-10-06,trends,COMPANY LEVEL (Mex$000),Company Level,Capital Expenditures,,1 Month ago,FY 2031,FY,2031,,2031-12-31,21525000,,,21525000,Mex$000,MXN,"filings/capitaliq/Estimates/Trends/SPGlobal_GrupoBimbo,S.A.B.deC.V._Trends_06-Oct-2026.xlsx",Trends,211
2026-10-06,trends,COMPANY LEVEL (Mex$000),Company Level,Capital Expenditures,,1 Month ago,FY 2032,FY,2032,,2032-12-31,22504000,,,22504000,Mex$000,MXN,"filings/capitaliq/Estimates/Trends/SPGlobal_GrupoBimbo,S.A.B.deC.V._Trends_06-Oct-2026.xlsx",Trends,211
2026-10-06,trends,COMPANY LEVEL (Mex$000),Company Level,Capital Expenditures,,1 Month ago,FY 2033,FY,2033,,2033-12-31,23527000,,,23527000,Mex$000,MXN,"filings/capitaliq/Estimates/Trends/SPGlobal_GrupoBimbo,S.A.B.deC.V._Trends_06-Oct-2026.xlsx",Trends,211
2026-10-06,trends,COMPANY LEVEL (Mex$000),Company Level,Capital Expenditures,,1 Month ago,FY 2034,FY,2034,,2034-12-31,24596000,,,24596000,Mex$000,MXN,"filings/capitaliq/Estimates/Trends/SPGlobal_GrupoBimbo,S.A.B.deC.V._Trends_06-Oct-2026.xlsx",Trends,211
2026-10-06,trends,COMPANY LEVEL (Mex$000),Company Level,Capital Expenditures,,1 Month ago,FY 2035,FY,2035,,2035-12-31,29127000,,,29127000,Mex$000,MXN,"filings/capitaliq/Estimates/Trends/SPGlobal_GrupoBimbo,S.A.B.deC.V._Trends_06-Oct-2026.xlsx",Trends,211
2026-10-06,trends,COMPANY LEVEL (Mex$000),Company Level,Capital Expenditures,,2 Months ago,FY 2026,FY,2026,,2026-12-31,21978765.56,,,21978765.56,Mex$000,MXN,"filings/capitaliq/Estimates/Trends/SPGlobal_GrupoBimbo,S.A.B.deC.V._Trends_06-Oct-2026.xlsx",Trends,212
2026-10-06,trends,COMPANY LEVEL (Mex$000),Company Level,Capital Expenditures,,2 Months ago,FY 2027,FY,2027,,2027-12-31,22341306.31,,,22341306.31,Mex$000,MXN,"filings/capitaliq/Estimates/Trends/SPGlobal_GrupoBimbo,S.A.B.deC.V._Trends_06-Oct-2026.xlsx",Trends,212
2026-10-06,trends,COMPANY LEVEL (Mex$000),Company Level,Capital Expenditures,,2 Months ago,FY 2028,FY,2028,,2028-12-31,22933496.45,,,22933496.45,Mex$000,MXN,"filings/capitaliq/Estimates/Trends/SPGlobal_GrupoBimbo,S.A.B.deC.V._Trends_06-Oct-2026.xlsx",Trends,212
2026-10-06,trends,COMPANY LEVEL (Mex$000),Company Level,Capital Expenditures,,2 Months ago,FY 2029,FY,2029,,2029-12-31,19308000,,,19308000,Mex$000,MXN,"filings/capitaliq/Estimates/Trends/SPGlobal_GrupoBimbo,S.A.B.deC.V._Trends_06-Oct-2026.xlsx",Trends,212
2026-10-06,trends,COMPANY LEVEL (Mex$000),Company Level,Capital Expenditures,,2 Months ago,FY 2030,FY,2030,,2030-12-31,19695000,,,19695000,Mex$000,MXN,"filings/capitaliq/Estimates/Trends/SPGlobal_GrupoBimbo,S.A.B.deC.V._Trends_06-Oct-2026.xlsx",Trends,212
2026-10-06,trends,COMPANY LEVEL (Mex$000),Company Level,Capital Expenditures,,2 Months ago,FY 2031,FY,2031,,2031-12-31,21525000,,,21525000,Mex$000,MXN,"filings/capitaliq/Estimates/Trends/SPGlobal_GrupoBimbo,S.A.B.deC.V._Trends_06-Oct-2026.xlsx",Trends,212
2026-10-06,trends,COMPANY LEVEL (Mex$000),Company Level,Capital Expenditures,,2 Months ago,FY 2032,FY,2032,,2032-12-31,22504000,,,22504000,Mex$000,MXN,"filings/capitaliq/Estimates/Trends/SPGlobal_GrupoBimbo,S.A.B.deC.V._Trends_06-Oct-2026.xlsx",Trends,212
2026-10-06,trends,COMPANY LEVEL (Mex$000),Company Level,Capital Expenditures,,2 Months ago,FY 2033,FY,2033,,2033-12-31,23527000,,,23527000,Mex$000,MXN,"filings/capitaliq/Estimates/Trends/SPGlobal_GrupoBimbo,S.A.B.deC.V._Trends_06-Oct-2026.xlsx",Trends,212
2026-10-06,trends,COMPANY LEVEL (Mex$000),Company Level,Capital Expenditures,,2 Months ago,FY 2034,FY,2034,,2034-12-31,24596000,,,24596000,Mex$000,MXN,"filings/capitaliq/Estimates/Trends/SPGlobal_GrupoBimbo,S.A.B.deC.V._Trends_06-Oct-2026.xlsx",Trends,212
2026-10-06,trends,COMPANY LEVEL (Mex$000),Company Level,Capital Expenditures,,2 Months ago,FY 2035,FY,2035,,2035-12-31,29127000,,,29127000,Mex$000,MXN,"filings/capitaliq/Estimates/Trends/SPGlobal_GrupoBimbo,S.A.B.deC.V._Trends_06-Oct-2026.xlsx",Trends,212
2026-10-06,trends,COMPANY LEVEL (Mex$000),Company Level,Capital Expenditures,,3 Months ago,FY 2026,FY,2026,,2026-12-31,22395456.95,,,22395456.95,Mex$000,MXN,"filings/capitaliq/Estimates/Trends/SPGlobal_GrupoBimbo,S.A.B.deC.V._Trends_06-Oct-2026.xlsx",Trends,213
2026-10-06,trends,COMPANY LEVEL (Mex$000),Company Level,Capital Expenditures,,3 Months ago,FY 2027,FY,2027,,2027-12-31,24539632.89,,,24539632.89,Mex$000,MXN,"filings/capitaliq/Estimates/Trends/SPGlobal_GrupoBimbo,S.A.B.deC.V._Trends_06-Oct-2026.xlsx",Trends,213
2026-10-06,trends,COMPANY LEVEL (Mex$000),Company Level,Capital Expenditures,,3 Months ago,FY 2028,FY,2028,,2028-12-31,24588370.57,,,24588370.57,Mex$000,MXN,"filings/capitaliq/Estimates/Trends/SPGlobal_GrupoBimbo,S.A.B.deC.V._Trends_06-Oct-2026.xlsx",Trends,213
2026-10-06,trends,COMPANY LEVEL (Mex$000),Company Level,Capital Expenditures,,3 Months ago,FY 2029,FY,2029,,2029-12-31,19308000,,,19308000,Mex$000,MXN,"filings/capitaliq/Estimates/Trends/SPGlobal_GrupoBimbo,S.A.B.deC.V._Trends_06-Oct-2026.xlsx",Trends,213
2026-10-06,trends,COMPANY LEVEL (Mex$000),Company Level,Capital Expenditures,,3 Months ago,FY 2030,FY,2030,,2030-12-31,19695000,,,19695000,Mex$000,MXN,"filings/capitaliq/Estimates/Trends/SPGlobal_GrupoBimbo,S.A.B.deC.V._Trends_06-Oct-2026.xlsx",Trends,213
2026-10-06,trends,COMPANY LEVEL (Mex$000),Company Level,Capital Expenditures,,3 Months ago,FY 2031,FY,2031,,2031-12-31,21525000,,,21525000,Mex$000,MXN,"filings/capitaliq/Estimates/Trends/SPGlobal_GrupoBimbo,S.A.B.deC.V._Trends_06-Oct-2026.xlsx",Trends,213
2026-10-06,trends,COMPANY LEVEL (Mex$000),Company Level,Capital Expenditures,,3 Months ago,FY 2032,FY,2032,,2032-12-31,22504000,,,22504000,Mex$000,MXN,"filings/capitaliq/Estimates/Trends/SPGlobal_GrupoBimbo,S.A.B.deC.V._Trends_06-Oct-2026.xlsx",Trends,213
2026-10-06,trends,COMPANY LEVEL (Mex$000),Company Level,Capital Expenditures,,3 Months ago,FY 2033,FY,2033,,2033-12-31,23527000,,,23527000,Mex$000,MXN,"filings/capitaliq/Estimates/Trends/SPGlobal_GrupoBimbo,S.A.B.deC.V._Trends_06-Oct-2026.xlsx",Trends,213
2026-10-06,trends,COMPANY LEVEL (Mex$000),Company Level,Capital Expenditures,,3 Months ago,FY 2034,FY,2034,,2034-12-31,24596000,,,24596000,Mex$000,MXN,"filings/capitaliq/Estimates/Trends/SPGlobal_GrupoBimbo,S.A.B.deC.V._Trends_06-Oct-2026.xlsx",Trends,213
2026-10-06,trends,COMPANY LEVEL (Mex$000),Company Level,Capital Expenditures,,3 Months ago,FY 2035,FY,2035,,2035-12-31,29127000,,,29127000,Mex$000,MXN,"filings/capitaliq/Estimates/Trends/SPGlobal_GrupoBimbo,S.A.B.deC.V._Trends_06-Oct-2026.xlsx",Trends,213
2026-10-06,trends,COMPANY LEVEL (Mex$000),Company Level,Capital Expenditures,,6 Months ago,FY 2026,FY,2026,,2026-12-31,24853423.82,,,24853423.82,Mex$000,MXN,"filings/capitaliq/Estimates/Trends/SPGlobal_GrupoBimbo,S.A.B.deC.V._Trends_06-Oct-2026.xlsx",Trends,214
2026-10-06,trends,COMPANY LEVEL (Mex$000),Company Level,Capital Expenditures,,6 Months ago,FY 2027,FY,2027,,2027-12-31,25983611.03,,,25983611.03,Mex$000,MXN,"filings/capitaliq/Estimates/Trends/SPGlobal_GrupoBimbo,S.A.B.deC.V._Trends_06-Oct-2026.xlsx",Trends,214
2026-10-06,trends,COMPANY LEVEL (Mex$000),Company Level,Capital Expenditures,,6 Months ago,FY 2028,FY,2028,,2028-12-31,23226715.67,,,23226715.67,Mex$000,MXN,"filings/capitaliq/Estimates/Trends/SPGlobal_GrupoBimbo,S.A.B.deC.V._Trends_06-Oct-2026.xlsx",Trends,214
2026-10-06,trends,COMPANY LEVEL (Mex$000),Company Level,Capital Expenditures,,6 Months ago,FY 2029,FY,2029,,2029-12-31,20168000,,,20168000,Mex$000,MXN,"filings/capitaliq/Estimates/Trends/SPGlobal_GrupoBimbo,S.A.B.deC.V._Trends_06-Oct-2026.xlsx",Trends,214
2026-10-06,trends,COMPANY LEVEL (Mex$000),Company Level,Capital Expenditures,,6 Months ago,FY 2030,FY,2030,,2030-12-31,20571000,,,20571000,Mex$000,MXN,"filings/capitaliq/Estimates/Trends/SPGlobal_GrupoBimbo,S.A.B.deC.V._Trends_06-Oct-2026.xlsx",Trends,214
2026-10-06,trends,COMPANY LEVEL (Mex$000),Company Level,Capital Expenditures,,9 Months ago,FY 2026,FY,2026,,2026-12-31,25162985.93,,,25162985.93,Mex$000,MXN,"filings/capitaliq/Estimates/Trends/SPGlobal_GrupoBimbo,S.A.B.deC.V._Trends_06-Oct-2026.xlsx",Trends,215
2026-10-06,trends,COMPANY LEVEL (Mex$000),Company Level,Capital Expenditures,,9 Months ago,FY 2027,FY,2027,,2027-12-31,25468380.62,,,25468380.62,Mex$000,MXN,"filings/capitaliq/Estimates/Trends/SPGlobal_GrupoBimbo,S.A.B.deC.V._Trends_06-Oct-2026.xlsx",Trends,215
2026-10-06,trends,COMPANY LEVEL (Mex$000),Company Level,Capital Expenditures,,9 Months ago,FY 2028,FY,2028,,2028-12-31,22298000,,,22298000,Mex$000,MXN,"filings/capitaliq/Estimates/Trends/SPGlobal_GrupoBimbo,S.A.B.deC.V._Trends_06-Oct-2026.xlsx",Trends,215
2026-10-06,trends,COMPANY LEVEL (Mex$000),Company Level,Capital Expenditures,,9 Months ago,FY 2029,FY,2029,,2029-12-31,20676000,,,20676000,Mex$000,MXN,"filings/capitaliq/Estimates/Trends/SPGlobal_GrupoBimbo,S.A.B.deC.V._Trends_06-Oct-2026.xlsx",Trends,215
2026-10-06,trends,COMPANY LEVEL (Mex$000),Company Level,Capital Expenditures,,12 Months ago,FY 2026,FY,2026,,2026-12-31,23949743.9,,,23949743.9,Mex$000,MXN,"filings/capitaliq/Estimates/Trends/SPGlobal_GrupoBimbo,S.A.B.deC.V._Trends_06-Oct-2026.xlsx",Trends,216
2026-10-06,trends,COMPANY LEVEL (Mex$000),Company Level,Capital Expenditures,,12 Months ago,FY 2027,FY,2027,,2027-12-31,20513243.04,,,20513243.04,Mex$000,MXN,"filings/capitaliq/Estimates/Trends/SPGlobal_GrupoBimbo,S.A.B.deC.V._Trends_06-Oct-2026.xlsx",Trends,216
2026-10-06,trends,COMPANY LEVEL (Mex$000),Company Level,Capital Expenditures,,12 Months ago,FY 2028,FY,2028,,2028-12-31,22298000,,,22298000,Mex$000,MXN,"filings/capitaliq/Estimates/Trends/SPGlobal_GrupoBimbo,S.A.B.deC.V._Trends_06-Oct-2026.xlsx",Trends,216
2026-10-06,trends,COMPANY LEVEL (Mex$000),Company Level,Capital Expenditures,,12 Months ago,FY 2029,FY,2029,,2029-12-31,20676000,,,20676000,Mex$000,MXN,"filings/capitaliq/Estimates/Trends/SPGlobal_GrupoBimbo,S.A.B.deC.V._Trends_06-Oct-2026.xlsx",Trends,216
2026-10-06,trends,COMPANY LEVEL (Mex$000),Company Level,Capital Expenditures,,18 Months ago,FY 2026,FY,2026,,2026-12-31,25832225.78,,,25832225.78,Mex$000,MXN,"filings/capitaliq/Estimates/Trends/SPGlobal_GrupoBimbo,S.A.B.deC.V._Trends_06-Oct-2026.xlsx",Trends,217
2026-10-06,trends,COMPANY LEVEL (Mex$000),Company Level,Capital Expenditures,,18 Months ago,FY 2027,FY,2027,,2027-12-31,22412775.46,,,22412775.46,Mex$000,MXN,"filings/capitaliq/Estimates/Trends/SPGlobal_GrupoBimbo,S.A.B.deC.V._Trends_06-Oct-2026.xlsx",Trends,217
2026-10-06,trends,COMPANY LEVEL (Mex$000),Company Level,Capital Expenditures,,18 Months ago,FY 2028,FY,2028,,2028-12-31,22022000,,,22022000,Mex$000,MXN,"filings/capitaliq/Estimates/Trends/SPGlobal_GrupoBimbo,S.A.B.deC.V._Trends_06-Oct-2026.xlsx",Trends,217
2026-10-06,trends,COMPANY LEVEL (Mex$000),Company Level,Capital Expenditures,,18 Months ago,FY 2029,FY,2029,,2029-12-31,23023000,,,23023000,Mex$000,MXN,"filings/capitaliq/Estimates/Trends/SPGlobal_GrupoBimbo,S.A.B.deC.V._Trends_06-Oct-2026.xlsx",Trends,217
2026-10-06,trends,COMPANY LEVEL (Mex$000),Company Level,Capital Expenditures,,18 Months ago,FY 2030,FY,2030,,2030-12-31,24070000,,,24070000,Mex$000,MXN,"filings/capitaliq/Estimates/Trends/SPGlobal_GrupoBimbo,S.A.B.deC.V._Trends_06-Oct-2026.xlsx",Trends,217
2026-10-06,trends,COMPANY LEVEL (Mex$000),Company Level,Capital Expenditures,,18 Months ago,FY 2031,FY,2031,,2031-12-31,25164000,,,25164000,Mex$000,MXN,"filings/capitaliq/Estimates/Trends/SPGlobal_GrupoBimbo,S.A.B.deC.V._Trends_06-Oct-2026.xlsx",Trends,217
2026-10-06,trends,COMPANY LEVEL (Mex$000),Company Level,Capital Expenditures,,18 Months ago,FY 2032,FY,2032,,2032-12-31,26307000,,,26307000,Mex$000,MXN,"filings/capitaliq/Estimates/Trends/SPGlobal_GrupoBimbo,S.A.B.deC.V._Trends_06-Oct-2026.xlsx",Trends,217
2026-10-06,trends,COMPANY LEVEL (Mex$000),Company Level,Capital Expenditures,,18 Months ago,FY 2033,FY,2033,,2033-12-31,27503000,,,27503000,Mex$000,MXN,"filings/capitaliq/Estimates/Trends/SPGlobal_GrupoBimbo,S.A.B.deC.V._Trends_06-Oct-2026.xlsx",Trends,217
2026-10-06,trends,COMPANY LEVEL (Mex$000),Company Level,Maintenance Capital Expenditure,,Current,FY 2026,FY,2026,,2026-12-31,22085000,,,22085000,Mex$000,MXN,"filings/capitaliq/Estimates/Trends/SPGlobal_GrupoBimbo,S.A.B.deC.V._Trends_06-Oct-2026.xlsx",Trends,219
2026-10-06,trends,COMPANY LEVEL (Mex$000),Company Level,Maintenance Capital Expenditure,,Current,FY 2027,FY,2027,,2027-12-31,23477000,,,23477000,Mex$000,MXN,"filings/capitaliq/Estimates/Trends/SPGlobal_GrupoBimbo,S.A.B.deC.V._Trends_06-Oct-2026.xlsx",Trends,219
2026-10-06,trends,COMPANY LEVEL (Mex$000),Company Level,Maintenance Capital Expenditure,,Current,FY 2028,FY,2028,,2028-12-31,24744000,,,24744000,Mex$000,MXN,"filings/capitaliq/Estimates/Trends/SPGlobal_GrupoBimbo,S.A.B.deC.V._Trends_06-Oct-2026.xlsx",Trends,219
2026-10-06,trends,COMPANY LEVEL (Mex$000),Company Level,Maintenance Capital Expenditure,,1 Month ago,FY 2026,FY,2026,,2026-12-31,22085000,,,22085000,Mex$000,MXN,"filings/capitaliq/Estimates/Trends/SPGlobal_GrupoBimbo,S.A.B.deC.V._Trends_06-Oct-2026.xlsx",Trends,220
2026-10-06,trends,COMPANY LEVEL (Mex$000),Company Level,Maintenance Capital Expenditure,,1 Month ago,FY 2027,FY,2027,,2027-12-31,23477000,,,23477000,Mex$000,MXN,"filings/capitaliq/Estimates/Trends/SPGlobal_GrupoBimbo,S.A.B.deC.V._Trends_06-Oct-2026.xlsx",Trends,220
2026-10-06,trends,COMPANY LEVEL (Mex$000),Company Level,Maintenance Capital Expenditure,,1 Month ago,FY 2028,FY,2028,,2028-12-31,24744000,,,24744000,Mex$000,MXN,"filings/capitaliq/Estimates/Trends/SPGlobal_GrupoBimbo,S.A.B.deC.V._Trends_06-Oct-2026.xlsx",Trends,220
2026-10-06,trends,COMPANY LEVEL (Mex$000),Company Level,Maintenance Capital Expenditure,,2 Months ago,FY 2026,FY,2026,,2026-12-31,22085000,,,22085000,Mex$000,MXN,"filings/capitaliq/Estimates/Trends/SPGlobal_GrupoBimbo,S.A.B.deC.V._Trends_06-Oct-2026.xlsx",Trends,221
2026-10-06,trends,COMPANY LEVEL (Mex$000),Company Level,Maintenance Capital Expenditure,,2 Months ago,FY 2027,FY,2027,,2027-12-31,23477000,,,23477000,Mex$000,MXN,"filings/capitaliq/Estimates/Trends/SPGlobal_GrupoBimbo,S.A.B.deC.V._Trends_06-Oct-2026.xlsx",Trends,221
2026-10-06,trends,COMPANY LEVEL (Mex$000),Company Level,Maintenance Capital Expenditure,,2 Months ago,FY 2028,FY,2028,,2028-12-31,24744000,,,24744000,Mex$000,MXN,"filings/capitaliq/Estimates/Trends/SPGlobal_GrupoBimbo,S.A.B.deC.V._Trends_06-Oct-2026.xlsx",Trends,221
2026-10-06,trends,COMPANY LEVEL (Mex$000),Company Level,Maintenance Capital Expenditure,,3 Months ago,FY 2026,FY,2026,,2026-12-31,22085000,,,22085000,Mex$000,MXN,"filings/capitaliq/Estimates/Trends/SPGlobal_GrupoBimbo,S.A.B.deC.V._Trends_06-Oct-2026.xlsx",Trends,222
2026-10-06,trends,COMPANY LEVEL (Mex$000),Company Level,Maintenance Capital Expenditure,,3 Months ago,FY 2027,FY,2027,,2027-12-31,23477000,,,23477000,Mex$000,MXN,"filings/capitaliq/Estimates/Trends/SPGlobal_GrupoBimbo,S.A.B.deC.V._Trends_06-Oct-2026.xlsx",Trends,222
2026-10-06,trends,COMPANY LEVEL (Mex$000),Company Level,Maintenance Capital Expenditure,,3 Months ago,FY 2028,FY,2028,,2028-12-31,24744000,,,24744000,Mex$000,MXN,"filings/capitaliq/Estimates/Trends/SPGlobal_GrupoBimbo,S.A.B.deC.V._Trends_06-Oct-2026.xlsx",Trends,222
2026-10-06,trends,COMPANY LEVEL (Mex$000),Company Level,Maintenance Capital Expenditure,,6 Months ago,FY 2026,FY,2026,,2026-12-31,22085000,,,22085000,Mex$000,MXN,"filings/capitaliq/Estimates/Trends/SPGlobal_GrupoBimbo,S.A.B.deC.V._Trends_06-Oct-2026.xlsx",Trends,223
2026-10-06,trends,COMPANY LEVEL (Mex$000),Company Level,Maintenance Capital Expenditure,,6 Months ago,FY 2027,FY,2027,,2027-12-31,23477000,,,23477000,Mex$000,MXN,"filings/capitaliq/Estimates/Trends/SPGlobal_GrupoBimbo,S.A.B.deC.V._Trends_06-Oct-2026.xlsx",Trends,223
2026-10-06,trends,COMPANY LEVEL (Mex$000),Company Level,Maintenance Capital Expenditure,,6 Months ago,FY 2028,FY,2028,,2028-12-31,24744000,,,24744000,Mex$000,MXN,"filings/capitaliq/Estimates/Trends/SPGlobal_GrupoBimbo,S.A.B.deC.V._Trends_06-Oct-2026.xlsx",Trends,223
2026-10-06,trends,COMPANY LEVEL (Mex$000),Company Level,Maintenance Capital Expenditure,,9 Months ago,FY 2026,FY,2026,,2026-12-31,22099000,,,22099000,Mex$000,MXN,"filings/capitaliq/Estimates/Trends/SPGlobal_GrupoBimbo,S.A.B.deC.V._Trends_06-Oct-2026.xlsx",Trends,224
2026-10-06,trends,COMPANY LEVEL (Mex$000),Company Level,Maintenance Capital Expenditure,,9 Months ago,FY 2027,FY,2027,,2027-12-31,23494000,,,23494000,Mex$000,MXN,"filings/capitaliq/Estimates/Trends/SPGlobal_GrupoBimbo,S.A.B.deC.V._Trends_06-Oct-2026.xlsx",Trends,224
2026-10-06,trends,COMPANY LEVEL (Mex$000),Company Level,Maintenance Capital Expenditure,,12 Months ago,FY 2026,FY,2026,,2026-12-31,22099000,,,22099000,Mex$000,MXN,"filings/capitaliq/Estimates/Trends/SPGlobal_GrupoBimbo,S.A.B.deC.V._Trends_06-Oct-2026.xlsx",Trends,225
2026-10-06,trends,COMPANY LEVEL (Mex$000),Company Level,Maintenance Capital Expenditure,,12 Months ago,FY 2027,FY,2027,,2027-12-31,23494000,,,23494000,Mex$000,MXN,"filings/capitaliq/Estimates/Trends/SPGlobal_GrupoBimbo,S.A.B.deC.V._Trends_06-Oct-2026.xlsx",Trends,225
2026-10-06,trends,COMPANY LEVEL (Mex$000),Company Level,Maintenance Capital Expenditure,,18 Months ago,FY 2026,FY,2026,,2026-12-31,12342000,,,12342000,Mex$000,MXN,"filings/capitaliq/Estimates/Trends/SPGlobal_GrupoBimbo,S.A.B.deC.V._Trends_06-Oct-2026.xlsx",Trends,226
2026-10-06,trends,COMPANY LEVEL (Mex$000),Company Level,Gross Margin (%),,Current,FY 2026,FY,2026,,2026-12-31,52.3,,,52.3,%,MXN,"filings/capitaliq/Estimates/Trends/SPGlobal_GrupoBimbo,S.A.B.deC.V._Trends_06-Oct-2026.xlsx",Trends,228
2026-10-06,trends,COMPANY LEVEL (Mex$000),Company Level,Gross Margin (%),,Current,FY 2027,FY,2027,,2027-12-31,52,,,52,%,MXN,"filings/capitaliq/Estimates/Trends/SPGlobal_GrupoBimbo,S.A.B.deC.V._Trends_06-Oct-2026.xlsx",Trends,228
2026-10-06,trends,COMPANY LEVEL (Mex$000),Company Level,Gross Margin (%),,Current,FY 2028,FY,2028,,2028-12-31,52.05,,,52.05,%,MXN,"filings/capitaliq/Estimates/Trends/SPGlobal_GrupoBimbo,S.A.B.deC.V._Trends_06-Oct-2026.xlsx",Trends,228
2026-10-06,trends,COMPANY LEVEL (Mex$000),Company Level,Gross Margin (%),,Current,FY 2029,FY,2029,,2029-12-31,52.1,,,52.1,%,MXN,"filings/capitaliq/Estimates/Trends/SPGlobal_GrupoBimbo,S.A.B.deC.V._Trends_06-Oct-2026.xlsx",Trends,228
2026-10-06,trends,COMPANY LEVEL (Mex$000),Company Level,Gross Margin (%),,Current,FY 2030,FY,2030,,2030-12-31,52.2,,,52.2,%,MXN,"filings/capitaliq/Estimates/Trends/SPGlobal_GrupoBimbo,S.A.B.deC.V._Trends_06-Oct-2026.xlsx",Trends,228
2026-10-06,trends,COMPANY LEVEL (Mex$000),Company Level,Gross Margin (%),,Current,FY 2031,FY,2031,,2031-12-31,52,,,52,%,MXN,"filings/capitaliq/Estimates/Trends/SPGlobal_GrupoBimbo,S.A.B.deC.V._Trends_06-Oct-2026.xlsx",Trends,228
2026-10-06,trends,COMPANY LEVEL (Mex$000),Company Level,Gross Margin (%),,1 Month ago,FY 2026,FY,2026,,2026-12-31,52.3,,,52.3,%,MXN,"filings/capitaliq/Estimates/Trends/SPGlobal_GrupoBimbo,S.A.B.deC.V._Trends_06-Oct-2026.xlsx",Trends,229
2026-10-06,trends,COMPANY LEVEL (Mex$000),Company Level,Gross Margin (%),,1 Month ago,FY 2027,FY,2027,,2027-12-31,52,,,52,%,MXN,"filings/capitaliq/Estimates/Trends/SPGlobal_GrupoBimbo,S.A.B.deC.V._Trends_06-Oct-2026.xlsx",Trends,229
2026-10-06,trends,COMPANY LEVEL (Mex$000),Company Level,Gross Margin (%),,1 Month ago,FY 2028,FY,2028,,2028-12-31,52.05,,,52.05,%,MXN,"filings/capitaliq/Estimates/Trends/SPGlobal_GrupoBimbo,S.A.B.deC.V._Trends_06-Oct-2026.xlsx",Trends,229
2026-10-06,trends,COMPANY LEVEL (Mex$000),Company Level,Gross Margin (%),,1 Month ago,FY 2029,FY,2029,,2029-12-31,52.1,,,52.1,%,MXN,"filings/capitaliq/Estimates/Trends/SPGlobal_GrupoBimbo,S.A.B.deC.V._Trends_06-Oct-2026.xlsx",Trends,229
2026-10-06,trends,COMPANY LEVEL (Mex$000),Company Level,Gross Margin (%),,1 Month ago,FY 2030,FY,2030,,2030-12-31,52.2,,,52.2,%,MXN,"filings/capitaliq/Estimates/Trends/SPGlobal_GrupoBimbo,S.A.B.deC.V._Trends_06-Oct-2026.xlsx",Trends,229
2026-10-06,trends,COMPANY LEVEL (Mex$000),Company Level,Gross Margin (%),,1 Month ago,FY 2031,FY,2031,,2031-12-31,52,,,52,%,MXN,"filings/capitaliq/Estimates/Trends/SPGlobal_GrupoBimbo,S.A.B.deC.V._Trends_06-Oct-2026.xlsx",Trends,229
2026-10-06,trends,COMPANY LEVEL (Mex$000),Company Level,Gross Margin (%),,2 Months ago,FY 2026,FY,2026,,2026-12-31,52.3,,,52.3,%,MXN,"filings/capitaliq/Estimates/Trends/SPGlobal_GrupoBimbo,S.A.B.deC.V._Trends_06-Oct-2026.xlsx",Trends,230
2026-10-06,trends,COMPANY LEVEL (Mex$000),Company Level,Gross Margin (%),,2 Months ago,FY 2027,FY,2027,,2027-12-31,52,,,52,%,MXN,"filings/capitaliq/Estimates/Trends/SPGlobal_GrupoBimbo,S.A.B.deC.V._Trends_06-Oct-2026.xlsx",Trends,230
2026-10-06,trends,COMPANY LEVEL (Mex$000),Company Level,Gross Margin (%),,2 Months ago,FY 2028,FY,2028,,2028-12-31,52.05,,,52.05,%,MXN,"filings/capitaliq/Estimates/Trends/SPGlobal_GrupoBimbo,S.A.B.deC.V._Trends_06-Oct-2026.xlsx",Trends,230
2026-10-06,trends,COMPANY LEVEL (Mex$000),Company Level,Gross Margin (%),,2 Months ago,FY 2029,FY,2029,,2029-12-31,52.1,,,52.1,%,MXN,"filings/capitaliq/Estimates/Trends/SPGlobal_GrupoBimbo,S.A.B.deC.V._Trends_06-Oct-2026.xlsx",Trends,230
2026-10-06,trends,COMPANY LEVEL (Mex$000),Company Level,Gross Margin (%),,2 Months ago,FY 2030,FY,2030,,2030-12-31,52.2,,,52.2,%,MXN,"filings/capitaliq/Estimates/Trends/SPGlobal_GrupoBimbo,S.A.B.deC.V._Trends_06-Oct-2026.xlsx",Trends,230
2026-10-06,trends,COMPANY LEVEL (Mex$000),Company Level,Gross Margin (%),,2 Months ago,FY 2031,FY,2031,,2031-12-31,52,,,52,%,MXN,"filings/capitaliq/Estimates/Trends/SPGlobal_GrupoBimbo,S.A.B.deC.V._Trends_06-Oct-2026.xlsx",Trends,230
2026-10-06,trends,COMPANY LEVEL (Mex$000),Company Level,Gross Margin (%),,3 Months ago,FY 2026,FY,2026,,2026-12-31,52.33333,,,52.33333,%,MXN,"filings/capitaliq/Estimates/Trends/SPGlobal_GrupoBimbo,S.A.B.deC.V._Trends_06-Oct-2026.xlsx",Trends,231
2026-10-06,trends,COMPANY LEVEL (Mex$000),Company Level,Gross Margin (%),,3 Months ago,FY 2027,FY,2027,,2027-12-31,52.26667,,,52.26667,%,MXN,"filings/capitaliq/Estimates/Trends/SPGlobal_GrupoBimbo,S.A.B.deC.V._Trends_06-Oct-2026.xlsx",Trends,231
2026-10-06,trends,COMPANY LEVEL (Mex$000),Company Level,Gross Margin (%),,3 Months ago,FY 2028,FY,2028,,2028-12-31,52.05,,,52.05,%,MXN,"filings/capitaliq/Estimates/Trends/SPGlobal_GrupoBimbo,S.A.B.deC.V._Trends_06-Oct-2026.xlsx",Trends,231
2026-10-06,trends,COMPANY LEVEL (Mex$000),Company Level,Gross Margin (%),,3 Months ago,FY 2029,FY,2029,,2029-12-31,52.2,,,52.2,%,MXN,"filings/capitaliq/Estimates/Trends/SPGlobal_GrupoBimbo,S.A.B.deC.V._Trends_06-Oct-2026.xlsx",Trends,231
2026-10-06,trends,COMPANY LEVEL (Mex$000),Company Level,Gross Margin (%),,3 Months ago,FY 2030,FY,2030,,2030-12-31,52.4,,,52.4,%,MXN,"filings/capitaliq/Estimates/Trends/SPGlobal_GrupoBimbo,S.A.B.deC.V._Trends_06-Oct-2026.xlsx",Trends,231
2026-10-06,trends,COMPANY LEVEL (Mex$000),Company Level,Gross Margin (%),,6 Months ago,FY 2026,FY,2026,,2026-12-31,52.43333,,,52.43333,%,MXN,"filings/capitaliq/Estimates/Trends/SPGlobal_GrupoBimbo,S.A.B.deC.V._Trends_06-Oct-2026.xlsx",Trends,232
2026-10-06,trends,COMPANY LEVEL (Mex$000),Company Level,Gross Margin (%),,6 Months ago,FY 2027,FY,2027,,2027-12-31,52.3,,,52.3,%,MXN,"filings/capitaliq/Estimates/Trends/SPGlobal_GrupoBimbo,S.A.B.deC.V._Trends_06-Oct-2026.xlsx",Trends,232
2026-10-06,trends,COMPANY LEVEL (Mex$000),Company Level,Gross Margin (%),,6 Months ago,FY 2028,FY,2028,,2028-12-31,52.25,,,52.25,%,MXN,"filings/capitaliq/Estimates/Trends/SPGlobal_GrupoBimbo,S.A.B.deC.V._Trends_06-Oct-2026.xlsx",Trends,232
2026-10-06,trends,COMPANY LEVEL (Mex$000),Company Level,Gross Margin (%),,6 Months ago,FY 2029,FY,2029,,2029-12-31,52.5,,,52.5,%,MXN,"filings/capitaliq/Estimates/Trends/SPGlobal_GrupoBimbo,S.A.B.deC.V._Trends_06-Oct-2026.xlsx",Trends,232
2026-10-06,trends,COMPANY LEVEL (Mex$000),Company Level,Gross Margin (%),,6 Months ago,FY 2030,FY,2030,,2030-12-31,52.5,,,52.5,%,MXN,"filings/capitaliq/Estimates/Trends/SPGlobal_GrupoBimbo,S.A.B.deC.V._Trends_06-Oct-2026.xlsx",Trends,232
2026-10-06,trends,COMPANY LEVEL (Mex$000),Company Level,Gross Margin (%),,9 Months ago,FY 2026,FY,2026,,2026-12-31,52.75,,,52.75,%,MXN,"filings/capitaliq/Estimates/Trends/SPGlobal_GrupoBimbo,S.A.B.deC.V._Trends_06-Oct-2026.xlsx",Trends,233
2026-10-06,trends,COMPANY LEVEL (Mex$000),Company Level,Gross Margin (%),,9 Months ago,FY 2027,FY,2027,,2027-12-31,52.65,,,52.65,%,MXN,"filings/capitaliq/Estimates/Trends/SPGlobal_GrupoBimbo,S.A.B.deC.V._Trends_06-Oct-2026.xlsx",Trends,233
2026-10-06,trends,COMPANY LEVEL (Mex$000),Company Level,Gross Margin (%),,9 Months ago,FY 2028,FY,2028,,2028-12-31,52.8,,,52.8,%,MXN,"filings/capitaliq/Estimates/Trends/SPGlobal_GrupoBimbo,S.A.B.deC.V._Trends_06-Oct-2026.xlsx",Trends,233
2026-10-06,trends,COMPANY LEVEL (Mex$000),Company Level,Gross Margin (%),,9 Months ago,FY 2029,FY,2029,,2029-12-31,53.6,,,53.6,%,MXN,"filings/capitaliq/Estimates/Trends/SPGlobal_GrupoBimbo,S.A.B.deC.V._Trends_06-Oct-2026.xlsx",Trends,233
2026-10-06,trends,COMPANY LEVEL (Mex$000),Company Level,Gross Margin (%),,12 Months ago,FY 2026,FY,2026,,2026-12-31,52.725,,,52.725,%,MXN,"filings/capitaliq/Estimates/Trends/SPGlobal_GrupoBimbo,S.A.B.deC.V._Trends_06-Oct-2026.xlsx",Trends,234
2026-10-06,trends,COMPANY LEVEL (Mex$000),Company Level,Gross Margin (%),,12 Months ago,FY 2027,FY,2027,,2027-12-31,52.5,,,52.5,%,MXN,"filings/capitaliq/Estimates/Trends/SPGlobal_GrupoBimbo,S.A.B.deC.V._Trends_06-Oct-2026.xlsx",Trends,234
2026-10-06,trends,COMPANY LEVEL (Mex$000),Company Level,Gross Margin (%),,12 Months ago,FY 2028,FY,2028,,2028-12-31,52.65,,,52.65,%,MXN,"filings/capitaliq/Estimates/Trends/SPGlobal_GrupoBimbo,S.A.B.deC.V._Trends_06-Oct-2026.xlsx",Trends,234
2026-10-06,trends,COMPANY LEVEL (Mex$000),Company Level,Gross Margin (%),,12 Months ago,FY 2029,FY,2029,,2029-12-31,53.6,,,53.6,%,MXN,"filings/capitaliq/Estimates/Trends/SPGlobal_GrupoBimbo,S.A.B.deC.V._Trends_06-Oct-2026.xlsx",Trends,234
2026-10-06,trends,COMPANY LEVEL (Mex$000),Company Level,Gross Margin (%),,18 Months ago,FY 2026,FY,2026,,2026-12-31,52.45,,,52.45,%,MXN,"filings/capitaliq/Estimates/Trends/SPGlobal_GrupoBimbo,S.A.B.deC.V._Trends_06-Oct-2026.xlsx",Trends,235
2026-10-06,trends,COMPANY LEVEL (Mex$000),Company Level,Gross Margin (%),,18 Months ago,FY 2027,FY,2027,,2027-12-31,52.25,,,52.25,%,MXN,"filings/capitaliq/Estimates/Trends/SPGlobal_GrupoBimbo,S.A.B.deC.V._Trends_06-Oct-2026.xlsx",Trends,235
2026-10-06,trends,COMPANY LEVEL (Mex$000),Company Level,Gross Margin (%),,18 Months ago,FY 2028,FY,2028,,2028-12-31,52.3,,,52.3,%,MXN,"filings/capitaliq/Estimates/Trends/SPGlobal_GrupoBimbo,S.A.B.deC.V._Trends_06-Oct-2026.xlsx",Trends,235
2026-10-06,trends,COMPANY LEVEL (Mex$000),Company Level,ROE (%),,Current,FY 2026,FY,2026,,2026-12-31,10.95784,,,10.95784,%,MXN,"filings/capitaliq/Estimates/Trends/SPGlobal_GrupoBimbo,S.A.B.deC.V._Trends_06-Oct-2026.xlsx",Trends,237
2026-10-06,trends,COMPANY LEVEL (Mex$000),Company Level,ROE (%),,Current,FY 2027,FY,2027,,2027-12-31,11.05139,,,11.05139,%,MXN,"filings/capitaliq/Estimates/Trends/SPGlobal_GrupoBimbo,S.A.B.deC.V._Trends_06-Oct-2026.xlsx",Trends,237
2026-10-06,trends,COMPANY LEVEL (Mex$000),Company Level,ROE (%),,Current,FY 2028,FY,2028,,2028-12-31,12.01185,,,12.01185,%,MXN,"filings/capitaliq/Estimates/Trends/SPGlobal_GrupoBimbo,S.A.B.deC.V._Trends_06-Oct-2026.xlsx",Trends,237
2026-10-06,trends,COMPANY LEVEL (Mex$000),Company Level,ROE (%),,1 Month ago,FY 2026,FY,2026,,2026-12-31,10.9707,,,10.9707,%,MXN,"filings/capitaliq/Estimates/Trends/SPGlobal_GrupoBimbo,S.A.B.deC.V._Trends_06-Oct-2026.xlsx",Trends,238
2026-10-06,trends,COMPANY LEVEL (Mex$000),Company Level,ROE (%),,1 Month ago,FY 2027,FY,2027,,2027-12-31,11.40319,,,11.40319,%,MXN,"filings/capitaliq/Estimates/Trends/SPGlobal_GrupoBimbo,S.A.B.deC.V._Trends_06-Oct-2026.xlsx",Trends,238
2026-10-06,trends,COMPANY LEVEL (Mex$000),Company Level,ROE (%),,1 Month ago,FY 2028,FY,2028,,2028-12-31,12.21285,,,12.21285,%,MXN,"filings/capitaliq/Estimates/Trends/SPGlobal_GrupoBimbo,S.A.B.deC.V._Trends_06-Oct-2026.xlsx",Trends,238
2026-10-06,trends,COMPANY LEVEL (Mex$000),Company Level,ROE (%),,2 Months ago,FY 2026,FY,2026,,2026-12-31,11.08519,,,11.08519,%,MXN,"filings/capitaliq/Estimates/Trends/SPGlobal_GrupoBimbo,S.A.B.deC.V._Trends_06-Oct-2026.xlsx",Trends,239
2026-10-06,trends,COMPANY LEVEL (Mex$000),Company Level,ROE (%),,2 Months ago,FY 2027,FY,2027,,2027-12-31,11.49239,,,11.49239,%,MXN,"filings/capitaliq/Estimates/Trends/SPGlobal_GrupoBimbo,S.A.B.deC.V._Trends_06-Oct-2026.xlsx",Trends,239
2026-10-06,trends,COMPANY LEVEL (Mex$000),Company Level,ROE (%),,2 Months ago,FY 2028,FY,2028,,2028-12-31,12.10945,,,12.10945,%,MXN,"filings/capitaliq/Estimates/Trends/SPGlobal_GrupoBimbo,S.A.B.deC.V._Trends_06-Oct-2026.xlsx",Trends,239
2026-10-06,trends,COMPANY LEVEL (Mex$000),Company Level,ROE (%),,3 Months ago,FY 2026,FY,2026,,2026-12-31,10.98656,,,10.98656,%,MXN,"filings/capitaliq/Estimates/Trends/SPGlobal_GrupoBimbo,S.A.B.deC.V._Trends_06-Oct-2026.xlsx",Trends,240
2026-10-06,trends,COMPANY LEVEL (Mex$000),Company Level,ROE (%),,3 Months ago,FY 2027,FY,2027,,2027-12-31,11.99679,,,11.99679,%,MXN,"filings/capitaliq/Estimates/Trends/SPGlobal_GrupoBimbo,S.A.B.deC.V._Trends_06-Oct-2026.xlsx",Trends,240
2026-10-06,trends,COMPANY LEVEL (Mex$000),Company Level,ROE (%),,3 Months ago,FY 2028,FY,2028,,2028-12-31,12.20465,,,12.20465,%,MXN,"filings/capitaliq/Estimates/Trends/SPGlobal_GrupoBimbo,S.A.B.deC.V._Trends_06-Oct-2026.xlsx",Trends,240
2026-10-06,trends,COMPANY LEVEL (Mex$000),Company Level,ROE (%),,6 Months ago,FY 2026,FY,2026,,2026-12-31,12.38526,,,12.38526,%,MXN,"filings/capitaliq/Estimates/Trends/SPGlobal_GrupoBimbo,S.A.B.deC.V._Trends_06-Oct-2026.xlsx",Trends,241
2026-10-06,trends,COMPANY LEVEL (Mex$000),Company Level,ROE (%),,6 Months ago,FY 2027,FY,2027,,2027-12-31,12.614,,,12.614,%,MXN,"filings/capitaliq/Estimates/Trends/SPGlobal_GrupoBimbo,S.A.B.deC.V._Trends_06-Oct-2026.xlsx",Trends,241
2026-10-06,trends,COMPANY LEVEL (Mex$000),Company Level,ROE (%),,6 Months ago,FY 2028,FY,2028,,2028-12-31,13.41666,,,13.41666,%,MXN,"filings/capitaliq/Estimates/Trends/SPGlobal_GrupoBimbo,S.A.B.deC.V._Trends_06-Oct-2026.xlsx",Trends,241
2026-10-06,trends,COMPANY LEVEL (Mex$000),Company Level,ROE (%),,9 Months ago,FY 2026,FY,2026,,2026-12-31,12.30765,,,12.30765,%,MXN,"filings/capitaliq/Estimates/Trends/SPGlobal_GrupoBimbo,S.A.B.deC.V._Trends_06-Oct-2026.xlsx",Trends,242
2026-10-06,trends,COMPANY LEVEL (Mex$000),Company Level,ROE (%),,9 Months ago,FY 2027,FY,2027,,2027-12-31,12.58621,,,12.58621,%,MXN,"filings/capitaliq/Estimates/Trends/SPGlobal_GrupoBimbo,S.A.B.deC.V._Trends_06-Oct-2026.xlsx",Trends,242
2026-10-06,trends,COMPANY LEVEL (Mex$000),Company Level,ROE (%),,12 Months ago,FY 2026,FY,2026,,2026-12-31,11.94201,,,11.94201,%,MXN,"filings/capitaliq/Estimates/Trends/SPGlobal_GrupoBimbo,S.A.B.deC.V._Trends_06-Oct-2026.xlsx",Trends,243
2026-10-06,trends,COMPANY LEVEL (Mex$000),Company Level,ROE (%),,12 Months ago,FY 2027,FY,2027,,2027-12-31,12.47861,,,12.47861,%,MXN,"filings/capitaliq/Estimates/Trends/SPGlobal_GrupoBimbo,S.A.B.deC.V._Trends_06-Oct-2026.xlsx",Trends,243
2026-10-06,trends,COMPANY LEVEL (Mex$000),Company Level,ROE (%),,18 Months ago,FY 2026,FY,2026,,2026-12-31,13.88348,,,13.88348,%,MXN,"filings/capitaliq/Estimates/Trends/SPGlobal_GrupoBimbo,S.A.B.deC.V._Trends_06-Oct-2026.xlsx",Trends,244
2026-10-06,trends,COMPANY LEVEL (Mex$000),Company Level,ROE (%),,18 Months ago,FY 2027,FY,2027,,2027-12-31,12.18189,,,12.18189,%,MXN,"filings/capitaliq/Estimates/Trends/SPGlobal_GrupoBimbo,S.A.B.deC.V._Trends_06-Oct-2026.xlsx",Trends,244
2026-10-06,trends,COMPANY LEVEL (Mex$000),Company Level,ROA (%),,Current,FY 2026,FY,2026,,2026-12-31,3.119,,,3.119,%,MXN,"filings/capitaliq/Estimates/Trends/SPGlobal_GrupoBimbo,S.A.B.deC.V._Trends_06-Oct-2026.xlsx",Trends,246
2026-10-06,trends,COMPANY LEVEL (Mex$000),Company Level,ROA (%),,Current,FY 2027,FY,2027,,2027-12-31,3.354,,,3.354,%,MXN,"filings/capitaliq/Estimates/Trends/SPGlobal_GrupoBimbo,S.A.B.deC.V._Trends_06-Oct-2026.xlsx",Trends,246
2026-10-06,trends,COMPANY LEVEL (Mex$000),Company Level,ROA (%),,Current,FY 2028,FY,2028,,2028-12-31,3.868,,,3.868,%,MXN,"filings/capitaliq/Estimates/Trends/SPGlobal_GrupoBimbo,S.A.B.deC.V._Trends_06-Oct-2026.xlsx",Trends,246
2026-10-06,trends,COMPANY LEVEL (Mex$000),Company Level,ROA (%),,1 Month ago,FY 2026,FY,2026,,2026-12-31,3.119,,,3.119,%,MXN,"filings/capitaliq/Estimates/Trends/SPGlobal_GrupoBimbo,S.A.B.deC.V._Trends_06-Oct-2026.xlsx",Trends,247
2026-10-06,trends,COMPANY LEVEL (Mex$000),Company Level,ROA (%),,1 Month ago,FY 2027,FY,2027,,2027-12-31,3.354,,,3.354,%,MXN,"filings/capitaliq/Estimates/Trends/SPGlobal_GrupoBimbo,S.A.B.deC.V._Trends_06-Oct-2026.xlsx",Trends,247
2026-10-06,trends,COMPANY LEVEL (Mex$000),Company Level,ROA (%),,1 Month ago,FY 2028,FY,2028,,2028-12-31,3.868,,,3.868,%,MXN,"filings/capitaliq/Estimates/Trends/SPGlobal_GrupoBimbo,S.A.B.deC.V._Trends_06-Oct-2026.xlsx",Trends,247
2026-10-06,trends,COMPANY LEVEL (Mex$000),Company Level,ROA (%),,2 Months ago,FY 2026,FY,2026,,2026-12-31,3.119,,,3.119,%,MXN,"filings/capitaliq/Estimates/Trends/SPGlobal_GrupoBimbo,S.A.B.deC.V._Trends_06-Oct-2026.xlsx",Trends,248
2026-10-06,trends,COMPANY LEVEL (Mex$000),Company Level,ROA (%),,2 Months ago,FY 2027,FY,2027,,2027-12-31,3.354,,,3.354,%,MXN,"filings/capitaliq/Estimates/Trends/SPGlobal_GrupoBimbo,S.A.B.deC.V._Trends_06-Oct-2026.xlsx",Trends,248
2026-10-06,trends,COMPANY LEVEL (Mex$000),Company Level,ROA (%),,2 Months ago,FY 2028,FY,2028,,2028-12-31,3.868,,,3.868,%,MXN,"filings/capitaliq/Estimates/Trends/SPGlobal_GrupoBimbo,S.A.B.deC.V._Trends_06-Oct-2026.xlsx",Trends,248
2026-10-06,trends,COMPANY LEVEL (Mex$000),Company Level,ROA (%),,3 Months ago,FY 2026,FY,2026,,2026-12-31,3.074,,,3.074,%,MXN,"filings/capitaliq/Estimates/Trends/SPGlobal_GrupoBimbo,S.A.B.deC.V._Trends_06-Oct-2026.xlsx",Trends,249
2026-10-06,trends,COMPANY LEVEL (Mex$000),Company Level,ROA (%),,3 Months ago,FY 2027,FY,2027,,2027-12-31,3.147,,,3.147,%,MXN,"filings/capitaliq/Estimates/Trends/SPGlobal_GrupoBimbo,S.A.B.deC.V._Trends_06-Oct-2026.xlsx",Trends,249
2026-10-06,trends,COMPANY LEVEL (Mex$000),Company Level,ROA (%),,3 Months ago,FY 2028,FY,2028,,2028-12-31,3.463,,,3.463,%,MXN,"filings/capitaliq/Estimates/Trends/SPGlobal_GrupoBimbo,S.A.B.deC.V._Trends_06-Oct-2026.xlsx",Trends,249
2026-10-06,trends,COMPANY LEVEL (Mex$000),Company Level,ROA (%),,6 Months ago,FY 2026,FY,2026,,2026-12-31,3.36,,,3.36,%,MXN,"filings/capitaliq/Estimates/Trends/SPGlobal_GrupoBimbo,S.A.B.deC.V._Trends_06-Oct-2026.xlsx",Trends,250
2026-10-06,trends,COMPANY LEVEL (Mex$000),Company Level,ROA (%),,6 Months ago,FY 2027,FY,2027,,2027-12-31,3.726,,,3.726,%,MXN,"filings/capitaliq/Estimates/Trends/SPGlobal_GrupoBimbo,S.A.B.deC.V._Trends_06-Oct-2026.xlsx",Trends,250
2026-10-06,trends,COMPANY LEVEL (Mex$000),Company Level,ROA (%),,9 Months ago,FY 2026,FY,2026,,2026-12-31,3.36,,,3.36,%,MXN,"filings/capitaliq/Estimates/Trends/SPGlobal_GrupoBimbo,S.A.B.deC.V._Trends_06-Oct-2026.xlsx",Trends,251
2026-10-06,trends,COMPANY LEVEL (Mex$000),Company Level,ROA (%),,9 Months ago,FY 2027,FY,2027,,2027-12-31,3.726,,,3.726,%,MXN,"filings/capitaliq/Estimates/Trends/SPGlobal_GrupoBimbo,S.A.B.deC.V._Trends_06-Oct-2026.xlsx",Trends,251
2026-10-06,trends,COMPANY LEVEL (Mex$000),Company Level,ROA (%),,12 Months ago,FY 2026,FY,2026,,2026-12-31,3.39,,,3.39,%,MXN,"filings/capitaliq/Estimates/Trends/SPGlobal_GrupoBimbo,S.A.B.deC.V._Trends_06-Oct-2026.xlsx",Trends,252
2026-10-06,trends,COMPANY LEVEL (Mex$000),Company Level,ROA (%),,12 Months ago,FY 2027,FY,2027,,2027-12-31,4.055,,,4.055,%,MXN,"filings/capitaliq/Estimates/Trends/SPGlobal_GrupoBimbo,S.A.B.deC.V._Trends_06-Oct-2026.xlsx",Trends,252
2026-10-06,trends,COMPANY LEVEL (Mex$000),Company Level,ROA (%),,18 Months ago,FY 2026,FY,2026,,2026-12-31,3.588,,,3.588,%,MXN,"filings/capitaliq/Estimates/Trends/SPGlobal_GrupoBimbo,S.A.B.deC.V._Trends_06-Oct-2026.xlsx",Trends,253
2026-10-06,trends,COMPANY LEVEL (Mex$000),Company Level,ROA (%),,18 Months ago,FY 2027,FY,2027,,2027-12-31,4.309,,,4.309,%,MXN,"filings/capitaliq/Estimates/Trends/SPGlobal_GrupoBimbo,S.A.B.deC.V._Trends_06-Oct-2026.xlsx",Trends,253
2026-10-06,trends_sentiment,BMV:BIMBO A,Sentiment Analysis,Recommendation,,CURRENT,Non-Periodic,,,,,2.58,,Hold,Hold (2.58),score 1=Buy..5=Sell,MXN,"filings/capitaliq/Estimates/Trends/SPGlobal_GrupoBimbo,S.A.B.deC.V._Trends_06-Oct-2026.xlsx",Trends,257
2026-10-06,trends_sentiment,BMV:BIMBO A,Sentiment Analysis,Recommendation,,1 MONTH AGO,Non-Periodic,,,,,2.58,,Hold,Hold (2.58),score 1=Buy..5=Sell,MXN,"filings/capitaliq/Estimates/Trends/SPGlobal_GrupoBimbo,S.A.B.deC.V._Trends_06-Oct-2026.xlsx",Trends,257
2026-10-06,trends_sentiment,BMV:BIMBO A,Sentiment Analysis,Recommendation,,2 MONTHS AGO,Non-Periodic,,,,,2.58,,Hold,Hold (2.58),score 1=Buy..5=Sell,MXN,"filings/capitaliq/Estimates/Trends/SPGlobal_GrupoBimbo,S.A.B.deC.V._Trends_06-Oct-2026.xlsx",Trends,257
2026-10-06,trends_sentiment,BMV:BIMBO A,Sentiment Analysis,Recommendation,,3 MONTHS AGO,Non-Periodic,,,,,2.67,,Hold,Hold (2.67),score 1=Buy..5=Sell,MXN,"filings/capitaliq/Estimates/Trends/SPGlobal_GrupoBimbo,S.A.B.deC.V._Trends_06-Oct-2026.xlsx",Trends,257
2026-10-06,trends_sentiment,BMV:BIMBO A,Sentiment Analysis,Recommendation,,6 MONTHS AGO,Non-Periodic,,,,,2.75,,Hold,Hold (2.75),score 1=Buy..5=Sell,MXN,"filings/capitaliq/Estimates/Trends/SPGlobal_GrupoBimbo,S.A.B.deC.V._Trends_06-Oct-2026.xlsx",Trends,257
2026-10-06,trends_sentiment,BMV:BIMBO A,Sentiment Analysis,Recommendation,,9 MONTHS AGO,Non-Periodic,,,,,2.92,,Hold,Hold (2.92),score 1=Buy..5=Sell,MXN,"filings/capitaliq/Estimates/Trends/SPGlobal_GrupoBimbo,S.A.B.deC.V._Trends_06-Oct-2026.xlsx",Trends,257
2026-10-06,trends_sentiment,BMV:BIMBO A,Sentiment Analysis,Recommendation,,12 MONTHS AGO,Non-Periodic,,,,,2.92,,Hold,Hold (2.92),score 1=Buy..5=Sell,MXN,"filings/capitaliq/Estimates/Trends/SPGlobal_GrupoBimbo,S.A.B.deC.V._Trends_06-Oct-2026.xlsx",Trends,257
2026-10-06,trends_sentiment,BMV:BIMBO A,Sentiment Analysis,Recommendation,,18 MONTHS AGO,Non-Periodic,,,,,2.82,,Hold,Hold (2.82),score 1=Buy..5=Sell,MXN,"filings/capitaliq/Estimates/Trends/SPGlobal_GrupoBimbo,S.A.B.deC.V._Trends_06-Oct-2026.xlsx",Trends,257
2026-10-06,trends_sentiment,BMV:BIMBO A,Sentiment Analysis,Ind Recommendation,,CURRENT,Non-Periodic,,,,,3.0,,Hold,Hold (3.00),score 1=Buy..5=Sell,MXN,"filings/capitaliq/Estimates/Trends/SPGlobal_GrupoBimbo,S.A.B.deC.V._Trends_06-Oct-2026.xlsx",Trends,258
2026-10-06,trends_sentiment,BMV:BIMBO A,Sentiment Analysis,Ind Recommendation,,1 MONTH AGO,Non-Periodic,,,,,3.0,,Hold,Hold (3.00),score 1=Buy..5=Sell,MXN,"filings/capitaliq/Estimates/Trends/SPGlobal_GrupoBimbo,S.A.B.deC.V._Trends_06-Oct-2026.xlsx",Trends,258
2026-10-06,trends_sentiment,BMV:BIMBO A,Sentiment Analysis,Ind Recommendation,,2 MONTHS AGO,Non-Periodic,,,,,3.0,,Hold,Hold (3.00),score 1=Buy..5=Sell,MXN,"filings/capitaliq/Estimates/Trends/SPGlobal_GrupoBimbo,S.A.B.deC.V._Trends_06-Oct-2026.xlsx",Trends,258
2026-10-06,trends_sentiment,BMV:BIMBO A,Sentiment Analysis,Ind Recommendation,,3 MONTHS AGO,Non-Periodic,,,,,3.0,,Hold,Hold (3.00),score 1=Buy..5=Sell,MXN,"filings/capitaliq/Estimates/Trends/SPGlobal_GrupoBimbo,S.A.B.deC.V._Trends_06-Oct-2026.xlsx",Trends,258
2026-10-06,trends_sentiment,BMV:BIMBO A,Sentiment Analysis,Ind Recommendation,,6 MONTHS AGO,Non-Periodic,,,,,3.0,,Hold,Hold (3.00),score 1=Buy..5=Sell,MXN,"filings/capitaliq/Estimates/Trends/SPGlobal_GrupoBimbo,S.A.B.deC.V._Trends_06-Oct-2026.xlsx",Trends,258
2026-10-06,trends_sentiment,BMV:BIMBO A,Sentiment Analysis,Ind Recommendation,,9 MONTHS AGO,Non-Periodic,,,,,3.0,,Hold,Hold (3.00),score 1=Buy..5=Sell,MXN,"filings/capitaliq/Estimates/Trends/SPGlobal_GrupoBimbo,S.A.B.deC.V._Trends_06-Oct-2026.xlsx",Trends,258
2026-10-06,trends_sentiment,BMV:BIMBO A,Sentiment Analysis,Ind Recommendation,,12 MONTHS AGO,Non-Periodic,,,,,3.0,,Hold,Hold (3.00),score 1=Buy..5=Sell,MXN,"filings/capitaliq/Estimates/Trends/SPGlobal_GrupoBimbo,S.A.B.deC.V._Trends_06-Oct-2026.xlsx",Trends,258
2026-10-06,trends_sentiment,BMV:BIMBO A,Sentiment Analysis,Ind Recommendation,,18 MONTHS AGO,Non-Periodic,,,,,3.0,,Hold,Hold (3.00),score 1=Buy..5=Sell,MXN,"filings/capitaliq/Estimates/Trends/SPGlobal_GrupoBimbo,S.A.B.deC.V._Trends_06-Oct-2026.xlsx",Trends,258
2026-10-06,trends_sentiment,BMV:BIMBO A,Sentiment Analysis,Price Volatility,,CURRENT,Non-Periodic,,,,,3.0,,Average,Average (3.00),score,MXN,"filings/capitaliq/Estimates/Trends/SPGlobal_GrupoBimbo,S.A.B.deC.V._Trends_06-Oct-2026.xlsx",Trends,259
2026-10-06,trends_sentiment,BMV:BIMBO A,Sentiment Analysis,Price Volatility,,1 MONTH AGO,Non-Periodic,,,,,3.0,,Average,Average (3.00),score,MXN,"filings/capitaliq/Estimates/Trends/SPGlobal_GrupoBimbo,S.A.B.deC.V._Trends_06-Oct-2026.xlsx",Trends,259
2026-10-06,trends_sentiment,BMV:BIMBO A,Sentiment Analysis,Price Volatility,,2 MONTHS AGO,Non-Periodic,,,,,3.0,,Average,Average (3.00),score,MXN,"filings/capitaliq/Estimates/Trends/SPGlobal_GrupoBimbo,S.A.B.deC.V._Trends_06-Oct-2026.xlsx",Trends,259
2026-10-06,trends_sentiment,BMV:BIMBO A,Sentiment Analysis,Price Volatility,,3 MONTHS AGO,Non-Periodic,,,,,3.0,,Average,Average (3.00),score,MXN,"filings/capitaliq/Estimates/Trends/SPGlobal_GrupoBimbo,S.A.B.deC.V._Trends_06-Oct-2026.xlsx",Trends,259
2026-10-06,trends_sentiment,BMV:BIMBO A,Sentiment Analysis,Price Volatility,,6 MONTHS AGO,Non-Periodic,,,,,3.0,,Average,Average (3.00),score,MXN,"filings/capitaliq/Estimates/Trends/SPGlobal_GrupoBimbo,S.A.B.deC.V._Trends_06-Oct-2026.xlsx",Trends,259
2026-10-06,trends_sentiment,BMV:BIMBO A,Sentiment Analysis,Price Volatility,,9 MONTHS AGO,Non-Periodic,,,,,3.0,,Average,Average (3.00),score,MXN,"filings/capitaliq/Estimates/Trends/SPGlobal_GrupoBimbo,S.A.B.deC.V._Trends_06-Oct-2026.xlsx",Trends,259
2026-10-06,trends_sentiment,BMV:BIMBO A,Sentiment Analysis,Price Volatility,,12 MONTHS AGO,Non-Periodic,,,,,1.0,,Low,Low (1.00),score,MXN,"filings/capitaliq/Estimates/Trends/SPGlobal_GrupoBimbo,S.A.B.deC.V._Trends_06-Oct-2026.xlsx",Trends,259
2026-10-06,trends_sentiment,BMV:BIMBO A,Sentiment Analysis,Price Volatility,,18 MONTHS AGO,Non-Periodic,,,,,1.0,,Low,Low (1.00),score,MXN,"filings/capitaliq/Estimates/Trends/SPGlobal_GrupoBimbo,S.A.B.deC.V._Trends_06-Oct-2026.xlsx",Trends,259
2026-10-06,trends_sentiment,BMV:BIMBO A,Sentiment Analysis,LT Growth (%),,CURRENT,Non-Periodic,,,,,13.63,,,13.63 %,%,MXN,"filings/capitaliq/Estimates/Trends/SPGlobal_GrupoBimbo,S.A.B.deC.V._Trends_06-Oct-2026.xlsx",Trends,260
2026-10-06,trends_sentiment,BMV:BIMBO A,Sentiment Analysis,LT Growth (%),,1 MONTH AGO,Non-Periodic,,,,,13.63,,,13.63 %,%,MXN,"filings/capitaliq/Estimates/Trends/SPGlobal_GrupoBimbo,S.A.B.deC.V._Trends_06-Oct-2026.xlsx",Trends,260
2026-10-06,trends_sentiment,BMV:BIMBO A,Sentiment Analysis,LT Growth (%),,2 MONTHS AGO,Non-Periodic,,,,,13.19,,,13.19 %,%,MXN,"filings/capitaliq/Estimates/Trends/SPGlobal_GrupoBimbo,S.A.B.deC.V._Trends_06-Oct-2026.xlsx",Trends,260
2026-10-06,trends_sentiment,BMV:BIMBO A,Sentiment Analysis,LT Growth (%),,3 MONTHS AGO,Non-Periodic,,,,,14.47,,,14.47 %,%,MXN,"filings/capitaliq/Estimates/Trends/SPGlobal_GrupoBimbo,S.A.B.deC.V._Trends_06-Oct-2026.xlsx",Trends,260
2026-10-06,trends_sentiment,BMV:BIMBO A,Sentiment Analysis,LT Growth (%),,6 MONTHS AGO,Non-Periodic,,,,,12.62,,,12.62 %,%,MXN,"filings/capitaliq/Estimates/Trends/SPGlobal_GrupoBimbo,S.A.B.deC.V._Trends_06-Oct-2026.xlsx",Trends,260
2026-10-06,trends_sentiment,BMV:BIMBO A,Sentiment Analysis,LT Growth (%),,9 MONTHS AGO,Non-Periodic,,,,,10.21,,,10.21 %,%,MXN,"filings/capitaliq/Estimates/Trends/SPGlobal_GrupoBimbo,S.A.B.deC.V._Trends_06-Oct-2026.xlsx",Trends,260
2026-10-06,trends_sentiment,BMV:BIMBO A,Sentiment Analysis,LT Growth (%),,12 MONTHS AGO,Non-Periodic,,,,,11.27,,,11.27 %,%,MXN,"filings/capitaliq/Estimates/Trends/SPGlobal_GrupoBimbo,S.A.B.deC.V._Trends_06-Oct-2026.xlsx",Trends,260
2026-10-06,trends_sentiment,BMV:BIMBO A,Sentiment Analysis,LT Growth (%),,18 MONTHS AGO,Non-Periodic,,,,,6.32,,,6.32 %,%,MXN,"filings/capitaliq/Estimates/Trends/SPGlobal_GrupoBimbo,S.A.B.deC.V._Trends_06-Oct-2026.xlsx",Trends,260
2026-10-06,trends_sentiment,BMV:BIMBO A,Sentiment Analysis,Target Price (Mex$),,CURRENT,Non-Periodic,,,,,70.17,,,70.17,Mex$,MXN,"filings/capitaliq/Estimates/Trends/SPGlobal_GrupoBimbo,S.A.B.deC.V._Trends_06-Oct-2026.xlsx",Trends,261
2026-10-06,trends_sentiment,BMV:BIMBO A,Sentiment Analysis,Target Price (Mex$),,1 MONTH AGO,Non-Periodic,,,,,70.17,,,70.17,Mex$,MXN,"filings/capitaliq/Estimates/Trends/SPGlobal_GrupoBimbo,S.A.B.deC.V._Trends_06-Oct-2026.xlsx",Trends,261
2026-10-06,trends_sentiment,BMV:BIMBO A,Sentiment Analysis,Target Price (Mex$),,2 MONTHS AGO,Non-Periodic,,,,,70.13,,,70.13,Mex$,MXN,"filings/capitaliq/Estimates/Trends/SPGlobal_GrupoBimbo,S.A.B.deC.V._Trends_06-Oct-2026.xlsx",Trends,261
2026-10-06,trends_sentiment,BMV:BIMBO A,Sentiment Analysis,Target Price (Mex$),,3 MONTHS AGO,Non-Periodic,,,,,69.38,,,69.38,Mex$,MXN,"filings/capitaliq/Estimates/Trends/SPGlobal_GrupoBimbo,S.A.B.deC.V._Trends_06-Oct-2026.xlsx",Trends,261
2026-10-06,trends_sentiment,BMV:BIMBO A,Sentiment Analysis,Target Price (Mex$),,6 MONTHS AGO,Non-Periodic,,,,,69.42,,,69.42,Mex$,MXN,"filings/capitaliq/Estimates/Trends/SPGlobal_GrupoBimbo,S.A.B.deC.V._Trends_06-Oct-2026.xlsx",Trends,261
2026-10-06,trends_sentiment,BMV:BIMBO A,Sentiment Analysis,Target Price (Mex$),,9 MONTHS AGO,Non-Periodic,,,,,68.58,,,68.58,Mex$,MXN,"filings/capitaliq/Estimates/Trends/SPGlobal_GrupoBimbo,S.A.B.deC.V._Trends_06-Oct-2026.xlsx",Trends,261
2026-10-06,trends_sentiment,BMV:BIMBO A,Sentiment Analysis,Target Price (Mex$),,12 MONTHS AGO,Non-Periodic,,,,,65.42,,,65.42,Mex$,MXN,"filings/capitaliq/Estimates/Trends/SPGlobal_GrupoBimbo,S.A.B.deC.V._Trends_06-Oct-2026.xlsx",Trends,261
2026-10-06,trends_sentiment,BMV:BIMBO A,Sentiment Analysis,Target Price (Mex$),,18 MONTHS AGO,Non-Periodic,,,,,69.36,,,69.36,Mex$,MXN,"filings/capitaliq/Estimates/Trends/SPGlobal_GrupoBimbo,S.A.B.deC.V._Trends_06-Oct-2026.xlsx",Trends,261
